{"type":"FeatureCollection","features":[{"type":"Feature","geometry":{"type":"Polygon","coordinates":[[[-109.77896,35.06506],[-109.77767,35.06668],[-109.77877,35.06838],[-109.78115,35.06846],[-109.78244,35.06684],[-109.78135,35.06514],[-109.77896,35.06506]]]},"properties":{"cell":"8948c8199b7ffff","res":9,"coarsened":false,"count":1023,"hv":1023,"mp":0,"y0":2007,"y1":2026,"sp":[[8,45,45,0,2007,2023],[40,43,43,0,2012,2026],[33,30,30,0,2015,2025],[2,29,29,0,2009,2025],[39,29,29,0,2012,2025],[14,27,27,0,2011,2025],[18,27,27,0,2011,2025],[16,26,26,0,2014,2026],[72,26,26,0,2012,2025],[75,25,25,0,2012,2025],[30,23,23,0,2015,2023],[35,22,22,0,2010,2025],[34,21,21,0,2015,2025],[17,19,19,0,2014,2023],[46,19,19,0,2015,2026],[87,19,19,0,2016,2026],[53,18,18,0,2012,2026],[73,17,17,0,2016,2024],[124,17,17,0,2017,2020],[129,16,16,0,2017,2024],[7,15,15,0,2010,2025],[96,15,15,0,2016,2020],[29,14,14,0,2015,2024],[37,14,14,0,2015,2021],[91,14,14,0,2016,2022],[57,13,13,0,2016,2022],[71,13,13,0,2016,2024],[42,12,12,0,2015,2024],[54,12,12,0,2016,2025],[76,12,12,0,2012,2025],[132,12,12,0,2017,2024],[3,11,11,0,2009,2022],[59,11,11,0,2016,2018],[171,11,11,0,2018,2018],[6,9,9,0,2015,2020],[70,9,9,0,2016,2021],[95,9,9,0,2016,2023],[49,9,9,0,2012,2025],[142,9,9,0,2017,2023],[51,8,8,0,2016,2021],[66,8,8,0,2016,2025],[108,8,8,0,2017,2018],[20,8,8,0,2015,2025],[86,8,8,0,2018,2020],[90,7,7,0,2016,2021],[130,7,7,0,2017,2018],[133,7,7,0,2017,2018],[0,6,6,0,2008,2024],[32,6,6,0,2015,2019],[64,6,6,0,2016,2024],[56,6,6,0,2017,2024],[94,6,6,0,2017,2018],[118,6,6,0,2017,2018],[136,6,6,0,2017,2020],[140,6,6,0,2017,2018],[23,6,6,0,2017,2020],[89,6,6,0,2018,2025],[182,6,6,0,2018,2026],[21,6,6,0,2018,2019],[65,5,5,0,2016,2021],[99,5,5,0,2016,2018],[107,5,5,0,2017,2022],[93,5,5,0,2017,2023],[85,5,5,0,2017,2018],[41,4,4,0,2015,2023],[60,4,4,0,2016,2023],[61,4,4,0,2016,2024],[98,4,4,0,2016,2023],[150,4,4,0,2017,2018],[161,4,4,0,2018,2023],[27,4,4,0,2007,2024],[187,4,4,0,2018,2020],[1,3,3,0,2008,2018],[26,3,3,0,2015,2026],[45,3,3,0,2015,2018],[74,3,3,0,2007,2017],[77,3,3,0,2016,2021],[88,3,3,0,2016,2018],[110,3,3,0,2017,2018],[24,3,3,0,2017,2020],[123,3,3,0,2017,2018],[154,3,3,0,2018,2018],[169,3,3,0,2018,2022],[178,3,3,0,2018,2018],[4,2,2,0,2011,2017],[13,2,2,0,2014,2024],[36,2,2,0,2015,2017],[67,2,2,0,2016,2017],[82,2,2,0,2016,2018],[55,2,2,0,2016,2025],[22,2,2,0,2016,2022],[69,2,2,0,2017,2018],[141,2,2,0,2017,2018],[152,2,2,0,2017,2017],[147,2,2,0,2017,2018],[156,2,2,0,2018,2018],[164,2,2,0,2018,2018],[165,2,2,0,2018,2018],[162,2,2,0,2018,2018],[44,2,2,0,2008,2019],[198,2,2,0,2022,2022],[28,2,2,0,2022,2022],[203,2,2,0,2023,2023],[200,2,2,0,2023,2023],[52,1,1,0,2016,2016],[10,1,1,0,2016,2016],[97,1,1,0,2016,2016],[103,1,1,0,2017,2017],[84,1,1,0,2017,2017],[120,1,1,0,2017,2017],[127,1,1,0,2017,2017],[131,1,1,0,2017,2017],[135,1,1,0,2017,2017],[139,1,1,0,2017,2017],[143,1,1,0,2017,2017],[145,1,1,0,2017,2017],[151,1,1,0,2017,2017],[47,1,1,0,2018,2018],[160,1,1,0,2018,2018],[163,1,1,0,2018,2018],[50,1,1,0,2018,2018],[166,1,1,0,2018,2018],[167,1,1,0,2018,2018],[172,1,1,0,2018,2018],[177,1,1,0,2018,2018],[115,1,1,0,2018,2018],[183,1,1,0,2018,2018],[184,1,1,0,2018,2018],[48,1,1,0,2018,2018],[189,1,1,0,2018,2018],[9,1,1,0,2020,2020],[193,1,1,0,2021,2021],[126,1,1,0,2021,2021],[196,1,1,0,2007,2007],[201,1,1,0,2022,2022],[202,1,1,0,2022,2022],[19,1,1,0,2024,2024],[209,1,1,0,2025,2025],[214,1,1,0,2026,2026]]}},{"type":"Feature","geometry":{"type":"Polygon","coordinates":[[[-109.86148,34.81275],[-109.86019,34.81437],[-109.86129,34.81608],[-109.86367,34.81616],[-109.86495,34.81453],[-109.86386,34.81282],[-109.86148,34.81275]]]},"properties":{"cell":"8948c8c6c2fffff","res":9,"coarsened":false,"count":19,"hv":19,"mp":0,"y0":2010,"y1":2026,"sp":[[7,6,6,0,2021,2026],[8,2,2,0,2020,2022],[5,1,1,0,2010,2010],[0,1,1,0,2016,2016],[91,1,1,0,2018,2018],[2,1,1,0,2019,2019],[124,1,1,0,2020,2020],[35,1,1,0,2021,2021],[100,1,1,0,2022,2022],[19,1,1,0,2023,2023],[44,1,1,0,2025,2025],[96,1,1,0,2025,2025],[215,1,1,0,2026,2026]]}},{"type":"Feature","geometry":{"type":"Polygon","coordinates":[[[-109.78264,35.06351],[-109.78135,35.06514],[-109.78244,35.06684],[-109.78483,35.06692],[-109.78612,35.0653],[-109.78502,35.0636],[-109.78264,35.06351]]]},"properties":{"cell":"8948c818a7bffff","res":9,"coarsened":false,"count":238,"hv":238,"mp":0,"y0":1999,"y1":2026,"sp":[[7,49,49,0,1999,2026],[33,15,15,0,2018,2026],[23,10,10,0,2016,2025],[40,9,9,0,2016,2021],[30,8,8,0,2016,2021],[55,8,8,0,2017,2024],[8,7,7,0,2010,2018],[18,7,7,0,2016,2023],[37,7,7,0,2017,2023],[35,7,7,0,2016,2024],[2,6,6,0,2015,2024],[54,4,4,0,2016,2024],[98,4,4,0,2016,2021],[49,4,4,0,2016,2022],[65,4,4,0,2017,2025],[129,4,4,0,2017,2018],[108,4,4,0,2018,2025],[27,4,4,0,2003,2017],[89,4,4,0,2022,2022],[200,4,4,0,2022,2023],[74,3,3,0,2016,2018],[75,3,3,0,2016,2021],[3,3,3,0,2016,2024],[91,3,3,0,2017,2024],[53,3,3,0,2018,2019],[39,3,3,0,2018,2018],[14,3,3,0,2019,2025],[171,3,3,0,2019,2019],[6,2,2,0,2008,2018],[22,2,2,0,2014,2014],[85,2,2,0,2016,2018],[73,2,2,0,2017,2018],[162,2,2,0,2018,2018],[46,2,2,0,2018,2021],[72,2,2,0,2019,2021],[17,2,2,0,2019,2024],[19,2,2,0,2026,2026],[90,1,1,0,2016,2016],[16,1,1,0,2016,2016],[64,1,1,0,2017,2017],[26,1,1,0,2017,2017],[56,1,1,0,2017,2017],[15,1,1,0,2018,2018],[93,1,1,0,2018,2018],[161,1,1,0,2018,2018],[181,1,1,0,2018,2018],[182,1,1,0,2018,2018],[188,1,1,0,2017,2017],[190,1,1,0,2019,2019],[1,1,1,0,2014,2014],[133,1,1,0,2019,2019],[13,1,1,0,2016,2016],[136,1,1,0,2020,2020],[86,1,1,0,2020,2020],[87,1,1,0,2022,2022],[24,1,1,0,2022,2022],[61,1,1,0,2022,2022],[47,1,1,0,2022,2022],[142,1,1,0,2023,2023],[76,1,1,0,2024,2024],[192,1,1,0,2025,2025],[60,1,1,0,2008,2008],[183,1,1,0,2026,2026],[124,1,1,0,2026,2026]]}},{"type":"Feature","geometry":{"type":"Polygon","coordinates":[[[-109.84044,35.05546],[-109.83916,35.05708],[-109.84025,35.05878],[-109.84264,35.05886],[-109.84392,35.05724],[-109.84283,35.05554],[-109.84044,35.05546]]]},"properties":{"cell":"8948c818913ffff","res":9,"coarsened":false,"count":1,"hv":1,"mp":0,"y0":2008,"y1":2008,"sp":[[7,1,1,0,2008,2008]]}},{"type":"Feature","geometry":{"type":"Polygon","coordinates":[[[-109.78187,35.07682],[-109.78058,35.07844],[-109.78167,35.08014],[-109.78406,35.08022],[-109.78535,35.0786],[-109.78425,35.0769],[-109.78187,35.07682]]]},"properties":{"cell":"8948c80a4cfffff","res":9,"coarsened":false,"count":31,"hv":31,"mp":0,"y0":2011,"y1":2026,"sp":[[23,10,10,0,2016,2025],[7,6,6,0,2021,2026],[98,2,2,0,2016,2017],[16,2,2,0,2018,2020],[5,1,1,0,2011,2011],[8,1,1,0,2017,2017],[76,1,1,0,2018,2018],[56,1,1,0,2018,2018],[178,1,1,0,2018,2018],[177,1,1,0,2018,2018],[3,1,1,0,2021,2021],[87,1,1,0,2022,2022],[203,1,1,0,2023,2023],[86,1,1,0,2024,2024],[65,1,1,0,2025,2025]]}},{"type":"Feature","geometry":{"type":"Polygon","coordinates":[[[-109.80596,34.90763],[-109.80467,34.90925],[-109.80577,34.91096],[-109.80815,34.91104],[-109.80944,34.90941],[-109.80834,34.90771],[-109.80596,34.90763]]]},"properties":{"cell":"8948c81a497ffff","res":9,"coarsened":false,"count":6,"hv":6,"mp":0,"y0":2006,"y1":2018,"sp":[[7,2,2,0,2011,2013],[23,2,2,0,2018,2018],[27,1,1,0,2006,2006],[8,1,1,0,2018,2018]]}},{"type":"Feature","geometry":{"type":"Polygon","coordinates":[[[-109.79069,34.86208],[-109.78941,34.86371],[-109.7905,34.86541],[-109.79288,34.86549],[-109.79417,34.86387],[-109.79307,34.86216],[-109.79069,34.86208]]]},"properties":{"cell":"8948c8c4edbffff","res":9,"coarsened":false,"count":52,"hv":52,"mp":0,"y0":2009,"y1":2026,"sp":[[7,32,32,0,2009,2026],[19,7,7,0,2016,2026],[55,6,6,0,2022,2025],[13,1,1,0,2017,2017],[16,1,1,0,2017,2017],[126,1,1,0,2018,2018],[48,1,1,0,2020,2020],[27,1,1,0,2024,2024],[100,1,1,0,2025,2025],[43,1,1,0,2024,2024]]}},{"type":"Feature","geometry":{"type":"Polygon","coordinates":[[[-109.78535,35.0786],[-109.78406,35.08022],[-109.78515,35.08192],[-109.78754,35.082],[-109.78883,35.08038],[-109.78773,35.07868],[-109.78535,35.0786]]]},"properties":{"cell":"8948c80a41bffff","res":9,"coarsened":false,"count":28,"hv":28,"mp":0,"y0":2014,"y1":2026,"sp":[[23,4,4,0,2014,2026],[3,4,4,0,2017,2021],[35,3,3,0,2019,2019],[8,2,2,0,2014,2023],[5,2,2,0,2018,2018],[55,2,2,0,2019,2025],[18,1,1,0,2017,2017],[56,1,1,0,2017,2017],[96,1,1,0,2018,2018],[42,1,1,0,2019,2019],[24,1,1,0,2019,2019],[65,1,1,0,2021,2021],[68,1,1,0,2021,2021],[133,1,1,0,2021,2021],[142,1,1,0,2023,2023],[7,1,1,0,2023,2023],[16,1,1,0,2023,2023]]}},{"type":"Feature","geometry":{"type":"Polygon","coordinates":[[[-109.78515,35.08192],[-109.78387,35.08355],[-109.78496,35.08525],[-109.78735,35.08533],[-109.78864,35.08371],[-109.78754,35.082],[-109.78515,35.08192]]]},"properties":{"cell":"8948c80a40bffff","res":9,"coarsened":false,"count":23,"hv":23,"mp":0,"y0":2014,"y1":2026,"sp":[[7,4,4,0,2016,2026],[56,3,3,0,2017,2024],[2,2,2,0,2022,2026],[65,2,2,0,2025,2026],[9,1,1,0,2014,2014],[35,1,1,0,2016,2016],[23,1,1,0,2016,2016],[68,1,1,0,2017,2017],[3,1,1,0,2017,2017],[5,1,1,0,2019,2019],[162,1,1,0,2021,2021],[18,1,1,0,2022,2022],[55,1,1,0,2022,2022],[16,1,1,0,2024,2024],[8,1,1,0,2024,2024],[0,1,1,0,2025,2025]]}},{"type":"Feature","geometry":{"type":"Polygon","coordinates":[[[-109.80711,34.88766],[-109.80582,34.88928],[-109.80692,34.89098],[-109.8093,34.89106],[-109.81059,34.88944],[-109.80949,34.88774],[-109.80711,34.88766]]]},"properties":{"cell":"8948c8c4a87ffff","res":9,"coarsened":false,"count":56,"hv":56,"mp":0,"y0":2014,"y1":2026,"sp":[[7,48,48,0,2014,2026],[55,3,3,0,2021,2025],[19,3,3,0,2024,2025],[8,2,2,0,2022,2023]]}},{"type":"Feature","geometry":{"type":"Polygon","coordinates":[[[-109.7975,34.99237],[-109.79621,34.99399],[-109.79731,34.99569],[-109.79969,34.99577],[-109.80098,34.99415],[-109.79988,34.99245],[-109.7975,34.99237]]]},"properties":{"cell":"8948c81853bffff","res":9,"coarsened":false,"count":4,"hv":4,"mp":0,"y0":2014,"y1":2020,"sp":[[10,1,1,0,2014,2014],[101,1,1,0,2019,2019],[27,1,1,0,2017,2017],[49,1,1,0,2020,2020]]}},{"type":"Feature","geometry":{"type":"Polygon","coordinates":[[[-109.64322,35.05706],[-109.64193,35.05868],[-109.64303,35.06038],[-109.64541,35.06047],[-109.6467,35.05884],[-109.64561,35.05714],[-109.64322,35.05706]]]},"properties":{"cell":"8948c856e3bffff","res":9,"coarsened":false,"count":2,"hv":2,"mp":0,"y0":2014,"y1":2014,"sp":[[11,1,1,0,2014,2014],[12,1,1,0,2014,2014]]}},{"type":"Feature","geometry":{"type":"Polygon","coordinates":[[[-109.79966,35.07908],[-109.79837,35.0807],[-109.79947,35.08241],[-109.80185,35.08249],[-109.80314,35.08086],[-109.80204,35.07916],[-109.79966,35.07908]]]},"properties":{"cell":"8948c80a4a3ffff","res":9,"coarsened":false,"count":45,"hv":45,"mp":0,"y0":2014,"y1":2025,"sp":[[7,30,30,0,2014,2025],[23,7,7,0,2018,2025],[8,2,2,0,2016,2024],[28,2,2,0,2020,2021],[130,1,1,0,2021,2021],[0,1,1,0,2021,2021],[48,1,1,0,2023,2023],[3,1,1,0,2024,2024]]}},{"type":"Feature","geometry":{"type":"Polygon","coordinates":[[[-109.71693,34.96128],[-109.71564,34.96291],[-109.71673,34.96461],[-109.71912,34.96469],[-109.7204,34.96307],[-109.71931,34.96137],[-109.71693,34.96128]]]},"properties":{"cell":"8948c81b06fffff","res":9,"coarsened":false,"count":1,"hv":1,"mp":0,"y0":2014,"y1":2014,"sp":[[15,1,1,0,2014,2014]]}},{"type":"Feature","geometry":{"type":"Polygon","coordinates":[[[-109.79498,34.97395],[-109.79369,34.97557],[-109.79479,34.97727],[-109.79717,34.97735],[-109.79846,34.97573],[-109.79736,34.97403],[-109.79498,34.97395]]]},"properties":{"cell":"8948c81a367ffff","res":9,"coarsened":false,"count":47,"hv":47,"mp":0,"y0":2010,"y1":2025,"sp":[[5,5,5,0,2018,2025],[7,5,5,0,2010,2022],[55,4,4,0,2017,2024],[56,3,3,0,2024,2025],[48,2,2,0,2017,2017],[27,2,2,0,2018,2024],[129,2,2,0,2018,2018],[96,2,2,0,2018,2018],[91,2,2,0,2011,2018],[122,2,2,0,2019,2021],[8,2,2,0,2024,2025],[19,1,1,0,2014,2014],[44,1,1,0,2015,2015],[16,1,1,0,2017,2017],[28,1,1,0,2017,2017],[101,1,1,0,2017,2017],[97,1,1,0,2017,2017],[40,1,1,0,2018,2018],[153,1,1,0,2018,2018],[121,1,1,0,2018,2018],[170,1,1,0,2018,2018],[124,1,1,0,2018,2018],[94,1,1,0,2018,2018],[72,1,1,0,2019,2019],[33,1,1,0,2020,2020],[14,1,1,0,2020,2020],[135,1,1,0,2025,2025]]}},{"type":"Feature","geometry":{"type":"Polygon","coordinates":[[[-109.79088,34.85875],[-109.7896,34.86038],[-109.79069,34.86208],[-109.79307,34.86216],[-109.79436,34.86054],[-109.79326,34.85883],[-109.79088,34.85875]]]},"properties":{"cell":"8948c8c43a7ffff","res":9,"coarsened":false,"count":3,"hv":3,"mp":0,"y0":2014,"y1":2026,"sp":[[20,1,1,0,2014,2014],[13,1,1,0,2021,2021],[7,1,1,0,2026,2026]]}},{"type":"Feature","geometry":{"type":"Polygon","coordinates":[[[-109.86495,34.81453],[-109.86367,34.81616],[-109.86476,34.81786],[-109.86714,34.81794],[-109.86843,34.81631],[-109.86733,34.81461],[-109.86495,34.81453]]]},"properties":{"cell":"8948c8c6d5bffff","res":9,"coarsened":false,"count":97,"hv":97,"mp":0,"y0":2014,"y1":2026,"sp":[[7,28,28,0,2015,2026],[35,12,12,0,2016,2024],[55,11,11,0,2014,2026],[56,6,6,0,2016,2025],[8,5,5,0,2018,2025],[20,5,5,0,2018,2025],[65,5,5,0,2022,2024],[2,4,4,0,2017,2019],[19,4,4,0,2020,2024],[21,2,2,0,2014,2014],[96,2,2,0,2018,2023],[49,2,2,0,2020,2023],[18,1,1,0,2015,2015],[74,1,1,0,2015,2015],[37,1,1,0,2020,2020],[14,1,1,0,2021,2021],[46,1,1,0,2021,2021],[162,1,1,0,2020,2020],[129,1,1,0,2023,2023],[16,1,1,0,2023,2023],[50,1,1,0,2025,2025],[40,1,1,0,2025,2025],[208,1,1,0,2024,2024]]}},{"type":"Feature","geometry":{"type":"Polygon","coordinates":[[[-109.75151,34.92079],[-109.75022,34.92241],[-109.75132,34.92412],[-109.7537,34.9242],[-109.75498,34.92257],[-109.75389,34.92087],[-109.75151,34.92079]]]},"properties":{"cell":"8948c8c5b3bffff","res":9,"coarsened":false,"count":2,"hv":2,"mp":0,"y0":2015,"y1":2018,"sp":[[19,1,1,0,2015,2015],[27,1,1,0,2018,2018]]}},{"type":"Feature","geometry":{"type":"Polygon","coordinates":[[[-109.7886,34.9604],[-109.78731,34.96202],[-109.78841,34.96372],[-109.79079,34.9638],[-109.79208,34.96218],[-109.79098,34.96048],[-109.7886,34.9604]]]},"properties":{"cell":"8948c81a3cfffff","res":9,"coarsened":false,"count":1,"hv":1,"mp":0,"y0":2015,"y1":2015,"sp":[[13,1,1,0,2015,2015]]}},{"type":"Feature","geometry":{"type":"Polygon","coordinates":[[[-109.86533,34.80787],[-109.86405,34.80949],[-109.86514,34.8112],[-109.86752,34.81128],[-109.8688,34.80965],[-109.86771,34.80795],[-109.86533,34.80787]]]},"properties":{"cell":"8948c8c6c37ffff","res":9,"coarsened":false,"count":105,"hv":105,"mp":0,"y0":2014,"y1":2024,"sp":[[93,12,12,0,2016,2018],[31,9,9,0,2015,2018],[24,4,4,0,2015,2017],[20,4,4,0,2015,2018],[137,4,4,0,2018,2018],[102,3,3,0,2017,2017],[35,3,3,0,2017,2018],[148,3,3,0,2017,2018],[100,3,3,0,2017,2018],[109,3,3,0,2017,2018],[94,3,3,0,2018,2018],[50,2,2,0,2014,2018],[63,2,2,0,2016,2018],[14,2,2,0,2016,2018],[146,2,2,0,2017,2017],[107,2,2,0,2017,2018],[19,2,2,0,2018,2018],[104,2,2,0,2018,2018],[68,2,2,0,2018,2018],[69,2,2,0,2018,2018],[41,2,2,0,2018,2018],[132,2,2,0,2018,2018],[57,2,2,0,2018,2018],[186,2,2,0,2018,2018],[61,2,2,0,2018,2018],[105,2,2,0,2023,2024],[78,1,1,0,2016,2016],[26,1,1,0,2016,2016],[119,1,1,0,2017,2017],[120,1,1,0,2017,2017],[96,1,1,0,2017,2017],[116,1,1,0,2017,2017],[55,1,1,0,2017,2017],[2,1,1,0,2018,2018],[103,1,1,0,2018,2018],[155,1,1,0,2018,2018],[77,1,1,0,2018,2018],[56,1,1,0,2018,2018],[72,1,1,0,2018,2018],[115,1,1,0,2018,2018],[42,1,1,0,2018,2018],[79,1,1,0,2018,2018],[134,1,1,0,2018,2018],[83,1,1,0,2018,2018],[175,1,1,0,2018,2018],[178,1,1,0,2018,2018],[130,1,1,0,2018,2018],[86,1,1,0,2018,2018],[13,1,1,0,2018,2018],[89,1,1,0,2018,2018]]}},{"type":"Feature","geometry":{"type":"Polygon","coordinates":[[[-109.8688,34.80965],[-109.86752,34.81128],[-109.86861,34.81298],[-109.87099,34.81306],[-109.87228,34.81144],[-109.87118,34.80973],[-109.8688,34.80965]]]},"properties":{"cell":"8948c8c6dcbffff","res":9,"coarsened":false,"count":8,"hv":8,"mp":0,"y0":2015,"y1":2018,"sp":[[25,2,2,0,2015,2015],[27,2,2,0,2018,2018],[19,1,1,0,2016,2016],[93,1,1,0,2018,2018],[7,1,1,0,2018,2018],[35,1,1,0,2018,2018]]}},{"type":"Feature","geometry":{"type":"Polygon","coordinates":[[[-109.87613,34.80656],[-109.87485,34.80819],[-109.87594,34.80989],[-109.87832,34.80997],[-109.87961,34.80834],[-109.87851,34.80664],[-109.87613,34.80656]]]},"properties":{"cell":"8948c8c6dd7ffff","res":9,"coarsened":false,"count":2,"hv":2,"mp":0,"y0":2015,"y1":2017,"sp":[[27,2,2,0,2015,2017]]}},{"type":"Feature","geometry":{"type":"Polygon","coordinates":[[[-109.77548,35.06327],[-109.77419,35.06489],[-109.77529,35.0666],[-109.77767,35.06668],[-109.77896,35.06506],[-109.77787,35.06335],[-109.77548,35.06327]]]},"properties":{"cell":"8948c8199b3ffff","res":9,"coarsened":false,"count":286,"hv":286,"mp":0,"y0":2015,"y1":2026,"sp":[[31,29,29,0,2015,2024],[93,19,19,0,2016,2024],[78,14,14,0,2016,2019],[20,13,13,0,2015,2026],[63,11,11,0,2016,2020],[83,11,11,0,2016,2018],[34,8,8,0,2017,2018],[57,7,7,0,2017,2018],[41,7,7,0,2018,2020],[2,6,6,0,2015,2018],[19,5,5,0,2017,2018],[7,5,5,0,2017,2023],[50,5,5,0,2017,2018],[168,5,5,0,2018,2018],[120,5,5,0,2018,2018],[132,5,5,0,2018,2018],[35,4,4,0,2015,2023],[37,4,4,0,2016,2022],[74,4,4,0,2016,2021],[105,4,4,0,2017,2018],[111,4,4,0,2017,2018],[56,3,3,0,2016,2018],[69,3,3,0,2016,2018],[62,3,3,0,2017,2017],[18,3,3,0,2017,2018],[25,3,3,0,2017,2018],[137,3,3,0,2017,2018],[29,3,3,0,2017,2018],[144,3,3,0,2017,2018],[104,3,3,0,2018,2024],[91,3,3,0,2018,2018],[134,3,3,0,2018,2018],[175,3,3,0,2018,2018],[124,3,3,0,2018,2018],[68,2,2,0,2016,2018],[79,2,2,0,2016,2018],[84,2,2,0,2016,2018],[113,2,2,0,2017,2018],[115,2,2,0,2017,2020],[40,2,2,0,2017,2019],[116,2,2,0,2017,2018],[30,2,2,0,2017,2018],[125,2,2,0,2017,2017],[76,2,2,0,2017,2018],[110,2,2,0,2017,2018],[51,2,2,0,2017,2018],[87,2,2,0,2017,2018],[147,2,2,0,2017,2018],[100,2,2,0,2018,2018],[157,2,2,0,2018,2023],[158,2,2,0,2018,2023],[94,2,2,0,2018,2018],[26,2,2,0,2018,2023],[42,2,2,0,2018,2018],[23,2,2,0,2018,2018],[96,2,2,0,2018,2018],[33,2,2,0,2018,2019],[106,1,1,0,2017,2017],[117,1,1,0,2017,2017],[64,1,1,0,2017,2017],[138,1,1,0,2017,2017],[86,1,1,0,2017,2017],[60,1,1,0,2017,2017],[14,1,1,0,2018,2018],[146,1,1,0,2018,2018],[148,1,1,0,2018,2018],[109,1,1,0,2018,2018],[73,1,1,0,2018,2018],[173,1,1,0,2018,2018],[174,1,1,0,2018,2018],[176,1,1,0,2018,2018],[129,1,1,0,2018,2018],[65,1,1,0,2018,2018],[140,1,1,0,2018,2018],[185,1,1,0,2018,2018],[46,1,1,0,2018,2018],[17,1,1,0,2018,2018],[13,1,1,0,2021,2021],[199,1,1,0,2022,2022],[204,1,1,0,2023,2023],[53,1,1,0,2023,2023],[208,1,1,0,2024,2024],[213,1,1,0,2026,2026]]}},{"type":"Feature","geometry":{"type":"Polygon","coordinates":[[[-109.88564,35.01697],[-109.88435,35.01859],[-109.88545,35.0203],[-109.88783,35.02038],[-109.88912,35.01875],[-109.88802,35.01705],[-109.88564,35.01697]]]},"properties":{"cell":"8948c803447ffff","res":9,"coarsened":false,"count":1,"hv":1,"mp":0,"y0":2015,"y1":2015,"sp":[[28,1,1,0,2015,2015]]}},{"type":"Feature","geometry":{"type":"Polygon","coordinates":[[[-109.79925,35.02409],[-109.79796,35.02571],[-109.79906,35.02741],[-109.80144,35.02749],[-109.80273,35.02587],[-109.80163,35.02417],[-109.79925,35.02409]]]},"properties":{"cell":"8948c818e97ffff","res":9,"coarsened":false,"count":1,"hv":1,"mp":0,"y0":2015,"y1":2015,"sp":[[27,1,1,0,2015,2015]]}},{"type":"Feature","geometry":{"type":"Polygon","coordinates":[[[-109.89679,34.82059],[-109.89551,34.82222],[-109.8966,34.82392],[-109.89898,34.824],[-109.90026,34.82238],[-109.89917,34.82067],[-109.89679,34.82059]]]},"properties":{"cell":"8948c889ac3ffff","res":9,"coarsened":false,"count":3,"hv":3,"mp":0,"y0":2015,"y1":2023,"sp":[[38,1,1,0,2015,2015],[35,1,1,0,2023,2023],[18,1,1,0,2023,2023]]}},{"type":"Feature","geometry":{"type":"Polygon","coordinates":[[[-109.8264,34.86329],[-109.82511,34.86491],[-109.82621,34.86662],[-109.82859,34.8667],[-109.82987,34.86507],[-109.82878,34.86337],[-109.8264,34.86329]]]},"properties":{"cell":"8948c8c4c0fffff","res":9,"coarsened":false,"count":1,"hv":1,"mp":0,"y0":2015,"y1":2015,"sp":[[22,1,1,0,2015,2015]]}},{"type":"Feature","geometry":{"type":"Polygon","coordinates":[[[-109.79479,34.97727],[-109.7935,34.9789],[-109.79459,34.9806],[-109.79698,34.98068],[-109.79826,34.97906],[-109.79717,34.97735],[-109.79479,34.97727]]]},"properties":{"cell":"8948c81859bffff","res":9,"coarsened":false,"count":51,"hv":51,"mp":0,"y0":2015,"y1":2026,"sp":[[5,13,13,0,2017,2026],[121,6,6,0,2017,2024],[48,4,4,0,2016,2019],[43,2,2,0,2015,2018],[22,2,2,0,2017,2018],[7,2,2,0,2018,2018],[122,2,2,0,2021,2021],[14,1,1,0,2017,2017],[103,1,1,0,2017,2017],[87,1,1,0,2018,2018],[12,1,1,0,2018,2018],[41,1,1,0,2018,2018],[147,1,1,0,2018,2018],[3,1,1,0,2018,2018],[16,1,1,0,2018,2018],[27,1,1,0,2018,2018],[171,1,1,0,2020,2020],[13,1,1,0,2021,2021],[42,1,1,0,2023,2023],[78,1,1,0,2023,2023],[0,1,1,0,2023,2023],[206,1,1,0,2023,2023],[184,1,1,0,2023,2023],[1,1,1,0,2023,2023],[164,1,1,0,2023,2023],[65,1,1,0,2024,2024],[210,1,1,0,2025,2025]]}},{"type":"Feature","geometry":{"type":"Polygon","coordinates":[[[-109.88599,34.8219],[-109.8847,34.82353],[-109.8858,34.82523],[-109.88818,34.82531],[-109.88946,34.82369],[-109.88837,34.82198],[-109.88599,34.8219]]]},"properties":{"cell":"8948c8c6d23ffff","res":9,"coarsened":false,"count":7,"hv":7,"mp":0,"y0":2015,"y1":2023,"sp":[[22,2,2,0,2015,2017],[49,1,1,0,2016,2016],[95,1,1,0,2017,2017],[24,1,1,0,2018,2018],[98,1,1,0,2023,2023],[48,1,1,0,2023,2023]]}},{"type":"Feature","geometry":{"type":"Polygon","coordinates":[[[-109.86899,34.80632],[-109.86771,34.80795],[-109.8688,34.80965],[-109.87118,34.80973],[-109.87247,34.80811],[-109.87137,34.8064],[-109.86899,34.80632]]]},"properties":{"cell":"8948c8c6ddbffff","res":9,"coarsened":false,"count":3,"hv":3,"mp":0,"y0":2015,"y1":2025,"sp":[[19,1,1,0,2015,2015],[94,1,1,0,2018,2018],[74,1,1,0,2025,2025]]}},{"type":"Feature","geometry":{"type":"Polygon","coordinates":[[[-109.78864,35.08371],[-109.78735,35.08533],[-109.78844,35.08703],[-109.79083,35.08711],[-109.79212,35.08549],[-109.79102,35.08379],[-109.78864,35.08371]]]},"properties":{"cell":"8948c80a40fffff","res":9,"coarsened":false,"count":33,"hv":33,"mp":0,"y0":2009,"y1":2026,"sp":[[7,8,8,0,2017,2025],[35,5,5,0,2018,2026],[18,4,4,0,2017,2022],[23,3,3,0,2015,2018],[56,3,3,0,2020,2023],[5,1,1,0,2009,2009],[183,1,1,0,2018,2018],[0,1,1,0,2018,2018],[97,1,1,0,2018,2018],[85,1,1,0,2021,2021],[2,1,1,0,2021,2021],[65,1,1,0,2021,2021],[27,1,1,0,2023,2023],[115,1,1,0,2025,2025],[55,1,1,0,2026,2026]]}},{"type":"Feature","geometry":{"type":"Polygon","coordinates":[[[-109.89313,34.82214],[-109.89184,34.82377],[-109.89294,34.82547],[-109.89532,34.82555],[-109.8966,34.82392],[-109.89551,34.82222],[-109.89313,34.82214]]]},"properties":{"cell":"8948c889acbffff","res":9,"coarsened":false,"count":21,"hv":21,"mp":0,"y0":2015,"y1":2024,"sp":[[22,4,4,0,2015,2023],[20,3,3,0,2017,2024],[100,2,2,0,2017,2023],[56,2,2,0,2017,2018],[38,2,2,0,2018,2021],[58,1,1,0,2016,2016],[8,1,1,0,2016,2016],[48,1,1,0,2017,2017],[24,1,1,0,2017,2017],[50,1,1,0,2017,2017],[15,1,1,0,2023,2023],[18,1,1,0,2023,2023],[126,1,1,0,2024,2024]]}},{"type":"Feature","geometry":{"type":"Polygon","coordinates":[[[-109.79421,34.98725],[-109.79292,34.98888],[-109.79402,34.99058],[-109.7964,34.99066],[-109.79769,34.98904],[-109.79659,34.98734],[-109.79421,34.98725]]]},"properties":{"cell":"8948c818503ffff","res":9,"coarsened":false,"count":3,"hv":3,"mp":0,"y0":2016,"y1":2024,"sp":[[22,1,1,0,2016,2016],[74,1,1,0,2022,2022],[7,1,1,0,2024,2024]]}},{"type":"Feature","geometry":{"type":"Polygon","coordinates":[[[-109.79947,35.08241],[-109.79818,35.08403],[-109.79927,35.08573],[-109.80166,35.08581],[-109.80295,35.08419],[-109.80185,35.08249],[-109.79947,35.08241]]]},"properties":{"cell":"8948c80a4afffff","res":9,"coarsened":false,"count":2,"hv":2,"mp":0,"y0":2016,"y1":2019,"sp":[[23,2,2,0,2016,2019]]}},{"type":"Feature","geometry":{"type":"Polygon","coordinates":[[[-109.79579,35.08395],[-109.7945,35.08557],[-109.7956,35.08727],[-109.79799,35.08735],[-109.79927,35.08573],[-109.79818,35.08403],[-109.79579,35.08395]]]},"properties":{"cell":"8948c80a433ffff","res":9,"coarsened":false,"count":17,"hv":17,"mp":0,"y0":2016,"y1":2026,"sp":[[7,5,5,0,2016,2026],[23,3,3,0,2018,2025],[55,2,2,0,2017,2021],[28,1,1,0,2016,2016],[75,1,1,0,2016,2016],[35,1,1,0,2018,2018],[56,1,1,0,2018,2018],[110,1,1,0,2018,2018],[65,1,1,0,2021,2021],[100,1,1,0,2025,2025]]}},{"type":"Feature","geometry":{"type":"Polygon","coordinates":[[[-109.61362,35.07268],[-109.61233,35.0743],[-109.61342,35.076],[-109.61581,35.07609],[-109.6171,35.07447],[-109.616,35.07276],[-109.61362,35.07268]]]},"properties":{"cell":"8948c854567ffff","res":9,"coarsened":false,"count":1,"hv":1,"mp":0,"y0":2016,"y1":2016,"sp":[[47,1,1,0,2016,2016]]}},{"type":"Feature","geometry":{"type":"Polygon","coordinates":[[[-109.87209,34.81477],[-109.8708,34.81639],[-109.8719,34.8181],[-109.87428,34.81818],[-109.87556,34.81655],[-109.87447,34.81485],[-109.87209,34.81477]]]},"properties":{"cell":"8948c8c6d57ffff","res":9,"coarsened":false,"count":3,"hv":3,"mp":0,"y0":2016,"y1":2018,"sp":[[27,1,1,0,2016,2016],[49,1,1,0,2018,2018],[19,1,1,0,2018,2018]]}},{"type":"Feature","geometry":{"type":"Polygon","coordinates":[[[-109.79231,35.08216],[-109.79102,35.08379],[-109.79212,35.08549],[-109.7945,35.08557],[-109.79579,35.08395],[-109.7947,35.08225],[-109.79231,35.08216]]]},"properties":{"cell":"8948c80a407ffff","res":9,"coarsened":false,"count":10,"hv":10,"mp":0,"y0":2016,"y1":2026,"sp":[[35,2,2,0,2026,2026],[49,1,1,0,2016,2016],[89,1,1,0,2016,2016],[92,1,1,0,2016,2016],[65,1,1,0,2016,2016],[24,1,1,0,2017,2017],[8,1,1,0,2017,2017],[7,1,1,0,2022,2022],[23,1,1,0,2026,2026]]}},{"type":"Feature","geometry":{"type":"Polygon","coordinates":[[[-109.79131,34.97549],[-109.79002,34.97711],[-109.79112,34.97882],[-109.7935,34.9789],[-109.79479,34.97727],[-109.79369,34.97557],[-109.79131,34.97549]]]},"properties":{"cell":"8948c81a36fffff","res":9,"coarsened":false,"count":79,"hv":79,"mp":0,"y0":2015,"y1":2026,"sp":[[7,49,49,0,2015,2026],[22,4,4,0,2019,2025],[170,3,3,0,2018,2019],[56,3,3,0,2018,2024],[121,3,3,0,2018,2018],[18,2,2,0,2018,2018],[19,2,2,0,2018,2026],[41,2,2,0,2018,2018],[110,1,1,0,2017,2017],[94,1,1,0,2018,2018],[72,1,1,0,2018,2018],[61,1,1,0,2018,2018],[124,1,1,0,2018,2018],[14,1,1,0,2018,2018],[40,1,1,0,2018,2018],[29,1,1,0,2018,2018],[35,1,1,0,2019,2019],[13,1,1,0,2024,2024],[55,1,1,0,2021,2021]]}},{"type":"Feature","geometry":{"type":"Polygon","coordinates":[[[-109.78844,35.08703],[-109.78716,35.08865],[-109.78825,35.09036],[-109.79064,35.09044],[-109.79193,35.08881],[-109.79083,35.08711],[-109.78844,35.08703]]]},"properties":{"cell":"8948c80a477ffff","res":9,"coarsened":false,"count":3,"hv":3,"mp":0,"y0":2016,"y1":2018,"sp":[[55,1,1,0,2016,2016],[56,1,1,0,2016,2016],[13,1,1,0,2018,2018]]}},{"type":"Feature","geometry":{"type":"Polygon","coordinates":[[[-109.80487,35.05094],[-109.80358,35.05256],[-109.80467,35.05426],[-109.80706,35.05434],[-109.80835,35.05272],[-109.80725,35.05102],[-109.80487,35.05094]]]},"properties":{"cell":"8948c81884fffff","res":9,"coarsened":false,"count":9,"hv":9,"mp":0,"y0":2013,"y1":2026,"sp":[[7,6,6,0,2013,2026],[27,2,2,0,2022,2023],[56,1,1,0,2019,2019]]}},{"type":"Feature","geometry":{"type":"Polygon","coordinates":[[[-109.85781,34.81429],[-109.85653,34.81592],[-109.85762,34.81762],[-109.86,34.8177],[-109.86129,34.81608],[-109.86019,34.81437],[-109.85781,34.81429]]]},"properties":{"cell":"8948c8c6893ffff","res":9,"coarsened":false,"count":1,"hv":1,"mp":0,"y0":2016,"y1":2016,"sp":[[27,1,1,0,2016,2016]]}},{"type":"Feature","geometry":{"type":"Polygon","coordinates":[[[-109.88965,34.82036],[-109.88837,34.82198],[-109.88946,34.82369],[-109.89184,34.82377],[-109.89313,34.82214],[-109.89203,34.82043],[-109.88965,34.82036]]]},"properties":{"cell":"8948c8c6d37ffff","res":9,"coarsened":false,"count":8,"hv":8,"mp":0,"y0":2016,"y1":2023,"sp":[[27,3,3,0,2016,2023],[74,2,2,0,2021,2022],[94,1,1,0,2016,2016],[50,1,1,0,2017,2017],[22,1,1,0,2017,2017]]}},{"type":"Feature","geometry":{"type":"Polygon","coordinates":[[[-109.79459,34.9806],[-109.79331,34.98222],[-109.7944,34.98393],[-109.79679,34.98401],[-109.79807,34.98239],[-109.79698,34.98068],[-109.79459,34.9806]]]},"properties":{"cell":"8948c81858bffff","res":9,"coarsened":false,"count":6,"hv":6,"mp":0,"y0":2016,"y1":2021,"sp":[[7,1,1,0,2016,2016],[55,1,1,0,2017,2017],[149,1,1,0,2017,2017],[22,1,1,0,2018,2018],[48,1,1,0,2018,2018],[23,1,1,0,2021,2021]]}},{"type":"Feature","geometry":{"type":"Polygon","coordinates":[[[-109.77916,35.06173],[-109.77787,35.06335],[-109.77896,35.06506],[-109.78135,35.06514],[-109.78264,35.06351],[-109.78154,35.06181],[-109.77916,35.06173]]]},"properties":{"cell":"8948c818a4fffff","res":9,"coarsened":false,"count":12,"hv":12,"mp":0,"y0":2016,"y1":2020,"sp":[[41,1,1,0,2016,2016],[62,1,1,0,2016,2016],[8,1,1,0,2016,2016],[39,1,1,0,2016,2016],[104,1,1,0,2017,2017],[105,1,1,0,2017,2017],[37,1,1,0,2017,2017],[23,1,1,0,2017,2017],[93,1,1,0,2019,2019],[20,1,1,0,2019,2019],[158,1,1,0,2019,2019],[19,1,1,0,2020,2020]]}},{"type":"Feature","geometry":{"type":"Polygon","coordinates":[[[-109.77084,35.08144],[-109.76955,35.08306],[-109.77065,35.08476],[-109.77304,35.08485],[-109.77433,35.08322],[-109.77323,35.08152],[-109.77084,35.08144]]]},"properties":{"cell":"8948c80a697ffff","res":9,"coarsened":false,"count":1,"hv":1,"mp":0,"y0":2016,"y1":2016,"sp":[[23,1,1,0,2016,2016]]}},{"type":"Feature","geometry":{"type":"Polygon","coordinates":[[[-109.79846,34.97573],[-109.79717,34.97735],[-109.79826,34.97906],[-109.80065,34.97914],[-109.80194,34.97751],[-109.80084,34.97581],[-109.79846,34.97573]]]},"properties":{"cell":"8948c818593ffff","res":9,"coarsened":false,"count":6,"hv":6,"mp":0,"y0":2016,"y1":2023,"sp":[[13,1,1,0,2016,2016],[37,1,1,0,2017,2017],[115,1,1,0,2018,2018],[41,1,1,0,2018,2018],[7,1,1,0,2020,2020],[205,1,1,0,2023,2023]]}},{"type":"Feature","geometry":{"type":"Polygon","coordinates":[[[-109.83331,34.80513],[-109.83202,34.80675],[-109.83311,34.80846],[-109.83549,34.80854],[-109.83678,34.80691],[-109.83568,34.80521],[-109.83331,34.80513]]]},"properties":{"cell":"8948c8c6e83ffff","res":9,"coarsened":false,"count":1,"hv":1,"mp":0,"y0":2016,"y1":2016,"sp":[[65,1,1,0,2016,2016]]}},{"type":"Feature","geometry":{"type":"Polygon","coordinates":[[[-109.82055,35.08978],[-109.81926,35.0914],[-109.82036,35.0931],[-109.82274,35.09318],[-109.82403,35.09156],[-109.82294,35.08986],[-109.82055,35.08978]]]},"properties":{"cell":"8948c80a5bbffff","res":9,"coarsened":false,"count":1,"hv":1,"mp":0,"y0":2016,"y1":2016,"sp":[[35,1,1,0,2016,2016]]}},{"type":"Feature","geometry":{"type":"Polygon","coordinates":[[[-109.82384,35.09488],[-109.82255,35.0965],[-109.82365,35.09821],[-109.82603,35.09829],[-109.82732,35.09666],[-109.82623,35.09496],[-109.82384,35.09488]]]},"properties":{"cell":"8948c80a5afffff","res":9,"coarsened":false,"count":1,"hv":1,"mp":0,"y0":2016,"y1":2016,"sp":[[55,1,1,0,2016,2016]]}},{"type":"Feature","geometry":{"type":"Polygon","coordinates":[[[-109.80016,34.88408],[-109.79887,34.88571],[-109.79997,34.88741],[-109.80235,34.88749],[-109.80363,34.88587],[-109.80254,34.88417],[-109.80016,34.88408]]]},"properties":{"cell":"8948c8c4a9bffff","res":9,"coarsened":false,"count":4,"hv":4,"mp":0,"y0":2016,"y1":2018,"sp":[[24,1,1,0,2016,2016],[27,1,1,0,2016,2016],[49,1,1,0,2017,2017],[13,1,1,0,2018,2018]]}},{"type":"Feature","geometry":{"type":"Polygon","coordinates":[[[-109.85768,34.87935],[-109.85639,34.88097],[-109.85749,34.88267],[-109.85987,34.88275],[-109.86116,34.88113],[-109.86006,34.87942],[-109.85768,34.87935]]]},"properties":{"cell":"8948c8c4d23ffff","res":9,"coarsened":false,"count":1,"hv":1,"mp":0,"y0":2016,"y1":2016,"sp":[[38,1,1,0,2016,2016]]}},{"type":"Feature","geometry":{"type":"Polygon","coordinates":[[[-109.79944,35.02076],[-109.79815,35.02239],[-109.79925,35.02409],[-109.80163,35.02417],[-109.80292,35.02255],[-109.80182,35.02084],[-109.79944,35.02076]]]},"properties":{"cell":"8948c81812fffff","res":9,"coarsened":false,"count":3,"hv":3,"mp":0,"y0":2016,"y1":2023,"sp":[[27,1,1,0,2016,2016],[22,1,1,0,2018,2018],[217,1,1,0,2023,2023]]}},{"type":"Feature","geometry":{"type":"Polygon","coordinates":[[[-109.66434,35.0028],[-109.66305,35.00442],[-109.66415,35.00613],[-109.66653,35.00621],[-109.66782,35.00459],[-109.66673,35.00288],[-109.66434,35.0028]]]},"properties":{"cell":"8948c819663ffff","res":9,"coarsened":false,"count":1,"hv":1,"mp":0,"y0":2016,"y1":2016,"sp":[[22,1,1,0,2016,2016]]}},{"type":"Feature","geometry":{"type":"Polygon","coordinates":[[[-109.85054,34.87911],[-109.84925,34.88073],[-109.85035,34.88244],[-109.85273,34.88252],[-109.85401,34.88089],[-109.85292,34.87919],[-109.85054,34.87911]]]},"properties":{"cell":"8948c8c4d77ffff","res":9,"coarsened":false,"count":1,"hv":1,"mp":0,"y0":2016,"y1":2016,"sp":[[38,1,1,0,2016,2016]]}},{"type":"Feature","geometry":{"type":"Polygon","coordinates":[[[-109.7206,34.95974],[-109.71931,34.96137],[-109.7204,34.96307],[-109.72279,34.96315],[-109.72407,34.96153],[-109.72298,34.95982],[-109.7206,34.95974]]]},"properties":{"cell":"8948c81b067ffff","res":9,"coarsened":false,"count":2,"hv":2,"mp":0,"y0":2016,"y1":2023,"sp":[[38,1,1,0,2016,2016],[47,1,1,0,2023,2023]]}},{"type":"Feature","geometry":{"type":"Polygon","coordinates":[[[-109.78028,34.91843],[-109.77899,34.92006],[-109.78009,34.92176],[-109.78247,34.92184],[-109.78376,34.92022],[-109.78266,34.91851],[-109.78028,34.91843]]]},"properties":{"cell":"8948c81a697ffff","res":9,"coarsened":false,"count":1,"hv":1,"mp":0,"y0":2016,"y1":2016,"sp":[[27,1,1,0,2016,2016]]}},{"type":"Feature","geometry":{"type":"Polygon","coordinates":[[[-109.60098,34.98391],[-109.59969,34.98553],[-109.60078,34.98724],[-109.60316,34.98732],[-109.60445,34.9857],[-109.60336,34.98399],[-109.60098,34.98391]]]},"properties":{"cell":"8948c8cd933ffff","res":9,"coarsened":false,"count":1,"hv":1,"mp":0,"y0":2016,"y1":2016,"sp":[[5,1,1,0,2016,2016]]}},{"type":"Feature","geometry":{"type":"Polygon","coordinates":[[[-109.79575,34.96064],[-109.79446,34.96226],[-109.79555,34.96396],[-109.79794,34.96404],[-109.79922,34.96242],[-109.79813,34.96072],[-109.79575,34.96064]]]},"properties":{"cell":"8948c81a313ffff","res":9,"coarsened":false,"count":86,"hv":86,"mp":0,"y0":2013,"y1":2026,"sp":[[7,80,80,0,2013,2026],[13,1,1,0,2016,2016],[55,1,1,0,2019,2019],[121,1,1,0,2021,2021],[65,1,1,0,2025,2025],[27,1,1,0,2026,2026],[16,1,1,0,2026,2026]]}},{"type":"Feature","geometry":{"type":"Polygon","coordinates":[[[-109.66709,34.95622],[-109.6658,34.95784],[-109.66689,34.95955],[-109.66927,34.95963],[-109.67056,34.95801],[-109.66947,34.95631],[-109.66709,34.95622]]]},"properties":{"cell":"8948c8ccd63ffff","res":9,"coarsened":false,"count":2,"hv":2,"mp":0,"y0":2016,"y1":2023,"sp":[[27,2,2,0,2016,2023]]}},{"type":"Feature","geometry":{"type":"Polygon","coordinates":[[[-109.67443,34.95314],[-109.67314,34.95477],[-109.67423,34.95647],[-109.67662,34.95655],[-109.67791,34.95493],[-109.67681,34.95323],[-109.67443,34.95314]]]},"properties":{"cell":"8948c8ccd3bffff","res":9,"coarsened":false,"count":1,"hv":1,"mp":0,"y0":2016,"y1":2016,"sp":[[27,1,1,0,2016,2016]]}},{"type":"Feature","geometry":{"type":"Polygon","coordinates":[[[-109.78858,34.8987],[-109.78729,34.90033],[-109.78839,34.90203],[-109.79077,34.90211],[-109.79206,34.90049],[-109.79096,34.89878],[-109.78858,34.8987]]]},"properties":{"cell":"8948c8c4a4fffff","res":9,"coarsened":false,"count":2,"hv":2,"mp":0,"y0":2016,"y1":2017,"sp":[[22,1,1,0,2016,2016],[27,1,1,0,2017,2017]]}},{"type":"Feature","geometry":{"type":"Polygon","coordinates":[[[-109.78206,35.07349],[-109.78077,35.07511],[-109.78187,35.07682],[-109.78425,35.0769],[-109.78554,35.07527],[-109.78444,35.07357],[-109.78206,35.07349]]]},"properties":{"cell":"8948c80a4c3ffff","res":9,"coarsened":false,"count":19,"hv":19,"mp":0,"y0":2012,"y1":2026,"sp":[[23,9,9,0,2016,2023],[56,3,3,0,2017,2020],[8,2,2,0,2016,2016],[5,1,1,0,2012,2012],[75,1,1,0,2018,2018],[74,1,1,0,2020,2020],[69,1,1,0,2025,2025],[211,1,1,0,2026,2026]]}},{"type":"Feature","geometry":{"type":"Polygon","coordinates":[[[-109.79841,34.85233],[-109.79712,34.85396],[-109.79822,34.85566],[-109.8006,34.85574],[-109.80188,34.85412],[-109.80079,34.85241],[-109.79841,34.85233]]]},"properties":{"cell":"8948c8c4173ffff","res":9,"coarsened":false,"count":2,"hv":2,"mp":0,"y0":2016,"y1":2021,"sp":[[27,1,1,0,2016,2016],[8,1,1,0,2021,2021]]}},{"type":"Feature","geometry":{"type":"Polygon","coordinates":[[[-109.7795,34.87004],[-109.77821,34.87167],[-109.77931,34.87337],[-109.78169,34.87345],[-109.78297,34.87183],[-109.78188,34.87012],[-109.7795,34.87004]]]},"properties":{"cell":"8948c8c5d93ffff","res":9,"coarsened":false,"count":1,"hv":1,"mp":0,"y0":2016,"y1":2016,"sp":[[27,1,1,0,2016,2016]]}},{"type":"Feature","geometry":{"type":"Polygon","coordinates":[[[-109.8004,35.00413],[-109.79911,35.00575],[-109.80021,35.00746],[-109.80259,35.00754],[-109.80388,35.00591],[-109.80278,35.00421],[-109.8004,35.00413]]]},"properties":{"cell":"8948c818187ffff","res":9,"coarsened":false,"count":5,"hv":5,"mp":0,"y0":2016,"y1":2021,"sp":[[27,3,3,0,2016,2021],[74,1,1,0,2018,2018],[22,1,1,0,2019,2019]]}},{"type":"Feature","geometry":{"type":"Polygon","coordinates":[[[-109.75054,34.93743],[-109.74925,34.93905],[-109.75035,34.94076],[-109.75273,34.94084],[-109.75402,34.93921],[-109.75292,34.93751],[-109.75054,34.93743]]]},"properties":{"cell":"8948c81b517ffff","res":9,"coarsened":false,"count":6,"hv":6,"mp":0,"y0":2016,"y1":2026,"sp":[[7,4,4,0,2016,2024],[19,1,1,0,2024,2024],[169,1,1,0,2026,2026]]}},{"type":"Feature","geometry":{"type":"Polygon","coordinates":[[[-109.80035,34.88076],[-109.79906,34.88238],[-109.80016,34.88408],[-109.80254,34.88417],[-109.80383,34.88254],[-109.80273,34.88084],[-109.80035,34.88076]]]},"properties":{"cell":"8948c8c4e67ffff","res":9,"coarsened":false,"count":2,"hv":2,"mp":0,"y0":2016,"y1":2017,"sp":[[22,2,2,0,2016,2017]]}},{"type":"Feature","geometry":{"type":"Polygon","coordinates":[[[-109.78883,35.08038],[-109.78754,35.082],[-109.78864,35.08371],[-109.79102,35.08379],[-109.79231,35.08216],[-109.79121,35.08046],[-109.78883,35.08038]]]},"properties":{"cell":"8948c80a403ffff","res":9,"coarsened":false,"count":26,"hv":26,"mp":0,"y0":2016,"y1":2026,"sp":[[7,4,4,0,2018,2026],[23,3,3,0,2017,2023],[2,3,3,0,2019,2026],[55,3,3,0,2020,2026],[18,2,2,0,2017,2018],[35,2,2,0,2020,2022],[34,1,1,0,2016,2016],[89,1,1,0,2016,2016],[74,1,1,0,2017,2017],[136,1,1,0,2017,2017],[5,1,1,0,2018,2018],[46,1,1,0,2019,2019],[56,1,1,0,2020,2020],[72,1,1,0,2020,2020],[85,1,1,0,2025,2025]]}},{"type":"Feature","geometry":{"type":"Polygon","coordinates":[[[-109.80054,34.87743],[-109.79925,34.87905],[-109.80035,34.88076],[-109.80273,34.88084],[-109.80402,34.87921],[-109.80292,34.87751],[-109.80054,34.87743]]]},"properties":{"cell":"8948c8c4e77ffff","res":9,"coarsened":false,"count":1,"hv":1,"mp":0,"y0":2016,"y1":2016,"sp":[[27,1,1,0,2016,2016]]}},{"type":"Feature","geometry":{"type":"Polygon","coordinates":[[[-109.79687,34.87897],[-109.79559,34.88059],[-109.79668,34.8823],[-109.79906,34.88238],[-109.80035,34.88076],[-109.79925,34.87905],[-109.79687,34.87897]]]},"properties":{"cell":"8948c8c4e63ffff","res":9,"coarsened":false,"count":6,"hv":6,"mp":0,"y0":2016,"y1":2026,"sp":[[27,3,3,0,2016,2026],[49,1,1,0,2017,2017],[56,1,1,0,2017,2017],[7,1,1,0,2023,2023]]}},{"type":"Feature","geometry":{"type":"Polygon","coordinates":[[[-109.88365,34.80013],[-109.88236,34.80176],[-109.88346,34.80347],[-109.88584,34.80354],[-109.88712,34.80192],[-109.88603,34.80021],[-109.88365,34.80013]]]},"properties":{"cell":"8948c88932bffff","res":9,"coarsened":false,"count":1,"hv":1,"mp":0,"y0":2016,"y1":2016,"sp":[[27,1,1,0,2016,2016]]}},{"type":"Feature","geometry":{"type":"Polygon","coordinates":[[[-109.78167,35.08014],[-109.78038,35.08176],[-109.78148,35.08347],[-109.78387,35.08355],[-109.78515,35.08192],[-109.78406,35.08022],[-109.78167,35.08014]]]},"properties":{"cell":"8948c80a457ffff","res":9,"coarsened":false,"count":15,"hv":15,"mp":0,"y0":2016,"y1":2026,"sp":[[55,4,4,0,2020,2026],[23,3,3,0,2016,2020],[65,1,1,0,2017,2017],[37,1,1,0,2019,2019],[110,1,1,0,2020,2020],[115,1,1,0,2020,2020],[2,1,1,0,2020,2020],[8,1,1,0,2022,2022],[162,1,1,0,2026,2026],[108,1,1,0,2025,2025]]}},{"type":"Feature","geometry":{"type":"Polygon","coordinates":[[[-109.8175,34.83129],[-109.81622,34.83292],[-109.81731,34.83462],[-109.81969,34.8347],[-109.82098,34.83308],[-109.81988,34.83137],[-109.8175,34.83129]]]},"properties":{"cell":"8948c8c6acbffff","res":9,"coarsened":false,"count":1,"hv":1,"mp":0,"y0":2016,"y1":2016,"sp":[[55,1,1,0,2016,2016]]}},{"type":"Feature","geometry":{"type":"Polygon","coordinates":[[[-109.85415,34.81584],[-109.85286,34.81746],[-109.85396,34.81917],[-109.85634,34.81925],[-109.85762,34.81762],[-109.85653,34.81592],[-109.85415,34.81584]]]},"properties":{"cell":"8948c8c689bffff","res":9,"coarsened":false,"count":1,"hv":1,"mp":0,"y0":2016,"y1":2016,"sp":[[38,1,1,0,2016,2016]]}},{"type":"Feature","geometry":{"type":"Polygon","coordinates":[[[-109.80835,35.05272],[-109.80706,35.05434],[-109.80816,35.05604],[-109.81054,35.05612],[-109.81183,35.0545],[-109.81073,35.0528],[-109.80835,35.05272]]]},"properties":{"cell":"8948c81887bffff","res":9,"coarsened":false,"count":1,"hv":1,"mp":0,"y0":2016,"y1":2016,"sp":[[56,1,1,0,2016,2016]]}},{"type":"Feature","geometry":{"type":"Polygon","coordinates":[[[-109.78357,34.92355],[-109.78228,34.92517],[-109.78337,34.92687],[-109.78576,34.92695],[-109.78704,34.92533],[-109.78595,34.92363],[-109.78357,34.92355]]]},"properties":{"cell":"8948c81a6b3ffff","res":9,"coarsened":false,"count":20,"hv":20,"mp":0,"y0":2015,"y1":2026,"sp":[[15,11,11,0,2016,2020],[38,3,3,0,2017,2018],[27,3,3,0,2018,2026],[7,2,2,0,2015,2018],[19,1,1,0,2022,2022]]}},{"type":"Feature","geometry":{"type":"Polygon","coordinates":[[[-109.62728,34.96317],[-109.62599,34.96479],[-109.62708,34.96649],[-109.62947,34.96658],[-109.63076,34.96495],[-109.62966,34.96325],[-109.62728,34.96317]]]},"properties":{"cell":"8948c8cca87ffff","res":9,"coarsened":false,"count":1,"hv":1,"mp":0,"y0":2016,"y1":2016,"sp":[[27,1,1,0,2016,2016]]}},{"type":"Feature","geometry":{"type":"Polygon","coordinates":[[[-109.88251,34.82012],[-109.88123,34.82175],[-109.88232,34.82345],[-109.8847,34.82353],[-109.88599,34.8219],[-109.88489,34.8202],[-109.88251,34.82012]]]},"properties":{"cell":"8948c8c6d3bffff","res":9,"coarsened":false,"count":4,"hv":4,"mp":0,"y0":2016,"y1":2023,"sp":[[27,1,1,0,2016,2016],[65,1,1,0,2017,2017],[13,1,1,0,2021,2021],[44,1,1,0,2023,2023]]}},{"type":"Feature","geometry":{"type":"Polygon","coordinates":[[[-109.79227,34.95885],[-109.79098,34.96048],[-109.79208,34.96218],[-109.79446,34.96226],[-109.79575,34.96064],[-109.79465,34.95893],[-109.79227,34.95885]]]},"properties":{"cell":"8948c81a3c7ffff","res":9,"coarsened":false,"count":2,"hv":2,"mp":0,"y0":2016,"y1":2018,"sp":[[38,2,2,0,2016,2018]]}},{"type":"Feature","geometry":{"type":"Polygon","coordinates":[[[-109.777,34.91332],[-109.77571,34.91494],[-109.77681,34.91665],[-109.77919,34.91673],[-109.78047,34.9151],[-109.77938,34.9134],[-109.777,34.91332]]]},"properties":{"cell":"8948c8c592bffff","res":9,"coarsened":false,"count":1,"hv":1,"mp":0,"y0":2016,"y1":2016,"sp":[[22,1,1,0,2016,2016]]}},{"type":"Feature","geometry":{"type":"Polygon","coordinates":[[[-109.64407,34.98209],[-109.64278,34.98371],[-109.64387,34.98542],[-109.64626,34.9855],[-109.64755,34.98388],[-109.64645,34.98218],[-109.64407,34.98209]]]},"properties":{"cell":"8948c8ccb03ffff","res":9,"coarsened":false,"count":2,"hv":2,"mp":0,"y0":2016,"y1":2022,"sp":[[47,1,1,0,2016,2016],[23,1,1,0,2022,2022]]}},{"type":"Feature","geometry":{"type":"Polygon","coordinates":[[[-109.81384,34.83284],[-109.81255,34.83446],[-109.81365,34.83617],[-109.81603,34.83625],[-109.81731,34.83462],[-109.81622,34.83292],[-109.81384,34.83284]]]},"properties":{"cell":"8948c8c4527ffff","res":9,"coarsened":false,"count":1,"hv":1,"mp":0,"y0":2016,"y1":2016,"sp":[[19,1,1,0,2016,2016]]}},{"type":"Feature","geometry":{"type":"Polygon","coordinates":[[[-109.7963,34.88896],[-109.79501,34.89058],[-109.79611,34.89229],[-109.79849,34.89237],[-109.79977,34.89074],[-109.79868,34.88904],[-109.7963,34.88896]]]},"properties":{"cell":"8948c8c4ac7ffff","res":9,"coarsened":false,"count":3,"hv":3,"mp":0,"y0":2016,"y1":2022,"sp":[[19,1,1,0,2016,2016],[74,1,1,0,2016,2016],[24,1,1,0,2022,2022]]}},{"type":"Feature","geometry":{"type":"Polygon","coordinates":[[[-109.79694,35.064],[-109.79566,35.06562],[-109.79675,35.06732],[-109.79914,35.0674],[-109.80043,35.06578],[-109.79933,35.06408],[-109.79694,35.064]]]},"properties":{"cell":"8948c818a23ffff","res":9,"coarsened":false,"count":5,"hv":5,"mp":0,"y0":2016,"y1":2026,"sp":[[7,3,3,0,2016,2024],[49,1,1,0,2017,2017],[55,1,1,0,2026,2026]]}},{"type":"Feature","geometry":{"type":"Polygon","coordinates":[[[-109.77935,35.05841],[-109.77806,35.06003],[-109.77916,35.06173],[-109.78154,35.06181],[-109.78283,35.06019],[-109.78173,35.05849],[-109.77935,35.05841]]]},"properties":{"cell":"8948c818a43ffff","res":9,"coarsened":false,"count":6,"hv":6,"mp":0,"y0":2016,"y1":2021,"sp":[[2,3,3,0,2016,2018],[22,1,1,0,2018,2018],[19,1,1,0,2020,2020],[27,1,1,0,2021,2021]]}},{"type":"Feature","geometry":{"type":"Polygon","coordinates":[[[-109.85453,34.80918],[-109.85324,34.8108],[-109.85434,34.81251],[-109.85672,34.81259],[-109.858,34.81096],[-109.85691,34.80926],[-109.85453,34.80918]]]},"properties":{"cell":"8948c8c6c77ffff","res":9,"coarsened":false,"count":7,"hv":7,"mp":0,"y0":2016,"y1":2026,"sp":[[19,2,2,0,2016,2017],[55,2,2,0,2020,2020],[159,1,1,0,2018,2018],[8,1,1,0,2020,2020],[27,1,1,0,2026,2026]]}},{"type":"Feature","geometry":{"type":"Polygon","coordinates":[[[-109.68275,34.93343],[-109.68146,34.93505],[-109.68255,34.93675],[-109.68494,34.93684],[-109.68622,34.93521],[-109.68513,34.93351],[-109.68275,34.93343]]]},"properties":{"cell":"8948c8ceb27ffff","res":9,"coarsened":false,"count":1,"hv":1,"mp":0,"y0":2016,"y1":2016,"sp":[[74,1,1,0,2016,2016]]}},{"type":"Feature","geometry":{"type":"Polygon","coordinates":[[[-109.80429,35.06091],[-109.803,35.06254],[-109.8041,35.06424],[-109.80648,35.06432],[-109.80777,35.0627],[-109.80668,35.06099],[-109.80429,35.06091]]]},"properties":{"cell":"8948c818bdbffff","res":9,"coarsened":false,"count":3,"hv":3,"mp":0,"y0":2016,"y1":2024,"sp":[[8,2,2,0,2016,2016],[26,1,1,0,2024,2024]]}},{"type":"Feature","geometry":{"type":"Polygon","coordinates":[[[-109.80062,35.06246],[-109.79933,35.06408],[-109.80043,35.06578],[-109.80281,35.06586],[-109.8041,35.06424],[-109.803,35.06254],[-109.80062,35.06246]]]},"properties":{"cell":"8948c818a37ffff","res":9,"coarsened":false,"count":12,"hv":12,"mp":0,"y0":2007,"y1":2026,"sp":[[7,5,5,0,2007,2025],[8,2,2,0,2016,2016],[100,1,1,0,2020,2020],[191,1,1,0,2007,2007],[48,1,1,0,2026,2026],[22,1,1,0,2026,2026],[56,1,1,0,2026,2026]]}},{"type":"Feature","geometry":{"type":"Polygon","coordinates":[[[-109.79308,35.06886],[-109.79179,35.07049],[-109.79289,35.07219],[-109.79527,35.07227],[-109.79656,35.07065],[-109.79546,35.06895],[-109.79308,35.06886]]]},"properties":{"cell":"8948c80a493ffff","res":9,"coarsened":false,"count":10,"hv":10,"mp":0,"y0":2007,"y1":2025,"sp":[[7,6,6,0,2024,2025],[10,1,1,0,2016,2016],[22,1,1,0,2017,2017],[19,1,1,0,2007,2007],[49,1,1,0,2024,2024]]}},{"type":"Feature","geometry":{"type":"Polygon","coordinates":[[[-109.80059,35.0008],[-109.7993,35.00243],[-109.8004,35.00413],[-109.80278,35.00421],[-109.80407,35.00259],[-109.80298,35.00088],[-109.80059,35.0008]]]},"properties":{"cell":"8948c818197ffff","res":9,"coarsened":false,"count":4,"hv":4,"mp":0,"y0":2016,"y1":2023,"sp":[[80,1,1,0,2016,2016],[74,1,1,0,2016,2016],[101,1,1,0,2019,2019],[10,1,1,0,2023,2023]]}},{"type":"Feature","geometry":{"type":"Polygon","coordinates":[[[-109.79829,35.04072],[-109.797,35.04234],[-109.7981,35.04404],[-109.80048,35.04412],[-109.80177,35.0425],[-109.80067,35.0408],[-109.79829,35.04072]]]},"properties":{"cell":"8948c818e23ffff","res":9,"coarsened":false,"count":1,"hv":1,"mp":0,"y0":2016,"y1":2016,"sp":[[81,1,1,0,2016,2016]]}},{"type":"Feature","geometry":{"type":"Polygon","coordinates":[[[-109.79269,35.07551],[-109.79141,35.07714],[-109.7925,35.07884],[-109.79489,35.07892],[-109.79618,35.0773],[-109.79508,35.0756],[-109.79269,35.07551]]]},"properties":{"cell":"8948c80a48fffff","res":9,"coarsened":false,"count":9,"hv":9,"mp":0,"y0":1995,"y1":2023,"sp":[[23,5,5,0,2016,2023],[74,1,1,0,2016,2016],[2,1,1,0,2017,2017],[26,1,1,0,2017,2017],[27,1,1,0,1995,1995]]}},{"type":"Feature","geometry":{"type":"Polygon","coordinates":[[[-109.79752,35.05402],[-109.79623,35.05564],[-109.79733,35.05735],[-109.79971,35.05743],[-109.801,35.0558],[-109.79991,35.0541],[-109.79752,35.05402]]]},"properties":{"cell":"8948c818abbffff","res":9,"coarsened":false,"count":1,"hv":1,"mp":0,"y0":2016,"y1":2016,"sp":[[13,1,1,0,2016,2016]]}},{"type":"Feature","geometry":{"type":"Polygon","coordinates":[[[-109.79985,35.07576],[-109.79856,35.07738],[-109.79966,35.07908],[-109.80204,35.07916],[-109.80333,35.07754],[-109.80224,35.07584],[-109.79985,35.07576]]]},"properties":{"cell":"8948c80a4b3ffff","res":9,"coarsened":false,"count":4,"hv":4,"mp":0,"y0":2016,"y1":2026,"sp":[[23,2,2,0,2016,2026],[77,1,1,0,2016,2016],[74,1,1,0,2016,2016]]}},{"type":"Feature","geometry":{"type":"Polygon","coordinates":[[[-109.79714,35.06067],[-109.79585,35.06229],[-109.79694,35.064],[-109.79933,35.06408],[-109.80062,35.06246],[-109.79952,35.06075],[-109.79714,35.06067]]]},"properties":{"cell":"8948c818a33ffff","res":9,"coarsened":false,"count":1,"hv":1,"mp":0,"y0":2016,"y1":2016,"sp":[[8,1,1,0,2016,2016]]}},{"type":"Feature","geometry":{"type":"Polygon","coordinates":[[[-109.79598,35.08062],[-109.7947,35.08225],[-109.79579,35.08395],[-109.79818,35.08403],[-109.79947,35.08241],[-109.79837,35.0807],[-109.79598,35.08062]]]},"properties":{"cell":"8948c80a4abffff","res":9,"coarsened":false,"count":11,"hv":11,"mp":0,"y0":1984,"y1":2026,"sp":[[7,2,2,0,1984,2023],[55,2,2,0,2022,2026],[23,1,1,0,2016,2016],[86,1,1,0,2016,2016],[22,1,1,0,2016,2016],[67,1,1,0,2017,2017],[28,1,1,0,2018,2018],[18,1,1,0,2020,2020],[48,1,1,0,2023,2023]]}},{"type":"Feature","geometry":{"type":"Polygon","coordinates":[[[-109.6543,34.99078],[-109.65302,34.99241],[-109.65411,34.99411],[-109.65649,34.99419],[-109.65778,34.99257],[-109.65669,34.99087],[-109.6543,34.99078]]]},"properties":{"cell":"8948c8ccb27ffff","res":9,"coarsened":false,"count":1,"hv":1,"mp":0,"y0":2016,"y1":2016,"sp":[[20,1,1,0,2016,2016]]}},{"type":"Feature","geometry":{"type":"Polygon","coordinates":[[[-109.79982,35.01411],[-109.79854,35.01573],[-109.79963,35.01744],[-109.80202,35.01752],[-109.8033,35.01589],[-109.80221,35.01419],[-109.79982,35.01411]]]},"properties":{"cell":"8948c818133ffff","res":9,"coarsened":false,"count":4,"hv":4,"mp":0,"y0":2016,"y1":2024,"sp":[[80,1,1,0,2016,2016],[27,1,1,0,2017,2017],[7,1,1,0,2019,2019],[13,1,1,0,2024,2024]]}},{"type":"Feature","geometry":{"type":"Polygon","coordinates":[[[-109.76794,35.06968],[-109.76665,35.0713],[-109.76775,35.07301],[-109.77013,35.07309],[-109.77142,35.07146],[-109.77033,35.06976],[-109.76794,35.06968]]]},"properties":{"cell":"8948c819907ffff","res":9,"coarsened":false,"count":5,"hv":5,"mp":0,"y0":2016,"y1":2018,"sp":[[2,3,3,0,2016,2018],[35,1,1,0,2017,2017],[23,1,1,0,2018,2018]]}},{"type":"Feature","geometry":{"type":"Polygon","coordinates":[[[-109.78472,34.90357],[-109.78343,34.9052],[-109.78453,34.9069],[-109.78691,34.90698],[-109.7882,34.90536],[-109.7871,34.90366],[-109.78472,34.90357]]]},"properties":{"cell":"8948c8c59a3ffff","res":9,"coarsened":false,"count":1,"hv":1,"mp":0,"y0":2016,"y1":2016,"sp":[[8,1,1,0,2016,2016]]}},{"type":"Feature","geometry":{"type":"Polygon","coordinates":[[[-109.78244,35.06684],[-109.78115,35.06846],[-109.78225,35.07017],[-109.78464,35.07025],[-109.78592,35.06862],[-109.78483,35.06692],[-109.78244,35.06684]]]},"properties":{"cell":"8948c818a6bffff","res":9,"coarsened":false,"count":9,"hv":9,"mp":0,"y0":2016,"y1":2017,"sp":[[74,2,2,0,2016,2017],[69,2,2,0,2017,2017],[19,1,1,0,2017,2017],[49,1,1,0,2017,2017],[127,1,1,0,2017,2017],[128,1,1,0,2017,2017],[152,1,1,0,2017,2017]]}},{"type":"Feature","geometry":{"type":"Polygon","coordinates":[[[-109.75924,35.0344],[-109.75795,35.03602],[-109.75904,35.03772],[-109.76143,35.0378],[-109.76272,35.03618],[-109.76162,35.03448],[-109.75924,35.0344]]]},"properties":{"cell":"8948c819dd3ffff","res":9,"coarsened":false,"count":1,"hv":1,"mp":0,"y0":2016,"y1":2016,"sp":[[91,1,1,0,2016,2016]]}},{"type":"Feature","geometry":{"type":"Polygon","coordinates":[[[-109.77877,35.06838],[-109.77748,35.07],[-109.77858,35.07171],[-109.78096,35.07179],[-109.78225,35.07017],[-109.78115,35.06846],[-109.77877,35.06838]]]},"properties":{"cell":"8948c8199a7ffff","res":9,"coarsened":false,"count":7,"hv":7,"mp":0,"y0":2016,"y1":2018,"sp":[[38,1,1,0,2016,2016],[14,1,1,0,2017,2017],[8,1,1,0,2017,2017],[23,1,1,0,2018,2018],[74,1,1,0,2018,2018],[24,1,1,0,2018,2018],[179,1,1,0,2018,2018]]}},{"type":"Feature","geometry":{"type":"Polygon","coordinates":[[[-109.78414,34.91356],[-109.78286,34.91518],[-109.78395,34.91689],[-109.78633,34.91697],[-109.78762,34.91535],[-109.78652,34.91364],[-109.78414,34.91356]]]},"properties":{"cell":"8948c8c5927ffff","res":9,"coarsened":false,"count":2,"hv":2,"mp":0,"y0":2016,"y1":2019,"sp":[[17,1,1,0,2016,2016],[27,1,1,0,2019,2019]]}},{"type":"Feature","geometry":{"type":"Polygon","coordinates":[[[-109.7716,34.94481],[-109.77031,34.94644],[-109.7714,34.94814],[-109.77379,34.94822],[-109.77507,34.9466],[-109.77398,34.9449],[-109.7716,34.94481]]]},"properties":{"cell":"8948c81a28bffff","res":9,"coarsened":false,"count":4,"hv":4,"mp":0,"y0":2003,"y1":2024,"sp":[[22,2,2,0,2016,2018],[27,1,1,0,2003,2003],[7,1,1,0,2024,2024]]}},{"type":"Feature","geometry":{"type":"Polygon","coordinates":[[[-109.86514,34.8112],[-109.86386,34.81282],[-109.86495,34.81453],[-109.86733,34.81461],[-109.86861,34.81298],[-109.86752,34.81128],[-109.86514,34.8112]]]},"properties":{"cell":"8948c8c6c27ffff","res":9,"coarsened":false,"count":8,"hv":8,"mp":0,"y0":2016,"y1":2024,"sp":[[19,2,2,0,2016,2023],[7,2,2,0,2018,2018],[24,1,1,0,2016,2016],[56,1,1,0,2018,2018],[124,1,1,0,2023,2023],[5,1,1,0,2024,2024]]}},{"type":"Feature","geometry":{"type":"Polygon","coordinates":[[[-109.78881,35.01874],[-109.78752,35.02036],[-109.78862,35.02206],[-109.791,35.02214],[-109.79229,35.02052],[-109.79119,35.01882],[-109.78881,35.01874]]]},"properties":{"cell":"8948c818163ffff","res":9,"coarsened":false,"count":1,"hv":1,"mp":0,"y0":2016,"y1":2016,"sp":[[22,1,1,0,2016,2016]]}},{"type":"Feature","geometry":{"type":"Polygon","coordinates":[[[-109.80631,34.83926],[-109.80503,34.84088],[-109.80612,34.84259],[-109.8085,34.84267],[-109.80979,34.84104],[-109.80869,34.83934],[-109.80631,34.83926]]]},"properties":{"cell":"8948c8c4183ffff","res":9,"coarsened":false,"count":4,"hv":4,"mp":0,"y0":2016,"y1":2019,"sp":[[8,1,1,0,2016,2016],[7,1,1,0,2018,2018],[22,1,1,0,2018,2018],[100,1,1,0,2019,2019]]}},{"type":"Feature","geometry":{"type":"Polygon","coordinates":[[[-109.79462,35.04226],[-109.79333,35.04388],[-109.79442,35.04559],[-109.79681,35.04567],[-109.7981,35.04404],[-109.797,35.04234],[-109.79462,35.04226]]]},"properties":{"cell":"8948c818e2bffff","res":9,"coarsened":false,"count":2,"hv":2,"mp":0,"y0":2016,"y1":2023,"sp":[[22,1,1,0,2016,2016],[47,1,1,0,2023,2023]]}},{"type":"Feature","geometry":{"type":"Polygon","coordinates":[[[-109.78395,34.91689],[-109.78266,34.91851],[-109.78376,34.92022],[-109.78614,34.9203],[-109.78743,34.91867],[-109.78633,34.91697],[-109.78395,34.91689]]]},"properties":{"cell":"8948c81a45bffff","res":9,"coarsened":false,"count":1,"hv":1,"mp":0,"y0":2016,"y1":2016,"sp":[[8,1,1,0,2016,2016]]}},{"type":"Feature","geometry":{"type":"Polygon","coordinates":[[[-109.79618,35.0773],[-109.79489,35.07892],[-109.79598,35.08062],[-109.79837,35.0807],[-109.79966,35.07908],[-109.79856,35.07738],[-109.79618,35.0773]]]},"properties":{"cell":"8948c80a4bbffff","res":9,"coarsened":false,"count":13,"hv":13,"mp":0,"y0":2016,"y1":2025,"sp":[[23,9,9,0,2016,2025],[56,1,1,0,2020,2020],[24,1,1,0,2020,2020],[7,1,1,0,2023,2023],[55,1,1,0,2023,2023]]}},{"type":"Feature","geometry":{"type":"Polygon","coordinates":[[[-109.78592,35.06862],[-109.78464,35.07025],[-109.78573,35.07195],[-109.78812,35.07203],[-109.78941,35.07041],[-109.78831,35.0687],[-109.78592,35.06862]]]},"properties":{"cell":"8948c818a6fffff","res":9,"coarsened":false,"count":6,"hv":6,"mp":0,"y0":2016,"y1":2024,"sp":[[56,3,3,0,2017,2017],[23,1,1,0,2016,2016],[41,1,1,0,2017,2017],[19,1,1,0,2024,2024]]}},{"type":"Feature","geometry":{"type":"Polygon","coordinates":[[[-109.7934,34.87718],[-109.79211,34.87881],[-109.79321,34.88051],[-109.79559,34.88059],[-109.79687,34.87897],[-109.79578,34.87727],[-109.7934,34.87718]]]},"properties":{"cell":"8948c8c4e7bffff","res":9,"coarsened":false,"count":2,"hv":2,"mp":0,"y0":2016,"y1":2022,"sp":[[27,1,1,0,2016,2016],[55,1,1,0,2022,2022]]}},{"type":"Feature","geometry":{"type":"Polygon","coordinates":[[[-109.68345,35.04346],[-109.68216,35.04508],[-109.68326,35.04679],[-109.68564,35.04687],[-109.68693,35.04525],[-109.68584,35.04354],[-109.68345,35.04346]]]},"properties":{"cell":"8948c856dd3ffff","res":9,"coarsened":false,"count":1,"hv":1,"mp":0,"y0":2016,"y1":2016,"sp":[[5,1,1,0,2016,2016]]}},{"type":"Feature","geometry":{"type":"Polygon","coordinates":[[[-109.76522,34.93126],[-109.76393,34.93288],[-109.76503,34.93459],[-109.76741,34.93467],[-109.7687,34.93305],[-109.7676,34.93134],[-109.76522,34.93126]]]},"properties":{"cell":"8948c81a647ffff","res":9,"coarsened":false,"count":2,"hv":2,"mp":0,"y0":2016,"y1":2018,"sp":[[44,1,1,0,2016,2016],[27,1,1,0,2018,2018]]}},{"type":"Feature","geometry":{"type":"Polygon","coordinates":[[[-109.81125,35.06448],[-109.80997,35.0661],[-109.81106,35.0678],[-109.81345,35.06788],[-109.81473,35.06626],[-109.81364,35.06456],[-109.81125,35.06448]]]},"properties":{"cell":"8948c818bc7ffff","res":9,"coarsened":false,"count":3,"hv":3,"mp":0,"y0":2015,"y1":2022,"sp":[[23,2,2,0,2016,2022],[55,1,1,0,2015,2015]]}},{"type":"Feature","geometry":{"type":"Polygon","coordinates":[[[-109.74918,35.08404],[-109.74789,35.08566],[-109.74899,35.08736],[-109.75138,35.08744],[-109.75266,35.08582],[-109.75157,35.08412],[-109.74918,35.08404]]]},"properties":{"cell":"8948c819b37ffff","res":9,"coarsened":false,"count":2,"hv":2,"mp":0,"y0":2016,"y1":2018,"sp":[[100,1,1,0,2016,2016],[20,1,1,0,2018,2018]]}},{"type":"Feature","geometry":{"type":"Polygon","coordinates":[[[-109.78941,35.07041],[-109.78812,35.07203],[-109.78921,35.07373],[-109.7916,35.07381],[-109.79289,35.07219],[-109.79179,35.07049],[-109.78941,35.07041]]]},"properties":{"cell":"8948c80a49bffff","res":9,"coarsened":false,"count":5,"hv":5,"mp":0,"y0":2015,"y1":2017,"sp":[[22,2,2,0,2016,2017],[110,1,1,0,2017,2017],[24,1,1,0,2017,2017],[23,1,1,0,2015,2015]]}},{"type":"Feature","geometry":{"type":"Polygon","coordinates":[[[-109.79637,35.07397],[-109.79508,35.0756],[-109.79618,35.0773],[-109.79856,35.07738],[-109.79985,35.07576],[-109.79875,35.07405],[-109.79637,35.07397]]]},"properties":{"cell":"8948c80a487ffff","res":9,"coarsened":false,"count":1,"hv":1,"mp":0,"y0":2016,"y1":2016,"sp":[[74,1,1,0,2016,2016]]}},{"type":"Feature","geometry":{"type":"Polygon","coordinates":[[[-109.78973,34.87873],[-109.78845,34.88035],[-109.78954,34.88206],[-109.79192,34.88214],[-109.79321,34.88051],[-109.79211,34.87881],[-109.78973,34.87873]]]},"properties":{"cell":"8948c8c5db7ffff","res":9,"coarsened":false,"count":2,"hv":2,"mp":0,"y0":2017,"y1":2021,"sp":[[24,1,1,0,2017,2017],[27,1,1,0,2021,2021]]}},{"type":"Feature","geometry":{"type":"Polygon","coordinates":[[[-109.79807,34.98239],[-109.79679,34.98401],[-109.79788,34.98571],[-109.80026,34.98579],[-109.80155,34.98417],[-109.80046,34.98247],[-109.79807,34.98239]]]},"properties":{"cell":"8948c81858fffff","res":9,"coarsened":false,"count":6,"hv":6,"mp":0,"y0":2017,"y1":2024,"sp":[[7,3,3,0,2017,2024],[22,1,1,0,2017,2017],[43,1,1,0,2017,2017],[122,1,1,0,2021,2021]]}},{"type":"Feature","geometry":{"type":"Polygon","coordinates":[[[-109.79692,35.00235],[-109.79563,35.00397],[-109.79673,35.00567],[-109.79911,35.00575],[-109.8004,35.00413],[-109.7993,35.00243],[-109.79692,35.00235]]]},"properties":{"cell":"8948c818183ffff","res":9,"coarsened":false,"count":5,"hv":5,"mp":0,"y0":2017,"y1":2018,"sp":[[101,4,4,0,2017,2017],[22,1,1,0,2018,2018]]}},{"type":"Feature","geometry":{"type":"Polygon","coordinates":[[[-109.71496,35.05621],[-109.71367,35.05783],[-109.71477,35.05954],[-109.71715,35.05962],[-109.71844,35.058],[-109.71735,35.05629],[-109.71496,35.05621]]]},"properties":{"cell":"8948c819a9bffff","res":9,"coarsened":false,"count":1,"hv":1,"mp":0,"y0":2017,"y1":2017,"sp":[[23,1,1,0,2017,2017]]}},{"type":"Feature","geometry":{"type":"Polygon","coordinates":[[[-109.82136,34.82642],[-109.82007,34.82804],[-109.82117,34.82975],[-109.82355,34.82983],[-109.82483,34.8282],[-109.82374,34.8265],[-109.82136,34.82642]]]},"properties":{"cell":"8948c8c6ad3ffff","res":9,"coarsened":false,"count":1,"hv":1,"mp":0,"y0":2016,"y1":2016,"sp":[[19,1,1,0,2016,2016]]}},{"type":"Feature","geometry":{"type":"Polygon","coordinates":[[[-109.80021,35.00746],[-109.79892,35.00908],[-109.80002,35.01078],[-109.8024,35.01086],[-109.80369,35.00924],[-109.80259,35.00754],[-109.80021,35.00746]]]},"properties":{"cell":"8948c8181bbffff","res":9,"coarsened":false,"count":3,"hv":3,"mp":0,"y0":2017,"y1":2025,"sp":[[27,1,1,0,2017,2017],[114,1,1,0,2017,2017],[7,1,1,0,2025,2025]]}},{"type":"Feature","geometry":{"type":"Polygon","coordinates":[[[-109.79289,35.07219],[-109.7916,35.07381],[-109.79269,35.07551],[-109.79508,35.0756],[-109.79637,35.07397],[-109.79527,35.07227],[-109.79289,35.07219]]]},"properties":{"cell":"8948c80a483ffff","res":9,"coarsened":false,"count":2,"hv":2,"mp":0,"y0":2017,"y1":2017,"sp":[[23,2,2,0,2017,2017]]}},{"type":"Feature","geometry":{"type":"Polygon","coordinates":[[[-109.79887,35.03074],[-109.79758,35.03236],[-109.79867,35.03407],[-109.80106,35.03415],[-109.80235,35.03252],[-109.80125,35.03082],[-109.79887,35.03074]]]},"properties":{"cell":"8948c818ebbffff","res":9,"coarsened":false,"count":3,"hv":3,"mp":0,"y0":2017,"y1":2023,"sp":[[24,1,1,0,2017,2017],[19,1,1,0,2017,2017],[55,1,1,0,2023,2023]]}},{"type":"Feature","geometry":{"type":"Polygon","coordinates":[[[-109.75305,34.83244],[-109.75177,34.83406],[-109.75286,34.83577],[-109.75524,34.83585],[-109.75653,34.83423],[-109.75543,34.83252],[-109.75305,34.83244]]]},"properties":{"cell":"8948c8c4667ffff","res":9,"coarsened":false,"count":1,"hv":1,"mp":0,"y0":2017,"y1":2017,"sp":[[19,1,1,0,2017,2017]]}},{"type":"Feature","geometry":{"type":"Polygon","coordinates":[[[-109.79615,35.01565],[-109.79487,35.01728],[-109.79596,35.01898],[-109.79835,35.01906],[-109.79963,35.01744],[-109.79854,35.01573],[-109.79615,35.01565]]]},"properties":{"cell":"8948c81813bffff","res":9,"coarsened":false,"count":1,"hv":1,"mp":0,"y0":2015,"y1":2015,"sp":[[7,1,1,0,2015,2015]]}},{"type":"Feature","geometry":{"type":"Polygon","coordinates":[[[-109.76039,34.89107],[-109.7591,34.8927],[-109.7602,34.8944],[-109.76258,34.89448],[-109.76387,34.89286],[-109.76277,34.89115],[-109.76039,34.89107]]]},"properties":{"cell":"8948c8c58a3ffff","res":9,"coarsened":false,"count":2,"hv":2,"mp":0,"y0":2017,"y1":2018,"sp":[[101,1,1,0,2017,2017],[24,1,1,0,2018,2018]]}},{"type":"Feature","geometry":{"type":"Polygon","coordinates":[[[-109.79963,35.01744],[-109.79835,35.01906],[-109.79944,35.02076],[-109.80182,35.02084],[-109.80311,35.01922],[-109.80202,35.01752],[-109.79963,35.01744]]]},"properties":{"cell":"8948c818123ffff","res":9,"coarsened":false,"count":1,"hv":1,"mp":0,"y0":2017,"y1":2017,"sp":[[47,1,1,0,2017,2017]]}},{"type":"Feature","geometry":{"type":"Polygon","coordinates":[[[-109.79517,34.97062],[-109.79388,34.97224],[-109.79498,34.97395],[-109.79736,34.97403],[-109.79865,34.9724],[-109.79755,34.9707],[-109.79517,34.97062]]]},"properties":{"cell":"8948c81a377ffff","res":9,"coarsened":false,"count":12,"hv":12,"mp":0,"y0":2015,"y1":2026,"sp":[[22,1,1,0,2017,2017],[124,1,1,0,2018,2018],[133,1,1,0,2018,2018],[94,1,1,0,2018,2018],[91,1,1,0,2018,2018],[110,1,1,0,2018,2018],[132,1,1,0,2018,2018],[65,1,1,0,2018,2018],[18,1,1,0,2018,2018],[100,1,1,0,2018,2018],[7,1,1,0,2015,2015],[216,1,1,0,2026,2026]]}},{"type":"Feature","geometry":{"type":"Polygon","coordinates":[[[-109.79788,34.98571],[-109.79659,34.98734],[-109.79769,34.98904],[-109.80007,34.98912],[-109.80136,34.9875],[-109.80026,34.98579],[-109.79788,34.98571]]]},"properties":{"cell":"8948c818517ffff","res":9,"coarsened":false,"count":4,"hv":4,"mp":0,"y0":2017,"y1":2021,"sp":[[22,2,2,0,2018,2021],[48,1,1,0,2017,2017],[7,1,1,0,2017,2017]]}},{"type":"Feature","geometry":{"type":"Polygon","coordinates":[[[-109.87556,34.81655],[-109.87428,34.81818],[-109.87537,34.81988],[-109.87775,34.81996],[-109.87904,34.81834],[-109.87794,34.81663],[-109.87556,34.81655]]]},"properties":{"cell":"8948c8c6d0bffff","res":9,"coarsened":false,"count":3,"hv":3,"mp":0,"y0":2017,"y1":2022,"sp":[[27,1,1,0,2017,2017],[55,1,1,0,2018,2018],[7,1,1,0,2022,2022]]}},{"type":"Feature","geometry":{"type":"Polygon","coordinates":[[[-109.80363,34.88587],[-109.80235,34.88749],[-109.80344,34.8892],[-109.80582,34.88928],[-109.80711,34.88766],[-109.80601,34.88595],[-109.80363,34.88587]]]},"properties":{"cell":"8948c8c4a83ffff","res":9,"coarsened":false,"count":4,"hv":4,"mp":0,"y0":2017,"y1":2023,"sp":[[19,2,2,0,2018,2023],[47,1,1,0,2017,2017],[7,1,1,0,2018,2018]]}},{"type":"Feature","geometry":{"type":"Polygon","coordinates":[[[-109.80254,35.0292],[-109.80125,35.03082],[-109.80235,35.03252],[-109.80473,35.0326],[-109.80602,35.03098],[-109.80492,35.02928],[-109.80254,35.0292]]]},"properties":{"cell":"8948c818eb3ffff","res":9,"coarsened":false,"count":2,"hv":2,"mp":0,"y0":2017,"y1":2019,"sp":[[27,2,2,0,2017,2019]]}},{"type":"Feature","geometry":{"type":"Polygon","coordinates":[[[-109.80081,35.05913],[-109.79952,35.06075],[-109.80062,35.06246],[-109.803,35.06254],[-109.80429,35.06091],[-109.80319,35.05921],[-109.80081,35.05913]]]},"properties":{"cell":"8948c818aafffff","res":9,"coarsened":false,"count":2,"hv":2,"mp":0,"y0":2017,"y1":2018,"sp":[[7,1,1,0,2017,2017],[35,1,1,0,2018,2018]]}},{"type":"Feature","geometry":{"type":"Polygon","coordinates":[[[-109.76775,35.07301],[-109.76646,35.07463],[-109.76756,35.07633],[-109.76994,35.07641],[-109.77123,35.07479],[-109.77013,35.07309],[-109.76775,35.07301]]]},"properties":{"cell":"8948c81993bffff","res":9,"coarsened":false,"count":4,"hv":4,"mp":0,"y0":2017,"y1":2024,"sp":[[24,1,1,0,2017,2017],[100,1,1,0,2017,2017],[48,1,1,0,2018,2018],[26,1,1,0,2024,2024]]}},{"type":"Feature","geometry":{"type":"Polygon","coordinates":[[[-109.7896,35.06708],[-109.78831,35.0687],[-109.78941,35.07041],[-109.79179,35.07049],[-109.79308,35.06886],[-109.79198,35.06716],[-109.7896,35.06708]]]},"properties":{"cell":"8948c818a67ffff","res":9,"coarsened":false,"count":3,"hv":3,"mp":0,"y0":2008,"y1":2017,"sp":[[26,1,1,0,2017,2017],[92,1,1,0,2017,2017],[7,1,1,0,2008,2008]]}},{"type":"Feature","geometry":{"type":"Polygon","coordinates":[[[-109.79208,34.96218],[-109.79079,34.9638],[-109.79188,34.96551],[-109.79427,34.96559],[-109.79555,34.96396],[-109.79446,34.96226],[-109.79208,34.96218]]]},"properties":{"cell":"8948c81a31bffff","res":9,"coarsened":false,"count":5,"hv":5,"mp":0,"y0":2017,"y1":2024,"sp":[[38,2,2,0,2017,2017],[74,1,1,0,2018,2018],[15,1,1,0,2024,2024],[27,1,1,0,2024,2024]]}},{"type":"Feature","geometry":{"type":"Polygon","coordinates":[[[-109.78762,34.91535],[-109.78633,34.91697],[-109.78743,34.91867],[-109.78981,34.91876],[-109.7911,34.91713],[-109.79,34.91543],[-109.78762,34.91535]]]},"properties":{"cell":"8948c81a453ffff","res":9,"coarsened":false,"count":1,"hv":1,"mp":0,"y0":2017,"y1":2017,"sp":[[27,1,1,0,2017,2017]]}},{"type":"Feature","geometry":{"type":"Polygon","coordinates":[[[-109.7915,34.97216],[-109.79021,34.97379],[-109.79131,34.97549],[-109.79369,34.97557],[-109.79498,34.97395],[-109.79388,34.97224],[-109.7915,34.97216]]]},"properties":{"cell":"8948c81a363ffff","res":9,"coarsened":false,"count":30,"hv":30,"mp":0,"y0":2017,"y1":2024,"sp":[[55,10,10,0,2017,2024],[65,4,4,0,2019,2022],[14,3,3,0,2018,2019],[49,2,2,0,2020,2024],[56,2,2,0,2020,2021],[40,2,2,0,2021,2021],[35,1,1,0,2017,2017],[28,1,1,0,2017,2017],[121,1,1,0,2021,2021],[41,1,1,0,2021,2021],[193,1,1,0,2021,2021],[8,1,1,0,2022,2022],[7,1,1,0,2024,2024]]}},{"type":"Feature","geometry":{"type":"Polygon","coordinates":[[[-109.78612,35.0653],[-109.78483,35.06692],[-109.78592,35.06862],[-109.78831,35.0687],[-109.7896,35.06708],[-109.7885,35.06538],[-109.78612,35.0653]]]},"properties":{"cell":"8948c818a63ffff","res":9,"coarsened":false,"count":1,"hv":1,"mp":0,"y0":2017,"y1":2017,"sp":[[109,1,1,0,2017,2017]]}},{"type":"Feature","geometry":{"type":"Polygon","coordinates":[[[-109.79848,35.03739],[-109.79719,35.03902],[-109.79829,35.04072],[-109.80067,35.0408],[-109.80196,35.03918],[-109.80087,35.03747],[-109.79848,35.03739]]]},"properties":{"cell":"8948c818e33ffff","res":9,"coarsened":false,"count":2,"hv":2,"mp":0,"y0":2017,"y1":2024,"sp":[[26,2,2,0,2017,2024]]}},{"type":"Feature","geometry":{"type":"Polygon","coordinates":[[[-109.80407,35.00259],[-109.80278,35.00421],[-109.80388,35.00591],[-109.80626,35.00599],[-109.80755,35.00437],[-109.80646,35.00267],[-109.80407,35.00259]]]},"properties":{"cell":"8948c81aa4bffff","res":9,"coarsened":false,"count":1,"hv":1,"mp":0,"y0":2017,"y1":2017,"sp":[[13,1,1,0,2017,2017]]}},{"type":"Feature","geometry":{"type":"Polygon","coordinates":[[[-109.7799,34.92509],[-109.77861,34.92671],[-109.7797,34.92842],[-109.78209,34.9285],[-109.78337,34.92687],[-109.78228,34.92517],[-109.7799,34.92509]]]},"properties":{"cell":"8948c81a6bbffff","res":9,"coarsened":false,"count":2,"hv":2,"mp":0,"y0":2017,"y1":2017,"sp":[[15,1,1,0,2017,2017],[28,1,1,0,2017,2017]]}},{"type":"Feature","geometry":{"type":"Polygon","coordinates":[[[-109.7986,34.849],[-109.79731,34.85063],[-109.79841,34.85233],[-109.80079,34.85241],[-109.80207,34.85079],[-109.80098,34.84908],[-109.7986,34.849]]]},"properties":{"cell":"8948c8c410bffff","res":9,"coarsened":false,"count":2,"hv":2,"mp":0,"y0":2017,"y1":2021,"sp":[[19,1,1,0,2017,2017],[10,1,1,0,2021,2021]]}},{"type":"Feature","geometry":{"type":"Polygon","coordinates":[[[-109.75769,34.93767],[-109.7564,34.9393],[-109.7575,34.941],[-109.75988,34.94108],[-109.76117,34.93946],[-109.76007,34.93775],[-109.75769,34.93767]]]},"properties":{"cell":"8948c81b5a3ffff","res":9,"coarsened":false,"count":12,"hv":12,"mp":0,"y0":2017,"y1":2026,"sp":[[55,4,4,0,2017,2024],[96,1,1,0,2017,2017],[56,1,1,0,2018,2018],[65,1,1,0,2021,2021],[8,1,1,0,2019,2019],[27,1,1,0,2026,2026],[16,1,1,0,2026,2026],[18,1,1,0,2024,2024],[7,1,1,0,2024,2024]]}},{"type":"Feature","geometry":{"type":"Polygon","coordinates":[[[-109.78979,35.06376],[-109.7885,35.06538],[-109.7896,35.06708],[-109.79198,35.06716],[-109.79327,35.06554],[-109.79218,35.06384],[-109.78979,35.06376]]]},"properties":{"cell":"8948c818a77ffff","res":9,"coarsened":false,"count":1,"hv":1,"mp":0,"y0":2017,"y1":2017,"sp":[[50,1,1,0,2017,2017]]}},{"type":"Feature","geometry":{"type":"Polygon","coordinates":[[[-109.85838,34.8043],[-109.8571,34.80592],[-109.85819,34.80763],[-109.86057,34.80771],[-109.86186,34.80608],[-109.86076,34.80438],[-109.85838,34.8043]]]},"properties":{"cell":"8948c8c6c07ffff","res":9,"coarsened":false,"count":3,"hv":3,"mp":0,"y0":2017,"y1":2025,"sp":[[55,2,2,0,2017,2017],[19,1,1,0,2025,2025]]}},{"type":"Feature","geometry":{"type":"Polygon","coordinates":[[[-109.78702,34.86362],[-109.78574,34.86525],[-109.78683,34.86695],[-109.78921,34.86704],[-109.7905,34.86541],[-109.78941,34.86371],[-109.78702,34.86362]]]},"properties":{"cell":"8948c8c4337ffff","res":9,"coarsened":false,"count":31,"hv":31,"mp":0,"y0":2013,"y1":2026,"sp":[[19,19,19,0,2019,2026],[55,6,6,0,2019,2026],[7,3,3,0,2021,2025],[8,1,1,0,2017,2017],[74,1,1,0,2017,2017],[27,1,1,0,2013,2013]]}},{"type":"Feature","geometry":{"type":"Polygon","coordinates":[[[-109.86861,34.81298],[-109.86733,34.81461],[-109.86843,34.81631],[-109.8708,34.81639],[-109.87209,34.81477],[-109.87099,34.81306],[-109.86861,34.81298]]]},"properties":{"cell":"8948c8c6d53ffff","res":9,"coarsened":false,"count":9,"hv":9,"mp":0,"y0":2017,"y1":2025,"sp":[[19,4,4,0,2017,2025],[55,3,3,0,2019,2023],[7,2,2,0,2018,2023]]}},{"type":"Feature","geometry":{"type":"Polygon","coordinates":[[[-109.78573,35.07195],[-109.78444,35.07357],[-109.78554,35.07527],[-109.78792,35.07535],[-109.78921,35.07373],[-109.78812,35.07203],[-109.78573,35.07195]]]},"properties":{"cell":"8948c80a4d7ffff","res":9,"coarsened":false,"count":3,"hv":3,"mp":0,"y0":2017,"y1":2024,"sp":[[23,1,1,0,2017,2017],[65,1,1,0,2017,2017],[39,1,1,0,2024,2024]]}},{"type":"Feature","geometry":{"type":"Polygon","coordinates":[[[-109.77838,35.07503],[-109.7771,35.07665],[-109.77819,35.07836],[-109.78058,35.07844],[-109.78187,35.07682],[-109.78077,35.07511],[-109.77838,35.07503]]]},"properties":{"cell":"8948c80a4cbffff","res":9,"coarsened":false,"count":1,"hv":1,"mp":0,"y0":2017,"y1":2017,"sp":[[51,1,1,0,2017,2017]]}},{"type":"Feature","geometry":{"type":"Polygon","coordinates":[[[-109.77471,35.07657],[-109.77342,35.0782],[-109.77452,35.0799],[-109.7769,35.07998],[-109.77819,35.07836],[-109.7771,35.07665],[-109.77471,35.07657]]]},"properties":{"cell":"8948c819927ffff","res":9,"coarsened":false,"count":1,"hv":1,"mp":0,"y0":2017,"y1":2017,"sp":[[112,1,1,0,2017,2017]]}},{"type":"Feature","geometry":{"type":"Polygon","coordinates":[[[-109.75788,34.93434],[-109.75659,34.93597],[-109.75769,34.93767],[-109.76007,34.93775],[-109.76136,34.93613],[-109.76026,34.93443],[-109.75788,34.93434]]]},"properties":{"cell":"8948c81b5b3ffff","res":9,"coarsened":false,"count":5,"hv":5,"mp":0,"y0":2016,"y1":2024,"sp":[[7,3,3,0,2016,2024],[55,1,1,0,2017,2017],[65,1,1,0,2024,2024]]}},{"type":"Feature","geometry":{"type":"Polygon","coordinates":[[[-109.78337,34.92687],[-109.78209,34.9285],[-109.78318,34.9302],[-109.78556,34.93028],[-109.78685,34.92866],[-109.78576,34.92695],[-109.78337,34.92687]]]},"properties":{"cell":"8948c81a6a3ffff","res":9,"coarsened":false,"count":7,"hv":7,"mp":0,"y0":2017,"y1":2023,"sp":[[15,2,2,0,2017,2018],[38,2,2,0,2017,2018],[2,2,2,0,2017,2019],[5,1,1,0,2023,2023]]}},{"type":"Feature","geometry":{"type":"Polygon","coordinates":[[[-109.78225,35.07017],[-109.78096,35.07179],[-109.78206,35.07349],[-109.78444,35.07357],[-109.78573,35.07195],[-109.78464,35.07025],[-109.78225,35.07017]]]},"properties":{"cell":"8948c80a4d3ffff","res":9,"coarsened":false,"count":5,"hv":5,"mp":0,"y0":2017,"y1":2024,"sp":[[23,2,2,0,2017,2024],[56,2,2,0,2017,2017],[171,1,1,0,2019,2019]]}},{"type":"Feature","geometry":{"type":"Polygon","coordinates":[[[-109.7749,35.07325],[-109.77361,35.07487],[-109.77471,35.07657],[-109.7771,35.07665],[-109.77838,35.07503],[-109.77729,35.07333],[-109.7749,35.07325]]]},"properties":{"cell":"8948c819937ffff","res":9,"coarsened":false,"count":2,"hv":2,"mp":0,"y0":2015,"y1":2017,"sp":[[41,1,1,0,2017,2017],[23,1,1,0,2015,2015]]}},{"type":"Feature","geometry":{"type":"Polygon","coordinates":[[[-109.79942,34.95909],[-109.79813,34.96072],[-109.79922,34.96242],[-109.80161,34.9625],[-109.80289,34.96088],[-109.8018,34.95917],[-109.79942,34.95909]]]},"properties":{"cell":"8948c81a38fffff","res":9,"coarsened":false,"count":7,"hv":7,"mp":0,"y0":2017,"y1":2022,"sp":[[7,2,2,0,2022,2022],[55,2,2,0,2022,2022],[20,1,1,0,2017,2017],[8,1,1,0,2020,2020],[35,1,1,0,2022,2022]]}},{"type":"Feature","geometry":{"type":"Polygon","coordinates":[[[-109.63141,35.07497],[-109.63012,35.07659],[-109.63121,35.07829],[-109.6336,35.07838],[-109.63489,35.07676],[-109.63379,35.07505],[-109.63141,35.07497]]]},"properties":{"cell":"8948c856a57ffff","res":9,"coarsened":false,"count":1,"hv":1,"mp":0,"y0":2017,"y1":2017,"sp":[[19,1,1,0,2017,2017]]}},{"type":"Feature","geometry":{"type":"Polygon","coordinates":[[[-109.86205,34.80275],[-109.86076,34.80438],[-109.86186,34.80608],[-109.86424,34.80616],[-109.86552,34.80454],[-109.86442,34.80283],[-109.86205,34.80275]]]},"properties":{"cell":"8948c8c6cabffff","res":9,"coarsened":false,"count":8,"hv":8,"mp":0,"y0":2017,"y1":2025,"sp":[[35,2,2,0,2017,2022],[55,2,2,0,2017,2025],[19,2,2,0,2022,2025],[13,1,1,0,2021,2021],[110,1,1,0,2024,2024]]}},{"type":"Feature","geometry":{"type":"Polygon","coordinates":[[[-109.78009,34.92176],[-109.7788,34.92338],[-109.7799,34.92509],[-109.78228,34.92517],[-109.78357,34.92355],[-109.78247,34.92184],[-109.78009,34.92176]]]},"properties":{"cell":"8948c81a687ffff","res":9,"coarsened":false,"count":1,"hv":1,"mp":0,"y0":2017,"y1":2017,"sp":[[15,1,1,0,2017,2017]]}},{"type":"Feature","geometry":{"type":"Polygon","coordinates":[[[-109.79282,34.88717],[-109.79154,34.8888],[-109.79263,34.8905],[-109.79501,34.89058],[-109.7963,34.88896],[-109.7952,34.88725],[-109.79282,34.88717]]]},"properties":{"cell":"8948c8c4ac3ffff","res":9,"coarsened":false,"count":1,"hv":1,"mp":0,"y0":2017,"y1":2017,"sp":[[56,1,1,0,2017,2017]]}},{"type":"Feature","geometry":{"type":"Polygon","coordinates":[[[-109.79263,34.8905],[-109.79134,34.89213],[-109.79244,34.89383],[-109.79482,34.89391],[-109.79611,34.89229],[-109.79501,34.89058],[-109.79263,34.8905]]]},"properties":{"cell":"8948c8c4acfffff","res":9,"coarsened":false,"count":74,"hv":74,"mp":0,"y0":2017,"y1":2026,"sp":[[7,39,39,0,2018,2026],[35,10,10,0,2017,2026],[55,6,6,0,2022,2025],[110,3,3,0,2017,2025],[17,2,2,0,2019,2019],[183,2,2,0,2023,2025],[44,2,2,0,2024,2025],[56,2,2,0,2026,2026],[140,1,1,0,2018,2018],[6,1,1,0,2022,2022],[8,1,1,0,2024,2024],[60,1,1,0,2025,2025],[23,1,1,0,2025,2025],[13,1,1,0,2025,2025],[40,1,1,0,2025,2025],[37,1,1,0,2025,2025]]}},{"type":"Feature","geometry":{"type":"Polygon","coordinates":[[[-109.8035,35.01257],[-109.80221,35.01419],[-109.8033,35.01589],[-109.80569,35.01597],[-109.80698,35.01435],[-109.80588,35.01265],[-109.8035,35.01257]]]},"properties":{"cell":"8948c8181afffff","res":9,"coarsened":false,"count":1,"hv":1,"mp":0,"y0":2017,"y1":2017,"sp":[[43,1,1,0,2017,2017]]}},{"type":"Feature","geometry":{"type":"Polygon","coordinates":[[[-109.79611,34.89229],[-109.79482,34.89391],[-109.79592,34.89562],[-109.7983,34.8957],[-109.79958,34.89407],[-109.79849,34.89237],[-109.79611,34.89229]]]},"properties":{"cell":"8948c8c4a1bffff","res":9,"coarsened":false,"count":1,"hv":1,"mp":0,"y0":2017,"y1":2017,"sp":[[13,1,1,0,2017,2017]]}},{"type":"Feature","geometry":{"type":"Polygon","coordinates":[[[-109.78376,34.92022],[-109.78247,34.92184],[-109.78357,34.92355],[-109.78595,34.92363],[-109.78723,34.922],[-109.78614,34.9203],[-109.78376,34.92022]]]},"properties":{"cell":"8948c81a44bffff","res":9,"coarsened":false,"count":3,"hv":3,"mp":0,"y0":2017,"y1":2025,"sp":[[74,1,1,0,2017,2017],[24,1,1,0,2018,2018],[27,1,1,0,2025,2025]]}},{"type":"Feature","geometry":{"type":"Polygon","coordinates":[[[-109.8707,34.96481],[-109.86942,34.96644],[-109.87051,34.96814],[-109.8729,34.96822],[-109.87418,34.96659],[-109.87308,34.96489],[-109.8707,34.96481]]]},"properties":{"cell":"8948c811367ffff","res":9,"coarsened":false,"count":1,"hv":1,"mp":0,"y0":2017,"y1":2017,"sp":[[2,1,1,0,2017,2017]]}},{"type":"Feature","geometry":{"type":"Polygon","coordinates":[[[-109.67174,34.93804],[-109.67045,34.93967],[-109.67154,34.94137],[-109.67392,34.94146],[-109.67521,34.93983],[-109.67412,34.93813],[-109.67174,34.93804]]]},"properties":{"cell":"8948c8ccd9bffff","res":9,"coarsened":false,"count":1,"hv":1,"mp":0,"y0":2017,"y1":2017,"sp":[[27,1,1,0,2017,2017]]}},{"type":"Feature","geometry":{"type":"Polygon","coordinates":[[[-109.8183,34.87969],[-109.81702,34.88132],[-109.81811,34.88302],[-109.82049,34.8831],[-109.82178,34.88148],[-109.82068,34.87977],[-109.8183,34.87969]]]},"properties":{"cell":"8948c8c48cfffff","res":9,"coarsened":false,"count":2,"hv":2,"mp":0,"y0":2017,"y1":2018,"sp":[[74,2,2,0,2017,2018]]}},{"type":"Feature","geometry":{"type":"Polygon","coordinates":[[[-109.69798,34.97897],[-109.6967,34.98059],[-109.69779,34.98229],[-109.70017,34.98238],[-109.70146,34.98075],[-109.70037,34.97905],[-109.69798,34.97897]]]},"properties":{"cell":"8948c81948fffff","res":9,"coarsened":false,"count":2,"hv":2,"mp":0,"y0":2017,"y1":2023,"sp":[[27,2,2,0,2017,2023]]}},{"type":"Feature","geometry":{"type":"Polygon","coordinates":[[[-109.75228,35.09247],[-109.75099,35.09409],[-109.75208,35.09579],[-109.75447,35.09587],[-109.75576,35.09425],[-109.75466,35.09255],[-109.75228,35.09247]]]},"properties":{"cell":"8948c80a643ffff","res":9,"coarsened":false,"count":1,"hv":1,"mp":0,"y0":2017,"y1":2017,"sp":[[56,1,1,0,2017,2017]]}},{"type":"Feature","geometry":{"type":"Polygon","coordinates":[[[-109.75615,35.0876],[-109.75486,35.08923],[-109.75595,35.09093],[-109.75834,35.09101],[-109.75963,35.08939],[-109.75853,35.08768],[-109.75615,35.0876]]]},"properties":{"cell":"8948c80a6cfffff","res":9,"coarsened":false,"count":1,"hv":1,"mp":0,"y0":2017,"y1":2017,"sp":[[56,1,1,0,2017,2017]]}},{"type":"Feature","geometry":{"type":"Polygon","coordinates":[[[-109.79536,34.96729],[-109.79407,34.96892],[-109.79517,34.97062],[-109.79755,34.9707],[-109.79884,34.96908],[-109.79775,34.96737],[-109.79536,34.96729]]]},"properties":{"cell":"8948c81a30fffff","res":9,"coarsened":false,"count":9,"hv":9,"mp":0,"y0":2016,"y1":2026,"sp":[[7,4,4,0,2016,2026],[27,3,3,0,2025,2025],[121,1,1,0,2017,2017],[55,1,1,0,2022,2022]]}},{"type":"Feature","geometry":{"type":"Polygon","coordinates":[[[-109.79906,35.02741],[-109.79777,35.02904],[-109.79887,35.03074],[-109.80125,35.03082],[-109.80254,35.0292],[-109.80144,35.02749],[-109.79906,35.02741]]]},"properties":{"cell":"8948c818e87ffff","res":9,"coarsened":false,"count":3,"hv":3,"mp":0,"y0":2017,"y1":2018,"sp":[[27,2,2,0,2017,2018],[19,1,1,0,2017,2017]]}},{"type":"Feature","geometry":{"type":"Polygon","coordinates":[[[-109.79731,34.99569],[-109.79602,34.99732],[-109.79711,34.99902],[-109.7995,34.9991],[-109.80078,34.99748],[-109.79969,34.99577],[-109.79731,34.99569]]]},"properties":{"cell":"8948c81852bffff","res":9,"coarsened":false,"count":1,"hv":1,"mp":0,"y0":2017,"y1":2017,"sp":[[19,1,1,0,2017,2017]]}},{"type":"Feature","geometry":{"type":"Polygon","coordinates":[[[-109.79474,34.85388],[-109.79346,34.8555],[-109.79455,34.85721],[-109.79693,34.85729],[-109.79822,34.85566],[-109.79712,34.85396],[-109.79474,34.85388]]]},"properties":{"cell":"8948c8c417bffff","res":9,"coarsened":false,"count":1,"hv":1,"mp":0,"y0":2017,"y1":2017,"sp":[[19,1,1,0,2017,2017]]}},{"type":"Feature","geometry":{"type":"Polygon","coordinates":[[[-109.80246,34.84413],[-109.80117,34.84575],[-109.80227,34.84746],[-109.80465,34.84754],[-109.80593,34.84592],[-109.80484,34.84421],[-109.80246,34.84413]]]},"properties":{"cell":"8948c8c4113ffff","res":9,"coarsened":false,"count":3,"hv":3,"mp":0,"y0":2017,"y1":2017,"sp":[[30,1,1,0,2017,2017],[19,1,1,0,2017,2017],[35,1,1,0,2017,2017]]}},{"type":"Feature","geometry":{"type":"Polygon","coordinates":[[[-109.79327,35.06554],[-109.79198,35.06716],[-109.79308,35.06886],[-109.79546,35.06895],[-109.79675,35.06732],[-109.79566,35.06562],[-109.79327,35.06554]]]},"properties":{"cell":"8948c818a2bffff","res":9,"coarsened":false,"count":5,"hv":5,"mp":0,"y0":2017,"y1":2026,"sp":[[7,4,4,0,2022,2026],[56,1,1,0,2017,2017]]}},{"type":"Feature","geometry":{"type":"Polygon","coordinates":[[[-109.80966,34.96777],[-109.80837,34.9694],[-109.80947,34.9711],[-109.81185,34.97118],[-109.81314,34.96956],[-109.81204,34.96785],[-109.80966,34.96777]]]},"properties":{"cell":"8948c81aedbffff","res":9,"coarsened":false,"count":1,"hv":1,"mp":0,"y0":2017,"y1":2017,"sp":[[70,1,1,0,2017,2017]]}},{"type":"Feature","geometry":{"type":"Polygon","coordinates":[[[-109.8072,35.07267],[-109.80591,35.07429],[-109.80701,35.076],[-109.80939,35.07608],[-109.81068,35.07445],[-109.80958,35.07275],[-109.8072,35.07267]]]},"properties":{"cell":"8948c818b47ffff","res":9,"coarsened":false,"count":1,"hv":1,"mp":0,"y0":2017,"y1":2017,"sp":[[28,1,1,0,2017,2017]]}},{"type":"Feature","geometry":{"type":"Polygon","coordinates":[[[-109.81655,34.84794],[-109.81526,34.84957],[-109.81636,34.85127],[-109.81874,34.85135],[-109.82002,34.84973],[-109.81893,34.84802],[-109.81655,34.84794]]]},"properties":{"cell":"8948c8c41a7ffff","res":9,"coarsened":false,"count":1,"hv":1,"mp":0,"y0":2017,"y1":2017,"sp":[[44,1,1,0,2017,2017]]}},{"type":"Feature","geometry":{"type":"Polygon","coordinates":[[[-109.87575,34.81322],[-109.87447,34.81485],[-109.87556,34.81655],[-109.87794,34.81663],[-109.87923,34.815],[-109.87813,34.8133],[-109.87575,34.81322]]]},"properties":{"cell":"8948c8c6d1bffff","res":9,"coarsened":false,"count":1,"hv":1,"mp":0,"y0":2017,"y1":2017,"sp":[[27,1,1,0,2017,2017]]}},{"type":"Feature","geometry":{"type":"Polygon","coordinates":[[[-109.69506,35.02887],[-109.69377,35.03049],[-109.69486,35.03219],[-109.69725,35.03227],[-109.69854,35.03065],[-109.69744,35.02895],[-109.69506,35.02887]]]},"properties":{"cell":"8948c819317ffff","res":9,"coarsened":false,"count":1,"hv":1,"mp":0,"y0":2017,"y1":2017,"sp":[[122,1,1,0,2017,2017]]}},{"type":"Feature","geometry":{"type":"Polygon","coordinates":[[[-109.80541,34.9793],[-109.80413,34.98092],[-109.80522,34.98263],[-109.80761,34.98271],[-109.80889,34.98108],[-109.8078,34.97938],[-109.80541,34.9793]]]},"properties":{"cell":"8948c81ae4bffff","res":9,"coarsened":false,"count":1,"hv":1,"mp":0,"y0":2017,"y1":2017,"sp":[[110,1,1,0,2017,2017]]}},{"type":"Feature","geometry":{"type":"Polygon","coordinates":[[[-109.78898,34.95374],[-109.7877,34.95536],[-109.78879,34.95707],[-109.79117,34.95715],[-109.79246,34.95552],[-109.79137,34.95382],[-109.78898,34.95374]]]},"properties":{"cell":"8948c81a3d3ffff","res":9,"coarsened":false,"count":2,"hv":2,"mp":0,"y0":2017,"y1":2026,"sp":[[74,1,1,0,2017,2017],[27,1,1,0,2026,2026]]}},{"type":"Feature","geometry":{"type":"Polygon","coordinates":[[[-109.78902,35.07706],[-109.78773,35.07868],[-109.78883,35.08038],[-109.79121,35.08046],[-109.7925,35.07884],[-109.79141,35.07714],[-109.78902,35.07706]]]},"properties":{"cell":"8948c80a413ffff","res":9,"coarsened":false,"count":1,"hv":1,"mp":0,"y0":2017,"y1":2017,"sp":[[100,1,1,0,2017,2017]]}},{"type":"Feature","geometry":{"type":"Polygon","coordinates":[[[-109.80073,34.8741],[-109.79945,34.87572],[-109.80054,34.87743],[-109.80292,34.87751],[-109.80421,34.87588],[-109.80311,34.87418],[-109.80073,34.8741]]]},"properties":{"cell":"8948c8c4e0fffff","res":9,"coarsened":false,"count":2,"hv":2,"mp":0,"y0":2017,"y1":2021,"sp":[[27,2,2,0,2017,2021]]}},{"type":"Feature","geometry":{"type":"Polygon","coordinates":[[[-109.79668,34.8823],[-109.7954,34.88392],[-109.79649,34.88563],[-109.79887,34.88571],[-109.80016,34.88408],[-109.79906,34.88238],[-109.79668,34.8823]]]},"properties":{"cell":"8948c8c4e6fffff","res":9,"coarsened":false,"count":4,"hv":4,"mp":0,"y0":2017,"y1":2023,"sp":[[13,3,3,0,2017,2022],[27,1,1,0,2023,2023]]}},{"type":"Feature","geometry":{"type":"Polygon","coordinates":[[[-109.80443,34.93426],[-109.80314,34.93588],[-109.80424,34.93758],[-109.80662,34.93766],[-109.8079,34.93604],[-109.80681,34.93434],[-109.80443,34.93426]]]},"properties":{"cell":"8948c81a087ffff","res":9,"coarsened":false,"count":1,"hv":1,"mp":0,"y0":2017,"y1":2017,"sp":[[126,1,1,0,2017,2017]]}},{"type":"Feature","geometry":{"type":"Polygon","coordinates":[[[-109.81192,34.86614],[-109.81064,34.86776],[-109.81173,34.86946],[-109.81411,34.86954],[-109.8154,34.86792],[-109.8143,34.86622],[-109.81192,34.86614]]]},"properties":{"cell":"8948c8c4eb3ffff","res":9,"coarsened":false,"count":1,"hv":1,"mp":0,"y0":2017,"y1":2017,"sp":[[22,1,1,0,2017,2017]]}},{"type":"Feature","geometry":{"type":"Polygon","coordinates":[[[-109.74436,34.92054],[-109.74308,34.92217],[-109.74417,34.92387],[-109.74655,34.92395],[-109.74784,34.92233],[-109.74674,34.92062],[-109.74436,34.92054]]]},"properties":{"cell":"8948c8c5b73ffff","res":9,"coarsened":false,"count":1,"hv":1,"mp":0,"y0":2017,"y1":2017,"sp":[[35,1,1,0,2017,2017]]}},{"type":"Feature","geometry":{"type":"Polygon","coordinates":[[[-109.85434,34.81251],[-109.85305,34.81413],[-109.85415,34.81584],[-109.85653,34.81592],[-109.85781,34.81429],[-109.85672,34.81259],[-109.85434,34.81251]]]},"properties":{"cell":"8948c8c6c67ffff","res":9,"coarsened":false,"count":1,"hv":1,"mp":0,"y0":2017,"y1":2017,"sp":[[5,1,1,0,2017,2017]]}},{"type":"Feature","geometry":{"type":"Polygon","coordinates":[[[-109.73625,34.93694],[-109.73496,34.93856],[-109.73606,34.94027],[-109.73844,34.94035],[-109.73973,34.93873],[-109.73863,34.93702],[-109.73625,34.93694]]]},"properties":{"cell":"8948c81b553ffff","res":9,"coarsened":false,"count":1,"hv":1,"mp":0,"y0":2017,"y1":2017,"sp":[[27,1,1,0,2017,2017]]}},{"type":"Feature","geometry":{"type":"Polygon","coordinates":[[[-109.79769,34.98904],[-109.7964,34.99066],[-109.7975,34.99237],[-109.79988,34.99245],[-109.80117,34.99082],[-109.80007,34.98912],[-109.79769,34.98904]]]},"properties":{"cell":"8948c818507ffff","res":9,"coarsened":false,"count":3,"hv":3,"mp":0,"y0":2017,"y1":2022,"sp":[[8,1,1,0,2017,2017],[24,1,1,0,2018,2018],[19,1,1,0,2022,2022]]}},{"type":"Feature","geometry":{"type":"Polygon","coordinates":[[[-109.76059,35.07276],[-109.7593,35.07438],[-109.7604,35.07609],[-109.76279,35.07617],[-109.76407,35.07455],[-109.76298,35.07284],[-109.76059,35.07276]]]},"properties":{"cell":"8948c819973ffff","res":9,"coarsened":false,"count":1,"hv":1,"mp":0,"y0":2017,"y1":2017,"sp":[[68,1,1,0,2017,2017]]}},{"type":"Feature","geometry":{"type":"Polygon","coordinates":[[[-109.66469,35.0578],[-109.6634,35.05943],[-109.66449,35.06113],[-109.66688,35.06121],[-109.66817,35.05959],[-109.66707,35.05789],[-109.66469,35.0578]]]},"properties":{"cell":"8948c85688bffff","res":9,"coarsened":false,"count":2,"hv":2,"mp":0,"y0":2017,"y1":2017,"sp":[[130,1,1,0,2017,2017],[124,1,1,0,2017,2017]]}},{"type":"Feature","geometry":{"type":"Polygon","coordinates":[[[-109.65753,35.05756],[-109.65624,35.05918],[-109.65734,35.06088],[-109.65972,35.06096],[-109.66101,35.05934],[-109.65992,35.05764],[-109.65753,35.05756]]]},"properties":{"cell":"8948c8568c3ffff","res":9,"coarsened":false,"count":2,"hv":2,"mp":0,"y0":2017,"y1":2023,"sp":[[129,1,1,0,2017,2017],[18,1,1,0,2023,2023]]}},{"type":"Feature","geometry":{"type":"Polygon","coordinates":[[[-109.6467,35.05884],[-109.64541,35.06047],[-109.64651,35.06217],[-109.64889,35.06225],[-109.65018,35.06063],[-109.64909,35.05893],[-109.6467,35.05884]]]},"properties":{"cell":"8948c856e23ffff","res":9,"coarsened":false,"count":18,"hv":18,"mp":0,"y0":2017,"y1":2021,"sp":[[124,2,2,0,2017,2018],[41,2,2,0,2017,2018],[28,2,2,0,2018,2018],[35,2,2,0,2018,2018],[89,1,1,0,2017,2017],[14,1,1,0,2017,2017],[91,1,1,0,2017,2017],[46,1,1,0,2017,2017],[6,1,1,0,2018,2018],[115,1,1,0,2018,2018],[72,1,1,0,2018,2018],[56,1,1,0,2018,2018],[96,1,1,0,2018,2018],[73,1,1,0,2021,2021]]}},{"type":"Feature","geometry":{"type":"Polygon","coordinates":[[[-109.66836,35.05627],[-109.66707,35.05789],[-109.66817,35.05959],[-109.67055,35.05967],[-109.67184,35.05805],[-109.67075,35.05635],[-109.66836,35.05627]]]},"properties":{"cell":"8948c856883ffff","res":9,"coarsened":false,"count":1,"hv":1,"mp":0,"y0":2017,"y1":2017,"sp":[[55,1,1,0,2017,2017]]}},{"type":"Feature","geometry":{"type":"Polygon","coordinates":[[[-109.64892,34.96059],[-109.64763,34.96221],[-109.64873,34.96392],[-109.65111,34.964],[-109.6524,34.96238],[-109.65131,34.96067],[-109.64892,34.96059]]]},"properties":{"cell":"8948c8cc807ffff","res":9,"coarsened":false,"count":2,"hv":2,"mp":0,"y0":2017,"y1":2023,"sp":[[94,1,1,0,2017,2017],[13,1,1,0,2023,2023]]}},{"type":"Feature","geometry":{"type":"Polygon","coordinates":[[[-109.79037,35.05378],[-109.78908,35.0554],[-109.79018,35.05711],[-109.79256,35.05719],[-109.79385,35.05556],[-109.79275,35.05386],[-109.79037,35.05378]]]},"properties":{"cell":"8948c818a13ffff","res":9,"coarsened":false,"count":3,"hv":3,"mp":0,"y0":2017,"y1":2023,"sp":[[40,1,1,0,2017,2017],[51,1,1,0,2019,2019],[7,1,1,0,2023,2023]]}},{"type":"Feature","geometry":{"type":"Polygon","coordinates":[[[-109.82235,34.87149],[-109.82106,34.87311],[-109.82216,34.87482],[-109.82454,34.8749],[-109.82583,34.87328],[-109.82473,34.87157],[-109.82235,34.87149]]]},"properties":{"cell":"8948c8c4c6fffff","res":9,"coarsened":false,"count":1,"hv":1,"mp":0,"y0":2017,"y1":2017,"sp":[[68,1,1,0,2017,2017]]}},{"type":"Feature","geometry":{"type":"Polygon","coordinates":[[[-109.88384,34.7968],[-109.88255,34.79843],[-109.88365,34.80013],[-109.88603,34.80021],[-109.88731,34.79859],[-109.88621,34.79688],[-109.88384,34.7968]]]},"properties":{"cell":"8948c88933bffff","res":9,"coarsened":false,"count":1,"hv":1,"mp":0,"y0":2017,"y1":2017,"sp":[[134,1,1,0,2017,2017]]}},{"type":"Feature","geometry":{"type":"Polygon","coordinates":[[[-109.63089,35.0233],[-109.62959,35.02492],[-109.63069,35.02662],[-109.63307,35.02671],[-109.63436,35.02509],[-109.63327,35.02338],[-109.63089,35.0233]]]},"properties":{"cell":"8948c8561cbffff","res":9,"coarsened":false,"count":1,"hv":1,"mp":0,"y0":2017,"y1":2017,"sp":[[74,1,1,0,2017,2017]]}},{"type":"Feature","geometry":{"type":"Polygon","coordinates":[[[-109.63101,35.08162],[-109.62972,35.08324],[-109.63082,35.08494],[-109.6332,35.08503],[-109.63449,35.08341],[-109.6334,35.0817],[-109.63101,35.08162]]]},"properties":{"cell":"8948c856a7bffff","res":9,"coarsened":false,"count":1,"hv":1,"mp":0,"y0":2017,"y1":2017,"sp":[[22,1,1,0,2017,2017]]}},{"type":"Feature","geometry":{"type":"Polygon","coordinates":[[[-109.75441,34.87085],[-109.75312,34.87248],[-109.75421,34.87418],[-109.75659,34.87426],[-109.75788,34.87264],[-109.75679,34.87093],[-109.75441,34.87085]]]},"properties":{"cell":"8948c8c5c07ffff","res":9,"coarsened":false,"count":1,"hv":1,"mp":0,"y0":2017,"y1":2017,"sp":[[74,1,1,0,2017,2017]]}},{"type":"Feature","geometry":{"type":"Polygon","coordinates":[[[-109.86438,34.82452],[-109.8631,34.82615],[-109.86419,34.82785],[-109.86657,34.82793],[-109.86786,34.82631],[-109.86676,34.8246],[-109.86438,34.82452]]]},"properties":{"cell":"8948c8c68a3ffff","res":9,"coarsened":false,"count":2,"hv":2,"mp":0,"y0":2017,"y1":2017,"sp":[[89,1,1,0,2017,2017],[68,1,1,0,2017,2017]]}},{"type":"Feature","geometry":{"type":"Polygon","coordinates":[[[-109.77123,35.07479],[-109.76994,35.07641],[-109.77104,35.07811],[-109.77342,35.0782],[-109.77471,35.07657],[-109.77361,35.07487],[-109.77123,35.07479]]]},"properties":{"cell":"8948c819923ffff","res":9,"coarsened":false,"count":2,"hv":2,"mp":0,"y0":2017,"y1":2017,"sp":[[140,1,1,0,2017,2017],[100,1,1,0,2017,2017]]}},{"type":"Feature","geometry":{"type":"Polygon","coordinates":[[[-109.85686,34.83094],[-109.85558,34.83257],[-109.85667,34.83427],[-109.85905,34.83435],[-109.86034,34.83273],[-109.85924,34.83102],[-109.85686,34.83094]]]},"properties":{"cell":"8948c8c683bffff","res":9,"coarsened":false,"count":1,"hv":1,"mp":0,"y0":2017,"y1":2017,"sp":[[50,1,1,0,2017,2017]]}},{"type":"Feature","geometry":{"type":"Polygon","coordinates":[[[-109.83778,34.85199],[-109.83649,34.85362],[-109.83759,34.85532],[-109.83997,34.8554],[-109.84125,34.85378],[-109.84016,34.85207],[-109.83778,34.85199]]]},"properties":{"cell":"8948c8c6b4bffff","res":9,"coarsened":false,"count":1,"hv":1,"mp":0,"y0":2017,"y1":2017,"sp":[[20,1,1,0,2017,2017]]}},{"type":"Feature","geometry":{"type":"Polygon","coordinates":[[[-109.79167,34.90715],[-109.79038,34.90877],[-109.79148,34.91047],[-109.79386,34.91055],[-109.79515,34.90893],[-109.79405,34.90723],[-109.79167,34.90715]]]},"properties":{"cell":"8948c81a4d3ffff","res":9,"coarsened":false,"count":2,"hv":2,"mp":0,"y0":2017,"y1":2021,"sp":[[19,1,1,0,2017,2017],[27,1,1,0,2021,2021]]}},{"type":"Feature","geometry":{"type":"Polygon","coordinates":[[[-109.82449,34.89658],[-109.8232,34.8982],[-109.8243,34.89991],[-109.82668,34.89999],[-109.82797,34.89836],[-109.82687,34.89666],[-109.82449,34.89658]]]},"properties":{"cell":"8948c8c4b9bffff","res":9,"coarsened":false,"count":1,"hv":1,"mp":0,"y0":2017,"y1":2017,"sp":[[27,1,1,0,2017,2017]]}},{"type":"Feature","geometry":{"type":"Polygon","coordinates":[[[-109.81773,34.88968],[-109.81644,34.89131],[-109.81754,34.89301],[-109.81992,34.89309],[-109.8212,34.89147],[-109.82011,34.88976],[-109.81773,34.88968]]]},"properties":{"cell":"8948c8c487bffff","res":9,"coarsened":false,"count":1,"hv":1,"mp":0,"y0":2017,"y1":2017,"sp":[[23,1,1,0,2017,2017]]}},{"type":"Feature","geometry":{"type":"Polygon","coordinates":[[[-109.77181,35.06481],[-109.77052,35.06644],[-109.77162,35.06814],[-109.774,35.06822],[-109.77529,35.0666],[-109.77419,35.06489],[-109.77181,35.06481]]]},"properties":{"cell":"8948c8199bbffff","res":9,"coarsened":false,"count":3,"hv":3,"mp":0,"y0":2017,"y1":2026,"sp":[[47,1,1,0,2017,2017],[23,1,1,0,2026,2026],[38,1,1,0,2026,2026]]}},{"type":"Feature","geometry":{"type":"Polygon","coordinates":[[[-109.84563,34.77717],[-109.84434,34.7788],[-109.84544,34.7805],[-109.84782,34.78058],[-109.8491,34.77896],[-109.84801,34.77725],[-109.84563,34.77717]]]},"properties":{"cell":"8948c889253ffff","res":9,"coarsened":false,"count":1,"hv":1,"mp":0,"y0":2017,"y1":2017,"sp":[[38,1,1,0,2017,2017]]}},{"type":"Feature","geometry":{"type":"Polygon","coordinates":[[[-109.87873,34.88672],[-109.87744,34.88834],[-109.87854,34.89005],[-109.88092,34.89012],[-109.8822,34.8885],[-109.88111,34.8868],[-109.87873,34.88672]]]},"properties":{"cell":"8948c813207ffff","res":9,"coarsened":false,"count":1,"hv":1,"mp":0,"y0":2017,"y1":2017,"sp":[[48,1,1,0,2017,2017]]}},{"type":"Feature","geometry":{"type":"Polygon","coordinates":[[[-109.83006,34.86174],[-109.82878,34.86337],[-109.82987,34.86507],[-109.83225,34.86515],[-109.83354,34.86353],[-109.83244,34.86182],[-109.83006,34.86174]]]},"properties":{"cell":"8948c8c4c07ffff","res":9,"coarsened":false,"count":1,"hv":1,"mp":0,"y0":2017,"y1":2017,"sp":[[54,1,1,0,2017,2017]]}},{"type":"Feature","geometry":{"type":"Polygon","coordinates":[[[-109.75402,34.93921],[-109.75273,34.94084],[-109.75383,34.94254],[-109.75621,34.94262],[-109.7575,34.941],[-109.7564,34.9393],[-109.75402,34.93921]]]},"properties":{"cell":"8948c81b5abffff","res":9,"coarsened":false,"count":17,"hv":17,"mp":0,"y0":2015,"y1":2026,"sp":[[7,7,7,0,2015,2026],[19,3,3,0,2024,2026],[55,2,2,0,2021,2021],[35,2,2,0,2024,2025],[27,1,1,0,2017,2017],[65,1,1,0,2021,2021],[56,1,1,0,2024,2024]]}},{"type":"Feature","geometry":{"type":"Polygon","coordinates":[[[-109.87961,34.80834],[-109.87832,34.80997],[-109.87942,34.81167],[-109.8818,34.81175],[-109.88308,34.81013],[-109.88198,34.80842],[-109.87961,34.80834]]]},"properties":{"cell":"8948c8c6d8bffff","res":9,"coarsened":false,"count":1,"hv":1,"mp":0,"y0":2017,"y1":2017,"sp":[[13,1,1,0,2017,2017]]}},{"type":"Feature","geometry":{"type":"Polygon","coordinates":[[[-109.8044,34.87255],[-109.80311,34.87418],[-109.80421,34.87588],[-109.80659,34.87596],[-109.80788,34.87434],[-109.80678,34.87263],[-109.8044,34.87255]]]},"properties":{"cell":"8948c8c4e07ffff","res":9,"coarsened":false,"count":1,"hv":1,"mp":0,"y0":2017,"y1":2017,"sp":[[24,1,1,0,2017,2017]]}},{"type":"Feature","geometry":{"type":"Polygon","coordinates":[[[-109.80369,35.00924],[-109.8024,35.01086],[-109.8035,35.01257],[-109.80588,35.01265],[-109.80717,35.01102],[-109.80607,35.00932],[-109.80369,35.00924]]]},"properties":{"cell":"8948c8181a3ffff","res":9,"coarsened":false,"count":1,"hv":1,"mp":0,"y0":2017,"y1":2017,"sp":[[22,1,1,0,2017,2017]]}},{"type":"Feature","geometry":{"type":"Polygon","coordinates":[[[-109.77294,34.92152],[-109.77166,34.92314],[-109.77275,34.92485],[-109.77513,34.92493],[-109.77642,34.9233],[-109.77533,34.9216],[-109.77294,34.92152]]]},"properties":{"cell":"8948c81a68bffff","res":9,"coarsened":false,"count":1,"hv":1,"mp":0,"y0":2017,"y1":2017,"sp":[[27,1,1,0,2017,2017]]}},{"type":"Feature","geometry":{"type":"Polygon","coordinates":[[[-109.88602,35.01032],[-109.88473,35.01194],[-109.88583,35.01364],[-109.88821,35.01372],[-109.8895,35.0121],[-109.8884,35.0104],[-109.88602,35.01032]]]},"properties":{"cell":"8948c8034cfffff","res":9,"coarsened":false,"count":1,"hv":1,"mp":0,"y0":2017,"y1":2017,"sp":[[153,1,1,0,2017,2017]]}},{"type":"Feature","geometry":{"type":"Polygon","coordinates":[[[-109.79711,34.99902],[-109.79583,35.00064],[-109.79692,35.00235],[-109.7993,35.00243],[-109.80059,35.0008],[-109.7995,34.9991],[-109.79711,34.99902]]]},"properties":{"cell":"8948c818193ffff","res":9,"coarsened":false,"count":2,"hv":2,"mp":0,"y0":2017,"y1":2018,"sp":[[5,1,1,0,2017,2017],[22,1,1,0,2018,2018]]}},{"type":"Feature","geometry":{"type":"Polygon","coordinates":[[[-109.86457,34.82119],[-109.86329,34.82282],[-109.86438,34.82452],[-109.86676,34.8246],[-109.86805,34.82298],[-109.86695,34.82127],[-109.86457,34.82119]]]},"properties":{"cell":"8948c8c68b3ffff","res":9,"coarsened":false,"count":1,"hv":1,"mp":0,"y0":2018,"y1":2018,"sp":[[19,1,1,0,2018,2018]]}},{"type":"Feature","geometry":{"type":"Polygon","coordinates":[[[-109.9104,34.8961],[-109.90911,34.89773],[-109.91021,34.89943],[-109.91259,34.89951],[-109.91388,34.89788],[-109.91278,34.89618],[-109.9104,34.8961]]]},"properties":{"cell":"8948c8133a3ffff","res":9,"coarsened":false,"count":1,"hv":1,"mp":0,"y0":2012,"y1":2012,"sp":[[6,1,1,0,2012,2012]]}},{"type":"Feature","geometry":{"type":"Polygon","coordinates":[[[-109.79988,35.13738],[-109.79859,35.139],[-109.79968,35.1407],[-109.80207,35.14078],[-109.80336,35.13916],[-109.80226,35.13746],[-109.79988,35.13738]]]},"properties":{"cell":"8948c80ae53ffff","res":9,"coarsened":false,"count":1,"hv":1,"mp":0,"y0":2011,"y1":2011,"sp":[[23,1,1,0,2011,2011]]}},{"type":"Feature","geometry":{"type":"Polygon","coordinates":[[[-109.80892,35.04274],[-109.80763,35.04437],[-109.80873,35.04607],[-109.81112,35.04615],[-109.8124,35.04453],[-109.81131,35.04282],[-109.80892,35.04274]]]},"properties":{"cell":"8948c8188cfffff","res":9,"coarsened":false,"count":1,"hv":1,"mp":0,"y0":2018,"y1":2018,"sp":[[7,1,1,0,2018,2018]]}},{"type":"Feature","geometry":{"type":"Polygon","coordinates":[[[-109.79824,34.91737],[-109.79695,34.919],[-109.79805,34.9207],[-109.80043,34.92078],[-109.80172,34.91916],[-109.80062,34.91745],[-109.79824,34.91737]]]},"properties":{"cell":"8948c81a403ffff","res":9,"coarsened":false,"count":1,"hv":1,"mp":0,"y0":2018,"y1":2018,"sp":[[7,1,1,0,2018,2018]]}},{"type":"Feature","geometry":{"type":"Polygon","coordinates":[[[-109.80172,34.91916],[-109.80043,34.92078],[-109.80153,34.92249],[-109.80391,34.92257],[-109.80519,34.92094],[-109.8041,34.91924],[-109.80172,34.91916]]]},"properties":{"cell":"8948c81a407ffff","res":9,"coarsened":false,"count":2,"hv":2,"mp":0,"y0":2018,"y1":2018,"sp":[[74,1,1,0,2018,2018],[65,1,1,0,2018,2018]]}},{"type":"Feature","geometry":{"type":"Polygon","coordinates":[[[-109.84316,34.82047],[-109.84187,34.8221],[-109.84297,34.82381],[-109.84535,34.82389],[-109.84663,34.82226],[-109.84554,34.82055],[-109.84316,34.82047]]]},"properties":{"cell":"8948c8c68cbffff","res":9,"coarsened":false,"count":1,"hv":1,"mp":0,"y0":2018,"y1":2018,"sp":[[65,1,1,0,2018,2018]]}},{"type":"Feature","geometry":{"type":"Polygon","coordinates":[[[-109.79154,35.09546],[-109.79025,35.09709],[-109.79135,35.09879],[-109.79373,35.09887],[-109.79502,35.09725],[-109.79393,35.09554],[-109.79154,35.09546]]]},"properties":{"cell":"8948c80a083ffff","res":9,"coarsened":false,"count":1,"hv":1,"mp":0,"y0":2018,"y1":2018,"sp":[[8,1,1,0,2018,2018]]}},{"type":"Feature","geometry":{"type":"Polygon","coordinates":[[[-109.65057,35.05398],[-109.64928,35.0556],[-109.65038,35.05731],[-109.65276,35.05739],[-109.65405,35.05577],[-109.65296,35.05406],[-109.65057,35.05398]]]},"properties":{"cell":"8948c856eafffff","res":9,"coarsened":false,"count":1,"hv":1,"mp":0,"y0":2018,"y1":2018,"sp":[[153,1,1,0,2018,2018]]}},{"type":"Feature","geometry":{"type":"Polygon","coordinates":[[[-109.64611,35.06882],[-109.64482,35.07044],[-109.64592,35.07215],[-109.6483,35.07223],[-109.64959,35.07061],[-109.6485,35.0689],[-109.64611,35.06882]]]},"properties":{"cell":"8948c856a87ffff","res":9,"coarsened":false,"count":1,"hv":1,"mp":0,"y0":2018,"y1":2018,"sp":[[19,1,1,0,2018,2018]]}},{"type":"Feature","geometry":{"type":"Polygon","coordinates":[[[-109.79455,34.85721],[-109.79326,34.85883],[-109.79436,34.86054],[-109.79674,34.86062],[-109.79802,34.85899],[-109.79693,34.85729],[-109.79455,34.85721]]]},"properties":{"cell":"8948c8c416bffff","res":9,"coarsened":false,"count":4,"hv":4,"mp":0,"y0":2018,"y1":2021,"sp":[[27,3,3,0,2018,2021],[7,1,1,0,2018,2018]]}},{"type":"Feature","geometry":{"type":"Polygon","coordinates":[[[-109.68326,35.04679],[-109.68197,35.04841],[-109.68306,35.05011],[-109.68545,35.05019],[-109.68674,35.04857],[-109.68564,35.04687],[-109.68326,35.04679]]]},"properties":{"cell":"8948c856dc3ffff","res":9,"coarsened":false,"count":1,"hv":1,"mp":0,"y0":2018,"y1":2018,"sp":[[14,1,1,0,2018,2018]]}},{"type":"Feature","geometry":{"type":"Polygon","coordinates":[[[-109.70647,35.01759],[-109.70518,35.01922],[-109.70628,35.02092],[-109.70866,35.021],[-109.70995,35.01938],[-109.70885,35.01768],[-109.70647,35.01759]]]},"properties":{"cell":"8948c819153ffff","res":9,"coarsened":false,"count":1,"hv":1,"mp":0,"y0":2018,"y1":2018,"sp":[[122,1,1,0,2018,2018]]}},{"type":"Feature","geometry":{"type":"Polygon","coordinates":[[[-109.63121,35.07829],[-109.62992,35.07992],[-109.63101,35.08162],[-109.6334,35.0817],[-109.63469,35.08008],[-109.6336,35.07838],[-109.63121,35.07829]]]},"properties":{"cell":"8948c856a47ffff","res":9,"coarsened":false,"count":1,"hv":1,"mp":0,"y0":2018,"y1":2018,"sp":[[22,1,1,0,2018,2018]]}},{"type":"Feature","geometry":{"type":"Polygon","coordinates":[[[-109.79884,34.96908],[-109.79755,34.9707],[-109.79865,34.9724],[-109.80103,34.97248],[-109.80232,34.97086],[-109.80122,34.96916],[-109.79884,34.96908]]]},"properties":{"cell":"8948c81a33bffff","res":9,"coarsened":false,"count":2,"hv":2,"mp":0,"y0":2018,"y1":2018,"sp":[[35,1,1,0,2018,2018],[41,1,1,0,2018,2018]]}},{"type":"Feature","geometry":{"type":"Polygon","coordinates":[[[-109.78879,34.95707],[-109.7875,34.95869],[-109.7886,34.9604],[-109.79098,34.96048],[-109.79227,34.95885],[-109.79117,34.95715],[-109.78879,34.95707]]]},"properties":{"cell":"8948c81a3c3ffff","res":9,"coarsened":false,"count":7,"hv":7,"mp":0,"y0":2016,"y1":2024,"sp":[[27,4,4,0,2018,2024],[7,2,2,0,2016,2018],[47,1,1,0,2022,2022]]}},{"type":"Feature","geometry":{"type":"Polygon","coordinates":[[[-109.78184,34.9535],[-109.78055,34.95512],[-109.78164,34.95683],[-109.78403,34.95691],[-109.78531,34.95528],[-109.78422,34.95358],[-109.78184,34.9535]]]},"properties":{"cell":"8948c81a2afffff","res":9,"coarsened":false,"count":3,"hv":3,"mp":0,"y0":2018,"y1":2018,"sp":[[19,1,1,0,2018,2018],[35,1,1,0,2018,2018],[0,1,1,0,2018,2018]]}},{"type":"Feature","geometry":{"type":"Polygon","coordinates":[[[-109.74958,34.83065],[-109.74829,34.83228],[-109.74939,34.83398],[-109.75177,34.83406],[-109.75305,34.83244],[-109.75196,34.83073],[-109.74958,34.83065]]]},"properties":{"cell":"8948c8c4663ffff","res":9,"coarsened":false,"count":1,"hv":1,"mp":0,"y0":2018,"y1":2018,"sp":[[48,1,1,0,2018,2018]]}},{"type":"Feature","geometry":{"type":"Polygon","coordinates":[[[-109.79555,34.96396],[-109.79427,34.96559],[-109.79536,34.96729],[-109.79775,34.96737],[-109.79903,34.96575],[-109.79794,34.96404],[-109.79555,34.96396]]]},"properties":{"cell":"8948c81a303ffff","res":9,"coarsened":false,"count":5,"hv":5,"mp":0,"y0":2018,"y1":2021,"sp":[[38,2,2,0,2018,2018],[7,1,1,0,2021,2021],[98,1,1,0,2021,2021],[192,1,1,0,2021,2021]]}},{"type":"Feature","geometry":{"type":"Polygon","coordinates":[[[-109.84354,34.81381],[-109.84225,34.81544],[-109.84335,34.81714],[-109.84573,34.81722],[-109.84701,34.8156],[-109.84592,34.81389],[-109.84354,34.81381]]]},"properties":{"cell":"8948c8c6ea7ffff","res":9,"coarsened":false,"count":1,"hv":1,"mp":0,"y0":2018,"y1":2018,"sp":[[27,1,1,0,2018,2018]]}},{"type":"Feature","geometry":{"type":"Polygon","coordinates":[[[-109.79244,34.89383],[-109.79115,34.89545],[-109.79225,34.89716],[-109.79463,34.89724],[-109.79592,34.89562],[-109.79482,34.89391],[-109.79244,34.89383]]]},"properties":{"cell":"8948c8c4a57ffff","res":9,"coarsened":false,"count":3,"hv":3,"mp":0,"y0":2018,"y1":2019,"sp":[[48,1,1,0,2018,2018],[101,1,1,0,2019,2019],[27,1,1,0,2018,2018]]}},{"type":"Feature","geometry":{"type":"Polygon","coordinates":[[[-109.78998,35.06043],[-109.78869,35.06205],[-109.78979,35.06376],[-109.79218,35.06384],[-109.79346,35.06221],[-109.79237,35.06051],[-109.78998,35.06043]]]},"properties":{"cell":"8948c818a0fffff","res":9,"coarsened":false,"count":2,"hv":2,"mp":0,"y0":2018,"y1":2018,"sp":[[72,1,1,0,2018,2018],[93,1,1,0,2018,2018]]}},{"type":"Feature","geometry":{"type":"Polygon","coordinates":[[[-109.87632,34.80323],[-109.87504,34.80485],[-109.87613,34.80656],[-109.87851,34.80664],[-109.87979,34.80501],[-109.8787,34.80331],[-109.87632,34.80323]]]},"properties":{"cell":"8948c88936fffff","res":9,"coarsened":false,"count":2,"hv":2,"mp":0,"y0":2018,"y1":2025,"sp":[[7,1,1,0,2018,2018],[27,1,1,0,2025,2025]]}},{"type":"Feature","geometry":{"type":"Polygon","coordinates":[[[-109.78067,34.91178],[-109.77938,34.9134],[-109.78047,34.9151],[-109.78286,34.91518],[-109.78414,34.91356],[-109.78305,34.91186],[-109.78067,34.91178]]]},"properties":{"cell":"8948c8c5923ffff","res":9,"coarsened":false,"count":1,"hv":1,"mp":0,"y0":2018,"y1":2018,"sp":[[27,1,1,0,2018,2018]]}},{"type":"Feature","geometry":{"type":"Polygon","coordinates":[[[-109.78669,35.05532],[-109.78541,35.05694],[-109.7865,35.05865],[-109.78889,35.05873],[-109.79018,35.05711],[-109.78908,35.0554],[-109.78669,35.05532]]]},"properties":{"cell":"8948c818a1bffff","res":9,"coarsened":false,"count":2,"hv":2,"mp":0,"y0":2018,"y1":2020,"sp":[[75,1,1,0,2018,2018],[7,1,1,0,2020,2020]]}},{"type":"Feature","geometry":{"type":"Polygon","coordinates":[[[-109.79378,34.87053],[-109.7925,34.87215],[-109.79359,34.87386],[-109.79597,34.87394],[-109.79726,34.87231],[-109.79616,34.87061],[-109.79378,34.87053]]]},"properties":{"cell":"8948c8c4e57ffff","res":9,"coarsened":false,"count":3,"hv":3,"mp":0,"y0":2018,"y1":2024,"sp":[[13,2,2,0,2018,2024],[37,1,1,0,2018,2018]]}},{"type":"Feature","geometry":{"type":"Polygon","coordinates":[[[-109.64263,35.06703],[-109.64134,35.06865],[-109.64244,35.07036],[-109.64482,35.07044],[-109.64611,35.06882],[-109.64502,35.06712],[-109.64263,35.06703]]]},"properties":{"cell":"8948c856a83ffff","res":9,"coarsened":false,"count":4,"hv":4,"mp":0,"y0":2018,"y1":2022,"sp":[[115,1,1,0,2018,2018],[28,1,1,0,2018,2018],[83,1,1,0,2018,2018],[5,1,1,0,2022,2022]]}},{"type":"Feature","geometry":{"type":"Polygon","coordinates":[[[-109.69119,35.03373],[-109.6899,35.03535],[-109.691,35.03706],[-109.69338,35.03714],[-109.69467,35.03552],[-109.69358,35.03381],[-109.69119,35.03373]]]},"properties":{"cell":"8948c81930fffff","res":9,"coarsened":false,"count":40,"hv":40,"mp":0,"y0":2018,"y1":2024,"sp":[[13,7,7,0,2021,2024],[122,7,7,0,2022,2024],[23,5,5,0,2021,2024],[197,4,4,0,2021,2024],[72,2,2,0,2018,2022],[18,2,2,0,2018,2021],[7,2,2,0,2022,2024],[16,1,1,0,2018,2018],[27,1,1,0,2018,2018],[40,1,1,0,2018,2018],[132,1,1,0,2018,2018],[29,1,1,0,2018,2018],[56,1,1,0,2018,2018],[53,1,1,0,2021,2021],[102,1,1,0,2022,2022],[8,1,1,0,2022,2022],[43,1,1,0,2022,2022],[107,1,1,0,2024,2024]]}},{"type":"Feature","geometry":{"type":"Polygon","coordinates":[[[-109.70146,34.98075],[-109.70017,34.98238],[-109.70127,34.98408],[-109.70365,34.98416],[-109.70494,34.98254],[-109.70385,34.98084],[-109.70146,34.98075]]]},"properties":{"cell":"8948c8194bbffff","res":9,"coarsened":false,"count":2,"hv":2,"mp":0,"y0":2018,"y1":2024,"sp":[[19,1,1,0,2018,2018],[138,1,1,0,2024,2024]]}},{"type":"Feature","geometry":{"type":"Polygon","coordinates":[[[-109.64421,35.04043],[-109.64292,35.04205],[-109.64401,35.04375],[-109.64639,35.04384],[-109.64769,35.04222],[-109.64659,35.04051],[-109.64421,35.04043]]]},"properties":{"cell":"8948c856e93ffff","res":9,"coarsened":false,"count":2,"hv":2,"mp":0,"y0":2018,"y1":2018,"sp":[[19,1,1,0,2018,2018],[27,1,1,0,2018,2018]]}},{"type":"Feature","geometry":{"type":"Polygon","coordinates":[[[-109.80854,35.04939],[-109.80725,35.05102],[-109.80835,35.05272],[-109.81073,35.0528],[-109.81202,35.05118],[-109.81092,35.04947],[-109.80854,35.04939]]]},"properties":{"cell":"8948c818847ffff","res":9,"coarsened":false,"count":2,"hv":2,"mp":0,"y0":2018,"y1":2018,"sp":[[56,1,1,0,2018,2018],[101,1,1,0,2018,2018]]}},{"type":"Feature","geometry":{"type":"Polygon","coordinates":[[[-109.77858,35.07171],[-109.77729,35.07333],[-109.77838,35.07503],[-109.78077,35.07511],[-109.78206,35.07349],[-109.78096,35.07179],[-109.77858,35.07171]]]},"properties":{"cell":"8948c80a4dbffff","res":9,"coarsened":false,"count":29,"hv":29,"mp":0,"y0":2015,"y1":2026,"sp":[[7,25,25,0,2015,2026],[55,2,2,0,2024,2025],[28,1,1,0,2018,2018],[203,1,1,0,2023,2023]]}},{"type":"Feature","geometry":{"type":"Polygon","coordinates":[[[-109.80467,35.05426],[-109.80339,35.05588],[-109.80448,35.05759],[-109.80687,35.05767],[-109.80816,35.05604],[-109.80706,35.05434],[-109.80467,35.05426]]]},"properties":{"cell":"8948c818ab7ffff","res":9,"coarsened":false,"count":3,"hv":3,"mp":0,"y0":2016,"y1":2024,"sp":[[13,1,1,0,2016,2016],[24,1,1,0,2021,2021],[7,1,1,0,2024,2024]]}},{"type":"Feature","geometry":{"type":"Polygon","coordinates":[[[-109.80325,34.89253],[-109.80196,34.89415],[-109.80306,34.89586],[-109.80544,34.89594],[-109.80673,34.89431],[-109.80563,34.89261],[-109.80325,34.89253]]]},"properties":{"cell":"8948c8c4a17ffff","res":9,"coarsened":false,"count":1,"hv":1,"mp":0,"y0":2016,"y1":2016,"sp":[[7,1,1,0,2016,2016]]}},{"type":"Feature","geometry":{"type":"Polygon","coordinates":[[[-109.77872,34.82164],[-109.77743,34.82326],[-109.77852,34.82497],[-109.7809,34.82505],[-109.78219,34.82342],[-109.7811,34.82172],[-109.77872,34.82164]]]},"properties":{"cell":"8948c8c4467ffff","res":9,"coarsened":false,"count":1,"hv":1,"mp":0,"y0":2018,"y1":2018,"sp":[[27,1,1,0,2018,2018]]}},{"type":"Feature","geometry":{"type":"Polygon","coordinates":[[[-109.80448,35.05759],[-109.80319,35.05921],[-109.80429,35.06091],[-109.80668,35.06099],[-109.80796,35.05937],[-109.80687,35.05767],[-109.80448,35.05759]]]},"properties":{"cell":"8948c818aa7ffff","res":9,"coarsened":false,"count":2,"hv":2,"mp":0,"y0":2018,"y1":2019,"sp":[[44,1,1,0,2018,2018],[23,1,1,0,2019,2019]]}},{"type":"Feature","geometry":{"type":"Polygon","coordinates":[[[-109.73644,34.93361],[-109.73516,34.93523],[-109.73625,34.93694],[-109.73863,34.93702],[-109.73992,34.9354],[-109.73883,34.93369],[-109.73644,34.93361]]]},"properties":{"cell":"8948c81b5cbffff","res":9,"coarsened":false,"count":1,"hv":1,"mp":0,"y0":2018,"y1":2018,"sp":[[22,1,1,0,2018,2018]]}},{"type":"Feature","geometry":{"type":"Polygon","coordinates":[[[-109.60646,35.07243],[-109.60517,35.07405],[-109.60626,35.07575],[-109.60865,35.07584],[-109.60994,35.07422],[-109.60885,35.07251],[-109.60646,35.07243]]]},"properties":{"cell":"8948c85456bffff","res":9,"coarsened":false,"count":1,"hv":1,"mp":0,"y0":2018,"y1":2018,"sp":[[74,1,1,0,2018,2018]]}},{"type":"Feature","geometry":{"type":"Polygon","coordinates":[[[-109.66567,35.04118],[-109.66438,35.0428],[-109.66547,35.0445],[-109.66786,35.04459],[-109.66915,35.04296],[-109.66805,35.04126],[-109.66567,35.04118]]]},"properties":{"cell":"8948c856c03ffff","res":9,"coarsened":false,"count":2,"hv":2,"mp":0,"y0":2018,"y1":2018,"sp":[[7,1,1,0,2018,2018],[72,1,1,0,2018,2018]]}},{"type":"Feature","geometry":{"type":"Polygon","coordinates":[[[-109.76754,34.95301],[-109.76625,34.95464],[-109.76735,34.95634],[-109.76973,34.95642],[-109.77102,34.9548],[-109.76992,34.95309],[-109.76754,34.95301]]]},"properties":{"cell":"8948c81a20bffff","res":9,"coarsened":false,"count":1,"hv":1,"mp":0,"y0":2018,"y1":2018,"sp":[[27,1,1,0,2018,2018]]}},{"type":"Feature","geometry":{"type":"Polygon","coordinates":[[[-109.73178,35.07511],[-109.73049,35.07673],[-109.73159,35.07844],[-109.73397,35.07852],[-109.73526,35.0769],[-109.73416,35.07519],[-109.73178,35.07511]]]},"properties":{"cell":"8948c819bcfffff","res":9,"coarsened":false,"count":1,"hv":1,"mp":0,"y0":2018,"y1":2018,"sp":[[55,1,1,0,2018,2018]]}},{"type":"Feature","geometry":{"type":"Polygon","coordinates":[[[-109.75286,35.08249],[-109.75157,35.08412],[-109.75266,35.08582],[-109.75505,35.0859],[-109.75634,35.08428],[-109.75524,35.08258],[-109.75286,35.08249]]]},"properties":{"cell":"8948c80a6dbffff","res":9,"coarsened":false,"count":2,"hv":2,"mp":0,"y0":2018,"y1":2024,"sp":[[20,1,1,0,2018,2018],[49,1,1,0,2024,2024]]}},{"type":"Feature","geometry":{"type":"Polygon","coordinates":[[[-109.62137,35.06296],[-109.62007,35.06458],[-109.62117,35.06628],[-109.62355,35.06636],[-109.62484,35.06474],[-109.62375,35.06304],[-109.62137,35.06296]]]},"properties":{"cell":"8948c8545abffff","res":9,"coarsened":false,"count":2,"hv":2,"mp":0,"y0":2018,"y1":2018,"sp":[[35,1,1,0,2018,2018],[55,1,1,0,2018,2018]]}},{"type":"Feature","geometry":{"type":"Polygon","coordinates":[[[-109.61441,35.05938],[-109.61312,35.061],[-109.61421,35.0627],[-109.6166,35.06279],[-109.61789,35.06117],[-109.61679,35.05946],[-109.61441,35.05938]]]},"properties":{"cell":"8948c854513ffff","res":9,"coarsened":false,"count":1,"hv":1,"mp":0,"y0":2018,"y1":2018,"sp":[[13,1,1,0,2018,2018]]}},{"type":"Feature","geometry":{"type":"Polygon","coordinates":[[[-109.84682,34.81893],[-109.84554,34.82055],[-109.84663,34.82226],[-109.84901,34.82234],[-109.85029,34.82071],[-109.8492,34.81901],[-109.84682,34.81893]]]},"properties":{"cell":"8948c8c68c3ffff","res":9,"coarsened":false,"count":1,"hv":1,"mp":0,"y0":2018,"y1":2018,"sp":[[8,1,1,0,2018,2018]]}},{"type":"Feature","geometry":{"type":"Polygon","coordinates":[[[-109.76889,34.92972],[-109.7676,34.93134],[-109.7687,34.93305],[-109.77108,34.93313],[-109.77237,34.9315],[-109.77127,34.9298],[-109.76889,34.92972]]]},"properties":{"cell":"8948c81a60bffff","res":9,"coarsened":false,"count":1,"hv":1,"mp":0,"y0":2018,"y1":2018,"sp":[[7,1,1,0,2018,2018]]}},{"type":"Feature","geometry":{"type":"Polygon","coordinates":[[[-109.88931,35.01543],[-109.88802,35.01705],[-109.88912,35.01875],[-109.8915,35.01883],[-109.89279,35.01721],[-109.89169,35.0155],[-109.88931,35.01543]]]},"properties":{"cell":"8948c80340bffff","res":9,"coarsened":false,"count":2,"hv":2,"mp":0,"y0":2018,"y1":2018,"sp":[[7,1,1,0,2018,2018],[30,1,1,0,2018,2018]]}},{"type":"Feature","geometry":{"type":"Polygon","coordinates":[[[-109.89279,35.01721],[-109.8915,35.01883],[-109.8926,35.02053],[-109.89498,35.02061],[-109.89627,35.01899],[-109.89517,35.01729],[-109.89279,35.01721]]]},"properties":{"cell":"8948c80340fffff","res":9,"coarsened":false,"count":4,"hv":4,"mp":0,"y0":2018,"y1":2018,"sp":[[73,1,1,0,2018,2018],[56,1,1,0,2018,2018],[37,1,1,0,2018,2018],[43,1,1,0,2018,2018]]}},{"type":"Feature","geometry":{"type":"Polygon","coordinates":[[[-109.89317,35.01055],[-109.89188,35.01218],[-109.89298,35.01388],[-109.89536,35.01396],[-109.89665,35.01233],[-109.89555,35.01063],[-109.89317,35.01055]]]},"properties":{"cell":"8948c803413ffff","res":9,"coarsened":false,"count":3,"hv":3,"mp":0,"y0":2018,"y1":2018,"sp":[[20,1,1,0,2018,2018],[69,1,1,0,2018,2018],[132,1,1,0,2018,2018]]}},{"type":"Feature","geometry":{"type":"Polygon","coordinates":[[[-109.88216,35.01519],[-109.88087,35.01681],[-109.88197,35.01852],[-109.88435,35.01859],[-109.88564,35.01697],[-109.88454,35.01527],[-109.88216,35.01519]]]},"properties":{"cell":"8948c803443ffff","res":9,"coarsened":false,"count":1,"hv":1,"mp":0,"y0":2018,"y1":2018,"sp":[[56,1,1,0,2018,2018]]}},{"type":"Feature","geometry":{"type":"Polygon","coordinates":[[[-109.6446,35.03378],[-109.64331,35.0354],[-109.6444,35.0371],[-109.64679,35.03719],[-109.64808,35.03557],[-109.64698,35.03386],[-109.6446,35.03378]]]},"properties":{"cell":"8948c85613bffff","res":9,"coarsened":false,"count":1,"hv":1,"mp":0,"y0":2018,"y1":2018,"sp":[[24,1,1,0,2018,2018]]}},{"type":"Feature","geometry":{"type":"Polygon","coordinates":[[[-109.72273,34.92314],[-109.72145,34.92476],[-109.72254,34.92646],[-109.72492,34.92655],[-109.72621,34.92492],[-109.72512,34.92322],[-109.72273,34.92314]]]},"properties":{"cell":"8948c81b413ffff","res":9,"coarsened":false,"count":1,"hv":1,"mp":0,"y0":2018,"y1":2018,"sp":[[13,1,1,0,2018,2018]]}},{"type":"Feature","geometry":{"type":"Polygon","coordinates":[[[-109.79346,35.06221],[-109.79218,35.06384],[-109.79327,35.06554],[-109.79566,35.06562],[-109.79694,35.064],[-109.79585,35.06229],[-109.79346,35.06221]]]},"properties":{"cell":"8948c818a3bffff","res":9,"coarsened":false,"count":1,"hv":1,"mp":0,"y0":2018,"y1":2018,"sp":[[8,1,1,0,2018,2018]]}},{"type":"Feature","geometry":{"type":"Polygon","coordinates":[[[-109.81075,34.82439],[-109.80946,34.82601],[-109.81055,34.82772],[-109.81293,34.8278],[-109.81422,34.82618],[-109.81312,34.82447],[-109.81075,34.82439]]]},"properties":{"cell":"8948c8c45abffff","res":9,"coarsened":false,"count":1,"hv":1,"mp":0,"y0":2018,"y1":2018,"sp":[[23,1,1,0,2018,2018]]}},{"type":"Feature","geometry":{"type":"Polygon","coordinates":[[[-109.79246,34.95552],[-109.79117,34.95715],[-109.79227,34.95885],[-109.79465,34.95893],[-109.79594,34.95731],[-109.79484,34.95561],[-109.79246,34.95552]]]},"properties":{"cell":"8948c81a3d7ffff","res":9,"coarsened":false,"count":1,"hv":1,"mp":0,"y0":2017,"y1":2017,"sp":[[38,1,1,0,2017,2017]]}},{"type":"Feature","geometry":{"type":"Polygon","coordinates":[[[-109.78321,35.05354],[-109.78193,35.05516],[-109.78302,35.05686],[-109.78541,35.05694],[-109.78669,35.05532],[-109.7856,35.05362],[-109.78321,35.05354]]]},"properties":{"cell":"8948c818acfffff","res":9,"coarsened":false,"count":2,"hv":2,"mp":0,"y0":2018,"y1":2018,"sp":[[38,2,2,0,2018,2018]]}},{"type":"Feature","geometry":{"type":"Polygon","coordinates":[[[-109.80777,35.0627],[-109.80648,35.06432],[-109.80758,35.06602],[-109.80997,35.0661],[-109.81125,35.06448],[-109.81016,35.06278],[-109.80777,35.0627]]]},"properties":{"cell":"8948c818bc3ffff","res":9,"coarsened":false,"count":1,"hv":1,"mp":0,"y0":2018,"y1":2018,"sp":[[35,1,1,0,2018,2018]]}},{"type":"Feature","geometry":{"type":"Polygon","coordinates":[[[-109.83602,34.82024],[-109.83473,34.82186],[-109.83583,34.82357],[-109.83821,34.82365],[-109.83949,34.82202],[-109.8384,34.82032],[-109.83602,34.82024]]]},"properties":{"cell":"8948c8c6e23ffff","res":9,"coarsened":false,"count":1,"hv":1,"mp":0,"y0":2018,"y1":2018,"sp":[[115,1,1,0,2018,2018]]}},{"type":"Feature","geometry":{"type":"Polygon","coordinates":[[[-109.78318,34.9302],[-109.78189,34.93183],[-109.78299,34.93353],[-109.78537,34.93361],[-109.78666,34.93199],[-109.78556,34.93028],[-109.78318,34.9302]]]},"properties":{"cell":"8948c81a6afffff","res":9,"coarsened":false,"count":2,"hv":2,"mp":0,"y0":2018,"y1":2022,"sp":[[27,2,2,0,2018,2022]]}},{"type":"Feature","geometry":{"type":"Polygon","coordinates":[[[-109.89298,35.01388],[-109.89169,35.0155],[-109.89279,35.01721],[-109.89517,35.01729],[-109.89646,35.01566],[-109.89536,35.01396],[-109.89298,35.01388]]]},"properties":{"cell":"8948c803403ffff","res":9,"coarsened":false,"count":1,"hv":1,"mp":0,"y0":2018,"y1":2018,"sp":[[28,1,1,0,2018,2018]]}},{"type":"Feature","geometry":{"type":"Polygon","coordinates":[[[-109.88969,35.00877],[-109.8884,35.0104],[-109.8895,35.0121],[-109.89188,35.01218],[-109.89317,35.01055],[-109.89207,35.00885],[-109.88969,35.00877]]]},"properties":{"cell":"8948c8034c7ffff","res":9,"coarsened":false,"count":2,"hv":2,"mp":0,"y0":2018,"y1":2018,"sp":[[103,1,1,0,2018,2018],[18,1,1,0,2018,2018]]}},{"type":"Feature","geometry":{"type":"Polygon","coordinates":[[[-109.88583,35.01364],[-109.88454,35.01527],[-109.88564,35.01697],[-109.88802,35.01705],[-109.88931,35.01543],[-109.88821,35.01372],[-109.88583,35.01364]]]},"properties":{"cell":"8948c803457ffff","res":9,"coarsened":false,"count":1,"hv":1,"mp":0,"y0":2018,"y1":2018,"sp":[[133,1,1,0,2018,2018]]}},{"type":"Feature","geometry":{"type":"Polygon","coordinates":[[[-109.79922,34.96242],[-109.79794,34.96404],[-109.79903,34.96575],[-109.80142,34.96583],[-109.8027,34.96421],[-109.80161,34.9625],[-109.79922,34.96242]]]},"properties":{"cell":"8948c81a317ffff","res":9,"coarsened":false,"count":1,"hv":1,"mp":0,"y0":2018,"y1":2018,"sp":[[5,1,1,0,2018,2018]]}},{"type":"Feature","geometry":{"type":"Polygon","coordinates":[[[-109.69954,34.95235],[-109.69826,34.95397],[-109.69935,34.95568],[-109.70173,34.95576],[-109.70302,34.95413],[-109.70193,34.95243],[-109.69954,34.95235]]]},"properties":{"cell":"8948c81b283ffff","res":9,"coarsened":false,"count":1,"hv":1,"mp":0,"y0":2018,"y1":2018,"sp":[[47,1,1,0,2018,2018]]}},{"type":"Feature","geometry":{"type":"Polygon","coordinates":[[[-109.67321,35.03477],[-109.67192,35.0364],[-109.67302,35.0381],[-109.6754,35.03818],[-109.67669,35.03656],[-109.6756,35.03486],[-109.67321,35.03477]]]},"properties":{"cell":"8948c856c87ffff","res":9,"coarsened":false,"count":1,"hv":1,"mp":0,"y0":2018,"y1":2018,"sp":[[27,1,1,0,2018,2018]]}},{"type":"Feature","geometry":{"type":"Polygon","coordinates":[[[-109.70046,35.05904],[-109.69917,35.06066],[-109.70026,35.06237],[-109.70265,35.06245],[-109.70394,35.06083],[-109.70284,35.05913],[-109.70046,35.05904]]]},"properties":{"cell":"8948c856d37ffff","res":9,"coarsened":false,"count":1,"hv":1,"mp":0,"y0":2018,"y1":2018,"sp":[[180,1,1,0,2018,2018]]}},{"type":"Feature","geometry":{"type":"Polygon","coordinates":[[[-109.65318,34.94907],[-109.65189,34.95069],[-109.65299,34.9524],[-109.65537,34.95248],[-109.65666,34.95086],[-109.65557,34.94915],[-109.65318,34.94907]]]},"properties":{"cell":"8948c8cc897ffff","res":9,"coarsened":false,"count":2,"hv":2,"mp":0,"y0":2018,"y1":2018,"sp":[[55,1,1,0,2018,2018],[127,1,1,0,2018,2018]]}},{"type":"Feature","geometry":{"type":"Polygon","coordinates":[[[-109.65299,34.9524],[-109.6517,34.95402],[-109.65279,34.95572],[-109.65517,34.95581],[-109.65646,34.95418],[-109.65537,34.95248],[-109.65299,34.9524]]]},"properties":{"cell":"8948c8cc887ffff","res":9,"coarsened":false,"count":1,"hv":1,"mp":0,"y0":2018,"y1":2018,"sp":[[96,1,1,0,2018,2018]]}},{"type":"Feature","geometry":{"type":"Polygon","coordinates":[[[-109.75112,34.92744],[-109.74983,34.92907],[-109.75093,34.93077],[-109.75331,34.93085],[-109.7546,34.92923],[-109.7535,34.92753],[-109.75112,34.92744]]]},"properties":{"cell":"8948c81b593ffff","res":9,"coarsened":false,"count":1,"hv":1,"mp":0,"y0":2018,"y1":2018,"sp":[[56,1,1,0,2018,2018]]}},{"type":"Feature","geometry":{"type":"Polygon","coordinates":[[[-109.75846,34.92436],[-109.75717,34.92598],[-109.75827,34.92769],[-109.76065,34.92777],[-109.76194,34.92615],[-109.76084,34.92444],[-109.75846,34.92436]]]},"properties":{"cell":"8948c8c5b27ffff","res":9,"coarsened":false,"count":2,"hv":2,"mp":0,"y0":2018,"y1":2023,"sp":[[65,1,1,0,2018,2018],[8,1,1,0,2023,2023]]}},{"type":"Feature","geometry":{"type":"Polygon","coordinates":[[[-109.73545,35.07357],[-109.73416,35.07519],[-109.73526,35.0769],[-109.73765,35.07698],[-109.73893,35.07536],[-109.73784,35.07365],[-109.73545,35.07357]]]},"properties":{"cell":"8948c819bc7ffff","res":9,"coarsened":false,"count":1,"hv":1,"mp":0,"y0":2018,"y1":2018,"sp":[[80,1,1,0,2018,2018]]}},{"type":"Feature","geometry":{"type":"Polygon","coordinates":[[[-109.86186,34.80608],[-109.86057,34.80771],[-109.86167,34.80941],[-109.86405,34.80949],[-109.86533,34.80787],[-109.86424,34.80616],[-109.86186,34.80608]]]},"properties":{"cell":"8948c8c6c33ffff","res":9,"coarsened":false,"count":1,"hv":1,"mp":0,"y0":2018,"y1":2018,"sp":[[5,1,1,0,2018,2018]]}},{"type":"Feature","geometry":{"type":"Polygon","coordinates":[[[-109.69656,35.12554],[-109.69527,35.12716],[-109.69636,35.12886],[-109.69875,35.12894],[-109.70004,35.12732],[-109.69894,35.12562],[-109.69656,35.12554]]]},"properties":{"cell":"8948c80b2afffff","res":9,"coarsened":false,"count":1,"hv":1,"mp":0,"y0":2018,"y1":2018,"sp":[[27,1,1,0,2018,2018]]}},{"type":"Feature","geometry":{"type":"Polygon","coordinates":[[[-109.71168,35.0511],[-109.71039,35.05272],[-109.71148,35.05442],[-109.71387,35.05451],[-109.71516,35.05288],[-109.71406,35.05118],[-109.71168,35.0511]]]},"properties":{"cell":"8948c819e63ffff","res":9,"coarsened":false,"count":1,"hv":1,"mp":0,"y0":2018,"y1":2018,"sp":[[85,1,1,0,2018,2018]]}},{"type":"Feature","geometry":{"type":"Polygon","coordinates":[[[-109.7339,35.10017],[-109.73261,35.10179],[-109.73371,35.1035],[-109.73609,35.10358],[-109.73738,35.10195],[-109.73629,35.10025],[-109.7339,35.10017]]]},"properties":{"cell":"8948c80b51bffff","res":9,"coarsened":false,"count":1,"hv":1,"mp":0,"y0":2018,"y1":2018,"sp":[[24,1,1,0,2018,2018]]}},{"type":"Feature","geometry":{"type":"Polygon","coordinates":[[[-109.69636,35.12886],[-109.69507,35.13048],[-109.69617,35.13218],[-109.69855,35.13227],[-109.69984,35.13065],[-109.69875,35.12894],[-109.69636,35.12886]]]},"properties":{"cell":"8948c80b237ffff","res":9,"coarsened":false,"count":1,"hv":1,"mp":0,"y0":2018,"y1":2018,"sp":[[23,1,1,0,2018,2018]]}},{"type":"Feature","geometry":{"type":"Polygon","coordinates":[[[-109.71436,35.12781],[-109.71306,35.12943],[-109.71416,35.13114],[-109.71655,35.13122],[-109.71784,35.1296],[-109.71674,35.1279],[-109.71436,35.12781]]]},"properties":{"cell":"8948c80b383ffff","res":9,"coarsened":false,"count":1,"hv":1,"mp":0,"y0":2018,"y1":2018,"sp":[[13,1,1,0,2018,2018]]}},{"type":"Feature","geometry":{"type":"Polygon","coordinates":[[[-109.71087,35.12603],[-109.70958,35.12765],[-109.71068,35.12935],[-109.71306,35.12943],[-109.71436,35.12781],[-109.71326,35.12611],[-109.71087,35.12603]]]},"properties":{"cell":"8948c80b39bffff","res":9,"coarsened":false,"count":2,"hv":2,"mp":0,"y0":2018,"y1":2024,"sp":[[23,1,1,0,2018,2018],[44,1,1,0,2024,2024]]}},{"type":"Feature","geometry":{"type":"Polygon","coordinates":[[[-109.73235,35.12676],[-109.73106,35.12839],[-109.73216,35.13009],[-109.73454,35.13017],[-109.73583,35.12855],[-109.73474,35.12685],[-109.73235,35.12676]]]},"properties":{"cell":"8948c80b10bffff","res":9,"coarsened":false,"count":2,"hv":2,"mp":0,"y0":2018,"y1":2019,"sp":[[124,1,1,0,2018,2018],[27,1,1,0,2019,2019]]}},{"type":"Feature","geometry":{"type":"Polygon","coordinates":[[[-109.73254,35.12344],[-109.73125,35.12506],[-109.73235,35.12676],[-109.73474,35.12685],[-109.73603,35.12522],[-109.73493,35.12352],[-109.73254,35.12344]]]},"properties":{"cell":"8948c80b11bffff","res":9,"coarsened":false,"count":1,"hv":1,"mp":0,"y0":2018,"y1":2018,"sp":[[24,1,1,0,2018,2018]]}},{"type":"Feature","geometry":{"type":"Polygon","coordinates":[[[-109.79865,34.9724],[-109.79736,34.97403],[-109.79846,34.97573],[-109.80084,34.97581],[-109.80213,34.97419],[-109.80103,34.97248],[-109.79865,34.9724]]]},"properties":{"cell":"8948c81a32bffff","res":9,"coarsened":false,"count":3,"hv":3,"mp":0,"y0":2018,"y1":2018,"sp":[[68,1,1,0,2018,2018],[133,1,1,0,2018,2018],[94,1,1,0,2018,2018]]}},{"type":"Feature","geometry":{"type":"Polygon","coordinates":[[[-109.80484,34.98928],[-109.80355,34.9909],[-109.80465,34.99261],[-109.80703,34.99269],[-109.80832,34.99106],[-109.80722,34.98936],[-109.80484,34.98928]]]},"properties":{"cell":"8948c8185afffff","res":9,"coarsened":false,"count":1,"hv":1,"mp":0,"y0":2018,"y1":2018,"sp":[[120,1,1,0,2018,2018]]}},{"type":"Feature","geometry":{"type":"Polygon","coordinates":[[[-109.79826,34.97906],[-109.79698,34.98068],[-109.79807,34.98239],[-109.80046,34.98247],[-109.80174,34.98084],[-109.80065,34.97914],[-109.79826,34.97906]]]},"properties":{"cell":"8948c818583ffff","res":9,"coarsened":false,"count":1,"hv":1,"mp":0,"y0":2018,"y1":2018,"sp":[[170,1,1,0,2018,2018]]}},{"type":"Feature","geometry":{"type":"Polygon","coordinates":[[[-109.80306,34.89586],[-109.80177,34.89748],[-109.80287,34.89919],[-109.80525,34.89927],[-109.80653,34.89764],[-109.80544,34.89594],[-109.80306,34.89586]]]},"properties":{"cell":"8948c8c4a07ffff","res":9,"coarsened":false,"count":1,"hv":1,"mp":0,"y0":2018,"y1":2018,"sp":[[23,1,1,0,2018,2018]]}},{"type":"Feature","geometry":{"type":"Polygon","coordinates":[[[-109.78787,35.09701],[-109.78658,35.09863],[-109.78767,35.10033],[-109.79006,35.10041],[-109.79135,35.09879],[-109.79025,35.09709],[-109.78787,35.09701]]]},"properties":{"cell":"8948c80a08bffff","res":9,"coarsened":false,"count":1,"hv":1,"mp":0,"y0":2018,"y1":2018,"sp":[[94,1,1,0,2018,2018]]}},{"type":"Feature","geometry":{"type":"Polygon","coordinates":[[[-109.84834,34.79228],[-109.84706,34.79391],[-109.84815,34.79561],[-109.85053,34.79569],[-109.85181,34.79407],[-109.85072,34.79236],[-109.84834,34.79228]]]},"properties":{"cell":"8948c8c6cd3ffff","res":9,"coarsened":false,"count":1,"hv":1,"mp":0,"y0":2018,"y1":2018,"sp":[[127,1,1,0,2018,2018]]}},{"type":"Feature","geometry":{"type":"Polygon","coordinates":[[[-109.84853,34.78895],[-109.84725,34.79058],[-109.84834,34.79228],[-109.85072,34.79236],[-109.852,34.79074],[-109.85091,34.78903],[-109.84853,34.78895]]]},"properties":{"cell":"8948c88926bffff","res":9,"coarsened":false,"count":1,"hv":1,"mp":0,"y0":2018,"y1":2018,"sp":[[96,1,1,0,2018,2018]]}},{"type":"Feature","geometry":{"type":"Polygon","coordinates":[[[-109.84525,34.78383],[-109.84396,34.78546],[-109.84506,34.78717],[-109.84744,34.78725],[-109.84872,34.78562],[-109.84763,34.78391],[-109.84525,34.78383]]]},"properties":{"cell":"8948c88924fffff","res":9,"coarsened":false,"count":1,"hv":1,"mp":0,"y0":2018,"y1":2018,"sp":[[35,1,1,0,2018,2018]]}},{"type":"Feature","geometry":{"type":"Polygon","coordinates":[[[-109.83098,34.78336],[-109.82969,34.78498],[-109.83079,34.78669],[-109.83316,34.78677],[-109.83445,34.78514],[-109.83335,34.78344],[-109.83098,34.78336]]]},"properties":{"cell":"8948c8c618bffff","res":9,"coarsened":false,"count":1,"hv":1,"mp":0,"y0":2018,"y1":2018,"sp":[[55,1,1,0,2018,2018]]}},{"type":"Feature","geometry":{"type":"Polygon","coordinates":[[[-109.85876,34.79764],[-109.85748,34.79926],[-109.85857,34.80097],[-109.86095,34.80105],[-109.86224,34.79942],[-109.86114,34.79772],[-109.85876,34.79764]]]},"properties":{"cell":"8948c8c6c8fffff","res":9,"coarsened":false,"count":1,"hv":1,"mp":0,"y0":2018,"y1":2018,"sp":[[68,1,1,0,2018,2018]]}},{"type":"Feature","geometry":{"type":"Polygon","coordinates":[[[-109.84197,34.77872],[-109.84068,34.78034],[-109.84178,34.78205],[-109.84415,34.78213],[-109.84544,34.7805],[-109.84434,34.7788],[-109.84197,34.77872]]]},"properties":{"cell":"8948c88925bffff","res":9,"coarsened":false,"count":1,"hv":1,"mp":0,"y0":2018,"y1":2018,"sp":[[38,1,1,0,2018,2018]]}},{"type":"Feature","geometry":{"type":"Polygon","coordinates":[[[-109.77488,34.94993],[-109.77359,34.95155],[-109.77469,34.95326],[-109.77707,34.95334],[-109.77836,34.95171],[-109.77726,34.95001],[-109.77488,34.94993]]]},"properties":{"cell":"8948c81a217ffff","res":9,"coarsened":false,"count":1,"hv":1,"mp":0,"y0":2018,"y1":2018,"sp":[[74,1,1,0,2018,2018]]}},{"type":"Feature","geometry":{"type":"Polygon","coordinates":[[[-109.61022,35.00924],[-109.60893,35.01086],[-109.61002,35.01257],[-109.61241,35.01265],[-109.6137,35.01103],[-109.6126,35.00932],[-109.61022,35.00924]]]},"properties":{"cell":"8948c8560c3ffff","res":9,"coarsened":false,"count":1,"hv":1,"mp":0,"y0":2018,"y1":2018,"sp":[[74,1,1,0,2018,2018]]}},{"type":"Feature","geometry":{"type":"Polygon","coordinates":[[[-109.8269,35.04168],[-109.82561,35.0433],[-109.82671,35.045],[-109.82909,35.04508],[-109.83038,35.04346],[-109.82928,35.04176],[-109.8269,35.04168]]]},"properties":{"cell":"8948c8188b3ffff","res":9,"coarsened":false,"count":1,"hv":1,"mp":0,"y0":2018,"y1":2018,"sp":[[23,1,1,0,2018,2018]]}},{"type":"Feature","geometry":{"type":"Polygon","coordinates":[[[-109.80424,34.93758],[-109.80295,34.93921],[-109.80404,34.94091],[-109.80643,34.94099],[-109.80771,34.93937],[-109.80662,34.93766],[-109.80424,34.93758]]]},"properties":{"cell":"8948c81a0bbffff","res":9,"coarsened":false,"count":1,"hv":1,"mp":0,"y0":2018,"y1":2018,"sp":[[35,1,1,0,2018,2018]]}},{"type":"Feature","geometry":{"type":"Polygon","coordinates":[[[-109.6616,35.04937],[-109.66031,35.05099],[-109.6614,35.05269],[-109.66379,35.05278],[-109.66508,35.05115],[-109.66398,35.04945],[-109.6616,35.04937]]]},"properties":{"cell":"8948c856c63ffff","res":9,"coarsened":false,"count":1,"hv":1,"mp":0,"y0":2018,"y1":2018,"sp":[[5,1,1,0,2018,2018]]}},{"type":"Feature","geometry":{"type":"Polygon","coordinates":[[[-109.67423,34.95647],[-109.67295,34.95809],[-109.67404,34.9598],[-109.67642,34.95988],[-109.67771,34.95826],[-109.67662,34.95655],[-109.67423,34.95647]]]},"properties":{"cell":"8948c8ccd2bffff","res":9,"coarsened":false,"count":1,"hv":1,"mp":0,"y0":2018,"y1":2018,"sp":[[27,1,1,0,2018,2018]]}},{"type":"Feature","geometry":{"type":"Polygon","coordinates":[[[-109.71539,34.92622],[-109.71411,34.92784],[-109.7152,34.92955],[-109.71758,34.92963],[-109.71887,34.928],[-109.71778,34.9263],[-109.71539,34.92622]]]},"properties":{"cell":"8948c81b457ffff","res":9,"coarsened":false,"count":1,"hv":1,"mp":0,"y0":2018,"y1":2018,"sp":[[27,1,1,0,2018,2018]]}},{"type":"Feature","geometry":{"type":"Polygon","coordinates":[[[-109.78764,34.97703],[-109.78635,34.97866],[-109.78745,34.98036],[-109.78983,34.98044],[-109.79112,34.97882],[-109.79002,34.97711],[-109.78764,34.97703]]]},"properties":{"cell":"8948c8185d3ffff","res":9,"coarsened":false,"count":3,"hv":3,"mp":0,"y0":2018,"y1":2018,"sp":[[45,1,1,0,2018,2018],[7,1,1,0,2018,2018],[155,1,1,0,2018,2018]]}},{"type":"Feature","geometry":{"type":"Polygon","coordinates":[[[-109.79112,34.97882],[-109.78983,34.98044],[-109.79092,34.98214],[-109.79331,34.98222],[-109.79459,34.9806],[-109.7935,34.9789],[-109.79112,34.97882]]]},"properties":{"cell":"8948c8185d7ffff","res":9,"coarsened":false,"count":4,"hv":4,"mp":0,"y0":2018,"y1":2020,"sp":[[14,1,1,0,2018,2018],[13,1,1,0,2018,2018],[87,1,1,0,2018,2018],[73,1,1,0,2020,2020]]}},{"type":"Feature","geometry":{"type":"Polygon","coordinates":[[[-109.82464,34.83153],[-109.82336,34.83316],[-109.82445,34.83486],[-109.82683,34.83494],[-109.82812,34.83332],[-109.82702,34.83161],[-109.82464,34.83153]]]},"properties":{"cell":"8948c8c6ac7ffff","res":9,"coarsened":false,"count":1,"hv":1,"mp":0,"y0":2018,"y1":2018,"sp":[[23,1,1,0,2018,2018]]}},{"type":"Feature","geometry":{"type":"Polygon","coordinates":[[[-109.64283,35.06371],[-109.64154,35.06533],[-109.64263,35.06703],[-109.64502,35.06712],[-109.64631,35.06549],[-109.64521,35.06379],[-109.64283,35.06371]]]},"properties":{"cell":"8948c856a93ffff","res":9,"coarsened":false,"count":3,"hv":3,"mp":0,"y0":2018,"y1":2026,"sp":[[122,1,1,0,2018,2018],[5,1,1,0,2023,2023],[0,1,1,0,2026,2026]]}},{"type":"Feature","geometry":{"type":"Polygon","coordinates":[[[-109.71906,34.92468],[-109.71778,34.9263],[-109.71887,34.928],[-109.72125,34.92809],[-109.72254,34.92646],[-109.72145,34.92476],[-109.71906,34.92468]]]},"properties":{"cell":"8948c81b41bffff","res":9,"coarsened":false,"count":3,"hv":3,"mp":0,"y0":2018,"y1":2024,"sp":[[27,2,2,0,2024,2024],[23,1,1,0,2018,2018]]}},{"type":"Feature","geometry":{"type":"Polygon","coordinates":[[[-109.77024,34.90642],[-109.76895,34.90804],[-109.77005,34.90975],[-109.77243,34.90983],[-109.77371,34.9082],[-109.77262,34.9065],[-109.77024,34.90642]]]},"properties":{"cell":"8948c8c590bffff","res":9,"coarsened":false,"count":3,"hv":3,"mp":0,"y0":2018,"y1":2022,"sp":[[27,3,3,0,2018,2022]]}},{"type":"Feature","geometry":{"type":"Polygon","coordinates":[[[-109.76715,34.89797],[-109.76586,34.8996],[-109.76696,34.9013],[-109.76934,34.90138],[-109.77062,34.89976],[-109.76953,34.89806],[-109.76715,34.89797]]]},"properties":{"cell":"8948c8c59c3ffff","res":9,"coarsened":false,"count":1,"hv":1,"mp":0,"y0":2018,"y1":2018,"sp":[[19,1,1,0,2018,2018]]}},{"type":"Feature","geometry":{"type":"Polygon","coordinates":[[[-109.83278,34.87684],[-109.83149,34.87847],[-109.83259,34.88017],[-109.83497,34.88025],[-109.83625,34.87863],[-109.83516,34.87692],[-109.83278,34.87684]]]},"properties":{"cell":"8948c8c4887ffff","res":9,"coarsened":false,"count":1,"hv":1,"mp":0,"y0":2018,"y1":2018,"sp":[[23,1,1,0,2018,2018]]}},{"type":"Feature","geometry":{"type":"Polygon","coordinates":[[[-109.77738,34.90666],[-109.7761,34.90828],[-109.77719,34.90999],[-109.77957,34.91007],[-109.78086,34.90845],[-109.77976,34.90674],[-109.77738,34.90666]]]},"properties":{"cell":"8948c8c5907ffff","res":9,"coarsened":false,"count":1,"hv":1,"mp":0,"y0":2018,"y1":2018,"sp":[[53,1,1,0,2018,2018]]}},{"type":"Feature","geometry":{"type":"Polygon","coordinates":[[[-109.84488,35.04061],[-109.84359,35.04224],[-109.84469,35.04394],[-109.84707,35.04402],[-109.84836,35.04239],[-109.84726,35.04069],[-109.84488,35.04061]]]},"properties":{"cell":"8948c818d3bffff","res":9,"coarsened":false,"count":1,"hv":1,"mp":0,"y0":2018,"y1":2018,"sp":[[55,1,1,0,2018,2018]]}},{"type":"Feature","geometry":{"type":"Polygon","coordinates":[[[-109.73448,35.0902],[-109.73319,35.09182],[-109.73429,35.09352],[-109.73668,35.0936],[-109.73797,35.09198],[-109.73687,35.09028],[-109.73448,35.0902]]]},"properties":{"cell":"8948c819b6fffff","res":9,"coarsened":false,"count":1,"hv":1,"mp":0,"y0":2019,"y1":2019,"sp":[[27,1,1,0,2019,2019]]}},{"type":"Feature","geometry":{"type":"Polygon","coordinates":[[[-109.65377,34.93909],[-109.65248,34.94071],[-109.65358,34.94241],[-109.65596,34.9425],[-109.65725,34.94087],[-109.65615,34.93917],[-109.65377,34.93909]]]},"properties":{"cell":"8948c8ccc33ffff","res":9,"coarsened":false,"count":1,"hv":1,"mp":0,"y0":2019,"y1":2019,"sp":[[23,1,1,0,2019,2019]]}},{"type":"Feature","geometry":{"type":"Polygon","coordinates":[[[-109.65358,34.94241],[-109.65229,34.94404],[-109.65338,34.94574],[-109.65576,34.94582],[-109.65705,34.9442],[-109.65596,34.9425],[-109.65358,34.94241]]]},"properties":{"cell":"8948c8ccc23ffff","res":9,"coarsened":false,"count":1,"hv":1,"mp":0,"y0":2019,"y1":2019,"sp":[[55,1,1,0,2019,2019]]}},{"type":"Feature","geometry":{"type":"Polygon","coordinates":[[[-109.81116,34.87945],[-109.80987,34.88108],[-109.81097,34.88278],[-109.81335,34.88286],[-109.81463,34.88124],[-109.81354,34.87953],[-109.81116,34.87945]]]},"properties":{"cell":"8948c8c4e27ffff","res":9,"coarsened":false,"count":1,"hv":1,"mp":0,"y0":2019,"y1":2019,"sp":[[55,1,1,0,2019,2019]]}},{"type":"Feature","geometry":{"type":"Polygon","coordinates":[[[-109.7925,35.07884],[-109.79121,35.08046],[-109.79231,35.08216],[-109.7947,35.08225],[-109.79598,35.08062],[-109.79489,35.07892],[-109.7925,35.07884]]]},"properties":{"cell":"8948c80a417ffff","res":9,"coarsened":false,"count":1,"hv":1,"mp":0,"y0":2019,"y1":2019,"sp":[[2,1,1,0,2019,2019]]}},{"type":"Feature","geometry":{"type":"Polygon","coordinates":[[[-109.8146,34.81951],[-109.81332,34.82114],[-109.81441,34.82285],[-109.81679,34.82293],[-109.81808,34.8213],[-109.81698,34.81959],[-109.8146,34.81951]]]},"properties":{"cell":"8948c8c45b3ffff","res":9,"coarsened":false,"count":1,"hv":1,"mp":0,"y0":2019,"y1":2019,"sp":[[55,1,1,0,2019,2019]]}},{"type":"Feature","geometry":{"type":"Polygon","coordinates":[[[-109.71221,35.16437],[-109.71092,35.16599],[-109.71202,35.1677],[-109.71441,35.16778],[-109.7157,35.16616],[-109.7146,35.16445],[-109.71221,35.16437]]]},"properties":{"cell":"8948c80953bffff","res":9,"coarsened":false,"count":1,"hv":1,"mp":0,"y0":2019,"y1":2019,"sp":[[5,1,1,0,2019,2019]]}},{"type":"Feature","geometry":{"type":"Polygon","coordinates":[[[-109.76831,34.9397],[-109.76702,34.94132],[-109.76812,34.94303],[-109.7705,34.94311],[-109.77179,34.94149],[-109.77069,34.93978],[-109.76831,34.9397]]]},"properties":{"cell":"8948c81a66fffff","res":9,"coarsened":false,"count":2,"hv":2,"mp":0,"y0":2019,"y1":2023,"sp":[[48,1,1,0,2019,2019],[13,1,1,0,2023,2023]]}},{"type":"Feature","geometry":{"type":"Polygon","coordinates":[[[-109.8895,35.0121],[-109.88821,35.01372],[-109.88931,35.01543],[-109.89169,35.0155],[-109.89298,35.01388],[-109.89188,35.01218],[-109.8895,35.0121]]]},"properties":{"cell":"8948c80341bffff","res":9,"coarsened":false,"count":1,"hv":1,"mp":0,"y0":2019,"y1":2019,"sp":[[55,1,1,0,2019,2019]]}},{"type":"Feature","geometry":{"type":"Polygon","coordinates":[[[-109.79977,34.89074],[-109.79849,34.89237],[-109.79958,34.89407],[-109.80196,34.89415],[-109.80325,34.89253],[-109.80216,34.89082],[-109.79977,34.89074]]]},"properties":{"cell":"8948c8c4a13ffff","res":9,"coarsened":false,"count":4,"hv":4,"mp":0,"y0":2005,"y1":2026,"sp":[[27,2,2,0,2005,2026],[96,1,1,0,2018,2018],[7,1,1,0,2022,2022]]}},{"type":"Feature","geometry":{"type":"Polygon","coordinates":[[[-109.78283,35.06019],[-109.78154,35.06181],[-109.78264,35.06351],[-109.78502,35.0636],[-109.78631,35.06197],[-109.78521,35.06027],[-109.78283,35.06019]]]},"properties":{"cell":"8948c818a47ffff","res":9,"coarsened":false,"count":11,"hv":11,"mp":0,"y0":2019,"y1":2026,"sp":[[7,6,6,0,2023,2026],[2,2,2,0,2019,2023],[56,2,2,0,2026,2026],[23,1,1,0,2021,2021]]}},{"type":"Feature","geometry":{"type":"Polygon","coordinates":[[[-109.75441,34.93256],[-109.75312,34.93418],[-109.75421,34.93589],[-109.75659,34.93597],[-109.75788,34.93434],[-109.75679,34.93264],[-109.75441,34.93256]]]},"properties":{"cell":"8948c81b587ffff","res":9,"coarsened":false,"count":6,"hv":6,"mp":0,"y0":2014,"y1":2022,"sp":[[7,4,4,0,2014,2021],[55,1,1,0,2022,2022],[110,1,1,0,2020,2020]]}},{"type":"Feature","geometry":{"type":"Polygon","coordinates":[[[-109.77604,34.92996],[-109.77475,34.93158],[-109.77584,34.93329],[-109.77823,34.93337],[-109.77951,34.93175],[-109.77842,34.93004],[-109.77604,34.92996]]]},"properties":{"cell":"8948c81a607ffff","res":9,"coarsened":false,"count":1,"hv":1,"mp":0,"y0":2019,"y1":2019,"sp":[[7,1,1,0,2019,2019]]}},{"type":"Feature","geometry":{"type":"Polygon","coordinates":[[[-109.77217,34.93483],[-109.77089,34.93645],[-109.77198,34.93816],[-109.77436,34.93824],[-109.77565,34.93662],[-109.77456,34.93491],[-109.77217,34.93483]]]},"properties":{"cell":"8948c81a677ffff","res":9,"coarsened":false,"count":1,"hv":1,"mp":0,"y0":2019,"y1":2019,"sp":[[55,1,1,0,2019,2019]]}},{"type":"Feature","geometry":{"type":"Polygon","coordinates":[[[-109.78302,35.05686],[-109.78173,35.05849],[-109.78283,35.06019],[-109.78521,35.06027],[-109.7865,35.05865],[-109.78541,35.05694],[-109.78302,35.05686]]]},"properties":{"cell":"8948c818a57ffff","res":9,"coarsened":false,"count":1,"hv":1,"mp":0,"y0":2019,"y1":2019,"sp":[[33,1,1,0,2019,2019]]}},{"type":"Feature","geometry":{"type":"Polygon","coordinates":[[[-109.85654,34.89932],[-109.85525,34.90094],[-109.85635,34.90265],[-109.85873,34.90273],[-109.86002,34.9011],[-109.85892,34.8994],[-109.85654,34.89932]]]},"properties":{"cell":"8948c8c4933ffff","res":9,"coarsened":false,"count":1,"hv":1,"mp":0,"y0":2019,"y1":2019,"sp":[[26,1,1,0,2019,2019]]}},{"type":"Feature","geometry":{"type":"Polygon","coordinates":[[[-109.7714,34.94814],[-109.77012,34.94977],[-109.77121,34.95147],[-109.77359,34.95155],[-109.77488,34.94993],[-109.77379,34.94822],[-109.7714,34.94814]]]},"properties":{"cell":"8948c81a213ffff","res":9,"coarsened":false,"count":2,"hv":2,"mp":0,"y0":2013,"y1":2026,"sp":[[7,1,1,0,2013,2013],[35,1,1,0,2026,2026]]}},{"type":"Feature","geometry":{"type":"Polygon","coordinates":[[[-109.85819,34.80763],[-109.85691,34.80926],[-109.858,34.81096],[-109.86038,34.81104],[-109.86167,34.80941],[-109.86057,34.80771],[-109.85819,34.80763]]]},"properties":{"cell":"8948c8c6c3bffff","res":9,"coarsened":false,"count":11,"hv":11,"mp":0,"y0":2015,"y1":2025,"sp":[[55,3,3,0,2015,2023],[8,3,3,0,2020,2025],[19,3,3,0,2022,2025],[35,1,1,0,2020,2020],[100,1,1,0,2022,2022]]}},{"type":"Feature","geometry":{"type":"Polygon","coordinates":[[[-109.80522,34.98263],[-109.80393,34.98425],[-109.80503,34.98595],[-109.80741,34.98603],[-109.8087,34.98441],[-109.80761,34.98271],[-109.80522,34.98263]]]},"properties":{"cell":"8948c8185b3ffff","res":9,"coarsened":false,"count":1,"hv":1,"mp":0,"y0":2011,"y1":2011,"sp":[[7,1,1,0,2011,2011]]}},{"type":"Feature","geometry":{"type":"Polygon","coordinates":[[[-109.80372,35.07089],[-109.80243,35.07251],[-109.80352,35.07421],[-109.80591,35.07429],[-109.8072,35.07267],[-109.8061,35.07097],[-109.80372,35.07089]]]},"properties":{"cell":"8948c818b43ffff","res":9,"coarsened":false,"count":1,"hv":1,"mp":0,"y0":2007,"y1":2007,"sp":[[7,1,1,0,2007,2007]]}},{"type":"Feature","geometry":{"type":"Polygon","coordinates":[[[-109.76908,34.92639],[-109.7678,34.92801],[-109.76889,34.92972],[-109.77127,34.9298],[-109.77256,34.92817],[-109.77146,34.92647],[-109.76908,34.92639]]]},"properties":{"cell":"8948c81a61bffff","res":9,"coarsened":false,"count":1,"hv":1,"mp":0,"y0":2017,"y1":2017,"sp":[[7,1,1,0,2017,2017]]}},{"type":"Feature","geometry":{"type":"Polygon","coordinates":[[[-109.73217,35.06846],[-109.73088,35.07008],[-109.73197,35.07179],[-109.73436,35.07187],[-109.73565,35.07025],[-109.73455,35.06854],[-109.73217,35.06846]]]},"properties":{"cell":"8948c819bd3ffff","res":9,"coarsened":false,"count":1,"hv":1,"mp":0,"y0":2020,"y1":2020,"sp":[[55,1,1,0,2020,2020]]}},{"type":"Feature","geometry":{"type":"Polygon","coordinates":[[[-109.875,34.82654],[-109.87371,34.82817],[-109.87481,34.82987],[-109.87719,34.82995],[-109.87847,34.82833],[-109.87738,34.82662],[-109.875,34.82654]]]},"properties":{"cell":"8948c8c6d6fffff","res":9,"coarsened":false,"count":1,"hv":1,"mp":0,"y0":2018,"y1":2018,"sp":[[27,1,1,0,2018,2018]]}},{"type":"Feature","geometry":{"type":"Polygon","coordinates":[[[-109.76194,34.92615],[-109.76065,34.92777],[-109.76174,34.92947],[-109.76413,34.92955],[-109.76541,34.92793],[-109.76432,34.92623],[-109.76194,34.92615]]]},"properties":{"cell":"8948c81a653ffff","res":9,"coarsened":false,"count":1,"hv":1,"mp":0,"y0":2020,"y1":2020,"sp":[[28,1,1,0,2020,2020]]}},{"type":"Feature","geometry":{"type":"Polygon","coordinates":[[[-109.77799,35.02004],[-109.7767,35.02166],[-109.77779,35.02336],[-109.78018,35.02344],[-109.78147,35.02182],[-109.78037,35.02012],[-109.77799,35.02004]]]},"properties":{"cell":"8948c8183a3ffff","res":9,"coarsened":false,"count":1,"hv":1,"mp":0,"y0":2018,"y1":2018,"sp":[[74,1,1,0,2018,2018]]}},{"type":"Feature","geometry":{"type":"Polygon","coordinates":[[[-109.82614,35.05498],[-109.82485,35.0566],[-109.82594,35.05831],[-109.82833,35.05839],[-109.82962,35.05676],[-109.82852,35.05506],[-109.82614,35.05498]]]},"properties":{"cell":"8948c818827ffff","res":9,"coarsened":false,"count":1,"hv":1,"mp":0,"y0":2018,"y1":2018,"sp":[[23,1,1,0,2018,2018]]}},{"type":"Feature","geometry":{"type":"Polygon","coordinates":[[[-109.8033,35.01589],[-109.80202,35.01752],[-109.80311,35.01922],[-109.8055,35.0193],[-109.80678,35.01768],[-109.80569,35.01597],[-109.8033,35.01589]]]},"properties":{"cell":"8948c818137ffff","res":9,"coarsened":false,"count":1,"hv":1,"mp":0,"y0":2015,"y1":2015,"sp":[[27,1,1,0,2015,2015]]}},{"type":"Feature","geometry":{"type":"Polygon","coordinates":[[[-109.75421,34.93589],[-109.75292,34.93751],[-109.75402,34.93921],[-109.7564,34.9393],[-109.75769,34.93767],[-109.75659,34.93597],[-109.75421,34.93589]]]},"properties":{"cell":"8948c81b5bbffff","res":9,"coarsened":false,"count":1,"hv":1,"mp":0,"y0":2006,"y1":2006,"sp":[[27,1,1,0,2006,2006]]}},{"type":"Feature","geometry":{"type":"Polygon","coordinates":[[[-109.78981,35.12538],[-109.78852,35.127],[-109.78962,35.12871],[-109.792,35.12879],[-109.79329,35.12717],[-109.7922,35.12546],[-109.78981,35.12538]]]},"properties":{"cell":"8948c80a317ffff","res":9,"coarsened":false,"count":1,"hv":1,"mp":0,"y0":2015,"y1":2015,"sp":[[74,1,1,0,2015,2015]]}},{"type":"Feature","geometry":{"type":"Polygon","coordinates":[[[-109.73761,34.91364],[-109.73632,34.91526],[-109.73741,34.91697],[-109.73979,34.91705],[-109.74108,34.91543],[-109.73999,34.91372],[-109.73761,34.91364]]]},"properties":{"cell":"8948c8c5b53ffff","res":9,"coarsened":false,"count":1,"hv":1,"mp":0,"y0":2020,"y1":2020,"sp":[[13,1,1,0,2020,2020]]}},{"type":"Feature","geometry":{"type":"Polygon","coordinates":[[[-109.79402,34.99058],[-109.79273,34.99221],[-109.79383,34.99391],[-109.79621,34.99399],[-109.7975,34.99237],[-109.7964,34.99066],[-109.79402,34.99058]]]},"properties":{"cell":"8948c81850fffff","res":9,"coarsened":false,"count":1,"hv":1,"mp":0,"y0":2020,"y1":2020,"sp":[[27,1,1,0,2020,2020]]}},{"type":"Feature","geometry":{"type":"Polygon","coordinates":[[[-109.79502,35.09725],[-109.79373,35.09887],[-109.79483,35.10057],[-109.79722,35.10065],[-109.79851,35.09903],[-109.79741,35.09733],[-109.79502,35.09725]]]},"properties":{"cell":"8948c80a087ffff","res":9,"coarsened":false,"count":1,"hv":1,"mp":0,"y0":2020,"y1":2020,"sp":[[8,1,1,0,2020,2020]]}},{"type":"Feature","geometry":{"type":"Polygon","coordinates":[[[-109.79397,34.8672],[-109.79269,34.86882],[-109.79378,34.87053],[-109.79616,34.87061],[-109.79745,34.86898],[-109.79635,34.86728],[-109.79397,34.8672]]]},"properties":{"cell":"8948c8c4ecfffff","res":9,"coarsened":false,"count":1,"hv":1,"mp":0,"y0":2020,"y1":2020,"sp":[[24,1,1,0,2020,2020]]}},{"type":"Feature","geometry":{"type":"Polygon","coordinates":[[[-109.75363,34.94587],[-109.75234,34.94749],[-109.75344,34.9492],[-109.75582,34.94928],[-109.75711,34.94766],[-109.75601,34.94595],[-109.75363,34.94587]]]},"properties":{"cell":"8948c81b523ffff","res":9,"coarsened":false,"count":1,"hv":1,"mp":0,"y0":2020,"y1":2020,"sp":[[122,1,1,0,2020,2020]]}},{"type":"Feature","geometry":{"type":"Polygon","coordinates":[[[-109.78631,35.06197],[-109.78502,35.0636],[-109.78612,35.0653],[-109.7885,35.06538],[-109.78979,35.06376],[-109.78869,35.06205],[-109.78631,35.06197]]]},"properties":{"cell":"8948c818a73ffff","res":9,"coarsened":false,"count":1,"hv":1,"mp":0,"y0":2020,"y1":2020,"sp":[[2,1,1,0,2020,2020]]}},{"type":"Feature","geometry":{"type":"Polygon","coordinates":[[[-109.80563,35.03763],[-109.80435,35.03926],[-109.80544,35.04096],[-109.80783,35.04104],[-109.80911,35.03942],[-109.80802,35.03771],[-109.80563,35.03763]]]},"properties":{"cell":"8948c8188dbffff","res":9,"coarsened":false,"count":1,"hv":1,"mp":0,"y0":2020,"y1":2020,"sp":[[27,1,1,0,2020,2020]]}},{"type":"Feature","geometry":{"type":"Polygon","coordinates":[[[-109.7905,34.86541],[-109.78921,34.86704],[-109.79031,34.86874],[-109.79269,34.86882],[-109.79397,34.8672],[-109.79288,34.86549],[-109.7905,34.86541]]]},"properties":{"cell":"8948c8c4ecbffff","res":9,"coarsened":false,"count":5,"hv":5,"mp":0,"y0":2020,"y1":2026,"sp":[[55,3,3,0,2023,2026],[19,2,2,0,2020,2026]]}},{"type":"Feature","geometry":{"type":"Polygon","coordinates":[[[-109.79927,35.08573],[-109.79799,35.08735],[-109.79908,35.08906],[-109.80147,35.08914],[-109.80276,35.08751],[-109.80166,35.08581],[-109.79927,35.08573]]]},"properties":{"cell":"8948c80a437ffff","res":9,"coarsened":false,"count":1,"hv":1,"mp":0,"y0":2021,"y1":2021,"sp":[[23,1,1,0,2021,2021]]}},{"type":"Feature","geometry":{"type":"Polygon","coordinates":[[[-109.80295,35.08419],[-109.80166,35.08581],[-109.80276,35.08751],[-109.80514,35.08759],[-109.80643,35.08597],[-109.80533,35.08427],[-109.80295,35.08419]]]},"properties":{"cell":"8948c80a5dbffff","res":9,"coarsened":false,"count":1,"hv":1,"mp":0,"y0":2021,"y1":2021,"sp":[[100,1,1,0,2021,2021]]}},{"type":"Feature","geometry":{"type":"Polygon","coordinates":[[[-109.78977,35.0021],[-109.78848,35.00373],[-109.78958,35.00543],[-109.79196,35.00551],[-109.79325,35.00389],[-109.79215,35.00219],[-109.78977,35.0021]]]},"properties":{"cell":"8948c8181d7ffff","res":9,"coarsened":false,"count":13,"hv":13,"mp":0,"y0":1991,"y1":2023,"sp":[[7,7,7,0,1991,2023],[8,1,1,0,2021,2021],[38,1,1,0,2022,2022],[55,1,1,0,2022,2022],[18,1,1,0,2022,2022],[89,1,1,0,2022,2022],[96,1,1,0,2022,2022]]}},{"type":"Feature","geometry":{"type":"Polygon","coordinates":[[[-109.78685,34.92866],[-109.78556,34.93028],[-109.78666,34.93199],[-109.78904,34.93207],[-109.79033,34.93044],[-109.78923,34.92874],[-109.78685,34.92866]]]},"properties":{"cell":"8948c81a6a7ffff","res":9,"coarsened":false,"count":1,"hv":1,"mp":0,"y0":2021,"y1":2021,"sp":[[7,1,1,0,2021,2021]]}},{"type":"Feature","geometry":{"type":"Polygon","coordinates":[[[-109.78806,35.09368],[-109.78677,35.0953],[-109.78787,35.09701],[-109.79025,35.09709],[-109.79154,35.09546],[-109.79044,35.09376],[-109.78806,35.09368]]]},"properties":{"cell":"8948c80a09bffff","res":9,"coarsened":false,"count":1,"hv":1,"mp":0,"y0":2015,"y1":2015,"sp":[[56,1,1,0,2015,2015]]}},{"type":"Feature","geometry":{"type":"Polygon","coordinates":[[[-109.85203,35.04085],[-109.85074,35.04247],[-109.85184,35.04418],[-109.85422,35.04426],[-109.85551,35.04263],[-109.85441,35.04093],[-109.85203,35.04085]]]},"properties":{"cell":"8948c818d37ffff","res":9,"coarsened":false,"count":1,"hv":1,"mp":0,"y0":2021,"y1":2021,"sp":[[6,1,1,0,2021,2021]]}},{"type":"Feature","geometry":{"type":"Polygon","coordinates":[[[-109.83815,35.09536],[-109.83687,35.09698],[-109.83796,35.09868],[-109.84035,35.09876],[-109.84164,35.09714],[-109.84054,35.09544],[-109.83815,35.09536]]]},"properties":{"cell":"8948c80129bffff","res":9,"coarsened":false,"count":1,"hv":1,"mp":0,"y0":2015,"y1":2015,"sp":[[13,1,1,0,2015,2015]]}},{"type":"Feature","geometry":{"type":"Polygon","coordinates":[[[-109.81173,34.86946],[-109.81045,34.87109],[-109.81154,34.87279],[-109.81392,34.87287],[-109.81521,34.87125],[-109.81411,34.86954],[-109.81173,34.86946]]]},"properties":{"cell":"8948c8c4ea3ffff","res":9,"coarsened":false,"count":1,"hv":1,"mp":0,"y0":2010,"y1":2010,"sp":[[15,1,1,0,2010,2010]]}},{"type":"Feature","geometry":{"type":"Polygon","coordinates":[[[-109.81945,34.85972],[-109.81816,34.86134],[-109.81926,34.86305],[-109.82164,34.86313],[-109.82292,34.8615],[-109.82183,34.8598],[-109.81945,34.85972]]]},"properties":{"cell":"8948c8c4c57ffff","res":9,"coarsened":false,"count":1,"hv":1,"mp":0,"y0":2010,"y1":2010,"sp":[[38,1,1,0,2010,2010]]}},{"type":"Feature","geometry":{"type":"Polygon","coordinates":[[[-109.76098,35.06611],[-109.75969,35.06773],[-109.76079,35.06944],[-109.76317,35.06952],[-109.76446,35.0679],[-109.76336,35.06619],[-109.76098,35.06611]]]},"properties":{"cell":"8948c81991bffff","res":9,"coarsened":false,"count":1,"hv":1,"mp":0,"y0":2021,"y1":2021,"sp":[[27,1,1,0,2021,2021]]}},{"type":"Feature","geometry":{"type":"Polygon","coordinates":[[[-109.85051,35.06746],[-109.84922,35.06908],[-109.85032,35.07078],[-109.8527,35.07086],[-109.85399,35.06924],[-109.85289,35.06753],[-109.85051,35.06746]]]},"properties":{"cell":"8948c818927ffff","res":9,"coarsened":false,"count":1,"hv":1,"mp":0,"y0":2021,"y1":2021,"sp":[[23,1,1,0,2021,2021]]}},{"type":"Feature","geometry":{"type":"Polygon","coordinates":[[[-109.74707,34.93564],[-109.74578,34.93727],[-109.74687,34.93897],[-109.74925,34.93905],[-109.75054,34.93743],[-109.74945,34.93572],[-109.74707,34.93564]]]},"properties":{"cell":"8948c81b513ffff","res":9,"coarsened":false,"count":1,"hv":1,"mp":0,"y0":2021,"y1":2021,"sp":[[35,1,1,0,2021,2021]]}},{"type":"Feature","geometry":{"type":"Polygon","coordinates":[[[-109.7658,34.92127],[-109.76451,34.9229],[-109.76561,34.9246],[-109.76799,34.92468],[-109.76928,34.92306],[-109.76818,34.92136],[-109.7658,34.92127]]]},"properties":{"cell":"8948c81a6c3ffff","res":9,"coarsened":false,"count":1,"hv":1,"mp":0,"y0":2021,"y1":2021,"sp":[[27,1,1,0,2021,2021]]}},{"type":"Feature","geometry":{"type":"Polygon","coordinates":[[[-109.70822,34.98765],[-109.70693,34.98928],[-109.70803,34.99098],[-109.71041,34.99106],[-109.7117,34.98944],[-109.71061,34.98774],[-109.70822,34.98765]]]},"properties":{"cell":"8948c8195dbffff","res":9,"coarsened":false,"count":1,"hv":1,"mp":0,"y0":2021,"y1":2021,"sp":[[27,1,1,0,2021,2021]]}},{"type":"Feature","geometry":{"type":"Polygon","coordinates":[[[-109.70861,34.981],[-109.70732,34.98262],[-109.70842,34.98433],[-109.7108,34.98441],[-109.71209,34.98279],[-109.71099,34.98108],[-109.70861,34.981]]]},"properties":{"cell":"8948c8194b7ffff","res":9,"coarsened":false,"count":1,"hv":1,"mp":0,"y0":2021,"y1":2021,"sp":[[65,1,1,0,2021,2021]]}},{"type":"Feature","geometry":{"type":"Polygon","coordinates":[[[-109.77353,34.97322],[-109.77224,34.97484],[-109.77334,34.97655],[-109.77572,34.97663],[-109.77701,34.97501],[-109.77592,34.9733],[-109.77353,34.97322]]]},"properties":{"cell":"8948c818417ffff","res":9,"coarsened":false,"count":3,"hv":3,"mp":0,"y0":2009,"y1":2022,"sp":[[7,2,2,0,2009,2022],[27,1,1,0,2022,2022]]}},{"type":"Feature","geometry":{"type":"Polygon","coordinates":[[[-109.64833,34.97057],[-109.64704,34.97219],[-109.64814,34.9739],[-109.65052,34.97398],[-109.65181,34.97236],[-109.65072,34.97066],[-109.64833,34.97057]]]},"properties":{"cell":"8948c8ccb93ffff","res":9,"coarsened":false,"count":1,"hv":1,"mp":0,"y0":2021,"y1":2021,"sp":[[38,1,1,0,2021,2021]]}},{"type":"Feature","geometry":{"type":"Polygon","coordinates":[[[-109.79135,35.09879],[-109.79006,35.10041],[-109.79116,35.10211],[-109.79354,35.10219],[-109.79483,35.10057],[-109.79373,35.09887],[-109.79135,35.09879]]]},"properties":{"cell":"8948c80a08fffff","res":9,"coarsened":false,"count":1,"hv":1,"mp":0,"y0":2021,"y1":2021,"sp":[[35,1,1,0,2021,2021]]}},{"type":"Feature","geometry":{"type":"Polygon","coordinates":[[[-109.7546,34.92923],[-109.75331,34.93085],[-109.75441,34.93256],[-109.75679,34.93264],[-109.75807,34.93102],[-109.75698,34.92931],[-109.7546,34.92923]]]},"properties":{"cell":"8948c81b597ffff","res":9,"coarsened":false,"count":1,"hv":1,"mp":0,"y0":2021,"y1":2021,"sp":[[19,1,1,0,2021,2021]]}},{"type":"Feature","geometry":{"type":"Polygon","coordinates":[[[-109.77661,34.91998],[-109.77533,34.9216],[-109.77642,34.9233],[-109.7788,34.92338],[-109.78009,34.92176],[-109.77899,34.92006],[-109.77661,34.91998]]]},"properties":{"cell":"8948c81a683ffff","res":9,"coarsened":false,"count":2,"hv":2,"mp":0,"y0":2021,"y1":2023,"sp":[[27,1,1,0,2021,2021],[7,1,1,0,2023,2023]]}},{"type":"Feature","geometry":{"type":"Polygon","coordinates":[[[-109.78748,35.10365],[-109.78619,35.10528],[-109.78729,35.10698],[-109.78968,35.10706],[-109.79096,35.10544],[-109.78987,35.10374],[-109.78748,35.10365]]]},"properties":{"cell":"8948c80a003ffff","res":9,"coarsened":false,"count":1,"hv":1,"mp":0,"y0":2021,"y1":2021,"sp":[[56,1,1,0,2021,2021]]}},{"type":"Feature","geometry":{"type":"Polygon","coordinates":[[[-109.79116,35.10211],[-109.78987,35.10374],[-109.79096,35.10544],[-109.79335,35.10552],[-109.79464,35.1039],[-109.79354,35.10219],[-109.79116,35.10211]]]},"properties":{"cell":"8948c80a017ffff","res":9,"coarsened":false,"count":1,"hv":1,"mp":0,"y0":2021,"y1":2021,"sp":[[27,1,1,0,2021,2021]]}},{"type":"Feature","geometry":{"type":"Polygon","coordinates":[[[-109.7751,35.06992],[-109.77381,35.07155],[-109.7749,35.07325],[-109.77729,35.07333],[-109.77858,35.07171],[-109.77748,35.07],[-109.7751,35.06992]]]},"properties":{"cell":"8948c8199afffff","res":9,"coarsened":false,"count":1,"hv":1,"mp":0,"y0":2021,"y1":2021,"sp":[[72,1,1,0,2021,2021]]}},{"type":"Feature","geometry":{"type":"Polygon","coordinates":[[[-109.78921,35.07373],[-109.78792,35.07535],[-109.78902,35.07706],[-109.79141,35.07714],[-109.79269,35.07551],[-109.7916,35.07381],[-109.78921,35.07373]]]},"properties":{"cell":"8948c80a48bffff","res":9,"coarsened":false,"count":2,"hv":2,"mp":0,"y0":2004,"y1":2011,"sp":[[7,1,1,0,2004,2004],[38,1,1,0,2011,2011]]}},{"type":"Feature","geometry":{"type":"Polygon","coordinates":[[[-109.79366,35.05889],[-109.79237,35.06051],[-109.79346,35.06221],[-109.79585,35.06229],[-109.79714,35.06067],[-109.79604,35.05897],[-109.79366,35.05889]]]},"properties":{"cell":"8948c818a07ffff","res":9,"coarsened":false,"count":1,"hv":1,"mp":0,"y0":2007,"y1":2007,"sp":[[27,1,1,0,2007,2007]]}},{"type":"Feature","geometry":{"type":"Polygon","coordinates":[[[-109.79031,34.86874],[-109.78902,34.87036],[-109.79012,34.87207],[-109.7925,34.87215],[-109.79378,34.87053],[-109.79269,34.86882],[-109.79031,34.86874]]]},"properties":{"cell":"8948c8c4e53ffff","res":9,"coarsened":false,"count":1,"hv":1,"mp":0,"y0":2010,"y1":2010,"sp":[[7,1,1,0,2010,2010]]}},{"type":"Feature","geometry":{"type":"Polygon","coordinates":[[[-109.74378,34.93053],[-109.7425,34.93215],[-109.74359,34.93386],[-109.74597,34.93394],[-109.74726,34.93231],[-109.74616,34.93061],[-109.74378,34.93053]]]},"properties":{"cell":"8948c81b5d7ffff","res":9,"coarsened":false,"count":1,"hv":1,"mp":0,"y0":2021,"y1":2021,"sp":[[27,1,1,0,2021,2021]]}},{"type":"Feature","geometry":{"type":"Polygon","coordinates":[[[-109.79018,35.05711],[-109.78889,35.05873],[-109.78998,35.06043],[-109.79237,35.06051],[-109.79366,35.05889],[-109.79256,35.05719],[-109.79018,35.05711]]]},"properties":{"cell":"8948c818a03ffff","res":9,"coarsened":false,"count":1,"hv":1,"mp":0,"y0":2021,"y1":2021,"sp":[[33,1,1,0,2021,2021]]}},{"type":"Feature","geometry":{"type":"Polygon","coordinates":[[[-109.79169,34.96883],[-109.7904,34.97046],[-109.7915,34.97216],[-109.79388,34.97224],[-109.79517,34.97062],[-109.79407,34.96892],[-109.79169,34.96883]]]},"properties":{"cell":"8948c81a373ffff","res":9,"coarsened":false,"count":3,"hv":3,"mp":0,"y0":2021,"y1":2023,"sp":[[22,1,1,0,2021,2021],[13,1,1,0,2021,2021],[218,1,1,0,2023,2023]]}},{"type":"Feature","geometry":{"type":"Polygon","coordinates":[[[-109.78821,34.96705],[-109.78693,34.96867],[-109.78802,34.97038],[-109.7904,34.97046],[-109.79169,34.96883],[-109.7906,34.96713],[-109.78821,34.96705]]]},"properties":{"cell":"8948c81a347ffff","res":9,"coarsened":false,"count":3,"hv":3,"mp":0,"y0":2021,"y1":2022,"sp":[[8,1,1,0,2021,2021],[24,1,1,0,2022,2022],[13,1,1,0,2022,2022]]}},{"type":"Feature","geometry":{"type":"Polygon","coordinates":[[[-109.80599,34.96932],[-109.8047,34.97094],[-109.8058,34.97264],[-109.80818,34.97272],[-109.80947,34.9711],[-109.80837,34.9694],[-109.80599,34.96932]]]},"properties":{"cell":"8948c81a337ffff","res":9,"coarsened":false,"count":1,"hv":1,"mp":0,"y0":2021,"y1":2021,"sp":[[76,1,1,0,2021,2021]]}},{"type":"Feature","geometry":{"type":"Polygon","coordinates":[[[-109.69357,34.93213],[-109.69228,34.93376],[-109.69337,34.93546],[-109.69575,34.93554],[-109.69704,34.93392],[-109.69595,34.93222],[-109.69357,34.93213]]]},"properties":{"cell":"8948c81b6c7ffff","res":9,"coarsened":false,"count":1,"hv":1,"mp":0,"y0":2021,"y1":2021,"sp":[[20,1,1,0,2021,2021]]}},{"type":"Feature","geometry":{"type":"Polygon","coordinates":[[[-109.78952,34.82033],[-109.78823,34.82196],[-109.78933,34.82366],[-109.79171,34.82375],[-109.79299,34.82212],[-109.7919,34.82041],[-109.78952,34.82033]]]},"properties":{"cell":"8948c8c4427ffff","res":9,"coarsened":false,"count":1,"hv":1,"mp":0,"y0":2021,"y1":2021,"sp":[[27,1,1,0,2021,2021]]}},{"type":"Feature","geometry":{"type":"Polygon","coordinates":[[[-109.7519,34.85242],[-109.75061,34.85404],[-109.7517,34.85575],[-109.75408,34.85583],[-109.75537,34.85421],[-109.75428,34.8525],[-109.7519,34.85242]]]},"properties":{"cell":"8948c8c4277ffff","res":9,"coarsened":false,"count":1,"hv":1,"mp":0,"y0":2021,"y1":2021,"sp":[[27,1,1,0,2021,2021]]}},{"type":"Feature","geometry":{"type":"Polygon","coordinates":[[[-109.78377,34.9819],[-109.78249,34.98352],[-109.78358,34.98523],[-109.78597,34.98531],[-109.78725,34.98369],[-109.78616,34.98198],[-109.78377,34.9819]]]},"properties":{"cell":"8948c8185cbffff","res":9,"coarsened":false,"count":1,"hv":1,"mp":0,"y0":2021,"y1":2021,"sp":[[7,1,1,0,2021,2021]]}},{"type":"Feature","geometry":{"type":"Polygon","coordinates":[[[-109.81983,34.85306],[-109.81854,34.85468],[-109.81964,34.85639],[-109.82202,34.85647],[-109.82331,34.85484],[-109.82221,34.85314],[-109.81983,34.85306]]]},"properties":{"cell":"8948c8c4cc3ffff","res":9,"coarsened":false,"count":1,"hv":1,"mp":0,"y0":2021,"y1":2021,"sp":[[23,1,1,0,2021,2021]]}},{"type":"Feature","geometry":{"type":"Polygon","coordinates":[[[-109.78453,34.9069],[-109.78324,34.90853],[-109.78434,34.91023],[-109.78672,34.91031],[-109.788,34.90869],[-109.78691,34.90698],[-109.78453,34.9069]]]},"properties":{"cell":"8948c8c59afffff","res":9,"coarsened":false,"count":3,"hv":3,"mp":0,"y0":2021,"y1":2023,"sp":[[7,1,1,0,2021,2021],[65,1,1,0,2023,2023],[19,1,1,0,2023,2023]]}},{"type":"Feature","geometry":{"type":"Polygon","coordinates":[[[-109.732,34.94846],[-109.73071,34.95009],[-109.7318,34.95179],[-109.73419,34.95187],[-109.73547,34.95025],[-109.73438,34.94855],[-109.732,34.94846]]]},"properties":{"cell":"8948c81b0a3ffff","res":9,"coarsened":false,"count":2,"hv":2,"mp":0,"y0":2021,"y1":2022,"sp":[[24,1,1,0,2021,2021],[19,1,1,0,2022,2022]]}},{"type":"Feature","geometry":{"type":"Polygon","coordinates":[[[-109.77781,35.08501],[-109.77652,35.08663],[-109.77761,35.08833],[-109.78,35.08841],[-109.78129,35.08679],[-109.78019,35.08509],[-109.77781,35.08501]]]},"properties":{"cell":"8948c80a44fffff","res":9,"coarsened":false,"count":1,"hv":1,"mp":0,"y0":2021,"y1":2021,"sp":[[55,1,1,0,2021,2021]]}},{"type":"Feature","geometry":{"type":"Polygon","coordinates":[[[-109.80979,34.84104],[-109.8085,34.84267],[-109.8096,34.84437],[-109.81198,34.84445],[-109.81326,34.84283],[-109.81217,34.84112],[-109.80979,34.84104]]]},"properties":{"cell":"8948c8c4187ffff","res":9,"coarsened":false,"count":1,"hv":1,"mp":0,"y0":2021,"y1":2021,"sp":[[101,1,1,0,2021,2021]]}},{"type":"Feature","geometry":{"type":"Polygon","coordinates":[[[-109.83968,34.81869],[-109.8384,34.82032],[-109.83949,34.82202],[-109.84187,34.8221],[-109.84316,34.82047],[-109.84206,34.81877],[-109.83968,34.81869]]]},"properties":{"cell":"8948c8c6e37ffff","res":9,"coarsened":false,"count":1,"hv":1,"mp":0,"y0":2021,"y1":2021,"sp":[[22,1,1,0,2021,2021]]}},{"type":"Feature","geometry":{"type":"Polygon","coordinates":[[[-109.73606,34.94027],[-109.73477,34.94189],[-109.73586,34.94359],[-109.73824,34.94368],[-109.73953,34.94205],[-109.73844,34.94035],[-109.73606,34.94027]]]},"properties":{"cell":"8948c81b543ffff","res":9,"coarsened":false,"count":3,"hv":3,"mp":0,"y0":2021,"y1":2026,"sp":[[19,1,1,0,2021,2021],[22,1,1,0,2021,2021],[28,1,1,0,2026,2026]]}},{"type":"Feature","geometry":{"type":"Polygon","coordinates":[[[-109.80322,34.83081],[-109.80194,34.83243],[-109.80303,34.83414],[-109.80541,34.83422],[-109.8067,34.83259],[-109.8056,34.83089],[-109.80322,34.83081]]]},"properties":{"cell":"8948c8c4577ffff","res":9,"coarsened":false,"count":2,"hv":2,"mp":0,"y0":2021,"y1":2021,"sp":[[194,1,1,0,2021,2021],[13,1,1,0,2021,2021]]}},{"type":"Feature","geometry":{"type":"Polygon","coordinates":[[[-109.68771,35.03194],[-109.68642,35.03357],[-109.68752,35.03527],[-109.6899,35.03535],[-109.69119,35.03373],[-109.6901,35.03203],[-109.68771,35.03194]]]},"properties":{"cell":"8948c81930bffff","res":9,"coarsened":false,"count":2,"hv":2,"mp":0,"y0":2021,"y1":2022,"sp":[[19,1,1,0,2021,2021],[87,1,1,0,2022,2022]]}},{"type":"Feature","geometry":{"type":"Polygon","coordinates":[[[-109.81145,35.06115],[-109.81016,35.06278],[-109.81125,35.06448],[-109.81364,35.06456],[-109.81493,35.06294],[-109.81383,35.06123],[-109.81145,35.06115]]]},"properties":{"cell":"8948c818bd7ffff","res":9,"coarsened":false,"count":1,"hv":1,"mp":0,"y0":2021,"y1":2021,"sp":[[44,1,1,0,2021,2021]]}},{"type":"Feature","geometry":{"type":"Polygon","coordinates":[[[-109.81036,34.83105],[-109.80908,34.83268],[-109.81017,34.83438],[-109.81255,34.83446],[-109.81384,34.83284],[-109.81274,34.83113],[-109.81036,34.83105]]]},"properties":{"cell":"8948c8c4523ffff","res":9,"coarsened":false,"count":4,"hv":4,"mp":0,"y0":2021,"y1":2021,"sp":[[13,2,2,0,2021,2021],[8,1,1,0,2021,2021],[23,1,1,0,2021,2021]]}},{"type":"Feature","geometry":{"type":"Polygon","coordinates":[[[-109.66356,35.01611],[-109.66227,35.01773],[-109.66336,35.01943],[-109.66575,35.01952],[-109.66704,35.01789],[-109.66594,35.01619],[-109.66356,35.01611]]]},"properties":{"cell":"8948c81921bffff","res":9,"coarsened":false,"count":2,"hv":2,"mp":0,"y0":2021,"y1":2021,"sp":[[27,1,1,0,2021,2021],[122,1,1,0,2021,2021]]}},{"type":"Feature","geometry":{"type":"Polygon","coordinates":[[[-109.79589,34.8339],[-109.79461,34.83552],[-109.7957,34.83723],[-109.79808,34.83731],[-109.79937,34.83568],[-109.79827,34.83398],[-109.79589,34.8339]]]},"properties":{"cell":"8948c8c456bffff","res":9,"coarsened":false,"count":1,"hv":1,"mp":0,"y0":2021,"y1":2021,"sp":[[195,1,1,0,2021,2021]]}},{"type":"Feature","geometry":{"type":"Polygon","coordinates":[[[-109.72542,34.99991],[-109.72413,35.00154],[-109.72522,35.00324],[-109.72761,35.00332],[-109.7289,35.0017],[-109.7278,34.99999],[-109.72542,34.99991]]]},"properties":{"cell":"8948c819533ffff","res":9,"coarsened":false,"count":1,"hv":1,"mp":0,"y0":2021,"y1":2021,"sp":[[7,1,1,0,2021,2021]]}},{"type":"Feature","geometry":{"type":"Polygon","coordinates":[[[-109.72174,35.00145],[-109.72046,35.00308],[-109.72155,35.00478],[-109.72393,35.00486],[-109.72522,35.00324],[-109.72413,35.00154],[-109.72174,35.00145]]]},"properties":{"cell":"8948c81953bffff","res":9,"coarsened":false,"count":1,"hv":1,"mp":0,"y0":2021,"y1":2021,"sp":[[47,1,1,0,2021,2021]]}},{"type":"Feature","geometry":{"type":"Polygon","coordinates":[[[-109.79937,34.83568],[-109.79808,34.83731],[-109.79917,34.83901],[-109.80155,34.83909],[-109.80284,34.83747],[-109.80175,34.83576],[-109.79937,34.83568]]]},"properties":{"cell":"8948c8c456fffff","res":9,"coarsened":false,"count":1,"hv":1,"mp":0,"y0":2021,"y1":2021,"sp":[[65,1,1,0,2021,2021]]}},{"type":"Feature","geometry":{"type":"Polygon","coordinates":[[[-109.8067,34.83259],[-109.80541,34.83422],[-109.80651,34.83593],[-109.80889,34.83601],[-109.81017,34.83438],[-109.80908,34.83268],[-109.8067,34.83259]]]},"properties":{"cell":"8948c8c452bffff","res":9,"coarsened":false,"count":1,"hv":1,"mp":0,"y0":2021,"y1":2021,"sp":[[8,1,1,0,2021,2021]]}},{"type":"Feature","geometry":{"type":"Polygon","coordinates":[[[-109.82178,34.88148],[-109.82049,34.8831],[-109.82159,34.88481],[-109.82397,34.88489],[-109.82525,34.88326],[-109.82416,34.88156],[-109.82178,34.88148]]]},"properties":{"cell":"8948c8c481bffff","res":9,"coarsened":false,"count":1,"hv":1,"mp":0,"y0":2021,"y1":2021,"sp":[[65,1,1,0,2021,2021]]}},{"type":"Feature","geometry":{"type":"Polygon","coordinates":[[[-109.77583,34.87158],[-109.77454,34.87321],[-109.77564,34.87491],[-109.77802,34.87499],[-109.77931,34.87337],[-109.77821,34.87167],[-109.77583,34.87158]]]},"properties":{"cell":"8948c8c5d9bffff","res":9,"coarsened":false,"count":2,"hv":2,"mp":0,"y0":2021,"y1":2022,"sp":[[44,1,1,0,2021,2021],[23,1,1,0,2022,2022]]}},{"type":"Feature","geometry":{"type":"Polygon","coordinates":[[[-109.77197,34.87646],[-109.77069,34.87808],[-109.77178,34.87979],[-109.77416,34.87987],[-109.77545,34.87824],[-109.77435,34.87654],[-109.77197,34.87646]]]},"properties":{"cell":"8948c8c5dc7ffff","res":9,"coarsened":false,"count":1,"hv":1,"mp":0,"y0":2021,"y1":2021,"sp":[[7,1,1,0,2021,2021]]}},{"type":"Feature","geometry":{"type":"Polygon","coordinates":[[[-109.7685,34.87467],[-109.76721,34.87629],[-109.7683,34.878],[-109.77069,34.87808],[-109.77197,34.87646],[-109.77088,34.87475],[-109.7685,34.87467]]]},"properties":{"cell":"8948c8c5dc3ffff","res":9,"coarsened":false,"count":2,"hv":2,"mp":0,"y0":2021,"y1":2021,"sp":[[142,1,1,0,2021,2021],[53,1,1,0,2021,2021]]}},{"type":"Feature","geometry":{"type":"Polygon","coordinates":[[[-109.80013,34.82236],[-109.79885,34.82399],[-109.79994,34.82569],[-109.80232,34.82577],[-109.80361,34.82415],[-109.80251,34.82244],[-109.80013,34.82236]]]},"properties":{"cell":"8948c8c451bffff","res":9,"coarsened":false,"count":4,"hv":4,"mp":0,"y0":2021,"y1":2021,"sp":[[23,2,2,0,2021,2021],[74,1,1,0,2021,2021],[13,1,1,0,2021,2021]]}},{"type":"Feature","geometry":{"type":"Polygon","coordinates":[[[-109.66317,35.02276],[-109.66188,35.02438],[-109.66297,35.02609],[-109.66536,35.02617],[-109.66665,35.02455],[-109.66555,35.02284],[-109.66317,35.02276]]]},"properties":{"cell":"8948c819273ffff","res":9,"coarsened":false,"count":2,"hv":2,"mp":0,"y0":2021,"y1":2024,"sp":[[122,2,2,0,2021,2024]]}},{"type":"Feature","geometry":{"type":"Polygon","coordinates":[[[-109.88946,34.82369],[-109.88818,34.82531],[-109.88927,34.82702],[-109.89165,34.8271],[-109.89294,34.82547],[-109.89184,34.82377],[-109.88946,34.82369]]]},"properties":{"cell":"8948c8c6d27ffff","res":9,"coarsened":false,"count":2,"hv":2,"mp":0,"y0":2021,"y1":2023,"sp":[[20,1,1,0,2021,2021],[31,1,1,0,2023,2023]]}},{"type":"Feature","geometry":{"type":"Polygon","coordinates":[[[-109.8163,35.10129],[-109.81501,35.10291],[-109.81611,35.10462],[-109.8185,35.1047],[-109.81978,35.10307],[-109.81869,35.10137],[-109.8163,35.10129]]]},"properties":{"cell":"8948c80a52bffff","res":9,"coarsened":false,"count":1,"hv":1,"mp":0,"y0":2021,"y1":2021,"sp":[[23,1,1,0,2021,2021]]}},{"type":"Feature","geometry":{"type":"Polygon","coordinates":[[[-109.74745,34.99067],[-109.74616,34.99229],[-109.74726,34.99399],[-109.74964,34.99408],[-109.75093,34.99245],[-109.74983,34.99075],[-109.74745,34.99067]]]},"properties":{"cell":"8948c81863bffff","res":9,"coarsened":false,"count":2,"hv":2,"mp":0,"y0":2022,"y1":2022,"sp":[[24,1,1,0,2022,2022],[18,1,1,0,2022,2022]]}},{"type":"Feature","geometry":{"type":"Polygon","coordinates":[[[-109.70786,34.93263],[-109.70657,34.93425],[-109.70766,34.93596],[-109.71005,34.93604],[-109.71133,34.93441],[-109.71024,34.93271],[-109.70786,34.93263]]]},"properties":{"cell":"8948c81b6b3ffff","res":9,"coarsened":false,"count":1,"hv":1,"mp":0,"y0":2022,"y1":2022,"sp":[[101,1,1,0,2022,2022]]}},{"type":"Feature","geometry":{"type":"Polygon","coordinates":[[[-109.71559,34.92289],[-109.7143,34.92451],[-109.71539,34.92622],[-109.71778,34.9263],[-109.71906,34.92468],[-109.71797,34.92297],[-109.71559,34.92289]]]},"properties":{"cell":"8948c81b4cfffff","res":9,"coarsened":false,"count":1,"hv":1,"mp":0,"y0":2022,"y1":2022,"sp":[[7,1,1,0,2022,2022]]}},{"type":"Feature","geometry":{"type":"Polygon","coordinates":[[[-109.74223,34.95715],[-109.74095,34.95877],[-109.74204,34.96048],[-109.74442,34.96056],[-109.74571,34.95894],[-109.74462,34.95723],[-109.74223,34.95715]]]},"properties":{"cell":"8948c81b1c7ffff","res":9,"coarsened":false,"count":1,"hv":1,"mp":0,"y0":2022,"y1":2022,"sp":[[19,1,1,0,2022,2022]]}},{"type":"Feature","geometry":{"type":"Polygon","coordinates":[[[-109.80273,35.02587],[-109.80144,35.02749],[-109.80254,35.0292],[-109.80492,35.02928],[-109.80621,35.02766],[-109.80511,35.02595],[-109.80273,35.02587]]]},"properties":{"cell":"8948c818c4bffff","res":9,"coarsened":false,"count":1,"hv":1,"mp":0,"y0":2022,"y1":2022,"sp":[[13,1,1,0,2022,2022]]}},{"type":"Feature","geometry":{"type":"Polygon","coordinates":[[[-109.78201,34.88847],[-109.78073,34.8901],[-109.78182,34.8918],[-109.7842,34.89188],[-109.78549,34.89026],[-109.78439,34.88855],[-109.78201,34.88847]]]},"properties":{"cell":"8948c8c5d23ffff","res":9,"coarsened":false,"count":1,"hv":1,"mp":0,"y0":2022,"y1":2022,"sp":[[44,1,1,0,2022,2022]]}},{"type":"Feature","geometry":{"type":"Polygon","coordinates":[[[-109.81964,34.85639],[-109.81835,34.85801],[-109.81945,34.85972],[-109.82183,34.8598],[-109.82311,34.85817],[-109.82202,34.85647],[-109.81964,34.85639]]]},"properties":{"cell":"8948c8c4ccfffff","res":9,"coarsened":false,"count":2,"hv":2,"mp":0,"y0":2022,"y1":2025,"sp":[[8,1,1,0,2022,2022],[195,1,1,0,2025,2025]]}},{"type":"Feature","geometry":{"type":"Polygon","coordinates":[[[-109.72079,34.95641],[-109.7195,34.95804],[-109.7206,34.95974],[-109.72298,34.95982],[-109.72427,34.9582],[-109.72317,34.9565],[-109.72079,34.95641]]]},"properties":{"cell":"8948c81b077ffff","res":9,"coarsened":false,"count":1,"hv":1,"mp":0,"y0":2022,"y1":2022,"sp":[[122,1,1,0,2022,2022]]}},{"type":"Feature","geometry":{"type":"Polygon","coordinates":[[[-109.72522,35.00324],[-109.72393,35.00486],[-109.72503,35.00657],[-109.72741,35.00665],[-109.7287,35.00503],[-109.72761,35.00332],[-109.72522,35.00324]]]},"properties":{"cell":"8948c819523ffff","res":9,"coarsened":false,"count":1,"hv":1,"mp":0,"y0":2022,"y1":2022,"sp":[[122,1,1,0,2022,2022]]}},{"type":"Feature","geometry":{"type":"Polygon","coordinates":[[[-109.71014,35.01605],[-109.70885,35.01768],[-109.70995,35.01938],[-109.71233,35.01946],[-109.71362,35.01784],[-109.71253,35.01614],[-109.71014,35.01605]]]},"properties":{"cell":"8948c8191cfffff","res":9,"coarsened":false,"count":1,"hv":1,"mp":0,"y0":2022,"y1":2022,"sp":[[122,1,1,0,2022,2022]]}},{"type":"Feature","geometry":{"type":"Polygon","coordinates":[[[-109.65254,35.02072],[-109.65125,35.02234],[-109.65234,35.02405],[-109.65473,35.02413],[-109.65602,35.02251],[-109.65492,35.02081],[-109.65254,35.02072]]]},"properties":{"cell":"8948c81924bffff","res":9,"coarsened":false,"count":1,"hv":1,"mp":0,"y0":2022,"y1":2022,"sp":[[27,1,1,0,2022,2022]]}},{"type":"Feature","geometry":{"type":"Polygon","coordinates":[[[-109.69665,34.94058],[-109.69536,34.9422],[-109.69646,34.9439],[-109.69884,34.94399],[-109.70013,34.94236],[-109.69903,34.94066],[-109.69665,34.94058]]]},"properties":{"cell":"8948c81b60fffff","res":9,"coarsened":false,"count":1,"hv":1,"mp":0,"y0":2022,"y1":2022,"sp":[[19,1,1,0,2022,2022]]}},{"type":"Feature","geometry":{"type":"Polygon","coordinates":[[[-109.67267,34.98309],[-109.67138,34.98471],[-109.67247,34.98642],[-109.67486,34.9865],[-109.67615,34.98488],[-109.67505,34.98317],[-109.67267,34.98309]]]},"properties":{"cell":"8948c819693ffff","res":9,"coarsened":false,"count":1,"hv":1,"mp":0,"y0":2022,"y1":2022,"sp":[[49,1,1,0,2022,2022]]}},{"type":"Feature","geometry":{"type":"Polygon","coordinates":[[[-109.63817,35.08187],[-109.63688,35.08349],[-109.63797,35.08519],[-109.64036,35.08528],[-109.64165,35.08366],[-109.64056,35.08195],[-109.63817,35.08187]]]},"properties":{"cell":"8948c856a77ffff","res":9,"coarsened":false,"count":1,"hv":1,"mp":0,"y0":2022,"y1":2022,"sp":[[93,1,1,0,2022,2022]]}},{"type":"Feature","geometry":{"type":"Polygon","coordinates":[[[-109.86167,34.80941],[-109.86038,34.81104],[-109.86148,34.81275],[-109.86386,34.81282],[-109.86514,34.8112],[-109.86405,34.80949],[-109.86167,34.80941]]]},"properties":{"cell":"8948c8c6c23ffff","res":9,"coarsened":false,"count":3,"hv":3,"mp":0,"y0":2022,"y1":2024,"sp":[[19,1,1,0,2022,2022],[65,1,1,0,2022,2022],[8,1,1,0,2024,2024]]}},{"type":"Feature","geometry":{"type":"Polygon","coordinates":[[[-109.80292,35.02255],[-109.80163,35.02417],[-109.80273,35.02587],[-109.80511,35.02595],[-109.8064,35.02433],[-109.8053,35.02263],[-109.80292,35.02255]]]},"properties":{"cell":"8948c818c5bffff","res":9,"coarsened":false,"count":1,"hv":1,"mp":0,"y0":2022,"y1":2022,"sp":[[19,1,1,0,2022,2022]]}},{"type":"Feature","geometry":{"type":"Polygon","coordinates":[[[-109.78783,34.9737],[-109.78654,34.97533],[-109.78764,34.97703],[-109.79002,34.97711],[-109.79131,34.97549],[-109.79021,34.97379],[-109.78783,34.9737]]]},"properties":{"cell":"8948c81a36bffff","res":9,"coarsened":false,"count":2,"hv":2,"mp":0,"y0":2022,"y1":2024,"sp":[[19,1,1,0,2022,2022],[5,1,1,0,2024,2024]]}},{"type":"Feature","geometry":{"type":"Polygon","coordinates":[[[-109.79961,34.95577],[-109.79832,34.95739],[-109.79942,34.95909],[-109.8018,34.95917],[-109.80309,34.95755],[-109.80199,34.95585],[-109.79961,34.95577]]]},"properties":{"cell":"8948c81a383ffff","res":9,"coarsened":false,"count":1,"hv":1,"mp":0,"y0":2022,"y1":2022,"sp":[[50,1,1,0,2022,2022]]}},{"type":"Feature","geometry":{"type":"Polygon","coordinates":[[[-109.68404,35.03348],[-109.68275,35.0351],[-109.68384,35.03681],[-109.68623,35.03689],[-109.68752,35.03527],[-109.68642,35.03357],[-109.68404,35.03348]]]},"properties":{"cell":"8948c819347ffff","res":9,"coarsened":false,"count":1,"hv":1,"mp":0,"y0":2022,"y1":2022,"sp":[[26,1,1,0,2022,2022]]}},{"type":"Feature","geometry":{"type":"Polygon","coordinates":[[[-109.75808,34.9927],[-109.75679,34.99432],[-109.75788,34.99602],[-109.76027,34.9961],[-109.76156,34.99448],[-109.76046,34.99278],[-109.75808,34.9927]]]},"properties":{"cell":"8948c8180cbffff","res":9,"coarsened":false,"count":1,"hv":1,"mp":0,"y0":2022,"y1":2022,"sp":[[22,1,1,0,2022,2022]]}},{"type":"Feature","geometry":{"type":"Polygon","coordinates":[[[-109.73237,35.00348],[-109.73108,35.00511],[-109.73218,35.00681],[-109.73456,35.00689],[-109.73585,35.00527],[-109.73476,35.00357],[-109.73237,35.00348]]]},"properties":{"cell":"8948c8182cbffff","res":9,"coarsened":false,"count":1,"hv":1,"mp":0,"y0":2022,"y1":2022,"sp":[[48,1,1,0,2022,2022]]}},{"type":"Feature","geometry":{"type":"Polygon","coordinates":[[[-109.75151,34.98247],[-109.75022,34.98409],[-109.75131,34.9858],[-109.7537,34.98588],[-109.75498,34.98426],[-109.75389,34.98255],[-109.75151,34.98247]]]},"properties":{"cell":"8948c8186bbffff","res":9,"coarsened":false,"count":2,"hv":2,"mp":0,"y0":2022,"y1":2022,"sp":[[56,1,1,0,2022,2022],[24,1,1,0,2022,2022]]}},{"type":"Feature","geometry":{"type":"Polygon","coordinates":[[[-109.88232,34.82345],[-109.88104,34.82508],[-109.88213,34.82678],[-109.88451,34.82686],[-109.8858,34.82523],[-109.8847,34.82353],[-109.88232,34.82345]]]},"properties":{"cell":"8948c8c6d2bffff","res":9,"coarsened":false,"count":1,"hv":1,"mp":0,"y0":2022,"y1":2022,"sp":[[27,1,1,0,2022,2022]]}},{"type":"Feature","geometry":{"type":"Polygon","coordinates":[[[-109.67595,34.9882],[-109.67466,34.98983],[-109.67576,34.99153],[-109.67814,34.99161],[-109.67943,34.98999],[-109.67833,34.98829],[-109.67595,34.9882]]]},"properties":{"cell":"8948c819687ffff","res":9,"coarsened":false,"count":1,"hv":1,"mp":0,"y0":2022,"y1":2022,"sp":[[56,1,1,0,2022,2022]]}},{"type":"Feature","geometry":{"type":"Polygon","coordinates":[[[-109.71982,34.97305],[-109.71853,34.97467],[-109.71963,34.97638],[-109.72201,34.97646],[-109.7233,34.97484],[-109.7222,34.97313],[-109.71982,34.97305]]]},"properties":{"cell":"8948c81b303ffff","res":9,"coarsened":false,"count":1,"hv":1,"mp":0,"y0":2022,"y1":2022,"sp":[[49,1,1,0,2022,2022]]}},{"type":"Feature","geometry":{"type":"Polygon","coordinates":[[[-109.70995,35.01938],[-109.70866,35.021],[-109.70975,35.02271],[-109.71214,35.02279],[-109.71343,35.02117],[-109.71233,35.01946],[-109.70995,35.01938]]]},"properties":{"cell":"8948c819157ffff","res":9,"coarsened":false,"count":2,"hv":2,"mp":0,"y0":2022,"y1":2022,"sp":[[73,1,1,0,2022,2022],[101,1,1,0,2022,2022]]}},{"type":"Feature","geometry":{"type":"Polygon","coordinates":[[[-109.73682,34.98864],[-109.73553,34.99026],[-109.73663,34.99196],[-109.73901,34.99205],[-109.7403,34.99042],[-109.7392,34.98872],[-109.73682,34.98864]]]},"properties":{"cell":"8948c818647ffff","res":9,"coarsened":false,"count":1,"hv":1,"mp":0,"y0":2022,"y1":2022,"sp":[[109,1,1,0,2022,2022]]}},{"type":"Feature","geometry":{"type":"Polygon","coordinates":[[[-109.75074,34.8724],[-109.74945,34.87402],[-109.75054,34.87573],[-109.75293,34.87581],[-109.75421,34.87418],[-109.75312,34.87248],[-109.75074,34.8724]]]},"properties":{"cell":"8948c8c5c0fffff","res":9,"coarsened":false,"count":1,"hv":1,"mp":0,"y0":2022,"y1":2022,"sp":[[56,1,1,0,2022,2022]]}},{"type":"Feature","geometry":{"type":"Polygon","coordinates":[[[-109.80646,35.14759],[-109.80517,35.14921],[-109.80627,35.15091],[-109.80865,35.15099],[-109.80994,35.14937],[-109.80885,35.14767],[-109.80646,35.14759]]]},"properties":{"cell":"8948c80ae63ffff","res":9,"coarsened":false,"count":1,"hv":1,"mp":0,"y0":2022,"y1":2022,"sp":[[27,1,1,0,2022,2022]]}},{"type":"Feature","geometry":{"type":"Polygon","coordinates":[[[-109.81221,35.04785],[-109.81092,35.04947],[-109.81202,35.05118],[-109.8144,35.05126],[-109.81569,35.04963],[-109.8146,35.04793],[-109.81221,35.04785]]]},"properties":{"cell":"8948c81880bffff","res":9,"coarsened":false,"count":1,"hv":1,"mp":0,"y0":2022,"y1":2022,"sp":[[179,1,1,0,2022,2022]]}},{"type":"Feature","geometry":{"type":"Polygon","coordinates":[[[-109.77546,34.93994],[-109.77417,34.94157],[-109.77527,34.94327],[-109.77765,34.94335],[-109.77894,34.94173],[-109.77784,34.94003],[-109.77546,34.93994]]]},"properties":{"cell":"8948c81a293ffff","res":9,"coarsened":false,"count":2,"hv":2,"mp":0,"y0":2022,"y1":2023,"sp":[[7,1,1,0,2022,2022],[13,1,1,0,2023,2023]]}},{"type":"Feature","geometry":{"type":"Polygon","coordinates":[[[-109.858,34.81096],[-109.85672,34.81259],[-109.85781,34.81429],[-109.86019,34.81437],[-109.86148,34.81275],[-109.86038,34.81104],[-109.858,34.81096]]]},"properties":{"cell":"8948c8c6c2bffff","res":9,"coarsened":false,"count":3,"hv":3,"mp":0,"y0":2022,"y1":2022,"sp":[[19,3,3,0,2022,2022]]}},{"type":"Feature","geometry":{"type":"Polygon","coordinates":[[[-109.8186,35.06139],[-109.81731,35.06302],[-109.81841,35.06472],[-109.82079,35.0648],[-109.82208,35.06318],[-109.82098,35.06147],[-109.8186,35.06139]]]},"properties":{"cell":"8948c818b83ffff","res":9,"coarsened":false,"count":1,"hv":1,"mp":0,"y0":2022,"y1":2022,"sp":[[48,1,1,0,2022,2022]]}},{"type":"Feature","geometry":{"type":"Polygon","coordinates":[[[-109.87998,34.80168],[-109.8787,34.80331],[-109.87979,34.80501],[-109.88217,34.80509],[-109.88346,34.80347],[-109.88236,34.80176],[-109.87998,34.80168]]]},"properties":{"cell":"8948c889367ffff","res":9,"coarsened":false,"count":2,"hv":2,"mp":0,"y0":2022,"y1":2022,"sp":[[27,1,1,0,2022,2022],[92,1,1,0,2022,2022]]}},{"type":"Feature","geometry":{"type":"Polygon","coordinates":[[[-109.79385,35.05556],[-109.79256,35.05719],[-109.79366,35.05889],[-109.79604,35.05897],[-109.79733,35.05735],[-109.79623,35.05564],[-109.79385,35.05556]]]},"properties":{"cell":"8948c818a17ffff","res":9,"coarsened":false,"count":1,"hv":1,"mp":0,"y0":2022,"y1":2022,"sp":[[7,1,1,0,2022,2022]]}},{"type":"Feature","geometry":{"type":"Polygon","coordinates":[[[-109.81444,34.88457],[-109.81316,34.88619],[-109.81425,34.8879],[-109.81663,34.88798],[-109.81792,34.88635],[-109.81682,34.88465],[-109.81444,34.88457]]]},"properties":{"cell":"8948c8c4843ffff","res":9,"coarsened":false,"count":1,"hv":1,"mp":0,"y0":2022,"y1":2022,"sp":[[74,1,1,0,2022,2022]]}},{"type":"Feature","geometry":{"type":"Polygon","coordinates":[[[-109.83583,34.82357],[-109.83454,34.82519],[-109.83564,34.8269],[-109.83802,34.82698],[-109.8393,34.82535],[-109.83821,34.82365],[-109.83583,34.82357]]]},"properties":{"cell":"8948c8c6e2fffff","res":9,"coarsened":false,"count":1,"hv":1,"mp":0,"y0":2022,"y1":2022,"sp":[[8,1,1,0,2022,2022]]}},{"type":"Feature","geometry":{"type":"Polygon","coordinates":[[[-109.78841,34.96372],[-109.78712,34.96535],[-109.78821,34.96705],[-109.7906,34.96713],[-109.79188,34.96551],[-109.79079,34.9638],[-109.78841,34.96372]]]},"properties":{"cell":"8948c81a357ffff","res":9,"coarsened":false,"count":1,"hv":1,"mp":0,"y0":2022,"y1":2022,"sp":[[27,1,1,0,2022,2022]]}},{"type":"Feature","geometry":{"type":"Polygon","coordinates":[[[-109.77527,34.94327],[-109.77398,34.9449],[-109.77507,34.9466],[-109.77746,34.94668],[-109.77874,34.94506],[-109.77765,34.94335],[-109.77527,34.94327]]]},"properties":{"cell":"8948c81a283ffff","res":9,"coarsened":false,"count":3,"hv":3,"mp":0,"y0":2022,"y1":2026,"sp":[[7,2,2,0,2022,2025],[55,1,1,0,2026,2026]]}},{"type":"Feature","geometry":{"type":"Polygon","coordinates":[[[-109.74417,34.92387],[-109.74288,34.92549],[-109.74398,34.9272],[-109.74636,34.92728],[-109.74765,34.92566],[-109.74655,34.92395],[-109.74417,34.92387]]]},"properties":{"cell":"8948c8c5b63ffff","res":9,"coarsened":false,"count":1,"hv":1,"mp":0,"y0":2022,"y1":2022,"sp":[[27,1,1,0,2022,2022]]}},{"type":"Feature","geometry":{"type":"Polygon","coordinates":[[[-109.78958,35.00543],[-109.78829,35.00705],[-109.78939,35.00876],[-109.79177,35.00884],[-109.79306,35.00722],[-109.79196,35.00551],[-109.78958,35.00543]]]},"properties":{"cell":"8948c8181c7ffff","res":9,"coarsened":false,"count":1,"hv":1,"mp":0,"y0":2022,"y1":2022,"sp":[[40,1,1,0,2022,2022]]}},{"type":"Feature","geometry":{"type":"Polygon","coordinates":[[[-109.66723,35.01457],[-109.66594,35.01619],[-109.66704,35.01789],[-109.66942,35.01798],[-109.67071,35.01636],[-109.66962,35.01465],[-109.66723,35.01457]]]},"properties":{"cell":"8948c819213ffff","res":9,"coarsened":false,"count":1,"hv":1,"mp":0,"y0":2022,"y1":2022,"sp":[[122,1,1,0,2022,2022]]}},{"type":"Feature","geometry":{"type":"Polygon","coordinates":[[[-109.65582,35.02584],[-109.65453,35.02746],[-109.65562,35.02916],[-109.65801,35.02925],[-109.6593,35.02762],[-109.6582,35.02592],[-109.65582,35.02584]]]},"properties":{"cell":"8948c8561b7ffff","res":9,"coarsened":false,"count":1,"hv":1,"mp":0,"y0":2022,"y1":2022,"sp":[[27,1,1,0,2022,2022]]}},{"type":"Feature","geometry":{"type":"Polygon","coordinates":[[[-109.6469,35.05552],[-109.64561,35.05714],[-109.6467,35.05884],[-109.64909,35.05893],[-109.65038,35.05731],[-109.64928,35.0556],[-109.6469,35.05552]]]},"properties":{"cell":"8948c856e33ffff","res":9,"coarsened":false,"count":1,"hv":1,"mp":0,"y0":2022,"y1":2022,"sp":[[22,1,1,0,2022,2022]]}},{"type":"Feature","geometry":{"type":"Polygon","coordinates":[[[-109.65083,34.989],[-109.64954,34.99062],[-109.65063,34.99232],[-109.65302,34.99241],[-109.6543,34.99078],[-109.65321,34.98908],[-109.65083,34.989]]]},"properties":{"cell":"8948c8ccb23ffff","res":9,"coarsened":false,"count":1,"hv":1,"mp":0,"y0":2022,"y1":2022,"sp":[[27,1,1,0,2022,2022]]}},{"type":"Feature","geometry":{"type":"Polygon","coordinates":[[[-109.65876,34.97594],[-109.65747,34.97756],[-109.65857,34.97926],[-109.66095,34.97935],[-109.66224,34.97773],[-109.66115,34.97602],[-109.65876,34.97594]]]},"properties":{"cell":"8948c8cc94fffff","res":9,"coarsened":false,"count":1,"hv":1,"mp":0,"y0":2022,"y1":2022,"sp":[[23,1,1,0,2022,2022]]}},{"type":"Feature","geometry":{"type":"Polygon","coordinates":[[[-109.79867,35.03407],[-109.79739,35.03569],[-109.79848,35.03739],[-109.80087,35.03747],[-109.80215,35.03585],[-109.80106,35.03415],[-109.79867,35.03407]]]},"properties":{"cell":"8948c818eabffff","res":9,"coarsened":false,"count":6,"hv":6,"mp":0,"y0":2022,"y1":2024,"sp":[[27,3,3,0,2022,2023],[56,1,1,0,2023,2023],[19,1,1,0,2023,2023],[15,1,1,0,2024,2024]]}},{"type":"Feature","geometry":{"type":"Polygon","coordinates":[[[-109.80506,35.04761],[-109.80377,35.04923],[-109.80487,35.05094],[-109.80725,35.05102],[-109.80854,35.04939],[-109.80744,35.04769],[-109.80506,35.04761]]]},"properties":{"cell":"8948c818843ffff","res":9,"coarsened":false,"count":1,"hv":1,"mp":0,"y0":2023,"y1":2023,"sp":[[24,1,1,0,2023,2023]]}},{"type":"Feature","geometry":{"type":"Polygon","coordinates":[[[-109.7337,35.16511],[-109.73241,35.16673],[-109.7335,35.16843],[-109.73589,35.16851],[-109.73718,35.16689],[-109.73608,35.16519],[-109.7337,35.16511]]]},"properties":{"cell":"8948c80828bffff","res":9,"coarsened":false,"count":2,"hv":2,"mp":0,"y0":2023,"y1":2023,"sp":[[48,1,1,0,2023,2023],[192,1,1,0,2023,2023]]}},{"type":"Feature","geometry":{"type":"Polygon","coordinates":[[[-109.72867,35.1283],[-109.72738,35.12993],[-109.72848,35.13163],[-109.73086,35.13171],[-109.73216,35.13009],[-109.73106,35.12839],[-109.72867,35.1283]]]},"properties":{"cell":"8948c80b147ffff","res":9,"coarsened":false,"count":1,"hv":1,"mp":0,"y0":2023,"y1":2023,"sp":[[27,1,1,0,2023,2023]]}},{"type":"Feature","geometry":{"type":"Polygon","coordinates":[[[-109.78477,35.08857],[-109.78348,35.0902],[-109.78458,35.0919],[-109.78696,35.09198],[-109.78825,35.09036],[-109.78716,35.08865],[-109.78477,35.08857]]]},"properties":{"cell":"8948c80a463ffff","res":9,"coarsened":false,"count":1,"hv":1,"mp":0,"y0":2020,"y1":2020,"sp":[[7,1,1,0,2020,2020]]}},{"type":"Feature","geometry":{"type":"Polygon","coordinates":[[[-109.7882,34.90536],[-109.78691,34.90698],[-109.788,34.90869],[-109.79038,34.90877],[-109.79167,34.90715],[-109.79058,34.90544],[-109.7882,34.90536]]]},"properties":{"cell":"8948c8c59a7ffff","res":9,"coarsened":false,"count":1,"hv":1,"mp":0,"y0":2023,"y1":2023,"sp":[[27,1,1,0,2023,2023]]}},{"type":"Feature","geometry":{"type":"Polygon","coordinates":[[[-109.76097,34.94279],[-109.75968,34.94441],[-109.76078,34.94611],[-109.76316,34.94619],[-109.76445,34.94457],[-109.76335,34.94287],[-109.76097,34.94279]]]},"properties":{"cell":"8948c81a2dbffff","res":9,"coarsened":false,"count":1,"hv":1,"mp":0,"y0":2023,"y1":2023,"sp":[[74,1,1,0,2023,2023]]}},{"type":"Feature","geometry":{"type":"Polygon","coordinates":[[[-109.75305,34.95585],[-109.75177,34.95748],[-109.75286,34.95918],[-109.75524,34.95926],[-109.75653,34.95764],[-109.75544,34.95593],[-109.75305,34.95585]]]},"properties":{"cell":"8948c81b187ffff","res":9,"coarsened":false,"count":1,"hv":1,"mp":0,"y0":2022,"y1":2022,"sp":[[27,1,1,0,2022,2022]]}},{"type":"Feature","geometry":{"type":"Polygon","coordinates":[[[-109.76582,35.16786],[-109.76453,35.16948],[-109.76563,35.17119],[-109.76802,35.17127],[-109.76931,35.16965],[-109.76821,35.16794],[-109.76582,35.16786]]]},"properties":{"cell":"8948c808023ffff","res":9,"coarsened":false,"count":1,"hv":1,"mp":0,"y0":2023,"y1":2023,"sp":[[98,1,1,0,2023,2023]]}},{"type":"Feature","geometry":{"type":"Polygon","coordinates":[[[-109.87885,34.82167],[-109.87756,34.82329],[-109.87866,34.825],[-109.88104,34.82508],[-109.88232,34.82345],[-109.88123,34.82175],[-109.87885,34.82167]]]},"properties":{"cell":"8948c8c6d77ffff","res":9,"coarsened":false,"count":2,"hv":2,"mp":0,"y0":2023,"y1":2023,"sp":[[101,2,2,0,2023,2023]]}},{"type":"Feature","geometry":{"type":"Polygon","coordinates":[[[-109.79094,35.0438],[-109.78966,35.04543],[-109.79075,35.04713],[-109.79314,35.04721],[-109.79442,35.04559],[-109.79333,35.04388],[-109.79094,35.0438]]]},"properties":{"cell":"8948c818e67ffff","res":9,"coarsened":false,"count":1,"hv":1,"mp":0,"y0":2023,"y1":2023,"sp":[[13,1,1,0,2023,2023]]}},{"type":"Feature","geometry":{"type":"Polygon","coordinates":[[[-109.79075,35.04713],[-109.78946,35.04875],[-109.79056,35.05045],[-109.79294,35.05053],[-109.79423,35.04891],[-109.79314,35.04721],[-109.79075,35.04713]]]},"properties":{"cell":"8948c818a9bffff","res":9,"coarsened":false,"count":1,"hv":1,"mp":0,"y0":2023,"y1":2023,"sp":[[108,1,1,0,2023,2023]]}},{"type":"Feature","geometry":{"type":"Polygon","coordinates":[[[-109.78862,35.02206],[-109.78733,35.02369],[-109.78843,35.02539],[-109.79081,35.02547],[-109.7921,35.02385],[-109.791,35.02214],[-109.78862,35.02206]]]},"properties":{"cell":"8948c81816fffff","res":9,"coarsened":false,"count":1,"hv":1,"mp":0,"y0":2023,"y1":2023,"sp":[[27,1,1,0,2023,2023]]}},{"type":"Feature","geometry":{"type":"Polygon","coordinates":[[[-109.83002,34.80001],[-109.82874,34.80164],[-109.82983,34.80334],[-109.83221,34.80342],[-109.8335,34.8018],[-109.8324,34.80009],[-109.83002,34.80001]]]},"properties":{"cell":"8948c8c6167ffff","res":9,"coarsened":false,"count":1,"hv":1,"mp":0,"y0":2023,"y1":2023,"sp":[[27,1,1,0,2023,2023]]}},{"type":"Feature","geometry":{"type":"Polygon","coordinates":[[[-109.89022,34.81036],[-109.88893,34.81199],[-109.89003,34.81369],[-109.89241,34.81377],[-109.89369,34.81215],[-109.8926,34.81044],[-109.89022,34.81036]]]},"properties":{"cell":"8948c8c6db3ffff","res":9,"coarsened":false,"count":1,"hv":1,"mp":0,"y0":2023,"y1":2023,"sp":[[19,1,1,0,2023,2023]]}},{"type":"Feature","geometry":{"type":"Polygon","coordinates":[[[-109.8906,34.8037],[-109.88931,34.80533],[-109.89041,34.80703],[-109.89279,34.80711],[-109.89407,34.80549],[-109.89297,34.80378],[-109.8906,34.8037]]]},"properties":{"cell":"8948c889e5bffff","res":9,"coarsened":false,"count":1,"hv":1,"mp":0,"y0":2023,"y1":2023,"sp":[[19,1,1,0,2023,2023]]}},{"type":"Feature","geometry":{"type":"Polygon","coordinates":[[[-109.79493,34.85055],[-109.79365,34.85217],[-109.79474,34.85388],[-109.79712,34.85396],[-109.79841,34.85233],[-109.79731,34.85063],[-109.79493,34.85055]]]},"properties":{"cell":"8948c8c4147ffff","res":9,"coarsened":false,"count":1,"hv":1,"mp":0,"y0":2023,"y1":2023,"sp":[[192,1,1,0,2023,2023]]}},{"type":"Feature","geometry":{"type":"Polygon","coordinates":[[[-109.89294,34.82547],[-109.89165,34.8271],[-109.89275,34.8288],[-109.89513,34.82888],[-109.89641,34.82725],[-109.89532,34.82555],[-109.89294,34.82547]]]},"properties":{"cell":"8948c889a53ffff","res":9,"coarsened":false,"count":2,"hv":2,"mp":0,"y0":2023,"y1":2023,"sp":[[35,1,1,0,2023,2023],[26,1,1,0,2023,2023]]}},{"type":"Feature","geometry":{"type":"Polygon","coordinates":[[[-109.73335,34.92517],[-109.73207,34.92679],[-109.73316,34.9285],[-109.73554,34.92858],[-109.73683,34.92695],[-109.73574,34.92525],[-109.73335,34.92517]]]},"properties":{"cell":"8948c81b4a3ffff","res":9,"coarsened":false,"count":2,"hv":2,"mp":0,"y0":2023,"y1":2026,"sp":[[47,1,1,0,2023,2023],[27,1,1,0,2026,2026]]}},{"type":"Feature","geometry":{"type":"Polygon","coordinates":[[[-109.80158,35.04583],[-109.80029,35.04745],[-109.80139,35.04915],[-109.80377,35.04923],[-109.80506,35.04761],[-109.80396,35.04591],[-109.80158,35.04583]]]},"properties":{"cell":"8948c81885bffff","res":9,"coarsened":false,"count":2,"hv":2,"mp":0,"y0":2023,"y1":2026,"sp":[[27,1,1,0,2023,2023],[7,1,1,0,2026,2026]]}},{"type":"Feature","geometry":{"type":"Polygon","coordinates":[[[-109.75827,34.92769],[-109.75698,34.92931],[-109.75807,34.93102],[-109.76046,34.9311],[-109.76174,34.92947],[-109.76065,34.92777],[-109.75827,34.92769]]]},"properties":{"cell":"8948c81a65bffff","res":9,"coarsened":false,"count":3,"hv":3,"mp":0,"y0":2023,"y1":2024,"sp":[[19,1,1,0,2023,2023],[48,1,1,0,2024,2024],[7,1,1,0,2023,2023]]}},{"type":"Feature","geometry":{"type":"Polygon","coordinates":[[[-109.8162,34.91631],[-109.81491,34.91794],[-109.81601,34.91964],[-109.81839,34.91972],[-109.81968,34.9181],[-109.81858,34.91639],[-109.8162,34.91631]]]},"properties":{"cell":"8948c8c4b6bffff","res":9,"coarsened":false,"count":7,"hv":7,"mp":0,"y0":2023,"y1":2023,"sp":[[7,2,2,0,2023,2023],[18,1,1,0,2023,2023],[55,1,1,0,2023,2023],[95,1,1,0,2023,2023],[8,1,1,0,2023,2023],[19,1,1,0,2023,2023]]}},{"type":"Feature","geometry":{"type":"Polygon","coordinates":[[[-109.77006,35.0331],[-109.76877,35.03472],[-109.76987,35.03643],[-109.77225,35.03651],[-109.77354,35.03488],[-109.77245,35.03318],[-109.77006,35.0331]]]},"properties":{"cell":"8948c819d93ffff","res":9,"coarsened":false,"count":1,"hv":1,"mp":0,"y0":2023,"y1":2023,"sp":[[27,1,1,0,2023,2023]]}},{"type":"Feature","geometry":{"type":"Polygon","coordinates":[[[-109.79466,35.16551],[-109.79337,35.16713],[-109.79447,35.16883],[-109.79686,35.16891],[-109.79815,35.16729],[-109.79705,35.16559],[-109.79466,35.16551]]]},"properties":{"cell":"8948c80aa4bffff","res":9,"coarsened":false,"count":22,"hv":22,"mp":0,"y0":2023,"y1":2024,"sp":[[5,7,7,0,2023,2024],[8,3,3,0,2023,2024],[13,3,3,0,2023,2024],[23,2,2,0,2023,2024],[74,2,2,0,2023,2023],[44,2,2,0,2023,2024],[65,2,2,0,2023,2024],[3,1,1,0,2023,2023]]}},{"type":"Feature","geometry":{"type":"Polygon","coordinates":[[[-109.82869,34.82333],[-109.8274,34.82495],[-109.8285,34.82666],[-109.83088,34.82674],[-109.83216,34.82511],[-109.83107,34.82341],[-109.82869,34.82333]]]},"properties":{"cell":"8948c8c6e67ffff","res":9,"coarsened":false,"count":2,"hv":2,"mp":0,"y0":2023,"y1":2023,"sp":[[35,1,1,0,2023,2023],[23,1,1,0,2023,2023]]}},{"type":"Feature","geometry":{"type":"Polygon","coordinates":[[[-109.73199,35.01014],[-109.7307,35.01176],[-109.73179,35.01346],[-109.73418,35.01355],[-109.73546,35.01192],[-109.73437,35.01022],[-109.73199,35.01014]]]},"properties":{"cell":"8948c818243ffff","res":9,"coarsened":false,"count":1,"hv":1,"mp":0,"y0":2023,"y1":2023,"sp":[[73,1,1,0,2023,2023]]}},{"type":"Feature","geometry":{"type":"Polygon","coordinates":[[[-109.72445,35.01655],[-109.72316,35.01817],[-109.72425,35.01987],[-109.72664,35.01995],[-109.72793,35.01833],[-109.72683,35.01663],[-109.72445,35.01655]]]},"properties":{"cell":"8948c8191bbffff","res":9,"coarsened":false,"count":1,"hv":1,"mp":0,"y0":2023,"y1":2023,"sp":[[72,1,1,0,2023,2023]]}},{"type":"Feature","geometry":{"type":"Polygon","coordinates":[[[-109.71691,35.02295],[-109.71562,35.02457],[-109.71671,35.02628],[-109.7191,35.02636],[-109.72038,35.02474],[-109.71929,35.02303],[-109.71691,35.02295]]]},"properties":{"cell":"8948c81910fffff","res":9,"coarsened":false,"count":1,"hv":1,"mp":0,"y0":2023,"y1":2023,"sp":[[22,1,1,0,2023,2023]]}},{"type":"Feature","geometry":{"type":"Polygon","coordinates":[[[-109.80344,34.8892],[-109.80216,34.89082],[-109.80325,34.89253],[-109.80563,34.89261],[-109.80692,34.89098],[-109.80582,34.88928],[-109.80344,34.8892]]]},"properties":{"cell":"8948c8c4a8fffff","res":9,"coarsened":false,"count":3,"hv":3,"mp":0,"y0":2023,"y1":2024,"sp":[[35,1,1,0,2023,2023],[55,1,1,0,2023,2023],[7,1,1,0,2024,2024]]}},{"type":"Feature","geometry":{"type":"Polygon","coordinates":[[[-109.7809,35.09344],[-109.77961,35.09506],[-109.78071,35.09676],[-109.7831,35.09684],[-109.78438,35.09522],[-109.78329,35.09352],[-109.7809,35.09344]]]},"properties":{"cell":"8948c80a0d3ffff","res":9,"coarsened":false,"count":1,"hv":1,"mp":0,"y0":2023,"y1":2023,"sp":[[35,1,1,0,2023,2023]]}},{"type":"Feature","geometry":{"type":"Polygon","coordinates":[[[-109.81719,34.96136],[-109.8159,34.96298],[-109.817,34.96469],[-109.81938,34.96477],[-109.82067,34.96314],[-109.81957,34.96144],[-109.81719,34.96136]]]},"properties":{"cell":"8948c81a163ffff","res":9,"coarsened":false,"count":1,"hv":1,"mp":0,"y0":2022,"y1":2022,"sp":[[7,1,1,0,2022,2022]]}},{"type":"Feature","geometry":{"type":"Polygon","coordinates":[[[-109.85736,34.9477],[-109.85607,34.94932],[-109.85717,34.95103],[-109.85955,34.95111],[-109.86084,34.94948],[-109.85974,34.94778],[-109.85736,34.9477]]]},"properties":{"cell":"8948c811237ffff","res":9,"coarsened":false,"count":1,"hv":1,"mp":0,"y0":2022,"y1":2022,"sp":[[7,1,1,0,2022,2022]]}},{"type":"Feature","geometry":{"type":"Polygon","coordinates":[[[-109.80194,34.97751],[-109.80065,34.97914],[-109.80174,34.98084],[-109.80413,34.98092],[-109.80541,34.9793],[-109.80432,34.9776],[-109.80194,34.97751]]]},"properties":{"cell":"8948c818597ffff","res":9,"coarsened":false,"count":1,"hv":1,"mp":0,"y0":2023,"y1":2023,"sp":[[37,1,1,0,2023,2023]]}},{"type":"Feature","geometry":{"type":"Polygon","coordinates":[[[-109.80561,34.97597],[-109.80432,34.9776],[-109.80541,34.9793],[-109.8078,34.97938],[-109.80908,34.97776],[-109.80799,34.97605],[-109.80561,34.97597]]]},"properties":{"cell":"8948c81ae5bffff","res":9,"coarsened":false,"count":3,"hv":3,"mp":0,"y0":2023,"y1":2023,"sp":[[171,1,1,0,2023,2023],[73,1,1,0,2023,2023],[72,1,1,0,2023,2023]]}},{"type":"Feature","geometry":{"type":"Polygon","coordinates":[[[-109.81352,34.9629],[-109.81223,34.96453],[-109.81333,34.96623],[-109.81571,34.96631],[-109.817,34.96469],[-109.8159,34.96298],[-109.81352,34.9629]]]},"properties":{"cell":"8948c81a16bffff","res":9,"coarsened":false,"count":2,"hv":2,"mp":0,"y0":2023,"y1":2023,"sp":[[170,1,1,0,2023,2023],[22,1,1,0,2023,2023]]}},{"type":"Feature","geometry":{"type":"Polygon","coordinates":[[[-109.82086,34.95982],[-109.81957,34.96144],[-109.82067,34.96314],[-109.82305,34.96322],[-109.82434,34.9616],[-109.82324,34.9599],[-109.82086,34.95982]]]},"properties":{"cell":"8948c81a177ffff","res":9,"coarsened":false,"count":2,"hv":2,"mp":0,"y0":2023,"y1":2024,"sp":[[73,1,1,0,2023,2023],[35,1,1,0,2024,2024]]}},{"type":"Feature","geometry":{"type":"Polygon","coordinates":[[[-109.83863,34.96208],[-109.83735,34.9637],[-109.83844,34.96541],[-109.84082,34.96549],[-109.84211,34.96386],[-109.84102,34.96216],[-109.83863,34.96208]]]},"properties":{"cell":"8948c81accfffff","res":9,"coarsened":false,"count":1,"hv":1,"mp":0,"y0":2023,"y1":2023,"sp":[[56,1,1,0,2023,2023]]}},{"type":"Feature","geometry":{"type":"Polygon","coordinates":[[[-109.84578,34.96232],[-109.84449,34.96394],[-109.84559,34.96564],[-109.84797,34.96572],[-109.84926,34.9641],[-109.84816,34.9624],[-109.84578,34.96232]]]},"properties":{"cell":"8948c81ac13ffff","res":9,"coarsened":false,"count":1,"hv":1,"mp":0,"y0":2023,"y1":2023,"sp":[[115,1,1,0,2023,2023]]}},{"type":"Feature","geometry":{"type":"Polygon","coordinates":[[[-109.82782,34.96338],[-109.82653,34.96501],[-109.82762,34.96671],[-109.83001,34.96679],[-109.83129,34.96517],[-109.8302,34.96346],[-109.82782,34.96338]]]},"properties":{"cell":"8948c81a12fffff","res":9,"coarsened":false,"count":2,"hv":2,"mp":0,"y0":2023,"y1":2025,"sp":[[28,1,1,0,2023,2023],[5,1,1,0,2025,2025]]}},{"type":"Feature","geometry":{"type":"Polygon","coordinates":[[[-109.67223,35.0514],[-109.67094,35.05302],[-109.67204,35.05473],[-109.67442,35.05481],[-109.67571,35.05319],[-109.67462,35.05149],[-109.67223,35.0514]]]},"properties":{"cell":"8948c856c2fffff","res":9,"coarsened":false,"count":2,"hv":2,"mp":0,"y0":2023,"y1":2023,"sp":[[41,1,1,0,2023,2023],[37,1,1,0,2023,2023]]}},{"type":"Feature","geometry":{"type":"Polygon","coordinates":[[[-109.66875,35.04962],[-109.66746,35.05124],[-109.66856,35.05294],[-109.67094,35.05302],[-109.67223,35.0514],[-109.67114,35.0497],[-109.66875,35.04962]]]},"properties":{"cell":"8948c856c2bffff","res":9,"coarsened":false,"count":1,"hv":1,"mp":0,"y0":2023,"y1":2023,"sp":[[24,1,1,0,2023,2023]]}},{"type":"Feature","geometry":{"type":"Polygon","coordinates":[[[-109.66856,35.05294],[-109.66727,35.05456],[-109.66836,35.05627],[-109.67075,35.05635],[-109.67204,35.05473],[-109.67094,35.05302],[-109.66856,35.05294]]]},"properties":{"cell":"8948c856893ffff","res":9,"coarsened":false,"count":2,"hv":2,"mp":0,"y0":2023,"y1":2023,"sp":[[48,1,1,0,2023,2023],[42,1,1,0,2023,2023]]}},{"type":"Feature","geometry":{"type":"Polygon","coordinates":[[[-109.65366,35.06242],[-109.65237,35.06404],[-109.65346,35.06574],[-109.65585,35.06583],[-109.65714,35.06421],[-109.65605,35.0625],[-109.65366,35.06242]]]},"properties":{"cell":"8948c856853ffff","res":9,"coarsened":false,"count":2,"hv":2,"mp":0,"y0":2023,"y1":2023,"sp":[[103,1,1,0,2023,2023],[35,1,1,0,2023,2023]]}},{"type":"Feature","geometry":{"type":"Polygon","coordinates":[[[-109.64244,35.07036],[-109.64115,35.07198],[-109.64224,35.07368],[-109.64462,35.07377],[-109.64592,35.07215],[-109.64482,35.07044],[-109.64244,35.07036]]]},"properties":{"cell":"8948c856a8fffff","res":9,"coarsened":false,"count":1,"hv":1,"mp":0,"y0":2023,"y1":2023,"sp":[[46,1,1,0,2023,2023]]}},{"type":"Feature","geometry":{"type":"Polygon","coordinates":[[[-109.64631,35.06549],[-109.64502,35.06712],[-109.64611,35.06882],[-109.6485,35.0689],[-109.64979,35.06728],[-109.64869,35.06558],[-109.64631,35.06549]]]},"properties":{"cell":"8948c856a97ffff","res":9,"coarsened":false,"count":1,"hv":1,"mp":0,"y0":2023,"y1":2023,"sp":[[103,1,1,0,2023,2023]]}},{"type":"Feature","geometry":{"type":"Polygon","coordinates":[[[-109.73565,35.07025],[-109.73436,35.07187],[-109.73545,35.07357],[-109.73784,35.07365],[-109.73913,35.07203],[-109.73803,35.07033],[-109.73565,35.07025]]]},"properties":{"cell":"8948c819bd7ffff","res":9,"coarsened":false,"count":1,"hv":1,"mp":0,"y0":2023,"y1":2023,"sp":[[56,1,1,0,2023,2023]]}},{"type":"Feature","geometry":{"type":"Polygon","coordinates":[[[-109.85029,34.82071],[-109.84901,34.82234],[-109.8501,34.82404],[-109.85248,34.82412],[-109.85377,34.8225],[-109.85267,34.82079],[-109.85029,34.82071]]]},"properties":{"cell":"8948c8c68c7ffff","res":9,"coarsened":false,"count":1,"hv":1,"mp":0,"y0":2021,"y1":2021,"sp":[[27,1,1,0,2021,2021]]}},{"type":"Feature","geometry":{"type":"Polygon","coordinates":[[[-109.70419,34.93417],[-109.7029,34.93579],[-109.70399,34.9375],[-109.70638,34.93758],[-109.70766,34.93596],[-109.70657,34.93425],[-109.70419,34.93417]]]},"properties":{"cell":"8948c81b6bbffff","res":9,"coarsened":false,"count":1,"hv":1,"mp":0,"y0":2023,"y1":2023,"sp":[[126,1,1,0,2023,2023]]}},{"type":"Feature","geometry":{"type":"Polygon","coordinates":[[[-109.8966,34.82392],[-109.89532,34.82555],[-109.89641,34.82725],[-109.89879,34.82733],[-109.90008,34.82571],[-109.89898,34.824],[-109.8966,34.82392]]]},"properties":{"cell":"8948c889acfffff","res":9,"coarsened":false,"count":1,"hv":1,"mp":0,"y0":2023,"y1":2023,"sp":[[74,1,1,0,2023,2023]]}},{"type":"Feature","geometry":{"type":"Polygon","coordinates":[[[-109.76427,35.07122],[-109.76298,35.07284],[-109.76407,35.07455],[-109.76646,35.07463],[-109.76775,35.07301],[-109.76665,35.0713],[-109.76427,35.07122]]]},"properties":{"cell":"8948c81990fffff","res":9,"coarsened":false,"count":5,"hv":5,"mp":0,"y0":2023,"y1":2026,"sp":[[13,3,3,0,2023,2023],[44,1,1,0,2023,2023],[23,1,1,0,2026,2026]]}},{"type":"Feature","geometry":{"type":"Polygon","coordinates":[[[-109.68552,35.13015],[-109.68423,35.13177],[-109.68533,35.13348],[-109.68772,35.13356],[-109.68901,35.13194],[-109.68791,35.13023],[-109.68552,35.13015]]]},"properties":{"cell":"8948c80b277ffff","res":9,"coarsened":false,"count":1,"hv":1,"mp":0,"y0":2023,"y1":2023,"sp":[[27,1,1,0,2023,2023]]}},{"type":"Feature","geometry":{"type":"Polygon","coordinates":[[[-109.7969,34.94067],[-109.79561,34.94229],[-109.79671,34.944],[-109.79909,34.94408],[-109.80038,34.94246],[-109.79928,34.94075],[-109.7969,34.94067]]]},"properties":{"cell":"8948c81a003ffff","res":9,"coarsened":false,"count":7,"hv":7,"mp":0,"y0":2023,"y1":2023,"sp":[[35,2,2,0,2023,2023],[55,1,1,0,2023,2023],[56,1,1,0,2023,2023],[19,1,1,0,2023,2023],[18,1,1,0,2023,2023],[110,1,1,0,2023,2023]]}},{"type":"Feature","geometry":{"type":"Polygon","coordinates":[[[-109.73256,35.06181],[-109.73127,35.06343],[-109.73236,35.06514],[-109.73475,35.06522],[-109.73604,35.0636],[-109.73494,35.06189],[-109.73256,35.06181]]]},"properties":{"cell":"8948c81987bffff","res":9,"coarsened":false,"count":1,"hv":1,"mp":0,"y0":2023,"y1":2023,"sp":[[93,1,1,0,2023,2023]]}},{"type":"Feature","geometry":{"type":"Polygon","coordinates":[[[-109.73973,34.93873],[-109.73844,34.94035],[-109.73953,34.94205],[-109.74191,34.94213],[-109.7432,34.94051],[-109.74211,34.93881],[-109.73973,34.93873]]]},"properties":{"cell":"8948c81b557ffff","res":9,"coarsened":false,"count":1,"hv":1,"mp":0,"y0":2023,"y1":2023,"sp":[[28,1,1,0,2023,2023]]}},{"type":"Feature","geometry":{"type":"Polygon","coordinates":[[[-109.73622,35.1219],[-109.73493,35.12352],[-109.73603,35.12522],[-109.73841,35.12531],[-109.7397,35.12368],[-109.73861,35.12198],[-109.73622,35.1219]]]},"properties":{"cell":"8948c80b113ffff","res":9,"coarsened":false,"count":1,"hv":1,"mp":0,"y0":2023,"y1":2023,"sp":[[48,1,1,0,2023,2023]]}},{"type":"Feature","geometry":{"type":"Polygon","coordinates":[[[-109.68474,35.14345],[-109.68345,35.14507],[-109.68455,35.14677],[-109.68693,35.14685],[-109.68822,35.14523],[-109.68713,35.14353],[-109.68474,35.14345]]]},"properties":{"cell":"8948c809413ffff","res":9,"coarsened":false,"count":2,"hv":2,"mp":0,"y0":2023,"y1":2024,"sp":[[19,1,1,0,2023,2023],[100,1,1,0,2024,2024]]}},{"type":"Feature","geometry":{"type":"Polygon","coordinates":[[[-109.71745,35.13625],[-109.71616,35.13787],[-109.71725,35.13957],[-109.71964,35.13965],[-109.72093,35.13803],[-109.71983,35.13633],[-109.71745,35.13625]]]},"properties":{"cell":"8948c80b3abffff","res":9,"coarsened":false,"count":1,"hv":1,"mp":0,"y0":2023,"y1":2023,"sp":[[50,1,1,0,2023,2023]]}},{"type":"Feature","geometry":{"type":"Polygon","coordinates":[[[-109.73816,35.08866],[-109.73687,35.09028],[-109.73797,35.09198],[-109.74035,35.09206],[-109.74164,35.09044],[-109.74054,35.08874],[-109.73816,35.08866]]]},"properties":{"cell":"8948c819b67ffff","res":9,"coarsened":false,"count":2,"hv":2,"mp":0,"y0":2023,"y1":2024,"sp":[[24,2,2,0,2023,2024]]}},{"type":"Feature","geometry":{"type":"Polygon","coordinates":[[[-109.72132,35.13138],[-109.72003,35.133],[-109.72113,35.13471],[-109.72351,35.13479],[-109.7248,35.13317],[-109.72371,35.13146],[-109.72132,35.13138]]]},"properties":{"cell":"8948c80b3b3ffff","res":9,"coarsened":false,"count":1,"hv":1,"mp":0,"y0":2023,"y1":2023,"sp":[[94,1,1,0,2023,2023]]}},{"type":"Feature","geometry":{"type":"Polygon","coordinates":[[[-109.75653,34.83423],[-109.75524,34.83585],[-109.75633,34.83756],[-109.75871,34.83764],[-109.76,34.83601],[-109.75891,34.83431],[-109.75653,34.83423]]]},"properties":{"cell":"8948c8c4293ffff","res":9,"coarsened":false,"count":1,"hv":1,"mp":0,"y0":2023,"y1":2023,"sp":[[13,1,1,0,2023,2023]]}},{"type":"Feature","geometry":{"type":"Polygon","coordinates":[[[-109.71976,35.15797],[-109.71847,35.15959],[-109.71957,35.16129],[-109.72196,35.16138],[-109.72325,35.15976],[-109.72215,35.15805],[-109.71976,35.15797]]]},"properties":{"cell":"8948c8095a3ffff","res":9,"coarsened":false,"count":2,"hv":2,"mp":0,"y0":2023,"y1":2023,"sp":[[38,1,1,0,2023,2023],[100,1,1,0,2023,2023]]}},{"type":"Feature","geometry":{"type":"Polygon","coordinates":[[[-109.72364,35.15311],[-109.72234,35.15473],[-109.72344,35.15643],[-109.72583,35.15651],[-109.72712,35.15489],[-109.72602,35.15319],[-109.72364,35.15311]]]},"properties":{"cell":"8948c80864fffff","res":9,"coarsened":false,"count":1,"hv":1,"mp":0,"y0":2023,"y1":2023,"sp":[[65,1,1,0,2023,2023]]}},{"type":"Feature","geometry":{"type":"Polygon","coordinates":[[[-109.72908,35.06003],[-109.72779,35.06165],[-109.72888,35.06335],[-109.73127,35.06343],[-109.73256,35.06181],[-109.73146,35.06011],[-109.72908,35.06003]]]},"properties":{"cell":"8948c81984fffff","res":9,"coarsened":false,"count":1,"hv":1,"mp":0,"y0":2023,"y1":2023,"sp":[[49,1,1,0,2023,2023]]}},{"type":"Feature","geometry":{"type":"Polygon","coordinates":[[[-109.88488,35.03028],[-109.88359,35.0319],[-109.88469,35.0336],[-109.88708,35.03368],[-109.88836,35.03206],[-109.88726,35.03035],[-109.88488,35.03028]]]},"properties":{"cell":"8948c8030c3ffff","res":9,"coarsened":false,"count":1,"hv":1,"mp":0,"y0":2023,"y1":2023,"sp":[[14,1,1,0,2023,2023]]}},{"type":"Feature","geometry":{"type":"Polygon","coordinates":[[[-109.87001,35.03978],[-109.86872,35.0414],[-109.86982,35.04311],[-109.8722,35.04319],[-109.87349,35.04156],[-109.87239,35.03986],[-109.87001,35.03978]]]},"properties":{"cell":"8948c803283ffff","res":9,"coarsened":false,"count":1,"hv":1,"mp":0,"y0":2023,"y1":2023,"sp":[[3,1,1,0,2023,2023]]}},{"type":"Feature","geometry":{"type":"Polygon","coordinates":[[[-109.72212,35.05646],[-109.72083,35.05808],[-109.72192,35.05978],[-109.72431,35.05986],[-109.7256,35.05824],[-109.7245,35.05654],[-109.72212,35.05646]]]},"properties":{"cell":"8948c819a97ffff","res":9,"coarsened":false,"count":1,"hv":1,"mp":0,"y0":2023,"y1":2023,"sp":[[14,1,1,0,2023,2023]]}},{"type":"Feature","geometry":{"type":"Polygon","coordinates":[[[-109.82923,35.06341],[-109.82795,35.06504],[-109.82904,35.06674],[-109.83143,35.06682],[-109.83272,35.0652],[-109.83162,35.06349],[-109.82923,35.06341]]]},"properties":{"cell":"8948c81894fffff","res":9,"coarsened":false,"count":1,"hv":1,"mp":0,"y0":2023,"y1":2023,"sp":[[93,1,1,0,2023,2023]]}},{"type":"Feature","geometry":{"type":"Polygon","coordinates":[[[-109.79903,34.96575],[-109.79775,34.96737],[-109.79884,34.96908],[-109.80122,34.96916],[-109.80251,34.96753],[-109.80142,34.96583],[-109.79903,34.96575]]]},"properties":{"cell":"8948c81a307ffff","res":9,"coarsened":false,"count":2,"hv":2,"mp":0,"y0":2023,"y1":2024,"sp":[[22,2,2,0,2023,2024]]}},{"type":"Feature","geometry":{"type":"Polygon","coordinates":[[[-109.77913,34.9384],[-109.77784,34.94003],[-109.77894,34.94173],[-109.78132,34.94181],[-109.7826,34.94019],[-109.78151,34.93848],[-109.77913,34.9384]]]},"properties":{"cell":"8948c81a62fffff","res":9,"coarsened":false,"count":9,"hv":9,"mp":0,"y0":2023,"y1":2024,"sp":[[27,1,1,0,2023,2023],[29,1,1,0,2024,2024],[49,1,1,0,2024,2024],[55,1,1,0,2024,2024],[56,1,1,0,2024,2024],[133,1,1,0,2024,2024],[68,1,1,0,2024,2024],[24,1,1,0,2024,2024],[207,1,1,0,2024,2024]]}},{"type":"Feature","geometry":{"type":"Polygon","coordinates":[[[-109.80201,35.16242],[-109.80072,35.16405],[-109.80182,35.16575],[-109.80421,35.16583],[-109.8055,35.16421],[-109.8044,35.1625],[-109.80201,35.16242]]]},"properties":{"cell":"8948c80aa57ffff","res":9,"coarsened":false,"count":3,"hv":3,"mp":0,"y0":2023,"y1":2026,"sp":[[23,2,2,0,2025,2026],[141,1,1,0,2023,2023]]}},{"type":"Feature","geometry":{"type":"Polygon","coordinates":[[[-109.73275,35.05849],[-109.73146,35.06011],[-109.73256,35.06181],[-109.73494,35.06189],[-109.73623,35.06027],[-109.73513,35.05857],[-109.73275,35.05849]]]},"properties":{"cell":"8948c819847ffff","res":9,"coarsened":false,"count":1,"hv":1,"mp":0,"y0":2023,"y1":2023,"sp":[[29,1,1,0,2023,2023]]}},{"type":"Feature","geometry":{"type":"Polygon","coordinates":[[[-109.72151,35.12806],[-109.72022,35.12968],[-109.72132,35.13138],[-109.72371,35.13146],[-109.725,35.12984],[-109.7239,35.12814],[-109.72151,35.12806]]]},"properties":{"cell":"8948c80b14bffff","res":9,"coarsened":false,"count":1,"hv":1,"mp":0,"y0":2023,"y1":2023,"sp":[[13,1,1,0,2023,2023]]}},{"type":"Feature","geometry":{"type":"Polygon","coordinates":[[[-109.66665,35.02455],[-109.66536,35.02617],[-109.66645,35.02787],[-109.66883,35.02796],[-109.67012,35.02633],[-109.66903,35.02463],[-109.66665,35.02455]]]},"properties":{"cell":"8948c819277ffff","res":9,"coarsened":false,"count":1,"hv":1,"mp":0,"y0":2023,"y1":2023,"sp":[[27,1,1,0,2023,2023]]}},{"type":"Feature","geometry":{"type":"Polygon","coordinates":[[[-109.88769,34.79193],[-109.8864,34.79355],[-109.8875,34.79526],[-109.88988,34.79534],[-109.89116,34.79371],[-109.89007,34.792],[-109.88769,34.79193]]]},"properties":{"cell":"8948c8893abffff","res":9,"coarsened":false,"count":1,"hv":1,"mp":0,"y0":2023,"y1":2023,"sp":[[19,1,1,0,2023,2023]]}},{"type":"Feature","geometry":{"type":"Polygon","coordinates":[[[-109.78825,35.09036],[-109.78696,35.09198],[-109.78806,35.09368],[-109.79044,35.09376],[-109.79173,35.09214],[-109.79064,35.09044],[-109.78825,35.09036]]]},"properties":{"cell":"8948c80a467ffff","res":9,"coarsened":false,"count":1,"hv":1,"mp":0,"y0":2023,"y1":2023,"sp":[[8,1,1,0,2023,2023]]}},{"type":"Feature","geometry":{"type":"Polygon","coordinates":[[[-109.79656,35.07065],[-109.79527,35.07227],[-109.79637,35.07397],[-109.79875,35.07405],[-109.80004,35.07243],[-109.79895,35.07073],[-109.79656,35.07065]]]},"properties":{"cell":"8948c80a497ffff","res":9,"coarsened":false,"count":1,"hv":1,"mp":0,"y0":2009,"y1":2009,"sp":[[7,1,1,0,2009,2009]]}},{"type":"Feature","geometry":{"type":"Polygon","coordinates":[[[-109.64651,35.06217],[-109.64521,35.06379],[-109.64631,35.06549],[-109.64869,35.06558],[-109.64998,35.06396],[-109.64889,35.06225],[-109.64651,35.06217]]]},"properties":{"cell":"8948c856e2fffff","res":9,"coarsened":false,"count":2,"hv":2,"mp":0,"y0":2023,"y1":2023,"sp":[[5,1,1,0,2023,2023],[6,1,1,0,2023,2023]]}},{"type":"Feature","geometry":{"type":"Polygon","coordinates":[[[-109.63548,35.06678],[-109.63419,35.0684],[-109.63528,35.07011],[-109.63767,35.07019],[-109.63896,35.06857],[-109.63786,35.06687],[-109.63548,35.06678]]]},"properties":{"cell":"8948c856ad7ffff","res":9,"coarsened":false,"count":1,"hv":1,"mp":0,"y0":2023,"y1":2023,"sp":[[122,1,1,0,2023,2023]]}},{"type":"Feature","geometry":{"type":"Polygon","coordinates":[[[-109.69935,34.95568],[-109.69806,34.9573],[-109.69915,34.959],[-109.70154,34.95909],[-109.70283,34.95746],[-109.70173,34.95576],[-109.69935,34.95568]]]},"properties":{"cell":"8948c81b28fffff","res":9,"coarsened":false,"count":3,"hv":3,"mp":0,"y0":2023,"y1":2024,"sp":[[2,1,1,0,2023,2023],[44,1,1,0,2023,2023],[13,1,1,0,2024,2024]]}},{"type":"Feature","geometry":{"type":"Polygon","coordinates":[[[-109.79096,35.10544],[-109.78968,35.10706],[-109.79077,35.10876],[-109.79316,35.10884],[-109.79445,35.10722],[-109.79335,35.10552],[-109.79096,35.10544]]]},"properties":{"cell":"8948c80a007ffff","res":9,"coarsened":false,"count":1,"hv":1,"mp":0,"y0":2023,"y1":2023,"sp":[[5,1,1,0,2023,2023]]}},{"type":"Feature","geometry":{"type":"Polygon","coordinates":[[[-109.77433,35.08322],[-109.77304,35.08485],[-109.77413,35.08655],[-109.77652,35.08663],[-109.77781,35.08501],[-109.77671,35.0833],[-109.77433,35.08322]]]},"properties":{"cell":"8948c80a44bffff","res":9,"coarsened":false,"count":1,"hv":1,"mp":0,"y0":2024,"y1":2024,"sp":[[19,1,1,0,2024,2024]]}},{"type":"Feature","geometry":{"type":"Polygon","coordinates":[[[-109.8382,34.90704],[-109.83692,34.90867],[-109.83801,34.91037],[-109.8404,34.91045],[-109.84168,34.90883],[-109.84059,34.90712],[-109.8382,34.90704]]]},"properties":{"cell":"8948c8c4ba7ffff","res":9,"coarsened":false,"count":1,"hv":1,"mp":0,"y0":2024,"y1":2024,"sp":[[101,1,1,0,2024,2024]]}},{"type":"Feature","geometry":{"type":"Polygon","coordinates":[[[-109.84192,34.96719],[-109.84063,34.96881],[-109.84173,34.97052],[-109.84411,34.9706],[-109.8454,34.96897],[-109.8443,34.96727],[-109.84192,34.96719]]]},"properties":{"cell":"8948c81ac0bffff","res":9,"coarsened":false,"count":1,"hv":1,"mp":0,"y0":2024,"y1":2024,"sp":[[5,1,1,0,2024,2024]]}},{"type":"Feature","geometry":{"type":"Polygon","coordinates":[[[-109.72286,35.1664],[-109.72157,35.16802],[-109.72266,35.16972],[-109.72505,35.16981],[-109.72634,35.16819],[-109.72524,35.16648],[-109.72286,35.1664]]]},"properties":{"cell":"8948c8082cbffff","res":9,"coarsened":false,"count":1,"hv":1,"mp":0,"y0":2024,"y1":2024,"sp":[[23,1,1,0,2024,2024]]}},{"type":"Feature","geometry":{"type":"Polygon","coordinates":[[[-109.74066,35.16867],[-109.73937,35.17029],[-109.74047,35.172],[-109.74286,35.17208],[-109.74415,35.17046],[-109.74305,35.16876],[-109.74066,35.16867]]]},"properties":{"cell":"8948c8082bbffff","res":9,"coarsened":false,"count":1,"hv":1,"mp":0,"y0":2024,"y1":2024,"sp":[[192,1,1,0,2024,2024]]}},{"type":"Feature","geometry":{"type":"Polygon","coordinates":[[[-109.59402,34.98033],[-109.59273,34.98195],[-109.59383,34.98366],[-109.59621,34.98374],[-109.5975,34.98212],[-109.59641,34.98041],[-109.59402,34.98033]]]},"properties":{"cell":"8948c8cd903ffff","res":9,"coarsened":false,"count":1,"hv":1,"mp":0,"y0":2024,"y1":2024,"sp":[[98,1,1,0,2024,2024]]}},{"type":"Feature","geometry":{"type":"Polygon","coordinates":[[[-109.79184,34.8421],[-109.79056,34.84373],[-109.79165,34.84543],[-109.79403,34.84551],[-109.79532,34.84389],[-109.79422,34.84218],[-109.79184,34.8421]]]},"properties":{"cell":"8948c8c41cbffff","res":9,"coarsened":false,"count":1,"hv":1,"mp":0,"y0":2015,"y1":2015,"sp":[[7,1,1,0,2015,2015]]}},{"type":"Feature","geometry":{"type":"Polygon","coordinates":[[[-109.78434,34.91023],[-109.78305,34.91186],[-109.78414,34.91356],[-109.78652,34.91364],[-109.78781,34.91202],[-109.78672,34.91031],[-109.78434,34.91023]]]},"properties":{"cell":"8948c8c5937ffff","res":9,"coarsened":false,"count":1,"hv":1,"mp":0,"y0":2024,"y1":2024,"sp":[[7,1,1,0,2024,2024]]}},{"type":"Feature","geometry":{"type":"Polygon","coordinates":[[[-109.76756,35.07633],[-109.76627,35.07795],[-109.76736,35.07966],[-109.76975,35.07974],[-109.77104,35.07811],[-109.76994,35.07641],[-109.76756,35.07633]]]},"properties":{"cell":"8948c81992bffff","res":9,"coarsened":false,"count":1,"hv":1,"mp":0,"y0":2024,"y1":2024,"sp":[[23,1,1,0,2024,2024]]}},{"type":"Feature","geometry":{"type":"Polygon","coordinates":[[[-109.77529,35.0666],[-109.774,35.06822],[-109.7751,35.06992],[-109.77748,35.07],[-109.77877,35.06838],[-109.77767,35.06668],[-109.77529,35.0666]]]},"properties":{"cell":"8948c8199a3ffff","res":9,"coarsened":false,"count":1,"hv":1,"mp":0,"y0":2024,"y1":2024,"sp":[[179,1,1,0,2024,2024]]}},{"type":"Feature","geometry":{"type":"Polygon","coordinates":[[[-109.59741,35.04378],[-109.59612,35.0454],[-109.59722,35.04711],[-109.5996,35.04719],[-109.60089,35.04557],[-109.5998,35.04387],[-109.59741,35.04378]]]},"properties":{"cell":"8948c854487ffff","res":9,"coarsened":false,"count":1,"hv":1,"mp":0,"y0":2024,"y1":2024,"sp":[[56,1,1,0,2024,2024]]}},{"type":"Feature","geometry":{"type":"Polygon","coordinates":[[[-109.6383,34.95855],[-109.63701,34.96017],[-109.6381,34.96188],[-109.64048,34.96196],[-109.64177,34.96034],[-109.64068,34.95863],[-109.6383,34.95855]]]},"properties":{"cell":"8948c8cc857ffff","res":9,"coarsened":false,"count":1,"hv":1,"mp":0,"y0":2024,"y1":2024,"sp":[[27,1,1,0,2024,2024]]}},{"type":"Feature","geometry":{"type":"Polygon","coordinates":[[[-109.76947,34.91973],[-109.76818,34.92136],[-109.76928,34.92306],[-109.77166,34.92314],[-109.77294,34.92152],[-109.77185,34.91981],[-109.76947,34.91973]]]},"properties":{"cell":"8948c81a6d7ffff","res":9,"coarsened":false,"count":1,"hv":1,"mp":0,"y0":2024,"y1":2024,"sp":[[27,1,1,0,2024,2024]]}},{"type":"Feature","geometry":{"type":"Polygon","coordinates":[[[-109.77817,34.95504],[-109.77688,34.95666],[-109.77797,34.95837],[-109.78036,34.95845],[-109.78164,34.95683],[-109.78055,34.95512],[-109.77817,34.95504]]]},"properties":{"cell":"8948c81a233ffff","res":9,"coarsened":false,"count":1,"hv":1,"mp":0,"y0":2024,"y1":2024,"sp":[[7,1,1,0,2024,2024]]}},{"type":"Feature","geometry":{"type":"Polygon","coordinates":[[[-109.76213,34.92282],[-109.76084,34.92444],[-109.76194,34.92615],[-109.76432,34.92623],[-109.76561,34.9246],[-109.76451,34.9229],[-109.76213,34.92282]]]},"properties":{"cell":"8948c81a6cbffff","res":9,"coarsened":false,"count":2,"hv":2,"mp":0,"y0":2024,"y1":2025,"sp":[[27,2,2,0,2024,2025]]}},{"type":"Feature","geometry":{"type":"Polygon","coordinates":[[[-109.814,35.14118],[-109.81271,35.1428],[-109.81381,35.1445],[-109.8162,35.14458],[-109.81749,35.14296],[-109.81639,35.14126],[-109.814,35.14118]]]},"properties":{"cell":"8948c80ae07ffff","res":9,"coarsened":false,"count":1,"hv":1,"mp":0,"y0":2024,"y1":2024,"sp":[[23,1,1,0,2024,2024]]}},{"type":"Feature","geometry":{"type":"Polygon","coordinates":[[[-109.73603,35.12522],[-109.73474,35.12685],[-109.73583,35.12855],[-109.73822,35.12863],[-109.73951,35.12701],[-109.73841,35.12531],[-109.73603,35.12522]]]},"properties":{"cell":"8948c80b103ffff","res":9,"coarsened":false,"count":1,"hv":1,"mp":0,"y0":2024,"y1":2024,"sp":[[38,1,1,0,2024,2024]]}},{"type":"Feature","geometry":{"type":"Polygon","coordinates":[[[-109.71455,35.12449],[-109.71326,35.12611],[-109.71436,35.12781],[-109.71674,35.1279],[-109.71803,35.12627],[-109.71694,35.12457],[-109.71455,35.12449]]]},"properties":{"cell":"8948c80b393ffff","res":9,"coarsened":false,"count":1,"hv":1,"mp":0,"y0":2024,"y1":2024,"sp":[[77,1,1,0,2024,2024]]}},{"type":"Feature","geometry":{"type":"Polygon","coordinates":[[[-109.70137,35.16566],[-109.70008,35.16729],[-109.70118,35.16899],[-109.70357,35.16907],[-109.70486,35.16745],[-109.70376,35.16575],[-109.70137,35.16566]]]},"properties":{"cell":"8948c80957bffff","res":9,"coarsened":false,"count":1,"hv":1,"mp":0,"y0":2024,"y1":2024,"sp":[[37,1,1,0,2024,2024]]}},{"type":"Feature","geometry":{"type":"Polygon","coordinates":[[[-109.70176,35.15902],[-109.70047,35.16064],[-109.70157,35.16234],[-109.70396,35.16242],[-109.70525,35.1608],[-109.70415,35.1591],[-109.70176,35.15902]]]},"properties":{"cell":"8948c809557ffff","res":9,"coarsened":false,"count":1,"hv":1,"mp":0,"y0":2024,"y1":2024,"sp":[[73,1,1,0,2024,2024]]}},{"type":"Feature","geometry":{"type":"Polygon","coordinates":[[[-109.82155,34.82309],[-109.82026,34.82471],[-109.82136,34.82642],[-109.82374,34.8265],[-109.82502,34.82487],[-109.82393,34.82317],[-109.82155,34.82309]]]},"properties":{"cell":"8948c8c6e6bffff","res":9,"coarsened":false,"count":1,"hv":1,"mp":0,"y0":2024,"y1":2024,"sp":[[27,1,1,0,2024,2024]]}},{"type":"Feature","geometry":{"type":"Polygon","coordinates":[[[-109.84211,34.96386],[-109.84082,34.96549],[-109.84192,34.96719],[-109.8443,34.96727],[-109.84559,34.96564],[-109.84449,34.96394],[-109.84211,34.96386]]]},"properties":{"cell":"8948c81ac1bffff","res":9,"coarsened":false,"count":1,"hv":1,"mp":0,"y0":2024,"y1":2024,"sp":[[42,1,1,0,2024,2024]]}},{"type":"Feature","geometry":{"type":"Polygon","coordinates":[[[-109.78551,34.95196],[-109.78422,34.95358],[-109.78531,34.95528],[-109.7877,34.95536],[-109.78898,34.95374],[-109.78789,34.95204],[-109.78551,34.95196]]]},"properties":{"cell":"8948c81a2a7ffff","res":9,"coarsened":false,"count":2,"hv":2,"mp":0,"y0":2023,"y1":2025,"sp":[[7,1,1,0,2023,2023],[27,1,1,0,2025,2025]]}},{"type":"Feature","geometry":{"type":"Polygon","coordinates":[[[-109.74011,34.93207],[-109.73883,34.93369],[-109.73992,34.9354],[-109.7423,34.93548],[-109.74359,34.93386],[-109.7425,34.93215],[-109.74011,34.93207]]]},"properties":{"cell":"8948c81b5c3ffff","res":9,"coarsened":false,"count":1,"hv":1,"mp":0,"y0":2024,"y1":2024,"sp":[[27,1,1,0,2024,2024]]}},{"type":"Feature","geometry":{"type":"Polygon","coordinates":[[[-109.71345,34.9595],[-109.71216,34.96112],[-109.71326,34.96282],[-109.71564,34.96291],[-109.71693,34.96128],[-109.71583,34.95958],[-109.71345,34.9595]]]},"properties":{"cell":"8948c81b06bffff","res":9,"coarsened":false,"count":1,"hv":1,"mp":0,"y0":2024,"y1":2024,"sp":[[19,1,1,0,2024,2024]]}},{"type":"Feature","geometry":{"type":"Polygon","coordinates":[[[-109.69548,34.96054],[-109.69419,34.96217],[-109.69529,34.96387],[-109.69767,34.96395],[-109.69896,34.96233],[-109.69787,34.96063],[-109.69548,34.96054]]]},"properties":{"cell":"8948c81b203ffff","res":9,"coarsened":false,"count":1,"hv":1,"mp":0,"y0":2024,"y1":2024,"sp":[[24,1,1,0,2024,2024]]}},{"type":"Feature","geometry":{"type":"Polygon","coordinates":[[[-109.69486,35.03219],[-109.69358,35.03381],[-109.69467,35.03552],[-109.69705,35.0356],[-109.69834,35.03398],[-109.69725,35.03227],[-109.69486,35.03219]]]},"properties":{"cell":"8948c819307ffff","res":9,"coarsened":false,"count":1,"hv":1,"mp":0,"y0":2024,"y1":2024,"sp":[[122,1,1,0,2024,2024]]}},{"type":"Feature","geometry":{"type":"Polygon","coordinates":[[[-109.76156,34.99448],[-109.76027,34.9961],[-109.76136,34.99781],[-109.76375,34.99789],[-109.76503,34.99627],[-109.76394,34.99456],[-109.76156,34.99448]]]},"properties":{"cell":"8948c8180cfffff","res":9,"coarsened":false,"count":2,"hv":2,"mp":0,"y0":2024,"y1":2024,"sp":[[24,1,1,0,2024,2024],[77,1,1,0,2024,2024]]}},{"type":"Feature","geometry":{"type":"Polygon","coordinates":[[[-109.75421,34.99756],[-109.75292,34.99919],[-109.75402,35.00089],[-109.7564,35.00097],[-109.75769,34.99935],[-109.7566,34.99765],[-109.75421,34.99756]]]},"properties":{"cell":"8948c81805bffff","res":9,"coarsened":false,"count":1,"hv":1,"mp":0,"y0":2024,"y1":2024,"sp":[[170,1,1,0,2024,2024]]}},{"type":"Feature","geometry":{"type":"Polygon","coordinates":[[[-109.74706,34.99732],[-109.74577,34.99894],[-109.74687,35.00065],[-109.74925,35.00073],[-109.75054,34.99911],[-109.74945,34.9974],[-109.74706,34.99732]]]},"properties":{"cell":"8948c818293ffff","res":9,"coarsened":false,"count":1,"hv":1,"mp":0,"y0":2024,"y1":2024,"sp":[[37,1,1,0,2024,2024]]}},{"type":"Feature","geometry":{"type":"Polygon","coordinates":[[[-109.7432,35.00219],[-109.74191,35.00381],[-109.743,35.00552],[-109.74539,35.0056],[-109.74667,35.00397],[-109.74558,35.00227],[-109.7432,35.00219]]]},"properties":{"cell":"8948c81828bffff","res":9,"coarsened":false,"count":1,"hv":1,"mp":0,"y0":2024,"y1":2024,"sp":[[171,1,1,0,2024,2024]]}},{"type":"Feature","geometry":{"type":"Polygon","coordinates":[[[-109.743,35.00552],[-109.74171,35.00714],[-109.74281,35.00884],[-109.74519,35.00892],[-109.74648,35.0073],[-109.74539,35.0056],[-109.743,35.00552]]]},"properties":{"cell":"8948c818213ffff","res":9,"coarsened":false,"count":1,"hv":1,"mp":0,"y0":2024,"y1":2024,"sp":[[5,1,1,0,2024,2024]]}},{"type":"Feature","geometry":{"type":"Polygon","coordinates":[[[-109.73218,35.00681],[-109.73089,35.00843],[-109.73199,35.01014],[-109.73437,35.01022],[-109.73566,35.0086],[-109.73456,35.00689],[-109.73218,35.00681]]]},"properties":{"cell":"8948c818253ffff","res":9,"coarsened":false,"count":1,"hv":1,"mp":0,"y0":2024,"y1":2024,"sp":[[171,1,1,0,2024,2024]]}},{"type":"Feature","geometry":{"type":"Polygon","coordinates":[[[-109.78355,34.86184],[-109.78226,34.86346],[-109.78336,34.86517],[-109.78574,34.86525],[-109.78702,34.86362],[-109.78593,34.86192],[-109.78355,34.86184]]]},"properties":{"cell":"8948c8c4333ffff","res":9,"coarsened":false,"count":1,"hv":1,"mp":0,"y0":2024,"y1":2024,"sp":[[65,1,1,0,2024,2024]]}},{"type":"Feature","geometry":{"type":"Polygon","coordinates":[[[-109.84997,34.88909],[-109.84868,34.89072],[-109.84978,34.89242],[-109.85216,34.8925],[-109.85344,34.89088],[-109.85235,34.88917],[-109.84997,34.88909]]]},"properties":{"cell":"8948c8c498bffff","res":9,"coarsened":false,"count":1,"hv":1,"mp":0,"y0":2024,"y1":2024,"sp":[[55,1,1,0,2024,2024]]}},{"type":"Feature","geometry":{"type":"Polygon","coordinates":[[[-109.84263,34.89218],[-109.84135,34.89381],[-109.84244,34.89551],[-109.84482,34.89559],[-109.84611,34.89397],[-109.84501,34.89226],[-109.84263,34.89218]]]},"properties":{"cell":"8948c8c49cfffff","res":9,"coarsened":false,"count":1,"hv":1,"mp":0,"y0":2024,"y1":2024,"sp":[[48,1,1,0,2024,2024]]}},{"type":"Feature","geometry":{"type":"Polygon","coordinates":[[[-109.79513,34.84722],[-109.79384,34.84884],[-109.79493,34.85055],[-109.79731,34.85063],[-109.7986,34.849],[-109.79751,34.8473],[-109.79513,34.84722]]]},"properties":{"cell":"8948c8c4157ffff","res":9,"coarsened":false,"count":4,"hv":4,"mp":0,"y0":2024,"y1":2024,"sp":[[13,1,1,0,2024,2024],[28,1,1,0,2024,2024],[23,1,1,0,2024,2024],[7,1,1,0,2024,2024]]}},{"type":"Feature","geometry":{"type":"Polygon","coordinates":[[[-109.79939,34.8974],[-109.7981,34.89903],[-109.7992,34.90073],[-109.80158,34.90081],[-109.80287,34.89919],[-109.80177,34.89748],[-109.79939,34.8974]]]},"properties":{"cell":"8948c8c4a0fffff","res":9,"coarsened":false,"count":1,"hv":1,"mp":0,"y0":2024,"y1":2024,"sp":[[7,1,1,0,2024,2024]]}},{"type":"Feature","geometry":{"type":"Polygon","coordinates":[[[-109.73351,35.10682],[-109.73222,35.10844],[-109.73332,35.11014],[-109.73571,35.11023],[-109.737,35.1086],[-109.7359,35.1069],[-109.73351,35.10682]]]},"properties":{"cell":"8948c80b573ffff","res":9,"coarsened":false,"count":10,"hv":10,"mp":0,"y0":2015,"y1":2024,"sp":[[27,3,3,0,2015,2024],[13,3,3,0,2015,2024],[74,2,2,0,2015,2024],[24,1,1,0,2024,2024],[202,1,1,0,2024,2024]]}},{"type":"Feature","geometry":{"type":"Polygon","coordinates":[[[-109.74551,35.08558],[-109.74422,35.0872],[-109.74532,35.0889],[-109.7477,35.08898],[-109.74899,35.08736],[-109.74789,35.08566],[-109.74551,35.08558]]]},"properties":{"cell":"8948c819b23ffff","res":9,"coarsened":false,"count":1,"hv":1,"mp":0,"y0":2024,"y1":2024,"sp":[[49,1,1,0,2024,2024]]}},{"type":"Feature","geometry":{"type":"Polygon","coordinates":[[[-109.68744,35.15853],[-109.68615,35.16015],[-109.68725,35.16185],[-109.68963,35.16193],[-109.69093,35.16031],[-109.68983,35.15861],[-109.68744,35.15853]]]},"properties":{"cell":"8948c809093ffff","res":9,"coarsened":false,"count":1,"hv":1,"mp":0,"y0":2024,"y1":2024,"sp":[[47,1,1,0,2024,2024]]}},{"type":"Feature","geometry":{"type":"Polygon","coordinates":[[[-109.84325,34.9439],[-109.84197,34.94552],[-109.84306,34.94722],[-109.84545,34.9473],[-109.84673,34.94568],[-109.84564,34.94397],[-109.84325,34.9439]]]},"properties":{"cell":"8948c81120bffff","res":9,"coarsened":false,"count":2,"hv":2,"mp":0,"y0":2013,"y1":2013,"sp":[[37,1,1,0,2013,2013],[28,1,1,0,2013,2013]]}},{"type":"Feature","geometry":{"type":"Polygon","coordinates":[[[-109.80879,35.16931],[-109.8075,35.17093],[-109.8086,35.17263],[-109.81099,35.17271],[-109.81228,35.17109],[-109.81118,35.16939],[-109.80879,35.16931]]]},"properties":{"cell":"8948c80aa77ffff","res":9,"coarsened":false,"count":1,"hv":1,"mp":0,"y0":2024,"y1":2024,"sp":[[23,1,1,0,2024,2024]]}},{"type":"Feature","geometry":{"type":"Polygon","coordinates":[[[-109.79675,35.06732],[-109.79546,35.06895],[-109.79656,35.07065],[-109.79895,35.07073],[-109.80023,35.06911],[-109.79914,35.0674],[-109.79675,35.06732]]]},"properties":{"cell":"8948c818a2fffff","res":9,"coarsened":false,"count":1,"hv":1,"mp":0,"y0":2024,"y1":2024,"sp":[[7,1,1,0,2024,2024]]}},{"type":"Feature","geometry":{"type":"Polygon","coordinates":[[[-109.77104,35.07811],[-109.76975,35.07974],[-109.77084,35.08144],[-109.77323,35.08152],[-109.77452,35.0799],[-109.77342,35.0782],[-109.77104,35.07811]]]},"properties":{"cell":"8948c81992fffff","res":9,"coarsened":false,"count":1,"hv":1,"mp":0,"y0":2024,"y1":2024,"sp":[[44,1,1,0,2024,2024]]}},{"type":"Feature","geometry":{"type":"Polygon","coordinates":[[[-109.737,35.1086],[-109.73571,35.11023],[-109.7368,35.11193],[-109.73919,35.11201],[-109.74048,35.11039],[-109.73938,35.10869],[-109.737,35.1086]]]},"properties":{"cell":"8948c80b577ffff","res":9,"coarsened":false,"count":1,"hv":1,"mp":0,"y0":2015,"y1":2015,"sp":[[180,1,1,0,2015,2015]]}},{"type":"Feature","geometry":{"type":"Polygon","coordinates":[[[-109.6894,35.12529],[-109.68811,35.12691],[-109.6892,35.12861],[-109.69159,35.1287],[-109.69288,35.12708],[-109.69178,35.12537],[-109.6894,35.12529]]]},"properties":{"cell":"8948c80b207ffff","res":9,"coarsened":false,"count":3,"hv":3,"mp":0,"y0":2024,"y1":2024,"sp":[[23,1,1,0,2024,2024],[27,1,1,0,2024,2024],[13,1,1,0,2024,2024]]}},{"type":"Feature","geometry":{"type":"Polygon","coordinates":[[[-109.66934,35.03964],[-109.66805,35.04126],[-109.66915,35.04296],[-109.67153,35.04305],[-109.67282,35.04143],[-109.67173,35.03972],[-109.66934,35.03964]]]},"properties":{"cell":"8948c856c17ffff","res":9,"coarsened":false,"count":1,"hv":1,"mp":0,"y0":2024,"y1":2024,"sp":[[197,1,1,0,2024,2024]]}},{"type":"Feature","geometry":{"type":"Polygon","coordinates":[[[-109.72093,35.13803],[-109.71964,35.13965],[-109.72074,35.14135],[-109.72312,35.14144],[-109.72441,35.13981],[-109.72332,35.13811],[-109.72093,35.13803]]]},"properties":{"cell":"8948c80b3afffff","res":9,"coarsened":false,"count":1,"hv":1,"mp":0,"y0":2024,"y1":2024,"sp":[[27,1,1,0,2024,2024]]}},{"type":"Feature","geometry":{"type":"Polygon","coordinates":[[[-109.69809,35.16056],[-109.6968,35.16218],[-109.69789,35.16388],[-109.70028,35.16396],[-109.70157,35.16234],[-109.70047,35.16064],[-109.69809,35.16056]]]},"properties":{"cell":"8948c809543ffff","res":9,"coarsened":false,"count":1,"hv":1,"mp":0,"y0":2024,"y1":2024,"sp":[[5,1,1,0,2024,2024]]}},{"type":"Feature","geometry":{"type":"Polygon","coordinates":[[[-109.77932,34.93507],[-109.77803,34.9367],[-109.77913,34.9384],[-109.78151,34.93848],[-109.7828,34.93686],[-109.7817,34.93515],[-109.77932,34.93507]]]},"properties":{"cell":"8948c81a623ffff","res":9,"coarsened":false,"count":1,"hv":1,"mp":0,"y0":2024,"y1":2024,"sp":[[27,1,1,0,2024,2024]]}},{"type":"Feature","geometry":{"type":"Polygon","coordinates":[[[-109.82835,34.89171],[-109.82706,34.89333],[-109.82816,34.89503],[-109.83054,34.89511],[-109.83182,34.89349],[-109.83073,34.89179],[-109.82835,34.89171]]]},"properties":{"cell":"8948c8c482bffff","res":9,"coarsened":false,"count":1,"hv":1,"mp":0,"y0":2025,"y1":2025,"sp":[[7,1,1,0,2025,2025]]}},{"type":"Feature","geometry":{"type":"Polygon","coordinates":[[[-109.70371,35.12578],[-109.70242,35.1274],[-109.70352,35.12911],[-109.70591,35.12919],[-109.7072,35.12757],[-109.7061,35.12586],[-109.70371,35.12578]]]},"properties":{"cell":"8948c80b3d3ffff","res":9,"coarsened":false,"count":1,"hv":1,"mp":0,"y0":2024,"y1":2024,"sp":[[13,1,1,0,2024,2024]]}},{"type":"Feature","geometry":{"type":"Polygon","coordinates":[[[-109.80736,35.0077],[-109.80607,35.00932],[-109.80717,35.01102],[-109.80955,35.0111],[-109.81084,35.00948],[-109.80974,35.00778],[-109.80736,35.0077]]]},"properties":{"cell":"8948c8181b7ffff","res":9,"coarsened":false,"count":1,"hv":1,"mp":0,"y0":2023,"y1":2023,"sp":[[27,1,1,0,2023,2023]]}},{"type":"Feature","geometry":{"type":"Polygon","coordinates":[[[-109.7956,35.08727],[-109.79431,35.08889],[-109.79541,35.0906],[-109.79779,35.09068],[-109.79908,35.08906],[-109.79799,35.08735],[-109.7956,35.08727]]]},"properties":{"cell":"8948c80a423ffff","res":9,"coarsened":false,"count":2,"hv":2,"mp":0,"y0":2025,"y1":2025,"sp":[[180,1,1,0,2025,2025],[28,1,1,0,2025,2025]]}},{"type":"Feature","geometry":{"type":"Polygon","coordinates":[[[-109.79464,35.1039],[-109.79335,35.10552],[-109.79445,35.10722],[-109.79683,35.1073],[-109.79812,35.10568],[-109.79702,35.10398],[-109.79464,35.1039]]]},"properties":{"cell":"8948c80a0abffff","res":9,"coarsened":false,"count":1,"hv":1,"mp":0,"y0":2025,"y1":2025,"sp":[[7,1,1,0,2025,2025]]}},{"type":"Feature","geometry":{"type":"Polygon","coordinates":[[[-109.79173,35.09214],[-109.79044,35.09376],[-109.79154,35.09546],[-109.79393,35.09554],[-109.79522,35.09392],[-109.79412,35.09222],[-109.79173,35.09214]]]},"properties":{"cell":"8948c80a093ffff","res":9,"coarsened":false,"count":1,"hv":1,"mp":0,"y0":2024,"y1":2024,"sp":[[7,1,1,0,2024,2024]]}},{"type":"Feature","geometry":{"type":"Polygon","coordinates":[[[-109.78512,34.95861],[-109.78383,34.96023],[-109.78493,34.96194],[-109.78731,34.96202],[-109.7886,34.9604],[-109.7875,34.95869],[-109.78512,34.95861]]]},"properties":{"cell":"8948c81a3cbffff","res":9,"coarsened":false,"count":1,"hv":1,"mp":0,"y0":2019,"y1":2019,"sp":[[7,1,1,0,2019,2019]]}},{"type":"Feature","geometry":{"type":"Polygon","coordinates":[[[-109.78745,34.98036],[-109.78616,34.98198],[-109.78725,34.98369],[-109.78964,34.98377],[-109.79092,34.98214],[-109.78983,34.98044],[-109.78745,34.98036]]]},"properties":{"cell":"8948c8185c3ffff","res":9,"coarsened":false,"count":2,"hv":2,"mp":0,"y0":2024,"y1":2025,"sp":[[7,2,2,0,2024,2025]]}},{"type":"Feature","geometry":{"type":"Polygon","coordinates":[[[-109.72869,35.06668],[-109.7274,35.0683],[-109.72849,35.07],[-109.73088,35.07008],[-109.73217,35.06846],[-109.73107,35.06676],[-109.72869,35.06668]]]},"properties":{"cell":"8948c819aa7ffff","res":9,"coarsened":false,"count":2,"hv":2,"mp":0,"y0":2025,"y1":2025,"sp":[[13,1,1,0,2025,2025],[19,1,1,0,2025,2025]]}},{"type":"Feature","geometry":{"type":"Polygon","coordinates":[[[-109.77198,34.93816],[-109.77069,34.93978],[-109.77179,34.94149],[-109.77417,34.94157],[-109.77546,34.93994],[-109.77436,34.93824],[-109.77198,34.93816]]]},"properties":{"cell":"8948c81a667ffff","res":9,"coarsened":false,"count":1,"hv":1,"mp":0,"y0":2025,"y1":2025,"sp":[[23,1,1,0,2025,2025]]}},{"type":"Feature","geometry":{"type":"Polygon","coordinates":[[[-109.77719,34.90999],[-109.7759,34.91161],[-109.777,34.91332],[-109.77938,34.9134],[-109.78067,34.91178],[-109.77957,34.91007],[-109.77719,34.90999]]]},"properties":{"cell":"8948c8c593bffff","res":9,"coarsened":false,"count":1,"hv":1,"mp":0,"y0":2025,"y1":2025,"sp":[[27,1,1,0,2025,2025]]}},{"type":"Feature","geometry":{"type":"Polygon","coordinates":[[[-109.89135,34.79038],[-109.89007,34.792],[-109.89116,34.79371],[-109.89354,34.79379],[-109.89482,34.79216],[-109.89373,34.79046],[-109.89135,34.79038]]]},"properties":{"cell":"8948c8893a3ffff","res":9,"coarsened":false,"count":1,"hv":1,"mp":0,"y0":2025,"y1":2025,"sp":[[20,1,1,0,2025,2025]]}},{"type":"Feature","geometry":{"type":"Polygon","coordinates":[[[-109.79635,35.01233],[-109.79506,35.01395],[-109.79615,35.01565],[-109.79854,35.01573],[-109.79982,35.01411],[-109.79873,35.01241],[-109.79635,35.01233]]]},"properties":{"cell":"8948c818107ffff","res":9,"coarsened":false,"count":1,"hv":1,"mp":0,"y0":2025,"y1":2025,"sp":[[27,1,1,0,2025,2025]]}},{"type":"Feature","geometry":{"type":"Polygon","coordinates":[[[-109.77836,34.95171],[-109.77707,34.95334],[-109.77817,34.95504],[-109.78055,34.95512],[-109.78184,34.9535],[-109.78074,34.95179],[-109.77836,34.95171]]]},"properties":{"cell":"8948c81a2abffff","res":9,"coarsened":false,"count":1,"hv":1,"mp":0,"y0":2025,"y1":2025,"sp":[[23,1,1,0,2025,2025]]}},{"type":"Feature","geometry":{"type":"Polygon","coordinates":[[[-109.8055,35.16421],[-109.80421,35.16583],[-109.80531,35.16753],[-109.80769,35.16761],[-109.80898,35.16599],[-109.80789,35.16429],[-109.8055,35.16421]]]},"properties":{"cell":"8948c80aa0bffff","res":9,"coarsened":false,"count":3,"hv":3,"mp":0,"y0":2024,"y1":2025,"sp":[[23,2,2,0,2024,2025],[27,1,1,0,2025,2025]]}},{"type":"Feature","geometry":{"type":"Polygon","coordinates":[[[-109.81266,35.16444],[-109.81137,35.16607],[-109.81247,35.16777],[-109.81485,35.16785],[-109.81614,35.16623],[-109.81505,35.16452],[-109.81266,35.16444]]]},"properties":{"cell":"8948c80aa07ffff","res":9,"coarsened":false,"count":1,"hv":1,"mp":0,"y0":2025,"y1":2025,"sp":[[23,1,1,0,2025,2025]]}},{"type":"Feature","geometry":{"type":"Polygon","coordinates":[[[-109.79447,35.16883],[-109.79318,35.17045],[-109.79428,35.17215],[-109.79666,35.17223],[-109.79795,35.17061],[-109.79686,35.16891],[-109.79447,35.16883]]]},"properties":{"cell":"8948c8081b3ffff","res":9,"coarsened":false,"count":1,"hv":1,"mp":0,"y0":2025,"y1":2025,"sp":[[211,1,1,0,2025,2025]]}},{"type":"Feature","geometry":{"type":"Polygon","coordinates":[[[-109.80898,35.16599],[-109.80769,35.16761],[-109.80879,35.16931],[-109.81118,35.16939],[-109.81247,35.16777],[-109.81137,35.16607],[-109.80898,35.16599]]]},"properties":{"cell":"8948c80aa0fffff","res":9,"coarsened":false,"count":1,"hv":1,"mp":0,"y0":2025,"y1":2025,"sp":[[23,1,1,0,2025,2025]]}},{"type":"Feature","geometry":{"type":"Polygon","coordinates":[[[-109.79815,35.16729],[-109.79686,35.16891],[-109.79795,35.17061],[-109.80034,35.17069],[-109.80163,35.16907],[-109.80053,35.16737],[-109.79815,35.16729]]]},"properties":{"cell":"8948c80aa4fffff","res":9,"coarsened":false,"count":1,"hv":1,"mp":0,"y0":2025,"y1":2025,"sp":[[23,1,1,0,2025,2025]]}},{"type":"Feature","geometry":{"type":"Polygon","coordinates":[[[-109.79485,35.16218],[-109.79356,35.1638],[-109.79466,35.16551],[-109.79705,35.16559],[-109.79834,35.16396],[-109.79724,35.16226],[-109.79485,35.16218]]]},"properties":{"cell":"8948c80aa5bffff","res":9,"coarsened":false,"count":1,"hv":1,"mp":0,"y0":2025,"y1":2025,"sp":[[13,1,1,0,2025,2025]]}},{"type":"Feature","geometry":{"type":"Polygon","coordinates":[[[-109.81247,35.16777],[-109.81118,35.16939],[-109.81228,35.17109],[-109.81466,35.17117],[-109.81595,35.16955],[-109.81485,35.16785],[-109.81247,35.16777]]]},"properties":{"cell":"8948c80aa3bffff","res":9,"coarsened":false,"count":1,"hv":1,"mp":0,"y0":2025,"y1":2025,"sp":[[23,1,1,0,2025,2025]]}},{"type":"Feature","geometry":{"type":"Polygon","coordinates":[[[-109.80182,35.16575],[-109.80053,35.16737],[-109.80163,35.16907],[-109.80402,35.16915],[-109.80531,35.16753],[-109.80421,35.16583],[-109.80182,35.16575]]]},"properties":{"cell":"8948c80aa47ffff","res":9,"coarsened":false,"count":1,"hv":1,"mp":0,"y0":2025,"y1":2025,"sp":[[122,1,1,0,2025,2025]]}},{"type":"Feature","geometry":{"type":"Polygon","coordinates":[[[-109.80937,35.15934],[-109.80808,35.16096],[-109.80918,35.16266],[-109.81156,35.16274],[-109.81285,35.16112],[-109.81175,35.15942],[-109.80937,35.15934]]]},"properties":{"cell":"8948c80aa13ffff","res":9,"coarsened":false,"count":1,"hv":1,"mp":0,"y0":2025,"y1":2025,"sp":[[13,1,1,0,2025,2025]]}},{"type":"Feature","geometry":{"type":"Polygon","coordinates":[[[-109.59809,34.97214],[-109.5968,34.97376],[-109.5979,34.97547],[-109.60028,34.97555],[-109.60157,34.97393],[-109.60048,34.97222],[-109.59809,34.97214]]]},"properties":{"cell":"8948c8cd983ffff","res":9,"coarsened":false,"count":1,"hv":1,"mp":0,"y0":2026,"y1":2026,"sp":[[212,1,1,0,2026,2026]]}},{"type":"Feature","geometry":{"type":"Polygon","coordinates":[[[-109.85543,35.1692],[-109.85414,35.17082],[-109.85524,35.17252],[-109.85763,35.1726],[-109.85892,35.17098],[-109.85782,35.16928],[-109.85543,35.1692]]]},"properties":{"cell":"8948c80a973ffff","res":9,"coarsened":false,"count":1,"hv":1,"mp":0,"y0":2026,"y1":2026,"sp":[[202,1,1,0,2026,2026]]}},{"type":"Feature","geometry":{"type":"Polygon","coordinates":[[[-109.80314,35.08086],[-109.80185,35.08249],[-109.80295,35.08419],[-109.80533,35.08427],[-109.80662,35.08265],[-109.80552,35.08094],[-109.80314,35.08086]]]},"properties":{"cell":"8948c80a4a7ffff","res":9,"coarsened":false,"count":1,"hv":1,"mp":0,"y0":2026,"y1":2026,"sp":[[180,1,1,0,2026,2026]]}},{"type":"Feature","geometry":{"type":"Polygon","coordinates":[[[-109.82521,34.82154],[-109.82393,34.82317],[-109.82502,34.82487],[-109.8274,34.82495],[-109.82869,34.82333],[-109.82759,34.82162],[-109.82521,34.82154]]]},"properties":{"cell":"8948c8c6e63ffff","res":9,"coarsened":false,"count":1,"hv":1,"mp":0,"y0":2026,"y1":2026,"sp":[[108,1,1,0,2026,2026]]}},{"type":"Feature","geometry":{"type":"Polygon","coordinates":[[[-109.79596,35.01898],[-109.79467,35.0206],[-109.79577,35.0223],[-109.79815,35.02239],[-109.79944,35.02076],[-109.79835,35.01906],[-109.79596,35.01898]]]},"properties":{"cell":"8948c81812bffff","res":9,"coarsened":false,"count":1,"hv":1,"mp":0,"y0":2026,"y1":2026,"sp":[[55,1,1,0,2026,2026]]}},{"type":"Feature","geometry":{"type":"Polygon","coordinates":[[[-109.81059,34.88944],[-109.8093,34.89106],[-109.81039,34.89277],[-109.81277,34.89285],[-109.81406,34.89123],[-109.81297,34.88952],[-109.81059,34.88944]]]},"properties":{"cell":"8948c8c4ab3ffff","res":9,"coarsened":false,"count":1,"hv":1,"mp":0,"y0":2026,"y1":2026,"sp":[[55,1,1,0,2026,2026]]}},{"type":"Feature","geometry":{"type":"Polygon","coordinates":[[[-109.77179,34.94149],[-109.7705,34.94311],[-109.7716,34.94481],[-109.77398,34.9449],[-109.77527,34.94327],[-109.77417,34.94157],[-109.77179,34.94149]]]},"properties":{"cell":"8948c81a29bffff","res":9,"coarsened":false,"count":1,"hv":1,"mp":0,"y0":2026,"y1":2026,"sp":[[56,1,1,0,2026,2026]]}},{"type":"Feature","geometry":{"type":"Polygon","coordinates":[[[-109.76252,34.97785],[-109.76123,34.97947],[-109.76233,34.98117],[-109.76471,34.98125],[-109.766,34.97963],[-109.7649,34.97793],[-109.76252,34.97785]]]},"properties":{"cell":"8948c818447ffff","res":9,"coarsened":false,"count":1,"hv":1,"mp":0,"y0":2026,"y1":2026,"sp":[[87,1,1,0,2026,2026]]}},{"type":"Feature","geometry":{"type":"Polygon","coordinates":[[[-109.75653,35.08095],[-109.75524,35.08258],[-109.75634,35.08428],[-109.75872,35.08436],[-109.76001,35.08274],[-109.75892,35.08103],[-109.75653,35.08095]]]},"properties":{"cell":"8948c80a6d3ffff","res":9,"coarsened":false,"count":1,"hv":1,"mp":0,"y0":2026,"y1":2026,"sp":[[47,1,1,0,2026,2026]]}},{"type":"Feature","geometry":{"type":"Polygon","coordinates":[[[-109.89116,34.79371],[-109.88988,34.79534],[-109.89097,34.79704],[-109.89335,34.79712],[-109.89464,34.79549],[-109.89354,34.79379],[-109.89116,34.79371]]]},"properties":{"cell":"8948c8893afffff","res":9,"coarsened":false,"count":1,"hv":1,"mp":0,"y0":2026,"y1":2026,"sp":[[19,1,1,0,2026,2026]]}},{"type":"Feature","geometry":{"type":"Polygon","coordinates":[[[-109.78839,34.90203],[-109.7871,34.90366],[-109.7882,34.90536],[-109.79058,34.90544],[-109.79186,34.90382],[-109.79077,34.90211],[-109.78839,34.90203]]]},"properties":{"cell":"8948c8c59b7ffff","res":9,"coarsened":false,"count":1,"hv":1,"mp":0,"y0":2026,"y1":2026,"sp":[[10,1,1,0,2026,2026]]}},{"type":"Feature","geometry":{"type":"Polygon","coordinates":[[[-109.78222,34.94684],[-109.78093,34.94847],[-109.78203,34.95017],[-109.78441,34.95025],[-109.7857,34.94863],[-109.7846,34.94692],[-109.78222,34.94684]]]},"properties":{"cell":"8948c81a2b3ffff","res":9,"coarsened":false,"count":1,"hv":1,"mp":0,"y0":2025,"y1":2025,"sp":[[7,1,1,0,2025,2025]]}},{"type":"Feature","geometry":{"type":"Polygon","coordinates":[[[-109.74416,34.98555],[-109.74288,34.98718],[-109.74397,34.98888],[-109.74635,34.98896],[-109.74764,34.98734],[-109.74655,34.98564],[-109.74416,34.98555]]]},"properties":{"cell":"8948c818603ffff","res":9,"coarsened":false,"count":1,"hv":1,"mp":0,"y0":2026,"y1":2026,"sp":[[7,1,1,0,2026,2026]]}},{"type":"Feature","geometry":{"type":"Polygon","coordinates":[[[-109.7517,34.97914],[-109.75041,34.98077],[-109.75151,34.98247],[-109.75389,34.98255],[-109.75518,34.98093],[-109.75408,34.97923],[-109.7517,34.97914]]]},"properties":{"cell":"8948c818687ffff","res":9,"coarsened":false,"count":1,"hv":1,"mp":0,"y0":2026,"y1":2026,"sp":[[65,1,1,0,2026,2026]]}},{"type":"Feature","geometry":{"type":"Polygon","coordinates":[[[-109.76117,35.00113],[-109.75988,35.00276],[-109.76098,35.00446],[-109.76336,35.00454],[-109.76465,35.00292],[-109.76355,35.00122],[-109.76117,35.00113]]]},"properties":{"cell":"8948c818047ffff","res":9,"coarsened":false,"count":1,"hv":1,"mp":0,"y0":2026,"y1":2026,"sp":[[108,1,1,0,2026,2026]]}},{"type":"Feature","geometry":{"type":"Polygon","coordinates":[[[-109.80593,34.84592],[-109.80465,34.84754],[-109.80574,34.84925],[-109.80812,34.84933],[-109.80941,34.8477],[-109.80831,34.846],[-109.80593,34.84592]]]},"properties":{"cell":"8948c8c4117ffff","res":9,"coarsened":false,"count":1,"hv":1,"mp":0,"y0":2026,"y1":2026,"sp":[[35,1,1,0,2026,2026]]}},{"type":"Feature","geometry":{"type":"Polygon","coordinates":[[[-109.80796,35.05937],[-109.80668,35.06099],[-109.80777,35.0627],[-109.81016,35.06278],[-109.81145,35.06115],[-109.81035,35.05945],[-109.80796,35.05937]]]},"properties":{"cell":"8948c818bd3ffff","res":9,"coarsened":false,"count":1,"hv":1,"mp":0,"y0":2026,"y1":2026,"sp":[[7,1,1,0,2026,2026]]}},{"type":"Feature","geometry":{"type":"Polygon","coordinates":[[[-109.77796,34.89667],[-109.77667,34.8983],[-109.77777,34.9],[-109.78015,34.90008],[-109.78144,34.89846],[-109.78034,34.89676],[-109.77796,34.89667]]]},"properties":{"cell":"8948c8c5983ffff","res":9,"coarsened":false,"count":1,"hv":1,"mp":0,"y0":2026,"y1":2026,"sp":[[27,1,1,0,2026,2026]]}},{"type":"Feature","geometry":{"type":"Polygon","coordinates":[[[-109.76561,34.98629],[-109.76432,34.98791],[-109.76542,34.98961],[-109.7678,34.98969],[-109.76909,34.98807],[-109.768,34.98637],[-109.76561,34.98629]]]},"properties":{"cell":"8948c81846fffff","res":9,"coarsened":false,"count":1,"hv":1,"mp":0,"y0":2024,"y1":2024,"sp":[[7,1,1,0,2024,2024]]}},{"type":"Feature","geometry":{"type":"Polygon","coordinates":[[[-109.83102,34.84509],[-109.82973,34.84672],[-109.83083,34.84842],[-109.83321,34.8485],[-109.83449,34.84688],[-109.8334,34.84517],[-109.83102,34.84509]]]},"properties":{"cell":"8948c8c6a2bffff","res":9,"coarsened":false,"count":1,"hv":1,"mp":0,"y0":2024,"y1":2024,"sp":[[19,1,1,0,2024,2024]]}},{"type":"Feature","geometry":{"type":"Polygon","coordinates":[[[-109.70997,34.95771],[-109.70868,34.95933],[-109.70978,34.96104],[-109.71216,34.96112],[-109.71345,34.9595],[-109.71236,34.95779],[-109.70997,34.95771]]]},"properties":{"cell":"8948c81b2b7ffff","res":9,"coarsened":false,"count":1,"hv":1,"mp":0,"y0":2026,"y1":2026,"sp":[[48,1,1,0,2026,2026]]}},{"type":"Feature","geometry":{"type":"Polygon","coordinates":[[[-109.76735,34.95634],[-109.76606,34.95796],[-109.76716,34.95967],[-109.76954,34.95975],[-109.77083,34.95813],[-109.76973,34.95642],[-109.76735,34.95634]]]},"properties":{"cell":"8948c81a273ffff","res":9,"coarsened":false,"count":5,"hv":5,"mp":0,"y0":1994,"y1":2008,"sp":[[27,2,2,0,1994,1997],[7,1,1,0,2008,2008],[28,1,1,0,2008,2008],[48,1,1,0,2008,2008]]}},{"type":"Feature","geometry":{"type":"Polygon","coordinates":[[[-109.76136,34.93613],[-109.76007,34.93775],[-109.76117,34.93946],[-109.76355,34.93954],[-109.76484,34.93792],[-109.76374,34.93621],[-109.76136,34.93613]]]},"properties":{"cell":"8948c81b5b7ffff","res":9,"coarsened":false,"count":1,"hv":1,"mp":0,"y0":2024,"y1":2024,"sp":[[7,1,1,0,2024,2024]]}},{"type":"Feature","geometry":{"type":"Polygon","coordinates":[[[-109.79791,35.04737],[-109.79662,35.04899],[-109.79771,35.0507],[-109.8001,35.05078],[-109.80139,35.04915],[-109.80029,35.04745],[-109.79791,35.04737]]]},"properties":{"cell":"8948c818a97ffff","res":9,"coarsened":false,"count":1,"hv":1,"mp":0,"y0":2017,"y1":2017,"sp":[[205,1,1,0,2017,2017]]}},{"type":"Feature","geometry":{"type":"Polygon","coordinates":[[[-109.8199,34.97645],[-109.81862,34.97808],[-109.81971,34.97978],[-109.82209,34.97986],[-109.82338,34.97824],[-109.82229,34.97653],[-109.8199,34.97645]]]},"properties":{"cell":"8948c81ae03ffff","res":9,"coarsened":false,"count":1,"hv":1,"mp":0,"y0":null,"y1":null,"sp":[[93,1,1,0,null,null]]}}],"park":"petrified_forest","h3_res":9,"species_index":[{"n":"Antrozous pallidus","c":"Pallid Bat","k":"Mammalia"},{"n":"Myotis californicus","c":"California Myotis","k":"Mammalia"},{"n":"Geococcyx californianus","c":"Greater Roadrunner","k":"Aves"},{"n":"Corthylio calendula","c":"Ruby-crowned Kinglet","k":"Aves"},{"n":"Zonotrichia querula","c":"Harris's Sparrow","k":"Aves"},{"n":"Erethizon dorsatum","c":"North American Porcupine","k":"Mammalia"},{"n":"Bubo virginianus","c":"Great Horned Owl","k":"Aves"},{"n":"Corvus corax","c":"Common Raven","k":"Aves"},{"n":"Sylvilagus audubonii","c":"Desert Cottontail","k":"Mammalia"},{"n":"Setophaga occidentalis","c":"Hermit Warbler","k":"Aves"},{"n":"Dipodomys ordii","c":"Ord's Kangaroo Rat","k":"Mammalia"},{"n":"Peromyscus boylii","c":"Brush Deermouse","k":"Mammalia"},{"n":"Peromyscus sonoriensis","c":"Western Deer Mouse","k":"Mammalia"},{"n":"Canis latrans","c":"Coyote","k":"Mammalia"},{"n":"Zonotrichia leucophrys","c":"White-crowned Sparrow","k":"Aves"},{"n":"Athene cunicularia","c":"Burrowing Owl","k":"Aves"},{"n":"Junco hyemalis","c":"Dark-eyed Junco","k":"Aves"},{"n":"Catharus guttatus","c":"Hermit Thrush","k":"Aves"},{"n":"Haemorhous mexicanus","c":"House Finch","k":"Aves"},{"n":"Eremophila alpestris","c":"Horned Lark","k":"Aves"},{"n":"Callipepla squamata","c":"Scaled Quail","k":"Aves"},{"n":"Ixoreus naevius","c":"Varied Thrush","k":"Aves"},{"n":"Buteo jamaicensis","c":"Red-tailed Hawk","k":"Aves"},{"n":"Odocoileus hemionus","c":"Mule Deer","k":"Mammalia"},{"n":"Lanius ludovicianus","c":"Loggerhead Shrike","k":"Aves"},{"n":"Spatula discors","c":"Blue-winged Teal","k":"Aves"},{"n":"Sturnella neglecta","c":"Western Meadowlark","k":"Aves"},{"n":"Antilocapra americana","c":"Pronghorn","k":"Mammalia"},{"n":"Cathartes aura","c":"Turkey Vulture","k":"Aves"},{"n":"Setophaga coronata","c":"Audubon's Warbler","k":"Aves"},{"n":"Streptopelia decaocto","c":"Eurasian Collared-Dove","k":"Aves"},{"n":"Recurvirostra americana","c":"American Avocet","k":"Aves"},{"n":"Contopus cooperi","c":"Olive-sided Flycatcher","k":"Aves"},{"n":"Passer domesticus","c":"House Sparrow","k":"Aves"},{"n":"Hirundo rustica","c":"Barn Swallow","k":"Aves"},{"n":"Sayornis saya","c":"Say's Phoebe","k":"Aves"},{"n":"Otospermophilus variegatus","c":"Rock Squirrel","k":"Mammalia"},{"n":"Mimus polyglottos","c":"Northern Mockingbird","k":"Aves"},{"n":"Cynomys gunnisoni","c":"Gunnison's Prairie Dog","k":"Mammalia"},{"n":"Selasphorus rufus","c":"Rufous Hummingbird","k":"Aves"},{"n":"Piranga ludoviciana","c":"Western Tanager","k":"Aves"},{"n":"Chondestes grammacus","c":"Lark Sparrow","k":"Aves"},{"n":"Molothrus ater","c":"Brown-headed Cowbird","k":"Aves"},{"n":"Buteo swainsoni","c":"Swainson's Hawk","k":"Aves"},{"n":"Lynx rufus","c":"Bobcat","k":"Mammalia"},{"n":"Icteria virens","c":"Yellow-breasted Chat","k":"Aves"},{"n":"Astur cooperii","c":"Cooper's Hawk","k":"Aves"},{"n":"Circus hudsonius","c":"Northern Harrier","k":"Aves"},{"n":"Falco sparverius","c":"American Kestrel","k":"Aves"},{"n":"Oreoscoptes montanus","c":"Sage Thrasher","k":"Aves"},{"n":"Pooecetes gramineus","c":"Vesper Sparrow","k":"Aves"},{"n":"Sturnus vulgaris","c":"European Starling","k":"Aves"},{"n":"Columba livia","c":"Feral Pigeon","k":"Aves"},{"n":"Turdus migratorius","c":"American Robin","k":"Aves"},{"n":"Sphyrapicus nuchalis","c":"Red-naped Sapsucker","k":"Aves"},{"n":"Salpinctes obsoletus","c":"Rock Wren","k":"Aves"},{"n":"Amphispiza bilineata","c":"Black-throated Sparrow","k":"Aves"},{"n":"Xanthocephalus xanthocephalus","c":"Yellow-headed Blackbird","k":"Aves"},{"n":"Calamospiza melanocorys","c":"Lark Bunting","k":"Aves"},{"n":"Spinus pinus","c":"Pine Siskin","k":"Aves"},{"n":"Euphagus cyanocephalus","c":"Brewer's Blackbird","k":"Aves"},{"n":"Melospiza lincolnii","c":"Lincoln's Sparrow","k":"Aves"},{"n":"Oxyura jamaicensis","c":"Ruddy Duck","k":"Aves"},{"n":"Phalaropus tricolor","c":"Wilson's Phalarope","k":"Aves"},{"n":"Quiscalus mexicanus","c":"Great-tailed Grackle","k":"Aves"},{"n":"Ammospermophilus leucurus","c":"White-tailed Antelope Squirrel","k":"Mammalia"},{"n":"Piranga rubra","c":"Summer Tanager","k":"Aves"},{"n":"Vireo vicinior","c":"Gray Vireo","k":"Aves"},{"n":"Polioptila caerulea","c":"Blue-gray Gnatcatcher","k":"Aves"},{"n":"Empidonax wrightii","c":"Gray Flycatcher","k":"Aves"},{"n":"Spinus psaltria","c":"Lesser Goldfinch","k":"Aves"},{"n":"Archilochus alexandri","c":"Black-chinned Hummingbird","k":"Aves"},{"n":"Icterus bullockii","c":"Bullock's Oriole","k":"Aves"},{"n":"Tyrannus verticalis","c":"Western Kingbird","k":"Aves"},{"n":"Lepus californicus","c":"Black-tailed Jackrabbit","k":"Mammalia"},{"n":"Pheucticus melanocephalus","c":"Black-headed Grosbeak","k":"Aves"},{"n":"Passerina amoena","c":"Lazuli Bunting","k":"Aves"},{"n":"Chordeiles minor","c":"Common Nighthawk","k":"Aves"},{"n":"Actitis macularius","c":"Spotted Sandpiper","k":"Aves"},{"n":"Tringa melanoleuca","c":"Greater Yellowlegs","k":"Aves"},{"n":"Reithrodontomys megalotis","c":"Western Harvest Mouse","k":"Mammalia"},{"n":"Tyto furcata","c":"American Barn Owl","k":"Aves"},{"n":"Geothlypis trichas","c":"Common Yellowthroat","k":"Aves"},{"n":"Calidris mauri","c":"Western Sandpiper","k":"Aves"},{"n":"Tachycineta thalassina","c":"Violet-green Swallow","k":"Aves"},{"n":"Empidonax difficilis","c":"Western Flycatcher","k":"Aves"},{"n":"Troglodytes aedon","c":"Northern House Wren","k":"Aves"},{"n":"Colaptes auratus","c":"Northern Flicker","k":"Aves"},{"n":"Pheucticus ludovicianus","c":"Rose-breasted Grosbeak","k":"Aves"},{"n":"Pipilo chlorurus","c":"Green-tailed Towhee","k":"Aves"},{"n":"Bombycilla cedrorum","c":"Cedar Waxwing","k":"Aves"},{"n":"Cardellina pusilla","c":"Wilson's Warbler","k":"Aves"},{"n":"Phalaenoptilus nuttallii","c":"Common Poorwill","k":"Aves"},{"n":"Charadrius vociferus","c":"Killdeer","k":"Aves"},{"n":"Spizella breweri","c":"Brewer's Sparrow","k":"Aves"},{"n":"Pipilo maculatus","c":"Spotted Towhee","k":"Aves"},{"n":"Spizella passerina","c":"Chipping Sparrow","k":"Aves"},{"n":"Sialia mexicana","c":"Western Bluebird","k":"Aves"},{"n":"Sialia currucoides","c":"Mountain Bluebird","k":"Aves"},{"n":"Sphyrapicus thyroideus","c":"Williamson's Sapsucker","k":"Aves"},{"n":"Artemisiospiza nevadensis","c":"Sagebrush Sparrow","k":"Aves"},{"n":"Aquila chrysaetos","c":"Golden Eagle","k":"Aves"},{"n":"Anas platyrhynchos","c":"Mallard","k":"Aves"},{"n":"Toxostoma crissale","c":"Crissal Thrasher","k":"Aves"},{"n":"Spatula cyanoptera","c":"Cinnamon Teal","k":"Aves"},{"n":"Anas crecca","c":"Green-winged Teal","k":"Aves"},{"n":"Aythya affinis","c":"Lesser Scaup","k":"Aves"},{"n":"Agelaius phoeniceus","c":"Red-winged Blackbird","k":"Aves"},{"n":"Melozone fusca","c":"Canyon Towhee","k":"Aves"},{"n":"Sturnella lilianae","c":"Lilian's Meadowlark","k":"Aves"},{"n":"Zenaida macroura","c":"Mourning Dove","k":"Aves"},{"n":"Plegadis chihi","c":"White-faced Ibis","k":"Aves"},{"n":"Leucophaeus pipixcan","c":"Franklin's Gull","k":"Aves"},{"n":"Larus delawarensis","c":"Ring-billed Gull","k":"Aves"},{"n":"Sylvilagus nuttallii","c":"Mountain Cottontail","k":"Mammalia"},{"n":"Myiarchus cinerascens","c":"Ash-throated Flycatcher","k":"Aves"},{"n":"Phalaropus lobatus","c":"Red-necked Phalarope","k":"Aves"},{"n":"Fulica americana","c":"American Coot","k":"Aves"},{"n":"Empidonax traillii","c":"Willow Flycatcher","k":"Aves"},{"n":"Butorides virescens","c":"Green Heron","k":"Aves"},{"n":"Tachycineta bicolor","c":"Tree Swallow","k":"Aves"},{"n":"Petrochelidon pyrrhonota","c":"Cliff Swallow","k":"Aves"},{"n":"Cervus canadensis","c":"Wapiti","k":"Mammalia"},{"n":"Sitta canadensis","c":"Red-breasted Nuthatch","k":"Aves"},{"n":"Contopus sordidulus","c":"Western Wood-Pewee","k":"Aves"},{"n":"Ardea herodias","c":"Great Blue Heron","k":"Aves"},{"n":"Falco mexicanus","c":"Prairie Falcon","k":"Aves"},{"n":"Empidonax oberholseri","c":"Dusky Flycatcher","k":"Aves"},{"n":"Empidonax","c":"Empidonax Flycatchers","k":"Aves"},{"n":"Geothlypis tolmiei","c":"MacGillivray's Warbler","k":"Aves"},{"n":"Vireo swainsoni","c":"Western Warbling Vireo","k":"Aves"},{"n":"Vireo plumbeus","c":"Plumbeous Vireo","k":"Aves"},{"n":"Setophaga aestiva","c":"Northern Yellow Warbler","k":"Aves"},{"n":"Setophaga nigrescens","c":"Black-throated Gray Warbler","k":"Aves"},{"n":"Calidris minutilla","c":"Least Sandpiper","k":"Aves"},{"n":"Melanerpes formicivorus","c":"Acorn Woodpecker","k":"Aves"},{"n":"Certhia americana","c":"Brown Creeper","k":"Aves"},{"n":"Calidris bairdii","c":"Baird's Sandpiper","k":"Aves"},{"n":"Spatula clypeata","c":"Northern Shoveler","k":"Aves"},{"n":"Melanerpes lewis","c":"Lewis's Woodpecker","k":"Aves"},{"n":"Empidonax hammondii","c":"Hammond's Flycatcher","k":"Aves"},{"n":"Aphelocoma woodhouseii","c":"Woodhouse's Scrub-Jay","k":"Aves"},{"n":"Myadestes townsendi","c":"Townsend's Solitaire","k":"Aves"},{"n":"Regulus satrapa","c":"Golden-crowned Kinglet","k":"Aves"},{"n":"Limnodromus scolopaceus","c":"Long-billed Dowitcher","k":"Aves"},{"n":"Troglodytes pacificus","c":"Pacific Wren","k":"Aves"},{"n":"Anthus rubescens","c":"American Pipit","k":"Aves"},{"n":"Thryomanes bewickii","c":"Bewick's Wren","k":"Aves"},{"n":"Passerculus sandwichensis","c":"Savannah Sparrow","k":"Aves"},{"n":"Megascops kennicottii","c":"Western Screech-Owl","k":"Aves"},{"n":"Haemorhous cassinii","c":"Cassin's Finch","k":"Aves"},{"n":"Aegolius acadicus","c":"Northern Saw-whet Owl","k":"Aves"},{"n":"Zonotrichia albicollis","c":"White-throated Sparrow","k":"Aves"},{"n":"Catherpes mexicanus","c":"Canyon Wren","k":"Aves"},{"n":"Spinus tristis","c":"American Goldfinch","k":"Aves"},{"n":"Melospiza melodia","c":"Song Sparrow","k":"Aves"},{"n":"Sphyrapicus varius","c":"Yellow-bellied Sapsucker","k":"Aves"},{"n":"Mareca strepera","c":"Gadwall","k":"Aves"},{"n":"Egretta thula","c":"Snowy Egret","k":"Aves"},{"n":"Icterus parisorum","c":"Scott's Oriole","k":"Aves"},{"n":"Hesperiphona vespertina","c":"Evening Grosbeak","k":"Aves"},{"n":"Selasphorus platycercus","c":"Broad-tailed Hummingbird","k":"Aves"},{"n":"Setophaga townsendi","c":"Townsend's Warbler","k":"Aves"},{"n":"Zenaida asiatica","c":"White-winged Dove","k":"Aves"},{"n":"Parastrellus hesperus","c":"Canyon Bat","k":"Mammalia"},{"n":"Icterus galbula","c":"Baltimore Oriole","k":"Aves"},{"n":"Pyrocephalus rubinus","c":"Vermilion Flycatcher","k":"Aves"},{"n":"Piranga flava","c":"Hepatic Tanager","k":"Aves"},{"n":"Riparia riparia","c":"Bank Swallow","k":"Aves"},{"n":"Setophaga americana","c":"Northern Parula","k":"Aves"},{"n":"Passerina caerulea","c":"Blue Grosbeak","k":"Aves"},{"n":"Tyrannus vociferans","c":"Cassin's Kingbird","k":"Aves"},{"n":"Seiurus aurocapilla","c":"Ovenbird","k":"Aves"},{"n":"Pluvialis dominica","c":"American Golden-Plover","k":"Aves"},{"n":"Charadrius semipalmatus","c":"Semipalmated Plover","k":"Aves"},{"n":"Tringa solitaria","c":"Solitary Sandpiper","k":"Aves"},{"n":"Parkesia noveboracensis","c":"Northern Waterthrush","k":"Aves"},{"n":"Leiothlypis virginiae","c":"Virginia's Warbler","k":"Aves"},{"n":"Leiothlypis ruficapilla","c":"Nashville Warbler","k":"Aves"},{"n":"Xerospermophilus spilosoma","c":"Spotted Ground Squirrel","k":"Mammalia"},{"n":"Equus caballus","c":"Domestic Horse","k":"Mammalia"},{"n":"Calidris","c":"Calidris Sandpipers","k":"Aves"},{"n":"Sitta carolinensis","c":"White-breasted Nuthatch","k":"Aves"},{"n":"Corynorhinus townsendii","c":"Townsend's Big-eared Bat","k":"Mammalia"},{"n":"Tadarida brasiliensis","c":"Mexican Free-tailed Bat","k":"Mammalia"},{"n":"Podilymbus podiceps","c":"Pied-billed Grebe","k":"Aves"},{"n":"Calidris himantopus","c":"Stilt Sandpiper","k":"Aves"},{"n":"Vireo cassinii","c":"Cassin's Vireo","k":"Aves"},{"n":"Setophaga pensylvanica","c":"Chestnut-sided Warbler","k":"Aves"},{"n":"Mniotilta varia","c":"Black-and-white Warbler","k":"Aves"},{"n":"Myotis","c":"Mouse-eared Bats","k":"Mammalia"},{"n":"Perognathus flavus","c":"Silky Pocket Mouse","k":"Mammalia"},{"n":"Buteo regalis","c":"Ferruginous Hawk","k":"Aves"},{"n":"Phainopepla nitens","c":"Phainopepla","k":"Aves"},{"n":"Procyon lotor","c":"Common Raccoon","k":"Mammalia"},{"n":"Taxidea taxus","c":"American Badger","k":"Mammalia"},{"n":"Lophodytes cucullatus","c":"Hooded Merganser","k":"Aves"},{"n":"Pecari tajacu","c":"Collared Peccary","k":"Mammalia"},{"n":"Icterus cucullatus","c":"Hooded Oriole","k":"Aves"},{"n":"Aythya americana","c":"Redhead","k":"Aves"},{"n":"Baeolophus ridgwayi","c":"Juniper Titmouse","k":"Aves"},{"n":"Cyanocitta stelleri","c":"Steller's Jay","k":"Aves"},{"n":"Vulpes macrotis","c":"Kit Fox","k":"Mammalia"},{"n":"Poecile gambeli","c":"Mountain Chickadee","k":"Aves"},{"n":"Aythya valisineria","c":"Canvasback","k":"Aves"},{"n":"Pica hudsonia","c":"Black-billed Magpie","k":"Aves"},{"n":"Myotis thysanodes","c":"Fringed Myotis","k":"Mammalia"},{"n":"Leuconotopicus villosus","c":"Hairy Woodpecker","k":"Aves"},{"n":"Callipepla gambelii","c":"Gambel's Quail","k":"Aves"},{"n":"Peromyscus truei","c":"Pinyon Deermouse","k":"Mammalia"},{"n":"Lasiurus cinereus","c":"Northern Hoary Bat","k":"Mammalia"},{"n":"Bos taurus","c":"Domestic Cattle","k":"Mammalia"},{"n":"Anas acuta","c":"Northern Pintail","k":"Aves"},{"n":"Mergus serrator","c":"Red-breasted Merganser","k":"Aves"},{"n":"Megaceryle alcyon","c":"Belted Kingfisher","k":"Aves"},{"n":"Canis familiaris","c":"Domestic Dog","k":"Mammalia"},{"n":"Ursus americanus","c":"American Black Bear","k":"Mammalia"},{"n":"Circus cyaneus","c":"Northern Harrier","k":"Aves"},{"n":"Corvus brachyrhynchos","c":"American Crow","k":"Aves"}],"entry":["species_index","count","human_verified","model_predicted","first_year","last_year"],"suppressed":{"excluded":{},"coarsened":{}},"merged_names":{"Columba livia domestica":"Columba livia","Setophaga coronata coronata":"Setophaga coronata","Junco hyemalis mearnsi":"Junco hyemalis","Junco hyemalis caniceps":"Junco hyemalis","Hirundo rustica erythrogaster":"Hirundo rustica","Sturnella lilianae lilianae":"Sturnella lilianae","Setophaga coronata auduboni":"Setophaga coronata","Junco hyemalis hyemalis":"Junco hyemalis","Odocoileus hemionus hemionus":"Odocoileus hemionus","Antilocapra americana americana":"Antilocapra americana","Buteo jamaicensis calurus":"Buteo jamaicensis","Aquila chrysaetos canadensis":"Aquila chrysaetos","Corvus corax sinuatus":"Corvus corax","Cervus canadensis canadensis":"Cervus canadensis"}}