{"type":"FeatureCollection","features":[{"type":"Feature","geometry":{"type":"Polygon","coordinates":[[[-154.84956,67.49476],[-154.85262,67.4933],[-154.85097,67.49163],[-154.84627,67.49143],[-154.84322,67.49289],[-154.84486,67.49455],[-154.84956,67.49476]]]},"properties":{"cell":"890c2096143ffff","res":9,"coarsened":false,"count":7,"hv":7,"mp":0,"y0":2011,"y1":2011,"sp":[[0,1,1,0,2011,2011],[1,1,1,0,2011,2011],[2,1,1,0,2011,2011],[3,1,1,0,2011,2011],[4,1,1,0,2011,2011],[5,1,1,0,2011,2011],[34,1,1,0,2011,2011]]}},{"type":"Feature","geometry":{"type":"Polygon","coordinates":[[[-154.87212,67.54034],[-154.94791,67.52129],[-154.94614,67.48777],[-154.86884,67.4733],[-154.79317,67.4923],[-154.79469,67.52581],[-154.87212,67.54034]]]},"properties":{"cell":"860c20967ffffff","res":6,"coarsened":true,"count":1,"hv":1,"mp":0,"y0":2011,"y1":2011,"sp":[[6,1,1,0,2011,2011]]}},{"type":"Feature","geometry":{"type":"Polygon","coordinates":[[[-151.73883,68.14026],[-151.74216,68.13887],[-151.74074,68.13717],[-151.73598,68.13687],[-151.73264,68.13827],[-151.73407,68.13996],[-151.73883,68.14026]]]},"properties":{"cell":"890d0b266cfffff","res":9,"coarsened":false,"count":9,"hv":9,"mp":0,"y0":2016,"y1":2016,"sp":[[13,2,2,0,2016,2016],[14,2,2,0,2016,2016],[7,1,1,0,2016,2016],[8,1,1,0,2016,2016],[15,1,1,0,2016,2016],[24,1,1,0,2016,2016],[12,1,1,0,2016,2016]]}},{"type":"Feature","geometry":{"type":"Polygon","coordinates":[[[-151.73502,68.14645],[-151.73835,68.14505],[-151.73692,68.14336],[-151.73216,68.14306],[-151.72883,68.14446],[-151.73025,68.14615],[-151.73502,68.14645]]]},"properties":{"cell":"890d0b266d3ffff","res":9,"coarsened":false,"count":3,"hv":3,"mp":0,"y0":2016,"y1":2026,"sp":[[8,1,1,0,2016,2016],[38,1,1,0,2016,2016],[11,1,1,0,2026,2026]]}},{"type":"Feature","geometry":{"type":"Polygon","coordinates":[[[-151.74311,68.14535],[-151.74645,68.14396],[-151.74502,68.14226],[-151.74026,68.14196],[-151.73692,68.14336],[-151.73835,68.14505],[-151.74311,68.14535]]]},"properties":{"cell":"890d0b266dbffff","res":9,"coarsened":false,"count":4,"hv":4,"mp":0,"y0":2016,"y1":2016,"sp":[[4,2,2,0,2016,2016],[9,1,1,0,2016,2016],[7,1,1,0,2016,2016]]}},{"type":"Feature","geometry":{"type":"Polygon","coordinates":[[[-151.73074,68.14136],[-151.73407,68.13996],[-151.73264,68.13827],[-151.72788,68.13797],[-151.72455,68.13937],[-151.72597,68.14106],[-151.73074,68.14136]]]},"properties":{"cell":"890d0b266c7ffff","res":9,"coarsened":false,"count":5,"hv":5,"mp":0,"y0":2016,"y1":2016,"sp":[[10,1,1,0,2016,2016],[17,1,1,0,2016,2016],[18,1,1,0,2016,2016],[19,1,1,0,2016,2016],[0,1,1,0,2016,2016]]}},{"type":"Feature","geometry":{"type":"Polygon","coordinates":[[[-151.72883,68.14446],[-151.73216,68.14306],[-151.73074,68.14136],[-151.72597,68.14106],[-151.72264,68.14246],[-151.72407,68.14416],[-151.72883,68.14446]]]},"properties":{"cell":"890d0b266d7ffff","res":9,"coarsened":false,"count":2,"hv":2,"mp":0,"y0":2016,"y1":2016,"sp":[[11,1,1,0,2016,2016],[8,1,1,0,2016,2016]]}},{"type":"Feature","geometry":{"type":"Polygon","coordinates":[[[-151.73692,68.14336],[-151.74026,68.14196],[-151.73883,68.14026],[-151.73407,68.13996],[-151.73074,68.14136],[-151.73216,68.14306],[-151.73692,68.14336]]]},"properties":{"cell":"890d0b266c3ffff","res":9,"coarsened":false,"count":7,"hv":7,"mp":0,"y0":2016,"y1":2016,"sp":[[8,4,4,0,2016,2016],[12,1,1,0,2016,2016],[13,1,1,0,2016,2016],[10,1,1,0,2016,2016]]}},{"type":"Feature","geometry":{"type":"Polygon","coordinates":[[[-151.7474,68.15044],[-151.75073,68.14904],[-151.7493,68.14735],[-151.74454,68.14705],[-151.74121,68.14845],[-151.74263,68.15014],[-151.7474,68.15044]]]},"properties":{"cell":"890d0b35ba3ffff","res":9,"coarsened":false,"count":7,"hv":7,"mp":0,"y0":2016,"y1":2016,"sp":[[1,2,2,0,2016,2016],[7,2,2,0,2016,2016],[11,1,1,0,2016,2016],[9,1,1,0,2016,2016],[16,1,1,0,2016,2016]]}},{"type":"Feature","geometry":{"type":"Polygon","coordinates":[[[-151.70645,68.14465],[-151.70978,68.14326],[-151.70836,68.14156],[-151.7036,68.14126],[-151.70026,68.14266],[-151.70169,68.14435],[-151.70645,68.14465]]]},"properties":{"cell":"890d0b26697ffff","res":9,"coarsened":false,"count":2,"hv":2,"mp":0,"y0":2016,"y1":2016,"sp":[[8,1,1,0,2016,2016],[1,1,1,0,2016,2016]]}},{"type":"Feature","geometry":{"type":"Polygon","coordinates":[[[-151.70217,68.13956],[-151.70551,68.13817],[-151.70409,68.13647],[-151.69933,68.13617],[-151.69599,68.13757],[-151.69741,68.13926],[-151.70217,68.13956]]]},"properties":{"cell":"890d0b266b3ffff","res":9,"coarsened":false,"count":1,"hv":1,"mp":0,"y0":2016,"y1":2016,"sp":[[10,1,1,0,2016,2016]]}},{"type":"Feature","geometry":{"type":"Polygon","coordinates":[[[-151.76359,68.14824],[-151.76693,68.14685],[-151.7655,68.14515],[-151.76073,68.14485],[-151.7574,68.14625],[-151.75883,68.14795],[-151.76359,68.14824]]]},"properties":{"cell":"890d0b35b07ffff","res":9,"coarsened":false,"count":2,"hv":2,"mp":0,"y0":2016,"y1":2016,"sp":[[1,1,1,0,2016,2016],[9,1,1,0,2016,2016]]}},{"type":"Feature","geometry":{"type":"Polygon","coordinates":[[[-151.71836,68.13737],[-151.7217,68.13597],[-151.72027,68.13428],[-151.71551,68.13398],[-151.71218,68.13537],[-151.7136,68.13707],[-151.71836,68.13737]]]},"properties":{"cell":"890d0b26617ffff","res":9,"coarsened":false,"count":1,"hv":1,"mp":0,"y0":2016,"y1":2016,"sp":[[9,1,1,0,2016,2016]]}},{"type":"Feature","geometry":{"type":"Polygon","coordinates":[[[-151.74121,68.14845],[-151.74454,68.14705],[-151.74311,68.14535],[-151.73835,68.14505],[-151.73502,68.14645],[-151.73644,68.14815],[-151.74121,68.14845]]]},"properties":{"cell":"890d0b35ba7ffff","res":9,"coarsened":false,"count":2,"hv":2,"mp":0,"y0":2016,"y1":2016,"sp":[[11,1,1,0,2016,2016],[17,1,1,0,2016,2016]]}},{"type":"Feature","geometry":{"type":"Polygon","coordinates":[[[-151.74502,68.14226],[-151.74835,68.14086],[-151.74693,68.13917],[-151.74216,68.13887],[-151.73883,68.14026],[-151.74026,68.14196],[-151.74502,68.14226]]]},"properties":{"cell":"890d0b266cbffff","res":9,"coarsened":false,"count":2,"hv":2,"mp":0,"y0":2016,"y1":2016,"sp":[[10,2,2,0,2016,2016]]}},{"type":"Feature","geometry":{"type":"Polygon","coordinates":[[[-151.73264,68.13827],[-151.73598,68.13687],[-151.73455,68.13517],[-151.72979,68.13488],[-151.72646,68.13627],[-151.72788,68.13797],[-151.73264,68.13827]]]},"properties":{"cell":"890d0b2661bffff","res":9,"coarsened":false,"count":2,"hv":2,"mp":0,"y0":2016,"y1":2016,"sp":[[5,1,1,0,2016,2016],[20,1,1,0,2016,2016]]}},{"type":"Feature","geometry":{"type":"Polygon","coordinates":[[[-151.74074,68.13717],[-151.74407,68.13577],[-151.74264,68.13408],[-151.73788,68.13378],[-151.73455,68.13517],[-151.73598,68.13687],[-151.74074,68.13717]]]},"properties":{"cell":"890d0b26657ffff","res":9,"coarsened":false,"count":2,"hv":2,"mp":0,"y0":2012,"y1":2016,"sp":[[21,1,1,0,2016,2016],[1,1,1,0,2012,2012]]}},{"type":"Feature","geometry":{"type":"Polygon","coordinates":[[[-151.75074,68.13298],[-151.75407,68.13158],[-151.75264,68.12988],[-151.74788,68.12959],[-151.74455,68.13098],[-151.74598,68.13268],[-151.75074,68.13298]]]},"properties":{"cell":"890d0b2664fffff","res":9,"coarsened":false,"count":11,"hv":11,"mp":0,"y0":2016,"y1":2016,"sp":[[13,3,3,0,null,null],[0,3,3,0,null,null],[18,2,2,0,null,null],[22,1,1,0,2016,2016],[19,1,1,0,null,null],[17,1,1,0,null,null]]}},{"type":"Feature","geometry":{"type":"Polygon","coordinates":[[[-151.74693,68.13917],[-151.75026,68.13777],[-151.74883,68.13607],[-151.74407,68.13577],[-151.74074,68.13717],[-151.74216,68.13887],[-151.74693,68.13917]]]},"properties":{"cell":"890d0b26653ffff","res":9,"coarsened":false,"count":1,"hv":1,"mp":0,"y0":2016,"y1":2016,"sp":[[10,1,1,0,2016,2016]]}},{"type":"Feature","geometry":{"type":"Polygon","coordinates":[[[-151.72455,68.13937],[-151.72788,68.13797],[-151.72646,68.13627],[-151.7217,68.13597],[-151.71836,68.13737],[-151.71979,68.13907],[-151.72455,68.13937]]]},"properties":{"cell":"890d0b26613ffff","res":9,"coarsened":false,"count":1,"hv":1,"mp":0,"y0":2016,"y1":2016,"sp":[[23,1,1,0,2016,2016]]}},{"type":"Feature","geometry":{"type":"Polygon","coordinates":[[[-151.70881,68.15284],[-151.71215,68.15144],[-151.71072,68.14974],[-151.70596,68.14944],[-151.70262,68.15084],[-151.70405,68.15254],[-151.70881,68.15284]]]},"properties":{"cell":"890d0b3593bffff","res":9,"coarsened":false,"count":1,"hv":1,"mp":0,"y0":2016,"y1":2016,"sp":[[23,1,1,0,2016,2016]]}},{"type":"Feature","geometry":{"type":"Polygon","coordinates":[[[-151.79028,68.15313],[-151.79361,68.15173],[-151.79218,68.15003],[-151.78741,68.14973],[-151.78408,68.15113],[-151.78551,68.15283],[-151.79028,68.15313]]]},"properties":{"cell":"890d0b35b53ffff","res":9,"coarsened":false,"count":1,"hv":1,"mp":0,"y0":2016,"y1":2016,"sp":[[25,1,1,0,2016,2016]]}},{"type":"Feature","geometry":{"type":"Polygon","coordinates":[[[-151.7016,68.17649],[-151.70494,68.17509],[-151.70352,68.1734],[-151.69875,68.1731],[-151.69541,68.17449],[-151.69684,68.17619],[-151.7016,68.17649]]]},"properties":{"cell":"890d0b35d0fffff","res":9,"coarsened":false,"count":1,"hv":1,"mp":0,"y0":2016,"y1":2016,"sp":[[1,1,1,0,2016,2016]]}},{"type":"Feature","geometry":{"type":"Polygon","coordinates":[[[-151.52709,68.26512],[-151.53046,68.26372],[-151.52904,68.26202],[-151.52426,68.26172],[-151.52089,68.26311],[-151.52231,68.26481],[-151.52709,68.26512]]]},"properties":{"cell":"890d0b36187ffff","res":9,"coarsened":false,"count":1,"hv":1,"mp":0,"y0":2016,"y1":2016,"sp":[[26,1,1,0,2016,2016]]}},{"type":"Feature","geometry":{"type":"Polygon","coordinates":[[[-151.77979,68.14604],[-151.78312,68.14465],[-151.78169,68.14295],[-151.77692,68.14265],[-151.77359,68.14405],[-151.77502,68.14575],[-151.77979,68.14604]]]},"properties":{"cell":"890d0b35b73ffff","res":9,"coarsened":false,"count":1,"hv":1,"mp":0,"y0":2016,"y1":2016,"sp":[[15,1,1,0,2016,2016]]}},{"type":"Feature","geometry":{"type":"Polygon","coordinates":[[[-151.71882,68.14865],[-151.72216,68.14725],[-151.72073,68.14555],[-151.71597,68.14525],[-151.71263,68.14665],[-151.71406,68.14835],[-151.71882,68.14865]]]},"properties":{"cell":"890d0b35967ffff","res":9,"coarsened":false,"count":2,"hv":2,"mp":0,"y0":2016,"y1":2016,"sp":[[27,1,1,0,2016,2016],[33,1,1,0,2016,2016]]}},{"type":"Feature","geometry":{"type":"Polygon","coordinates":[[[-151.75502,68.13807],[-151.75835,68.13667],[-151.75692,68.13497],[-151.75216,68.13467],[-151.74883,68.13607],[-151.75026,68.13777],[-151.75502,68.13807]]]},"properties":{"cell":"890d0b2665bffff","res":9,"coarsened":false,"count":1,"hv":1,"mp":0,"y0":2016,"y1":2016,"sp":[[28,1,1,0,2016,2016]]}},{"type":"Feature","geometry":{"type":"Polygon","coordinates":[[[-151.78838,68.15622],[-151.79171,68.15482],[-151.79028,68.15313],[-151.78551,68.15283],[-151.78218,68.15423],[-151.78361,68.15592],[-151.78838,68.15622]]]},"properties":{"cell":"890d0b35bcbffff","res":9,"coarsened":false,"count":1,"hv":1,"mp":0,"y0":2016,"y1":2016,"sp":[[18,1,1,0,2016,2016]]}},{"type":"Feature","geometry":{"type":"Polygon","coordinates":[[[-151.67108,68.17778],[-151.67442,68.17638],[-151.673,68.17469],[-151.66823,68.17439],[-151.66489,68.17578],[-151.66631,68.17748],[-151.67108,68.17778]]]},"properties":{"cell":"890d0b35da7ffff","res":9,"coarsened":false,"count":1,"hv":1,"mp":0,"y0":2016,"y1":2016,"sp":[[23,1,1,0,2016,2016]]}},{"type":"Feature","geometry":{"type":"Polygon","coordinates":[[[-151.79458,68.15822],[-151.79791,68.15682],[-151.79648,68.15512],[-151.79171,68.15482],[-151.78838,68.15622],[-151.78981,68.15792],[-151.79458,68.15822]]]},"properties":{"cell":"890d0b35a37ffff","res":9,"coarsened":false,"count":1,"hv":1,"mp":0,"y0":2016,"y1":2016,"sp":[[7,1,1,0,2016,2016]]}},{"type":"Feature","geometry":{"type":"Polygon","coordinates":[[[-151.7393,68.15154],[-151.74263,68.15014],[-151.74121,68.14845],[-151.73644,68.14815],[-151.73311,68.14955],[-151.73453,68.15124],[-151.7393,68.15154]]]},"properties":{"cell":"890d0b35bb7ffff","res":9,"coarsened":false,"count":3,"hv":3,"mp":0,"y0":2016,"y1":2016,"sp":[[13,1,1,0,2016,2016],[8,1,1,0,2016,2016],[9,1,1,0,2016,2016]]}},{"type":"Feature","geometry":{"type":"Polygon","coordinates":[[[-151.75121,68.14425],[-151.75454,68.14286],[-151.75311,68.14116],[-151.74835,68.14086],[-151.74502,68.14226],[-151.74645,68.14396],[-151.75121,68.14425]]]},"properties":{"cell":"890d0b35b37ffff","res":9,"coarsened":false,"count":2,"hv":2,"mp":0,"y0":2016,"y1":2016,"sp":[[29,1,1,0,2016,2016],[23,1,1,0,2016,2016]]}},{"type":"Feature","geometry":{"type":"Polygon","coordinates":[[[-151.7593,68.14315],[-151.76264,68.14176],[-151.76121,68.14006],[-151.75645,68.13976],[-151.75311,68.14116],[-151.75454,68.14286],[-151.7593,68.14315]]]},"properties":{"cell":"890d0b35b23ffff","res":9,"coarsened":false,"count":1,"hv":1,"mp":0,"y0":2016,"y1":2016,"sp":[[28,1,1,0,2016,2016]]}},{"type":"Feature","geometry":{"type":"Polygon","coordinates":[[[-151.78788,68.14494],[-151.79121,68.14354],[-151.78978,68.14185],[-151.78502,68.14155],[-151.78169,68.14295],[-151.78312,68.14465],[-151.78788,68.14494]]]},"properties":{"cell":"890d0b35b7bffff","res":9,"coarsened":false,"count":1,"hv":1,"mp":0,"y0":2016,"y1":2016,"sp":[[30,1,1,0,2016,2016]]}},{"type":"Feature","geometry":{"type":"Polygon","coordinates":[[[-151.6873,68.17559],[-151.69064,68.17419],[-151.68922,68.1725],[-151.68445,68.17219],[-151.68111,68.17359],[-151.68253,68.17529],[-151.6873,68.17559]]]},"properties":{"cell":"890d0b35d33ffff","res":9,"coarsened":false,"count":1,"hv":1,"mp":0,"y0":2016,"y1":2016,"sp":[[31,1,1,0,2016,2016]]}},{"type":"Feature","geometry":{"type":"Polygon","coordinates":[[[-151.74358,68.15663],[-151.74692,68.15523],[-151.74549,68.15354],[-151.74073,68.15324],[-151.73739,68.15463],[-151.73882,68.15633],[-151.74358,68.15663]]]},"properties":{"cell":"890d0b3594bffff","res":9,"coarsened":false,"count":1,"hv":1,"mp":0,"y0":2016,"y1":2016,"sp":[[1,1,1,0,2016,2016]]}},{"type":"Feature","geometry":{"type":"Polygon","coordinates":[[[-151.7231,68.15374],[-151.72644,68.15234],[-151.72501,68.15064],[-151.72025,68.15034],[-151.71691,68.15174],[-151.71834,68.15344],[-151.7231,68.15374]]]},"properties":{"cell":"890d0b35973ffff","res":9,"coarsened":false,"count":1,"hv":1,"mp":0,"y0":2016,"y1":2016,"sp":[[32,1,1,0,2016,2016]]}},{"type":"Feature","geometry":{"type":"Polygon","coordinates":[[[-151.71691,68.15174],[-151.72025,68.15034],[-151.71882,68.14865],[-151.71406,68.14835],[-151.71072,68.14974],[-151.71215,68.15144],[-151.71691,68.15174]]]},"properties":{"cell":"890d0b35977ffff","res":9,"coarsened":false,"count":1,"hv":1,"mp":0,"y0":2016,"y1":2016,"sp":[[27,1,1,0,2016,2016]]}},{"type":"Feature","geometry":{"type":"Polygon","coordinates":[[[-151.78549,68.13676],[-151.78882,68.13536],[-151.78739,68.13367],[-151.78263,68.13337],[-151.7793,68.13477],[-151.78073,68.13646],[-151.78549,68.13676]]]},"properties":{"cell":"890d0b275d7ffff","res":9,"coarsened":false,"count":1,"hv":1,"mp":0,"y0":2016,"y1":2016,"sp":[[1,1,1,0,2016,2016]]}},{"type":"Feature","geometry":{"type":"Polygon","coordinates":[[[-149.80832,68.04729],[-149.81174,68.04594],[-149.81049,68.04423],[-149.80581,68.04388],[-149.80238,68.04523],[-149.80364,68.04694],[-149.80832,68.04729]]]},"properties":{"cell":"890d568ec07ffff","res":9,"coarsened":false,"count":1,"hv":1,"mp":0,"y0":2016,"y1":2016,"sp":[[35,1,1,0,2016,2016]]}},{"type":"Feature","geometry":{"type":"Polygon","coordinates":[[[-156.80475,67.51824],[-156.80769,67.51674],[-156.80588,67.51509],[-156.80113,67.51494],[-156.79819,67.51644],[-156.8,67.51809],[-156.80475,67.51824]]]},"properties":{"cell":"890c20db4cbffff","res":9,"coarsened":false,"count":1,"hv":1,"mp":0,"y0":2019,"y1":2019,"sp":[[36,1,1,0,2019,2019]]}},{"type":"Feature","geometry":{"type":"Polygon","coordinates":[[[-150.42987,67.9159],[-150.43324,67.91453],[-150.43194,67.91283],[-150.42727,67.9125],[-150.4239,67.91387],[-150.4252,67.91557],[-150.42987,67.9159]]]},"properties":{"cell":"890d561191bffff","res":9,"coarsened":false,"count":1,"hv":1,"mp":0,"y0":2019,"y1":2019,"sp":[[3,1,1,0,2019,2019]]}},{"type":"Feature","geometry":{"type":"Polygon","coordinates":[[[-154.34241,67.06656],[-154.34543,67.06511],[-154.34386,67.06345],[-154.33927,67.06324],[-154.33624,67.06468],[-154.33781,67.06634],[-154.34241,67.06656]]]},"properties":{"cell":"890c20b487bffff","res":9,"coarsened":false,"count":1,"hv":1,"mp":0,"y0":2019,"y1":2019,"sp":[[37,1,1,0,2019,2019]]}},{"type":"Feature","geometry":{"type":"Polygon","coordinates":[[[-156.8224,67.50923],[-156.82534,67.50773],[-156.82354,67.50608],[-156.81879,67.50593],[-156.81585,67.50743],[-156.81765,67.50908],[-156.8224,67.50923]]]},"properties":{"cell":"890c20db687ffff","res":9,"coarsened":false,"count":5,"hv":5,"mp":0,"y0":2021,"y1":2021,"sp":[[36,2,2,0,2021,2021],[39,1,1,0,2021,2021],[40,1,1,0,2021,2021],[17,1,1,0,2021,2021]]}},{"type":"Feature","geometry":{"type":"Polygon","coordinates":[[[-156.83009,67.50788],[-156.83303,67.50638],[-156.83122,67.50473],[-156.82648,67.50458],[-156.82354,67.50608],[-156.82534,67.50773],[-156.83009,67.50788]]]},"properties":{"cell":"890c20db68fffff","res":9,"coarsened":false,"count":1,"hv":1,"mp":0,"y0":2021,"y1":2021,"sp":[[16,1,1,0,2021,2021]]}},{"type":"Feature","geometry":{"type":"Polygon","coordinates":[[[-156.82354,67.50608],[-156.82648,67.50458],[-156.82467,67.50293],[-156.81992,67.50278],[-156.81698,67.50429],[-156.81879,67.50593],[-156.82354,67.50608]]]},"properties":{"cell":"890c20db6bbffff","res":9,"coarsened":false,"count":3,"hv":3,"mp":0,"y0":2021,"y1":2021,"sp":[[1,1,1,0,2021,2021],[39,1,1,0,2021,2021],[41,1,1,0,2021,2021]]}},{"type":"Feature","geometry":{"type":"Polygon","coordinates":[[[-156.83349,67.49843],[-156.83643,67.49693],[-156.83462,67.49528],[-156.82987,67.49513],[-156.82693,67.49663],[-156.82874,67.49828],[-156.83349,67.49843]]]},"properties":{"cell":"890c20db63bffff","res":9,"coarsened":false,"count":1,"hv":1,"mp":0,"y0":2021,"y1":2021,"sp":[[37,1,1,0,2021,2021]]}},{"type":"Feature","geometry":{"type":"Polygon","coordinates":[[[-156.21024,67.75047],[-156.21325,67.74898],[-156.21147,67.74732],[-156.20668,67.74716],[-156.20367,67.74865],[-156.20545,67.7503],[-156.21024,67.75047]]]},"properties":{"cell":"890c24799a7ffff","res":9,"coarsened":false,"count":1,"hv":1,"mp":0,"y0":2024,"y1":2024,"sp":[[39,1,1,0,2024,2024]]}},{"type":"Feature","geometry":{"type":"Polygon","coordinates":[[[-155.35225,67.41231],[-155.35527,67.41084],[-155.35359,67.40918],[-155.3489,67.409],[-155.34588,67.41046],[-155.34756,67.41212],[-155.35225,67.41231]]]},"properties":{"cell":"890c2080687ffff","res":9,"coarsened":false,"count":2,"hv":2,"mp":0,"y0":2024,"y1":2024,"sp":[[10,1,1,0,2024,2024],[42,1,1,0,2024,2024]]}},{"type":"Feature","geometry":{"type":"Polygon","coordinates":[[[-152.25205,68.20057],[-152.25536,68.19916],[-152.25389,68.19747],[-152.2491,68.19718],[-152.24578,68.19859],[-152.24726,68.20029],[-152.25205,68.20057]]]},"properties":{"cell":"890d0b38907ffff","res":9,"coarsened":false,"count":1,"hv":1,"mp":0,"y0":1994,"y1":1994,"sp":[[35,1,1,0,1994,1994]]}},{"type":"Feature","geometry":{"type":"Polygon","coordinates":[[[-150.87722,68.00662],[-150.88058,68.00524],[-150.87923,68.00354],[-150.87453,68.00322],[-150.87117,68.00459],[-150.87251,68.00629],[-150.87722,68.00662]]]},"properties":{"cell":"890d56ce977ffff","res":9,"coarsened":false,"count":1,"hv":1,"mp":0,"y0":2001,"y1":2001,"sp":[[43,1,1,0,2001,2001]]}},{"type":"Feature","geometry":{"type":"Polygon","coordinates":[[[-150.96225,68.09117],[-150.96562,68.08979],[-150.96426,68.08809],[-150.95954,68.08777],[-150.95617,68.08915],[-150.95752,68.09085],[-150.96225,68.09117]]]},"properties":{"cell":"890d56ce423ffff","res":9,"coarsened":false,"count":1,"hv":1,"mp":0,"y0":2025,"y1":2025,"sp":[[44,1,1,0,2025,2025]]}},{"type":"Feature","geometry":{"type":"Polygon","coordinates":[[[-155.73813,67.69501],[-155.74116,67.69353],[-155.73942,67.69187],[-155.73466,67.69169],[-155.73163,67.69317],[-155.73336,67.69483],[-155.73813,67.69501]]]},"properties":{"cell":"890c2460d87ffff","res":9,"coarsened":false,"count":2,"hv":2,"mp":0,"y0":2025,"y1":2025,"sp":[[42,2,2,0,2025,2025]]}},{"type":"Feature","geometry":{"type":"Polygon","coordinates":[[[-155.73163,67.69317],[-155.73466,67.69169],[-155.73293,67.69003],[-155.72816,67.68985],[-155.72513,67.69133],[-155.72686,67.69299],[-155.73163,67.69317]]]},"properties":{"cell":"890c2460db3ffff","res":9,"coarsened":false,"count":1,"hv":1,"mp":0,"y0":2025,"y1":2025,"sp":[[42,1,1,0,2025,2025]]}},{"type":"Feature","geometry":{"type":"Polygon","coordinates":[[[-150.93729,67.85818],[-151.01662,67.84111],[-151.02106,67.80773],[-150.94642,67.79144],[-150.86724,67.80847],[-150.86256,67.84184],[-150.93729,67.85818]]]},"properties":{"cell":"860d560b7ffffff","res":6,"coarsened":true,"count":9,"hv":9,"mp":0,"y0":2025,"y1":2025,"sp":[[79,8,8,0,null,null],[6,1,1,0,2025,2025]]}},{"type":"Feature","geometry":{"type":"Polygon","coordinates":[[[-151.56178,68.13869],[-151.56512,68.13729],[-151.56371,68.1356],[-151.55896,68.13529],[-151.55561,68.13668],[-151.55702,68.13838],[-151.56178,68.13869]]]},"properties":{"cell":"890d56c9617ffff","res":9,"coarsened":false,"count":1,"hv":1,"mp":0,"y0":2025,"y1":2025,"sp":[[31,1,1,0,2025,2025]]}},{"type":"Feature","geometry":{"type":"Polygon","coordinates":[[[-151.44833,68.1539],[-151.45168,68.15251],[-151.45028,68.15081],[-151.44553,68.1505],[-151.44217,68.15189],[-151.44358,68.15359],[-151.44833,68.1539]]]},"properties":{"cell":"890d56cb317ffff","res":9,"coarsened":false,"count":1,"hv":1,"mp":0,"y0":2025,"y1":2025,"sp":[[17,1,1,0,2025,2025]]}},{"type":"Feature","geometry":{"type":"Polygon","coordinates":[[[-151.30773,68.14153],[-151.31109,68.14014],[-151.3097,68.13844],[-151.30496,68.13813],[-151.3016,68.13952],[-151.30299,68.14122],[-151.30773,68.14153]]]},"properties":{"cell":"890d56c859bffff","res":9,"coarsened":false,"count":1,"hv":1,"mp":0,"y0":2025,"y1":2025,"sp":[[42,1,1,0,2025,2025]]}},{"type":"Feature","geometry":{"type":"Polygon","coordinates":[[[-149.82355,68.42276],[-149.82704,68.42141],[-149.82576,68.4197],[-149.82099,68.41934],[-149.8175,68.4207],[-149.81878,68.42241],[-149.82355,68.42276]]]},"properties":{"cell":"890d0929a57ffff","res":9,"coarsened":false,"count":1,"hv":1,"mp":0,"y0":2025,"y1":2025,"sp":[[31,1,1,0,2025,2025]]}},{"type":"Feature","geometry":{"type":"Polygon","coordinates":[[[-154.42624,67.38666],[-154.42931,67.38521],[-154.42771,67.38354],[-154.42304,67.38333],[-154.41998,67.38478],[-154.42158,67.38644],[-154.42624,67.38666]]]},"properties":{"cell":"890c254ad9bffff","res":9,"coarsened":false,"count":1,"hv":1,"mp":0,"y0":2025,"y1":2025,"sp":[[45,1,1,0,2025,2025]]}},{"type":"Feature","geometry":{"type":"Polygon","coordinates":[[[-153.66634,67.34818],[-153.66944,67.34674],[-153.66791,67.34507],[-153.66327,67.34484],[-153.66016,67.34627],[-153.6617,67.34794],[-153.66634,67.34818]]]},"properties":{"cell":"890c25098dbffff","res":9,"coarsened":false,"count":1,"hv":1,"mp":0,"y0":2019,"y1":2019,"sp":[[46,1,1,0,2019,2019]]}},{"type":"Feature","geometry":{"type":"Polygon","coordinates":[[[-150.13038,68.22263],[-150.13382,68.22127],[-150.13252,68.21956],[-150.12779,68.21922],[-150.12436,68.22058],[-150.12565,68.22228],[-150.13038,68.22263]]]},"properties":{"cell":"890d5698ab7ffff","res":9,"coarsened":false,"count":1,"hv":1,"mp":0,"y0":2017,"y1":2017,"sp":[[10,1,1,0,2017,2017]]}},{"type":"Feature","geometry":{"type":"Polygon","coordinates":[[[-152.00013,68.00235],[-152.00342,68.00095],[-152.00198,67.99926],[-151.99725,67.99897],[-151.99395,68.00037],[-151.99539,68.00206],[-152.00013,68.00235]]]},"properties":{"cell":"890d0b2eb87ffff","res":9,"coarsened":false,"count":20,"hv":20,"mp":0,"y0":1994,"y1":1994,"sp":[[32,3,3,0,1994,1994],[103,3,3,0,1994,1994],[140,2,2,0,1994,1994],[15,2,2,0,1994,1994],[47,1,1,0,1994,1994],[51,1,1,0,1994,1994],[28,1,1,0,1994,1994],[33,1,1,0,1994,1994],[5,1,1,0,1994,1994],[9,1,1,0,1994,1994],[29,1,1,0,1994,1994],[27,1,1,0,1994,1994],[96,1,1,0,1994,1994],[154,1,1,0,1994,1994]]}},{"type":"Feature","geometry":{"type":"Polygon","coordinates":[[[-153.83367,67.9887],[-153.83686,67.98726],[-153.83527,67.98558],[-153.83048,67.98534],[-153.82729,67.98678],[-153.82889,67.98846],[-153.83367,67.9887]]]},"properties":{"cell":"890c24a4d63ffff","res":9,"coarsened":false,"count":12,"hv":12,"mp":0,"y0":2024,"y1":2024,"sp":[[48,1,1,0,2024,2024],[34,1,1,0,2024,2024],[9,1,1,0,2024,2024],[49,1,1,0,2024,2024],[50,1,1,0,2024,2024],[51,1,1,0,2024,2024],[46,1,1,0,2024,2024],[40,1,1,0,2024,2024],[52,1,1,0,2024,2024],[53,1,1,0,2024,2024],[54,1,1,0,2024,2024],[4,1,1,0,2024,2024]]}},{"type":"Feature","geometry":{"type":"Polygon","coordinates":[[[-149.81996,67.9371],[-149.82337,67.93574],[-149.82212,67.93404],[-149.81747,67.93369],[-149.81406,67.93504],[-149.81531,67.93674],[-149.81996,67.9371]]]},"properties":{"cell":"890d56b955bffff","res":9,"coarsened":false,"count":6,"hv":6,"mp":0,"y0":2022,"y1":2024,"sp":[[58,3,3,0,2022,2023],[55,2,2,0,2023,2024],[59,1,1,0,2023,2023]]}},{"type":"Feature","geometry":{"type":"Polygon","coordinates":[[[-149.58687,68.63314],[-149.5904,68.63179],[-149.58913,68.63007],[-149.58433,68.62971],[-149.58079,68.63106],[-149.58206,68.63277],[-149.58687,68.63314]]]},"properties":{"cell":"890d093862fffff","res":9,"coarsened":false,"count":39,"hv":39,"mp":0,"y0":2020,"y1":2024,"sp":[[57,7,7,0,2020,2023],[54,3,3,0,2021,2024],[34,3,3,0,2023,2024],[28,3,3,0,2020,2021],[31,2,2,0,2020,2024],[32,2,2,0,2020,2021],[2,2,2,0,2021,2021],[65,2,2,0,2020,2020],[33,1,1,0,2024,2024],[56,1,1,0,2023,2023],[7,1,1,0,2023,2023],[61,1,1,0,2022,2022],[38,1,1,0,2021,2021],[67,1,1,0,2021,2021],[23,1,1,0,2021,2021],[30,1,1,0,2020,2020],[0,1,1,0,2020,2020],[18,1,1,0,2020,2020],[19,1,1,0,2020,2020],[68,1,1,0,2020,2020],[69,1,1,0,2020,2020],[17,1,1,0,2020,2020],[70,1,1,0,2020,2020]]}},{"type":"Feature","geometry":{"type":"Polygon","coordinates":[[[-149.53068,68.60618],[-149.53422,68.60483],[-149.53295,68.60312],[-149.52816,68.60275],[-149.52462,68.6041],[-149.52588,68.60582],[-149.53068,68.60618]]]},"properties":{"cell":"890d093816bffff","res":9,"coarsened":false,"count":2,"hv":2,"mp":0,"y0":2022,"y1":2023,"sp":[[23,1,1,0,2023,2023],[43,1,1,0,2022,2022]]}},{"type":"Feature","geometry":{"type":"Polygon","coordinates":[[[-149.56029,68.62788],[-149.56383,68.62653],[-149.56256,68.62481],[-149.55776,68.62445],[-149.55422,68.6258],[-149.55549,68.62751],[-149.56029,68.62788]]]},"properties":{"cell":"890d093800bffff","res":9,"coarsened":false,"count":2,"hv":2,"mp":0,"y0":2022,"y1":2023,"sp":[[46,1,1,0,2023,2023],[62,1,1,0,2022,2022]]}},{"type":"Feature","geometry":{"type":"Polygon","coordinates":[[[-149.65772,68.04072],[-149.66116,68.03937],[-149.65991,68.03767],[-149.65524,68.03731],[-149.65181,68.03866],[-149.65305,68.04037],[-149.65772,68.04072]]]},"properties":{"cell":"890d5685c2bffff","res":9,"coarsened":false,"count":1,"hv":1,"mp":0,"y0":2022,"y1":2022,"sp":[[60,1,1,0,2022,2022]]}},{"type":"Feature","geometry":{"type":"Polygon","coordinates":[[[-151.51593,66.91817],[-151.51909,66.91679],[-151.51776,66.91511],[-151.51327,66.91482],[-151.51012,66.9162],[-151.51144,66.91788],[-151.51593,66.91817]]]},"properties":{"cell":"890d521b063ffff","res":9,"coarsened":false,"count":1,"hv":1,"mp":0,"y0":2022,"y1":2022,"sp":[[18,1,1,0,2022,2022]]}},{"type":"Feature","geometry":{"type":"Polygon","coordinates":[[[-152.88733,68.1023],[-152.89059,68.10088],[-152.88907,68.09919],[-152.88429,68.09893],[-152.88102,68.10035],[-152.88255,68.10204],[-152.88733,68.1023]]]},"properties":{"cell":"890d0b6719bffff","res":9,"coarsened":false,"count":1,"hv":1,"mp":0,"y0":2022,"y1":2022,"sp":[[23,1,1,0,2022,2022]]}},{"type":"Feature","geometry":{"type":"Polygon","coordinates":[[[-149.62928,68.61691],[-149.63281,68.61556],[-149.63154,68.61384],[-149.62673,68.61348],[-149.6232,68.61483],[-149.62447,68.61655],[-149.62928,68.61691]]]},"properties":{"cell":"890d093827bffff","res":9,"coarsened":false,"count":17,"hv":17,"mp":0,"y0":2017,"y1":2021,"sp":[[28,8,8,0,2017,2021],[30,2,2,0,2017,2021],[13,2,2,0,2018,2018],[63,1,1,0,2021,2021],[23,1,1,0,2021,2021],[54,1,1,0,2021,2021],[53,1,1,0,2018,2018],[82,1,1,0,2017,2017]]}},{"type":"Feature","geometry":{"type":"Polygon","coordinates":[[[-149.5443,68.58778],[-149.54783,68.58643],[-149.54656,68.58471],[-149.54177,68.58435],[-149.53824,68.5857],[-149.5395,68.58742],[-149.5443,68.58778]]]},"properties":{"cell":"890d0938e7bffff","res":9,"coarsened":false,"count":23,"hv":23,"mp":0,"y0":2017,"y1":2021,"sp":[[28,15,15,0,2017,2021],[23,3,3,0,2019,2021],[31,1,1,0,2019,2019],[63,1,1,0,2019,2019],[65,1,1,0,2018,2018],[13,1,1,0,2018,2018],[30,1,1,0,2018,2018]]}},{"type":"Feature","geometry":{"type":"Polygon","coordinates":[[[-149.54815,68.62372],[-149.55168,68.62236],[-149.55042,68.62065],[-149.54561,68.62028],[-149.54208,68.62163],[-149.54334,68.62335],[-149.54815,68.62372]]]},"properties":{"cell":"890d093803bffff","res":9,"coarsened":false,"count":30,"hv":30,"mp":0,"y0":2017,"y1":2021,"sp":[[28,12,12,0,2017,2021],[30,3,3,0,2017,2017],[31,2,2,0,2018,2021],[64,2,2,0,2021,2021],[0,2,2,0,2017,2019],[13,2,2,0,2018,2018],[23,1,1,0,2021,2021],[15,1,1,0,2021,2021],[65,1,1,0,2018,2018],[7,1,1,0,2018,2018],[18,1,1,0,2017,2017],[43,1,1,0,2017,2017],[83,1,1,0,2017,2017]]}},{"type":"Feature","geometry":{"type":"Polygon","coordinates":[[[-149.5914,68.627],[-149.59493,68.62565],[-149.59366,68.62393],[-149.58886,68.62357],[-149.58532,68.62492],[-149.58659,68.62664],[-149.5914,68.627]]]},"properties":{"cell":"890d0938287ffff","res":9,"coarsened":false,"count":51,"hv":51,"mp":0,"y0":2017,"y1":2021,"sp":[[18,13,13,0,2017,2021],[13,11,11,0,2017,2019],[0,9,9,0,2017,2021],[17,5,5,0,2017,2018],[75,4,4,0,2017,2019],[64,2,2,0,2021,2021],[9,1,1,0,2021,2021],[54,1,1,0,2018,2018],[36,1,1,0,2018,2018],[30,1,1,0,2017,2017],[21,1,1,0,2017,2017],[83,1,1,0,2017,2017],[84,1,1,0,2017,2017]]}},{"type":"Feature","geometry":{"type":"Polygon","coordinates":[[[-149.54582,68.596],[-149.54936,68.59465],[-149.54809,68.59293],[-149.54329,68.59256],[-149.53976,68.59391],[-149.54103,68.59563],[-149.54582,68.596]]]},"properties":{"cell":"890d0938e53ffff","res":9,"coarsened":false,"count":22,"hv":22,"mp":0,"y0":2017,"y1":2021,"sp":[[28,14,14,0,2017,2021],[30,2,2,0,2018,2019],[31,2,2,0,2018,2019],[65,1,1,0,2021,2021],[23,1,1,0,2021,2021],[64,1,1,0,2021,2021],[13,1,1,0,2018,2018]]}},{"type":"Feature","geometry":{"type":"Polygon","coordinates":[[[-149.64232,68.64058],[-149.64586,68.63922],[-149.64458,68.63751],[-149.63977,68.63714],[-149.63624,68.6385],[-149.63751,68.64021],[-149.64232,68.64058]]]},"properties":{"cell":"890d093958fffff","res":9,"coarsened":false,"count":21,"hv":21,"mp":0,"y0":2017,"y1":2021,"sp":[[28,8,8,0,2017,2021],[30,4,4,0,2017,2021],[66,4,4,0,2017,2021],[23,2,2,0,2019,2021],[31,1,1,0,2021,2021],[18,1,1,0,2021,2021],[63,1,1,0,2019,2019]]}},{"type":"Feature","geometry":{"type":"Polygon","coordinates":[[[-149.56774,68.57661],[-149.57126,68.57526],[-149.57,68.57354],[-149.56521,68.57318],[-149.56168,68.57453],[-149.56294,68.57624],[-149.56774,68.57661]]]},"properties":{"cell":"890d0939d27ffff","res":9,"coarsened":false,"count":34,"hv":34,"mp":0,"y0":2017,"y1":2021,"sp":[[28,15,15,0,2017,2021],[30,7,7,0,2017,2021],[31,3,3,0,2019,2021],[23,2,2,0,2018,2018],[81,2,2,0,2017,2017],[64,1,1,0,2021,2021],[63,1,1,0,2021,2021],[57,1,1,0,2019,2019],[65,1,1,0,2019,2019],[13,1,1,0,2018,2018]]}},{"type":"Feature","geometry":{"type":"Polygon","coordinates":[[[-149.64144,68.62107],[-149.64497,68.61971],[-149.6437,68.618],[-149.63889,68.61764],[-149.63536,68.61899],[-149.63663,68.6207],[-149.64144,68.62107]]]},"properties":{"cell":"890d093824bffff","res":9,"coarsened":false,"count":47,"hv":47,"mp":0,"y0":2017,"y1":2021,"sp":[[30,9,9,0,2021,2021],[18,7,7,0,2018,2021],[0,7,7,0,2019,2019],[28,6,6,0,2017,2021],[13,6,6,0,2018,2018],[53,3,3,0,2018,2018],[97,3,3,0,null,null],[63,2,2,0,2017,2021],[38,1,1,0,2021,2021],[64,1,1,0,2021,2021],[32,1,1,0,2021,2021],[56,1,1,0,null,null]]}},{"type":"Feature","geometry":{"type":"Polygon","coordinates":[[[-149.58079,68.63106],[-149.58433,68.62971],[-149.58306,68.62799],[-149.57825,68.62762],[-149.57471,68.62898],[-149.57598,68.63069],[-149.58079,68.63106]]]},"properties":{"cell":"890d093805bffff","res":9,"coarsened":false,"count":263,"hv":263,"mp":0,"y0":2017,"y1":2021,"sp":[[28,58,58,0,2017,2021],[30,56,56,0,2017,2021],[0,42,42,0,2018,2021],[18,22,22,0,2018,2021],[13,16,16,0,2017,2018],[83,11,11,0,null,null],[5,7,7,0,2018,2021],[97,7,7,0,null,null],[9,7,7,0,null,null],[31,6,6,0,null,null],[57,5,5,0,null,null],[23,5,5,0,null,null],[54,4,4,0,2018,2019],[43,4,4,0,null,null],[100,3,3,0,null,null],[32,2,2,0,2018,2018],[65,2,2,0,2018,2018],[17,2,2,0,2017,2017],[64,1,1,0,2021,2021],[7,1,1,0,null,null],[102,1,1,0,null,null],[63,1,1,0,null,null]]}},{"type":"Feature","geometry":{"type":"Polygon","coordinates":[[[-149.53959,68.47086],[-149.5431,68.46951],[-149.54184,68.4678],[-149.53708,68.46743],[-149.53356,68.46878],[-149.53482,68.4705],[-149.53959,68.47086]]]},"properties":{"cell":"890d092aaa3ffff","res":9,"coarsened":false,"count":1,"hv":1,"mp":0,"y0":2020,"y1":2020,"sp":[[71,1,1,0,2020,2020]]}},{"type":"Feature","geometry":{"type":"Polygon","coordinates":[[[-152.22776,67.76622],[-152.23101,67.76481],[-152.22957,67.76313],[-152.22488,67.76285],[-152.22163,67.76425],[-152.22307,67.76594],[-152.22776,67.76622]]]},"properties":{"cell":"890c25860b7ffff","res":9,"coarsened":false,"count":11,"hv":11,"mp":0,"y0":2019,"y1":2019,"sp":[[34,6,6,0,2019,2019],[30,1,1,0,2019,2019],[18,1,1,0,2019,2019],[73,1,1,0,2019,2019],[19,1,1,0,2019,2019],[0,1,1,0,2019,2019]]}},{"type":"Feature","geometry":{"type":"Polygon","coordinates":[[[-149.91922,68.39433],[-149.9227,68.39297],[-149.92141,68.39126],[-149.91665,68.39091],[-149.91317,68.39226],[-149.91446,68.39397],[-149.91922,68.39433]]]},"properties":{"cell":"890d0964d97ffff","res":9,"coarsened":false,"count":9,"hv":9,"mp":0,"y0":2019,"y1":2019,"sp":[[72,3,3,0,2019,2019],[18,2,2,0,2019,2019],[74,1,1,0,2019,2019],[28,1,1,0,2019,2019],[31,1,1,0,2019,2019],[0,1,1,0,2019,2019]]}},{"type":"Feature","geometry":{"type":"Polygon","coordinates":[[[-149.54361,68.62985],[-149.54714,68.6285],[-149.54588,68.62678],[-149.54107,68.62642],[-149.53753,68.62777],[-149.5388,68.62949],[-149.54361,68.62985]]]},"properties":{"cell":"890d0938017ffff","res":9,"coarsened":false,"count":17,"hv":17,"mp":0,"y0":2017,"y1":2019,"sp":[[28,5,5,0,2017,2019],[0,4,4,0,2017,2019],[30,4,4,0,2017,2017],[13,3,3,0,2018,2018],[18,1,1,0,2018,2018]]}},{"type":"Feature","geometry":{"type":"Polygon","coordinates":[[[-149.55562,68.57245],[-149.55915,68.5711],[-149.55788,68.56938],[-149.55309,68.56902],[-149.54956,68.57037],[-149.55083,68.57208],[-149.55562,68.57245]]]},"properties":{"cell":"890d0938a57ffff","res":9,"coarsened":false,"count":24,"hv":24,"mp":0,"y0":2017,"y1":2019,"sp":[[28,11,11,0,2017,2019],[30,6,6,0,2017,2018],[23,3,3,0,2018,2018],[13,2,2,0,2017,2019],[31,1,1,0,2017,2017],[81,1,1,0,2017,2017]]}},{"type":"Feature","geometry":{"type":"Polygon","coordinates":[[[-149.65293,68.63652],[-149.65646,68.63516],[-149.65518,68.63345],[-149.65037,68.63308],[-149.64684,68.63444],[-149.64812,68.63615],[-149.65293,68.63652]]]},"properties":{"cell":"890d0939503ffff","res":9,"coarsened":false,"count":12,"hv":12,"mp":0,"y0":2017,"y1":2019,"sp":[[28,8,8,0,2017,2019],[13,2,2,0,2019,2019],[30,1,1,0,2017,2017],[66,1,1,0,2017,2017]]}},{"type":"Feature","geometry":{"type":"Polygon","coordinates":[[[-150.87921,67.14107],[-150.88244,67.1397],[-150.88115,67.13801],[-150.87663,67.1377],[-150.87341,67.13907],[-150.8747,67.14075],[-150.87921,67.14107]]]},"properties":{"cell":"890d528a467ffff","res":9,"coarsened":false,"count":30,"hv":30,"mp":0,"y0":2018,"y1":2018,"sp":[[7,9,9,0,2018,2018],[46,4,4,0,2018,2018],[76,3,3,0,2018,2018],[55,3,3,0,2018,2018],[17,3,3,0,2018,2018],[77,2,2,0,2018,2018],[18,2,2,0,2018,2018],[80,2,2,0,2018,2018],[59,1,1,0,2018,2018],[20,1,1,0,2018,2018]]}},{"type":"Feature","geometry":{"type":"Polygon","coordinates":[[[-150.88115,67.16032],[-150.95794,67.14331],[-150.96233,67.11016],[-150.89015,67.09404],[-150.8135,67.11101],[-150.80888,67.14415],[-150.88115,67.16032]]]},"properties":{"cell":"860d528a7ffffff","res":6,"coarsened":true,"count":8,"hv":8,"mp":0,"y0":2018,"y1":2018,"sp":[[78,6,6,0,2018,2018],[79,2,2,0,2018,2018]]}},{"type":"Feature","geometry":{"type":"Polygon","coordinates":[[[-154.12264,67.43763],[-154.12573,67.43619],[-154.12415,67.43452],[-154.11949,67.43429],[-154.11639,67.43574],[-154.11797,67.43741],[-154.12264,67.43763]]]},"properties":{"cell":"890c25428dbffff","res":9,"coarsened":false,"count":5,"hv":5,"mp":0,"y0":2018,"y1":2018,"sp":[[60,2,2,0,2018,2018],[17,1,1,0,2018,2018],[18,1,1,0,2018,2018],[2,1,1,0,2018,2018]]}},{"type":"Feature","geometry":{"type":"Polygon","coordinates":[[[-154.67654,68.37301],[-154.67974,68.37155],[-154.67804,68.36987],[-154.67315,68.36965],[-154.66995,68.37111],[-154.67165,68.37279],[-154.67654,68.37301]]]},"properties":{"cell":"890c2485003ffff","res":9,"coarsened":false,"count":15,"hv":15,"mp":0,"y0":2017,"y1":2017,"sp":[[28,8,8,0,2017,2017],[18,7,7,0,2017,2017]]}},{"type":"Feature","geometry":{"type":"Polygon","coordinates":[[[-149.58007,68.64235],[-149.58361,68.64099],[-149.58234,68.63928],[-149.57753,68.63891],[-149.57399,68.64026],[-149.57526,68.64198],[-149.58007,68.64235]]]},"properties":{"cell":"890d09386abffff","res":9,"coarsened":false,"count":123,"hv":123,"mp":0,"y0":2015,"y1":2015,"sp":[[28,32,32,0,null,null],[30,27,27,0,null,null],[0,16,16,0,null,null],[83,9,9,0,null,null],[31,6,6,0,2015,2015],[43,5,5,0,null,null],[18,5,5,0,null,null],[13,5,5,0,null,null],[23,4,4,0,2015,2015],[65,3,3,0,null,null],[54,2,2,0,2015,2015],[57,2,2,0,null,null],[33,1,1,0,null,null],[32,1,1,0,null,null],[5,1,1,0,null,null],[27,1,1,0,null,null],[63,1,1,0,null,null],[97,1,1,0,null,null],[7,1,1,0,null,null]]}},{"type":"Feature","geometry":{"type":"Polygon","coordinates":[[[-149.79254,67.80961],[-149.8723,67.79313],[-149.87853,67.75986],[-149.80523,67.7431],[-149.72563,67.75954],[-149.71917,67.79279],[-149.79254,67.80961]]]},"properties":{"cell":"860d56a87ffffff","res":6,"coarsened":true,"count":31,"hv":31,"mp":0,"y0":2015,"y1":2015,"sp":[[79,31,31,0,2015,2015]]}},{"type":"Feature","geometry":{"type":"Polygon","coordinates":[[[-149.6621,68.03461],[-149.66554,68.03326],[-149.66429,68.03156],[-149.65962,68.0312],[-149.65619,68.03255],[-149.65743,68.03426],[-149.6621,68.03461]]]},"properties":{"cell":"890d5685883ffff","res":9,"coarsened":false,"count":1,"hv":1,"mp":0,"y0":2015,"y1":2015,"sp":[[19,1,1,0,2015,2015]]}},{"type":"Feature","geometry":{"type":"Polygon","coordinates":[[[-150.30768,67.18177],[-150.31094,67.18041],[-150.3097,67.17873],[-150.30519,67.1784],[-150.30193,67.17976],[-150.30317,67.18144],[-150.30768,67.18177]]]},"properties":{"cell":"890d5295577ffff","res":9,"coarsened":false,"count":2,"hv":2,"mp":0,"y0":2015,"y1":2015,"sp":[[68,1,1,0,2015,2015],[19,1,1,0,2015,2015]]}},{"type":"Feature","geometry":{"type":"Polygon","coordinates":[[[-149.55164,68.09546],[-149.55509,68.09411],[-149.55385,68.0924],[-149.54917,68.09204],[-149.54572,68.09339],[-149.54696,68.0951],[-149.55164,68.09546]]]},"properties":{"cell":"890d56844afffff","res":9,"coarsened":false,"count":2,"hv":2,"mp":0,"y0":2015,"y1":2015,"sp":[[85,1,1,0,2015,2015],[86,1,1,0,2015,2015]]}},{"type":"Feature","geometry":{"type":"Polygon","coordinates":[[[-149.81501,67.79845],[-149.81839,67.7971],[-149.81715,67.7954],[-149.81253,67.79505],[-149.80914,67.7964],[-149.81038,67.7981],[-149.81501,67.79845]]]},"properties":{"cell":"890d56a844bffff","res":9,"coarsened":false,"count":2,"hv":2,"mp":0,"y0":2015,"y1":2015,"sp":[[21,2,2,0,2015,2015]]}},{"type":"Feature","geometry":{"type":"Polygon","coordinates":[[[-155.63896,66.9457],[-155.64189,66.94423],[-155.64022,66.94258],[-155.63562,66.94241],[-155.63269,66.94388],[-155.63435,66.94553],[-155.63896,66.9457]]]},"properties":{"cell":"890c2005437ffff","res":9,"coarsened":false,"count":48,"hv":48,"mp":0,"y0":2014,"y1":2014,"sp":[[19,11,11,0,2014,2014],[7,10,10,0,2014,2014],[18,6,6,0,2014,2014],[68,5,5,0,2014,2014],[55,5,5,0,2014,2014],[58,3,3,0,2014,2014],[20,3,3,0,2014,2014],[80,2,2,0,2014,2014],[76,2,2,0,2014,2014],[87,1,1,0,2014,2014]]}},{"type":"Feature","geometry":{"type":"Polygon","coordinates":[[[-155.66777,66.96106],[-155.74105,66.94166],[-155.73812,66.90829],[-155.66214,66.89433],[-155.58898,66.91369],[-155.59168,66.94705],[-155.66777,66.96106]]]},"properties":{"cell":"860c20057ffffff","res":6,"coarsened":true,"count":2,"hv":2,"mp":0,"y0":2014,"y1":2014,"sp":[[78,2,2,0,2014,2014]]}},{"type":"Feature","geometry":{"type":"Polygon","coordinates":[[[-154.33613,67.12499],[-154.33917,67.12354],[-154.33759,67.12188],[-154.33299,67.12167],[-154.32995,67.12311],[-154.33152,67.12477],[-154.33613,67.12499]]]},"properties":{"cell":"890c20b4533ffff","res":9,"coarsened":false,"count":63,"hv":63,"mp":0,"y0":2014,"y1":2014,"sp":[[7,9,9,0,2014,2014],[55,8,8,0,2014,2014],[80,7,7,0,2014,2014],[18,6,6,0,2014,2014],[76,6,6,0,2014,2014],[68,5,5,0,2014,2014],[0,5,5,0,2014,2014],[20,5,5,0,2014,2014],[88,5,5,0,2014,2014],[17,4,4,0,2014,2014],[82,2,2,0,2014,2014],[90,1,1,0,2014,2014]]}},{"type":"Feature","geometry":{"type":"Polygon","coordinates":[[[-154.70291,66.97038],[-154.7059,66.96893],[-154.70431,66.96727],[-154.69973,66.96707],[-154.69674,66.96852],[-154.69833,66.97018],[-154.70291,66.97038]]]},"properties":{"cell":"890c20ae5bbffff","res":9,"coarsened":false,"count":34,"hv":34,"mp":0,"y0":2014,"y1":2014,"sp":[[68,9,9,0,2014,2014],[18,7,7,0,2014,2014],[19,4,4,0,2014,2014],[20,3,3,0,2014,2014],[17,2,2,0,2014,2014],[80,2,2,0,2014,2014],[89,2,2,0,2014,2014],[87,1,1,0,2014,2014],[21,1,1,0,2014,2014],[65,1,1,0,2014,2014],[7,1,1,0,2014,2014],[75,1,1,0,2014,2014]]}},{"type":"Feature","geometry":{"type":"Polygon","coordinates":[[[-154.40129,67.15183],[-154.47602,67.13305],[-154.47502,67.09967],[-154.39952,67.08508],[-154.3249,67.10383],[-154.32568,67.1372],[-154.40129,67.15183]]]},"properties":{"cell":"860c20b47ffffff","res":6,"coarsened":true,"count":10,"hv":10,"mp":0,"y0":2014,"y1":2014,"sp":[[78,10,10,0,2014,2014]]}},{"type":"Feature","geometry":{"type":"Polygon","coordinates":[[[-154.70604,67.01015],[-154.70904,67.0087],[-154.70745,67.00704],[-154.70285,67.00684],[-154.69986,67.00829],[-154.70145,67.00995],[-154.70604,67.01015]]]},"properties":{"cell":"890c20a080bffff","res":9,"coarsened":false,"count":51,"hv":51,"mp":0,"y0":2014,"y1":2014,"sp":[[7,15,15,0,2014,2014],[46,12,12,0,2014,2014],[68,8,8,0,2014,2014],[18,5,5,0,2014,2014],[19,4,4,0,2014,2014],[75,2,2,0,2014,2014],[87,2,2,0,2014,2014],[91,1,1,0,2014,2014],[59,1,1,0,2014,2014],[61,1,1,0,2014,2014]]}},{"type":"Feature","geometry":{"type":"Polygon","coordinates":[[[-154.54123,67.20113],[-154.54427,67.19968],[-154.54267,67.19802],[-154.53804,67.19781],[-154.53501,67.19926],[-154.5366,67.20092],[-154.54123,67.20113]]]},"properties":{"cell":"890c20b294bffff","res":9,"coarsened":false,"count":1,"hv":1,"mp":0,"y0":2014,"y1":2014,"sp":[[20,1,1,0,2014,2014]]}},{"type":"Feature","geometry":{"type":"Polygon","coordinates":[[[-154.53979,67.20424],[-154.54283,67.20279],[-154.54123,67.20113],[-154.5366,67.20092],[-154.53357,67.20237],[-154.53516,67.20403],[-154.53979,67.20424]]]},"properties":{"cell":"890c20b295bffff","res":9,"coarsened":false,"count":38,"hv":38,"mp":0,"y0":2014,"y1":2014,"sp":[[7,15,15,0,2014,2014],[80,5,5,0,2014,2014],[55,4,4,0,2014,2014],[92,4,4,0,2014,2014],[59,3,3,0,2014,2014],[46,2,2,0,2014,2014],[18,1,1,0,2014,2014],[88,1,1,0,2014,2014],[61,1,1,0,2014,2014],[90,1,1,0,2014,2014],[20,1,1,0,2014,2014]]}},{"type":"Feature","geometry":{"type":"Polygon","coordinates":[[[-154.55514,67.24783],[-154.6301,67.22897],[-154.62886,67.19555],[-154.55288,67.18101],[-154.47803,67.19983],[-154.47904,67.23325],[-154.55514,67.24783]]]},"properties":{"cell":"860c20b2fffffff","res":6,"coarsened":true,"count":1,"hv":1,"mp":0,"y0":2014,"y1":2014,"sp":[[79,1,1,0,2014,2014]]}},{"type":"Feature","geometry":{"type":"Polygon","coordinates":[[[-151.59324,67.45986],[-151.59647,67.45848],[-151.5951,67.45679],[-151.5905,67.4565],[-151.58726,67.45788],[-151.58863,67.45957],[-151.59324,67.45986]]]},"properties":{"cell":"890d566b27bffff","res":9,"coarsened":false,"count":1,"hv":1,"mp":0,"y0":2013,"y1":2013,"sp":[[93,1,1,0,2013,2013]]}},{"type":"Feature","geometry":{"type":"Polygon","coordinates":[[[-151.5925,67.49655],[-151.59574,67.49516],[-151.59437,67.49347],[-151.58976,67.49318],[-151.58651,67.49457],[-151.58789,67.49625],[-151.5925,67.49655]]]},"properties":{"cell":"890c25b6b33ffff","res":9,"coarsened":false,"count":7,"hv":7,"mp":0,"y0":2013,"y1":2013,"sp":[[83,4,4,0,2013,2013],[59,2,2,0,2013,2013],[93,1,1,0,2013,2013]]}},{"type":"Feature","geometry":{"type":"Polygon","coordinates":[[[-151.5839,67.47523],[-151.58714,67.47384],[-151.58577,67.47216],[-151.58116,67.47186],[-151.57792,67.47325],[-151.57929,67.47494],[-151.5839,67.47523]]]},"properties":{"cell":"890d566b2d3ffff","res":9,"coarsened":false,"count":1,"hv":1,"mp":0,"y0":2013,"y1":2013,"sp":[[86,1,1,0,2013,2013]]}},{"type":"Feature","geometry":{"type":"Polygon","coordinates":[[[-154.30252,67.06152],[-154.30554,67.06007],[-154.30398,67.05841],[-154.29939,67.0582],[-154.29636,67.05964],[-154.29792,67.0613],[-154.30252,67.06152]]]},"properties":{"cell":"890c20b4953ffff","res":9,"coarsened":false,"count":2,"hv":2,"mp":0,"y0":2013,"y1":2013,"sp":[[19,1,1,0,2013,2013],[18,1,1,0,2013,2013]]}},{"type":"Feature","geometry":{"type":"Polygon","coordinates":[[[-151.9988,67.00286],[-152.00194,67.00147],[-152.00057,66.99979],[-151.99605,66.99951],[-151.9929,67.00091],[-151.99428,67.00258],[-151.9988,67.00286]]]},"properties":{"cell":"890d52c8a67ffff","res":9,"coarsened":false,"count":63,"hv":63,"mp":0,"y0":null,"y1":null,"sp":[[53,63,63,0,null,null]]}},{"type":"Feature","geometry":{"type":"Polygon","coordinates":[[[-153.00284,67.00298],[-153.00593,67.00157],[-153.00448,66.9999],[-152.99993,66.99965],[-152.99684,67.00107],[-152.99829,67.00273],[-153.00284,67.00298]]]},"properties":{"cell":"890c2528843ffff","res":9,"coarsened":false,"count":126,"hv":126,"mp":0,"y0":null,"y1":null,"sp":[[94,63,63,0,null,null],[95,63,63,0,null,null]]}},{"type":"Feature","geometry":{"type":"Polygon","coordinates":[[[-149.57172,68.64333],[-149.57526,68.64198],[-149.57399,68.64026],[-149.56918,68.6399],[-149.56564,68.64125],[-149.56691,68.64297],[-149.57172,68.64333]]]},"properties":{"cell":"890d09386a3ffff","res":9,"coarsened":false,"count":120,"hv":120,"mp":0,"y0":null,"y1":null,"sp":[[30,24,24,0,null,null],[0,23,23,0,null,null],[28,22,22,0,null,null],[18,12,12,0,null,null],[83,12,12,0,null,null],[31,9,9,0,null,null],[13,5,5,0,null,null],[65,3,3,0,null,null],[23,2,2,0,null,null],[15,2,2,0,null,null],[9,2,2,0,null,null],[54,2,2,0,null,null],[21,1,1,0,null,null],[63,1,1,0,null,null]]}},{"type":"Feature","geometry":{"type":"Polygon","coordinates":[[[-149.60271,68.61166],[-149.60624,68.61031],[-149.60497,68.60859],[-149.60017,68.60823],[-149.59664,68.60958],[-149.59791,68.61129],[-149.60271,68.61166]]]},"properties":{"cell":"890d093822fffff","res":9,"coarsened":false,"count":58,"hv":58,"mp":0,"y0":null,"y1":null,"sp":[[28,44,44,0,null,null],[98,3,3,0,null,null],[30,3,3,0,null,null],[31,2,2,0,null,null],[13,2,2,0,null,null],[83,1,1,0,null,null],[27,1,1,0,null,null],[109,1,1,0,null,null],[15,1,1,0,null,null]]}},{"type":"Feature","geometry":{"type":"Polygon","coordinates":[[[-149.602,68.62294],[-149.60554,68.62159],[-149.60426,68.61988],[-149.59946,68.61951],[-149.59592,68.62086],[-149.5972,68.62258],[-149.602,68.62294]]]},"properties":{"cell":"890d0938217ffff","res":9,"coarsened":false,"count":56,"hv":56,"mp":0,"y0":null,"y1":null,"sp":[[28,23,23,0,null,null],[30,11,11,0,null,null],[54,4,4,0,null,null],[0,4,4,0,null,null],[13,3,3,0,null,null],[83,2,2,0,null,null],[5,2,2,0,null,null],[31,2,2,0,null,null],[99,1,1,0,null,null],[7,1,1,0,null,null],[72,1,1,0,null,null],[17,1,1,0,null,null],[15,1,1,0,null,null]]}},{"type":"Feature","geometry":{"type":"Polygon","coordinates":[[[-149.59437,68.61265],[-149.59791,68.61129],[-149.59664,68.60958],[-149.59183,68.60921],[-149.5883,68.61057],[-149.58957,68.61228],[-149.59437,68.61265]]]},"properties":{"cell":"890d0938227ffff","res":9,"coarsened":false,"count":52,"hv":52,"mp":0,"y0":null,"y1":null,"sp":[[0,12,12,0,null,null],[28,11,11,0,null,null],[30,10,10,0,null,null],[31,7,7,0,null,null],[98,4,4,0,null,null],[13,3,3,0,null,null],[83,2,2,0,null,null],[18,2,2,0,null,null],[23,1,1,0,null,null]]}},{"type":"Feature","geometry":{"type":"Polygon","coordinates":[[[-149.58758,68.62185],[-149.59112,68.6205],[-149.58985,68.61878],[-149.58504,68.61842],[-149.58151,68.61977],[-149.58278,68.62149],[-149.58758,68.62185]]]},"properties":{"cell":"890d09382a3ffff","res":9,"coarsened":false,"count":242,"hv":242,"mp":0,"y0":null,"y1":null,"sp":[[30,49,49,0,null,null],[0,41,41,0,null,null],[18,34,34,0,null,null],[28,26,26,0,null,null],[83,23,23,0,null,null],[13,19,19,0,null,null],[97,6,6,0,null,null],[31,5,5,0,null,null],[57,4,4,0,null,null],[43,4,4,0,null,null],[21,4,4,0,null,null],[17,3,3,0,null,null],[75,3,3,0,null,null],[9,3,3,0,null,null],[54,3,3,0,null,null],[98,2,2,0,null,null],[101,2,2,0,null,null],[74,2,2,0,null,null],[96,1,1,0,null,null],[19,1,1,0,null,null],[27,1,1,0,null,null],[7,1,1,0,null,null],[49,1,1,0,null,null],[103,1,1,0,null,null],[3,1,1,0,null,null],[110,1,1,0,null,null],[23,1,1,0,null,null]]}},{"type":"Feature","geometry":{"type":"Polygon","coordinates":[[[-149.58068,68.60027],[-149.58422,68.59892],[-149.58295,68.5972],[-149.57815,68.59684],[-149.57462,68.59819],[-149.57588,68.5999],[-149.58068,68.60027]]]},"properties":{"cell":"890d0938363ffff","res":9,"coarsened":false,"count":58,"hv":58,"mp":0,"y0":null,"y1":null,"sp":[[28,27,27,0,null,null],[30,10,10,0,null,null],[31,8,8,0,null,null],[23,6,6,0,null,null],[15,3,3,0,null,null],[83,2,2,0,null,null],[13,1,1,0,null,null],[99,1,1,0,null,null]]}},{"type":"Feature","geometry":{"type":"Polygon","coordinates":[[[-149.57996,68.61155],[-149.5835,68.6102],[-149.58223,68.60848],[-149.57743,68.60812],[-149.57389,68.60947],[-149.57516,68.61119],[-149.57996,68.61155]]]},"properties":{"cell":"890d09383cfffff","res":9,"coarsened":false,"count":48,"hv":48,"mp":0,"y0":null,"y1":null,"sp":[[28,19,19,0,null,null],[30,11,11,0,null,null],[0,4,4,0,null,null],[31,4,4,0,null,null],[83,3,3,0,null,null],[23,2,2,0,null,null],[13,2,2,0,null,null],[54,1,1,0,null,null],[63,1,1,0,null,null],[18,1,1,0,null,null]]}},{"type":"Feature","geometry":{"type":"Polygon","coordinates":[[[-149.57924,68.62284],[-149.58278,68.62149],[-149.58151,68.61977],[-149.5767,68.61941],[-149.57317,68.62076],[-149.57444,68.62247],[-149.57924,68.62284]]]},"properties":{"cell":"890d09382b7ffff","res":9,"coarsened":false,"count":110,"hv":110,"mp":0,"y0":null,"y1":null,"sp":[[28,27,27,0,null,null],[30,23,23,0,null,null],[0,22,22,0,null,null],[18,11,11,0,null,null],[31,5,5,0,null,null],[13,5,5,0,null,null],[83,4,4,0,null,null],[63,3,3,0,null,null],[43,2,2,0,null,null],[23,2,2,0,null,null],[15,2,2,0,null,null],[7,2,2,0,null,null],[5,1,1,0,null,null],[65,1,1,0,null,null]]}},{"type":"Feature","geometry":{"type":"Polygon","coordinates":[[[-149.57081,68.59304],[-149.57434,68.59169],[-149.57308,68.58997],[-149.56828,68.58961],[-149.56475,68.59096],[-149.56601,68.59267],[-149.57081,68.59304]]]},"properties":{"cell":"890d0939d83ffff","res":9,"coarsened":false,"count":123,"hv":123,"mp":0,"y0":null,"y1":null,"sp":[[28,38,38,0,null,null],[30,28,28,0,null,null],[31,16,16,0,null,null],[23,15,15,0,null,null],[15,7,7,0,null,null],[0,6,6,0,null,null],[83,4,4,0,null,null],[63,2,2,0,null,null],[13,2,2,0,null,null],[27,1,1,0,null,null],[5,1,1,0,null,null],[98,1,1,0,null,null],[36,1,1,0,null,null],[18,1,1,0,null,null]]}},{"type":"Feature","geometry":{"type":"Polygon","coordinates":[[[-149.57235,68.60125],[-149.57588,68.5999],[-149.57462,68.59819],[-149.56982,68.59782],[-149.56628,68.59917],[-149.56755,68.60089],[-149.57235,68.60125]]]},"properties":{"cell":"890d0938377ffff","res":9,"coarsened":false,"count":44,"hv":44,"mp":0,"y0":null,"y1":null,"sp":[[28,17,17,0,null,null],[30,9,9,0,null,null],[23,4,4,0,null,null],[31,3,3,0,null,null],[98,2,2,0,null,null],[43,2,2,0,null,null],[83,2,2,0,null,null],[15,2,2,0,null,null],[54,1,1,0,null,null],[13,1,1,0,null,null],[5,1,1,0,null,null]]}},{"type":"Feature","geometry":{"type":"Polygon","coordinates":[[[-149.57163,68.61254],[-149.57516,68.61119],[-149.57389,68.60947],[-149.56909,68.60911],[-149.56556,68.61046],[-149.56683,68.61217],[-149.57163,68.61254]]]},"properties":{"cell":"890d09383c7ffff","res":9,"coarsened":false,"count":56,"hv":56,"mp":0,"y0":null,"y1":null,"sp":[[28,17,17,0,null,null],[30,8,8,0,null,null],[98,6,6,0,null,null],[0,5,5,0,null,null],[13,3,3,0,null,null],[31,3,3,0,null,null],[83,3,3,0,null,null],[54,2,2,0,null,null],[18,2,2,0,null,null],[99,1,1,0,null,null],[27,1,1,0,null,null],[15,1,1,0,null,null],[43,1,1,0,null,null],[23,1,1,0,null,null],[63,1,1,0,null,null],[4,1,1,0,null,null]]}},{"type":"Feature","geometry":{"type":"Polygon","coordinates":[[[-149.56483,68.62174],[-149.56836,68.62039],[-149.5671,68.61868],[-149.56229,68.61831],[-149.55876,68.61966],[-149.56002,68.62138],[-149.56483,68.62174]]]},"properties":{"cell":"890d0938063ffff","res":9,"coarsened":false,"count":93,"hv":93,"mp":0,"y0":null,"y1":null,"sp":[[28,41,41,0,null,null],[30,21,21,0,null,null],[0,6,6,0,null,null],[31,5,5,0,null,null],[13,4,4,0,null,null],[83,3,3,0,null,null],[63,3,3,0,null,null],[9,3,3,0,null,null],[18,3,3,0,null,null],[7,3,3,0,null,null],[15,1,1,0,null,null]]}},{"type":"Feature","geometry":{"type":"Polygon","coordinates":[[[-149.55042,68.62065],[-149.55395,68.6193],[-149.55269,68.61758],[-149.54788,68.61721],[-149.54435,68.61857],[-149.54561,68.62028],[-149.55042,68.62065]]]},"properties":{"cell":"890d093802bffff","res":9,"coarsened":false,"count":202,"hv":202,"mp":0,"y0":null,"y1":null,"sp":[[28,74,74,0,null,null],[30,33,33,0,null,null],[5,18,18,0,null,null],[31,17,17,0,null,null],[63,12,12,0,null,null],[23,10,10,0,null,null],[0,9,9,0,null,null],[103,5,5,0,null,null],[18,5,5,0,null,null],[65,3,3,0,null,null],[98,2,2,0,null,null],[33,2,2,0,null,null],[7,2,2,0,null,null],[74,2,2,0,null,null],[83,2,2,0,null,null],[72,1,1,0,null,null],[57,1,1,0,null,null],[104,1,1,0,null,null],[32,1,1,0,null,null],[13,1,1,0,null,null],[100,1,1,0,null,null]]}},{"type":"Feature","geometry":{"type":"Polygon","coordinates":[[[-151.08641,66.74192],[-151.08956,66.74055],[-151.08828,66.73888],[-151.08384,66.73858],[-151.08069,66.73995],[-151.08197,66.74162],[-151.08641,66.74192]]]},"properties":{"cell":"890d5200c6fffff","res":9,"coarsened":false,"count":2,"hv":2,"mp":0,"y0":2008,"y1":2008,"sp":[[65,2,2,0,2008,2008]]}},{"type":"Feature","geometry":{"type":"Polygon","coordinates":[[[-150.16793,67.25293],[-150.17121,67.25157],[-150.16997,67.24988],[-150.16546,67.24955],[-150.16218,67.25091],[-150.16341,67.25259],[-150.16793,67.25293]]]},"properties":{"cell":"890d52966d7ffff","res":9,"coarsened":false,"count":39,"hv":39,"mp":0,"y0":null,"y1":null,"sp":[[18,6,6,0,null,null],[17,6,6,0,null,null],[86,5,5,0,null,null],[55,4,4,0,null,null],[13,3,3,0,null,null],[105,2,2,0,null,null],[92,2,2,0,null,null],[76,2,2,0,null,null],[7,2,2,0,null,null],[0,1,1,0,null,null],[4,1,1,0,null,null],[115,1,1,0,null,null],[91,1,1,0,null,null],[58,1,1,0,null,null],[87,1,1,0,null,null],[30,1,1,0,null,null]]}},{"type":"Feature","geometry":{"type":"Polygon","coordinates":[[[-150.15006,67.3219],[-150.15335,67.32055],[-150.15211,67.31886],[-150.14758,67.31852],[-150.14429,67.31988],[-150.14553,67.32157],[-150.15006,67.3219]]]},"properties":{"cell":"890d562c2abffff","res":9,"coarsened":false,"count":438,"hv":438,"mp":0,"y0":null,"y1":null,"sp":[[17,24,24,0,null,null],[13,24,24,0,null,null],[18,24,24,0,null,null],[68,22,22,0,null,null],[55,21,21,0,null,null],[91,21,21,0,null,null],[21,21,21,0,null,null],[76,20,20,0,null,null],[0,19,19,0,null,null],[30,18,18,0,null,null],[58,16,16,0,null,null],[86,16,16,0,null,null],[7,15,15,0,null,null],[4,13,13,0,null,null],[19,13,13,0,null,null],[73,12,12,0,null,null],[75,12,12,0,null,null],[65,12,12,0,null,null],[87,11,11,0,null,null],[105,10,10,0,null,null],[59,9,9,0,null,null],[71,8,8,0,null,null],[89,7,7,0,null,null],[139,7,7,0,null,null],[92,6,6,0,null,null],[38,6,6,0,null,null],[108,5,5,0,null,null],[98,5,5,0,null,null],[61,5,5,0,null,null],[34,4,4,0,null,null],[106,4,4,0,null,null],[115,3,3,0,null,null],[9,2,2,0,null,null],[100,2,2,0,null,null],[39,2,2,0,null,null],[142,2,2,0,null,null],[147,2,2,0,null,null],[103,2,2,0,null,null],[70,2,2,0,null,null],[112,1,1,0,null,null],[117,1,1,0,null,null],[134,1,1,0,null,null],[82,1,1,0,null,null],[46,1,1,0,null,null],[120,1,1,0,null,null],[107,1,1,0,null,null],[118,1,1,0,null,null],[149,1,1,0,null,null],[116,1,1,0,null,null],[53,1,1,0,null,null]]}},{"type":"Feature","geometry":{"type":"Polygon","coordinates":[[[-149.7238,68.01031],[-149.72722,68.00896],[-149.72598,68.00725],[-149.72131,68.0069],[-149.71789,68.00825],[-149.71913,68.00996],[-149.7238,68.01031]]]},"properties":{"cell":"890d5685a2fffff","res":9,"coarsened":false,"count":359,"hv":359,"mp":0,"y0":null,"y1":null,"sp":[[18,35,35,0,null,null],[17,28,28,0,null,null],[13,24,24,0,null,null],[58,23,23,0,null,null],[86,19,19,0,null,null],[21,17,17,0,null,null],[76,16,16,0,null,null],[30,15,15,0,null,null],[100,14,14,0,null,null],[55,13,13,0,null,null],[114,13,13,0,null,null],[0,13,13,0,null,null],[75,12,12,0,null,null],[19,11,11,0,null,null],[105,10,10,0,null,null],[59,10,10,0,null,null],[7,9,9,0,null,null],[4,8,8,0,null,null],[118,7,7,0,null,null],[89,6,6,0,null,null],[87,6,6,0,null,null],[73,5,5,0,null,null],[65,4,4,0,null,null],[71,4,4,0,null,null],[68,4,4,0,null,null],[102,4,4,0,null,null],[74,3,3,0,null,null],[92,2,2,0,null,null],[98,2,2,0,null,null],[46,2,2,0,null,null],[90,2,2,0,null,null],[115,2,2,0,null,null],[139,2,2,0,null,null],[9,2,2,0,null,null],[112,1,1,0,null,null],[113,1,1,0,null,null],[40,1,1,0,null,null],[116,1,1,0,null,null],[120,1,1,0,null,null],[91,1,1,0,null,null],[108,1,1,0,null,null],[38,1,1,0,null,null],[148,1,1,0,null,null],[142,1,1,0,null,null],[49,1,1,0,null,null],[110,1,1,0,null,null]]}},{"type":"Feature","geometry":{"type":"Polygon","coordinates":[[[-150.65786,66.65183],[-150.66103,66.65047],[-150.65979,66.6488],[-150.65538,66.64848],[-150.65221,66.64984],[-150.65345,66.65152],[-150.65786,66.65183]]]},"properties":{"cell":"890d5233473ffff","res":9,"coarsened":false,"count":79,"hv":79,"mp":0,"y0":null,"y1":null,"sp":[[55,13,13,0,null,null],[18,13,13,0,null,null],[91,10,10,0,null,null],[13,8,8,0,null,null],[21,6,6,0,null,null],[86,5,5,0,null,null],[7,4,4,0,null,null],[19,4,4,0,null,null],[75,3,3,0,null,null],[77,2,2,0,null,null],[90,2,2,0,null,null],[76,2,2,0,null,null],[0,2,2,0,null,null],[65,1,1,0,null,null],[112,1,1,0,null,null],[106,1,1,0,null,null],[17,1,1,0,null,null],[92,1,1,0,null,null]]}},{"type":"Feature","geometry":{"type":"Polygon","coordinates":[[[-149.7376,67.72191],[-149.74097,67.72056],[-149.73974,67.71886],[-149.73514,67.71851],[-149.73176,67.71986],[-149.73299,67.72156],[-149.7376,67.72191]]]},"properties":{"cell":"890d56a8877ffff","res":9,"coarsened":false,"count":29,"hv":29,"mp":0,"y0":null,"y1":null,"sp":[[18,11,11,0,null,null],[17,4,4,0,null,null],[100,4,4,0,null,null],[13,3,3,0,null,null],[4,2,2,0,null,null],[19,1,1,0,null,null],[76,1,1,0,null,null],[89,1,1,0,null,null],[105,1,1,0,null,null],[59,1,1,0,null,null]]}},{"type":"Feature","geometry":{"type":"Polygon","coordinates":[[[-150.68363,66.7314],[-150.68681,66.73004],[-150.68556,66.72836],[-150.68113,66.72805],[-150.67796,66.72941],[-150.67921,66.73109],[-150.68363,66.7314]]]},"properties":{"cell":"890d52a9287ffff","res":9,"coarsened":false,"count":352,"hv":352,"mp":0,"y0":null,"y1":null,"sp":[[18,23,23,0,null,null],[19,23,23,0,null,null],[13,23,23,0,null,null],[17,23,23,0,null,null],[55,22,22,0,null,null],[76,21,21,0,null,null],[86,20,20,0,null,null],[91,17,17,0,null,null],[21,16,16,0,null,null],[0,15,15,0,null,null],[68,15,15,0,null,null],[75,14,14,0,null,null],[73,13,13,0,null,null],[58,13,13,0,null,null],[30,11,11,0,null,null],[92,7,7,0,null,null],[7,7,7,0,null,null],[90,6,6,0,null,null],[106,5,5,0,null,null],[105,5,5,0,null,null],[23,5,5,0,null,null],[65,5,5,0,null,null],[61,5,5,0,null,null],[77,4,4,0,null,null],[87,4,4,0,null,null],[4,3,3,0,null,null],[89,3,3,0,null,null],[59,3,3,0,null,null],[139,3,3,0,null,null],[116,2,2,0,null,null],[135,2,2,0,null,null],[112,2,2,0,null,null],[71,1,1,0,null,null],[111,1,1,0,null,null],[67,1,1,0,null,null],[40,1,1,0,null,null],[118,1,1,0,null,null],[150,1,1,0,null,null],[149,1,1,0,null,null],[151,1,1,0,null,null],[9,1,1,0,null,null],[63,1,1,0,null,null],[82,1,1,0,null,null],[152,1,1,0,null,null]]}},{"type":"Feature","geometry":{"type":"Polygon","coordinates":[[[-150.33987,67.13307],[-150.34312,67.13172],[-150.34188,67.13003],[-150.33738,67.1297],[-150.33413,67.13106],[-150.33537,67.13275],[-150.33987,67.13307]]]},"properties":{"cell":"890d5295a9bffff","res":9,"coarsened":false,"count":47,"hv":47,"mp":0,"y0":null,"y1":null,"sp":[[13,7,7,0,null,null],[18,7,7,0,null,null],[17,6,6,0,null,null],[91,5,5,0,null,null],[68,5,5,0,null,null],[30,3,3,0,null,null],[75,3,3,0,null,null],[73,2,2,0,null,null],[21,2,2,0,null,null],[0,2,2,0,null,null],[19,2,2,0,null,null],[55,1,1,0,null,null],[139,1,1,0,null,null],[76,1,1,0,null,null]]}},{"type":"Feature","geometry":{"type":"Polygon","coordinates":[[[-150.65945,66.68208],[-150.66262,66.68072],[-150.66138,66.67904],[-150.65696,66.67873],[-150.65379,66.68009],[-150.65504,66.68177],[-150.65945,66.68208]]]},"properties":{"cell":"890d5206d27ffff","res":9,"coarsened":false,"count":75,"hv":75,"mp":0,"y0":null,"y1":null,"sp":[[55,14,14,0,null,null],[18,11,11,0,null,null],[76,11,11,0,null,null],[13,9,9,0,null,null],[17,8,8,0,null,null],[86,7,7,0,null,null],[68,2,2,0,null,null],[58,2,2,0,null,null],[21,2,2,0,null,null],[87,2,2,0,null,null],[7,1,1,0,null,null],[0,1,1,0,null,null],[92,1,1,0,null,null],[135,1,1,0,null,null],[75,1,1,0,null,null],[61,1,1,0,null,null],[105,1,1,0,null,null]]}},{"type":"Feature","geometry":{"type":"Polygon","coordinates":[[[-149.81273,67.84328],[-149.81612,67.84193],[-149.81488,67.84022],[-149.81025,67.83987],[-149.80686,67.84123],[-149.8081,67.84293],[-149.81273,67.84328]]]},"properties":{"cell":"890d56ab5d7ffff","res":9,"coarsened":false,"count":20,"hv":20,"mp":0,"y0":null,"y1":null,"sp":[[17,5,5,0,null,null],[58,5,5,0,null,null],[13,3,3,0,null,null],[18,3,3,0,null,null],[102,1,1,0,null,null],[86,1,1,0,null,null],[92,1,1,0,null,null],[76,1,1,0,null,null]]}},{"type":"Feature","geometry":{"type":"Polygon","coordinates":[[[-149.75954,67.98082],[-149.76296,67.97946],[-149.76172,67.97776],[-149.75705,67.97741],[-149.75364,67.97876],[-149.75488,67.98046],[-149.75954,67.98082]]]},"properties":{"cell":"890d56bb013ffff","res":9,"coarsened":false,"count":19,"hv":19,"mp":0,"y0":null,"y1":null,"sp":[[18,9,9,0,null,null],[17,2,2,0,null,null],[13,2,2,0,null,null],[55,1,1,0,null,null],[75,1,1,0,null,null],[21,1,1,0,null,null],[76,1,1,0,null,null],[114,1,1,0,null,null],[7,1,1,0,null,null]]}},{"type":"Feature","geometry":{"type":"Polygon","coordinates":[[[-150.35146,67.21208],[-150.42872,67.19533],[-150.43392,67.16221],[-150.3621,67.14585],[-150.28498,67.16257],[-150.27955,67.19567],[-150.35146,67.21208]]]},"properties":{"cell":"860d52957ffffff","res":6,"coarsened":true,"count":26,"hv":26,"mp":0,"y0":null,"y1":null,"sp":[[79,26,26,0,null,null]]}},{"type":"Feature","geometry":{"type":"Polygon","coordinates":[[[-150.21099,67.24173],[-150.21427,67.24037],[-150.21302,67.23868],[-150.20851,67.23835],[-150.20523,67.23971],[-150.20647,67.2414],[-150.21099,67.24173]]]},"properties":{"cell":"890d529758fffff","res":9,"coarsened":false,"count":39,"hv":39,"mp":0,"y0":null,"y1":null,"sp":[[18,8,8,0,null,null],[91,6,6,0,null,null],[76,5,5,0,null,null],[13,4,4,0,null,null],[17,4,4,0,null,null],[19,4,4,0,null,null],[21,3,3,0,null,null],[89,1,1,0,null,null],[55,1,1,0,null,null],[92,1,1,0,null,null],[75,1,1,0,null,null],[7,1,1,0,null,null]]}},{"type":"Feature","geometry":{"type":"Polygon","coordinates":[[[-149.61034,68.62196],[-149.61388,68.6206],[-149.6126,68.61889],[-149.6078,68.61852],[-149.60426,68.61988],[-149.60554,68.62159],[-149.61034,68.62196]]]},"properties":{"cell":"890d0938203ffff","res":9,"coarsened":false,"count":22,"hv":22,"mp":0,"y0":null,"y1":null,"sp":[[28,12,12,0,null,null],[30,6,6,0,null,null],[13,3,3,0,null,null],[0,1,1,0,null,null]]}},{"type":"Feature","geometry":{"type":"Polygon","coordinates":[[[-149.77965,67.9421],[-149.78305,67.94075],[-149.78181,67.93904],[-149.77715,67.93869],[-149.77374,67.94004],[-149.77499,67.94175],[-149.77965,67.9421]]]},"properties":{"cell":"890d56b9583ffff","res":9,"coarsened":false,"count":106,"hv":106,"mp":0,"y0":null,"y1":null,"sp":[[18,15,15,0,null,null],[17,11,11,0,null,null],[13,9,9,0,null,null],[86,8,8,0,null,null],[76,7,7,0,null,null],[7,7,7,0,null,null],[21,6,6,0,null,null],[58,6,6,0,null,null],[100,6,6,0,null,null],[105,5,5,0,null,null],[55,4,4,0,null,null],[30,4,4,0,null,null],[89,3,3,0,null,null],[114,3,3,0,null,null],[4,2,2,0,null,null],[59,2,2,0,null,null],[87,2,2,0,null,null],[71,2,2,0,null,null],[38,1,1,0,null,null],[139,1,1,0,null,null],[75,1,1,0,null,null],[40,1,1,0,null,null]]}},{"type":"Feature","geometry":{"type":"Polygon","coordinates":[[[-156.9726,66.84069],[-156.97544,66.83919],[-156.97367,66.83755],[-156.96907,66.83742],[-156.96622,66.83891],[-156.96799,66.84055],[-156.9726,66.84069]]]},"properties":{"cell":"890c204c603ffff","res":9,"coarsened":false,"count":1,"hv":1,"mp":0,"y0":null,"y1":null,"sp":[[82,1,1,0,null,null]]}},{"type":"Feature","geometry":{"type":"Polygon","coordinates":[[[-156.59862,66.83228],[-156.60148,66.83079],[-156.59975,66.82915],[-156.59515,66.829],[-156.59229,66.83049],[-156.59402,66.83213],[-156.59862,66.83228]]]},"properties":{"cell":"890c20459cfffff","res":9,"coarsened":false,"count":5,"hv":5,"mp":0,"y0":null,"y1":null,"sp":[[107,5,5,0,null,null]]}},{"type":"Feature","geometry":{"type":"Polygon","coordinates":[[[-150.66275,66.73151],[-150.66593,66.73014],[-150.66468,66.72847],[-150.66026,66.72815],[-150.65708,66.72952],[-150.65833,66.73119],[-150.66275,66.73151]]]},"properties":{"cell":"890d52a9047ffff","res":9,"coarsened":false,"count":39,"hv":39,"mp":0,"y0":null,"y1":null,"sp":[[18,10,10,0,null,null],[55,5,5,0,null,null],[19,5,5,0,null,null],[13,5,5,0,null,null],[91,4,4,0,null,null],[86,2,2,0,null,null],[76,2,2,0,null,null],[17,2,2,0,null,null],[7,1,1,0,null,null],[68,1,1,0,null,null],[58,1,1,0,null,null],[0,1,1,0,null,null]]}},{"type":"Feature","geometry":{"type":"Polygon","coordinates":[[[-150.66864,66.71129],[-150.67181,66.70993],[-150.67057,66.70826],[-150.66614,66.70794],[-150.66297,66.7093],[-150.66422,66.71098],[-150.66864,66.71129]]]},"properties":{"cell":"890d52a930bffff","res":9,"coarsened":false,"count":43,"hv":43,"mp":0,"y0":null,"y1":null,"sp":[[18,9,9,0,null,null],[55,5,5,0,null,null],[0,4,4,0,null,null],[13,3,3,0,null,null],[91,3,3,0,null,null],[17,3,3,0,null,null],[76,3,3,0,null,null],[19,2,2,0,null,null],[21,2,2,0,null,null],[68,2,2,0,null,null],[73,2,2,0,null,null],[105,1,1,0,null,null],[86,1,1,0,null,null],[90,1,1,0,null,null],[30,1,1,0,null,null],[65,1,1,0,null,null]]}},{"type":"Feature","geometry":{"type":"Polygon","coordinates":[[[-150.66286,66.7204],[-150.66604,66.71904],[-150.66479,66.71737],[-150.66037,66.71705],[-150.65719,66.71841],[-150.65844,66.72009],[-150.66286,66.7204]]]},"properties":{"cell":"890d52a93d7ffff","res":9,"coarsened":false,"count":42,"hv":42,"mp":0,"y0":null,"y1":null,"sp":[[55,8,8,0,null,null],[17,6,6,0,null,null],[18,6,6,0,null,null],[13,6,6,0,null,null],[19,3,3,0,null,null],[91,2,2,0,null,null],[75,2,2,0,null,null],[68,2,2,0,null,null],[0,2,2,0,null,null],[7,1,1,0,null,null],[92,1,1,0,null,null],[59,1,1,0,null,null],[86,1,1,0,null,null],[76,1,1,0,null,null]]}},{"type":"Feature","geometry":{"type":"Polygon","coordinates":[[[-150.66533,66.66188],[-150.6685,66.66052],[-150.66725,66.65884],[-150.66284,66.65853],[-150.65967,66.65989],[-150.66092,66.66156],[-150.66533,66.66188]]]},"properties":{"cell":"890d52334cbffff","res":9,"coarsened":false,"count":43,"hv":43,"mp":0,"y0":null,"y1":null,"sp":[[55,10,10,0,null,null],[91,5,5,0,null,null],[13,4,4,0,null,null],[21,4,4,0,null,null],[17,3,3,0,null,null],[106,2,2,0,null,null],[86,2,2,0,null,null],[65,2,2,0,null,null],[18,2,2,0,null,null],[75,2,2,0,null,null],[87,2,2,0,null,null],[4,1,1,0,null,null],[92,1,1,0,null,null],[73,1,1,0,null,null],[59,1,1,0,null,null],[76,1,1,0,null,null]]}},{"type":"Feature","geometry":{"type":"Polygon","coordinates":[[[-150.66127,66.69014],[-150.66444,66.68878],[-150.66319,66.68711],[-150.65877,66.68679],[-150.6556,66.68815],[-150.65685,66.68983],[-150.66127,66.69014]]]},"properties":{"cell":"890d5206dabffff","res":9,"coarsened":false,"count":74,"hv":74,"mp":0,"y0":null,"y1":null,"sp":[[18,16,16,0,null,null],[13,11,11,0,null,null],[55,9,9,0,null,null],[86,9,9,0,null,null],[17,8,8,0,null,null],[76,5,5,0,null,null],[68,3,3,0,null,null],[75,3,3,0,null,null],[0,2,2,0,null,null],[7,1,1,0,null,null],[90,1,1,0,null,null],[59,1,1,0,null,null],[91,1,1,0,null,null],[112,1,1,0,null,null],[21,1,1,0,null,null],[92,1,1,0,null,null],[73,1,1,0,null,null]]}},{"type":"Feature","geometry":{"type":"Polygon","coordinates":[[[-150.34305,67.16042],[-150.34631,67.15906],[-150.34506,67.15737],[-150.34056,67.15705],[-150.3373,67.1584],[-150.33855,67.16009],[-150.34305,67.16042]]]},"properties":{"cell":"890d52953b7ffff","res":9,"coarsened":false,"count":31,"hv":31,"mp":0,"y0":null,"y1":null,"sp":[[18,8,8,0,null,null],[13,3,3,0,null,null],[19,3,3,0,null,null],[58,3,3,0,null,null],[75,2,2,0,null,null],[55,2,2,0,null,null],[91,2,2,0,null,null],[21,2,2,0,null,null],[4,1,1,0,null,null],[17,1,1,0,null,null],[108,1,1,0,null,null],[92,1,1,0,null,null],[53,1,1,0,null,null],[68,1,1,0,null,null]]}},{"type":"Feature","geometry":{"type":"Polygon","coordinates":[[[-150.16143,67.27321],[-150.16471,67.27186],[-150.16348,67.27017],[-150.15895,67.26983],[-150.15567,67.27119],[-150.15691,67.27288],[-150.16143,67.27321]]]},"properties":{"cell":"890d562d9c3ffff","res":9,"coarsened":false,"count":62,"hv":62,"mp":0,"y0":null,"y1":null,"sp":[[18,14,14,0,null,null],[17,11,11,0,null,null],[86,7,7,0,null,null],[55,6,6,0,null,null],[91,3,3,0,null,null],[7,3,3,0,null,null],[13,3,3,0,null,null],[21,3,3,0,null,null],[19,2,2,0,null,null],[105,1,1,0,null,null],[92,1,1,0,null,null],[75,1,1,0,null,null],[0,1,1,0,null,null],[68,1,1,0,null,null],[58,1,1,0,null,null],[76,1,1,0,null,null],[70,1,1,0,null,null],[61,1,1,0,null,null],[30,1,1,0,null,null]]}},{"type":"Feature","geometry":{"type":"Polygon","coordinates":[[[-150.35299,67.07027],[-150.35624,67.06891],[-150.35499,67.06723],[-150.35051,67.0669],[-150.34726,67.06826],[-150.34851,67.06994],[-150.35299,67.07027]]]},"properties":{"cell":"890d5287153ffff","res":9,"coarsened":false,"count":147,"hv":147,"mp":0,"y0":null,"y1":null,"sp":[[18,21,21,0,null,null],[13,16,16,0,null,null],[68,15,15,0,null,null],[17,11,11,0,null,null],[55,11,11,0,null,null],[0,8,8,0,null,null],[30,8,8,0,null,null],[21,7,7,0,null,null],[91,6,6,0,null,null],[19,6,6,0,null,null],[75,5,5,0,null,null],[89,5,5,0,null,null],[76,4,4,0,null,null],[58,4,4,0,null,null],[73,3,3,0,null,null],[139,2,2,0,null,null],[71,2,2,0,null,null],[92,2,2,0,null,null],[61,2,2,0,null,null],[108,1,1,0,null,null],[100,1,1,0,null,null],[9,1,1,0,null,null],[65,1,1,0,null,null],[134,1,1,0,null,null],[38,1,1,0,null,null],[118,1,1,0,null,null],[149,1,1,0,null,null],[4,1,1,0,null,null]]}},{"type":"Feature","geometry":{"type":"Polygon","coordinates":[[[-150.32149,67.17161],[-150.32475,67.17025],[-150.32351,67.16857],[-150.319,67.16824],[-150.31574,67.1696],[-150.31699,67.17128],[-150.32149,67.17161]]]},"properties":{"cell":"890d52951c7ffff","res":9,"coarsened":false,"count":31,"hv":31,"mp":0,"y0":null,"y1":null,"sp":[[17,7,7,0,null,null],[18,5,5,0,null,null],[55,3,3,0,null,null],[58,3,3,0,null,null],[106,2,2,0,null,null],[76,2,2,0,null,null],[13,2,2,0,null,null],[89,1,1,0,null,null],[19,1,1,0,null,null],[108,1,1,0,null,null],[91,1,1,0,null,null],[0,1,1,0,null,null],[87,1,1,0,null,null],[30,1,1,0,null,null]]}},{"type":"Feature","geometry":{"type":"Polygon","coordinates":[[[-150.30021,67.17165],[-150.30347,67.1703],[-150.30223,67.16861],[-150.29772,67.16828],[-150.29446,67.16964],[-150.2957,67.17132],[-150.30021,67.17165]]]},"properties":{"cell":"890d5295187ffff","res":9,"coarsened":false,"count":14,"hv":14,"mp":0,"y0":null,"y1":null,"sp":[[55,4,4,0,null,null],[13,3,3,0,null,null],[58,2,2,0,null,null],[17,1,1,0,null,null],[106,1,1,0,null,null],[18,1,1,0,null,null],[59,1,1,0,null,null],[76,1,1,0,null,null]]}},{"type":"Feature","geometry":{"type":"Polygon","coordinates":[[[-150.29296,67.01172],[-150.2962,67.01036],[-150.29496,67.00868],[-150.29049,67.00835],[-150.28725,67.00971],[-150.28849,67.01139],[-150.29296,67.01172]]]},"properties":{"cell":"890d52843b7ffff","res":9,"coarsened":false,"count":32,"hv":32,"mp":0,"y0":null,"y1":null,"sp":[[18,10,10,0,null,null],[73,5,5,0,null,null],[55,3,3,0,null,null],[13,2,2,0,null,null],[89,2,2,0,null,null],[4,1,1,0,null,null],[100,1,1,0,null,null],[9,1,1,0,null,null],[65,1,1,0,null,null],[139,1,1,0,null,null],[30,1,1,0,null,null],[58,1,1,0,null,null],[92,1,1,0,null,null],[149,1,1,0,null,null],[17,1,1,0,null,null]]}},{"type":"Feature","geometry":{"type":"Polygon","coordinates":[[[-150.28033,67.19094],[-150.28359,67.18959],[-150.28235,67.1879],[-150.27784,67.18757],[-150.27458,67.18893],[-150.27582,67.19061],[-150.28033,67.19094]]]},"properties":{"cell":"890d52955b3ffff","res":9,"coarsened":false,"count":30,"hv":30,"mp":0,"y0":null,"y1":null,"sp":[[18,8,8,0,null,null],[17,5,5,0,null,null],[13,3,3,0,null,null],[58,3,3,0,null,null],[105,2,2,0,null,null],[55,2,2,0,null,null],[75,2,2,0,null,null],[0,1,1,0,null,null],[89,1,1,0,null,null],[21,1,1,0,null,null],[68,1,1,0,null,null],[87,1,1,0,null,null]]}},{"type":"Feature","geometry":{"type":"Polygon","coordinates":[[[-150.26041,67.21023],[-150.26368,67.20888],[-150.26244,67.20719],[-150.25792,67.20686],[-150.25466,67.20822],[-150.2559,67.2099],[-150.26041,67.21023]]]},"properties":{"cell":"890d52973b7ffff","res":9,"coarsened":false,"count":22,"hv":22,"mp":0,"y0":null,"y1":null,"sp":[[18,7,7,0,null,null],[17,3,3,0,null,null],[19,2,2,0,null,null],[13,2,2,0,null,null],[86,1,1,0,null,null],[71,1,1,0,null,null],[89,1,1,0,null,null],[91,1,1,0,null,null],[4,1,1,0,null,null],[76,1,1,0,null,null],[21,1,1,0,null,null],[68,1,1,0,null,null]]}},{"type":"Feature","geometry":{"type":"Polygon","coordinates":[[[-150.21744,67.22145],[-150.22071,67.22009],[-150.21947,67.2184],[-150.21496,67.21807],[-150.21168,67.21943],[-150.21292,67.22111],[-150.21744,67.22145]]]},"properties":{"cell":"890d5297187ffff","res":9,"coarsened":false,"count":28,"hv":28,"mp":0,"y0":null,"y1":null,"sp":[[18,11,11,0,null,null],[13,5,5,0,null,null],[17,3,3,0,null,null],[19,3,3,0,null,null],[7,1,1,0,null,null],[89,1,1,0,null,null],[76,1,1,0,null,null],[105,1,1,0,null,null],[92,1,1,0,null,null],[116,1,1,0,null,null]]}},{"type":"Feature","geometry":{"type":"Polygon","coordinates":[[[-150.21134,67.23058],[-150.21461,67.22922],[-150.21337,67.22753],[-150.20886,67.2272],[-150.20558,67.22856],[-150.20682,67.23024],[-150.21134,67.23058]]]},"properties":{"cell":"890d5297523ffff","res":9,"coarsened":false,"count":42,"hv":42,"mp":0,"y0":null,"y1":null,"sp":[[18,10,10,0,null,null],[13,5,5,0,null,null],[21,5,5,0,null,null],[91,3,3,0,null,null],[0,3,3,0,null,null],[73,2,2,0,null,null],[4,2,2,0,null,null],[30,2,2,0,null,null],[92,1,1,0,null,null],[105,1,1,0,null,null],[68,1,1,0,null,null],[58,1,1,0,null,null],[61,1,1,0,null,null],[55,1,1,0,null,null],[59,1,1,0,null,null],[86,1,1,0,null,null],[7,1,1,0,null,null],[76,1,1,0,null,null]]}},{"type":"Feature","geometry":{"type":"Polygon","coordinates":[[[-150.16403,67.31175],[-150.16732,67.31039],[-150.16608,67.3087],[-150.16155,67.30837],[-150.15826,67.30972],[-150.1595,67.31141],[-150.16403,67.31175]]]},"properties":{"cell":"890d562dc93ffff","res":9,"coarsened":false,"count":39,"hv":39,"mp":0,"y0":null,"y1":null,"sp":[[17,7,7,0,null,null],[55,6,6,0,null,null],[76,5,5,0,null,null],[18,4,4,0,null,null],[13,3,3,0,null,null],[92,2,2,0,null,null],[86,2,2,0,null,null],[21,2,2,0,null,null],[105,1,1,0,null,null],[112,1,1,0,null,null],[106,1,1,0,null,null],[4,1,1,0,null,null],[30,1,1,0,null,null],[0,1,1,0,null,null],[7,1,1,0,null,null],[58,1,1,0,null,null]]}},{"type":"Feature","geometry":{"type":"Polygon","coordinates":[[[-150.32293,67.04099],[-150.32617,67.03963],[-150.32494,67.03795],[-150.32046,67.03762],[-150.31722,67.03898],[-150.31846,67.04066],[-150.32293,67.04099]]]},"properties":{"cell":"890d52840dbffff","res":9,"coarsened":false,"count":27,"hv":27,"mp":0,"y0":null,"y1":null,"sp":[[18,9,9,0,null,null],[13,4,4,0,null,null],[17,4,4,0,null,null],[55,4,4,0,null,null],[21,2,2,0,null,null],[89,1,1,0,null,null],[73,1,1,0,null,null],[58,1,1,0,null,null],[19,1,1,0,null,null]]}},{"type":"Feature","geometry":{"type":"Polygon","coordinates":[[[-150.25871,67.20213],[-150.26197,67.20077],[-150.26073,67.19908],[-150.25622,67.19875],[-150.25295,67.20011],[-150.2542,67.2018],[-150.25871,67.20213]]]},"properties":{"cell":"890d52946c3ffff","res":9,"coarsened":false,"count":147,"hv":147,"mp":0,"y0":null,"y1":null,"sp":[[18,18,18,0,null,null],[13,14,14,0,null,null],[17,12,12,0,null,null],[19,11,11,0,null,null],[55,10,10,0,null,null],[58,10,10,0,null,null],[21,9,9,0,null,null],[68,9,9,0,null,null],[76,8,8,0,null,null],[91,7,7,0,null,null],[87,7,7,0,null,null],[105,4,4,0,null,null],[75,4,4,0,null,null],[0,3,3,0,null,null],[61,3,3,0,null,null],[86,3,3,0,null,null],[59,2,2,0,null,null],[92,2,2,0,null,null],[139,2,2,0,null,null],[30,2,2,0,null,null],[89,1,1,0,null,null],[4,1,1,0,null,null],[108,1,1,0,null,null],[106,1,1,0,null,null],[73,1,1,0,null,null],[53,1,1,0,null,null],[65,1,1,0,null,null]]}},{"type":"Feature","geometry":{"type":"Polygon","coordinates":[[[-150.16961,67.26104],[-150.17289,67.25968],[-150.17165,67.25799],[-150.16713,67.25766],[-150.16385,67.25902],[-150.16509,67.2607],[-150.16961,67.26104]]]},"properties":{"cell":"890d562d97bffff","res":9,"coarsened":false,"count":242,"hv":242,"mp":0,"y0":null,"y1":null,"sp":[[18,31,31,0,null,null],[30,23,23,0,null,null],[13,20,20,0,null,null],[17,19,19,0,null,null],[91,16,16,0,null,null],[55,14,14,0,null,null],[76,12,12,0,null,null],[19,10,10,0,null,null],[21,10,10,0,null,null],[65,9,9,0,null,null],[0,9,9,0,null,null],[7,8,8,0,null,null],[86,7,7,0,null,null],[68,7,7,0,null,null],[4,5,5,0,null,null],[87,5,5,0,null,null],[73,4,4,0,null,null],[105,4,4,0,null,null],[75,4,4,0,null,null],[139,4,4,0,null,null],[58,4,4,0,null,null],[59,2,2,0,null,null],[92,2,2,0,null,null],[98,2,2,0,null,null],[46,1,1,0,null,null],[107,1,1,0,null,null],[61,1,1,0,null,null],[116,1,1,0,null,null],[100,1,1,0,null,null],[103,1,1,0,null,null],[34,1,1,0,null,null],[106,1,1,0,null,null],[74,1,1,0,null,null],[153,1,1,0,null,null],[72,1,1,0,null,null]]}},{"type":"Feature","geometry":{"type":"Polygon","coordinates":[[[-150.16441,67.30059],[-150.16769,67.29923],[-150.16645,67.29755],[-150.16192,67.29721],[-150.15864,67.29857],[-150.15988,67.30026],[-150.16441,67.30059]]]},"properties":{"cell":"890d562dcabffff","res":9,"coarsened":false,"count":77,"hv":77,"mp":0,"y0":null,"y1":null,"sp":[[18,20,20,0,null,null],[13,12,12,0,null,null],[17,8,8,0,null,null],[68,4,4,0,null,null],[76,4,4,0,null,null],[4,3,3,0,null,null],[91,3,3,0,null,null],[105,3,3,0,null,null],[65,3,3,0,null,null],[21,3,3,0,null,null],[30,2,2,0,null,null],[61,2,2,0,null,null],[73,2,2,0,null,null],[7,1,1,0,null,null],[86,1,1,0,null,null],[19,1,1,0,null,null],[55,1,1,0,null,null],[92,1,1,0,null,null],[58,1,1,0,null,null],[38,1,1,0,null,null],[0,1,1,0,null,null]]}},{"type":"Feature","geometry":{"type":"Polygon","coordinates":[[[-150.64151,66.76492],[-150.71704,66.74805],[-150.72171,66.71505],[-150.65107,66.69894],[-150.57568,66.71578],[-150.57079,66.74877],[-150.64151,66.76492]]]},"properties":{"cell":"860d52a97ffffff","res":6,"coarsened":true,"count":19,"hv":19,"mp":0,"y0":null,"y1":null,"sp":[[79,19,19,0,null,null]]}},{"type":"Feature","geometry":{"type":"Polygon","coordinates":[[[-150.34381,67.05207],[-150.34705,67.05071],[-150.34581,67.04903],[-150.34133,67.0487],[-150.33809,67.05006],[-150.33933,67.05175],[-150.34381,67.05207]]]},"properties":{"cell":"890d528468bffff","res":9,"coarsened":false,"count":31,"hv":31,"mp":0,"y0":null,"y1":null,"sp":[[18,8,8,0,null,null],[68,4,4,0,null,null],[91,4,4,0,null,null],[13,4,4,0,null,null],[89,2,2,0,null,null],[17,1,1,0,null,null],[106,1,1,0,null,null],[134,1,1,0,null,null],[19,1,1,0,null,null],[30,1,1,0,null,null],[21,1,1,0,null,null],[139,1,1,0,null,null],[71,1,1,0,null,null],[76,1,1,0,null,null]]}},{"type":"Feature","geometry":{"type":"Polygon","coordinates":[[[-150.33926,67.08042],[-150.3425,67.07907],[-150.34126,67.07738],[-150.33677,67.07705],[-150.33353,67.07841],[-150.33477,67.0801],[-150.33926,67.08042]]]},"properties":{"cell":"890d528756bffff","res":9,"coarsened":false,"count":67,"hv":67,"mp":0,"y0":null,"y1":null,"sp":[[18,20,20,0,null,null],[0,8,8,0,null,null],[13,6,6,0,null,null],[68,6,6,0,null,null],[30,6,6,0,null,null],[75,4,4,0,null,null],[73,4,4,0,null,null],[17,3,3,0,null,null],[4,2,2,0,null,null],[139,2,2,0,null,null],[19,2,2,0,null,null],[91,1,1,0,null,null],[108,1,1,0,null,null],[21,1,1,0,null,null],[76,1,1,0,null,null]]}},{"type":"Feature","geometry":{"type":"Polygon","coordinates":[[[-150.34043,67.11079],[-150.34368,67.10944],[-150.34243,67.10775],[-150.33794,67.10742],[-150.33469,67.10878],[-150.33593,67.11047],[-150.34043,67.11079]]]},"properties":{"cell":"890d5287497ffff","res":9,"coarsened":false,"count":39,"hv":39,"mp":0,"y0":null,"y1":null,"sp":[[18,8,8,0,null,null],[68,5,5,0,null,null],[13,4,4,0,null,null],[17,4,4,0,null,null],[0,4,4,0,null,null],[4,2,2,0,null,null],[91,2,2,0,null,null],[65,1,1,0,null,null],[73,1,1,0,null,null],[89,1,1,0,null,null],[38,1,1,0,null,null],[86,1,1,0,null,null],[106,1,1,0,null,null],[92,1,1,0,null,null],[139,1,1,0,null,null],[76,1,1,0,null,null],[30,1,1,0,null,null]]}},{"type":"Feature","geometry":{"type":"Polygon","coordinates":[[[-150.1631,67.28132],[-150.16639,67.27997],[-150.16515,67.27828],[-150.16063,67.27794],[-150.15734,67.2793],[-150.15858,67.28099],[-150.1631,67.28132]]]},"properties":{"cell":"890d562d8b7ffff","res":9,"coarsened":false,"count":39,"hv":39,"mp":0,"y0":null,"y1":null,"sp":[[18,11,11,0,null,null],[17,6,6,0,null,null],[91,4,4,0,null,null],[21,4,4,0,null,null],[13,3,3,0,null,null],[87,2,2,0,null,null],[68,2,2,0,null,null],[0,2,2,0,null,null],[76,1,1,0,null,null],[4,1,1,0,null,null],[30,1,1,0,null,null],[55,1,1,0,null,null],[7,1,1,0,null,null]]}},{"type":"Feature","geometry":{"type":"Polygon","coordinates":[[[-150.15789,67.32088],[-150.16118,67.31953],[-150.15994,67.31784],[-150.1554,67.3175],[-150.15211,67.31886],[-150.15335,67.32055],[-150.15789,67.32088]]]},"properties":{"cell":"890d562c207ffff","res":9,"coarsened":false,"count":34,"hv":34,"mp":0,"y0":null,"y1":null,"sp":[[55,7,7,0,null,null],[76,4,4,0,null,null],[21,4,4,0,null,null],[86,2,2,0,null,null],[58,2,2,0,null,null],[17,2,2,0,null,null],[105,1,1,0,null,null],[92,1,1,0,null,null],[117,1,1,0,null,null],[65,1,1,0,null,null],[106,1,1,0,null,null],[108,1,1,0,null,null],[68,1,1,0,null,null],[71,1,1,0,null,null],[0,1,1,0,null,null],[59,1,1,0,null,null],[18,1,1,0,null,null],[13,1,1,0,null,null],[147,1,1,0,null,null]]}},{"type":"Feature","geometry":{"type":"Polygon","coordinates":[[[-149.81974,67.82291],[-149.82313,67.82156],[-149.82189,67.81986],[-149.81726,67.81951],[-149.81387,67.82086],[-149.81511,67.82256],[-149.81974,67.82291]]]},"properties":{"cell":"890d56ab19bffff","res":9,"coarsened":false,"count":40,"hv":40,"mp":0,"y0":null,"y1":null,"sp":[[18,13,13,0,null,null],[17,13,13,0,null,null],[13,4,4,0,null,null],[58,3,3,0,null,null],[59,2,2,0,null,null],[105,1,1,0,null,null],[0,1,1,0,null,null],[55,1,1,0,null,null],[86,1,1,0,null,null],[75,1,1,0,null,null]]}},{"type":"Feature","geometry":{"type":"Polygon","coordinates":[[[-149.8083,67.89118],[-149.8117,67.88982],[-149.81045,67.88812],[-149.80581,67.88777],[-149.80241,67.88912],[-149.80365,67.89083],[-149.8083,67.89118]]]},"properties":{"cell":"890d56b9eabffff","res":9,"coarsened":false,"count":28,"hv":28,"mp":0,"y0":null,"y1":null,"sp":[[18,8,8,0,null,null],[13,3,3,0,null,null],[30,3,3,0,null,null],[89,2,2,0,null,null],[55,2,2,0,null,null],[58,2,2,0,null,null],[17,2,2,0,null,null],[19,1,1,0,null,null],[86,1,1,0,null,null],[105,1,1,0,null,null],[76,1,1,0,null,null],[7,1,1,0,null,null],[21,1,1,0,null,null]]}},{"type":"Feature","geometry":{"type":"Polygon","coordinates":[[[-149.75976,67.7525],[-149.76314,67.75115],[-149.76191,67.74945],[-149.75729,67.7491],[-149.75391,67.75045],[-149.75515,67.75215],[-149.75976,67.7525]]]},"properties":{"cell":"890d56a8e93ffff","res":9,"coarsened":false,"count":46,"hv":46,"mp":0,"y0":null,"y1":null,"sp":[[18,17,17,0,null,null],[17,7,7,0,null,null],[13,4,4,0,null,null],[75,2,2,0,null,null],[98,2,2,0,null,null],[74,2,2,0,null,null],[100,2,2,0,null,null],[7,1,1,0,null,null],[118,1,1,0,null,null],[4,1,1,0,null,null],[120,1,1,0,null,null],[46,1,1,0,null,null],[0,1,1,0,null,null],[142,1,1,0,null,null],[68,1,1,0,null,null],[49,1,1,0,null,null],[110,1,1,0,null,null]]}},{"type":"Feature","geometry":{"type":"Polygon","coordinates":[[[-150.34908,67.15129],[-150.35234,67.14993],[-150.35109,67.14824],[-150.34659,67.14792],[-150.34333,67.14927],[-150.34458,67.15096],[-150.34908,67.15129]]]},"properties":{"cell":"890d5295ecbffff","res":9,"coarsened":false,"count":66,"hv":66,"mp":0,"y0":null,"y1":null,"sp":[[18,12,12,0,null,null],[13,6,6,0,null,null],[68,5,5,0,null,null],[21,4,4,0,null,null],[55,4,4,0,null,null],[92,4,4,0,null,null],[17,4,4,0,null,null],[58,4,4,0,null,null],[87,4,4,0,null,null],[91,3,3,0,null,null],[4,2,2,0,null,null],[71,2,2,0,null,null],[75,2,2,0,null,null],[76,2,2,0,null,null],[139,2,2,0,null,null],[105,1,1,0,null,null],[0,1,1,0,null,null],[115,1,1,0,null,null],[108,1,1,0,null,null],[61,1,1,0,null,null],[19,1,1,0,null,null]]}},{"type":"Feature","geometry":{"type":"Polygon","coordinates":[[[-150.29416,67.18078],[-150.29742,67.17943],[-150.29618,67.17774],[-150.29167,67.17741],[-150.28841,67.17877],[-150.28965,67.18046],[-150.29416,67.18078]]]},"properties":{"cell":"890d5295523ffff","res":9,"coarsened":false,"count":20,"hv":20,"mp":0,"y0":null,"y1":null,"sp":[[18,9,9,0,null,null],[13,2,2,0,null,null],[17,2,2,0,null,null],[68,2,2,0,null,null],[86,1,1,0,null,null],[89,1,1,0,null,null],[92,1,1,0,null,null],[58,1,1,0,null,null],[21,1,1,0,null,null]]}},{"type":"Feature","geometry":{"type":"Polygon","coordinates":[[[-150.23876,67.22142],[-150.24203,67.22006],[-150.24079,67.21837],[-150.23628,67.21804],[-150.23301,67.2194],[-150.23425,67.22108],[-150.23876,67.22142]]]},"properties":{"cell":"890d52971c7ffff","res":9,"coarsened":false,"count":36,"hv":36,"mp":0,"y0":null,"y1":null,"sp":[[18,8,8,0,null,null],[91,6,6,0,null,null],[19,4,4,0,null,null],[0,3,3,0,null,null],[4,2,2,0,null,null],[21,2,2,0,null,null],[13,2,2,0,null,null],[58,2,2,0,null,null],[86,1,1,0,null,null],[71,1,1,0,null,null],[106,1,1,0,null,null],[55,1,1,0,null,null],[75,1,1,0,null,null],[17,1,1,0,null,null],[87,1,1,0,null,null]]}},{"type":"Feature","geometry":{"type":"Polygon","coordinates":[[[-149.82121,67.87285],[-149.82461,67.8715],[-149.82336,67.8698],[-149.81872,67.86945],[-149.81533,67.8708],[-149.81657,67.8725],[-149.82121,67.87285]]]},"properties":{"cell":"890d56b9abbffff","res":9,"coarsened":false,"count":146,"hv":146,"mp":0,"y0":null,"y1":null,"sp":[[18,27,27,0,null,null],[17,22,22,0,null,null],[13,18,18,0,null,null],[86,13,13,0,null,null],[58,12,12,0,null,null],[55,10,10,0,null,null],[21,6,6,0,null,null],[19,4,4,0,null,null],[71,4,4,0,null,null],[76,4,4,0,null,null],[114,3,3,0,null,null],[7,3,3,0,null,null],[59,3,3,0,null,null],[65,2,2,0,null,null],[87,2,2,0,null,null],[68,2,2,0,null,null],[89,1,1,0,null,null],[108,1,1,0,null,null],[4,1,1,0,null,null],[75,1,1,0,null,null],[102,1,1,0,null,null],[92,1,1,0,null,null],[105,1,1,0,null,null],[139,1,1,0,null,null],[100,1,1,0,null,null],[30,1,1,0,null,null],[50,1,1,0,null,null]]}},{"type":"Feature","geometry":{"type":"Polygon","coordinates":[[[-149.72563,67.75954],[-149.80523,67.7431],[-149.81155,67.70986],[-149.7385,67.69308],[-149.65905,67.70949],[-149.6525,67.74271],[-149.72563,67.75954]]]},"properties":{"cell":"860d56a8fffffff","res":6,"coarsened":true,"count":30,"hv":30,"mp":0,"y0":null,"y1":null,"sp":[[79,28,28,0,null,null],[78,2,2,0,null,null]]}},{"type":"Feature","geometry":{"type":"Polygon","coordinates":[[[-149.7293,67.69238],[-149.73267,67.69103],[-149.73144,67.68933],[-149.72685,67.68898],[-149.72347,67.69033],[-149.7247,67.69203],[-149.7293,67.69238]]]},"properties":{"cell":"890d56ad643ffff","res":9,"coarsened":false,"count":36,"hv":36,"mp":0,"y0":null,"y1":null,"sp":[[18,15,15,0,null,null],[100,3,3,0,null,null],[68,3,3,0,null,null],[13,3,3,0,null,null],[105,2,2,0,null,null],[55,2,2,0,null,null],[17,2,2,0,null,null],[30,1,1,0,null,null],[73,1,1,0,null,null],[4,1,1,0,null,null],[19,1,1,0,null,null],[118,1,1,0,null,null],[59,1,1,0,null,null]]}},{"type":"Feature","geometry":{"type":"Polygon","coordinates":[[[-149.73084,67.70052],[-149.73421,67.69917],[-149.73298,67.69747],[-149.72838,67.69712],[-149.72501,67.69847],[-149.72624,67.70017],[-149.73084,67.70052]]]},"properties":{"cell":"890d56a8b37ffff","res":9,"coarsened":false,"count":19,"hv":19,"mp":0,"y0":null,"y1":null,"sp":[[18,9,9,0,null,null],[13,3,3,0,null,null],[17,2,2,0,null,null],[65,1,1,0,null,null],[4,1,1,0,null,null],[0,1,1,0,null,null],[71,1,1,0,null,null],[89,1,1,0,null,null]]}},{"type":"Feature","geometry":{"type":"Polygon","coordinates":[[[-150.34762,67.13204],[-150.35087,67.13069],[-150.34963,67.129],[-150.34513,67.12867],[-150.34188,67.13003],[-150.34312,67.13172],[-150.34762,67.13204]]]},"properties":{"cell":"890d5295ad7ffff","res":9,"coarsened":false,"count":58,"hv":58,"mp":0,"y0":null,"y1":null,"sp":[[18,9,9,0,null,null],[17,7,7,0,null,null],[30,6,6,0,null,null],[13,5,5,0,null,null],[98,5,5,0,null,null],[34,3,3,0,null,null],[139,3,3,0,null,null],[0,3,3,0,null,null],[19,2,2,0,null,null],[73,2,2,0,null,null],[68,2,2,0,null,null],[142,2,2,0,null,null],[91,1,1,0,null,null],[65,1,1,0,null,null],[105,1,1,0,null,null],[115,1,1,0,null,null],[108,1,1,0,null,null],[120,1,1,0,null,null],[103,1,1,0,null,null],[4,1,1,0,null,null],[75,1,1,0,null,null]]}},{"type":"Feature","geometry":{"type":"Polygon","coordinates":[[[-150.34015,67.12193],[-150.3434,67.12058],[-150.34216,67.11889],[-150.33766,67.11856],[-150.33441,67.11992],[-150.33565,67.12161],[-150.34015,67.12193]]]},"properties":{"cell":"890d5295a07ffff","res":9,"coarsened":false,"count":45,"hv":45,"mp":0,"y0":null,"y1":null,"sp":[[18,9,9,0,null,null],[30,7,7,0,null,null],[68,4,4,0,null,null],[4,4,4,0,null,null],[17,4,4,0,null,null],[55,3,3,0,null,null],[73,2,2,0,null,null],[13,2,2,0,null,null],[139,2,2,0,null,null],[86,1,1,0,null,null],[92,1,1,0,null,null],[0,1,1,0,null,null],[21,1,1,0,null,null],[75,1,1,0,null,null],[106,1,1,0,null,null],[91,1,1,0,null,null],[58,1,1,0,null,null]]}},{"type":"Feature","geometry":{"type":"Polygon","coordinates":[[[-150.33781,67.06119],[-150.34106,67.05984],[-150.33981,67.05815],[-150.33533,67.05783],[-150.33209,67.05918],[-150.33333,67.06087],[-150.33781,67.06119]]]},"properties":{"cell":"890d5287177ffff","res":9,"coarsened":false,"count":21,"hv":21,"mp":0,"y0":null,"y1":null,"sp":[[18,6,6,0,null,null],[68,6,6,0,null,null],[13,2,2,0,null,null],[17,2,2,0,null,null],[19,2,2,0,null,null],[105,1,1,0,null,null],[91,1,1,0,null,null],[61,1,1,0,null,null]]}},{"type":"Feature","geometry":{"type":"Polygon","coordinates":[[[-150.29266,67.02285],[-150.2959,67.02149],[-150.29466,67.01981],[-150.29019,67.01948],[-150.28695,67.02084],[-150.28818,67.02252],[-150.29266,67.02285]]]},"properties":{"cell":"890d5284027ffff","res":9,"coarsened":false,"count":22,"hv":22,"mp":0,"y0":null,"y1":null,"sp":[[55,5,5,0,null,null],[18,4,4,0,null,null],[17,4,4,0,null,null],[89,3,3,0,null,null],[13,2,2,0,null,null],[105,1,1,0,null,null],[106,1,1,0,null,null],[108,1,1,0,null,null],[58,1,1,0,null,null]]}},{"type":"Feature","geometry":{"type":"Polygon","coordinates":[[[-150.27255,67.19197],[-150.27582,67.19061],[-150.27458,67.18893],[-150.27007,67.1886],[-150.2668,67.18995],[-150.26805,67.19164],[-150.27255,67.19197]]]},"properties":{"cell":"890d529464fffff","res":9,"coarsened":false,"count":30,"hv":30,"mp":0,"y0":null,"y1":null,"sp":[[18,6,6,0,null,null],[55,4,4,0,null,null],[19,3,3,0,null,null],[75,3,3,0,null,null],[76,3,3,0,null,null],[21,3,3,0,null,null],[17,2,2,0,null,null],[13,2,2,0,null,null],[105,1,1,0,null,null],[91,1,1,0,null,null],[58,1,1,0,null,null],[68,1,1,0,null,null]]}},{"type":"Feature","geometry":{"type":"Polygon","coordinates":[[[-149.82234,67.85043],[-149.82573,67.84908],[-149.82449,67.84738],[-149.81985,67.84703],[-149.81646,67.84838],[-149.81771,67.85008],[-149.82234,67.85043]]]},"properties":{"cell":"890d56ab4b7ffff","res":9,"coarsened":false,"count":23,"hv":23,"mp":0,"y0":null,"y1":null,"sp":[[18,6,6,0,null,null],[59,2,2,0,null,null],[21,2,2,0,null,null],[71,2,2,0,null,null],[76,2,2,0,null,null],[58,1,1,0,null,null],[19,1,1,0,null,null],[17,1,1,0,null,null],[13,1,1,0,null,null],[87,1,1,0,null,null],[68,1,1,0,null,null],[55,1,1,0,null,null],[7,1,1,0,null,null],[86,1,1,0,null,null]]}},{"type":"Feature","geometry":{"type":"Polygon","coordinates":[[[-149.79799,67.7811],[-149.80137,67.77975],[-149.80014,67.77805],[-149.79552,67.7777],[-149.79213,67.77905],[-149.79337,67.78075],[-149.79799,67.7811]]]},"properties":{"cell":"890d56a8013ffff","res":9,"coarsened":false,"count":15,"hv":15,"mp":0,"y0":null,"y1":null,"sp":[[17,4,4,0,null,null],[58,2,2,0,null,null],[55,1,1,0,null,null],[105,1,1,0,null,null],[13,1,1,0,null,null],[91,1,1,0,null,null],[0,1,1,0,null,null],[148,1,1,0,null,null],[59,1,1,0,null,null],[18,1,1,0,null,null],[86,1,1,0,null,null]]}},{"type":"Feature","geometry":{"type":"Polygon","coordinates":[[[-149.72194,67.68219],[-149.72531,67.68084],[-149.72409,67.67914],[-149.71949,67.67879],[-149.71612,67.68014],[-149.71735,67.68183],[-149.72194,67.68219]]]},"properties":{"cell":"890d56ad66fffff","res":9,"coarsened":false,"count":22,"hv":22,"mp":0,"y0":null,"y1":null,"sp":[[18,11,11,0,null,null],[4,3,3,0,null,null],[0,2,2,0,null,null],[13,2,2,0,null,null],[17,1,1,0,null,null],[30,1,1,0,null,null],[100,1,1,0,null,null],[59,1,1,0,null,null]]}},{"type":"Feature","geometry":{"type":"Polygon","coordinates":[[[-149.6331,68.62206],[-149.63663,68.6207],[-149.63536,68.61899],[-149.63055,68.61863],[-149.62702,68.61998],[-149.62829,68.62169],[-149.6331,68.62206]]]},"properties":{"cell":"890d0938243ffff","res":9,"coarsened":false,"count":28,"hv":28,"mp":0,"y0":null,"y1":null,"sp":[[30,13,13,0,null,null],[28,7,7,0,null,null],[0,4,4,0,null,null],[13,2,2,0,null,null],[54,1,1,0,null,null],[18,1,1,0,null,null]]}},{"type":"Feature","geometry":{"type":"Polygon","coordinates":[[[-149.57154,68.58176],[-149.57506,68.5804],[-149.5738,68.57869],[-149.569,68.57832],[-149.56548,68.57968],[-149.56674,68.58139],[-149.57154,68.58176]]]},"properties":{"cell":"890d0939d33ffff","res":9,"coarsened":false,"count":23,"hv":23,"mp":0,"y0":null,"y1":null,"sp":[[28,14,14,0,null,null],[30,4,4,0,null,null],[31,2,2,0,null,null],[7,1,1,0,null,null],[23,1,1,0,null,null],[13,1,1,0,null,null]]}},{"type":"Feature","geometry":{"type":"Polygon","coordinates":[[[-149.56321,68.58274],[-149.56674,68.58139],[-149.56548,68.57968],[-149.56068,68.57931],[-149.55715,68.58066],[-149.55842,68.58238],[-149.56321,68.58274]]]},"properties":{"cell":"890d0939dafffff","res":9,"coarsened":false,"count":23,"hv":23,"mp":0,"y0":null,"y1":null,"sp":[[28,8,8,0,null,null],[30,6,6,0,null,null],[31,5,5,0,null,null],[0,3,3,0,null,null],[23,1,1,0,null,null]]}},{"type":"Feature","geometry":{"type":"Polygon","coordinates":[[[-149.54124,68.57135],[-149.54477,68.57],[-149.54351,68.56829],[-149.53872,68.56792],[-149.53519,68.56927],[-149.53645,68.57099],[-149.54124,68.57135]]]},"properties":{"cell":"890d0938a03ffff","res":9,"coarsened":false,"count":34,"hv":34,"mp":0,"y0":null,"y1":null,"sp":[[28,13,13,0,null,null],[30,10,10,0,null,null],[13,4,4,0,null,null],[0,3,3,0,null,null],[31,2,2,0,null,null],[43,1,1,0,null,null],[111,1,1,0,null,null]]}},{"type":"Feature","geometry":{"type":"Polygon","coordinates":[[[-149.54282,68.61035],[-149.54635,68.609],[-149.54509,68.60728],[-149.54028,68.60691],[-149.53675,68.60827],[-149.53802,68.60998],[-149.54282,68.61035]]]},"properties":{"cell":"890d09383b3ffff","res":9,"coarsened":false,"count":114,"hv":114,"mp":0,"y0":null,"y1":null,"sp":[[28,25,25,0,null,null],[30,24,24,0,null,null],[31,15,15,0,null,null],[23,12,12,0,null,null],[63,8,8,0,null,null],[43,8,8,0,null,null],[0,6,6,0,null,null],[18,3,3,0,null,null],[9,3,3,0,null,null],[116,3,3,0,null,null],[34,2,2,0,null,null],[54,1,1,0,null,null],[146,1,1,0,null,null],[7,1,1,0,null,null],[13,1,1,0,null,null],[100,1,1,0,null,null]]}},{"type":"Feature","geometry":{"type":"Polygon","coordinates":[[[-149.53292,68.57234],[-149.53645,68.57099],[-149.53519,68.56927],[-149.5304,68.56891],[-149.52687,68.57026],[-149.52813,68.57197],[-149.53292,68.57234]]]},"properties":{"cell":"890d0938a17ffff","res":9,"coarsened":false,"count":28,"hv":28,"mp":0,"y0":null,"y1":null,"sp":[[28,10,10,0,null,null],[30,6,6,0,null,null],[0,4,4,0,null,null],[23,3,3,0,null,null],[31,3,3,0,null,null],[7,1,1,0,null,null],[99,1,1,0,null,null]]}},{"type":"Feature","geometry":{"type":"Polygon","coordinates":[[[-150.3551,67.14216],[-150.35836,67.1408],[-150.35711,67.13911],[-150.35261,67.13878],[-150.34935,67.14014],[-150.3506,67.14183],[-150.3551,67.14216]]]},"properties":{"cell":"890d5295e4fffff","res":9,"coarsened":false,"count":213,"hv":213,"mp":0,"y0":2006,"y1":2006,"sp":[[18,24,24,0,2006,2006],[13,19,19,0,2006,2006],[68,15,15,0,2006,2006],[30,14,14,0,2006,2006],[17,14,14,0,null,null],[0,12,12,0,null,null],[19,10,10,0,null,null],[73,10,10,0,2006,2006],[91,10,10,0,null,null],[75,8,8,0,2006,2006],[98,7,7,0,null,null],[4,6,6,0,null,null],[139,6,6,0,null,null],[103,5,5,0,2006,2006],[55,5,5,0,2006,2006],[21,4,4,0,null,null],[71,4,4,0,null,null],[76,4,4,0,null,null],[65,3,3,0,null,null],[115,3,3,0,null,null],[142,3,3,0,null,null],[119,2,2,0,2006,2006],[108,2,2,0,null,null],[106,2,2,0,null,null],[82,2,2,0,null,null],[39,2,2,0,null,null],[38,2,2,0,null,null],[34,2,2,0,null,null],[89,1,1,0,null,null],[87,1,1,0,2006,2006],[9,1,1,0,null,null],[86,1,1,0,null,null],[120,1,1,0,null,null],[92,1,1,0,null,null],[58,1,1,0,null,null],[152,1,1,0,null,null],[107,1,1,0,null,null],[100,1,1,0,null,null],[33,1,1,0,null,null],[136,1,1,0,null,null],[153,1,1,0,null,null]]}},{"type":"Feature","geometry":{"type":"Polygon","coordinates":[[[-150.3387,67.1027],[-150.34195,67.10134],[-150.34071,67.09966],[-150.33621,67.09933],[-150.33297,67.10069],[-150.33421,67.10237],[-150.3387,67.1027]]]},"properties":{"cell":"890d52874a3ffff","res":9,"coarsened":false,"count":75,"hv":75,"mp":0,"y0":null,"y1":null,"sp":[[18,19,19,0,null,null],[68,9,9,0,null,null],[13,8,8,0,null,null],[17,7,7,0,null,null],[30,7,7,0,null,null],[0,6,6,0,null,null],[73,3,3,0,null,null],[75,3,3,0,null,null],[19,3,3,0,null,null],[91,3,3,0,null,null],[4,3,3,0,null,null],[71,2,2,0,null,null],[92,1,1,0,null,null],[139,1,1,0,null,null]]}},{"type":"Feature","geometry":{"type":"Polygon","coordinates":[[[-150.32926,67.17058],[-150.33252,67.16922],[-150.33127,67.16754],[-150.32676,67.16721],[-150.32351,67.16857],[-150.32475,67.17025],[-150.32926,67.17058]]]},"properties":{"cell":"890d52951cfffff","res":9,"coarsened":false,"count":32,"hv":32,"mp":0,"y0":null,"y1":null,"sp":[[18,6,6,0,null,null],[13,4,4,0,null,null],[55,4,4,0,null,null],[17,3,3,0,null,null],[58,3,3,0,null,null],[21,2,2,0,null,null],[87,2,2,0,null,null],[75,1,1,0,null,null],[89,1,1,0,null,null],[106,1,1,0,null,null],[59,1,1,0,null,null],[73,1,1,0,null,null],[86,1,1,0,null,null],[19,1,1,0,null,null],[76,1,1,0,null,null]]}},{"type":"Feature","geometry":{"type":"Polygon","coordinates":[[[-150.27924,67.02187],[-150.28248,67.02051],[-150.28124,67.01883],[-150.27677,67.0185],[-150.27353,67.01985],[-150.27476,67.02154],[-150.27924,67.02187]]]},"properties":{"cell":"890d52841cfffff","res":9,"coarsened":false,"count":16,"hv":16,"mp":0,"y0":null,"y1":null,"sp":[[18,9,9,0,null,null],[55,4,4,0,null,null],[17,1,1,0,null,null],[65,1,1,0,null,null],[13,1,1,0,null,null]]}},{"type":"Feature","geometry":{"type":"Polygon","coordinates":[[[-149.65586,68.62216],[-149.65939,68.6208],[-149.65812,68.61909],[-149.65331,68.61872],[-149.64978,68.62008],[-149.65105,68.62179],[-149.65586,68.62216]]]},"properties":{"cell":"890d0939183ffff","res":9,"coarsened":false,"count":11,"hv":11,"mp":0,"y0":null,"y1":null,"sp":[[0,2,2,0,null,null],[13,2,2,0,null,null],[43,2,2,0,null,null],[3,1,1,0,null,null],[30,1,1,0,null,null],[53,1,1,0,null,null],[7,1,1,0,null,null],[28,1,1,0,null,null]]}},{"type":"Feature","geometry":{"type":"Polygon","coordinates":[[[-149.56394,68.57146],[-149.56747,68.57011],[-149.5662,68.56839],[-149.56141,68.56803],[-149.55788,68.56938],[-149.55915,68.5711],[-149.56394,68.57146]]]},"properties":{"cell":"890d0938a43ffff","res":9,"coarsened":false,"count":29,"hv":29,"mp":0,"y0":null,"y1":null,"sp":[[30,14,14,0,null,null],[28,10,10,0,null,null],[23,3,3,0,null,null],[13,1,1,0,null,null],[99,1,1,0,null,null]]}},{"type":"Feature","geometry":{"type":"Polygon","coordinates":[[[-149.82132,67.83107],[-149.82471,67.82971],[-149.82347,67.82801],[-149.81884,67.82766],[-149.81545,67.82902],[-149.81669,67.83072],[-149.82132,67.83107]]]},"properties":{"cell":"890d56ab573ffff","res":9,"coarsened":false,"count":20,"hv":20,"mp":0,"y0":null,"y1":null,"sp":[[17,9,9,0,null,null],[18,6,6,0,null,null],[86,2,2,0,null,null],[13,2,2,0,null,null],[116,1,1,0,null,null]]}},{"type":"Feature","geometry":{"type":"Polygon","coordinates":[[[-149.85979,67.85968],[-149.93971,67.84316],[-149.94584,67.80988],[-149.8723,67.79313],[-149.79254,67.80961],[-149.78617,67.84288],[-149.85979,67.85968]]]},"properties":{"cell":"860d56ab7ffffff","res":6,"coarsened":true,"count":17,"hv":17,"mp":0,"y0":null,"y1":null,"sp":[[79,17,17,0,null,null]]}},{"type":"Feature","geometry":{"type":"Polygon","coordinates":[[[-149.82178,67.86164],[-149.82517,67.86029],[-149.82393,67.85859],[-149.81929,67.85824],[-149.81589,67.85959],[-149.81714,67.86129],[-149.82178,67.86164]]]},"properties":{"cell":"890d56b9a27ffff","res":9,"coarsened":false,"count":23,"hv":23,"mp":0,"y0":null,"y1":null,"sp":[[18,8,8,0,null,null],[13,3,3,0,null,null],[17,3,3,0,null,null],[58,2,2,0,null,null],[86,2,2,0,null,null],[108,1,1,0,null,null],[55,1,1,0,null,null],[105,1,1,0,null,null],[21,1,1,0,null,null],[139,1,1,0,null,null]]}},{"type":"Feature","geometry":{"type":"Polygon","coordinates":[[[-149.77256,67.96248],[-149.77597,67.96113],[-149.77472,67.95943],[-149.77006,67.95908],[-149.76665,67.96043],[-149.7679,67.96213],[-149.77256,67.96248]]]},"properties":{"cell":"890d56bb38bffff","res":9,"coarsened":false,"count":23,"hv":23,"mp":0,"y0":null,"y1":null,"sp":[[18,4,4,0,null,null],[17,3,3,0,null,null],[13,3,3,0,null,null],[55,3,3,0,null,null],[114,3,3,0,null,null],[86,2,2,0,null,null],[7,2,2,0,null,null],[118,1,1,0,null,null],[115,1,1,0,null,null],[21,1,1,0,null,null]]}},{"type":"Feature","geometry":{"type":"Polygon","coordinates":[[[-149.53295,68.60312],[-149.53649,68.60177],[-149.53522,68.60005],[-149.53043,68.59968],[-149.52689,68.60103],[-149.52816,68.60275],[-149.53295,68.60312]]]},"properties":{"cell":"890d0938ed3ffff","res":9,"coarsened":false,"count":29,"hv":29,"mp":0,"y0":null,"y1":null,"sp":[[30,11,11,0,null,null],[28,11,11,0,null,null],[31,3,3,0,null,null],[0,3,3,0,null,null],[63,1,1,0,null,null]]}},{"type":"Feature","geometry":{"type":"Polygon","coordinates":[[[-149.52692,68.63182],[-149.53046,68.63047],[-149.52919,68.62875],[-149.52438,68.62839],[-149.52084,68.62974],[-149.52211,68.63145],[-149.52692,68.63182]]]},"properties":{"cell":"890d09380b3ffff","res":9,"coarsened":false,"count":31,"hv":31,"mp":0,"y0":null,"y1":null,"sp":[[30,7,7,0,null,null],[0,6,6,0,null,null],[28,6,6,0,null,null],[43,3,3,0,null,null],[18,3,3,0,null,null],[63,2,2,0,null,null],[65,1,1,0,null,null],[103,1,1,0,null,null],[23,1,1,0,null,null],[57,1,1,0,null,null]]}},{"type":"Feature","geometry":{"type":"Polygon","coordinates":[[[-149.77336,67.90945],[-149.85351,67.89297],[-149.85979,67.85968],[-149.78617,67.84288],[-149.70618,67.85932],[-149.69965,67.89259],[-149.77336,67.90945]]]},"properties":{"cell":"860d56b9fffffff","res":6,"coarsened":true,"count":32,"hv":32,"mp":0,"y0":null,"y1":null,"sp":[[79,32,32,0,null,null]]}},{"type":"Feature","geometry":{"type":"Polygon","coordinates":[[[-149.75142,67.72296],[-149.75479,67.72161],[-149.75356,67.71991],[-149.74896,67.71956],[-149.74558,67.72091],[-149.74681,67.72261],[-149.75142,67.72296]]]},"properties":{"cell":"890d56a887bffff","res":9,"coarsened":false,"count":22,"hv":22,"mp":0,"y0":null,"y1":null,"sp":[[18,6,6,0,null,null],[13,4,4,0,null,null],[17,3,3,0,null,null],[30,3,3,0,null,null],[89,1,1,0,null,null],[55,1,1,0,null,null],[59,1,1,0,null,null],[0,1,1,0,null,null],[7,1,1,0,null,null],[105,1,1,0,null,null]]}},{"type":"Feature","geometry":{"type":"Polygon","coordinates":[[[-149.82031,67.8117],[-149.82369,67.81035],[-149.82245,67.80865],[-149.81782,67.8083],[-149.81444,67.80965],[-149.81568,67.81136],[-149.82031,67.8117]]]},"properties":{"cell":"890d56ab107ffff","res":9,"coarsened":false,"count":17,"hv":17,"mp":0,"y0":null,"y1":null,"sp":[[18,6,6,0,null,null],[17,5,5,0,null,null],[13,2,2,0,null,null],[58,1,1,0,null,null],[0,1,1,0,null,null],[4,1,1,0,null,null],[86,1,1,0,null,null]]}},{"type":"Feature","geometry":{"type":"Polygon","coordinates":[[[-149.80772,67.90239],[-149.81112,67.90104],[-149.80988,67.89934],[-149.80523,67.89899],[-149.80183,67.90034],[-149.80307,67.90204],[-149.80772,67.90239]]]},"properties":{"cell":"890d56b9e93ffff","res":9,"coarsened":false,"count":32,"hv":32,"mp":0,"y0":null,"y1":null,"sp":[[18,9,9,0,null,null],[13,4,4,0,null,null],[55,3,3,0,null,null],[114,2,2,0,null,null],[58,2,2,0,null,null],[75,2,2,0,null,null],[21,2,2,0,null,null],[86,2,2,0,null,null],[17,1,1,0,null,null],[112,1,1,0,null,null],[38,1,1,0,null,null],[105,1,1,0,null,null],[139,1,1,0,null,null],[100,1,1,0,null,null]]}},{"type":"Feature","geometry":{"type":"Polygon","coordinates":[[[-149.78999,67.7821],[-149.79337,67.78075],[-149.79213,67.77905],[-149.78751,67.7787],[-149.78413,67.78005],[-149.78537,67.78175],[-149.78999,67.7821]]]},"properties":{"cell":"890d56a808fffff","res":9,"coarsened":false,"count":14,"hv":14,"mp":0,"y0":null,"y1":null,"sp":[[17,6,6,0,null,null],[18,3,3,0,null,null],[100,1,1,0,null,null],[55,1,1,0,null,null],[13,1,1,0,null,null],[30,1,1,0,null,null],[21,1,1,0,null,null]]}},{"type":"Feature","geometry":{"type":"Polygon","coordinates":[[[-149.78771,67.9411],[-149.79112,67.93975],[-149.78987,67.93804],[-149.78522,67.93769],[-149.78181,67.93904],[-149.78305,67.94075],[-149.78771,67.9411]]]},"properties":{"cell":"890d56b958bffff","res":9,"coarsened":false,"count":13,"hv":13,"mp":0,"y0":null,"y1":null,"sp":[[18,4,4,0,null,null],[105,2,2,0,null,null],[100,2,2,0,null,null],[89,1,1,0,null,null],[86,1,1,0,null,null],[13,1,1,0,null,null],[17,1,1,0,null,null],[7,1,1,0,null,null]]}},{"type":"Feature","geometry":{"type":"Polygon","coordinates":[[[-150.26863,67.26192],[-150.34611,67.24521],[-150.35146,67.21208],[-150.27955,67.19567],[-150.20221,67.21235],[-150.19664,67.24546],[-150.26863,67.26192]]]},"properties":{"cell":"860d52977ffffff","res":6,"coarsened":true,"count":43,"hv":43,"mp":0,"y0":null,"y1":null,"sp":[[79,43,43,0,null,null]]}},{"type":"Feature","geometry":{"type":"Polygon","coordinates":[[[-149.75399,68.00938],[-149.83454,67.99291],[-149.84088,67.95959],[-149.76692,67.94275],[-149.68654,67.95918],[-149.67995,67.99249],[-149.75399,68.00938]]]},"properties":{"cell":"860d56bb7ffffff","res":6,"coarsened":true,"count":24,"hv":24,"mp":0,"y0":null,"y1":null,"sp":[[79,24,24,0,null,null]]}},{"type":"Feature","geometry":{"type":"Polygon","coordinates":[[[-149.66671,68.05913],[-149.7475,68.0427],[-149.75399,68.00938],[-149.67995,67.99249],[-149.59933,68.00887],[-149.59259,68.04219],[-149.66671,68.05913]]]},"properties":{"cell":"860d5685fffffff","res":6,"coarsened":true,"count":24,"hv":24,"mp":0,"y0":null,"y1":null,"sp":[[79,23,23,0,null,null],[78,1,1,0,null,null]]}},{"type":"Feature","geometry":{"type":"Polygon","coordinates":[[[-149.82325,67.9116],[-149.82666,67.91025],[-149.82541,67.90855],[-149.82076,67.9082],[-149.81736,67.90955],[-149.8186,67.91125],[-149.82325,67.9116]]]},"properties":{"cell":"890d56b9147ffff","res":9,"coarsened":false,"count":16,"hv":16,"mp":0,"y0":null,"y1":null,"sp":[[18,5,5,0,null,null],[30,2,2,0,null,null],[17,1,1,0,null,null],[105,1,1,0,null,null],[76,1,1,0,null,null],[19,1,1,0,null,null],[13,1,1,0,null,null],[21,1,1,0,null,null],[100,1,1,0,null,null],[71,1,1,0,null,null],[58,1,1,0,null,null]]}},{"type":"Feature","geometry":{"type":"Polygon","coordinates":[[[-149.75798,67.97265],[-149.76139,67.9713],[-149.76015,67.96959],[-149.75549,67.96924],[-149.75207,67.97059],[-149.75331,67.9723],[-149.75798,67.97265]]]},"properties":{"cell":"890d56bb03bffff","res":9,"coarsened":false,"count":14,"hv":14,"mp":0,"y0":null,"y1":null,"sp":[[18,5,5,0,null,null],[13,2,2,0,null,null],[73,1,1,0,null,null],[86,1,1,0,null,null],[90,1,1,0,null,null],[21,1,1,0,null,null],[19,1,1,0,null,null],[30,1,1,0,null,null],[0,1,1,0,null,null]]}},{"type":"Feature","geometry":{"type":"Polygon","coordinates":[[[-149.70725,67.6618],[-149.71062,67.66046],[-149.70939,67.65876],[-149.7048,67.65841],[-149.70143,67.65975],[-149.70266,67.66145],[-149.70725,67.6618]]]},"properties":{"cell":"890d56ad227ffff","res":9,"coarsened":false,"count":27,"hv":27,"mp":0,"y0":null,"y1":null,"sp":[[18,9,9,0,null,null],[30,6,6,0,null,null],[13,4,4,0,null,null],[4,2,2,0,null,null],[100,1,1,0,null,null],[65,1,1,0,null,null],[46,1,1,0,null,null],[0,1,1,0,null,null],[73,1,1,0,null,null],[59,1,1,0,null,null]]}},{"type":"Feature","geometry":{"type":"Polygon","coordinates":[[[-149.6642,68.62117],[-149.66773,68.61981],[-149.66645,68.6181],[-149.66165,68.61773],[-149.65812,68.61909],[-149.65939,68.6208],[-149.6642,68.62117]]]},"properties":{"cell":"890d093918bffff","res":9,"coarsened":false,"count":4,"hv":4,"mp":0,"y0":null,"y1":null,"sp":[[43,1,1,0,null,null],[0,1,1,0,null,null],[3,1,1,0,null,null],[13,1,1,0,null,null]]}},{"type":"Feature","geometry":{"type":"Polygon","coordinates":[[[-149.54129,68.60213],[-149.54482,68.60078],[-149.54356,68.59906],[-149.53876,68.5987],[-149.53522,68.60005],[-149.53649,68.60177],[-149.54129,68.60213]]]},"properties":{"cell":"890d0938edbffff","res":9,"coarsened":false,"count":32,"hv":32,"mp":0,"y0":null,"y1":null,"sp":[[28,11,11,0,null,null],[30,8,8,0,null,null],[31,4,4,0,null,null],[23,4,4,0,null,null],[63,3,3,0,null,null],[65,1,1,0,null,null],[7,1,1,0,null,null]]}},{"type":"Feature","geometry":{"type":"Polygon","coordinates":[[[-149.75086,67.99304],[-149.75428,67.99169],[-149.75303,67.98998],[-149.74836,67.98963],[-149.74495,67.99098],[-149.74619,67.99268],[-149.75086,67.99304]]]},"properties":{"cell":"890d56bb477ffff","res":9,"coarsened":false,"count":26,"hv":26,"mp":0,"y0":null,"y1":null,"sp":[[18,9,9,0,null,null],[17,3,3,0,null,null],[75,2,2,0,null,null],[0,2,2,0,null,null],[21,2,2,0,null,null],[19,1,1,0,null,null],[76,1,1,0,null,null],[92,1,1,0,null,null],[86,1,1,0,null,null],[30,1,1,0,null,null],[59,1,1,0,null,null],[13,1,1,0,null,null],[9,1,1,0,null,null]]}},{"type":"Feature","geometry":{"type":"Polygon","coordinates":[[[-149.74434,68.0022],[-149.74776,68.00085],[-149.74651,67.99915],[-149.74184,67.9988],[-149.73842,68.00015],[-149.73967,68.00185],[-149.74434,68.0022]]]},"properties":{"cell":"890d56bb413ffff","res":9,"coarsened":false,"count":18,"hv":18,"mp":0,"y0":null,"y1":null,"sp":[[18,3,3,0,null,null],[17,2,2,0,null,null],[89,2,2,0,null,null],[86,2,2,0,null,null],[76,2,2,0,null,null],[7,2,2,0,null,null],[114,1,1,0,null,null],[55,1,1,0,null,null],[75,1,1,0,null,null],[0,1,1,0,null,null],[100,1,1,0,null,null]]}},{"type":"Feature","geometry":{"type":"Polygon","coordinates":[[[-149.54968,68.63193],[-149.55322,68.63058],[-149.55195,68.62887],[-149.54714,68.6285],[-149.54361,68.62985],[-149.54487,68.63157],[-149.54968,68.63193]]]},"properties":{"cell":"890d0938013ffff","res":9,"coarsened":false,"count":33,"hv":33,"mp":0,"y0":null,"y1":null,"sp":[[28,11,11,0,null,null],[30,9,9,0,null,null],[65,3,3,0,null,null],[31,3,3,0,null,null],[63,2,2,0,null,null],[34,2,2,0,null,null],[18,1,1,0,null,null],[23,1,1,0,null,null],[0,1,1,0,null,null]]}},{"type":"Feature","geometry":{"type":"Polygon","coordinates":[[[-149.8228,67.88101],[-149.82619,67.87966],[-149.82495,67.87796],[-149.82031,67.87761],[-149.81691,67.87896],[-149.81815,67.88066],[-149.8228,67.88101]]]},"properties":{"cell":"890d56b9a93ffff","res":9,"coarsened":false,"count":24,"hv":24,"mp":0,"y0":null,"y1":null,"sp":[[17,6,6,0,null,null],[86,4,4,0,null,null],[13,3,3,0,null,null],[18,3,3,0,null,null],[55,2,2,0,null,null],[59,2,2,0,null,null],[4,1,1,0,null,null],[100,1,1,0,null,null],[58,1,1,0,null,null],[76,1,1,0,null,null]]}},{"type":"Feature","geometry":{"type":"Polygon","coordinates":[[[-149.76872,67.77085],[-149.7721,67.7695],[-149.77086,67.7678],[-149.76625,67.76745],[-149.76286,67.7688],[-149.7641,67.7705],[-149.76872,67.77085]]]},"properties":{"cell":"890d56a81c3ffff","res":9,"coarsened":false,"count":13,"hv":13,"mp":0,"y0":null,"y1":null,"sp":[[89,2,2,0,null,null],[18,2,2,0,null,null],[17,2,2,0,null,null],[59,2,2,0,null,null],[58,2,2,0,null,null],[55,1,1,0,null,null],[0,1,1,0,null,null],[13,1,1,0,null,null]]}},{"type":"Feature","geometry":{"type":"Polygon","coordinates":[[[-150.25263,67.21126],[-150.2559,67.2099],[-150.25466,67.20822],[-150.25014,67.20788],[-150.24688,67.20924],[-150.24812,67.21093],[-150.25263,67.21126]]]},"properties":{"cell":"890d529717bffff","res":9,"coarsened":false,"count":47,"hv":47,"mp":0,"y0":null,"y1":null,"sp":[[18,11,11,0,null,null],[13,5,5,0,null,null],[17,4,4,0,null,null],[21,4,4,0,null,null],[0,3,3,0,null,null],[19,3,3,0,null,null],[105,2,2,0,null,null],[91,2,2,0,null,null],[75,1,1,0,null,null],[7,1,1,0,null,null],[4,1,1,0,null,null],[65,1,1,0,null,null],[107,1,1,0,null,null],[46,1,1,0,null,null],[73,1,1,0,null,null],[100,1,1,0,null,null],[55,1,1,0,null,null],[98,1,1,0,null,null],[34,1,1,0,null,null],[103,1,1,0,null,null],[68,1,1,0,null,null]]}},{"type":"Feature","geometry":{"type":"Polygon","coordinates":[[[-149.77315,67.95126],[-149.77656,67.94991],[-149.77532,67.94821],[-149.77066,67.94786],[-149.76725,67.94921],[-149.76849,67.95091],[-149.77315,67.95126]]]},"properties":{"cell":"890d56bb33bffff","res":9,"coarsened":false,"count":20,"hv":20,"mp":0,"y0":null,"y1":null,"sp":[[17,7,7,0,null,null],[18,7,7,0,null,null],[86,2,2,0,null,null],[105,1,1,0,null,null],[89,1,1,0,null,null],[13,1,1,0,null,null],[102,1,1,0,null,null]]}},{"type":"Feature","geometry":{"type":"Polygon","coordinates":[[[-150.66105,66.71234],[-150.66422,66.71098],[-150.66297,66.7093],[-150.65855,66.70899],[-150.65538,66.71035],[-150.65662,66.71203],[-150.66105,66.71234]]]},"properties":{"cell":"890d52a9303ffff","res":9,"coarsened":false,"count":33,"hv":33,"mp":0,"y0":null,"y1":null,"sp":[[18,6,6,0,null,null],[17,5,5,0,null,null],[13,5,5,0,null,null],[86,3,3,0,null,null],[19,3,3,0,null,null],[76,3,3,0,null,null],[21,2,2,0,null,null],[75,2,2,0,null,null],[55,2,2,0,null,null],[92,1,1,0,null,null],[68,1,1,0,null,null]]}},{"type":"Feature","geometry":{"type":"Polygon","coordinates":[[[-150.33898,67.09156],[-150.34223,67.0902],[-150.34098,67.08852],[-150.33649,67.08819],[-150.33325,67.08955],[-150.33449,67.09123],[-150.33898,67.09156]]]},"properties":{"cell":"890d5287553ffff","res":9,"coarsened":false,"count":35,"hv":35,"mp":0,"y0":null,"y1":null,"sp":[[18,9,9,0,null,null],[13,8,8,0,null,null],[91,4,4,0,null,null],[0,3,3,0,null,null],[19,2,2,0,null,null],[17,2,2,0,null,null],[65,1,1,0,null,null],[75,1,1,0,null,null],[71,1,1,0,null,null],[21,1,1,0,null,null],[30,1,1,0,null,null],[73,1,1,0,null,null],[68,1,1,0,null,null]]}},{"type":"Feature","geometry":{"type":"Polygon","coordinates":[[[-150.18965,67.24175],[-150.19292,67.2404],[-150.19168,67.23871],[-150.18717,67.23838],[-150.18389,67.23973],[-150.18513,67.24142],[-150.18965,67.24175]]]},"properties":{"cell":"890d529664fffff","res":9,"coarsened":false,"count":19,"hv":19,"mp":0,"y0":null,"y1":null,"sp":[[18,5,5,0,null,null],[17,4,4,0,null,null],[105,2,2,0,null,null],[13,2,2,0,null,null],[75,2,2,0,null,null],[76,2,2,0,null,null],[65,1,1,0,null,null],[7,1,1,0,null,null]]}},{"type":"Feature","geometry":{"type":"Polygon","coordinates":[[[-149.81343,67.7903],[-149.81681,67.78895],[-149.81557,67.78725],[-149.81095,67.7869],[-149.80757,67.78825],[-149.80881,67.78995],[-149.81343,67.7903]]]},"properties":{"cell":"890d56a86a7ffff","res":9,"coarsened":false,"count":24,"hv":24,"mp":0,"y0":null,"y1":null,"sp":[[18,9,9,0,null,null],[17,3,3,0,null,null],[75,3,3,0,null,null],[100,2,2,0,null,null],[102,2,2,0,null,null],[73,1,1,0,null,null],[13,1,1,0,null,null],[0,1,1,0,null,null],[21,1,1,0,null,null],[55,1,1,0,null,null]]}},{"type":"Feature","geometry":{"type":"Polygon","coordinates":[[[-150.67441,66.70218],[-150.67759,66.70082],[-150.67634,66.69914],[-150.67192,66.69883],[-150.66875,66.70019],[-150.66999,66.70187],[-150.67441,66.70218]]]},"properties":{"cell":"890d52a936fffff","res":9,"coarsened":false,"count":26,"hv":26,"mp":0,"y0":null,"y1":null,"sp":[[18,5,5,0,null,null],[76,5,5,0,null,null],[13,4,4,0,null,null],[55,4,4,0,null,null],[7,2,2,0,null,null],[17,2,2,0,null,null],[86,1,1,0,null,null],[75,1,1,0,null,null],[61,1,1,0,null,null],[68,1,1,0,null,null]]}},{"type":"Feature","geometry":{"type":"Polygon","coordinates":[[[-150.72171,66.71505],[-150.79703,66.69813],[-150.80157,66.66514],[-150.73101,66.64908],[-150.65583,66.66596],[-150.65107,66.69894],[-150.72171,66.71505]]]},"properties":{"cell":"860d5206fffffff","res":6,"coarsened":true,"count":5,"hv":5,"mp":0,"y0":null,"y1":null,"sp":[[79,5,5,0,null,null]]}},{"type":"Feature","geometry":{"type":"Polygon","coordinates":[[[-150.33037,67.05109],[-150.33361,67.04974],[-150.33237,67.04805],[-150.32789,67.04772],[-150.32465,67.04908],[-150.32589,67.05077],[-150.33037,67.05109]]]},"properties":{"cell":"890d5284687ffff","res":9,"coarsened":false,"count":30,"hv":30,"mp":0,"y0":null,"y1":null,"sp":[[18,7,7,0,null,null],[13,5,5,0,null,null],[68,4,4,0,null,null],[91,2,2,0,null,null],[89,2,2,0,null,null],[19,2,2,0,null,null],[21,2,2,0,null,null],[4,1,1,0,null,null],[17,1,1,0,null,null],[38,1,1,0,null,null],[118,1,1,0,null,null],[0,1,1,0,null,null],[76,1,1,0,null,null]]}},{"type":"Feature","geometry":{"type":"Polygon","coordinates":[[[-150.30119,67.0633],[-150.37794,67.04659],[-150.38318,67.01352],[-150.3119,66.99718],[-150.23529,67.01386],[-150.22982,67.04692],[-150.30119,67.0633]]]},"properties":{"cell":"860d52847ffffff","res":6,"coarsened":true,"count":11,"hv":11,"mp":0,"y0":null,"y1":null,"sp":[[79,11,11,0,null,null]]}},{"type":"Feature","geometry":{"type":"Polygon","coordinates":[[[-150.31522,67.04202],[-150.31846,67.04066],[-150.31722,67.03898],[-150.31274,67.03865],[-150.3095,67.04001],[-150.31074,67.04169],[-150.31522,67.04202]]]},"properties":{"cell":"890d52840d3ffff","res":9,"coarsened":false,"count":30,"hv":30,"mp":0,"y0":null,"y1":null,"sp":[[18,9,9,0,null,null],[17,5,5,0,null,null],[55,5,5,0,null,null],[68,3,3,0,null,null],[13,2,2,0,null,null],[71,2,2,0,null,null],[58,2,2,0,null,null],[76,1,1,0,null,null],[19,1,1,0,null,null]]}},{"type":"Feature","geometry":{"type":"Polygon","coordinates":[[[-150.22488,67.23157],[-150.22816,67.23022],[-150.22691,67.22853],[-150.2224,67.2282],[-150.21913,67.22955],[-150.22037,67.23124],[-150.22488,67.23157]]]},"properties":{"cell":"890d5297577ffff","res":9,"coarsened":false,"count":31,"hv":31,"mp":0,"y0":null,"y1":null,"sp":[[18,10,10,0,null,null],[13,3,3,0,null,null],[21,3,3,0,null,null],[19,2,2,0,null,null],[17,2,2,0,null,null],[0,2,2,0,null,null],[55,2,2,0,null,null],[75,1,1,0,null,null],[106,1,1,0,null,null],[4,1,1,0,null,null],[68,1,1,0,null,null],[76,1,1,0,null,null],[73,1,1,0,null,null],[91,1,1,0,null,null]]}},{"type":"Feature","geometry":{"type":"Polygon","coordinates":[[[-149.84088,67.95959],[-149.92119,67.94307],[-149.92738,67.90976],[-149.85351,67.89297],[-149.77336,67.90945],[-149.76692,67.94275],[-149.84088,67.95959]]]},"properties":{"cell":"860d56b97ffffff","res":6,"coarsened":true,"count":15,"hv":15,"mp":0,"y0":null,"y1":null,"sp":[[79,15,15,0,null,null]]}},{"type":"Feature","geometry":{"type":"Polygon","coordinates":[[[-149.82269,67.92282],[-149.82609,67.92147],[-149.82484,67.91977],[-149.82019,67.91942],[-149.81679,67.92077],[-149.81804,67.92247],[-149.82269,67.92282]]]},"properties":{"cell":"890d56b91dbffff","res":9,"coarsened":false,"count":17,"hv":17,"mp":0,"y0":null,"y1":null,"sp":[[17,5,5,0,null,null],[18,3,3,0,null,null],[76,3,3,0,null,null],[86,2,2,0,null,null],[58,1,1,0,null,null],[13,1,1,0,null,null],[114,1,1,0,null,null],[55,1,1,0,null,null]]}},{"type":"Feature","geometry":{"type":"Polygon","coordinates":[[[-149.75858,67.96143],[-149.76199,67.96008],[-149.76075,67.95837],[-149.75609,67.95802],[-149.75267,67.95937],[-149.75392,67.96107],[-149.75858,67.96143]]]},"properties":{"cell":"890d56bb387ffff","res":9,"coarsened":false,"count":14,"hv":14,"mp":0,"y0":null,"y1":null,"sp":[[58,5,5,0,null,null],[17,2,2,0,null,null],[7,2,2,0,null,null],[13,1,1,0,null,null],[18,1,1,0,null,null],[105,1,1,0,null,null],[87,1,1,0,null,null],[76,1,1,0,null,null]]}},{"type":"Feature","geometry":{"type":"Polygon","coordinates":[[[-149.73023,67.71171],[-149.7336,67.71037],[-149.73237,67.70867],[-149.72777,67.70832],[-149.7244,67.70966],[-149.72562,67.71136],[-149.73023,67.71171]]]},"properties":{"cell":"890d56a8b87ffff","res":9,"coarsened":false,"count":21,"hv":21,"mp":0,"y0":null,"y1":null,"sp":[[18,7,7,0,null,null],[17,3,3,0,null,null],[73,1,1,0,null,null],[65,1,1,0,null,null],[19,1,1,0,null,null],[13,1,1,0,null,null],[21,1,1,0,null,null],[0,1,1,0,null,null],[100,1,1,0,null,null],[59,1,1,0,null,null],[68,1,1,0,null,null],[58,1,1,0,null,null],[74,1,1,0,null,null]]}},{"type":"Feature","geometry":{"type":"Polygon","coordinates":[[[-150.65198,66.67203],[-150.65515,66.67067],[-150.65391,66.669],[-150.64949,66.66868],[-150.64632,66.67004],[-150.64757,66.67172],[-150.65198,66.67203]]]},"properties":{"cell":"890d52a9a7bffff","res":9,"coarsened":false,"count":187,"hv":187,"mp":0,"y0":null,"y1":null,"sp":[[55,21,21,0,null,null],[18,19,19,0,null,null],[13,15,15,0,null,null],[91,13,13,0,null,null],[21,11,11,0,null,null],[0,10,10,0,null,null],[76,10,10,0,null,null],[30,9,9,0,null,null],[75,9,9,0,null,null],[17,9,9,0,null,null],[86,8,8,0,null,null],[73,7,7,0,null,null],[19,6,6,0,null,null],[68,6,6,0,null,null],[58,5,5,0,null,null],[7,4,4,0,null,null],[77,4,4,0,null,null],[87,4,4,0,null,null],[106,3,3,0,null,null],[150,2,2,0,null,null],[4,2,2,0,null,null],[116,1,1,0,null,null],[67,1,1,0,null,null],[59,1,1,0,null,null],[112,1,1,0,null,null],[118,1,1,0,null,null],[151,1,1,0,null,null],[65,1,1,0,null,null],[92,1,1,0,null,null],[27,1,1,0,null,null],[105,1,1,0,null,null]]}},{"type":"Feature","geometry":{"type":"Polygon","coordinates":[[[-149.67096,68.61196],[-149.67448,68.6106],[-149.67321,68.60889],[-149.6684,68.60852],[-149.66487,68.60988],[-149.66615,68.61159],[-149.67096,68.61196]]]},"properties":{"cell":"890d093910fffff","res":9,"coarsened":false,"count":8,"hv":8,"mp":0,"y0":null,"y1":null,"sp":[[43,4,4,0,null,null],[28,2,2,0,null,null],[13,1,1,0,null,null],[31,1,1,0,null,null]]}},{"type":"Feature","geometry":{"type":"Polygon","coordinates":[[[-149.82087,67.8005],[-149.82426,67.79915],[-149.82302,67.79745],[-149.81839,67.7971],[-149.81501,67.79845],[-149.81625,67.80015],[-149.82087,67.8005]]]},"properties":{"cell":"890d56a8697ffff","res":9,"coarsened":false,"count":121,"hv":121,"mp":0,"y0":null,"y1":null,"sp":[[18,24,24,0,null,null],[17,12,12,0,null,null],[13,11,11,0,null,null],[58,8,8,0,null,null],[4,5,5,0,null,null],[55,5,5,0,null,null],[0,4,4,0,null,null],[98,4,4,0,null,null],[100,4,4,0,null,null],[59,4,4,0,null,null],[68,4,4,0,null,null],[75,3,3,0,null,null],[49,3,3,0,null,null],[105,2,2,0,null,null],[86,2,2,0,null,null],[30,2,2,0,null,null],[102,2,2,0,null,null],[21,2,2,0,null,null],[76,2,2,0,null,null],[73,2,2,0,null,null],[89,1,1,0,null,null],[74,1,1,0,null,null],[91,1,1,0,null,null],[46,1,1,0,null,null],[142,1,1,0,null,null],[87,1,1,0,null,null],[148,1,1,0,null,null],[118,1,1,0,null,null],[110,1,1,0,null,null],[153,1,1,0,null,null],[61,1,1,0,null,null],[19,1,1,0,null,null],[109,1,1,0,null,null],[136,1,1,0,null,null],[112,1,1,0,null,null],[82,1,1,0,null,null]]}},{"type":"Feature","geometry":{"type":"Polygon","coordinates":[[[-149.82076,67.84227],[-149.82415,67.84092],[-149.82291,67.83922],[-149.81827,67.83887],[-149.81488,67.84022],[-149.81612,67.84193],[-149.82076,67.84227]]]},"properties":{"cell":"890d56ab5c3ffff","res":9,"coarsened":false,"count":30,"hv":30,"mp":0,"y0":null,"y1":null,"sp":[[17,6,6,0,null,null],[18,6,6,0,null,null],[58,5,5,0,null,null],[55,5,5,0,null,null],[59,2,2,0,null,null],[112,1,1,0,null,null],[0,1,1,0,null,null],[76,1,1,0,null,null],[71,1,1,0,null,null],[7,1,1,0,null,null],[87,1,1,0,null,null]]}},{"type":"Feature","geometry":{"type":"Polygon","coordinates":[[[-150.30007,67.03295],[-150.30331,67.03159],[-150.30208,67.02991],[-150.2976,67.02958],[-150.29436,67.03094],[-150.2956,67.03262],[-150.30007,67.03295]]]},"properties":{"cell":"890d5284017ffff","res":9,"coarsened":false,"count":28,"hv":28,"mp":0,"y0":2006,"y1":2006,"sp":[[18,7,7,0,null,null],[17,7,7,0,null,null],[55,6,6,0,2006,2006],[58,2,2,0,null,null],[73,1,1,0,null,null],[71,1,1,0,null,null],[0,1,1,0,null,null],[21,1,1,0,null,null],[13,1,1,0,null,null],[19,1,1,0,null,null]]}},{"type":"Feature","geometry":{"type":"Polygon","coordinates":[[[-150.10189,67.3615],[-150.17982,67.34487],[-150.18545,67.31173],[-150.11337,67.29522],[-150.03559,67.31181],[-150.02973,67.34494],[-150.10189,67.3615]]]},"properties":{"cell":"860d562c7ffffff","res":6,"coarsened":true,"count":26,"hv":26,"mp":0,"y0":null,"y1":null,"sp":[[79,26,26,0,null,null]]}},{"type":"Feature","geometry":{"type":"Polygon","coordinates":[[[-150.16273,67.29248],[-150.16602,67.29112],[-150.16478,67.28943],[-150.16025,67.2891],[-150.15696,67.29045],[-150.1582,67.29214],[-150.16273,67.29248]]]},"properties":{"cell":"890d562dc27ffff","res":9,"coarsened":false,"count":24,"hv":24,"mp":0,"y0":null,"y1":null,"sp":[[18,10,10,0,null,null],[30,4,4,0,null,null],[55,2,2,0,null,null],[91,2,2,0,null,null],[65,1,1,0,null,null],[86,1,1,0,null,null],[68,1,1,0,null,null],[17,1,1,0,null,null],[38,1,1,0,null,null],[0,1,1,0,null,null]]}},{"type":"Feature","geometry":{"type":"Polygon","coordinates":[[[-149.76131,67.76065],[-149.76469,67.7593],[-149.76346,67.7576],[-149.75884,67.75725],[-149.75546,67.7586],[-149.7567,67.7603],[-149.76131,67.76065]]]},"properties":{"cell":"890d56a810fffff","res":9,"coarsened":false,"count":21,"hv":21,"mp":0,"y0":null,"y1":null,"sp":[[18,6,6,0,null,null],[17,5,5,0,null,null],[89,2,2,0,null,null],[13,2,2,0,null,null],[86,1,1,0,null,null],[0,1,1,0,null,null],[87,1,1,0,null,null],[118,1,1,0,null,null],[59,1,1,0,null,null],[100,1,1,0,null,null]]}},{"type":"Feature","geometry":{"type":"Polygon","coordinates":[[[-149.75894,67.99204],[-149.76236,67.99069],[-149.76111,67.98898],[-149.75645,67.98863],[-149.75303,67.98998],[-149.75428,67.99169],[-149.75894,67.99204]]]},"properties":{"cell":"890d56bb463ffff","res":9,"coarsened":false,"count":26,"hv":26,"mp":0,"y0":null,"y1":null,"sp":[[18,5,5,0,null,null],[19,3,3,0,null,null],[13,2,2,0,null,null],[114,2,2,0,null,null],[86,2,2,0,null,null],[21,2,2,0,null,null],[59,2,2,0,null,null],[55,1,1,0,null,null],[73,1,1,0,null,null],[89,1,1,0,null,null],[17,1,1,0,null,null],[30,1,1,0,null,null],[75,1,1,0,null,null],[58,1,1,0,null,null],[87,1,1,0,null,null]]}},{"type":"Feature","geometry":{"type":"Polygon","coordinates":[[[-149.75236,67.7423],[-149.75574,67.74095],[-149.75451,67.73925],[-149.7499,67.7389],[-149.74652,67.74025],[-149.74775,67.74195],[-149.75236,67.7423]]]},"properties":{"cell":"890d56a8ea3ffff","res":9,"coarsened":false,"count":26,"hv":26,"mp":0,"y0":null,"y1":null,"sp":[[18,10,10,0,null,null],[17,5,5,0,null,null],[13,2,2,0,null,null],[59,2,2,0,null,null],[76,2,2,0,null,null],[105,1,1,0,null,null],[89,1,1,0,null,null],[118,1,1,0,null,null],[68,1,1,0,null,null],[73,1,1,0,null,null]]}},{"type":"Feature","geometry":{"type":"Polygon","coordinates":[[[-149.72255,67.671],[-149.72592,67.66965],[-149.7247,67.66795],[-149.72011,67.6676],[-149.71674,67.66895],[-149.71796,67.67065],[-149.72255,67.671]]]},"properties":{"cell":"890d56ad203ffff","res":9,"coarsened":false,"count":23,"hv":23,"mp":0,"y0":null,"y1":null,"sp":[[18,10,10,0,null,null],[4,3,3,0,null,null],[13,3,3,0,null,null],[100,2,2,0,null,null],[17,2,2,0,null,null],[65,1,1,0,null,null],[73,1,1,0,null,null],[30,1,1,0,null,null]]}},{"type":"Feature","geometry":{"type":"Polygon","coordinates":[[[-149.75296,67.73111],[-149.75634,67.72976],[-149.75511,67.72806],[-149.7505,67.72771],[-149.74712,67.72906],[-149.74836,67.73076],[-149.75296,67.73111]]]},"properties":{"cell":"890d56a8853ffff","res":9,"coarsened":false,"count":115,"hv":115,"mp":0,"y0":null,"y1":null,"sp":[[18,17,17,0,null,null],[17,14,14,0,null,null],[13,13,13,0,null,null],[30,9,9,0,null,null],[4,8,8,0,null,null],[59,7,7,0,null,null],[100,7,7,0,null,null],[68,4,4,0,null,null],[118,3,3,0,null,null],[89,3,3,0,null,null],[105,3,3,0,null,null],[0,3,3,0,null,null],[86,3,3,0,null,null],[65,2,2,0,null,null],[7,2,2,0,null,null],[73,2,2,0,null,null],[58,2,2,0,null,null],[61,2,2,0,null,null],[113,1,1,0,null,null],[71,1,1,0,null,null],[46,1,1,0,null,null],[21,1,1,0,null,null],[55,1,1,0,null,null],[74,1,1,0,null,null],[19,1,1,0,null,null],[76,1,1,0,null,null],[98,1,1,0,null,null],[91,1,1,0,null,null],[142,1,1,0,null,null]]}},{"type":"Feature","geometry":{"type":"Polygon","coordinates":[[[-156.83967,66.84142],[-156.84252,66.83993],[-156.84076,66.83829],[-156.83616,66.83815],[-156.83331,66.83965],[-156.83506,66.84128],[-156.83967,66.84142]]]},"properties":{"cell":"890c204ee7bffff","res":9,"coarsened":false,"count":1,"hv":1,"mp":0,"y0":null,"y1":null,"sp":[[32,1,1,0,null,null]]}},{"type":"Feature","geometry":{"type":"Polygon","coordinates":[[[-156.71091,66.85009],[-156.71377,66.8486],[-156.71202,66.84696],[-156.70742,66.84682],[-156.70456,66.84831],[-156.7063,66.84995],[-156.71091,66.85009]]]},"properties":{"cell":"890c204ed87ffff","res":9,"coarsened":false,"count":1,"hv":1,"mp":0,"y0":null,"y1":null,"sp":[[107,1,1,0,null,null]]}},{"type":"Feature","geometry":{"type":"Polygon","coordinates":[[[-154.76429,66.80207],[-154.76726,66.80061],[-154.76567,66.79896],[-154.76112,66.79876],[-154.75816,66.80021],[-154.75974,66.80187],[-154.76429,66.80207]]]},"properties":{"cell":"890c21d9243ffff","res":9,"coarsened":false,"count":22,"hv":22,"mp":0,"y0":null,"y1":null,"sp":[[55,9,9,0,null,null],[80,5,5,0,null,null],[18,3,3,0,null,null],[0,2,2,0,null,null],[19,1,1,0,null,null],[20,1,1,0,null,null],[21,1,1,0,null,null]]}},{"type":"Feature","geometry":{"type":"Polygon","coordinates":[[[-149.78257,67.7719],[-149.78595,67.77055],[-149.78471,67.76885],[-149.7801,67.7685],[-149.77672,67.76985],[-149.77795,67.77155],[-149.78257,67.7719]]]},"properties":{"cell":"890d56a8037ffff","res":9,"coarsened":false,"count":21,"hv":21,"mp":0,"y0":null,"y1":null,"sp":[[18,5,5,0,null,null],[17,4,4,0,null,null],[13,3,3,0,null,null],[58,2,2,0,null,null],[55,1,1,0,null,null],[75,1,1,0,null,null],[86,1,1,0,null,null],[4,1,1,0,null,null],[105,1,1,0,null,null],[30,1,1,0,null,null],[0,1,1,0,null,null]]}},{"type":"Feature","geometry":{"type":"Polygon","coordinates":[[[-150.18545,67.31173],[-150.26315,67.29506],[-150.26863,67.26192],[-150.19664,67.24546],[-150.11908,67.26209],[-150.11337,67.29522],[-150.18545,67.31173]]]},"properties":{"cell":"860d562dfffffff","res":6,"coarsened":true,"count":13,"hv":13,"mp":0,"y0":null,"y1":null,"sp":[[79,13,13,0,null,null]]}},{"type":"Feature","geometry":{"type":"Polygon","coordinates":[[[-156.60564,66.8515],[-156.60851,66.85001],[-156.60677,66.84837],[-156.60217,66.84822],[-156.5993,66.84971],[-156.60104,66.85135],[-156.60564,66.8515]]]},"properties":{"cell":"890c2045d5bffff","res":9,"coarsened":false,"count":1,"hv":1,"mp":0,"y0":null,"y1":null,"sp":[[107,1,1,0,null,null]]}},{"type":"Feature","geometry":{"type":"Polygon","coordinates":[[[-156.68216,66.85235],[-156.68502,66.85086],[-156.68328,66.84922],[-156.67868,66.84908],[-156.67581,66.85057],[-156.67756,66.85221],[-156.68216,66.85235]]]},"properties":{"cell":"890c2045e0bffff","res":9,"coarsened":false,"count":1,"hv":1,"mp":0,"y0":null,"y1":null,"sp":[[103,1,1,0,null,null]]}},{"type":"Feature","geometry":{"type":"Polygon","coordinates":[[[-149.62682,68.05286],[-149.63025,68.05152],[-149.62901,68.04981],[-149.62434,68.04945],[-149.6209,68.0508],[-149.62214,68.05251],[-149.62682,68.05286]]]},"properties":{"cell":"890d568434fffff","res":9,"coarsened":false,"count":14,"hv":14,"mp":0,"y0":2006,"y1":2006,"sp":[[60,5,5,0,2006,2006],[0,3,3,0,2006,2006],[71,2,2,0,2006,2006],[83,1,1,0,2006,2006],[19,1,1,0,2006,2006],[18,1,1,0,2006,2006],[56,1,1,0,2006,2006]]}},{"type":"Feature","geometry":{"type":"Polygon","coordinates":[[[-149.84773,66.93227],[-149.85098,66.93093],[-149.84978,66.92924],[-149.84534,66.92891],[-149.8421,66.93025],[-149.84329,66.93193],[-149.84773,66.93227]]]},"properties":{"cell":"890d52b2d6bffff","res":9,"coarsened":false,"count":4,"hv":4,"mp":0,"y0":2006,"y1":2006,"sp":[[22,1,1,0,2006,2006],[80,1,1,0,2006,2006],[58,1,1,0,2006,2006],[91,1,1,0,2006,2006]]}},{"type":"Feature","geometry":{"type":"Polygon","coordinates":[[[-149.87536,67.49339],[-149.87869,67.49204],[-149.87746,67.49035],[-149.8729,67.49],[-149.86957,67.49135],[-149.8708,67.49305],[-149.87536,67.49339]]]},"properties":{"cell":"890d5622ea3ffff","res":9,"coarsened":false,"count":1,"hv":1,"mp":0,"y0":2006,"y1":2006,"sp":[[80,1,1,0,2006,2006]]}},{"type":"Feature","geometry":{"type":"Polygon","coordinates":[[[-150.34479,67.16852],[-150.34805,67.16716],[-150.3468,67.16548],[-150.34229,67.16515],[-150.33903,67.16651],[-150.34028,67.16819],[-150.34479,67.16852]]]},"properties":{"cell":"890d529515bffff","res":9,"coarsened":false,"count":2,"hv":2,"mp":0,"y0":2006,"y1":2006,"sp":[[18,1,1,0,2006,2006],[87,1,1,0,2006,2006]]}},{"type":"Feature","geometry":{"type":"Polygon","coordinates":[[[-150.67337,66.81324],[-150.67656,66.81188],[-150.67531,66.8102],[-150.67086,66.80989],[-150.66768,66.81125],[-150.66893,66.81293],[-150.67337,66.81324]]]},"properties":{"cell":"890d5216b5bffff","res":9,"coarsened":false,"count":1,"hv":1,"mp":0,"y0":2006,"y1":2006,"sp":[[68,1,1,0,2006,2006]]}},{"type":"Feature","geometry":{"type":"Polygon","coordinates":[[[-150.28498,67.16257],[-150.3621,67.14585],[-150.36739,67.11275],[-150.2958,67.09638],[-150.21883,67.11306],[-150.21331,67.14614],[-150.28498,67.16257]]]},"properties":{"cell":"860d5295fffffff","res":6,"coarsened":true,"count":10,"hv":10,"mp":0,"y0":2006,"y1":2006,"sp":[[79,10,10,0,2006,2006]]}},{"type":"Feature","geometry":{"type":"Polygon","coordinates":[[[-150.50049,66.89786],[-150.5037,66.8965],[-150.50245,66.89482],[-150.498,66.8945],[-150.49479,66.89586],[-150.49603,66.89754],[-150.50049,66.89786]]]},"properties":{"cell":"890d52b95d7ffff","res":9,"coarsened":false,"count":3,"hv":3,"mp":0,"y0":2006,"y1":2006,"sp":[[68,3,3,0,2006,2006]]}},{"type":"Feature","geometry":{"type":"Polygon","coordinates":[[[-150.47356,66.90705],[-150.47677,66.9057],[-150.47553,66.90402],[-150.47107,66.90369],[-150.46786,66.90505],[-150.4691,66.90673],[-150.47356,66.90705]]]},"properties":{"cell":"890d52bb333ffff","res":9,"coarsened":false,"count":1,"hv":1,"mp":0,"y0":2006,"y1":2006,"sp":[[55,1,1,0,2006,2006]]}},{"type":"Feature","geometry":{"type":"Polygon","coordinates":[[[-149.55575,68.63402],[-149.55929,68.63266],[-149.55802,68.63095],[-149.55322,68.63058],[-149.54968,68.63193],[-149.55095,68.63365],[-149.55575,68.63402]]]},"properties":{"cell":"890d09380c7ffff","res":9,"coarsened":false,"count":2,"hv":2,"mp":0,"y0":2006,"y1":2006,"sp":[[23,1,1,0,2006,2006],[71,1,1,0,2006,2006]]}},{"type":"Feature","geometry":{"type":"Polygon","coordinates":[[[-150.15211,67.31886],[-150.1554,67.3175],[-150.15416,67.31581],[-150.14963,67.31548],[-150.14634,67.31683],[-150.14758,67.31852],[-150.15211,67.31886]]]},"properties":{"cell":"890d562c233ffff","res":9,"coarsened":false,"count":2,"hv":2,"mp":0,"y0":2006,"y1":2006,"sp":[[86,1,1,0,2006,2006],[76,1,1,0,2006,2006]]}},{"type":"Feature","geometry":{"type":"Polygon","coordinates":[[[-150.26009,67.22138],[-150.26336,67.22003],[-150.26212,67.21834],[-150.2576,67.21801],[-150.25433,67.21936],[-150.25558,67.22105],[-150.26009,67.22138]]]},"properties":{"cell":"890d5297027ffff","res":9,"coarsened":false,"count":2,"hv":2,"mp":0,"y0":2006,"y1":2006,"sp":[[30,1,1,0,2006,2006],[18,1,1,0,2006,2006]]}},{"type":"Feature","geometry":{"type":"Polygon","coordinates":[[[-155.91557,68.0819],[-155.91865,68.08041],[-155.91687,68.07875],[-155.91201,68.07857],[-155.90894,68.08005],[-155.91072,68.08172],[-155.91557,68.0819]]]},"properties":{"cell":"890c240b2c3ffff","res":9,"coarsened":false,"count":1,"hv":1,"mp":0,"y0":null,"y1":null,"sp":[[54,1,1,0,null,null]]}},{"type":"Feature","geometry":{"type":"Polygon","coordinates":[[[-150.20221,67.21235],[-150.27955,67.19567],[-150.28498,67.16257],[-150.21331,67.14614],[-150.13612,67.16278],[-150.13046,67.19587],[-150.20221,67.21235]]]},"properties":{"cell":"860d52947ffffff","res":6,"coarsened":true,"count":5,"hv":5,"mp":0,"y0":null,"y1":null,"sp":[[79,5,5,0,null,null]]}},{"type":"Feature","geometry":{"type":"Polygon","coordinates":[[[-149.65905,67.70949],[-149.7385,67.69308],[-149.7449,67.65986],[-149.67209,67.64307],[-149.5928,67.65944],[-149.58616,67.69265],[-149.65905,67.70949]]]},"properties":{"cell":"860d56ad7ffffff","res":6,"coarsened":true,"count":5,"hv":5,"mp":0,"y0":null,"y1":null,"sp":[[79,5,5,0,null,null]]}},{"type":"Feature","geometry":{"type":"Polygon","coordinates":[[[-156.24075,66.89317],[-156.24364,66.89169],[-156.24193,66.89005],[-156.23733,66.88989],[-156.23444,66.89137],[-156.23615,66.89301],[-156.24075,66.89317]]]},"properties":{"cell":"890c2009943ffff","res":9,"coarsened":false,"count":1,"hv":1,"mp":0,"y0":null,"y1":null,"sp":[[82,1,1,0,null,null]]}},{"type":"Feature","geometry":{"type":"Polygon","coordinates":[[[-149.80816,67.93299],[-149.81156,67.93164],[-149.81032,67.92993],[-149.80566,67.92958],[-149.80226,67.93093],[-149.8035,67.93264],[-149.80816,67.93299]]]},"properties":{"cell":"890d56b9547ffff","res":9,"coarsened":false,"count":13,"hv":13,"mp":0,"y0":null,"y1":null,"sp":[[18,5,5,0,null,null],[17,2,2,0,null,null],[40,1,1,0,null,null],[58,1,1,0,null,null],[4,1,1,0,null,null],[7,1,1,0,null,null],[87,1,1,0,null,null],[71,1,1,0,null,null]]}},{"type":"Feature","geometry":{"type":"Polygon","coordinates":[[[-149.82428,67.93098],[-149.82768,67.92963],[-149.82643,67.92793],[-149.82178,67.92758],[-149.81838,67.92893],[-149.81962,67.93063],[-149.82428,67.93098]]]},"properties":{"cell":"890d56b90b3ffff","res":9,"coarsened":false,"count":12,"hv":12,"mp":0,"y0":null,"y1":null,"sp":[[17,4,4,0,null,null],[76,2,2,0,null,null],[55,1,1,0,null,null],[18,1,1,0,null,null],[21,1,1,0,null,null],[13,1,1,0,null,null],[4,1,1,0,null,null],[105,1,1,0,null,null]]}},{"type":"Feature","geometry":{"type":"Polygon","coordinates":[[[-150.65583,66.66596],[-150.73101,66.64908],[-150.73564,66.61611],[-150.6653,66.60004],[-150.59025,66.61688],[-150.58541,66.64984],[-150.65583,66.66596]]]},"properties":{"cell":"860d52337ffffff","res":6,"coarsened":true,"count":7,"hv":7,"mp":0,"y0":null,"y1":null,"sp":[[79,7,7,0,null,null]]}},{"type":"Feature","geometry":{"type":"Polygon","coordinates":[[[-156.87476,66.84091],[-156.87761,66.83941],[-156.87585,66.83778],[-156.87125,66.83764],[-156.8684,66.83913],[-156.87015,66.84077],[-156.87476,66.84091]]]},"properties":{"cell":"890c204c513ffff","res":9,"coarsened":false,"count":1,"hv":1,"mp":0,"y0":null,"y1":null,"sp":[[107,1,1,0,null,null]]}},{"type":"Feature","geometry":{"type":"Polygon","coordinates":[[[-152.52376,67.12027],[-152.52689,67.11886],[-152.52547,67.11719],[-152.52091,67.11692],[-152.51778,67.11833],[-152.5192,67.12],[-152.52376,67.12027]]]},"properties":{"cell":"890c252289bffff","res":9,"coarsened":false,"count":2,"hv":2,"mp":0,"y0":null,"y1":null,"sp":[[121,2,2,0,null,null]]}},{"type":"Feature","geometry":{"type":"Polygon","coordinates":[[[-151.43407,67.17047],[-151.43727,67.16909],[-151.43593,67.16741],[-151.4314,67.16711],[-151.4282,67.1685],[-151.42953,67.17018],[-151.43407,67.17047]]]},"properties":{"cell":"890d52d52b3ffff","res":9,"coarsened":false,"count":2,"hv":2,"mp":0,"y0":null,"y1":null,"sp":[[121,2,2,0,null,null]]}},{"type":"Feature","geometry":{"type":"Polygon","coordinates":[[[-151.38071,67.13034],[-151.38391,67.12896],[-151.38257,67.12728],[-151.37805,67.12698],[-151.37485,67.12837],[-151.37618,67.13005],[-151.38071,67.13034]]]},"properties":{"cell":"890d52d5e67ffff","res":9,"coarsened":false,"count":2,"hv":2,"mp":0,"y0":null,"y1":null,"sp":[[121,2,2,0,null,null]]}},{"type":"Feature","geometry":{"type":"Polygon","coordinates":[[[-152.76351,66.99113],[-152.76661,66.98972],[-152.76517,66.98805],[-152.76064,66.9878],[-152.75753,66.98921],[-152.75897,66.99088],[-152.76351,66.99113]]]},"properties":{"cell":"890c252f1a7ffff","res":9,"coarsened":false,"count":2,"hv":2,"mp":0,"y0":null,"y1":null,"sp":[[121,2,2,0,null,null]]}},{"type":"Feature","geometry":{"type":"Polygon","coordinates":[[[-151.84296,67.10123],[-151.84613,67.09984],[-151.84476,67.09816],[-151.84023,67.09788],[-151.83706,67.09927],[-151.83842,67.10095],[-151.84296,67.10123]]]},"properties":{"cell":"890d52cac9bffff","res":9,"coarsened":false,"count":2,"hv":2,"mp":0,"y0":null,"y1":null,"sp":[[121,2,2,0,null,null]]}},{"type":"Feature","geometry":{"type":"Polygon","coordinates":[[[-152.01044,67.26288],[-152.01363,67.26148],[-152.01224,67.2598],[-152.00766,67.25952],[-152.00448,67.26092],[-152.00587,67.26259],[-152.01044,67.26288]]]},"properties":{"cell":"890d52db07bffff","res":9,"coarsened":false,"count":2,"hv":2,"mp":0,"y0":null,"y1":null,"sp":[[121,2,2,0,null,null]]}},{"type":"Feature","geometry":{"type":"Polygon","coordinates":[[[-151.43966,67.16128],[-151.44286,67.1599],[-151.44152,67.15822],[-151.43698,67.15792],[-151.43378,67.15931],[-151.43512,67.16099],[-151.43966,67.16128]]]},"properties":{"cell":"890d52d5237ffff","res":9,"coarsened":false,"count":2,"hv":2,"mp":0,"y0":null,"y1":null,"sp":[[121,2,2,0,null,null]]}},{"type":"Feature","geometry":{"type":"Polygon","coordinates":[[[-151.25345,66.83255],[-151.25662,66.83118],[-151.25531,66.8295],[-151.25085,66.8292],[-151.24769,66.83058],[-151.24899,66.83225],[-151.25345,66.83255]]]},"properties":{"cell":"890d520362fffff","res":9,"coarsened":false,"count":2,"hv":2,"mp":0,"y0":null,"y1":null,"sp":[[121,2,2,0,null,null]]}},{"type":"Feature","geometry":{"type":"Polygon","coordinates":[[[-151.89857,67.21134],[-151.90175,67.20995],[-151.90037,67.20827],[-151.89581,67.20799],[-151.89263,67.20938],[-151.89401,67.21106],[-151.89857,67.21134]]]},"properties":{"cell":"890d52d81cbffff","res":9,"coarsened":false,"count":2,"hv":2,"mp":0,"y0":null,"y1":null,"sp":[[121,2,2,0,null,null]]}},{"type":"Feature","geometry":{"type":"Polygon","coordinates":[[[-151.45891,66.65271],[-151.46204,66.65133],[-151.46073,66.64966],[-151.4563,66.64937],[-151.45317,66.65075],[-151.45448,66.65242],[-151.45891,66.65271]]]},"properties":{"cell":"890d5208b33ffff","res":9,"coarsened":false,"count":2,"hv":2,"mp":0,"y0":null,"y1":null,"sp":[[121,2,2,0,null,null]]}},{"type":"Feature","geometry":{"type":"Polygon","coordinates":[[[-150.57568,66.71578],[-150.65107,66.69894],[-150.65583,66.66596],[-150.58541,66.64984],[-150.51015,66.66664],[-150.50517,66.69961],[-150.57568,66.71578]]]},"properties":{"cell":"860d52a9fffffff","res":6,"coarsened":true,"count":9,"hv":9,"mp":0,"y0":null,"y1":null,"sp":[[79,9,9,0,null,null]]}},{"type":"Feature","geometry":{"type":"Polygon","coordinates":[[[-152.04344,68.05313],[-152.04674,68.05173],[-152.04529,68.05003],[-152.04054,68.04974],[-152.03724,68.05115],[-152.03869,68.05284],[-152.04344,68.05313]]]},"properties":{"cell":"890d0b2e10bffff","res":9,"coarsened":false,"count":41,"hv":41,"mp":0,"y0":null,"y1":null,"sp":[[0,13,13,0,null,null],[74,8,8,0,null,null],[13,3,3,0,null,null],[17,3,3,0,null,null],[30,2,2,0,null,null],[131,2,2,0,null,null],[18,2,2,0,null,null],[31,2,2,0,null,null],[103,1,1,0,null,null],[68,1,1,0,null,null],[5,1,1,0,null,null],[28,1,1,0,null,null],[87,1,1,0,null,null],[4,1,1,0,null,null]]}},{"type":"Feature","geometry":{"type":"Polygon","coordinates":[[[-151.99012,68.08037],[-151.99343,68.07897],[-151.99198,68.07727],[-151.98723,68.07698],[-151.98392,68.07838],[-151.98536,68.08008],[-151.99012,68.08037]]]},"properties":{"cell":"890d0b2564fffff","res":9,"coarsened":false,"count":47,"hv":47,"mp":0,"y0":null,"y1":null,"sp":[[74,22,22,0,null,null],[28,5,5,0,null,null],[30,3,3,0,null,null],[13,3,3,0,null,null],[31,3,3,0,null,null],[43,3,3,0,null,null],[99,2,2,0,null,null],[56,2,2,0,null,null],[0,1,1,0,null,null],[110,1,1,0,null,null],[18,1,1,0,null,null],[124,1,1,0,null,null]]}},{"type":"Feature","geometry":{"type":"Polygon","coordinates":[[[-151.77214,68.11022],[-151.77546,68.10882],[-151.77403,68.10713],[-151.76928,68.10683],[-151.76595,68.10823],[-151.76738,68.10992],[-151.77214,68.11022]]]},"properties":{"cell":"890d0b271b3ffff","res":9,"coarsened":false,"count":31,"hv":31,"mp":0,"y0":null,"y1":null,"sp":[[0,9,9,0,null,null],[18,5,5,0,null,null],[30,5,5,0,null,null],[13,3,3,0,null,null],[36,2,2,0,null,null],[66,2,2,0,null,null],[28,2,2,0,null,null],[31,2,2,0,null,null],[65,1,1,0,null,null]]}},{"type":"Feature","geometry":{"type":"Polygon","coordinates":[[[-156.18893,67.73058],[-156.19194,67.72909],[-156.19017,67.72743],[-156.18539,67.72726],[-156.18238,67.72875],[-156.18415,67.73041],[-156.18893,67.73058]]]},"properties":{"cell":"890c246a42bffff","res":9,"coarsened":false,"count":15,"hv":15,"mp":0,"y0":null,"y1":null,"sp":[[55,5,5,0,null,null],[105,4,4,0,null,null],[65,2,2,0,null,null],[18,2,2,0,null,null],[22,1,1,0,null,null],[34,1,1,0,null,null]]}},{"type":"Feature","geometry":{"type":"Polygon","coordinates":[[[-151.87903,68.09279],[-151.88235,68.09139],[-151.88091,68.0897],[-151.87616,68.0894],[-151.87284,68.0908],[-151.87428,68.0925],[-151.87903,68.09279]]]},"properties":{"cell":"890d0b254b7ffff","res":9,"coarsened":false,"count":36,"hv":36,"mp":0,"y0":null,"y1":null,"sp":[[28,9,9,0,null,null],[30,6,6,0,null,null],[31,6,6,0,null,null],[0,4,4,0,null,null],[13,4,4,0,null,null],[23,2,2,0,null,null],[36,2,2,0,null,null],[103,1,1,0,null,null],[17,1,1,0,null,null],[65,1,1,0,null,null]]}},{"type":"Feature","geometry":{"type":"Polygon","coordinates":[[[-155.14002,66.8023],[-155.14296,66.80084],[-155.14135,66.79919],[-155.13679,66.799],[-155.13384,66.80046],[-155.13546,66.80211],[-155.14002,66.8023]]]},"properties":{"cell":"890c20308c7ffff","res":9,"coarsened":false,"count":31,"hv":31,"mp":0,"y0":null,"y1":null,"sp":[[55,5,5,0,null,null],[0,4,4,0,null,null],[21,3,3,0,null,null],[80,3,3,0,null,null],[18,2,2,0,null,null],[13,2,2,0,null,null],[74,2,2,0,null,null],[105,2,2,0,null,null],[65,2,2,0,null,null],[86,2,2,0,null,null],[91,1,1,0,null,null],[110,1,1,0,null,null],[7,1,1,0,null,null],[4,1,1,0,null,null]]}},{"type":"Feature","geometry":{"type":"Polygon","coordinates":[[[-152.07379,68.05177],[-152.07709,68.05036],[-152.07564,68.04867],[-152.07089,68.04838],[-152.06759,68.04979],[-152.06904,68.05148],[-152.07379,68.05177]]]},"properties":{"cell":"890d0b2e387ffff","res":9,"coarsened":false,"count":44,"hv":44,"mp":0,"y0":null,"y1":null,"sp":[[13,10,10,0,null,null],[0,8,8,0,null,null],[18,6,6,0,null,null],[28,4,4,0,null,null],[31,4,4,0,null,null],[66,3,3,0,null,null],[122,2,2,0,null,null],[17,2,2,0,null,null],[30,1,1,0,null,null],[43,1,1,0,null,null],[5,1,1,0,null,null],[103,1,1,0,null,null],[65,1,1,0,null,null]]}},{"type":"Feature","geometry":{"type":"Polygon","coordinates":[[[-155.6434,67.6611],[-155.64644,67.65962],[-155.64472,67.65796],[-155.63996,67.65778],[-155.63693,67.65926],[-155.63865,67.66092],[-155.6434,67.6611]]]},"properties":{"cell":"890c24673afffff","res":9,"coarsened":false,"count":84,"hv":84,"mp":0,"y0":null,"y1":null,"sp":[[0,23,23,0,null,null],[30,14,14,0,null,null],[18,11,11,0,null,null],[13,10,10,0,null,null],[23,5,5,0,null,null],[28,5,5,0,null,null],[66,5,5,0,null,null],[31,3,3,0,null,null],[65,2,2,0,null,null],[17,1,1,0,null,null],[122,1,1,0,null,null],[9,1,1,0,null,null],[19,1,1,0,null,null],[4,1,1,0,null,null],[15,1,1,0,null,null]]}},{"type":"Feature","geometry":{"type":"Polygon","coordinates":[[[-155.50839,67.6718],[-155.51143,67.67033],[-155.50972,67.66866],[-155.50497,67.66848],[-155.50193,67.66995],[-155.50364,67.67162],[-155.50839,67.6718]]]},"properties":{"cell":"890c2466313ffff","res":9,"coarsened":false,"count":58,"hv":58,"mp":0,"y0":null,"y1":null,"sp":[[13,17,17,0,null,null],[0,13,13,0,null,null],[18,4,4,0,null,null],[30,4,4,0,null,null],[19,3,3,0,null,null],[21,3,3,0,null,null],[17,2,2,0,null,null],[68,2,2,0,null,null],[122,2,2,0,null,null],[74,2,2,0,null,null],[75,2,2,0,null,null],[57,1,1,0,null,null],[31,1,1,0,null,null],[56,1,1,0,null,null],[65,1,1,0,null,null]]}},{"type":"Feature","geometry":{"type":"Polygon","coordinates":[[[-155.4333,67.66086],[-155.43635,67.65939],[-155.43465,67.65773],[-155.42989,67.65754],[-155.42685,67.65901],[-155.42855,67.66067],[-155.4333,67.66086]]]},"properties":{"cell":"890c2466c4fffff","res":9,"coarsened":false,"count":11,"hv":11,"mp":0,"y0":null,"y1":null,"sp":[[30,3,3,0,null,null],[105,2,2,0,null,null],[19,1,1,0,null,null],[0,1,1,0,null,null],[17,1,1,0,null,null],[58,1,1,0,null,null],[13,1,1,0,null,null],[18,1,1,0,null,null]]}},{"type":"Feature","geometry":{"type":"Polygon","coordinates":[[[-156.35501,67.79057],[-156.35801,67.78908],[-156.35622,67.78742],[-156.35142,67.78726],[-156.34841,67.78875],[-156.3502,67.79041],[-156.35501,67.79057]]]},"properties":{"cell":"890c24793a3ffff","res":9,"coarsened":false,"count":22,"hv":22,"mp":0,"y0":null,"y1":null,"sp":[[18,4,4,0,null,null],[105,4,4,0,null,null],[68,4,4,0,null,null],[13,3,3,0,null,null],[76,2,2,0,null,null],[0,2,2,0,null,null],[58,1,1,0,null,null],[55,1,1,0,null,null],[22,1,1,0,null,null]]}},{"type":"Feature","geometry":{"type":"Polygon","coordinates":[[[-154.77181,66.80081],[-154.77477,66.79936],[-154.77319,66.79771],[-154.76864,66.79751],[-154.76567,66.79896],[-154.76726,66.80061],[-154.77181,66.80081]]]},"properties":{"cell":"890c21d924bffff","res":9,"coarsened":false,"count":41,"hv":41,"mp":0,"y0":null,"y1":null,"sp":[[55,6,6,0,null,null],[4,5,5,0,null,null],[80,5,5,0,null,null],[18,5,5,0,null,null],[13,4,4,0,null,null],[0,4,4,0,null,null],[105,2,2,0,null,null],[65,2,2,0,null,null],[59,1,1,0,null,null],[20,1,1,0,null,null],[58,1,1,0,null,null],[86,1,1,0,null,null],[30,1,1,0,null,null],[68,1,1,0,null,null],[73,1,1,0,null,null],[122,1,1,0,null,null]]}},{"type":"Feature","geometry":{"type":"Polygon","coordinates":[[[-154.46091,66.93252],[-154.46391,66.93107],[-154.46234,66.92942],[-154.45778,66.92921],[-154.45477,66.93065],[-154.45634,66.93231],[-154.46091,66.93252]]]},"properties":{"cell":"890c20a4e43ffff","res":9,"coarsened":false,"count":21,"hv":21,"mp":0,"y0":null,"y1":null,"sp":[[75,4,4,0,null,null],[68,4,4,0,null,null],[19,3,3,0,null,null],[20,2,2,0,null,null],[7,1,1,0,null,null],[21,1,1,0,null,null],[80,1,1,0,null,null],[18,1,1,0,null,null],[13,1,1,0,null,null],[55,1,1,0,null,null],[37,1,1,0,null,null],[39,1,1,0,null,null]]}},{"type":"Feature","geometry":{"type":"Polygon","coordinates":[[[-154.37037,66.96161],[-154.37338,66.96017],[-154.37182,66.95851],[-154.36725,66.9583],[-154.36424,66.95974],[-154.3658,66.9614],[-154.37037,66.96161]]]},"properties":{"cell":"890c20a6a07ffff","res":9,"coarsened":false,"count":14,"hv":14,"mp":0,"y0":null,"y1":null,"sp":[[68,3,3,0,null,null],[76,2,2,0,null,null],[105,2,2,0,null,null],[39,2,2,0,null,null],[20,1,1,0,null,null],[17,1,1,0,null,null],[89,1,1,0,null,null],[4,1,1,0,null,null],[21,1,1,0,null,null]]}},{"type":"Feature","geometry":{"type":"Polygon","coordinates":[[[-154.37543,67.04113],[-154.37845,67.03968],[-154.37688,67.03802],[-154.37229,67.03781],[-154.36927,67.03926],[-154.37084,67.04092],[-154.37543,67.04113]]]},"properties":{"cell":"890c20a64abffff","res":9,"coarsened":false,"count":13,"hv":13,"mp":0,"y0":null,"y1":null,"sp":[[18,6,6,0,null,null],[68,3,3,0,null,null],[65,2,2,0,null,null],[19,1,1,0,null,null],[30,1,1,0,null,null]]}},{"type":"Feature","geometry":{"type":"Polygon","coordinates":[[[-152.26827,67.62154],[-152.27149,67.62013],[-152.27005,67.61845],[-152.2654,67.61817],[-152.26217,67.61958],[-152.26361,67.62126],[-152.26827,67.62154]]]},"properties":{"cell":"890c25ba5a3ffff","res":9,"coarsened":false,"count":20,"hv":20,"mp":0,"y0":null,"y1":null,"sp":[[18,4,4,0,null,null],[80,3,3,0,null,null],[0,3,3,0,null,null],[13,3,3,0,null,null],[17,2,2,0,null,null],[55,2,2,0,null,null],[86,1,1,0,null,null],[30,1,1,0,null,null],[20,1,1,0,null,null]]}},{"type":"Feature","geometry":{"type":"Polygon","coordinates":[[[-152.26901,67.63277],[-152.27223,67.63136],[-152.27079,67.62968],[-152.26613,67.6294],[-152.26291,67.63081],[-152.26434,67.63249],[-152.26901,67.63277]]]},"properties":{"cell":"890c2584b2fffff","res":9,"coarsened":false,"count":28,"hv":28,"mp":0,"y0":null,"y1":null,"sp":[[18,10,10,0,null,null],[55,5,5,0,null,null],[80,4,4,0,null,null],[0,4,4,0,null,null],[86,2,2,0,null,null],[20,2,2,0,null,null],[123,1,1,0,null,null]]}},{"type":"Feature","geometry":{"type":"Polygon","coordinates":[[[-152.20027,67.55196],[-152.20349,67.55056],[-152.20206,67.54888],[-152.19742,67.5486],[-152.1942,67.55],[-152.19563,67.55168],[-152.20027,67.55196]]]},"properties":{"cell":"890c25ba9b7ffff","res":9,"coarsened":false,"count":60,"hv":60,"mp":0,"y0":null,"y1":null,"sp":[[13,17,17,0,null,null],[18,10,10,0,null,null],[55,5,5,0,null,null],[20,3,3,0,null,null],[73,3,3,0,null,null],[30,3,3,0,null,null],[4,3,3,0,null,null],[100,3,3,0,null,null],[70,3,3,0,null,null],[0,2,2,0,null,null],[80,2,2,0,null,null],[17,2,2,0,null,null],[86,1,1,0,null,null],[76,1,1,0,null,null],[21,1,1,0,null,null],[65,1,1,0,null,null]]}},{"type":"Feature","geometry":{"type":"Polygon","coordinates":[[[-152.19135,67.95302],[-152.19463,67.95161],[-152.19317,67.94992],[-152.18844,67.94964],[-152.18516,67.95104],[-152.18662,67.95273],[-152.19135,67.95302]]]},"properties":{"cell":"890d0b2d917ffff","res":9,"coarsened":false,"count":83,"hv":83,"mp":0,"y0":null,"y1":null,"sp":[[0,21,21,0,null,null],[18,16,16,0,null,null],[13,11,11,0,null,null],[30,6,6,0,null,null],[122,5,5,0,null,null],[4,4,4,0,null,null],[9,3,3,0,null,null],[19,3,3,0,null,null],[65,3,3,0,null,null],[21,2,2,0,null,null],[28,2,2,0,null,null],[17,2,2,0,null,null],[109,1,1,0,null,null],[68,1,1,0,null,null],[31,1,1,0,null,null],[66,1,1,0,null,null],[85,1,1,0,null,null]]}},{"type":"Feature","geometry":{"type":"Polygon","coordinates":[[[-152.11455,68.02055],[-152.11784,68.01914],[-152.11639,68.01745],[-152.11164,68.01716],[-152.10835,68.01857],[-152.1098,68.02026],[-152.11455,68.02055]]]},"properties":{"cell":"890d0b2c573ffff","res":9,"coarsened":false,"count":44,"hv":44,"mp":0,"y0":null,"y1":null,"sp":[[0,14,14,0,null,null],[18,8,8,0,null,null],[30,8,8,0,null,null],[23,4,4,0,null,null],[28,3,3,0,null,null],[13,3,3,0,null,null],[31,2,2,0,null,null],[65,1,1,0,null,null],[15,1,1,0,null,null]]}},{"type":"Feature","geometry":{"type":"Polygon","coordinates":[[[-152.08184,68.05065],[-152.08514,68.04925],[-152.08369,68.04756],[-152.07894,68.04727],[-152.07564,68.04867],[-152.07709,68.05036],[-152.08184,68.05065]]]},"properties":{"cell":"890d0b2e38fffff","res":9,"coarsened":false,"count":28,"hv":28,"mp":0,"y0":null,"y1":null,"sp":[[13,7,7,0,null,null],[30,4,4,0,null,null],[28,4,4,0,null,null],[18,3,3,0,null,null],[31,3,3,0,null,null],[66,2,2,0,null,null],[122,2,2,0,null,null],[17,1,1,0,null,null],[65,1,1,0,null,null],[0,1,1,0,null,null]]}},{"type":"Feature","geometry":{"type":"Polygon","coordinates":[[[-151.92933,68.08305],[-151.93264,68.08165],[-151.9312,68.07996],[-151.92645,68.07967],[-151.92314,68.08107],[-151.92458,68.08276],[-151.92933,68.08305]]]},"properties":{"cell":"890d0b2546bffff","res":9,"coarsened":false,"count":27,"hv":27,"mp":0,"y0":null,"y1":null,"sp":[[28,7,7,0,null,null],[0,7,7,0,null,null],[30,5,5,0,null,null],[136,2,2,0,null,null],[18,1,1,0,null,null],[43,1,1,0,null,null],[65,1,1,0,null,null],[13,1,1,0,null,null],[4,1,1,0,null,null],[31,1,1,0,null,null]]}},{"type":"Feature","geometry":{"type":"Polygon","coordinates":[[[-151.91,68.10274],[-151.91332,68.10133],[-151.91188,68.09964],[-151.90712,68.09935],[-151.9038,68.10075],[-151.90524,68.10244],[-151.91,68.10274]]]},"properties":{"cell":"890d0b2726fffff","res":9,"coarsened":false,"count":36,"hv":36,"mp":0,"y0":null,"y1":null,"sp":[[30,7,7,0,null,null],[13,6,6,0,null,null],[18,6,6,0,null,null],[74,4,4,0,null,null],[0,3,3,0,null,null],[66,3,3,0,null,null],[28,3,3,0,null,null],[36,1,1,0,null,null],[65,1,1,0,null,null],[4,1,1,0,null,null],[103,1,1,0,null,null]]}},{"type":"Feature","geometry":{"type":"Polygon","coordinates":[[[-151.8311,68.11069],[-151.83443,68.10929],[-151.83299,68.1076],[-151.82824,68.1073],[-151.82491,68.1087],[-151.82635,68.1104],[-151.8311,68.11069]]]},"properties":{"cell":"890d0b2702fffff","res":9,"coarsened":false,"count":18,"hv":18,"mp":0,"y0":null,"y1":null,"sp":[[28,7,7,0,null,null],[13,5,5,0,null,null],[30,3,3,0,null,null],[31,1,1,0,null,null],[132,1,1,0,null,null],[36,1,1,0,null,null]]}},{"type":"Feature","geometry":{"type":"Polygon","coordinates":[[[-151.81166,68.13036],[-151.81499,68.12896],[-151.81355,68.12727],[-151.80879,68.12697],[-151.80546,68.12837],[-151.8069,68.13006],[-151.81166,68.13036]]]},"properties":{"cell":"890d0b2755bffff","res":9,"coarsened":false,"count":37,"hv":37,"mp":0,"y0":null,"y1":null,"sp":[[28,11,11,0,null,null],[13,7,7,0,null,null],[30,6,6,0,null,null],[23,4,4,0,null,null],[31,4,4,0,null,null],[18,3,3,0,null,null],[72,2,2,0,null,null]]}},{"type":"Feature","geometry":{"type":"Polygon","coordinates":[[[-151.77311,68.13277],[-151.77644,68.13137],[-151.77501,68.12968],[-151.77025,68.12938],[-151.76692,68.13078],[-151.76835,68.13247],[-151.77311,68.13277]]]},"properties":{"cell":"890d0b2758fffff","res":9,"coarsened":false,"count":28,"hv":28,"mp":0,"y0":null,"y1":null,"sp":[[28,11,11,0,null,null],[30,4,4,0,null,null],[31,3,3,0,null,null],[7,2,2,0,null,null],[13,2,2,0,null,null],[43,1,1,0,null,null],[124,1,1,0,null,null],[5,1,1,0,null,null],[23,1,1,0,null,null],[65,1,1,0,null,null],[0,1,1,0,null,null]]}},{"type":"Feature","geometry":{"type":"Polygon","coordinates":[[[-154.95012,66.82278],[-154.95307,66.82132],[-154.95147,66.81967],[-154.94692,66.81948],[-154.94396,66.82093],[-154.94556,66.82259],[-154.95012,66.82278]]]},"properties":{"cell":"890c20374a7ffff","res":9,"coarsened":false,"count":22,"hv":22,"mp":0,"y0":null,"y1":null,"sp":[[18,4,4,0,null,null],[68,4,4,0,null,null],[80,3,3,0,null,null],[73,3,3,0,null,null],[58,2,2,0,null,null],[91,2,2,0,null,null],[105,2,2,0,null,null],[55,1,1,0,null,null],[65,1,1,0,null,null]]}},{"type":"Feature","geometry":{"type":"Polygon","coordinates":[[[-154.67266,66.82016],[-154.67563,66.81871],[-154.67405,66.81706],[-154.6695,66.81686],[-154.66653,66.81831],[-154.66811,66.81996],[-154.67266,66.82016]]]},"properties":{"cell":"890c21d9097ffff","res":9,"coarsened":false,"count":19,"hv":19,"mp":0,"y0":null,"y1":null,"sp":[[55,10,10,0,null,null],[68,3,3,0,null,null],[13,2,2,0,null,null],[80,2,2,0,null,null],[105,1,1,0,null,null],[20,1,1,0,null,null]]}},{"type":"Feature","geometry":{"type":"Polygon","coordinates":[[[-154.63521,66.87231],[-154.63819,66.87086],[-154.63661,66.86921],[-154.63205,66.86901],[-154.62907,66.87046],[-154.63065,66.87211],[-154.63521,66.87231]]]},"properties":{"cell":"890c21db0dbffff","res":9,"coarsened":false,"count":22,"hv":22,"mp":0,"y0":null,"y1":null,"sp":[[18,4,4,0,null,null],[65,3,3,0,null,null],[0,3,3,0,null,null],[68,3,3,0,null,null],[13,2,2,0,null,null],[105,2,2,0,null,null],[20,2,2,0,null,null],[17,1,1,0,null,null],[55,1,1,0,null,null],[39,1,1,0,null,null]]}},{"type":"Feature","geometry":{"type":"Polygon","coordinates":[[[-154.62152,66.8717],[-154.62451,66.87025],[-154.62293,66.8686],[-154.61837,66.86839],[-154.61538,66.86984],[-154.61696,66.8715],[-154.62152,66.8717]]]},"properties":{"cell":"890c21db0d7ffff","res":9,"coarsened":false,"count":24,"hv":24,"mp":0,"y0":null,"y1":null,"sp":[[18,6,6,0,null,null],[13,3,3,0,null,null],[0,3,3,0,null,null],[68,3,3,0,null,null],[30,2,2,0,null,null],[76,1,1,0,null,null],[91,1,1,0,null,null],[80,1,1,0,null,null],[65,1,1,0,null,null],[105,1,1,0,null,null],[122,1,1,0,null,null],[17,1,1,0,null,null]]}},{"type":"Feature","geometry":{"type":"Polygon","coordinates":[[[-151.97399,68.08259],[-151.9773,68.08119],[-151.97586,68.07949],[-151.9711,68.0792],[-151.96779,68.0806],[-151.96923,68.0823],[-151.97399,68.08259]]]},"properties":{"cell":"890d0b2560bffff","res":9,"coarsened":false,"count":24,"hv":24,"mp":0,"y0":null,"y1":null,"sp":[[30,11,11,0,null,null],[13,6,6,0,null,null],[28,3,3,0,null,null],[122,1,1,0,null,null],[36,1,1,0,null,null],[0,1,1,0,null,null],[18,1,1,0,null,null]]}},{"type":"Feature","geometry":{"type":"Polygon","coordinates":[[[-151.78929,68.13057],[-151.79262,68.12917],[-151.79119,68.12748],[-151.78643,68.12718],[-151.7831,68.12858],[-151.78453,68.13027],[-151.78929,68.13057]]]},"properties":{"cell":"890d0b2751bffff","res":9,"coarsened":false,"count":32,"hv":32,"mp":0,"y0":null,"y1":null,"sp":[[28,16,16,0,null,null],[30,5,5,0,null,null],[13,3,3,0,null,null],[31,2,2,0,null,null],[18,2,2,0,null,null],[5,1,1,0,null,null],[23,1,1,0,null,null],[0,1,1,0,null,null],[72,1,1,0,null,null]]}},{"type":"Feature","geometry":{"type":"Polygon","coordinates":[[[-155.12416,66.79057],[-155.1271,66.78911],[-155.12549,66.78746],[-155.12094,66.78727],[-155.11799,66.78873],[-155.1196,66.79038],[-155.12416,66.79057]]]},"properties":{"cell":"890c2030823ffff","res":9,"coarsened":false,"count":16,"hv":16,"mp":0,"y0":null,"y1":null,"sp":[[55,3,3,0,null,null],[105,3,3,0,null,null],[18,2,2,0,null,null],[91,2,2,0,null,null],[68,2,2,0,null,null],[58,2,2,0,null,null],[110,1,1,0,null,null],[76,1,1,0,null,null]]}},{"type":"Feature","geometry":{"type":"Polygon","coordinates":[[[-154.61782,66.89529],[-154.69155,66.87641],[-154.69023,66.84311],[-154.61541,66.82868],[-154.54181,66.84752],[-154.5429,66.88082],[-154.61782,66.89529]]]},"properties":{"cell":"860c21db7ffffff","res":6,"coarsened":true,"count":12,"hv":12,"mp":0,"y0":null,"y1":null,"sp":[[79,12,12,0,null,null]]}},{"type":"Feature","geometry":{"type":"Polygon","coordinates":[[[-154.3747,67.01255],[-154.37772,67.0111],[-154.37615,67.00944],[-154.37157,67.00923],[-154.36855,67.01068],[-154.37012,67.01233],[-154.3747,67.01255]]]},"properties":{"cell":"890c20a61cbffff","res":9,"coarsened":false,"count":17,"hv":17,"mp":0,"y0":null,"y1":null,"sp":[[100,5,5,0,null,null],[19,3,3,0,null,null],[18,2,2,0,null,null],[76,2,2,0,null,null],[20,1,1,0,null,null],[55,1,1,0,null,null],[68,1,1,0,null,null],[13,1,1,0,null,null],[125,1,1,0,null,null]]}},{"type":"Feature","geometry":{"type":"Polygon","coordinates":[[[-154.39864,67.05172],[-154.47302,67.03294],[-154.47203,66.9996],[-154.39688,66.98504],[-154.32261,67.00377],[-154.32337,67.03711],[-154.39864,67.05172]]]},"properties":{"cell":"860c20a67ffffff","res":6,"coarsened":true,"count":1,"hv":1,"mp":0,"y0":null,"y1":null,"sp":[[79,1,1,0,null,null]]}},{"type":"Feature","geometry":{"type":"Polygon","coordinates":[[[-155.50134,67.72257],[-155.57736,67.70321],[-155.57459,67.6696],[-155.49604,67.65537],[-155.42013,67.67469],[-155.42266,67.70829],[-155.50134,67.72257]]]},"properties":{"cell":"860c24667ffffff","res":6,"coarsened":true,"count":3,"hv":3,"mp":0,"y0":null,"y1":null,"sp":[[79,3,3,0,null,null]]}},{"type":"Feature","geometry":{"type":"Polygon","coordinates":[[[-152.28213,67.86071],[-152.28539,67.85931],[-152.28393,67.85762],[-152.27922,67.85734],[-152.27596,67.85874],[-152.27741,67.86043],[-152.28213,67.86071]]]},"properties":{"cell":"890c25942b3ffff","res":9,"coarsened":false,"count":8,"hv":8,"mp":0,"y0":null,"y1":null,"sp":[[80,2,2,0,null,null],[55,1,1,0,null,null],[65,1,1,0,null,null],[105,1,1,0,null,null],[20,1,1,0,null,null],[86,1,1,0,null,null],[17,1,1,0,null,null]]}},{"type":"Feature","geometry":{"type":"Polygon","coordinates":[[[-152.34152,67.64508],[-152.41925,67.6273],[-152.42146,67.59389],[-152.34617,67.57826],[-152.26858,67.596],[-152.26613,67.6294],[-152.34152,67.64508]]]},"properties":{"cell":"860c25ba7ffffff","res":6,"coarsened":true,"count":4,"hv":4,"mp":0,"y0":null,"y1":null,"sp":[[79,4,4,0,null,null]]}},{"type":"Feature","geometry":{"type":"Polygon","coordinates":[[[-154.9871,66.83385],[-155.06038,66.8148],[-155.05851,66.78149],[-154.98357,66.76725],[-154.9104,66.78627],[-154.91205,66.81957],[-154.9871,66.83385]]]},"properties":{"cell":"860c20377ffffff","res":6,"coarsened":true,"count":1,"hv":1,"mp":0,"y0":null,"y1":null,"sp":[[79,1,1,0,null,null]]}},{"type":"Feature","geometry":{"type":"Polygon","coordinates":[[[-152.17849,67.55224],[-152.1817,67.55084],[-152.18028,67.54916],[-152.17564,67.54888],[-152.17242,67.55028],[-152.17384,67.55196],[-152.17849,67.55224]]]},"properties":{"cell":"890c25b1a77ffff","res":9,"coarsened":false,"count":25,"hv":25,"mp":0,"y0":null,"y1":null,"sp":[[120,4,4,0,null,null],[18,4,4,0,null,null],[103,4,4,0,null,null],[55,3,3,0,null,null],[33,2,2,0,null,null],[30,2,2,0,null,null],[80,1,1,0,null,null],[4,1,1,0,null,null],[28,1,1,0,null,null],[13,1,1,0,null,null],[65,1,1,0,null,null],[0,1,1,0,null,null]]}},{"type":"Feature","geometry":{"type":"Polygon","coordinates":[[[-152.15335,67.99242],[-152.15664,67.99101],[-152.15518,67.98932],[-152.15045,67.98903],[-152.14716,67.99044],[-152.14861,67.99213],[-152.15335,67.99242]]]},"properties":{"cell":"890d0b2c3afffff","res":9,"coarsened":false,"count":48,"hv":48,"mp":0,"y0":null,"y1":null,"sp":[[30,11,11,0,null,null],[0,9,9,0,null,null],[13,8,8,0,null,null],[28,4,4,0,null,null],[17,3,3,0,null,null],[18,3,3,0,null,null],[122,2,2,0,null,null],[65,2,2,0,null,null],[36,2,2,0,null,null],[43,2,2,0,null,null],[66,2,2,0,null,null]]}},{"type":"Feature","geometry":{"type":"Polygon","coordinates":[[[-150.88707,67.44161],[-150.89034,67.44023],[-150.88903,67.43854],[-150.88445,67.43823],[-150.88118,67.4396],[-150.88249,67.44129],[-150.88707,67.44161]]]},"properties":{"cell":"890d5667603ffff","res":9,"coarsened":false,"count":29,"hv":29,"mp":0,"y0":null,"y1":null,"sp":[[13,8,8,0,null,null],[18,4,4,0,null,null],[0,4,4,0,null,null],[91,3,3,0,null,null],[73,2,2,0,null,null],[21,2,2,0,null,null],[30,1,1,0,null,null],[22,1,1,0,null,null],[105,1,1,0,null,null],[111,1,1,0,null,null],[68,1,1,0,null,null],[58,1,1,0,null,null]]}},{"type":"Feature","geometry":{"type":"Polygon","coordinates":[[[-150.87333,67.44066],[-150.8766,67.43929],[-150.87529,67.4376],[-150.87071,67.43728],[-150.86744,67.43865],[-150.86875,67.44034],[-150.87333,67.44066]]]},"properties":{"cell":"890d56676abffff","res":9,"coarsened":false,"count":58,"hv":58,"mp":0,"y0":null,"y1":null,"sp":[[0,8,8,0,null,null],[18,7,7,0,null,null],[13,6,6,0,null,null],[105,6,6,0,null,null],[73,5,5,0,null,null],[80,5,5,0,null,null],[68,5,5,0,null,null],[91,4,4,0,null,null],[55,3,3,0,null,null],[59,2,2,0,null,null],[21,2,2,0,null,null],[22,1,1,0,null,null],[92,1,1,0,null,null],[76,1,1,0,null,null],[86,1,1,0,null,null],[30,1,1,0,null,null]]}},{"type":"Feature","geometry":{"type":"Polygon","coordinates":[[[-150.97056,67.68251],[-150.97387,67.68113],[-150.97254,67.67944],[-150.9679,67.67912],[-150.9646,67.6805],[-150.96593,67.68219],[-150.97056,67.68251]]]},"properties":{"cell":"890d56735abffff","res":9,"coarsened":false,"count":7,"hv":7,"mp":0,"y0":null,"y1":null,"sp":[[18,3,3,0,null,null],[30,2,2,0,null,null],[65,2,2,0,null,null]]}},{"type":"Feature","geometry":{"type":"Polygon","coordinates":[[[-150.9646,67.6805],[-150.9679,67.67912],[-150.96657,67.67743],[-150.96194,67.67712],[-150.95863,67.67849],[-150.95996,67.68018],[-150.9646,67.6805]]]},"properties":{"cell":"890d56735afffff","res":9,"coarsened":false,"count":44,"hv":44,"mp":0,"y0":null,"y1":null,"sp":[[105,9,9,0,null,null],[68,6,6,0,null,null],[18,5,5,0,null,null],[61,4,4,0,null,null],[30,4,4,0,null,null],[80,3,3,0,null,null],[0,2,2,0,null,null],[76,2,2,0,null,null],[92,2,2,0,null,null],[17,2,2,0,null,null],[86,1,1,0,null,null],[58,1,1,0,null,null],[122,1,1,0,null,null],[13,1,1,0,null,null],[65,1,1,0,null,null]]}},{"type":"Feature","geometry":{"type":"Polygon","coordinates":[[[-150.95287,67.73257],[-150.95618,67.73119],[-150.95485,67.7295],[-150.9502,67.72918],[-150.94689,67.73056],[-150.94822,67.73225],[-150.95287,67.73257]]]},"properties":{"cell":"890d560988bffff","res":9,"coarsened":false,"count":38,"hv":38,"mp":0,"y0":null,"y1":null,"sp":[[13,26,26,0,null,null],[18,3,3,0,null,null],[30,2,2,0,null,null],[80,2,2,0,null,null],[20,1,1,0,null,null],[86,1,1,0,null,null],[0,1,1,0,null,null],[21,1,1,0,null,null],[91,1,1,0,null,null]]}},{"type":"Feature","geometry":{"type":"Polygon","coordinates":[[[-150.80481,67.39118],[-150.80808,67.38981],[-150.80678,67.38812],[-150.80221,67.3878],[-150.79895,67.38917],[-150.80024,67.39086],[-150.80481,67.39118]]]},"properties":{"cell":"890d56646abffff","res":9,"coarsened":false,"count":32,"hv":32,"mp":0,"y0":null,"y1":null,"sp":[[18,8,8,0,null,null],[13,6,6,0,null,null],[30,5,5,0,null,null],[122,3,3,0,null,null],[55,2,2,0,null,null],[68,1,1,0,null,null],[76,1,1,0,null,null],[61,1,1,0,null,null],[86,1,1,0,null,null],[105,1,1,0,null,null],[137,1,1,0,null,null],[80,1,1,0,null,null],[58,1,1,0,null,null]]}},{"type":"Feature","geometry":{"type":"Polygon","coordinates":[[[-150.86548,67.44172],[-150.86875,67.44034],[-150.86744,67.43865],[-150.86286,67.43834],[-150.85959,67.43971],[-150.8609,67.4414],[-150.86548,67.44172]]]},"properties":{"cell":"890d56676a3ffff","res":9,"coarsened":false,"count":20,"hv":20,"mp":0,"y0":null,"y1":null,"sp":[[18,3,3,0,null,null],[0,3,3,0,null,null],[80,2,2,0,null,null],[105,2,2,0,null,null],[58,2,2,0,null,null],[55,2,2,0,null,null],[13,2,2,0,null,null],[76,1,1,0,null,null],[30,1,1,0,null,null],[68,1,1,0,null,null],[92,1,1,0,null,null]]}},{"type":"Feature","geometry":{"type":"Polygon","coordinates":[[[-150.96052,67.653],[-150.96382,67.65162],[-150.96249,67.64993],[-150.95786,67.64961],[-150.95456,67.65099],[-150.95589,67.65268],[-150.96052,67.653]]]},"properties":{"cell":"890d56704c7ffff","res":9,"coarsened":false,"count":7,"hv":7,"mp":0,"y0":null,"y1":null,"sp":[[18,3,3,0,null,null],[80,1,1,0,null,null],[65,1,1,0,null,null],[17,1,1,0,null,null],[30,1,1,0,null,null]]}},{"type":"Feature","geometry":{"type":"Polygon","coordinates":[[[-150.97471,67.72124],[-150.97802,67.71986],[-150.97669,67.71817],[-150.97204,67.71785],[-150.96874,67.71923],[-150.97007,67.72092],[-150.97471,67.72124]]]},"properties":{"cell":"890d560987bffff","res":9,"coarsened":false,"count":8,"hv":8,"mp":0,"y0":null,"y1":null,"sp":[[20,3,3,0,null,null],[55,2,2,0,null,null],[18,2,2,0,null,null],[80,1,1,0,null,null]]}},{"type":"Feature","geometry":{"type":"Polygon","coordinates":[[[-150.81451,67.42061],[-150.81778,67.41924],[-150.81648,67.41755],[-150.81191,67.41723],[-150.80864,67.4186],[-150.80994,67.42029],[-150.81451,67.42061]]]},"properties":{"cell":"890d56671c3ffff","res":9,"coarsened":false,"count":26,"hv":26,"mp":0,"y0":null,"y1":null,"sp":[[105,15,15,0,null,null],[55,4,4,0,null,null],[18,3,3,0,null,null],[80,2,2,0,null,null],[76,2,2,0,null,null]]}},{"type":"Feature","geometry":{"type":"Polygon","coordinates":[[[-150.85958,67.4509],[-150.86286,67.44953],[-150.86155,67.44784],[-150.85697,67.44752],[-150.85369,67.44889],[-150.855,67.45058],[-150.85958,67.4509]]]},"properties":{"cell":"890d566745bffff","res":9,"coarsened":false,"count":7,"hv":7,"mp":0,"y0":null,"y1":null,"sp":[[18,3,3,0,null,null],[105,2,2,0,null,null],[20,1,1,0,null,null],[61,1,1,0,null,null]]}},{"type":"Feature","geometry":{"type":"Polygon","coordinates":[[[-150.95096,67.75808],[-151.02991,67.74101],[-151.03431,67.70766],[-150.96001,67.6914],[-150.88121,67.70844],[-150.87657,67.74177],[-150.95096,67.75808]]]},"properties":{"cell":"860d5609fffffff","res":6,"coarsened":true,"count":5,"hv":5,"mp":0,"y0":null,"y1":null,"sp":[[79,5,5,0,null,null]]}},{"type":"Feature","geometry":{"type":"Polygon","coordinates":[[[-150.96254,67.66114],[-150.96584,67.65976],[-150.96451,67.65807],[-150.95988,67.65776],[-150.95658,67.65913],[-150.95791,67.66083],[-150.96254,67.66114]]]},"properties":{"cell":"890d567226bffff","res":9,"coarsened":false,"count":8,"hv":8,"mp":0,"y0":null,"y1":null,"sp":[[86,4,4,0,null,null],[18,1,1,0,null,null],[122,1,1,0,null,null],[13,1,1,0,null,null],[21,1,1,0,null,null]]}},{"type":"Feature","geometry":{"type":"Polygon","coordinates":[[[-150.96451,67.65807],[-151.04307,67.641],[-151.04743,67.60768],[-150.97347,67.59145],[-150.89505,67.60849],[-150.89045,67.6418],[-150.96451,67.65807]]]},"properties":{"cell":"860d56707ffffff","res":6,"coarsened":true,"count":2,"hv":2,"mp":0,"y0":null,"y1":null,"sp":[[79,2,2,0,null,null]]}},{"type":"Feature","geometry":{"type":"Polygon","coordinates":[[[-151.79259,68.11311],[-151.79591,68.11171],[-151.79448,68.11001],[-151.78973,68.10972],[-151.7864,68.11111],[-151.78783,68.11281],[-151.79259,68.11311]]]},"properties":{"cell":"890d0b2718bffff","res":9,"coarsened":false,"count":12,"hv":12,"mp":0,"y0":null,"y1":null,"sp":[[13,5,5,0,null,null],[18,2,2,0,null,null],[0,1,1,0,null,null],[65,1,1,0,null,null],[17,1,1,0,null,null],[4,1,1,0,null,null],[30,1,1,0,null,null]]}},{"type":"Feature","geometry":{"type":"Polygon","coordinates":[[[-152.09227,68.0208],[-152.09557,68.0194],[-152.09412,68.0177],[-152.08938,68.01742],[-152.08608,68.01882],[-152.08753,68.02051],[-152.09227,68.0208]]]},"properties":{"cell":"890d0b2c533ffff","res":9,"coarsened":false,"count":10,"hv":10,"mp":0,"y0":null,"y1":null,"sp":[[13,4,4,0,null,null],[30,2,2,0,null,null],[18,2,2,0,null,null],[17,1,1,0,null,null],[122,1,1,0,null,null]]}},{"type":"Feature","geometry":{"type":"Polygon","coordinates":[[[-155.54223,67.66037],[-155.54527,67.65889],[-155.54356,67.65723],[-155.53881,67.65705],[-155.53577,67.65852],[-155.53748,67.66018],[-155.54223,67.66037]]]},"properties":{"cell":"890c24644a3ffff","res":9,"coarsened":false,"count":39,"hv":39,"mp":0,"y0":null,"y1":null,"sp":[[18,9,9,0,null,null],[0,8,8,0,null,null],[13,4,4,0,null,null],[122,4,4,0,null,null],[30,4,4,0,null,null],[65,3,3,0,null,null],[28,2,2,0,null,null],[17,1,1,0,null,null],[19,1,1,0,null,null],[31,1,1,0,null,null],[66,1,1,0,null,null],[21,1,1,0,null,null]]}},{"type":"Feature","geometry":{"type":"Polygon","coordinates":[[[-152.26039,67.62267],[-152.26361,67.62126],[-152.26217,67.61958],[-152.25751,67.6193],[-152.25429,67.6207],[-152.25573,67.62239],[-152.26039,67.62267]]]},"properties":{"cell":"890c25ba5b7ffff","res":9,"coarsened":false,"count":33,"hv":33,"mp":0,"y0":null,"y1":null,"sp":[[18,7,7,0,null,null],[13,6,6,0,null,null],[80,5,5,0,null,null],[0,5,5,0,null,null],[17,3,3,0,null,null],[20,2,2,0,null,null],[86,1,1,0,null,null],[30,1,1,0,null,null],[68,1,1,0,null,null],[55,1,1,0,null,null],[58,1,1,0,null,null]]}},{"type":"Feature","geometry":{"type":"Polygon","coordinates":[[[-152.05085,68.04075],[-152.05415,68.03934],[-152.05271,68.03765],[-152.04796,68.03736],[-152.04466,68.03876],[-152.04611,68.04046],[-152.05085,68.04075]]]},"properties":{"cell":"890d0b2eed7ffff","res":9,"coarsened":false,"count":36,"hv":36,"mp":0,"y0":null,"y1":null,"sp":[[0,8,8,0,null,null],[17,5,5,0,null,null],[74,5,5,0,null,null],[18,4,4,0,null,null],[68,3,3,0,null,null],[28,2,2,0,null,null],[105,2,2,0,null,null],[13,2,2,0,null,null],[80,1,1,0,null,null],[51,1,1,0,null,null],[4,1,1,0,null,null],[110,1,1,0,null,null],[30,1,1,0,null,null]]}},{"type":"Feature","geometry":{"type":"Polygon","coordinates":[[[-151.03431,67.70766],[-151.11301,67.69054],[-151.11728,67.65721],[-151.04307,67.641],[-150.96451,67.65807],[-150.96001,67.6914],[-151.03431,67.70766]]]},"properties":{"cell":"860d56737ffffff","res":6,"coarsened":true,"count":15,"hv":15,"mp":0,"y0":null,"y1":null,"sp":[[79,15,15,0,null,null]]}},{"type":"Feature","geometry":{"type":"Polygon","coordinates":[[[-150.75995,67.3609],[-150.76322,67.35953],[-150.76193,67.35784],[-150.75737,67.35753],[-150.7541,67.35889],[-150.75539,67.36058],[-150.75995,67.3609]]]},"properties":{"cell":"890d566414fffff","res":9,"coarsened":false,"count":22,"hv":22,"mp":0,"y0":null,"y1":null,"sp":[[18,4,4,0,null,null],[68,4,4,0,null,null],[73,3,3,0,null,null],[80,3,3,0,null,null],[91,2,2,0,null,null],[58,2,2,0,null,null],[105,2,2,0,null,null],[65,1,1,0,null,null],[55,1,1,0,null,null]]}},{"type":"Feature","geometry":{"type":"Polygon","coordinates":[[[-150.77144,67.40963],[-150.84919,67.39266],[-150.8538,67.35943],[-150.78089,67.3432],[-150.70328,67.36013],[-150.69844,67.39334],[-150.77144,67.40963]]]},"properties":{"cell":"860d56647ffffff","res":6,"coarsened":true,"count":4,"hv":4,"mp":0,"y0":null,"y1":null,"sp":[[79,4,4,0,null,null]]}},{"type":"Feature","geometry":{"type":"Polygon","coordinates":[[[-151.01514,67.51111],[-151.01841,67.50974],[-151.01709,67.50805],[-151.01249,67.50773],[-151.00921,67.50911],[-151.01054,67.5108],[-151.01514,67.51111]]]},"properties":{"cell":"890d56623cbffff","res":9,"coarsened":false,"count":23,"hv":23,"mp":0,"y0":null,"y1":null,"sp":[[58,5,5,0,null,null],[80,4,4,0,null,null],[30,4,4,0,null,null],[55,3,3,0,null,null],[18,2,2,0,null,null],[68,2,2,0,null,null],[13,1,1,0,null,null],[0,1,1,0,null,null],[105,1,1,0,null,null]]}},{"type":"Feature","geometry":{"type":"Polygon","coordinates":[[[-150.80853,67.45216],[-150.8118,67.45079],[-150.8105,67.4491],[-150.80592,67.44878],[-150.80264,67.45015],[-150.80395,67.45184],[-150.80853,67.45216]]]},"properties":{"cell":"890d56674b3ffff","res":9,"coarsened":false,"count":3,"hv":3,"mp":0,"y0":null,"y1":null,"sp":[[80,3,3,0,null,null]]}},{"type":"Feature","geometry":{"type":"Polygon","coordinates":[[[-152.02919,68.05226],[-152.03249,68.05086],[-152.03104,68.04917],[-152.0263,68.04888],[-152.02299,68.05028],[-152.02444,68.05197],[-152.02919,68.05226]]]},"properties":{"cell":"890d0b2e107ffff","res":9,"coarsened":false,"count":23,"hv":23,"mp":0,"y0":null,"y1":null,"sp":[[18,7,7,0,null,null],[13,5,5,0,null,null],[0,5,5,0,null,null],[30,3,3,0,null,null],[74,1,1,0,null,null],[17,1,1,0,null,null],[56,1,1,0,null,null]]}},{"type":"Feature","geometry":{"type":"Polygon","coordinates":[[[-151.77262,68.1215],[-151.77595,68.1201],[-151.77452,68.1184],[-151.76976,68.11811],[-151.76643,68.1195],[-151.76786,68.1212],[-151.77262,68.1215]]]},"properties":{"cell":"890d0b27523ffff","res":9,"coarsened":false,"count":11,"hv":11,"mp":0,"y0":null,"y1":null,"sp":[[13,4,4,0,null,null],[4,1,1,0,null,null],[30,1,1,0,null,null],[66,1,1,0,null,null],[17,1,1,0,null,null],[0,1,1,0,null,null],[65,1,1,0,null,null],[18,1,1,0,null,null]]}},{"type":"Feature","geometry":{"type":"Polygon","coordinates":[[[-152.22303,67.91165],[-152.2263,67.91024],[-152.22485,67.90855],[-152.22012,67.90827],[-152.21685,67.90967],[-152.21831,67.91136],[-152.22303,67.91165]]]},"properties":{"cell":"890c2596213ffff","res":9,"coarsened":false,"count":25,"hv":25,"mp":0,"y0":null,"y1":null,"sp":[[18,6,6,0,null,null],[30,4,4,0,null,null],[122,3,3,0,null,null],[13,2,2,0,null,null],[17,2,2,0,null,null],[68,2,2,0,null,null],[20,2,2,0,null,null],[19,2,2,0,null,null],[0,2,2,0,null,null]]}},{"type":"Feature","geometry":{"type":"Polygon","coordinates":[[[-156.39393,67.82222],[-156.39694,67.82073],[-156.39514,67.81907],[-156.39033,67.81891],[-156.38732,67.8204],[-156.38912,67.82206],[-156.39393,67.82222]]]},"properties":{"cell":"890c24796afffff","res":9,"coarsened":false,"count":12,"hv":12,"mp":0,"y0":null,"y1":null,"sp":[[18,3,3,0,null,null],[55,2,2,0,null,null],[0,1,1,0,null,null],[13,1,1,0,null,null],[30,1,1,0,null,null],[61,1,1,0,null,null],[86,1,1,0,null,null],[65,1,1,0,null,null],[80,1,1,0,null,null]]}},{"type":"Feature","geometry":{"type":"Polygon","coordinates":[[[-156.3795,67.82174],[-156.38251,67.82024],[-156.38071,67.81858],[-156.3759,67.81842],[-156.37289,67.81992],[-156.37469,67.82157],[-156.3795,67.82174]]]},"properties":{"cell":"890c24790d3ffff","res":9,"coarsened":false,"count":10,"hv":10,"mp":0,"y0":null,"y1":null,"sp":[[18,5,5,0,null,null],[55,2,2,0,null,null],[13,1,1,0,null,null],[76,1,1,0,null,null],[86,1,1,0,null,null]]}},{"type":"Feature","geometry":{"type":"Polygon","coordinates":[[[-156.37168,67.82307],[-156.37469,67.82157],[-156.37289,67.81992],[-156.36808,67.81975],[-156.36507,67.82125],[-156.36687,67.8229],[-156.37168,67.82307]]]},"properties":{"cell":"890c247946fffff","res":9,"coarsened":false,"count":14,"hv":14,"mp":0,"y0":null,"y1":null,"sp":[[105,10,10,0,null,null],[55,2,2,0,null,null],[18,1,1,0,null,null],[76,1,1,0,null,null]]}},{"type":"Feature","geometry":{"type":"Polygon","coordinates":[[[-156.3616,67.79239],[-156.36461,67.7909],[-156.36282,67.78924],[-156.35801,67.78908],[-156.35501,67.79057],[-156.3568,67.79223],[-156.3616,67.79239]]]},"properties":{"cell":"890c24793bbffff","res":9,"coarsened":false,"count":4,"hv":4,"mp":0,"y0":null,"y1":null,"sp":[[59,1,1,0,null,null],[18,1,1,0,null,null],[80,1,1,0,null,null],[55,1,1,0,null,null]]}},{"type":"Feature","geometry":{"type":"Polygon","coordinates":[[[-156.33279,67.79141],[-156.3358,67.78992],[-156.33401,67.78826],[-156.32921,67.7881],[-156.3262,67.78959],[-156.32799,67.79125],[-156.33279,67.79141]]]},"properties":{"cell":"890c2479163ffff","res":9,"coarsened":false,"count":22,"hv":22,"mp":0,"y0":null,"y1":null,"sp":[[18,4,4,0,null,null],[68,4,4,0,null,null],[80,3,3,0,null,null],[73,3,3,0,null,null],[105,2,2,0,null,null],[58,2,2,0,null,null],[91,2,2,0,null,null],[65,1,1,0,null,null],[55,1,1,0,null,null]]}},{"type":"Feature","geometry":{"type":"Polygon","coordinates":[[[-156.33183,67.85046],[-156.33485,67.84896],[-156.33305,67.8473],[-156.32824,67.84714],[-156.32522,67.84863],[-156.32701,67.85029],[-156.33183,67.85046]]]},"properties":{"cell":"890c247b237ffff","res":9,"coarsened":false,"count":18,"hv":18,"mp":0,"y0":null,"y1":null,"sp":[[18,7,7,0,null,null],[80,3,3,0,null,null],[105,3,3,0,null,null],[55,1,1,0,null,null],[17,1,1,0,null,null],[61,1,1,0,null,null],[39,1,1,0,null,null],[20,1,1,0,null,null]]}},{"type":"Feature","geometry":{"type":"Polygon","coordinates":[[[-156.32399,67.85179],[-156.32701,67.85029],[-156.32522,67.84863],[-156.3204,67.84847],[-156.31738,67.84996],[-156.31918,67.85162],[-156.32399,67.85179]]]},"properties":{"cell":"890c247b3dbffff","res":9,"coarsened":false,"count":20,"hv":20,"mp":0,"y0":null,"y1":null,"sp":[[105,6,6,0,null,null],[18,5,5,0,null,null],[20,2,2,0,null,null],[80,2,2,0,null,null],[59,1,1,0,null,null],[86,1,1,0,null,null],[30,1,1,0,null,null],[55,1,1,0,null,null],[4,1,1,0,null,null]]}},{"type":"Feature","geometry":{"type":"Polygon","coordinates":[[[-156.28881,67.81066],[-156.29183,67.80916],[-156.29004,67.80751],[-156.28524,67.80734],[-156.28222,67.80883],[-156.28401,67.81049],[-156.28881,67.81066]]]},"properties":{"cell":"890c2478253ffff","res":9,"coarsened":false,"count":11,"hv":11,"mp":0,"y0":null,"y1":null,"sp":[[18,3,3,0,null,null],[80,3,3,0,null,null],[105,2,2,0,null,null],[13,1,1,0,null,null],[59,1,1,0,null,null],[76,1,1,0,null,null]]}},{"type":"Feature","geometry":{"type":"Polygon","coordinates":[[[-156.25783,67.72181],[-156.26084,67.72032],[-156.25906,67.71866],[-156.25427,67.7185],[-156.25127,67.71999],[-156.25305,67.72165],[-156.25783,67.72181]]]},"properties":{"cell":"890c246a663ffff","res":9,"coarsened":false,"count":18,"hv":18,"mp":0,"y0":null,"y1":null,"sp":[[68,5,5,0,null,null],[18,3,3,0,null,null],[80,2,2,0,null,null],[55,2,2,0,null,null],[0,2,2,0,null,null],[91,1,1,0,null,null],[86,1,1,0,null,null],[13,1,1,0,null,null],[105,1,1,0,null,null]]}},{"type":"Feature","geometry":{"type":"Polygon","coordinates":[[[-156.25876,67.81281],[-156.26178,67.81132],[-156.25999,67.80966],[-156.25518,67.8095],[-156.25217,67.81099],[-156.25395,67.81265],[-156.25876,67.81281]]]},"properties":{"cell":"890c247828fffff","res":9,"coarsened":false,"count":13,"hv":13,"mp":0,"y0":null,"y1":null,"sp":[[105,4,4,0,null,null],[20,4,4,0,null,null],[55,2,2,0,null,null],[18,1,1,0,null,null],[80,1,1,0,null,null],[86,1,1,0,null,null]]}},{"type":"Feature","geometry":{"type":"Polygon","coordinates":[[[-156.22294,67.79241],[-156.22596,67.79092],[-156.22418,67.78926],[-156.21938,67.78909],[-156.21636,67.79059],[-156.21814,67.79224],[-156.22294,67.79241]]]},"properties":{"cell":"890c247830fffff","res":9,"coarsened":false,"count":10,"hv":10,"mp":0,"y0":null,"y1":null,"sp":[[55,6,6,0,null,null],[105,3,3,0,null,null],[22,1,1,0,null,null]]}},{"type":"Feature","geometry":{"type":"Polygon","coordinates":[[[-156.18114,67.7319],[-156.18415,67.73041],[-156.18238,67.72875],[-156.17759,67.72859],[-156.17458,67.73008],[-156.17635,67.73173],[-156.18114,67.7319]]]},"properties":{"cell":"890c246a423ffff","res":9,"coarsened":false,"count":16,"hv":16,"mp":0,"y0":null,"y1":null,"sp":[[105,3,3,0,null,null],[55,3,3,0,null,null],[68,2,2,0,null,null],[58,2,2,0,null,null],[91,2,2,0,null,null],[18,2,2,0,null,null],[110,1,1,0,null,null],[76,1,1,0,null,null]]}},{"type":"Feature","geometry":{"type":"Polygon","coordinates":[[[-156.35065,67.82076],[-156.35366,67.81926],[-156.35186,67.8176],[-156.34706,67.81744],[-156.34404,67.81893],[-156.34584,67.82059],[-156.35065,67.82076]]]},"properties":{"cell":"890c2479097ffff","res":9,"coarsened":false,"count":9,"hv":9,"mp":0,"y0":null,"y1":null,"sp":[[80,2,2,0,null,null],[105,2,2,0,null,null],[18,2,2,0,null,null],[59,1,1,0,null,null],[22,1,1,0,null,null],[55,1,1,0,null,null]]}},{"type":"Feature","geometry":{"type":"Polygon","coordinates":[[[-156.3406,67.79008],[-156.34361,67.78859],[-156.34182,67.78693],[-156.33702,67.78677],[-156.33401,67.78826],[-156.3358,67.78992],[-156.3406,67.79008]]]},"properties":{"cell":"890c247916bffff","res":9,"coarsened":false,"count":11,"hv":11,"mp":0,"y0":null,"y1":null,"sp":[[68,4,4,0,null,null],[125,2,2,0,null,null],[80,2,2,0,null,null],[105,2,2,0,null,null],[18,1,1,0,null,null]]}},{"type":"Feature","geometry":{"type":"Polygon","coordinates":[[[-156.33844,67.85228],[-156.34146,67.85078],[-156.33966,67.84913],[-156.33485,67.84896],[-156.33183,67.85046],[-156.33362,67.85211],[-156.33844,67.85228]]]},"properties":{"cell":"890c247b233ffff","res":9,"coarsened":false,"count":10,"hv":10,"mp":0,"y0":null,"y1":null,"sp":[[80,3,3,0,null,null],[105,2,2,0,null,null],[20,1,1,0,null,null],[61,1,1,0,null,null],[17,1,1,0,null,null],[30,1,1,0,null,null],[4,1,1,0,null,null]]}},{"type":"Feature","geometry":{"type":"Polygon","coordinates":[[[-156.33477,67.86174],[-156.33779,67.86024],[-156.33599,67.85858],[-156.33118,67.85842],[-156.32816,67.85991],[-156.32995,67.86157],[-156.33477,67.86174]]]},"properties":{"cell":"890c247b287ffff","res":9,"coarsened":false,"count":6,"hv":6,"mp":0,"y0":null,"y1":null,"sp":[[86,2,2,0,null,null],[13,1,1,0,null,null],[80,1,1,0,null,null],[59,1,1,0,null,null],[55,1,1,0,null,null]]}},{"type":"Feature","geometry":{"type":"Polygon","coordinates":[[[-156.30323,67.81115],[-156.30624,67.80966],[-156.30445,67.808],[-156.29965,67.80784],[-156.29663,67.80933],[-156.29842,67.81099],[-156.30323,67.81115]]]},"properties":{"cell":"890c247952fffff","res":9,"coarsened":false,"count":12,"hv":12,"mp":0,"y0":null,"y1":null,"sp":[[105,5,5,0,null,null],[80,2,2,0,null,null],[18,2,2,0,null,null],[55,2,2,0,null,null],[76,1,1,0,null,null]]}},{"type":"Feature","geometry":{"type":"Polygon","coordinates":[[[-156.30171,67.85262],[-156.30474,67.85113],[-156.30294,67.84947],[-156.29813,67.8493],[-156.29511,67.85079],[-156.2969,67.85245],[-156.30171,67.85262]]]},"properties":{"cell":"890c247b39bffff","res":9,"coarsened":false,"count":7,"hv":7,"mp":0,"y0":null,"y1":null,"sp":[[20,3,3,0,null,null],[55,2,2,0,null,null],[105,2,2,0,null,null]]}},{"type":"Feature","geometry":{"type":"Polygon","coordinates":[[[-156.14182,67.72095],[-156.14483,67.71946],[-156.14306,67.7178],[-156.13828,67.71763],[-156.13527,67.71912],[-156.13703,67.72078],[-156.14182,67.72095]]]},"properties":{"cell":"890c246a53bffff","res":9,"coarsened":false,"count":14,"hv":14,"mp":0,"y0":null,"y1":null,"sp":[[21,3,3,0,null,null],[55,3,3,0,null,null],[0,2,2,0,null,null],[74,2,2,0,null,null],[110,1,1,0,null,null],[86,1,1,0,null,null],[7,1,1,0,null,null],[18,1,1,0,null,null]]}},{"type":"Feature","geometry":{"type":"Polygon","coordinates":[[[-156.13402,67.72227],[-156.13703,67.72078],[-156.13527,67.71912],[-156.13049,67.71895],[-156.12747,67.72044],[-156.12924,67.7221],[-156.13402,67.72227]]]},"properties":{"cell":"890c246a533ffff","res":9,"coarsened":false,"count":17,"hv":17,"mp":0,"y0":null,"y1":null,"sp":[[80,3,3,0,null,null],[13,2,2,0,null,null],[105,2,2,0,null,null],[55,2,2,0,null,null],[65,2,2,0,null,null],[0,2,2,0,null,null],[18,1,1,0,null,null],[4,1,1,0,null,null],[86,1,1,0,null,null],[91,1,1,0,null,null]]}},{"type":"Feature","geometry":{"type":"Polygon","coordinates":[[[-156.10534,67.72125],[-156.10835,67.71976],[-156.10659,67.7181],[-156.10181,67.71793],[-156.09879,67.71942],[-156.10056,67.72108],[-156.10534,67.72125]]]},"properties":{"cell":"890c24612d7ffff","res":9,"coarsened":false,"count":17,"hv":17,"mp":0,"y0":null,"y1":null,"sp":[[68,4,4,0,null,null],[18,3,3,0,null,null],[0,3,3,0,null,null],[80,2,2,0,null,null],[86,2,2,0,null,null],[65,1,1,0,null,null],[55,1,1,0,null,null],[105,1,1,0,null,null]]}},{"type":"Feature","geometry":{"type":"Polygon","coordinates":[[[-156.37099,67.8438],[-156.44684,67.824],[-156.44266,67.79034],[-156.36287,67.77647],[-156.28713,67.79623],[-156.29106,67.82989],[-156.37099,67.8438]]]},"properties":{"cell":"860c24797ffffff","res":6,"coarsened":true,"count":2,"hv":2,"mp":0,"y0":null,"y1":null,"sp":[[79,2,2,0,null,null]]}},{"type":"Feature","geometry":{"type":"Polygon","coordinates":[[[-156.30955,67.85129],[-156.31257,67.8498],[-156.31078,67.84814],[-156.30596,67.84797],[-156.30294,67.84947],[-156.30474,67.85113],[-156.30955,67.85129]]]},"properties":{"cell":"890c247b3d7ffff","res":9,"coarsened":false,"count":4,"hv":4,"mp":0,"y0":null,"y1":null,"sp":[[80,3,3,0,null,null],[18,1,1,0,null,null]]}},{"type":"Feature","geometry":{"type":"Polygon","coordinates":[[[-156.28099,67.81198],[-156.28401,67.81049],[-156.28222,67.80883],[-156.27742,67.80867],[-156.2744,67.81016],[-156.27619,67.81182],[-156.28099,67.81198]]]},"properties":{"cell":"890c24782cfffff","res":9,"coarsened":false,"count":11,"hv":11,"mp":0,"y0":null,"y1":null,"sp":[[18,3,3,0,null,null],[105,3,3,0,null,null],[30,2,2,0,null,null],[80,2,2,0,null,null],[55,1,1,0,null,null]]}},{"type":"Feature","geometry":{"type":"Polygon","coordinates":[[[-156.20197,67.79008],[-156.20499,67.78859],[-156.20321,67.78693],[-156.19841,67.78677],[-156.19539,67.78826],[-156.19717,67.78992],[-156.20197,67.79008]]]},"properties":{"cell":"890c2478337ffff","res":9,"coarsened":false,"count":3,"hv":3,"mp":0,"y0":null,"y1":null,"sp":[[100,1,1,0,null,null],[20,1,1,0,null,null],[105,1,1,0,null,null]]}},{"type":"Feature","geometry":{"type":"Polygon","coordinates":[[[-156.11968,67.72176],[-156.12269,67.72027],[-156.12092,67.71861],[-156.11614,67.71844],[-156.11313,67.71993],[-156.1149,67.72159],[-156.11968,67.72176]]]},"properties":{"cell":"890c24612dbffff","res":9,"coarsened":false,"count":15,"hv":15,"mp":0,"y0":null,"y1":null,"sp":[[18,3,3,0,null,null],[80,3,3,0,null,null],[105,2,2,0,null,null],[13,2,2,0,null,null],[65,1,1,0,null,null],[68,1,1,0,null,null],[0,1,1,0,null,null],[91,1,1,0,null,null],[17,1,1,0,null,null]]}},{"type":"Feature","geometry":{"type":"Polygon","coordinates":[[[-156.04873,67.68095],[-156.05174,67.67946],[-156.04998,67.6778],[-156.04521,67.67763],[-156.0422,67.67912],[-156.04396,67.68077],[-156.04873,67.68095]]]},"properties":{"cell":"890c246adbbffff","res":9,"coarsened":false,"count":47,"hv":47,"mp":0,"y0":null,"y1":null,"sp":[[28,11,11,0,null,null],[13,10,10,0,null,null],[30,6,6,0,null,null],[18,5,5,0,null,null],[31,4,4,0,null,null],[23,4,4,0,null,null],[0,3,3,0,null,null],[72,2,2,0,null,null],[17,1,1,0,null,null],[19,1,1,0,null,null]]}},{"type":"Feature","geometry":{"type":"Polygon","coordinates":[[[-156.04094,67.68226],[-156.04396,67.68077],[-156.0422,67.67912],[-156.03743,67.67894],[-156.03442,67.68043],[-156.03617,67.68209],[-156.04094,67.68226]]]},"properties":{"cell":"890c246adb3ffff","res":9,"coarsened":false,"count":35,"hv":35,"mp":0,"y0":null,"y1":null,"sp":[[13,10,10,0,null,null],[30,6,6,0,null,null],[28,5,5,0,null,null],[18,3,3,0,null,null],[0,3,3,0,null,null],[31,2,2,0,null,null],[15,1,1,0,null,null],[17,1,1,0,null,null],[65,1,1,0,null,null],[4,1,1,0,null,null],[66,1,1,0,null,null],[43,1,1,0,null,null]]}},{"type":"Feature","geometry":{"type":"Polygon","coordinates":[[[-156.04496,67.69038],[-156.04798,67.68889],[-156.04622,67.68723],[-156.04145,67.68706],[-156.03843,67.68855],[-156.04019,67.69021],[-156.04496,67.69038]]]},"properties":{"cell":"890c246132fffff","res":9,"coarsened":false,"count":32,"hv":32,"mp":0,"y0":null,"y1":null,"sp":[[28,16,16,0,null,null],[30,5,5,0,null,null],[13,3,3,0,null,null],[31,2,2,0,null,null],[18,2,2,0,null,null],[5,1,1,0,null,null],[0,1,1,0,null,null],[23,1,1,0,null,null],[72,1,1,0,null,null]]}},{"type":"Feature","geometry":{"type":"Polygon","coordinates":[[[-156.02286,67.69118],[-156.02587,67.68969],[-156.02412,67.68803],[-156.01935,67.68786],[-156.01633,67.68935],[-156.01809,67.69101],[-156.02286,67.69118]]]},"properties":{"cell":"890c2461ecfffff","res":9,"coarsened":false,"count":31,"hv":31,"mp":0,"y0":null,"y1":null,"sp":[[13,16,16,0,null,null],[18,3,3,0,null,null],[21,2,2,0,null,null],[0,2,2,0,null,null],[36,2,2,0,null,null],[17,2,2,0,null,null],[66,1,1,0,null,null],[30,1,1,0,null,null],[28,1,1,0,null,null],[65,1,1,0,null,null]]}},{"type":"Feature","geometry":{"type":"Polygon","coordinates":[[[-156.01507,67.69249],[-156.01809,67.69101],[-156.01633,67.68935],[-156.01156,67.68918],[-156.00855,67.69066],[-156.0103,67.69232],[-156.01507,67.69249]]]},"properties":{"cell":"890c2461ec7ffff","res":9,"coarsened":false,"count":30,"hv":30,"mp":0,"y0":null,"y1":null,"sp":[[28,15,15,0,null,null],[31,8,8,0,null,null],[13,2,2,0,null,null],[30,2,2,0,null,null],[43,1,1,0,null,null],[65,1,1,0,null,null],[18,1,1,0,null,null]]}},{"type":"Feature","geometry":{"type":"Polygon","coordinates":[[[-156.01129,67.70193],[-156.01431,67.70044],[-156.01255,67.69878],[-156.00778,67.69861],[-156.00476,67.70009],[-156.00652,67.70175],[-156.01129,67.70193]]]},"properties":{"cell":"890c2461163ffff","res":9,"coarsened":false,"count":20,"hv":20,"mp":0,"y0":null,"y1":null,"sp":[[28,6,6,0,null,null],[0,4,4,0,null,null],[34,3,3,0,null,null],[30,3,3,0,null,null],[111,1,1,0,null,null],[31,1,1,0,null,null],[124,1,1,0,null,null],[66,1,1,0,null,null]]}},{"type":"Feature","geometry":{"type":"Polygon","coordinates":[[[-155.90314,67.68203],[-155.90616,67.68055],[-155.90442,67.67889],[-155.89965,67.67871],[-155.89663,67.6802],[-155.89838,67.68186],[-155.90314,67.68203]]]},"properties":{"cell":"890c2461d07ffff","res":9,"coarsened":false,"count":17,"hv":17,"mp":0,"y0":null,"y1":null,"sp":[[0,5,5,0,null,null],[30,5,5,0,null,null],[13,3,3,0,null,null],[65,2,2,0,null,null],[19,1,1,0,null,null],[28,1,1,0,null,null]]}},{"type":"Feature","geometry":{"type":"Polygon","coordinates":[[[-155.89152,67.69277],[-155.89455,67.69129],[-155.8928,67.68963],[-155.88803,67.68945],[-155.88501,67.69093],[-155.88675,67.69259],[-155.89152,67.69277]]]},"properties":{"cell":"890c2461d97ffff","res":9,"coarsened":false,"count":24,"hv":24,"mp":0,"y0":null,"y1":null,"sp":[[13,11,11,0,null,null],[18,3,3,0,null,null],[30,3,3,0,null,null],[17,2,2,0,null,null],[66,2,2,0,null,null],[36,1,1,0,null,null],[65,1,1,0,null,null],[0,1,1,0,null,null]]}},{"type":"Feature","geometry":{"type":"Polygon","coordinates":[[[-155.88501,67.69093],[-155.88803,67.68945],[-155.88629,67.68779],[-155.88152,67.68761],[-155.8785,67.6891],[-155.88024,67.69076],[-155.88501,67.69093]]]},"properties":{"cell":"890c2460e4bffff","res":9,"coarsened":false,"count":50,"hv":50,"mp":0,"y0":null,"y1":null,"sp":[[0,14,14,0,null,null],[13,9,9,0,null,null],[30,7,7,0,null,null],[18,5,5,0,null,null],[28,4,4,0,null,null],[36,2,2,0,null,null],[126,1,1,0,null,null],[65,1,1,0,null,null],[66,1,1,0,null,null],[31,1,1,0,null,null],[37,1,1,0,null,null],[23,1,1,0,null,null],[103,1,1,0,null,null],[17,1,1,0,null,null],[40,1,1,0,null,null]]}},{"type":"Feature","geometry":{"type":"Polygon","coordinates":[[[-155.8707,67.6904],[-155.87373,67.68892],[-155.87198,67.68726],[-155.86722,67.68709],[-155.86419,67.68857],[-155.86594,67.69023],[-155.8707,67.6904]]]},"properties":{"cell":"890c2460e47ffff","res":9,"coarsened":false,"count":21,"hv":21,"mp":0,"y0":null,"y1":null,"sp":[[18,8,8,0,null,null],[0,4,4,0,null,null],[66,3,3,0,null,null],[28,2,2,0,null,null],[17,1,1,0,null,null],[74,1,1,0,null,null],[30,1,1,0,null,null],[13,1,1,0,null,null]]}},{"type":"Feature","geometry":{"type":"Polygon","coordinates":[[[-155.87338,67.70167],[-155.8764,67.70019],[-155.87466,67.69853],[-155.86989,67.69835],[-155.86686,67.69983],[-155.86861,67.70149],[-155.87338,67.70167]]]},"properties":{"cell":"890c2460edbffff","res":9,"coarsened":false,"count":50,"hv":50,"mp":0,"y0":null,"y1":null,"sp":[[28,16,16,0,null,null],[0,7,7,0,null,null],[30,7,7,0,null,null],[13,5,5,0,null,null],[18,3,3,0,null,null],[31,3,3,0,null,null],[103,2,2,0,null,null],[34,2,2,0,null,null],[23,1,1,0,null,null],[17,1,1,0,null,null],[65,1,1,0,null,null],[127,1,1,0,null,null],[66,1,1,0,null,null]]}},{"type":"Feature","geometry":{"type":"Polygon","coordinates":[[[-155.85907,67.70114],[-155.86209,67.69966],[-155.86035,67.698],[-155.85558,67.69782],[-155.85255,67.6993],[-155.8543,67.70096],[-155.85907,67.70114]]]},"properties":{"cell":"890c2460ed7ffff","res":9,"coarsened":false,"count":32,"hv":32,"mp":0,"y0":null,"y1":null,"sp":[[28,10,10,0,null,null],[30,10,10,0,null,null],[0,4,4,0,null,null],[65,2,2,0,null,null],[66,2,2,0,null,null],[31,1,1,0,null,null],[13,1,1,0,null,null],[15,1,1,0,null,null],[18,1,1,0,null,null]]}},{"type":"Feature","geometry":{"type":"Polygon","coordinates":[[[-155.86173,67.7124],[-155.86476,67.71092],[-155.86302,67.70926],[-155.85824,67.70908],[-155.85522,67.71057],[-155.85696,67.71223],[-155.86173,67.7124]]]},"properties":{"cell":"890c2460147ffff","res":9,"coarsened":false,"count":24,"hv":24,"mp":0,"y0":null,"y1":null,"sp":[[28,12,12,0,null,null],[31,3,3,0,null,null],[66,3,3,0,null,null],[0,2,2,0,null,null],[30,1,1,0,null,null],[23,1,1,0,null,null],[36,1,1,0,null,null],[124,1,1,0,null,null]]}},{"type":"Feature","geometry":{"type":"Polygon","coordinates":[[[-155.84741,67.71187],[-155.85044,67.71039],[-155.8487,67.70873],[-155.84393,67.70855],[-155.8409,67.71004],[-155.84264,67.7117],[-155.84741,67.71187]]]},"properties":{"cell":"890c246010fffff","res":9,"coarsened":false,"count":36,"hv":36,"mp":0,"y0":null,"y1":null,"sp":[[28,9,9,0,null,null],[31,6,6,0,null,null],[30,6,6,0,null,null],[13,4,4,0,null,null],[0,4,4,0,null,null],[36,2,2,0,null,null],[23,2,2,0,null,null],[65,1,1,0,null,null],[17,1,1,0,null,null],[103,1,1,0,null,null]]}},{"type":"Feature","geometry":{"type":"Polygon","coordinates":[[[-155.7797,67.68223],[-155.78273,67.68075],[-155.78099,67.67909],[-155.77623,67.67891],[-155.7732,67.68039],[-155.77493,67.68205],[-155.7797,67.68223]]]},"properties":{"cell":"890c24608b7ffff","res":9,"coarsened":false,"count":7,"hv":7,"mp":0,"y0":null,"y1":null,"sp":[[0,2,2,0,null,null],[30,2,2,0,null,null],[31,1,1,0,null,null],[18,1,1,0,null,null],[28,1,1,0,null,null]]}},{"type":"Feature","geometry":{"type":"Polygon","coordinates":[[[-155.7732,67.68039],[-155.77623,67.67891],[-155.77449,67.67725],[-155.76973,67.67707],[-155.7667,67.67855],[-155.76843,67.68021],[-155.7732,67.68039]]]},"properties":{"cell":"890c2460d6bffff","res":9,"coarsened":false,"count":20,"hv":20,"mp":0,"y0":null,"y1":null,"sp":[[31,4,4,0,null,null],[13,3,3,0,null,null],[66,3,3,0,null,null],[28,3,3,0,null,null],[23,2,2,0,null,null],[30,2,2,0,null,null],[17,1,1,0,null,null],[18,1,1,0,null,null],[43,1,1,0,null,null]]}},{"type":"Feature","geometry":{"type":"Polygon","coordinates":[[[-155.76541,67.68169],[-155.76843,67.68021],[-155.7667,67.67855],[-155.76194,67.67837],[-155.75891,67.67985],[-155.76064,67.68151],[-155.76541,67.68169]]]},"properties":{"cell":"890c2460d63ffff","res":9,"coarsened":false,"count":35,"hv":35,"mp":0,"y0":null,"y1":null,"sp":[[31,11,11,0,null,null],[28,11,11,0,null,null],[13,3,3,0,null,null],[43,3,3,0,null,null],[66,2,2,0,null,null],[18,2,2,0,null,null],[0,1,1,0,null,null],[100,1,1,0,null,null],[30,1,1,0,null,null]]}},{"type":"Feature","geometry":{"type":"Polygon","coordinates":[[[-155.76152,67.69111],[-155.76455,67.68963],[-155.76281,67.68797],[-155.75805,67.68779],[-155.75502,67.68927],[-155.75675,67.69093],[-155.76152,67.69111]]]},"properties":{"cell":"890c2460d1bffff","res":9,"coarsened":false,"count":17,"hv":17,"mp":0,"y0":null,"y1":null,"sp":[[28,12,12,0,null,null],[31,2,2,0,null,null],[66,1,1,0,null,null],[43,1,1,0,null,null],[18,1,1,0,null,null]]}},{"type":"Feature","geometry":{"type":"Polygon","coordinates":[[[-155.75372,67.69241],[-155.75675,67.69093],[-155.75502,67.68927],[-155.75025,67.68909],[-155.74722,67.69057],[-155.74896,67.69223],[-155.75372,67.69241]]]},"properties":{"cell":"890c2460d13ffff","res":9,"coarsened":false,"count":18,"hv":18,"mp":0,"y0":null,"y1":null,"sp":[[13,7,7,0,null,null],[28,6,6,0,null,null],[0,1,1,0,null,null],[40,1,1,0,null,null],[66,1,1,0,null,null],[85,1,1,0,null,null],[31,1,1,0,null,null]]}},{"type":"Feature","geometry":{"type":"Polygon","coordinates":[[[-155.64734,67.65168],[-155.65037,67.65021],[-155.64865,67.64855],[-155.64389,67.64836],[-155.64086,67.64984],[-155.64258,67.6515],[-155.64734,67.65168]]]},"properties":{"cell":"890c246465bffff","res":9,"coarsened":false,"count":35,"hv":35,"mp":0,"y0":null,"y1":null,"sp":[[18,13,13,0,null,null],[0,6,6,0,null,null],[9,3,3,0,null,null],[4,3,3,0,null,null],[30,3,3,0,null,null],[31,2,2,0,null,null],[13,2,2,0,null,null],[23,1,1,0,null,null],[28,1,1,0,null,null],[65,1,1,0,null,null]]}},{"type":"Feature","geometry":{"type":"Polygon","coordinates":[[[-155.63167,67.67181],[-155.63471,67.67033],[-155.63299,67.66867],[-155.62823,67.66849],[-155.62519,67.66997],[-155.62692,67.67163],[-155.63167,67.67181]]]},"properties":{"cell":"890c2467143ffff","res":9,"coarsened":false,"count":78,"hv":78,"mp":0,"y0":null,"y1":null,"sp":[[0,17,17,0,null,null],[66,17,17,0,null,null],[18,11,11,0,null,null],[13,9,9,0,null,null],[28,8,8,0,null,null],[56,4,4,0,null,null],[4,4,4,0,null,null],[65,3,3,0,null,null],[36,2,2,0,null,null],[122,1,1,0,null,null],[43,1,1,0,null,null],[30,1,1,0,null,null]]}},{"type":"Feature","geometry":{"type":"Polygon","coordinates":[[[-155.6174,67.67126],[-155.62044,67.66978],[-155.61872,67.66812],[-155.61396,67.66794],[-155.61092,67.66942],[-155.61264,67.67108],[-155.6174,67.67126]]]},"properties":{"cell":"890c246710bffff","res":9,"coarsened":false,"count":21,"hv":21,"mp":0,"y0":null,"y1":null,"sp":[[0,7,7,0,null,null],[18,3,3,0,null,null],[4,2,2,0,null,null],[30,2,2,0,null,null],[66,2,2,0,null,null],[28,1,1,0,null,null],[65,1,1,0,null,null],[128,1,1,0,null,null],[13,1,1,0,null,null],[57,1,1,0,null,null]]}},{"type":"Feature","geometry":{"type":"Polygon","coordinates":[[[-155.61345,67.68068],[-155.61649,67.6792],[-155.61477,67.67754],[-155.61001,67.67736],[-155.60697,67.67883],[-155.60869,67.68049],[-155.61345,67.68068]]]},"properties":{"cell":"890c24671d7ffff","res":9,"coarsened":false,"count":74,"hv":74,"mp":0,"y0":null,"y1":null,"sp":[[0,19,19,0,null,null],[30,16,16,0,null,null],[28,9,9,0,null,null],[13,9,9,0,null,null],[18,7,7,0,null,null],[31,3,3,0,null,null],[66,3,3,0,null,null],[17,3,3,0,null,null],[4,1,1,0,null,null],[23,1,1,0,null,null],[65,1,1,0,null,null],[9,1,1,0,null,null],[103,1,1,0,null,null]]}},{"type":"Feature","geometry":{"type":"Polygon","coordinates":[[[-155.60565,67.68197],[-155.60869,67.68049],[-155.60697,67.67883],[-155.60221,67.67865],[-155.59917,67.68013],[-155.60089,67.68179],[-155.60565,67.68197]]]},"properties":{"cell":"890c246719bffff","res":9,"coarsened":false,"count":20,"hv":20,"mp":0,"y0":null,"y1":null,"sp":[[0,6,6,0,null,null],[4,5,5,0,null,null],[13,3,3,0,null,null],[28,2,2,0,null,null],[18,1,1,0,null,null],[30,1,1,0,null,null],[41,1,1,0,null,null],[65,1,1,0,null,null]]}},{"type":"Feature","geometry":{"type":"Polygon","coordinates":[[[-155.91475,67.6713],[-155.91777,67.66981],[-155.91602,67.66815],[-155.91126,67.66798],[-155.90824,67.66946],[-155.90999,67.67112],[-155.91475,67.6713]]]},"properties":{"cell":"890c246199bffff","res":9,"coarsened":false,"count":11,"hv":11,"mp":0,"y0":null,"y1":null,"sp":[[13,4,4,0,null,null],[0,2,2,0,null,null],[4,1,1,0,null,null],[30,1,1,0,null,null],[65,1,1,0,null,null],[28,1,1,0,null,null],[17,1,1,0,null,null]]}},{"type":"Feature","geometry":{"type":"Polygon","coordinates":[[[-155.75112,67.68115],[-155.75414,67.67967],[-155.75241,67.67801],[-155.74765,67.67783],[-155.74462,67.67931],[-155.74635,67.68097],[-155.75112,67.68115]]]},"properties":{"cell":"890c2460d2bffff","res":9,"coarsened":false,"count":11,"hv":11,"mp":0,"y0":null,"y1":null,"sp":[[28,5,5,0,null,null],[30,3,3,0,null,null],[0,1,1,0,null,null],[33,1,1,0,null,null],[66,1,1,0,null,null]]}},{"type":"Feature","geometry":{"type":"Polygon","coordinates":[[[-155.74332,67.68245],[-155.74635,67.68097],[-155.74462,67.67931],[-155.73986,67.67913],[-155.73683,67.68061],[-155.73856,67.68227],[-155.74332,67.68245]]]},"properties":{"cell":"890c2460d23ffff","res":9,"coarsened":false,"count":14,"hv":14,"mp":0,"y0":null,"y1":null,"sp":[[13,7,7,0,null,null],[18,3,3,0,null,null],[0,2,2,0,null,null],[17,1,1,0,null,null],[31,1,1,0,null,null]]}},{"type":"Feature","geometry":{"type":"Polygon","coordinates":[[[-155.64988,67.66294],[-155.65292,67.66147],[-155.65119,67.6598],[-155.64644,67.65962],[-155.6434,67.6611],[-155.64513,67.66276],[-155.64988,67.66294]]]},"properties":{"cell":"890c24673abffff","res":9,"coarsened":false,"count":10,"hv":10,"mp":0,"y0":null,"y1":null,"sp":[[13,4,4,0,null,null],[18,2,2,0,null,null],[30,2,2,0,null,null],[17,1,1,0,null,null],[122,1,1,0,null,null]]}},{"type":"Feature","geometry":{"type":"Polygon","coordinates":[[[-155.6017,67.69139],[-155.60474,67.68991],[-155.60302,67.68825],[-155.59826,67.68807],[-155.59521,67.68954],[-155.59694,67.6912],[-155.6017,67.69139]]]},"properties":{"cell":"890c246750fffff","res":9,"coarsened":false,"count":12,"hv":12,"mp":0,"y0":null,"y1":null,"sp":[[13,3,3,0,null,null],[18,2,2,0,null,null],[28,2,2,0,null,null],[30,2,2,0,null,null],[17,1,1,0,null,null],[0,1,1,0,null,null],[31,1,1,0,null,null]]}},{"type":"Feature","geometry":{"type":"Polygon","coordinates":[[[-155.55267,67.6528],[-155.55571,67.65133],[-155.554,67.64967],[-155.54925,67.64948],[-155.54621,67.65096],[-155.54792,67.65262],[-155.55267,67.6528]]]},"properties":{"cell":"890c2464423ffff","res":9,"coarsened":false,"count":43,"hv":43,"mp":0,"y0":null,"y1":null,"sp":[[0,10,10,0,null,null],[13,7,7,0,null,null],[18,6,6,0,null,null],[30,5,5,0,null,null],[66,2,2,0,null,null],[51,2,2,0,null,null],[28,2,2,0,null,null],[122,2,2,0,null,null],[21,2,2,0,null,null],[17,1,1,0,null,null],[23,1,1,0,null,null],[19,1,1,0,null,null],[57,1,1,0,null,null],[31,1,1,0,null,null]]}},{"type":"Feature","geometry":{"type":"Polygon","coordinates":[[[-155.53444,67.66166],[-155.53748,67.66018],[-155.53577,67.65852],[-155.53101,67.65834],[-155.52797,67.65981],[-155.52969,67.66147],[-155.53444,67.66166]]]},"properties":{"cell":"890c24644b7ffff","res":9,"coarsened":false,"count":28,"hv":28,"mp":0,"y0":null,"y1":null,"sp":[[30,9,9,0,null,null],[18,4,4,0,null,null],[13,3,3,0,null,null],[19,3,3,0,null,null],[28,2,2,0,null,null],[0,2,2,0,null,null],[21,2,2,0,null,null],[17,1,1,0,null,null],[4,1,1,0,null,null],[68,1,1,0,null,null]]}},{"type":"Feature","geometry":{"type":"Polygon","coordinates":[[[-156.0334,67.70113],[-156.03642,67.69964],[-156.03466,67.69798],[-156.02989,67.69781],[-156.02687,67.6993],[-156.02863,67.70096],[-156.0334,67.70113]]]},"properties":{"cell":"890c24613a3ffff","res":9,"coarsened":false,"count":12,"hv":12,"mp":0,"y0":null,"y1":null,"sp":[[28,3,3,0,null,null],[0,2,2,0,null,null],[13,2,2,0,null,null],[100,1,1,0,null,null],[30,1,1,0,null,null],[17,1,1,0,null,null],[18,1,1,0,null,null],[65,1,1,0,null,null]]}},{"type":"Feature","geometry":{"type":"Polygon","coordinates":[[[-155.52018,67.6611],[-155.52322,67.65963],[-155.52151,67.65796],[-155.51675,67.65778],[-155.51371,67.65925],[-155.51543,67.66091],[-155.52018,67.6611]]]},"properties":{"cell":"890c2466363ffff","res":9,"coarsened":false,"count":67,"hv":67,"mp":0,"y0":null,"y1":null,"sp":[[0,13,13,0,null,null],[30,9,9,0,null,null],[31,6,6,0,null,null],[18,6,6,0,null,null],[13,5,5,0,null,null],[28,5,5,0,null,null],[122,5,5,0,null,null],[23,4,4,0,null,null],[66,4,4,0,null,null],[17,3,3,0,null,null],[51,2,2,0,null,null],[65,2,2,0,null,null],[9,1,1,0,null,null],[4,1,1,0,null,null],[124,1,1,0,null,null]]}},{"type":"Feature","geometry":{"type":"Polygon","coordinates":[[[-155.5044,67.68121],[-155.50744,67.67974],[-155.50573,67.67808],[-155.50097,67.67789],[-155.49793,67.67936],[-155.49964,67.68103],[-155.5044,67.68121]]]},"properties":{"cell":"890c2466067ffff","res":9,"coarsened":false,"count":10,"hv":10,"mp":0,"y0":null,"y1":null,"sp":[[30,3,3,0,null,null],[18,2,2,0,null,null],[0,2,2,0,null,null],[19,1,1,0,null,null],[17,1,1,0,null,null],[21,1,1,0,null,null]]}},{"type":"Feature","geometry":{"type":"Polygon","coordinates":[[[-155.43733,67.65145],[-155.44037,67.64998],[-155.43867,67.64832],[-155.43392,67.64813],[-155.43087,67.6496],[-155.43258,67.65126],[-155.43733,67.65145]]]},"properties":{"cell":"890c24668dbffff","res":9,"coarsened":false,"count":11,"hv":11,"mp":0,"y0":null,"y1":null,"sp":[[58,3,3,0,null,null],[105,2,2,0,null,null],[80,2,2,0,null,null],[17,1,1,0,null,null],[20,1,1,0,null,null],[13,1,1,0,null,null],[39,1,1,0,null,null]]}},{"type":"Feature","geometry":{"type":"Polygon","coordinates":[[[-155.41367,67.67284],[-155.41672,67.67137],[-155.41502,67.6697],[-155.41027,67.66951],[-155.40722,67.67099],[-155.40892,67.67265],[-155.41367,67.67284]]]},"properties":{"cell":"890c2466cd7ffff","res":9,"coarsened":false,"count":8,"hv":8,"mp":0,"y0":null,"y1":null,"sp":[[80,2,2,0,null,null],[20,1,1,0,null,null],[105,1,1,0,null,null],[86,1,1,0,null,null],[65,1,1,0,null,null],[55,1,1,0,null,null],[17,1,1,0,null,null]]}},{"type":"Feature","geometry":{"type":"Polygon","coordinates":[[[-155.35862,67.63236],[-155.36167,67.63089],[-155.35997,67.62923],[-155.35523,67.62904],[-155.35218,67.63051],[-155.35388,67.63217],[-155.35862,67.63236]]]},"properties":{"cell":"890c24669bbffff","res":9,"coarsened":false,"count":10,"hv":10,"mp":0,"y0":null,"y1":null,"sp":[[80,3,3,0,null,null],[55,2,2,0,null,null],[17,2,2,0,null,null],[18,1,1,0,null,null],[13,1,1,0,null,null],[20,1,1,0,null,null]]}},{"type":"Feature","geometry":{"type":"Polygon","coordinates":[[[-155.35218,67.63051],[-155.35523,67.62904],[-155.35354,67.62738],[-155.34879,67.62719],[-155.34575,67.62866],[-155.34744,67.63032],[-155.35218,67.63051]]]},"properties":{"cell":"890c24669a3ffff","res":9,"coarsened":false,"count":11,"hv":11,"mp":0,"y0":null,"y1":null,"sp":[[80,3,3,0,null,null],[20,2,2,0,null,null],[58,2,2,0,null,null],[17,2,2,0,null,null],[18,1,1,0,null,null],[55,1,1,0,null,null]]}},{"type":"Feature","geometry":{"type":"Polygon","coordinates":[[[-155.34034,67.64119],[-155.34339,67.63972],[-155.34169,67.63806],[-155.33695,67.63787],[-155.3339,67.63934],[-155.33559,67.641],[-155.34034,67.64119]]]},"properties":{"cell":"890c2429a53ffff","res":9,"coarsened":false,"count":19,"hv":19,"mp":0,"y0":null,"y1":null,"sp":[[80,7,7,0,null,null],[58,3,3,0,null,null],[55,3,3,0,null,null],[20,2,2,0,null,null],[17,2,2,0,null,null],[13,1,1,0,null,null],[18,1,1,0,null,null]]}},{"type":"Feature","geometry":{"type":"Polygon","coordinates":[[[-155.25166,67.61209],[-155.25471,67.61062],[-155.25303,67.60895],[-155.24829,67.60876],[-155.24524,67.61023],[-155.24693,67.61189],[-155.25166,67.61209]]]},"properties":{"cell":"890c2092643ffff","res":9,"coarsened":false,"count":9,"hv":9,"mp":0,"y0":null,"y1":null,"sp":[[0,3,3,0,null,null],[30,3,3,0,null,null],[13,2,2,0,null,null],[65,1,1,0,null,null]]}},{"type":"Feature","geometry":{"type":"Polygon","coordinates":[[[-155.24155,67.60211],[-155.2446,67.60064],[-155.24292,67.59898],[-155.23818,67.59878],[-155.23513,67.60025],[-155.23682,67.60191],[-155.24155,67.60211]]]},"properties":{"cell":"890c209266fffff","res":9,"coarsened":false,"count":16,"hv":16,"mp":0,"y0":null,"y1":null,"sp":[[13,7,7,0,null,null],[0,2,2,0,null,null],[17,1,1,0,null,null],[30,1,1,0,null,null],[72,1,1,0,null,null],[18,1,1,0,null,null],[65,1,1,0,null,null],[4,1,1,0,null,null],[19,1,1,0,null,null]]}},{"type":"Feature","geometry":{"type":"Polygon","coordinates":[[[-155.21726,67.59155],[-155.22031,67.59008],[-155.21863,67.58842],[-155.2139,67.58822],[-155.21085,67.58969],[-155.21253,67.59135],[-155.21726,67.59155]]]},"properties":{"cell":"890c20922a3ffff","res":9,"coarsened":false,"count":17,"hv":17,"mp":0,"y0":null,"y1":null,"sp":[[30,5,5,0,null,null],[18,4,4,0,null,null],[13,4,4,0,null,null],[0,3,3,0,null,null],[72,1,1,0,null,null]]}},{"type":"Feature","geometry":{"type":"Polygon","coordinates":[[[-155.21957,67.6028],[-155.22262,67.60133],[-155.22094,67.59967],[-155.2162,67.59947],[-155.21315,67.60094],[-155.21484,67.60261],[-155.21957,67.6028]]]},"properties":{"cell":"890c209262fffff","res":9,"coarsened":false,"count":14,"hv":14,"mp":0,"y0":null,"y1":null,"sp":[[30,4,4,0,null,null],[0,4,4,0,null,null],[13,3,3,0,null,null],[65,1,1,0,null,null],[17,1,1,0,null,null],[18,1,1,0,null,null]]}},{"type":"Feature","geometry":{"type":"Polygon","coordinates":[[[-155.20948,67.59282],[-155.21253,67.59135],[-155.21085,67.58969],[-155.20612,67.5895],[-155.20307,67.59096],[-155.20475,67.59263],[-155.20948,67.59282]]]},"properties":{"cell":"890c20922b7ffff","res":9,"coarsened":false,"count":17,"hv":17,"mp":0,"y0":null,"y1":null,"sp":[[0,8,8,0,null,null],[18,5,5,0,null,null],[13,2,2,0,null,null],[30,1,1,0,null,null],[40,1,1,0,null,null]]}},{"type":"Feature","geometry":{"type":"Polygon","coordinates":[[[-155.1634,66.81276],[-155.16634,66.8113],[-155.16472,66.80965],[-155.16016,66.80946],[-155.15722,66.81093],[-155.15883,66.81257],[-155.1634,66.81276]]]},"properties":{"cell":"890c2030ebbffff","res":9,"coarsened":false,"count":18,"hv":18,"mp":0,"y0":null,"y1":null,"sp":[[68,5,5,0,null,null],[18,3,3,0,null,null],[55,2,2,0,null,null],[0,2,2,0,null,null],[80,2,2,0,null,null],[13,1,1,0,null,null],[105,1,1,0,null,null],[86,1,1,0,null,null],[91,1,1,0,null,null]]}},{"type":"Feature","geometry":{"type":"Polygon","coordinates":[[[-155.15369,66.80287],[-155.15664,66.80141],[-155.15502,66.79976],[-155.15046,66.79957],[-155.14752,66.80103],[-155.14913,66.80268],[-155.15369,66.80287]]]},"properties":{"cell":"890c20308cbffff","res":9,"coarsened":false,"count":15,"hv":15,"mp":0,"y0":null,"y1":null,"sp":[[80,3,3,0,null,null],[18,3,3,0,null,null],[13,2,2,0,null,null],[105,2,2,0,null,null],[17,1,1,0,null,null],[68,1,1,0,null,null],[0,1,1,0,null,null],[91,1,1,0,null,null],[65,1,1,0,null,null]]}},{"type":"Feature","geometry":{"type":"Polygon","coordinates":[[[-155.14971,66.8122],[-155.15266,66.81074],[-155.15104,66.80909],[-155.14648,66.8089],[-155.14353,66.81036],[-155.14515,66.81201],[-155.14971,66.8122]]]},"properties":{"cell":"890c2030eb7ffff","res":9,"coarsened":false,"count":29,"hv":29,"mp":0,"y0":null,"y1":null,"sp":[[68,7,7,0,null,null],[0,4,4,0,null,null],[80,4,4,0,null,null],[18,3,3,0,null,null],[86,2,2,0,null,null],[21,2,2,0,null,null],[13,1,1,0,null,null],[92,1,1,0,null,null],[65,1,1,0,null,null],[89,1,1,0,null,null],[55,1,1,0,null,null],[105,1,1,0,null,null],[76,1,1,0,null,null]]}},{"type":"Feature","geometry":{"type":"Polygon","coordinates":[[[-155.08346,66.82051],[-155.08641,66.81905],[-155.0848,66.8174],[-155.08024,66.81721],[-155.07729,66.81867],[-155.0789,66.82032],[-155.08346,66.82051]]]},"properties":{"cell":"890c2032b63ffff","res":9,"coarsened":false,"count":11,"hv":11,"mp":0,"y0":null,"y1":null,"sp":[[68,3,3,0,null,null],[13,3,3,0,null,null],[18,2,2,0,null,null],[55,1,1,0,null,null],[80,1,1,0,null,null],[19,1,1,0,null,null]]}},{"type":"Feature","geometry":{"type":"Polygon","coordinates":[[[-155.07379,66.81061],[-155.07674,66.80915],[-155.07513,66.8075],[-155.07057,66.80731],[-155.06762,66.80877],[-155.06923,66.81042],[-155.07379,66.81061]]]},"properties":{"cell":"890c2030d8fffff","res":9,"coarsened":false,"count":21,"hv":21,"mp":0,"y0":null,"y1":null,"sp":[[55,5,5,0,null,null],[0,4,4,0,null,null],[68,3,3,0,null,null],[13,2,2,0,null,null],[105,2,2,0,null,null],[86,1,1,0,null,null],[92,1,1,0,null,null],[18,1,1,0,null,null],[80,1,1,0,null,null],[20,1,1,0,null,null]]}},{"type":"Feature","geometry":{"type":"Polygon","coordinates":[[[-155.06414,66.80071],[-155.06708,66.79926],[-155.06548,66.79761],[-155.06092,66.79741],[-155.05797,66.79887],[-155.05958,66.80052],[-155.06414,66.80071]]]},"properties":{"cell":"890c2030d37ffff","res":9,"coarsened":false,"count":13,"hv":13,"mp":0,"y0":null,"y1":null,"sp":[[55,4,4,0,null,null],[105,3,3,0,null,null],[58,2,2,0,null,null],[20,2,2,0,null,null],[65,1,1,0,null,null],[21,1,1,0,null,null]]}},{"type":"Feature","geometry":{"type":"Polygon","coordinates":[[[-154.94051,66.81288],[-154.94347,66.81142],[-154.94187,66.80977],[-154.93732,66.80957],[-154.93436,66.81103],[-154.93596,66.81268],[-154.94051,66.81288]]]},"properties":{"cell":"890c203751bffff","res":9,"coarsened":false,"count":33,"hv":33,"mp":0,"y0":null,"y1":null,"sp":[[68,8,8,0,null,null],[105,6,6,0,null,null],[18,5,5,0,null,null],[13,3,3,0,null,null],[125,2,2,0,null,null],[80,2,2,0,null,null],[76,2,2,0,null,null],[0,2,2,0,null,null],[22,1,1,0,null,null],[55,1,1,0,null,null],[58,1,1,0,null,null]]}},{"type":"Feature","geometry":{"type":"Polygon","coordinates":[[[-154.92477,66.80112],[-154.92773,66.79967],[-154.92613,66.79802],[-154.92157,66.79782],[-154.91862,66.79928],[-154.92021,66.80093],[-154.92477,66.80112]]]},"properties":{"cell":"890c203752fffff","res":9,"coarsened":false,"count":17,"hv":17,"mp":0,"y0":null,"y1":null,"sp":[[58,3,3,0,null,null],[80,3,3,0,null,null],[55,2,2,0,null,null],[7,2,2,0,null,null],[68,1,1,0,null,null],[21,1,1,0,null,null],[75,1,1,0,null,null],[129,1,1,0,null,null],[76,1,1,0,null,null],[0,1,1,0,null,null],[105,1,1,0,null,null]]}},{"type":"Feature","geometry":{"type":"Polygon","coordinates":[[[-154.91111,66.80054],[-154.91406,66.79908],[-154.91247,66.79743],[-154.90792,66.79724],[-154.90496,66.79869],[-154.90655,66.80034],[-154.91111,66.80054]]]},"properties":{"cell":"890c2036253ffff","res":9,"coarsened":false,"count":17,"hv":17,"mp":0,"y0":null,"y1":null,"sp":[[55,4,4,0,null,null],[105,4,4,0,null,null],[18,2,2,0,null,null],[58,2,2,0,null,null],[127,1,1,0,null,null],[68,1,1,0,null,null],[0,1,1,0,null,null],[76,1,1,0,null,null],[21,1,1,0,null,null]]}},{"type":"Feature","geometry":{"type":"Polygon","coordinates":[[[-154.89748,66.8316],[-154.90044,66.83014],[-154.89885,66.82849],[-154.89429,66.8283],[-154.89132,66.82975],[-154.89292,66.8314],[-154.89748,66.8316]]]},"properties":{"cell":"890c20adba7ffff","res":9,"coarsened":false,"count":24,"hv":24,"mp":0,"y0":null,"y1":null,"sp":[[18,6,6,0,null,null],[55,3,3,0,null,null],[68,3,3,0,null,null],[80,2,2,0,null,null],[91,2,2,0,null,null],[65,2,2,0,null,null],[0,2,2,0,null,null],[20,1,1,0,null,null],[21,1,1,0,null,null],[13,1,1,0,null,null],[105,1,1,0,null,null]]}},{"type":"Feature","geometry":{"type":"Polygon","coordinates":[[[-154.8879,66.82169],[-154.89086,66.82024],[-154.88927,66.81858],[-154.88471,66.81839],[-154.88175,66.81984],[-154.88334,66.82149],[-154.8879,66.82169]]]},"properties":{"cell":"890c203661bffff","res":9,"coarsened":false,"count":49,"hv":49,"mp":0,"y0":null,"y1":null,"sp":[[105,12,12,0,null,null],[80,8,8,0,null,null],[18,6,6,0,null,null],[55,5,5,0,null,null],[0,4,4,0,null,null],[68,4,4,0,null,null],[65,4,4,0,null,null],[86,2,2,0,null,null],[20,2,2,0,null,null],[13,1,1,0,null,null],[59,1,1,0,null,null]]}},{"type":"Feature","geometry":{"type":"Polygon","coordinates":[[[-154.87833,66.81178],[-154.88129,66.81033],[-154.87969,66.80868],[-154.87514,66.80848],[-154.87218,66.80993],[-154.87377,66.81159],[-154.87833,66.81178]]]},"properties":{"cell":"890c203662bffff","res":9,"coarsened":false,"count":20,"hv":20,"mp":0,"y0":null,"y1":null,"sp":[[0,3,3,0,null,null],[18,3,3,0,null,null],[80,2,2,0,null,null],[55,2,2,0,null,null],[105,2,2,0,null,null],[58,2,2,0,null,null],[13,2,2,0,null,null],[30,1,1,0,null,null],[76,1,1,0,null,null],[68,1,1,0,null,null],[92,1,1,0,null,null]]}},{"type":"Feature","geometry":{"type":"Polygon","coordinates":[[[-154.88038,66.82295],[-154.88334,66.82149],[-154.88175,66.81984],[-154.87719,66.81965],[-154.87423,66.8211],[-154.87582,66.82275],[-154.88038,66.82295]]]},"properties":{"cell":"890c2036613ffff","res":9,"coarsened":false,"count":23,"hv":23,"mp":0,"y0":null,"y1":null,"sp":[[18,8,8,0,null,null],[13,3,3,0,null,null],[0,3,3,0,null,null],[22,2,2,0,null,null],[68,2,2,0,null,null],[76,2,2,0,null,null],[105,1,1,0,null,null],[80,1,1,0,null,null],[55,1,1,0,null,null]]}},{"type":"Feature","geometry":{"type":"Polygon","coordinates":[[[-154.87081,66.81304],[-154.87377,66.81159],[-154.87218,66.80993],[-154.86762,66.80974],[-154.86466,66.81119],[-154.86626,66.81284],[-154.87081,66.81304]]]},"properties":{"cell":"890c2036623ffff","res":9,"coarsened":false,"count":31,"hv":31,"mp":0,"y0":null,"y1":null,"sp":[[13,6,6,0,null,null],[0,5,5,0,null,null],[105,4,4,0,null,null],[18,4,4,0,null,null],[68,2,2,0,null,null],[55,2,2,0,null,null],[21,2,2,0,null,null],[80,1,1,0,null,null],[22,1,1,0,null,null],[86,1,1,0,null,null],[30,1,1,0,null,null],[91,1,1,0,null,null],[92,1,1,0,null,null]]}},{"type":"Feature","geometry":{"type":"Polygon","coordinates":[[[-154.86125,66.80313],[-154.86421,66.80168],[-154.86262,66.80003],[-154.85807,66.79983],[-154.85511,66.80128],[-154.8567,66.80294],[-154.86125,66.80313]]]},"properties":{"cell":"890c203604fffff","res":9,"coarsened":false,"count":56,"hv":56,"mp":0,"y0":null,"y1":null,"sp":[[13,8,8,0,null,null],[73,7,7,0,null,null],[0,7,7,0,null,null],[18,7,7,0,null,null],[91,6,6,0,null,null],[68,4,4,0,null,null],[80,4,4,0,null,null],[105,3,3,0,null,null],[21,2,2,0,null,null],[59,2,2,0,null,null],[22,1,1,0,null,null],[111,1,1,0,null,null],[55,1,1,0,null,null],[76,1,1,0,null,null],[30,1,1,0,null,null],[58,1,1,0,null,null]]}},{"type":"Feature","geometry":{"type":"Polygon","coordinates":[[[-154.7623,66.7909],[-154.76527,66.78945],[-154.76368,66.7878],[-154.75914,66.7876],[-154.75617,66.78905],[-154.75775,66.7907],[-154.7623,66.7909]]]},"properties":{"cell":"890c2036cd3ffff","res":9,"coarsened":false,"count":26,"hv":26,"mp":0,"y0":null,"y1":null,"sp":[[55,4,4,0,null,null],[58,3,3,0,null,null],[18,3,3,0,null,null],[105,3,3,0,null,null],[30,2,2,0,null,null],[68,2,2,0,null,null],[122,2,2,0,null,null],[17,1,1,0,null,null],[0,1,1,0,null,null],[22,1,1,0,null,null],[75,1,1,0,null,null],[80,1,1,0,null,null],[59,1,1,0,null,null],[110,1,1,0,null,null]]}},{"type":"Feature","geometry":{"type":"Polygon","coordinates":[[[-155.57459,67.6696],[-155.65037,67.65021],[-155.64749,67.61662],[-155.56906,67.60243],[-155.4934,67.62178],[-155.49604,67.65537],[-155.57459,67.6696]]]},"properties":{"cell":"860c24647ffffff","res":6,"coarsened":true,"count":4,"hv":4,"mp":0,"y0":null,"y1":null,"sp":[[79,4,4,0,null,null]]}},{"type":"Feature","geometry":{"type":"Polygon","coordinates":[[[-155.35457,67.64177],[-155.35762,67.6403],[-155.35592,67.63863],[-155.35118,67.63844],[-155.34813,67.63991],[-155.34983,67.64158],[-155.35457,67.64177]]]},"properties":{"cell":"890c2466d2fffff","res":9,"coarsened":false,"count":13,"hv":13,"mp":0,"y0":null,"y1":null,"sp":[[110,6,6,0,null,null],[20,2,2,0,null,null],[80,2,2,0,null,null],[58,1,1,0,null,null],[86,1,1,0,null,null],[55,1,1,0,null,null]]}},{"type":"Feature","geometry":{"type":"Polygon","coordinates":[[[-155.22735,67.60153],[-155.2304,67.60006],[-155.22872,67.59839],[-155.22399,67.5982],[-155.22094,67.59967],[-155.22262,67.60133],[-155.22735,67.60153]]]},"properties":{"cell":"890c2092293ffff","res":9,"coarsened":false,"count":4,"hv":4,"mp":0,"y0":null,"y1":null,"sp":[[13,2,2,0,null,null],[65,1,1,0,null,null],[0,1,1,0,null,null]]}},{"type":"Feature","geometry":{"type":"Polygon","coordinates":[[[-155.10916,66.79311],[-155.1121,66.79165],[-155.11049,66.79],[-155.10594,66.78981],[-155.10299,66.79127],[-155.1046,66.79292],[-155.10916,66.79311]]]},"properties":{"cell":"890c20309dbffff","res":9,"coarsened":false,"count":15,"hv":15,"mp":0,"y0":null,"y1":null,"sp":[[55,5,5,0,null,null],[105,4,4,0,null,null],[65,2,2,0,null,null],[18,2,2,0,null,null],[22,1,1,0,null,null],[34,1,1,0,null,null]]}},{"type":"Feature","geometry":{"type":"Polygon","coordinates":[[[-155.03142,66.81199],[-155.03437,66.81054],[-155.03276,66.80889],[-155.02821,66.80869],[-155.02525,66.81015],[-155.02686,66.8118],[-155.03142,66.81199]]]},"properties":{"cell":"890c203760fffff","res":9,"coarsened":false,"count":16,"hv":16,"mp":0,"y0":null,"y1":null,"sp":[[13,4,4,0,null,null],[55,3,3,0,null,null],[105,3,3,0,null,null],[68,1,1,0,null,null],[21,1,1,0,null,null],[92,1,1,0,null,null],[40,1,1,0,null,null],[18,1,1,0,null,null],[100,1,1,0,null,null]]}},{"type":"Feature","geometry":{"type":"Polygon","coordinates":[[[-154.93436,66.81103],[-154.93732,66.80957],[-154.93572,66.80792],[-154.93116,66.80773],[-154.9282,66.80918],[-154.9298,66.81083],[-154.93436,66.81103]]]},"properties":{"cell":"890c2037503ffff","res":9,"coarsened":false,"count":17,"hv":17,"mp":0,"y0":null,"y1":null,"sp":[[100,3,3,0,null,null],[91,2,2,0,null,null],[0,2,2,0,null,null],[55,2,2,0,null,null],[20,1,1,0,null,null],[21,1,1,0,null,null],[87,1,1,0,null,null],[58,1,1,0,null,null],[110,1,1,0,null,null],[92,1,1,0,null,null],[80,1,1,0,null,null],[76,1,1,0,null,null]]}},{"type":"Feature","geometry":{"type":"Polygon","coordinates":[[[-154.85511,66.80128],[-154.85807,66.79983],[-154.85648,66.79818],[-154.85192,66.79798],[-154.84896,66.79944],[-154.85055,66.80109],[-154.85511,66.80128]]]},"properties":{"cell":"890c203607bffff","res":9,"coarsened":false,"count":14,"hv":14,"mp":0,"y0":null,"y1":null,"sp":[[68,5,5,0,null,null],[18,3,3,0,null,null],[55,2,2,0,null,null],[105,2,2,0,null,null],[13,2,2,0,null,null]]}},{"type":"Feature","geometry":{"type":"Polygon","coordinates":[[[-155.50059,67.67309],[-155.50364,67.67162],[-155.50193,67.66995],[-155.49717,67.66977],[-155.49413,67.67124],[-155.49584,67.6729],[-155.50059,67.67309]]]},"properties":{"cell":"890c246638fffff","res":9,"coarsened":false,"count":9,"hv":9,"mp":0,"y0":null,"y1":null,"sp":[[13,4,4,0,null,null],[0,3,3,0,null,null],[31,1,1,0,null,null],[28,1,1,0,null,null]]}},{"type":"Feature","geometry":{"type":"Polygon","coordinates":[[[-155.45157,67.65202],[-155.45462,67.65054],[-155.45291,67.64888],[-155.44816,67.64869],[-155.44512,67.65017],[-155.44682,67.65183],[-155.45157,67.65202]]]},"properties":{"cell":"890c2466e33ffff","res":9,"coarsened":false,"count":7,"hv":7,"mp":0,"y0":null,"y1":null,"sp":[[30,2,2,0,null,null],[13,1,1,0,null,null],[18,1,1,0,null,null],[17,1,1,0,null,null],[0,1,1,0,null,null],[19,1,1,0,null,null]]}},{"type":"Feature","geometry":{"type":"Polygon","coordinates":[[[-155.42551,67.66215],[-155.42855,67.66067],[-155.42685,67.65901],[-155.4221,67.65882],[-155.41905,67.66029],[-155.42076,67.66196],[-155.42551,67.66215]]]},"properties":{"cell":"890c2466c47ffff","res":9,"coarsened":false,"count":9,"hv":9,"mp":0,"y0":null,"y1":null,"sp":[[13,3,3,0,null,null],[86,2,2,0,null,null],[18,2,2,0,null,null],[58,2,2,0,null,null]]}},{"type":"Feature","geometry":{"type":"Polygon","coordinates":[[[-155.32068,67.65316],[-155.32373,67.65169],[-155.32204,67.65002],[-155.31729,67.64983],[-155.31424,67.6513],[-155.31593,67.65296],[-155.32068,67.65316]]]},"properties":{"cell":"890c2429e63ffff","res":9,"coarsened":false,"count":8,"hv":8,"mp":0,"y0":null,"y1":null,"sp":[[55,3,3,0,null,null],[80,2,2,0,null,null],[18,2,2,0,null,null],[58,1,1,0,null,null]]}},{"type":"Feature","geometry":{"type":"Polygon","coordinates":[[[-155.23145,67.59213],[-155.2345,67.59066],[-155.23282,67.589],[-155.22809,67.5888],[-155.22504,67.59027],[-155.22672,67.59194],[-155.23145,67.59213]]]},"properties":{"cell":"890c2092217ffff","res":9,"coarsened":false,"count":11,"hv":11,"mp":0,"y0":null,"y1":null,"sp":[[0,4,4,0,null,null],[30,4,4,0,null,null],[13,2,2,0,null,null],[18,1,1,0,null,null]]}},{"type":"Feature","geometry":{"type":"Polygon","coordinates":[[[-154.75479,66.79215],[-154.75775,66.7907],[-154.75617,66.78905],[-154.75162,66.78885],[-154.74866,66.7903],[-154.75024,66.79195],[-154.75479,66.79215]]]},"properties":{"cell":"890c21d926fffff","res":9,"coarsened":false,"count":17,"hv":17,"mp":0,"y0":null,"y1":null,"sp":[[58,5,5,0,null,null],[80,3,3,0,null,null],[68,2,2,0,null,null],[55,2,2,0,null,null],[105,1,1,0,null,null],[18,1,1,0,null,null],[0,1,1,0,null,null],[30,1,1,0,null,null],[13,1,1,0,null,null]]}},{"type":"Feature","geometry":{"type":"Polygon","coordinates":[[[-154.74529,66.78224],[-154.74826,66.78079],[-154.74668,66.77914],[-154.74213,66.77894],[-154.73917,66.78039],[-154.74075,66.78204],[-154.74529,66.78224]]]},"properties":{"cell":"890c2036c17ffff","res":9,"coarsened":false,"count":22,"hv":22,"mp":0,"y0":null,"y1":null,"sp":[[20,4,4,0,null,null],[55,3,3,0,null,null],[86,3,3,0,null,null],[76,2,2,0,null,null],[17,1,1,0,null,null],[122,1,1,0,null,null],[105,1,1,0,null,null],[21,1,1,0,null,null],[18,1,1,0,null,null],[80,1,1,0,null,null],[61,1,1,0,null,null],[58,1,1,0,null,null],[68,1,1,0,null,null],[133,1,1,0,null,null]]}},{"type":"Feature","geometry":{"type":"Polygon","coordinates":[[[-154.73166,66.78164],[-154.73462,66.78019],[-154.73304,66.77854],[-154.7285,66.77834],[-154.72553,66.77979],[-154.72711,66.78144],[-154.73166,66.78164]]]},"properties":{"cell":"890c2036ca3ffff","res":9,"coarsened":false,"count":20,"hv":20,"mp":0,"y0":null,"y1":null,"sp":[[18,3,3,0,null,null],[122,2,2,0,null,null],[39,2,2,0,null,null],[68,2,2,0,null,null],[80,2,2,0,null,null],[4,2,2,0,null,null],[21,1,1,0,null,null],[92,1,1,0,null,null],[91,1,1,0,null,null],[86,1,1,0,null,null],[0,1,1,0,null,null],[55,1,1,0,null,null],[20,1,1,0,null,null]]}},{"type":"Feature","geometry":{"type":"Polygon","coordinates":[[[-154.67962,66.88222],[-154.6826,66.88076],[-154.68102,66.87911],[-154.67646,66.87891],[-154.67347,66.88036],[-154.67506,66.88201],[-154.67962,66.88222]]]},"properties":{"cell":"890c21db6cbffff","res":9,"coarsened":false,"count":25,"hv":25,"mp":0,"y0":null,"y1":null,"sp":[[105,7,7,0,null,null],[61,4,4,0,null,null],[18,2,2,0,null,null],[0,2,2,0,null,null],[80,2,2,0,null,null],[30,2,2,0,null,null],[13,1,1,0,null,null],[68,1,1,0,null,null],[122,1,1,0,null,null],[92,1,1,0,null,null],[17,1,1,0,null,null],[65,1,1,0,null,null]]}},{"type":"Feature","geometry":{"type":"Polygon","coordinates":[[[-154.67013,66.87229],[-154.67311,66.87084],[-154.67152,66.86919],[-154.66696,66.86898],[-154.66398,66.87043],[-154.66556,66.87209],[-154.67013,66.87229]]]},"properties":{"cell":"890c21db673ffff","res":9,"coarsened":false,"count":15,"hv":15,"mp":0,"y0":null,"y1":null,"sp":[[68,5,5,0,null,null],[0,3,3,0,null,null],[18,2,2,0,null,null],[20,2,2,0,null,null],[105,2,2,0,null,null],[13,1,1,0,null,null]]}},{"type":"Feature","geometry":{"type":"Polygon","coordinates":[[[-154.66319,66.81025],[-154.66616,66.8088],[-154.66459,66.80715],[-154.66004,66.80694],[-154.65706,66.80839],[-154.65864,66.81004],[-154.66319,66.81025]]]},"properties":{"cell":"890c21d90a7ffff","res":9,"coarsened":false,"count":20,"hv":20,"mp":0,"y0":null,"y1":null,"sp":[[55,6,6,0,null,null],[18,4,4,0,null,null],[80,4,4,0,null,null],[68,2,2,0,null,null],[105,2,2,0,null,null],[13,1,1,0,null,null],[20,1,1,0,null,null]]}},{"type":"Feature","geometry":{"type":"Polygon","coordinates":[[[-154.66398,66.87043],[-154.66696,66.86898],[-154.66538,66.86733],[-154.66082,66.86713],[-154.65784,66.86858],[-154.65942,66.87023],[-154.66398,66.87043]]]},"properties":{"cell":"890c21db677ffff","res":9,"coarsened":false,"count":19,"hv":19,"mp":0,"y0":null,"y1":null,"sp":[[68,5,5,0,null,null],[18,3,3,0,null,null],[30,2,2,0,null,null],[76,2,2,0,null,null],[105,2,2,0,null,null],[17,1,1,0,null,null],[92,1,1,0,null,null],[86,1,1,0,null,null],[80,1,1,0,null,null],[58,1,1,0,null,null]]}},{"type":"Feature","geometry":{"type":"Polygon","coordinates":[[[-154.65838,66.88285],[-154.66136,66.8814],[-154.65978,66.87975],[-154.65522,66.87954],[-154.65224,66.88099],[-154.65382,66.88265],[-154.65838,66.88285]]]},"properties":{"cell":"890c21db68bffff","res":9,"coarsened":false,"count":21,"hv":21,"mp":0,"y0":null,"y1":null,"sp":[[0,5,5,0,null,null],[55,4,4,0,null,null],[80,3,3,0,null,null],[20,2,2,0,null,null],[65,2,2,0,null,null],[21,1,1,0,null,null],[68,1,1,0,null,null],[89,1,1,0,null,null],[18,1,1,0,null,null],[19,1,1,0,null,null]]}},{"type":"Feature","geometry":{"type":"Polygon","coordinates":[[[-155.03893,66.81073],[-155.04188,66.80927],[-155.04027,66.80762],[-155.03571,66.80743],[-155.03276,66.80889],[-155.03437,66.81054],[-155.03893,66.81073]]]},"properties":{"cell":"890c2037673ffff","res":9,"coarsened":false,"count":8,"hv":8,"mp":0,"y0":null,"y1":null,"sp":[[68,2,2,0,null,null],[91,1,1,0,null,null],[105,1,1,0,null,null],[80,1,1,0,null,null],[55,1,1,0,null,null],[100,1,1,0,null,null],[18,1,1,0,null,null]]}},{"type":"Feature","geometry":{"type":"Polygon","coordinates":[[[-155.44913,67.64076],[-155.45218,67.63929],[-155.45047,67.63763],[-155.44573,67.63744],[-155.44268,67.63891],[-155.44439,67.64057],[-155.44913,67.64076]]]},"properties":{"cell":"890c246684bffff","res":9,"coarsened":false,"count":3,"hv":3,"mp":0,"y0":null,"y1":null,"sp":[[17,1,1,0,null,null],[20,1,1,0,null,null],[18,1,1,0,null,null]]}},{"type":"Feature","geometry":{"type":"Polygon","coordinates":[[[-154.83866,66.83855],[-154.91205,66.81957],[-154.9104,66.78627],[-154.83558,66.77196],[-154.7623,66.7909],[-154.76373,66.8242],[-154.83866,66.83855]]]},"properties":{"cell":"860c20367ffffff","res":6,"coarsened":true,"count":8,"hv":8,"mp":0,"y0":null,"y1":null,"sp":[[79,8,8,0,null,null]]}},{"type":"Feature","geometry":{"type":"Polygon","coordinates":[[[-154.74115,66.79155],[-154.74411,66.7901],[-154.74253,66.78845],[-154.73798,66.78825],[-154.73502,66.7897],[-154.7366,66.79135],[-154.74115,66.79155]]]},"properties":{"cell":"890c2036c93ffff","res":9,"coarsened":false,"count":16,"hv":16,"mp":0,"y0":null,"y1":null,"sp":[[86,3,3,0,null,null],[18,3,3,0,null,null],[80,3,3,0,null,null],[55,2,2,0,null,null],[0,2,2,0,null,null],[105,1,1,0,null,null],[68,1,1,0,null,null],[4,1,1,0,null,null]]}},{"type":"Feature","geometry":{"type":"Polygon","coordinates":[[[-155.18523,67.63167],[-155.26113,67.61247],[-155.25887,67.57891],[-155.18094,67.56455],[-155.10515,67.58371],[-155.10717,67.61727],[-155.18523,67.63167]]]},"properties":{"cell":"860c20927ffffff","res":6,"coarsened":true,"count":3,"hv":3,"mp":0,"y0":null,"y1":null,"sp":[[79,3,3,0,null,null]]}},{"type":"Feature","geometry":{"type":"Polygon","coordinates":[[[-154.67347,66.88036],[-154.67646,66.87891],[-154.67487,66.87725],[-154.67031,66.87705],[-154.66733,66.8785],[-154.66891,66.88015],[-154.67347,66.88036]]]},"properties":{"cell":"890c21db6cfffff","res":9,"coarsened":false,"count":18,"hv":18,"mp":0,"y0":null,"y1":null,"sp":[[55,3,3,0,null,null],[65,3,3,0,null,null],[105,2,2,0,null,null],[13,2,2,0,null,null],[18,1,1,0,null,null],[0,1,1,0,null,null],[76,1,1,0,null,null],[68,1,1,0,null,null],[80,1,1,0,null,null],[91,1,1,0,null,null],[21,1,1,0,null,null],[87,1,1,0,null,null]]}},{"type":"Feature","geometry":{"type":"Polygon","coordinates":[[[-154.65567,66.81149],[-154.65864,66.81004],[-154.65706,66.80839],[-154.65252,66.80819],[-154.64954,66.80964],[-154.65112,66.81129],[-154.65567,66.81149]]]},"properties":{"cell":"890c21d956bffff","res":9,"coarsened":false,"count":15,"hv":15,"mp":0,"y0":null,"y1":null,"sp":[[68,4,4,0,null,null],[55,3,3,0,null,null],[13,3,3,0,null,null],[105,2,2,0,null,null],[92,1,1,0,null,null],[0,1,1,0,null,null],[86,1,1,0,null,null]]}},{"type":"Feature","geometry":{"type":"Polygon","coordinates":[[[-154.65224,66.88099],[-154.65522,66.87954],[-154.65364,66.87789],[-154.64907,66.87769],[-154.64609,66.87914],[-154.64767,66.88079],[-154.65224,66.88099]]]},"properties":{"cell":"890c21db68fffff","res":9,"coarsened":false,"count":23,"hv":23,"mp":0,"y0":null,"y1":null,"sp":[[18,6,6,0,null,null],[0,3,3,0,null,null],[68,3,3,0,null,null],[13,2,2,0,null,null],[20,2,2,0,null,null],[55,2,2,0,null,null],[82,1,1,0,null,null],[105,1,1,0,null,null],[30,1,1,0,null,null],[17,1,1,0,null,null],[80,1,1,0,null,null]]}},{"type":"Feature","geometry":{"type":"Polygon","coordinates":[[[-154.64202,66.81088],[-154.64499,66.80943],[-154.64342,66.80778],[-154.63887,66.80758],[-154.6359,66.80903],[-154.63747,66.81068],[-154.64202,66.81088]]]},"properties":{"cell":"890c21d9567ffff","res":9,"coarsened":false,"count":78,"hv":78,"mp":0,"y0":null,"y1":null,"sp":[[80,17,17,0,null,null],[55,12,12,0,null,null],[20,11,11,0,null,null],[18,7,7,0,null,null],[68,7,7,0,null,null],[13,6,6,0,null,null],[30,4,4,0,null,null],[105,3,3,0,null,null],[0,2,2,0,null,null],[65,2,2,0,null,null],[58,2,2,0,null,null],[86,1,1,0,null,null],[76,1,1,0,null,null],[4,1,1,0,null,null],[61,1,1,0,null,null],[17,1,1,0,null,null]]}},{"type":"Feature","geometry":{"type":"Polygon","coordinates":[[[-154.64469,66.88224],[-154.64767,66.88079],[-154.64609,66.87914],[-154.64153,66.87893],[-154.63854,66.88038],[-154.64012,66.88204],[-154.64469,66.88224]]]},"properties":{"cell":"890c21db687ffff","res":9,"coarsened":false,"count":26,"hv":26,"mp":0,"y0":null,"y1":null,"sp":[[30,5,5,0,null,null],[68,4,4,0,null,null],[18,3,3,0,null,null],[55,2,2,0,null,null],[65,2,2,0,null,null],[0,2,2,0,null,null],[122,1,1,0,null,null],[110,1,1,0,null,null],[17,1,1,0,null,null],[58,1,1,0,null,null],[91,1,1,0,null,null],[21,1,1,0,null,null],[80,1,1,0,null,null],[13,1,1,0,null,null]]}},{"type":"Feature","geometry":{"type":"Polygon","coordinates":[[[-154.63257,66.80097],[-154.63554,66.79952],[-154.63397,66.79786],[-154.62942,66.79766],[-154.62645,66.79911],[-154.62802,66.80076],[-154.63257,66.80097]]]},"properties":{"cell":"890c21d91bbffff","res":9,"coarsened":false,"count":25,"hv":25,"mp":0,"y0":null,"y1":null,"sp":[[80,3,3,0,null,null],[20,3,3,0,null,null],[18,3,3,0,null,null],[68,2,2,0,null,null],[91,2,2,0,null,null],[58,2,2,0,null,null],[55,2,2,0,null,null],[61,1,1,0,null,null],[13,1,1,0,null,null],[122,1,1,0,null,null],[75,1,1,0,null,null],[19,1,1,0,null,null],[65,1,1,0,null,null],[30,1,1,0,null,null],[92,1,1,0,null,null]]}},{"type":"Feature","geometry":{"type":"Polygon","coordinates":[[[-154.6345,66.81213],[-154.63747,66.81068],[-154.6359,66.80903],[-154.63135,66.80882],[-154.62837,66.81027],[-154.62995,66.81193],[-154.6345,66.81213]]]},"properties":{"cell":"890c21d952bffff","res":9,"coarsened":false,"count":43,"hv":43,"mp":0,"y0":null,"y1":null,"sp":[[80,8,8,0,null,null],[55,7,7,0,null,null],[58,5,5,0,null,null],[20,5,5,0,null,null],[18,4,4,0,null,null],[68,3,3,0,null,null],[0,2,2,0,null,null],[105,2,2,0,null,null],[21,1,1,0,null,null],[17,1,1,0,null,null],[76,1,1,0,null,null],[92,1,1,0,null,null],[65,1,1,0,null,null],[39,1,1,0,null,null],[13,1,1,0,null,null]]}},{"type":"Feature","geometry":{"type":"Polygon","coordinates":[[[-154.69419,66.94306],[-154.76803,66.92414],[-154.76659,66.89081],[-154.69155,66.87641],[-154.61782,66.89529],[-154.61904,66.92861],[-154.69419,66.94306]]]},"properties":{"cell":"860c20aefffffff","res":6,"coarsened":true,"count":4,"hv":4,"mp":0,"y0":null,"y1":null,"sp":[[79,4,4,0,null,null]]}},{"type":"Feature","geometry":{"type":"Polygon","coordinates":[[[-154.58952,66.91144],[-154.59251,66.90999],[-154.59093,66.90833],[-154.58636,66.90813],[-154.58337,66.90958],[-154.58495,66.91123],[-154.58952,66.91144]]]},"properties":{"cell":"890c20a5a8fffff","res":9,"coarsened":false,"count":41,"hv":41,"mp":0,"y0":null,"y1":null,"sp":[[18,10,10,0,null,null],[0,6,6,0,null,null],[68,6,6,0,null,null],[58,5,5,0,null,null],[80,3,3,0,null,null],[105,2,2,0,null,null],[40,2,2,0,null,null],[82,1,1,0,null,null],[61,1,1,0,null,null],[20,1,1,0,null,null],[21,1,1,0,null,null],[55,1,1,0,null,null],[91,1,1,0,null,null],[13,1,1,0,null,null]]}},{"type":"Feature","geometry":{"type":"Polygon","coordinates":[[[-154.58196,66.91268],[-154.58495,66.91123],[-154.58337,66.90958],[-154.5788,66.90937],[-154.57581,66.91082],[-154.57739,66.91248],[-154.58196,66.91268]]]},"properties":{"cell":"890c20a5a87ffff","res":9,"coarsened":false,"count":30,"hv":30,"mp":0,"y0":null,"y1":null,"sp":[[105,3,3,0,null,null],[0,3,3,0,null,null],[58,3,3,0,null,null],[20,2,2,0,null,null],[76,2,2,0,null,null],[13,2,2,0,null,null],[18,2,2,0,null,null],[80,2,2,0,null,null],[65,2,2,0,null,null],[68,2,2,0,null,null],[91,2,2,0,null,null],[17,1,1,0,null,null],[86,1,1,0,null,null],[55,1,1,0,null,null],[21,1,1,0,null,null],[19,1,1,0,null,null]]}},{"type":"Feature","geometry":{"type":"Polygon","coordinates":[[[-154.5725,66.90275],[-154.57549,66.9013],[-154.57391,66.89965],[-154.56934,66.89944],[-154.56635,66.90089],[-154.56793,66.90254],[-154.5725,66.90275]]]},"properties":{"cell":"890c20a5bdbffff","res":9,"coarsened":false,"count":18,"hv":18,"mp":0,"y0":null,"y1":null,"sp":[[0,5,5,0,null,null],[68,3,3,0,null,null],[21,2,2,0,null,null],[17,2,2,0,null,null],[20,2,2,0,null,null],[55,2,2,0,null,null],[80,1,1,0,null,null],[13,1,1,0,null,null]]}},{"type":"Feature","geometry":{"type":"Polygon","coordinates":[[[-154.56825,66.91206],[-154.57124,66.91061],[-154.56967,66.90896],[-154.5651,66.90875],[-154.56211,66.9102],[-154.56368,66.91186],[-154.56825,66.91206]]]},"properties":{"cell":"890c20a584fffff","res":9,"coarsened":false,"count":19,"hv":19,"mp":0,"y0":null,"y1":null,"sp":[[0,4,4,0,null,null],[18,3,3,0,null,null],[40,2,2,0,null,null],[20,2,2,0,null,null],[55,2,2,0,null,null],[68,2,2,0,null,null],[125,1,1,0,null,null],[80,1,1,0,null,null],[21,1,1,0,null,null],[13,1,1,0,null,null]]}},{"type":"Feature","geometry":{"type":"Polygon","coordinates":[[[-154.55266,66.90027],[-154.55565,66.89882],[-154.55407,66.89716],[-154.54951,66.89696],[-154.54652,66.89841],[-154.54809,66.90006],[-154.55266,66.90027]]]},"properties":{"cell":"890c20a5b8bffff","res":9,"coarsened":false,"count":29,"hv":29,"mp":0,"y0":null,"y1":null,"sp":[[18,5,5,0,null,null],[68,4,4,0,null,null],[80,4,4,0,null,null],[0,4,4,0,null,null],[92,2,2,0,null,null],[19,2,2,0,null,null],[133,2,2,0,null,null],[13,1,1,0,null,null],[17,1,1,0,null,null],[20,1,1,0,null,null],[91,1,1,0,null,null],[61,1,1,0,null,null],[75,1,1,0,null,null]]}},{"type":"Feature","geometry":{"type":"Polygon","coordinates":[[[-154.5451,66.90151],[-154.54809,66.90006],[-154.54652,66.89841],[-154.54195,66.8982],[-154.53896,66.89965],[-154.54053,66.9013],[-154.5451,66.90151]]]},"properties":{"cell":"890c20a5b83ffff","res":9,"coarsened":false,"count":13,"hv":13,"mp":0,"y0":null,"y1":null,"sp":[[18,4,4,0,null,null],[80,3,3,0,null,null],[68,2,2,0,null,null],[13,1,1,0,null,null],[100,1,1,0,null,null],[61,1,1,0,null,null],[0,1,1,0,null,null]]}},{"type":"Feature","geometry":{"type":"Polygon","coordinates":[[[-154.4822,66.93191],[-154.48519,66.93046],[-154.48362,66.92881],[-154.47905,66.9286],[-154.47605,66.93004],[-154.47762,66.9317],[-154.4822,66.93191]]]},"properties":{"cell":"890c20a5d83ffff","res":9,"coarsened":false,"count":14,"hv":14,"mp":0,"y0":null,"y1":null,"sp":[[18,4,4,0,null,null],[68,3,3,0,null,null],[19,3,3,0,null,null],[80,2,2,0,null,null],[13,1,1,0,null,null],[17,1,1,0,null,null]]}},{"type":"Feature","geometry":{"type":"Polygon","coordinates":[[[-154.46848,66.93128],[-154.47148,66.92984],[-154.46991,66.92818],[-154.46534,66.92797],[-154.46234,66.92942],[-154.46391,66.93107],[-154.46848,66.93128]]]},"properties":{"cell":"890c20a4e4bffff","res":9,"coarsened":false,"count":17,"hv":17,"mp":0,"y0":null,"y1":null,"sp":[[19,4,4,0,null,null],[68,3,3,0,null,null],[20,2,2,0,null,null],[65,2,2,0,null,null],[105,2,2,0,null,null],[13,1,1,0,null,null],[17,1,1,0,null,null],[18,1,1,0,null,null],[7,1,1,0,null,null]]}},{"type":"Feature","geometry":{"type":"Polygon","coordinates":[[[-154.45477,66.93065],[-154.45778,66.92921],[-154.45621,66.92755],[-154.45164,66.92734],[-154.44864,66.92879],[-154.45021,66.93044],[-154.45477,66.93065]]]},"properties":{"cell":"890c20a4e47ffff","res":9,"coarsened":false,"count":18,"hv":18,"mp":0,"y0":null,"y1":null,"sp":[[68,3,3,0,null,null],[19,2,2,0,null,null],[4,2,2,0,null,null],[21,2,2,0,null,null],[18,2,2,0,null,null],[55,2,2,0,null,null],[87,1,1,0,null,null],[76,1,1,0,null,null],[65,1,1,0,null,null],[75,1,1,0,null,null],[82,1,1,0,null,null]]}},{"type":"Feature","geometry":{"type":"Polygon","coordinates":[[[-154.44044,66.96169],[-154.44344,66.96024],[-154.44187,66.95858],[-154.4373,66.95837],[-154.43429,66.95982],[-154.43586,66.96148],[-154.44044,66.96169]]]},"properties":{"cell":"890c20a41c3ffff","res":9,"coarsened":false,"count":12,"hv":12,"mp":0,"y0":null,"y1":null,"sp":[[68,4,4,0,null,null],[18,3,3,0,null,null],[19,2,2,0,null,null],[105,1,1,0,null,null],[55,1,1,0,null,null],[80,1,1,0,null,null]]}},{"type":"Feature","geometry":{"type":"Polygon","coordinates":[[[-154.4335,66.93126],[-154.4365,66.92981],[-154.43493,66.92815],[-154.43036,66.92794],[-154.42736,66.92939],[-154.42893,66.93105],[-154.4335,66.93126]]]},"properties":{"cell":"890c20a4e07ffff","res":9,"coarsened":false,"count":25,"hv":25,"mp":0,"y0":null,"y1":null,"sp":[[55,5,5,0,null,null],[68,4,4,0,null,null],[18,4,4,0,null,null],[21,2,2,0,null,null],[92,1,1,0,null,null],[75,1,1,0,null,null],[41,1,1,0,null,null],[76,1,1,0,null,null],[13,1,1,0,null,null],[19,1,1,0,null,null],[20,1,1,0,null,null],[105,1,1,0,null,null],[87,1,1,0,null,null],[91,1,1,0,null,null]]}},{"type":"Feature","geometry":{"type":"Polygon","coordinates":[[[-154.41979,66.93063],[-154.42279,66.92918],[-154.42123,66.92752],[-154.41666,66.92731],[-154.41365,66.92876],[-154.41522,66.93041],[-154.41979,66.93063]]]},"properties":{"cell":"890c20a4eafffff","res":9,"coarsened":false,"count":14,"hv":14,"mp":0,"y0":null,"y1":null,"sp":[[18,5,5,0,null,null],[55,2,2,0,null,null],[130,1,1,0,null,null],[68,1,1,0,null,null],[61,1,1,0,null,null],[0,1,1,0,null,null],[13,1,1,0,null,null],[76,1,1,0,null,null],[105,1,1,0,null,null]]}},{"type":"Feature","geometry":{"type":"Polygon","coordinates":[[[-154.41299,66.96042],[-154.41599,66.95897],[-154.41443,66.95732],[-154.40985,66.95711],[-154.40684,66.95855],[-154.40841,66.96021],[-154.41299,66.96042]]]},"properties":{"cell":"890c20a4187ffff","res":9,"coarsened":false,"count":16,"hv":16,"mp":0,"y0":null,"y1":null,"sp":[[68,5,5,0,null,null],[80,2,2,0,null,null],[18,2,2,0,null,null],[105,2,2,0,null,null],[21,2,2,0,null,null],[13,1,1,0,null,null],[55,1,1,0,null,null],[82,1,1,0,null,null]]}},{"type":"Feature","geometry":{"type":"Polygon","coordinates":[[[-154.4054,66.96165],[-154.40841,66.96021],[-154.40684,66.95855],[-154.40227,66.95834],[-154.39926,66.95979],[-154.40083,66.96144],[-154.4054,66.96165]]]},"properties":{"cell":"890c20a6a4bffff","res":9,"coarsened":false,"count":17,"hv":17,"mp":0,"y0":null,"y1":null,"sp":[[19,4,4,0,null,null],[68,3,3,0,null,null],[20,2,2,0,null,null],[89,2,2,0,null,null],[18,2,2,0,null,null],[21,1,1,0,null,null],[13,1,1,0,null,null],[105,1,1,0,null,null],[55,1,1,0,null,null]]}},{"type":"Feature","geometry":{"type":"Polygon","coordinates":[[[-154.39168,66.96102],[-154.39469,66.95957],[-154.39312,66.95792],[-154.38855,66.9577],[-154.38554,66.95915],[-154.38711,66.96081],[-154.39168,66.96102]]]},"properties":{"cell":"890c20a6a47ffff","res":9,"coarsened":false,"count":12,"hv":12,"mp":0,"y0":null,"y1":null,"sp":[[19,5,5,0,null,null],[68,2,2,0,null,null],[13,2,2,0,null,null],[80,1,1,0,null,null],[82,1,1,0,null,null],[76,1,1,0,null,null]]}},{"type":"Feature","geometry":{"type":"Polygon","coordinates":[[[-154.36279,66.96285],[-154.3658,66.9614],[-154.36424,66.95974],[-154.35966,66.95953],[-154.35665,66.96098],[-154.35822,66.96263],[-154.36279,66.96285]]]},"properties":{"cell":"890c20a6aabffff","res":9,"coarsened":false,"count":20,"hv":20,"mp":0,"y0":null,"y1":null,"sp":[[68,3,3,0,null,null],[21,3,3,0,null,null],[75,2,2,0,null,null],[76,2,2,0,null,null],[18,1,1,0,null,null],[20,1,1,0,null,null],[125,1,1,0,null,null],[4,1,1,0,null,null],[65,1,1,0,null,null],[91,1,1,0,null,null],[19,1,1,0,null,null],[17,1,1,0,null,null],[105,1,1,0,null,null],[55,1,1,0,null,null]]}},{"type":"Feature","geometry":{"type":"Polygon","coordinates":[[[-154.36095,67.01191],[-154.36397,67.01046],[-154.3624,67.0088],[-154.35782,67.00859],[-154.3548,67.01004],[-154.35637,67.01169],[-154.36095,67.01191]]]},"properties":{"cell":"890c20a61c7ffff","res":9,"coarsened":false,"count":20,"hv":20,"mp":0,"y0":null,"y1":null,"sp":[[19,3,3,0,null,null],[21,3,3,0,null,null],[68,2,2,0,null,null],[76,2,2,0,null,null],[55,2,2,0,null,null],[87,1,1,0,null,null],[80,1,1,0,null,null],[17,1,1,0,null,null],[18,1,1,0,null,null],[20,1,1,0,null,null],[91,1,1,0,null,null],[65,1,1,0,null,null],[130,1,1,0,null,null]]}},{"type":"Feature","geometry":{"type":"Polygon","coordinates":[[[-154.35335,67.01314],[-154.35637,67.01169],[-154.3548,67.01004],[-154.35022,67.00982],[-154.3472,67.01127],[-154.34876,67.01293],[-154.35335,67.01314]]]},"properties":{"cell":"890c20a618bffff","res":9,"coarsened":false,"count":19,"hv":19,"mp":0,"y0":null,"y1":null,"sp":[[0,5,5,0,null,null],[17,3,3,0,null,null],[30,2,2,0,null,null],[65,2,2,0,null,null],[76,1,1,0,null,null],[18,1,1,0,null,null],[68,1,1,0,null,null],[13,1,1,0,null,null],[82,1,1,0,null,null],[21,1,1,0,null,null],[36,1,1,0,null,null]]}},{"type":"Feature","geometry":{"type":"Polygon","coordinates":[[[-154.35404,67.04172],[-154.35707,67.04027],[-154.3555,67.03861],[-154.35091,67.0384],[-154.34789,67.03985],[-154.34945,67.04151],[-154.35404,67.04172]]]},"properties":{"cell":"890c20b4b6bffff","res":9,"coarsened":false,"count":10,"hv":10,"mp":0,"y0":null,"y1":null,"sp":[[68,3,3,0,null,null],[18,3,3,0,null,null],[4,2,2,0,null,null],[17,1,1,0,null,null],[30,1,1,0,null,null]]}},{"type":"Feature","geometry":{"type":"Polygon","coordinates":[[[-154.34293,66.96034],[-154.34594,66.95889],[-154.34438,66.95723],[-154.33981,66.95702],[-154.3368,66.95846],[-154.33836,66.96012],[-154.34293,66.96034]]]},"properties":{"cell":"890c20a6bd3ffff","res":9,"coarsened":false,"count":12,"hv":12,"mp":0,"y0":null,"y1":null,"sp":[[19,2,2,0,null,null],[68,2,2,0,null,null],[105,2,2,0,null,null],[18,2,2,0,null,null],[80,1,1,0,null,null],[4,1,1,0,null,null],[17,1,1,0,null,null],[76,1,1,0,null,null]]}},{"type":"Feature","geometry":{"type":"Polygon","coordinates":[[[-154.3396,67.0125],[-154.34261,67.01105],[-154.34105,67.00939],[-154.33647,67.00918],[-154.33345,67.01062],[-154.33501,67.01228],[-154.3396,67.0125]]]},"properties":{"cell":"890c20a6187ffff","res":9,"coarsened":false,"count":19,"hv":19,"mp":0,"y0":null,"y1":null,"sp":[[65,4,4,0,null,null],[18,4,4,0,null,null],[0,2,2,0,null,null],[19,2,2,0,null,null],[30,2,2,0,null,null],[13,1,1,0,null,null],[82,1,1,0,null,null],[105,1,1,0,null,null],[68,1,1,0,null,null],[17,1,1,0,null,null]]}},{"type":"Feature","geometry":{"type":"Polygon","coordinates":[[[-154.33266,67.04231],[-154.33568,67.04086],[-154.33412,67.0392],[-154.32953,67.03899],[-154.3265,67.04043],[-154.32807,67.04209],[-154.33266,67.04231]]]},"properties":{"cell":"890c20b4b2bffff","res":9,"coarsened":false,"count":10,"hv":10,"mp":0,"y0":null,"y1":null,"sp":[[18,5,5,0,null,null],[68,4,4,0,null,null],[73,1,1,0,null,null]]}},{"type":"Feature","geometry":{"type":"Polygon","coordinates":[[[-154.32585,67.01185],[-154.32886,67.01041],[-154.3273,67.00875],[-154.32272,67.00854],[-154.3197,67.00998],[-154.32126,67.01164],[-154.32585,67.01185]]]},"properties":{"cell":"890c256924fffff","res":9,"coarsened":false,"count":34,"hv":34,"mp":0,"y0":null,"y1":null,"sp":[[18,5,5,0,null,null],[30,5,5,0,null,null],[65,5,5,0,null,null],[0,4,4,0,null,null],[91,3,3,0,null,null],[68,3,3,0,null,null],[17,2,2,0,null,null],[82,1,1,0,null,null],[87,1,1,0,null,null],[19,1,1,0,null,null],[122,1,1,0,null,null],[73,1,1,0,null,null],[105,1,1,0,null,null],[75,1,1,0,null,null]]}},{"type":"Feature","geometry":{"type":"Polygon","coordinates":[[[-154.31889,67.04166],[-154.32191,67.04022],[-154.32035,67.03856],[-154.31576,67.03834],[-154.31274,67.03979],[-154.3143,67.04145],[-154.31889,67.04166]]]},"properties":{"cell":"890c20b4b27ffff","res":9,"coarsened":false,"count":9,"hv":9,"mp":0,"y0":null,"y1":null,"sp":[[17,2,2,0,null,null],[18,2,2,0,null,null],[68,2,2,0,null,null],[55,1,1,0,null,null],[82,1,1,0,null,null],[80,1,1,0,null,null]]}},{"type":"Feature","geometry":{"type":"Polygon","coordinates":[[[-154.31128,67.04289],[-154.3143,67.04145],[-154.31274,67.03979],[-154.30815,67.03957],[-154.30512,67.04102],[-154.30669,67.04268],[-154.31128,67.04289]]]},"properties":{"cell":"890c25696cbffff","res":9,"coarsened":false,"count":3,"hv":3,"mp":0,"y0":null,"y1":null,"sp":[[68,2,2,0,null,null],[18,1,1,0,null,null]]}},{"type":"Feature","geometry":{"type":"Polygon","coordinates":[[[-154.29136,67.04037],[-154.29438,67.03893],[-154.29282,67.03727],[-154.28823,67.03705],[-154.2852,67.0385],[-154.28677,67.04016],[-154.29136,67.04037]]]},"properties":{"cell":"890c2569613ffff","res":9,"coarsened":false,"count":7,"hv":7,"mp":0,"y0":null,"y1":null,"sp":[[18,3,3,0,null,null],[68,3,3,0,null,null],[17,1,1,0,null,null]]}},{"type":"Feature","geometry":{"type":"Polygon","coordinates":[[[-154.65148,66.8208],[-154.65445,66.81935],[-154.65288,66.8177],[-154.64832,66.8175],[-154.64535,66.81895],[-154.64693,66.8206],[-154.65148,66.8208]]]},"properties":{"cell":"890c21d9557ffff","res":9,"coarsened":false,"count":18,"hv":18,"mp":0,"y0":null,"y1":null,"sp":[[55,5,5,0,null,null],[80,4,4,0,null,null],[58,3,3,0,null,null],[105,2,2,0,null,null],[86,1,1,0,null,null],[122,1,1,0,null,null],[18,1,1,0,null,null],[20,1,1,0,null,null]]}},{"type":"Feature","geometry":{"type":"Polygon","coordinates":[[[-154.64395,66.82205],[-154.64693,66.8206],[-154.64535,66.81895],[-154.6408,66.81874],[-154.63782,66.82019],[-154.6394,66.82184],[-154.64395,66.82205]]]},"properties":{"cell":"890c21d951bffff","res":9,"coarsened":false,"count":19,"hv":19,"mp":0,"y0":null,"y1":null,"sp":[[55,7,7,0,null,null],[13,3,3,0,null,null],[80,2,2,0,null,null],[18,2,2,0,null,null],[0,2,2,0,null,null],[68,1,1,0,null,null],[4,1,1,0,null,null],[105,1,1,0,null,null]]}},{"type":"Feature","geometry":{"type":"Polygon","coordinates":[[[-154.41222,66.93186],[-154.41522,66.93041],[-154.41365,66.92876],[-154.40909,66.92855],[-154.40608,66.92999],[-154.40765,66.93165],[-154.41222,66.93186]]]},"properties":{"cell":"890c20a4ea7ffff","res":9,"coarsened":false,"count":16,"hv":16,"mp":0,"y0":null,"y1":null,"sp":[[55,4,4,0,null,null],[20,3,3,0,null,null],[58,2,2,0,null,null],[80,2,2,0,null,null],[19,2,2,0,null,null],[18,1,1,0,null,null],[61,1,1,0,null,null],[17,1,1,0,null,null]]}},{"type":"Feature","geometry":{"type":"Polygon","coordinates":[[[-154.3121,67.01121],[-154.31512,67.00977],[-154.31355,67.00811],[-154.30897,67.00789],[-154.30595,67.00934],[-154.30751,67.011],[-154.3121,67.01121]]]},"properties":{"cell":"890c2569273ffff","res":9,"coarsened":false,"count":30,"hv":30,"mp":0,"y0":null,"y1":null,"sp":[[68,6,6,0,null,null],[19,6,6,0,null,null],[18,5,5,0,null,null],[13,4,4,0,null,null],[105,2,2,0,null,null],[55,1,1,0,null,null],[89,1,1,0,null,null],[21,1,1,0,null,null],[65,1,1,0,null,null],[91,1,1,0,null,null],[87,1,1,0,null,null],[61,1,1,0,null,null]]}},{"type":"Feature","geometry":{"type":"Polygon","coordinates":[[[-154.26998,67.04095],[-154.273,67.03951],[-154.27144,67.03785],[-154.26685,67.03763],[-154.26383,67.03907],[-154.26539,67.04073],[-154.26998,67.04095]]]},"properties":{"cell":"890c25696b3ffff","res":9,"coarsened":false,"count":11,"hv":11,"mp":0,"y0":null,"y1":null,"sp":[[68,6,6,0,null,null],[18,3,3,0,null,null],[13,2,2,0,null,null]]}},{"type":"Feature","geometry":{"type":"Polygon","coordinates":[[[-154.62449,66.91143],[-154.62748,66.90998],[-154.6259,66.90832],[-154.62133,66.90812],[-154.61834,66.90957],[-154.61992,66.91122],[-154.62449,66.91143]]]},"properties":{"cell":"890c20aed27ffff","res":9,"coarsened":false,"count":20,"hv":20,"mp":0,"y0":null,"y1":null,"sp":[[68,3,3,0,null,null],[80,2,2,0,null,null],[58,2,2,0,null,null],[65,2,2,0,null,null],[13,2,2,0,null,null],[0,2,2,0,null,null],[18,2,2,0,null,null],[61,1,1,0,null,null],[30,1,1,0,null,null],[91,1,1,0,null,null],[20,1,1,0,null,null],[17,1,1,0,null,null]]}},{"type":"Feature","geometry":{"type":"Polygon","coordinates":[[[-154.54509,66.94745],[-154.61904,66.92861],[-154.61782,66.89529],[-154.5429,66.88082],[-154.46907,66.89962],[-154.47005,66.93294],[-154.54509,66.94745]]]},"properties":{"cell":"860c20a5fffffff","res":6,"coarsened":true,"count":4,"hv":4,"mp":0,"y0":null,"y1":null,"sp":[[79,4,4,0,null,null]]}},{"type":"Feature","geometry":{"type":"Polygon","coordinates":[[[-154.41913,66.96229],[-154.42214,66.96084],[-154.42057,66.95919],[-154.41599,66.95897],[-154.41299,66.96042],[-154.41455,66.96208],[-154.41913,66.96229]]]},"properties":{"cell":"890c20a4183ffff","res":9,"coarsened":false,"count":15,"hv":15,"mp":0,"y0":null,"y1":null,"sp":[[18,4,4,0,null,null],[68,3,3,0,null,null],[80,3,3,0,null,null],[76,3,3,0,null,null],[13,1,1,0,null,null],[82,1,1,0,null,null]]}},{"type":"Feature","geometry":{"type":"Polygon","coordinates":[[[-154.3892,67.04177],[-154.39222,67.04032],[-154.39065,67.03866],[-154.38606,67.03845],[-154.38304,67.0399],[-154.38461,67.04155],[-154.3892,67.04177]]]},"properties":{"cell":"890c20a6403ffff","res":9,"coarsened":false,"count":10,"hv":10,"mp":0,"y0":null,"y1":null,"sp":[[68,2,2,0,null,null],[18,2,2,0,null,null],[105,2,2,0,null,null],[65,2,2,0,null,null],[19,1,1,0,null,null],[4,1,1,0,null,null]]}},{"type":"Feature","geometry":{"type":"Polygon","coordinates":[[[-154.3841,66.96225],[-154.38711,66.96081],[-154.38554,66.95915],[-154.38097,66.95894],[-154.37796,66.96038],[-154.37952,66.96204],[-154.3841,66.96225]]]},"properties":{"cell":"890c20a6a0bffff","res":9,"coarsened":false,"count":11,"hv":11,"mp":0,"y0":null,"y1":null,"sp":[[18,3,3,0,null,null],[68,3,3,0,null,null],[19,2,2,0,null,null],[13,1,1,0,null,null],[80,1,1,0,null,null],[17,1,1,0,null,null]]}},{"type":"Feature","geometry":{"type":"Polygon","coordinates":[[[-154.36166,67.04049],[-154.36468,67.03904],[-154.36311,67.03738],[-154.35852,67.03717],[-154.3555,67.03861],[-154.35707,67.04027],[-154.36166,67.04049]]]},"properties":{"cell":"890c20a64a7ffff","res":9,"coarsened":false,"count":13,"hv":13,"mp":0,"y0":null,"y1":null,"sp":[[68,4,4,0,null,null],[18,3,3,0,null,null],[82,2,2,0,null,null],[13,1,1,0,null,null],[4,1,1,0,null,null],[17,1,1,0,null,null],[65,1,1,0,null,null]]}},{"type":"Feature","geometry":{"type":"Polygon","coordinates":[[[-154.30512,67.04102],[-154.30815,67.03957],[-154.30658,67.03791],[-154.30199,67.0377],[-154.29897,67.03914],[-154.30053,67.0408],[-154.30512,67.04102]]]},"properties":{"cell":"890c25696cfffff","res":9,"coarsened":false,"count":5,"hv":5,"mp":0,"y0":null,"y1":null,"sp":[[68,3,3,0,null,null],[17,1,1,0,null,null],[18,1,1,0,null,null]]}},{"type":"Feature","geometry":{"type":"Polygon","coordinates":[[[-154.28374,67.0416],[-154.28677,67.04016],[-154.2852,67.0385],[-154.28062,67.03828],[-154.27759,67.03972],[-154.27915,67.04138],[-154.28374,67.0416]]]},"properties":{"cell":"890c256968fffff","res":9,"coarsened":false,"count":9,"hv":9,"mp":0,"y0":null,"y1":null,"sp":[[68,5,5,0,null,null],[17,2,2,0,null,null],[18,2,2,0,null,null]]}},{"type":"Feature","geometry":{"type":"Polygon","coordinates":[[[-155.26568,67.67963],[-155.34171,67.66038],[-155.33931,67.6268],[-155.26113,67.61247],[-155.18523,67.63167],[-155.18738,67.66525],[-155.26568,67.67963]]]},"properties":{"cell":"860c2429fffffff","res":6,"coarsened":true,"count":2,"hv":2,"mp":0,"y0":null,"y1":null,"sp":[[79,2,2,0,null,null]]}},{"type":"Feature","geometry":{"type":"Polygon","coordinates":[[[-154.91537,66.88619],[-154.98887,66.86717],[-154.9871,66.83385],[-154.91205,66.81957],[-154.83866,66.83855],[-154.8402,66.87186],[-154.91537,66.88619]]]},"properties":{"cell":"860c20adfffffff","res":6,"coarsened":true,"count":1,"hv":1,"mp":0,"y0":null,"y1":null,"sp":[[79,1,1,0,null,null]]}},{"type":"Feature","geometry":{"type":"Polygon","coordinates":[[[-154.69023,66.84311],[-154.76373,66.8242],[-154.7623,66.7909],[-154.6876,66.77653],[-154.61421,66.7954],[-154.61541,66.82868],[-154.69023,66.84311]]]},"properties":{"cell":"860c21d97ffffff","res":6,"coarsened":true,"count":3,"hv":3,"mp":0,"y0":null,"y1":null,"sp":[[79,3,3,0,null,null]]}},{"type":"Feature","geometry":{"type":"Polygon","coordinates":[[[-154.32261,67.00377],[-154.39688,66.98504],[-154.39601,66.95171],[-154.32109,66.93713],[-154.24693,66.95582],[-154.24758,66.98915],[-154.32261,67.00377]]]},"properties":{"cell":"860c20a6fffffff","res":6,"coarsened":true,"count":1,"hv":1,"mp":0,"y0":null,"y1":null,"sp":[[79,1,1,0,null,null]]}},{"type":"Feature","geometry":{"type":"Polygon","coordinates":[[[-152.40113,67.78132],[-152.40437,67.77991],[-152.40291,67.77823],[-152.39821,67.77795],[-152.39497,67.77936],[-152.39643,67.78104],[-152.40113,67.78132]]]},"properties":{"cell":"890c258740fffff","res":9,"coarsened":false,"count":14,"hv":14,"mp":0,"y0":null,"y1":null,"sp":[[18,3,3,0,null,null],[17,3,3,0,null,null],[20,2,2,0,null,null],[122,1,1,0,null,null],[61,1,1,0,null,null],[74,1,1,0,null,null],[13,1,1,0,null,null],[68,1,1,0,null,null],[4,1,1,0,null,null]]}},{"type":"Feature","geometry":{"type":"Polygon","coordinates":[[[-152.39238,67.77121],[-152.39562,67.7698],[-152.39416,67.76811],[-152.38947,67.76784],[-152.38623,67.76924],[-152.38768,67.77093],[-152.39238,67.77121]]]},"properties":{"cell":"890c2587097ffff","res":9,"coarsened":false,"count":5,"hv":5,"mp":0,"y0":null,"y1":null,"sp":[[20,2,2,0,null,null],[80,2,2,0,null,null],[55,1,1,0,null,null]]}},{"type":"Feature","geometry":{"type":"Polygon","coordinates":[[[-152.38444,67.77234],[-152.38768,67.77093],[-152.38623,67.76924],[-152.38153,67.76897],[-152.37829,67.77038],[-152.37975,67.77206],[-152.38444,67.77234]]]},"properties":{"cell":"890c258755bffff","res":9,"coarsened":false,"count":9,"hv":9,"mp":0,"y0":null,"y1":null,"sp":[[105,3,3,0,null,null],[13,3,3,0,null,null],[55,2,2,0,null,null],[17,1,1,0,null,null]]}},{"type":"Feature","geometry":{"type":"Polygon","coordinates":[[[-152.37115,67.78275],[-152.3744,67.78135],[-152.37294,67.77966],[-152.36824,67.77938],[-152.365,67.78079],[-152.36646,67.78248],[-152.37115,67.78275]]]},"properties":{"cell":"890c25874a7ffff","res":9,"coarsened":false,"count":14,"hv":14,"mp":0,"y0":null,"y1":null,"sp":[[55,3,3,0,null,null],[20,3,3,0,null,null],[17,3,3,0,null,null],[18,2,2,0,null,null],[30,1,1,0,null,null],[105,1,1,0,null,null],[100,1,1,0,null,null]]}},{"type":"Feature","geometry":{"type":"Polygon","coordinates":[[[-152.35946,67.70209],[-152.36269,67.70068],[-152.36124,67.699],[-152.35656,67.69872],[-152.35333,67.70013],[-152.35478,67.70181],[-152.35946,67.70209]]]},"properties":{"cell":"890c25843d3ffff","res":9,"coarsened":false,"count":17,"hv":17,"mp":0,"y0":null,"y1":null,"sp":[[80,5,5,0,null,null],[55,4,4,0,null,null],[86,2,2,0,null,null],[20,2,2,0,null,null],[58,1,1,0,null,null],[18,1,1,0,null,null],[17,1,1,0,null,null],[13,1,1,0,null,null]]}},{"type":"Feature","geometry":{"type":"Polygon","coordinates":[[[-152.34285,67.69311],[-152.34608,67.6917],[-152.34463,67.69002],[-152.33996,67.68974],[-152.33673,67.69115],[-152.33818,67.69283],[-152.34285,67.69311]]]},"properties":{"cell":"890c2584317ffff","res":9,"coarsened":false,"count":8,"hv":8,"mp":0,"y0":null,"y1":null,"sp":[[55,3,3,0,null,null],[18,2,2,0,null,null],[80,2,2,0,null,null],[58,1,1,0,null,null]]}},{"type":"Feature","geometry":{"type":"Polygon","coordinates":[[[-152.28754,67.85143],[-152.2908,67.85002],[-152.28934,67.84833],[-152.28463,67.84805],[-152.28137,67.84946],[-152.28283,67.85115],[-152.28754,67.85143]]]},"properties":{"cell":"890c2594237ffff","res":9,"coarsened":false,"count":9,"hv":9,"mp":0,"y0":null,"y1":null,"sp":[[13,3,3,0,null,null],[58,2,2,0,null,null],[86,2,2,0,null,null],[18,2,2,0,null,null]]}},{"type":"Feature","geometry":{"type":"Polygon","coordinates":[[[-152.28478,67.63052],[-152.288,67.62911],[-152.28656,67.62743],[-152.2819,67.62715],[-152.27868,67.62855],[-152.28012,67.63024],[-152.28478,67.63052]]]},"properties":{"cell":"890c25ba59bffff","res":9,"coarsened":false,"count":26,"hv":26,"mp":0,"y0":null,"y1":null,"sp":[[80,8,8,0,null,null],[18,4,4,0,null,null],[55,3,3,0,null,null],[0,3,3,0,null,null],[13,3,3,0,null,null],[20,3,3,0,null,null],[68,2,2,0,null,null]]}},{"type":"Feature","geometry":{"type":"Polygon","coordinates":[[[-152.27363,67.61227],[-152.27685,67.61087],[-152.27541,67.60918],[-152.27075,67.60891],[-152.26753,67.61031],[-152.26897,67.61199],[-152.27363,67.61227]]]},"properties":{"cell":"890c25ba527ffff","res":9,"coarsened":false,"count":13,"hv":13,"mp":0,"y0":null,"y1":null,"sp":[[0,7,7,0,null,null],[80,2,2,0,null,null],[30,2,2,0,null,null],[20,1,1,0,null,null],[13,1,1,0,null,null]]}},{"type":"Feature","geometry":{"type":"Polygon","coordinates":[[[-152.27415,67.86184],[-152.27741,67.86043],[-152.27596,67.85874],[-152.27125,67.85846],[-152.26799,67.85987],[-152.26944,67.86156],[-152.27415,67.86184]]]},"properties":{"cell":"890c259404fffff","res":9,"coarsened":false,"count":10,"hv":10,"mp":0,"y0":null,"y1":null,"sp":[[105,4,4,0,null,null],[58,3,3,0,null,null],[80,2,2,0,null,null],[17,1,1,0,null,null]]}},{"type":"Feature","geometry":{"type":"Polygon","coordinates":[[[-152.25965,67.61144],[-152.26287,67.61003],[-152.26144,67.60835],[-152.25678,67.60807],[-152.25356,67.60947],[-152.255,67.61116],[-152.25965,67.61144]]]},"properties":{"cell":"890c25b12cfffff","res":9,"coarsened":false,"count":19,"hv":19,"mp":0,"y0":null,"y1":null,"sp":[[0,4,4,0,null,null],[80,4,4,0,null,null],[20,2,2,0,null,null],[55,2,2,0,null,null],[18,2,2,0,null,null],[13,2,2,0,null,null],[17,1,1,0,null,null],[65,1,1,0,null,null],[30,1,1,0,null,null]]}},{"type":"Feature","geometry":{"type":"Polygon","coordinates":[[[-152.26291,67.63081],[-152.26613,67.6294],[-152.2647,67.62772],[-152.26003,67.62744],[-152.25681,67.62884],[-152.25825,67.63053],[-152.26291,67.63081]]]},"properties":{"cell":"890c25b165bffff","res":9,"coarsened":false,"count":17,"hv":17,"mp":0,"y0":null,"y1":null,"sp":[[0,5,5,0,null,null],[18,3,3,0,null,null],[13,2,2,0,null,null],[20,2,2,0,null,null],[80,1,1,0,null,null],[30,1,1,0,null,null],[86,1,1,0,null,null],[92,1,1,0,null,null],[55,1,1,0,null,null]]}},{"type":"Feature","geometry":{"type":"Polygon","coordinates":[[[-152.25204,67.86212],[-152.2553,67.86071],[-152.25385,67.85903],[-152.24914,67.85874],[-152.24588,67.86015],[-152.24733,67.86184],[-152.25204,67.86212]]]},"properties":{"cell":"890c259400fffff","res":9,"coarsened":false,"count":7,"hv":7,"mp":0,"y0":null,"y1":null,"sp":[[30,2,2,0,null,null],[17,1,1,0,null,null],[19,1,1,0,null,null],[0,1,1,0,null,null],[18,1,1,0,null,null],[13,1,1,0,null,null]]}},{"type":"Feature","geometry":{"type":"Polygon","coordinates":[[[-152.23975,67.92066],[-152.24302,67.91925],[-152.24156,67.91756],[-152.23684,67.91728],[-152.23357,67.91869],[-152.23502,67.92038],[-152.23975,67.92066]]]},"properties":{"cell":"890c25975a7ffff","res":9,"coarsened":false,"count":5,"hv":5,"mp":0,"y0":null,"y1":null,"sp":[[18,3,3,0,null,null],[0,1,1,0,null,null],[13,1,1,0,null,null]]}},{"type":"Feature","geometry":{"type":"Polygon","coordinates":[[[-152.22206,67.55168],[-152.22528,67.55027],[-152.22385,67.54859],[-152.2192,67.54831],[-152.21599,67.54972],[-152.21742,67.5514],[-152.22206,67.55168]]]},"properties":{"cell":"890c25ba917ffff","res":9,"coarsened":false,"count":6,"hv":6,"mp":0,"y0":null,"y1":null,"sp":[[86,1,1,0,null,null],[39,1,1,0,null,null],[55,1,1,0,null,null],[20,1,1,0,null,null],[13,1,1,0,null,null],[100,1,1,0,null,null]]}},{"type":"Feature","geometry":{"type":"Polygon","coordinates":[[[-152.16479,67.94821],[-152.24375,67.93051],[-152.24627,67.89702],[-152.17007,67.88123],[-152.09125,67.89889],[-152.08849,67.93238],[-152.16479,67.94821]]]},"properties":{"cell":"860c25967ffffff","res":6,"coarsened":true,"count":8,"hv":8,"mp":0,"y0":null,"y1":null,"sp":[[79,8,8,0,null,null]]}},{"type":"Feature","geometry":{"type":"Polygon","coordinates":[[[-152.22375,67.92291],[-152.22702,67.9215],[-152.22557,67.91981],[-152.22085,67.91953],[-152.21757,67.92093],[-152.21903,67.92262],[-152.22375,67.92291]]]},"properties":{"cell":"890c2596663ffff","res":9,"coarsened":false,"count":13,"hv":13,"mp":0,"y0":null,"y1":null,"sp":[[19,3,3,0,null,null],[18,3,3,0,null,null],[21,3,3,0,null,null],[0,2,2,0,null,null],[30,1,1,0,null,null],[13,1,1,0,null,null]]}},{"type":"Feature","geometry":{"type":"Polygon","coordinates":[[[-152.22156,67.95162],[-152.22484,67.95022],[-152.22338,67.94853],[-152.21865,67.94824],[-152.21537,67.94965],[-152.21683,67.95134],[-152.22156,67.95162]]]},"properties":{"cell":"890d0b2d943ffff","res":9,"coarsened":false,"count":32,"hv":32,"mp":0,"y0":null,"y1":null,"sp":[[0,7,7,0,null,null],[66,4,4,0,null,null],[13,3,3,0,null,null],[18,3,3,0,null,null],[65,2,2,0,null,null],[51,2,2,0,null,null],[30,2,2,0,null,null],[17,2,2,0,null,null],[31,2,2,0,null,null],[122,1,1,0,null,null],[4,1,1,0,null,null],[124,1,1,0,null,null],[9,1,1,0,null,null],[28,1,1,0,null,null]]}},{"type":"Feature","geometry":{"type":"Polygon","coordinates":[[[-152.21355,67.95275],[-152.21683,67.95134],[-152.21537,67.94965],[-152.21064,67.94937],[-152.20737,67.95077],[-152.20882,67.95246],[-152.21355,67.95275]]]},"properties":{"cell":"890d0b2d957ffff","res":9,"coarsened":false,"count":45,"hv":45,"mp":0,"y0":null,"y1":null,"sp":[[13,12,12,0,null,null],[0,9,9,0,null,null],[30,5,5,0,null,null],[18,4,4,0,null,null],[122,3,3,0,null,null],[51,2,2,0,null,null],[17,2,2,0,null,null],[57,1,1,0,null,null],[66,1,1,0,null,null],[28,1,1,0,null,null],[31,1,1,0,null,null],[56,1,1,0,null,null],[65,1,1,0,null,null],[68,1,1,0,null,null],[19,1,1,0,null,null]]}},{"type":"Feature","geometry":{"type":"Polygon","coordinates":[[[-152.19936,67.9519],[-152.20263,67.95049],[-152.20118,67.9488],[-152.19645,67.94851],[-152.19317,67.94992],[-152.19463,67.95161],[-152.19936,67.9519]]]},"properties":{"cell":"890d0b2d903ffff","res":9,"coarsened":false,"count":58,"hv":58,"mp":0,"y0":null,"y1":null,"sp":[[0,14,14,0,null,null],[13,12,12,0,null,null],[30,10,10,0,null,null],[18,3,3,0,null,null],[21,3,3,0,null,null],[19,2,2,0,null,null],[74,2,2,0,null,null],[75,2,2,0,null,null],[31,2,2,0,null,null],[66,2,2,0,null,null],[17,2,2,0,null,null],[65,2,2,0,null,null],[122,1,1,0,null,null],[68,1,1,0,null,null]]}},{"type":"Feature","geometry":{"type":"Polygon","coordinates":[[[-152.19241,67.55309],[-152.19563,67.55168],[-152.1942,67.55],[-152.18956,67.54972],[-152.18635,67.55112],[-152.18777,67.55281],[-152.19241,67.55309]]]},"properties":{"cell":"890c25b1a7bffff","res":9,"coarsened":false,"count":16,"hv":16,"mp":0,"y0":null,"y1":null,"sp":[[13,5,5,0,null,null],[18,4,4,0,null,null],[80,2,2,0,null,null],[55,1,1,0,null,null],[20,1,1,0,null,null],[4,1,1,0,null,null],[17,1,1,0,null,null],[100,1,1,0,null,null]]}},{"type":"Feature","geometry":{"type":"Polygon","coordinates":[[[-152.18516,67.95104],[-152.18844,67.94964],[-152.18699,67.94795],[-152.18226,67.94766],[-152.17898,67.94907],[-152.18043,67.95076],[-152.18516,67.95104]]]},"properties":{"cell":"890d0b2d9abffff","res":9,"coarsened":false,"count":63,"hv":63,"mp":0,"y0":null,"y1":null,"sp":[[30,16,16,0,null,null],[0,8,8,0,null,null],[18,7,7,0,null,null],[28,6,6,0,null,null],[13,5,5,0,null,null],[31,4,4,0,null,null],[122,4,4,0,null,null],[23,4,4,0,null,null],[19,3,3,0,null,null],[21,2,2,0,null,null],[17,2,2,0,null,null],[4,1,1,0,null,null],[68,1,1,0,null,null]]}},{"type":"Feature","geometry":{"type":"Polygon","coordinates":[[[-152.23869,67.99754],[-152.3178,67.9798],[-152.3202,67.94628],[-152.24375,67.93051],[-152.16479,67.94821],[-152.16214,67.98172],[-152.23869,67.99754]]]},"properties":{"cell":"860d0b2dfffffff","res":6,"coarsened":true,"count":6,"hv":6,"mp":0,"y0":null,"y1":null,"sp":[[79,6,6,0,null,null]]}},{"type":"Feature","geometry":{"type":"Polygon","coordinates":[[[-152.16296,67.95131],[-152.16624,67.9499],[-152.16479,67.94821],[-152.16006,67.94793],[-152.15678,67.94933],[-152.15823,67.95102],[-152.16296,67.95131]]]},"properties":{"cell":"890d0b2ca6bffff","res":9,"coarsened":false,"count":31,"hv":31,"mp":0,"y0":null,"y1":null,"sp":[[0,8,8,0,null,null],[18,5,5,0,null,null],[13,5,5,0,null,null],[30,3,3,0,null,null],[21,2,2,0,null,null],[31,1,1,0,null,null],[23,1,1,0,null,null],[19,1,1,0,null,null],[28,1,1,0,null,null],[17,1,1,0,null,null],[122,1,1,0,null,null],[57,1,1,0,null,null],[66,1,1,0,null,null]]}},{"type":"Feature","geometry":{"type":"Polygon","coordinates":[[[-152.16138,67.9913],[-152.16466,67.98989],[-152.16321,67.9882],[-152.15847,67.98791],[-152.15518,67.98932],[-152.15664,67.99101],[-152.16138,67.9913]]]},"properties":{"cell":"890d0b2c333ffff","res":9,"coarsened":false,"count":16,"hv":16,"mp":0,"y0":null,"y1":null,"sp":[[0,7,7,0,null,null],[30,4,4,0,null,null],[13,3,3,0,null,null],[18,2,2,0,null,null]]}},{"type":"Feature","geometry":{"type":"Polygon","coordinates":[[[-152.15266,67.98115],[-152.15595,67.97974],[-152.1545,67.97805],[-152.14976,67.97777],[-152.14647,67.97917],[-152.14793,67.98086],[-152.15266,67.98115]]]},"properties":{"cell":"890d0b2ce43ffff","res":9,"coarsened":false,"count":49,"hv":49,"mp":0,"y0":null,"y1":null,"sp":[[0,17,17,0,null,null],[18,13,13,0,null,null],[30,9,9,0,null,null],[13,6,6,0,null,null],[31,1,1,0,null,null],[68,1,1,0,null,null],[66,1,1,0,null,null],[17,1,1,0,null,null]]}},{"type":"Feature","geometry":{"type":"Polygon","coordinates":[[[-152.14464,67.98227],[-152.14793,67.98086],[-152.14647,67.97917],[-152.14174,67.97889],[-152.13845,67.98029],[-152.1399,67.98198],[-152.14464,67.98227]]]},"properties":{"cell":"890d0b2ce57ffff","res":9,"coarsened":false,"count":31,"hv":31,"mp":0,"y0":null,"y1":null,"sp":[[30,7,7,0,null,null],[18,5,5,0,null,null],[28,4,4,0,null,null],[13,4,4,0,null,null],[0,2,2,0,null,null],[68,2,2,0,null,null],[99,2,2,0,null,null],[21,1,1,0,null,null],[31,1,1,0,null,null],[122,1,1,0,null,null],[66,1,1,0,null,null],[17,1,1,0,null,null]]}},{"type":"Feature","geometry":{"type":"Polygon","coordinates":[[[-152.13913,67.99156],[-152.14242,67.99015],[-152.14097,67.98846],[-152.13623,67.98818],[-152.13294,67.98958],[-152.13439,67.99127],[-152.13913,67.99156]]]},"properties":{"cell":"890d0b2ced3ffff","res":9,"coarsened":false,"count":31,"hv":31,"mp":0,"y0":null,"y1":null,"sp":[[0,6,6,0,null,null],[13,6,6,0,null,null],[18,5,5,0,null,null],[66,4,4,0,null,null],[30,4,4,0,null,null],[28,2,2,0,null,null],[19,1,1,0,null,null],[21,1,1,0,null,null],[65,1,1,0,null,null],[31,1,1,0,null,null]]}},{"type":"Feature","geometry":{"type":"Polygon","coordinates":[[[-152.12878,68.02141],[-152.13207,68.02],[-152.13062,68.01831],[-152.12588,68.01802],[-152.12258,68.01943],[-152.12404,68.02112],[-152.12878,68.02141]]]},"properties":{"cell":"890d0b2c54fffff","res":9,"coarsened":false,"count":76,"hv":76,"mp":0,"y0":null,"y1":null,"sp":[[18,15,15,0,null,null],[30,14,14,0,null,null],[0,11,11,0,null,null],[28,8,8,0,null,null],[13,8,8,0,null,null],[31,6,6,0,null,null],[4,4,4,0,null,null],[9,3,3,0,null,null],[23,2,2,0,null,null],[65,2,2,0,null,null],[17,1,1,0,null,null],[103,1,1,0,null,null],[66,1,1,0,null,null]]}},{"type":"Feature","geometry":{"type":"Polygon","coordinates":[[[-152.12241,67.98253],[-152.12569,67.98112],[-152.12424,67.97943],[-152.11951,67.97915],[-152.11622,67.98055],[-152.11767,67.98224],[-152.12241,67.98253]]]},"properties":{"cell":"890d0b2ce17ffff","res":9,"coarsened":false,"count":36,"hv":36,"mp":0,"y0":null,"y1":null,"sp":[[30,15,15,0,null,null],[0,7,7,0,null,null],[18,6,6,0,null,null],[66,2,2,0,null,null],[19,2,2,0,null,null],[13,1,1,0,null,null],[36,1,1,0,null,null],[68,1,1,0,null,null],[40,1,1,0,null,null]]}},{"type":"Feature","geometry":{"type":"Polygon","coordinates":[[[-152.12492,67.9907],[-152.12821,67.98929],[-152.12676,67.9876],[-152.12202,67.98732],[-152.11873,67.98872],[-152.12018,67.99041],[-152.12492,67.9907]]]},"properties":{"cell":"890d0b2ce9bffff","res":9,"coarsened":false,"count":20,"hv":20,"mp":0,"y0":null,"y1":null,"sp":[[13,7,7,0,null,null],[0,3,3,0,null,null],[18,2,2,0,null,null],[21,2,2,0,null,null],[30,1,1,0,null,null],[17,1,1,0,null,null],[19,1,1,0,null,null],[28,1,1,0,null,null],[122,1,1,0,null,null],[40,1,1,0,null,null]]}},{"type":"Feature","geometry":{"type":"Polygon","coordinates":[[[-152.12074,68.02253],[-152.12404,68.02112],[-152.12258,68.01943],[-152.11784,68.01914],[-152.11455,68.02055],[-152.116,68.02224],[-152.12074,68.02253]]]},"properties":{"cell":"890d0b2c547ffff","res":9,"coarsened":false,"count":86,"hv":86,"mp":0,"y0":null,"y1":null,"sp":[[0,24,24,0,null,null],[30,14,14,0,null,null],[13,11,11,0,null,null],[18,9,9,0,null,null],[28,7,7,0,null,null],[66,7,7,0,null,null],[17,4,4,0,null,null],[65,2,2,0,null,null],[9,2,2,0,null,null],[4,1,1,0,null,null],[19,1,1,0,null,null],[122,1,1,0,null,null],[5,1,1,0,null,null],[23,1,1,0,null,null],[31,1,1,0,null,null]]}},{"type":"Feature","geometry":{"type":"Polygon","coordinates":[[[-152.09847,68.02278],[-152.10176,68.02138],[-152.10031,68.01968],[-152.09557,68.0194],[-152.09227,68.0208],[-152.09372,68.02249],[-152.09847,68.02278]]]},"properties":{"cell":"890d0b2c507ffff","res":9,"coarsened":false,"count":45,"hv":45,"mp":0,"y0":null,"y1":null,"sp":[[18,10,10,0,null,null],[0,9,9,0,null,null],[13,7,7,0,null,null],[28,6,6,0,null,null],[56,4,4,0,null,null],[30,3,3,0,null,null],[65,2,2,0,null,null],[43,1,1,0,null,null],[31,1,1,0,null,null],[66,1,1,0,null,null],[17,1,1,0,null,null]]}},{"type":"Feature","geometry":{"type":"Polygon","coordinates":[[[-152.07934,68.04248],[-152.08264,68.04107],[-152.08119,68.03938],[-152.07644,68.03909],[-152.07314,68.0405],[-152.07459,68.04219],[-152.07934,68.04248]]]},"properties":{"cell":"890d0b2e333ffff","res":9,"coarsened":false,"count":36,"hv":36,"mp":0,"y0":null,"y1":null,"sp":[[66,11,11,0,null,null],[28,6,6,0,null,null],[30,5,5,0,null,null],[31,4,4,0,null,null],[0,4,4,0,null,null],[13,2,2,0,null,null],[124,1,1,0,null,null],[43,1,1,0,null,null],[17,1,1,0,null,null],[18,1,1,0,null,null]]}},{"type":"Feature","geometry":{"type":"Polygon","coordinates":[[[-152.0651,68.04161],[-152.0684,68.04021],[-152.06695,68.03852],[-152.0622,68.03823],[-152.0589,68.03963],[-152.06035,68.04132],[-152.0651,68.04161]]]},"properties":{"cell":"890d0b2eedbffff","res":9,"coarsened":false,"count":46,"hv":46,"mp":0,"y0":null,"y1":null,"sp":[[28,10,10,0,null,null],[31,9,9,0,null,null],[30,7,7,0,null,null],[18,6,6,0,null,null],[0,4,4,0,null,null],[66,4,4,0,null,null],[17,2,2,0,null,null],[13,2,2,0,null,null],[40,1,1,0,null,null],[5,1,1,0,null,null]]}},{"type":"Feature","geometry":{"type":"Polygon","coordinates":[[[-152.04281,68.04186],[-152.04611,68.04046],[-152.04466,68.03876],[-152.03991,68.03847],[-152.03661,68.03988],[-152.03806,68.04157],[-152.04281,68.04186]]]},"properties":{"cell":"890d0b2ee9bffff","res":9,"coarsened":false,"count":15,"hv":15,"mp":0,"y0":null,"y1":null,"sp":[[13,4,4,0,null,null],[30,4,4,0,null,null],[0,3,3,0,null,null],[18,2,2,0,null,null],[31,1,1,0,null,null],[28,1,1,0,null,null]]}},{"type":"Feature","geometry":{"type":"Polygon","coordinates":[[[-152.02052,68.0421],[-152.02382,68.0407],[-152.02237,68.03901],[-152.01763,68.03872],[-152.01432,68.04012],[-152.01577,68.04181],[-152.02052,68.0421]]]},"properties":{"cell":"890d0b2ec5bffff","res":9,"coarsened":false,"count":9,"hv":9,"mp":0,"y0":null,"y1":null,"sp":[[13,4,4,0,null,null],[30,1,1,0,null,null],[0,1,1,0,null,null],[18,1,1,0,null,null],[17,1,1,0,null,null],[4,1,1,0,null,null]]}},{"type":"Feature","geometry":{"type":"Polygon","coordinates":[[[-152.02299,68.05028],[-152.0263,68.04888],[-152.02485,68.04718],[-152.0201,68.04689],[-152.0168,68.0483],[-152.01824,68.04999],[-152.02299,68.05028]]]},"properties":{"cell":"890d0b2e133ffff","res":9,"coarsened":false,"count":22,"hv":22,"mp":0,"y0":null,"y1":null,"sp":[[13,6,6,0,null,null],[5,3,3,0,null,null],[18,3,3,0,null,null],[0,3,3,0,null,null],[31,2,2,0,null,null],[43,2,2,0,null,null],[30,2,2,0,null,null],[17,1,1,0,null,null]]}},{"type":"Feature","geometry":{"type":"Polygon","coordinates":[[[-151.95973,68.08171],[-151.96304,68.08031],[-151.96159,68.07862],[-151.95684,68.07833],[-151.95353,68.07973],[-151.95497,68.08142],[-151.95973,68.08171]]]},"properties":{"cell":"890d0b25607ffff","res":9,"coarsened":false,"count":23,"hv":23,"mp":0,"y0":null,"y1":null,"sp":[[74,5,5,0,null,null],[28,5,5,0,null,null],[30,4,4,0,null,null],[36,2,2,0,null,null],[18,2,2,0,null,null],[23,2,2,0,null,null],[13,1,1,0,null,null],[31,1,1,0,null,null],[66,1,1,0,null,null]]}},{"type":"Feature","geometry":{"type":"Polygon","coordinates":[[[-151.9374,68.08195],[-151.94071,68.08054],[-151.93927,68.07885],[-151.93452,68.07856],[-151.9312,68.07996],[-151.93264,68.08165],[-151.9374,68.08195]]]},"properties":{"cell":"890d0b256a7ffff","res":9,"coarsened":false,"count":41,"hv":41,"mp":0,"y0":null,"y1":null,"sp":[[13,10,10,0,null,null],[0,7,7,0,null,null],[66,7,7,0,null,null],[28,7,7,0,null,null],[18,4,4,0,null,null],[30,3,3,0,null,null],[31,1,1,0,null,null],[74,1,1,0,null,null],[65,1,1,0,null,null]]}},{"type":"Feature","geometry":{"type":"Polygon","coordinates":[[[-151.90137,68.09257],[-151.90468,68.09117],[-151.90325,68.08947],[-151.89849,68.08918],[-151.89518,68.09058],[-151.89661,68.09227],[-151.90137,68.09257]]]},"properties":{"cell":"890d0b25417ffff","res":9,"coarsened":false,"count":37,"hv":37,"mp":0,"y0":null,"y1":null,"sp":[[28,11,11,0,null,null],[30,9,9,0,null,null],[0,7,7,0,null,null],[31,4,4,0,null,null],[13,2,2,0,null,null],[103,2,2,0,null,null],[15,1,1,0,null,null],[18,1,1,0,null,null]]}},{"type":"Feature","geometry":{"type":"Polygon","coordinates":[[[-151.9038,68.10075],[-151.90712,68.09935],[-151.90568,68.09765],[-151.90093,68.09736],[-151.89761,68.09876],[-151.89905,68.10045],[-151.9038,68.10075]]]},"properties":{"cell":"890d0b2549bffff","res":9,"coarsened":false,"count":27,"hv":27,"mp":0,"y0":null,"y1":null,"sp":[[0,7,7,0,null,null],[28,6,6,0,null,null],[13,5,5,0,null,null],[30,2,2,0,null,null],[18,2,2,0,null,null],[17,1,1,0,null,null],[31,1,1,0,null,null],[66,1,1,0,null,null],[65,1,1,0,null,null],[34,1,1,0,null,null]]}},{"type":"Feature","geometry":{"type":"Polygon","coordinates":[[[-151.8871,68.09169],[-151.89042,68.09028],[-151.88899,68.08859],[-151.88423,68.0883],[-151.88091,68.0897],[-151.88235,68.09139],[-151.8871,68.09169]]]},"properties":{"cell":"890d0b254a3ffff","res":9,"coarsened":false,"count":32,"hv":32,"mp":0,"y0":null,"y1":null,"sp":[[28,10,10,0,null,null],[30,10,10,0,null,null],[0,4,4,0,null,null],[65,2,2,0,null,null],[66,2,2,0,null,null],[15,1,1,0,null,null],[18,1,1,0,null,null],[13,1,1,0,null,null],[31,1,1,0,null,null]]}},{"type":"Feature","geometry":{"type":"Polygon","coordinates":[[[-151.84244,68.09213],[-151.84576,68.09073],[-151.84432,68.08903],[-151.83957,68.08874],[-151.83625,68.09013],[-151.83768,68.09183],[-151.84244,68.09213]]]},"properties":{"cell":"890d0b27323ffff","res":9,"coarsened":false,"count":8,"hv":8,"mp":0,"y0":null,"y1":null,"sp":[[0,3,3,0,null,null],[30,2,2,0,null,null],[28,1,1,0,null,null],[65,1,1,0,null,null],[19,1,1,0,null,null]]}},{"type":"Feature","geometry":{"type":"Polygon","coordinates":[[[-151.84537,68.11158],[-151.8487,68.11018],[-151.84726,68.10848],[-151.84251,68.10819],[-151.83918,68.10959],[-151.84062,68.11128],[-151.84537,68.11158]]]},"properties":{"cell":"890d0b27067ffff","res":9,"coarsened":false,"count":15,"hv":15,"mp":0,"y0":null,"y1":null,"sp":[[28,7,7,0,null,null],[13,4,4,0,null,null],[30,3,3,0,null,null],[18,1,1,0,null,null]]}},{"type":"Feature","geometry":{"type":"Polygon","coordinates":[[[-151.82818,68.09124],[-151.8315,68.08984],[-151.83007,68.08814],[-151.82532,68.08785],[-151.822,68.08925],[-151.82343,68.09094],[-151.82818,68.09124]]]},"properties":{"cell":"890d0b246cbffff","res":9,"coarsened":false,"count":24,"hv":24,"mp":0,"y0":null,"y1":null,"sp":[[13,11,11,0,null,null],[18,3,3,0,null,null],[30,3,3,0,null,null],[17,2,2,0,null,null],[66,2,2,0,null,null],[0,1,1,0,null,null],[36,1,1,0,null,null],[65,1,1,0,null,null]]}},{"type":"Feature","geometry":{"type":"Polygon","coordinates":[[[-151.82011,68.09234],[-151.82343,68.09094],[-151.822,68.08925],[-151.81724,68.08895],[-151.81392,68.09035],[-151.81535,68.09204],[-151.82011,68.09234]]]},"properties":{"cell":"890d0b246c3ffff","res":9,"coarsened":false,"count":18,"hv":18,"mp":0,"y0":null,"y1":null,"sp":[[0,3,3,0,null,null],[18,3,3,0,null,null],[13,3,3,0,null,null],[30,3,3,0,null,null],[40,1,1,0,null,null],[36,1,1,0,null,null],[65,1,1,0,null,null],[37,1,1,0,null,null],[28,1,1,0,null,null],[126,1,1,0,null,null]]}},{"type":"Feature","geometry":{"type":"Polygon","coordinates":[[[-151.82302,68.11179],[-151.82635,68.1104],[-151.82491,68.1087],[-151.82016,68.1084],[-151.81683,68.1098],[-151.81826,68.1115],[-151.82302,68.11179]]]},"properties":{"cell":"890d0b27027ffff","res":9,"coarsened":false,"count":58,"hv":58,"mp":0,"y0":null,"y1":null,"sp":[[120,35,35,0,null,null],[28,4,4,0,null,null],[36,4,4,0,null,null],[18,3,3,0,null,null],[30,3,3,0,null,null],[56,2,2,0,null,null],[0,2,2,0,null,null],[110,1,1,0,null,null],[100,1,1,0,null,null],[31,1,1,0,null,null],[13,1,1,0,null,null],[72,1,1,0,null,null]]}},{"type":"Feature","geometry":{"type":"Polygon","coordinates":[[[-151.80067,68.11201],[-151.80399,68.11061],[-151.80256,68.10891],[-151.79781,68.10862],[-151.79448,68.11001],[-151.79591,68.11171],[-151.80067,68.11201]]]},"properties":{"cell":"890d0b271c7ffff","res":9,"coarsened":false,"count":10,"hv":10,"mp":0,"y0":null,"y1":null,"sp":[[13,5,5,0,null,null],[28,1,1,0,null,null],[17,1,1,0,null,null],[0,1,1,0,null,null],[23,1,1,0,null,null],[30,1,1,0,null,null]]}},{"type":"Feature","geometry":{"type":"Polygon","coordinates":[[[-151.80357,68.13146],[-151.8069,68.13006],[-151.80546,68.12837],[-151.8007,68.12807],[-151.79738,68.12947],[-151.79881,68.13117],[-151.80357,68.13146]]]},"properties":{"cell":"890d0b27553ffff","res":9,"coarsened":false,"count":24,"hv":24,"mp":0,"y0":null,"y1":null,"sp":[[13,6,6,0,null,null],[30,5,5,0,null,null],[28,5,5,0,null,null],[0,2,2,0,null,null],[18,2,2,0,null,null],[31,2,2,0,null,null],[15,1,1,0,null,null],[43,1,1,0,null,null]]}},{"type":"Feature","geometry":{"type":"Polygon","coordinates":[[[-152.39319,67.78245],[-152.39643,67.78104],[-152.39497,67.77936],[-152.39027,67.77908],[-152.38703,67.78049],[-152.38849,67.78218],[-152.39319,67.78245]]]},"properties":{"cell":"890c2587407ffff","res":9,"coarsened":false,"count":5,"hv":5,"mp":0,"y0":null,"y1":null,"sp":[[100,2,2,0,null,null],[18,1,1,0,null,null],[74,1,1,0,null,null],[80,1,1,0,null,null]]}},{"type":"Feature","geometry":{"type":"Polygon","coordinates":[[[-152.3735,67.70292],[-152.37673,67.70151],[-152.37528,67.69983],[-152.3706,67.69955],[-152.36737,67.70096],[-152.36882,67.70264],[-152.3735,67.70292]]]},"properties":{"cell":"890c25842afffff","res":9,"coarsened":false,"count":13,"hv":13,"mp":0,"y0":null,"y1":null,"sp":[[110,6,6,0,null,null],[20,2,2,0,null,null],[80,2,2,0,null,null],[58,1,1,0,null,null],[55,1,1,0,null,null],[86,1,1,0,null,null]]}},{"type":"Feature","geometry":{"type":"Polygon","coordinates":[[[-152.37036,67.77151],[-152.3736,67.7701],[-152.37214,67.76841],[-152.36745,67.76814],[-152.36421,67.76954],[-152.36566,67.77123],[-152.37036,67.77151]]]},"properties":{"cell":"890c2587557ffff","res":9,"coarsened":false,"count":9,"hv":9,"mp":0,"y0":null,"y1":null,"sp":[[80,3,3,0,null,null],[105,2,2,0,null,null],[18,2,2,0,null,null],[55,1,1,0,null,null],[17,1,1,0,null,null]]}},{"type":"Feature","geometry":{"type":"Polygon","coordinates":[[[-152.35154,67.70322],[-152.35478,67.70181],[-152.35333,67.70013],[-152.34865,67.69985],[-152.34542,67.70126],[-152.34686,67.70294],[-152.35154,67.70322]]]},"properties":{"cell":"890c258406fffff","res":9,"coarsened":false,"count":10,"hv":10,"mp":0,"y0":null,"y1":null,"sp":[[80,3,3,0,null,null],[55,2,2,0,null,null],[17,2,2,0,null,null],[20,1,1,0,null,null],[13,1,1,0,null,null],[18,1,1,0,null,null]]}},{"type":"Feature","geometry":{"type":"Polygon","coordinates":[[[-152.34542,67.70126],[-152.34865,67.69985],[-152.3472,67.69816],[-152.34252,67.69789],[-152.33929,67.69929],[-152.34074,67.70098],[-152.34542,67.70126]]]},"properties":{"cell":"890c258439bffff","res":9,"coarsened":false,"count":11,"hv":11,"mp":0,"y0":null,"y1":null,"sp":[[80,3,3,0,null,null],[20,2,2,0,null,null],[17,2,2,0,null,null],[58,2,2,0,null,null],[18,1,1,0,null,null],[55,1,1,0,null,null]]}},{"type":"Feature","geometry":{"type":"Polygon","coordinates":[[[-152.2883,67.86268],[-152.29155,67.86127],[-152.2901,67.85959],[-152.28539,67.85931],[-152.28213,67.86071],[-152.28358,67.8624],[-152.2883,67.86268]]]},"properties":{"cell":"890c2594287ffff","res":9,"coarsened":false,"count":7,"hv":7,"mp":0,"y0":null,"y1":null,"sp":[[80,2,2,0,null,null],[55,1,1,0,null,null],[58,1,1,0,null,null],[105,1,1,0,null,null],[20,1,1,0,null,null],[86,1,1,0,null,null]]}},{"type":"Feature","geometry":{"type":"Polygon","coordinates":[[[-152.26873,67.87113],[-152.272,67.86972],[-152.27054,67.86803],[-152.26583,67.86775],[-152.26257,67.86916],[-152.26402,67.87084],[-152.26873,67.87113]]]},"properties":{"cell":"890c25940cbffff","res":9,"coarsened":false,"count":11,"hv":11,"mp":0,"y0":null,"y1":null,"sp":[[58,3,3,0,null,null],[80,2,2,0,null,null],[105,2,2,0,null,null],[13,1,1,0,null,null],[17,1,1,0,null,null],[20,1,1,0,null,null],[39,1,1,0,null,null]]}},{"type":"Feature","geometry":{"type":"Polygon","coordinates":[[[-152.23863,67.87253],[-152.2419,67.87112],[-152.24045,67.86944],[-152.23573,67.86915],[-152.23247,67.87056],[-152.23392,67.87225],[-152.23863,67.87253]]]},"properties":{"cell":"890c2594083ffff","res":9,"coarsened":false,"count":8,"hv":8,"mp":0,"y0":null,"y1":null,"sp":[[30,3,3,0,null,null],[18,1,1,0,null,null],[0,1,1,0,null,null],[19,1,1,0,null,null],[13,1,1,0,null,null],[17,1,1,0,null,null]]}},{"type":"Feature","geometry":{"type":"Polygon","coordinates":[[[-152.23102,67.91052],[-152.23429,67.90912],[-152.23284,67.90743],[-152.22812,67.90714],[-152.22485,67.90855],[-152.2263,67.91024],[-152.23102,67.91052]]]},"properties":{"cell":"890c259621bffff","res":9,"coarsened":false,"count":13,"hv":13,"mp":0,"y0":null,"y1":null,"sp":[[30,4,4,0,null,null],[18,4,4,0,null,null],[19,2,2,0,null,null],[68,1,1,0,null,null],[0,1,1,0,null,null],[21,1,1,0,null,null]]}},{"type":"Feature","geometry":{"type":"Polygon","coordinates":[[[-152.20813,67.55084],[-152.21135,67.54944],[-152.20992,67.54775],[-152.20528,67.54747],[-152.20206,67.54888],[-152.20349,67.55056],[-152.20813,67.55084]]]},"properties":{"cell":"890c25ba9a3ffff","res":9,"coarsened":false,"count":17,"hv":17,"mp":0,"y0":null,"y1":null,"sp":[[18,3,3,0,null,null],[20,3,3,0,null,null],[68,3,3,0,null,null],[13,2,2,0,null,null],[80,2,2,0,null,null],[40,2,2,0,null,null],[59,1,1,0,null,null],[4,1,1,0,null,null]]}},{"type":"Feature","geometry":{"type":"Polygon","coordinates":[[[-152.09781,68.01151],[-152.1011,68.01011],[-152.09965,68.00842],[-152.09491,68.00813],[-152.09162,68.00953],[-152.09307,68.01122],[-152.09781,68.01151]]]},"properties":{"cell":"890d0b2c197ffff","res":9,"coarsened":false,"count":5,"hv":5,"mp":0,"y0":null,"y1":null,"sp":[[0,3,3,0,null,null],[18,2,2,0,null,null]]}},{"type":"Feature","geometry":{"type":"Polygon","coordinates":[[[-151.98205,68.08148],[-151.98536,68.08008],[-151.98392,68.07838],[-151.97917,68.07809],[-151.97586,68.07949],[-151.9773,68.08119],[-151.98205,68.08148]]]},"properties":{"cell":"890d0b25647ffff","res":9,"coarsened":false,"count":15,"hv":15,"mp":0,"y0":null,"y1":null,"sp":[[28,5,5,0,null,null],[30,3,3,0,null,null],[13,3,3,0,null,null],[43,1,1,0,null,null],[31,1,1,0,null,null],[0,1,1,0,null,null],[18,1,1,0,null,null]]}},{"type":"Feature","geometry":{"type":"Polygon","coordinates":[[[-151.95166,68.08282],[-151.95497,68.08142],[-151.95353,68.07973],[-151.94878,68.07944],[-151.94546,68.08084],[-151.9469,68.08253],[-151.95166,68.08282]]]},"properties":{"cell":"890d0b256abffff","res":9,"coarsened":false,"count":18,"hv":18,"mp":0,"y0":null,"y1":null,"sp":[[30,7,7,0,null,null],[28,5,5,0,null,null],[13,2,2,0,null,null],[18,2,2,0,null,null],[23,1,1,0,null,null],[65,1,1,0,null,null]]}},{"type":"Feature","geometry":{"type":"Polygon","coordinates":[[[-151.87284,68.0908],[-151.87616,68.0894],[-151.87473,68.08771],[-151.86997,68.08741],[-151.86665,68.08881],[-151.86809,68.09051],[-151.87284,68.0908]]]},"properties":{"cell":"890d0b2736bffff","res":9,"coarsened":false,"count":11,"hv":11,"mp":0,"y0":null,"y1":null,"sp":[[13,4,4,0,null,null],[0,2,2,0,null,null],[4,1,1,0,null,null],[28,1,1,0,null,null],[17,1,1,0,null,null],[65,1,1,0,null,null],[30,1,1,0,null,null]]}},{"type":"Feature","geometry":{"type":"Polygon","coordinates":[[[-152.38141,67.70179],[-152.38464,67.70038],[-152.38318,67.69869],[-152.3785,67.69842],[-152.37528,67.69983],[-152.37673,67.70151],[-152.38141,67.70179]]]},"properties":{"cell":"890c2584233ffff","res":9,"coarsened":false,"count":10,"hv":10,"mp":0,"y0":null,"y1":null,"sp":[[80,3,3,0,null,null],[58,2,2,0,null,null],[55,2,2,0,null,null],[13,1,1,0,null,null],[20,1,1,0,null,null],[17,1,1,0,null,null]]}},{"type":"Feature","geometry":{"type":"Polygon","coordinates":[[[-152.37909,67.78162],[-152.38234,67.78021],[-152.38088,67.77853],[-152.37618,67.77825],[-152.37294,67.77966],[-152.3744,67.78135],[-152.37909,67.78162]]]},"properties":{"cell":"890c25874afffff","res":9,"coarsened":false,"count":6,"hv":6,"mp":0,"y0":null,"y1":null,"sp":[[80,2,2,0,null,null],[55,2,2,0,null,null],[17,1,1,0,null,null],[105,1,1,0,null,null]]}},{"type":"Feature","geometry":{"type":"Polygon","coordinates":[[[-152.32882,67.69228],[-152.33205,67.69087],[-152.3306,67.68919],[-152.32593,67.68891],[-152.3227,67.69032],[-152.32414,67.692],[-152.32882,67.69228]]]},"properties":{"cell":"890c25843a3ffff","res":9,"coarsened":false,"count":5,"hv":5,"mp":0,"y0":null,"y1":null,"sp":[[20,2,2,0,null,null],[80,1,1,0,null,null],[58,1,1,0,null,null],[55,1,1,0,null,null]]}},{"type":"Feature","geometry":{"type":"Polygon","coordinates":[[[-152.1883,67.6471],[-152.26613,67.6294],[-152.26858,67.596],[-152.19344,67.5803],[-152.11575,67.59796],[-152.11306,67.63136],[-152.1883,67.6471]]]},"properties":{"cell":"860c25b17ffffff","res":6,"coarsened":true,"count":4,"hv":4,"mp":0,"y0":null,"y1":null,"sp":[[79,4,4,0,null,null]]}},{"type":"Feature","geometry":{"type":"Polygon","coordinates":[[[-152.26076,67.87225],[-152.26402,67.87084],[-152.26257,67.86916],[-152.25785,67.86887],[-152.25459,67.87028],[-152.25604,67.87197],[-152.26076,67.87225]]]},"properties":{"cell":"890c25940c3ffff","res":9,"coarsened":false,"count":5,"hv":5,"mp":0,"y0":null,"y1":null,"sp":[[18,2,2,0,null,null],[80,1,1,0,null,null],[20,1,1,0,null,null],[105,1,1,0,null,null]]}},{"type":"Feature","geometry":{"type":"Polygon","coordinates":[[[-152.17097,67.95019],[-152.17425,67.94878],[-152.1728,67.94709],[-152.16807,67.94681],[-152.16479,67.94821],[-152.16624,67.9499],[-152.17097,67.95019]]]},"properties":{"cell":"890d0b2d9a7ffff","res":9,"coarsened":false,"count":10,"hv":10,"mp":0,"y0":null,"y1":null,"sp":[[30,3,3,0,null,null],[0,2,2,0,null,null],[18,2,2,0,null,null],[19,1,1,0,null,null],[17,1,1,0,null,null],[21,1,1,0,null,null]]}},{"type":"Feature","geometry":{"type":"Polygon","coordinates":[[[-151.85051,68.09102],[-151.85383,68.08962],[-151.8524,68.08793],[-151.84764,68.08763],[-151.84432,68.08903],[-151.84576,68.09073],[-151.85051,68.09102]]]},"properties":{"cell":"890d0b2732bffff","res":9,"coarsened":false,"count":9,"hv":9,"mp":0,"y0":null,"y1":null,"sp":[[13,3,3,0,null,null],[30,3,3,0,null,null],[0,2,2,0,null,null],[65,1,1,0,null,null]]}},{"type":"Feature","geometry":{"type":"Polygon","coordinates":[[[-152.26002,67.861],[-152.26328,67.85959],[-152.26182,67.8579],[-152.25711,67.85762],[-152.25385,67.85903],[-152.2553,67.86071],[-152.26002,67.861]]]},"properties":{"cell":"890c2594073ffff","res":9,"coarsened":false,"count":3,"hv":3,"mp":0,"y0":null,"y1":null,"sp":[[17,1,1,0,null,null],[20,1,1,0,null,null],[18,1,1,0,null,null]]}},{"type":"Feature","geometry":{"type":"Polygon","coordinates":[[[-152.08293,67.99938],[-152.16214,67.98172],[-152.16479,67.94821],[-152.08849,67.93238],[-152.00943,67.95],[-152.00653,67.98349],[-152.08293,67.99938]]]},"properties":{"cell":"860d0b2cfffffff","res":6,"coarsened":true,"count":4,"hv":4,"mp":0,"y0":null,"y1":null,"sp":[[79,4,4,0,null,null]]}},{"type":"Feature","geometry":{"type":"Polygon","coordinates":[[[-152.07453,68.09997],[-152.15412,68.08231],[-152.1568,68.04877],[-152.08014,68.0329],[-152.00069,68.05052],[-151.99776,68.08405],[-152.07453,68.09997]]]},"properties":{"cell":"860d0b2e7ffffff","res":6,"coarsened":true,"count":3,"hv":3,"mp":0,"y0":null,"y1":null,"sp":[[79,3,3,0,null,null]]}},{"type":"Feature","geometry":{"type":"Polygon","coordinates":[[[-151.77832,68.11222],[-151.78165,68.11082],[-151.78022,68.10912],[-151.77546,68.10882],[-151.77214,68.11022],[-151.77356,68.11192],[-151.77832,68.11222]]]},"properties":{"cell":"890d0b27187ffff","res":9,"coarsened":false,"count":42,"hv":42,"mp":0,"y0":null,"y1":null,"sp":[[0,8,8,0,null,null],[13,6,6,0,null,null],[66,5,5,0,null,null],[18,5,5,0,null,null],[31,5,5,0,null,null],[28,3,3,0,null,null],[36,2,2,0,null,null],[17,2,2,0,null,null],[124,2,2,0,null,null],[21,2,2,0,null,null],[65,1,1,0,null,null],[71,1,1,0,null,null]]}},{"type":"Feature","geometry":{"type":"Polygon","coordinates":[[[-151.78071,68.1204],[-151.78403,68.119],[-151.78261,68.1173],[-151.77785,68.117],[-151.77452,68.1184],[-151.77595,68.1201],[-151.78071,68.1204]]]},"properties":{"cell":"890d0b2752bffff","res":9,"coarsened":false,"count":30,"hv":30,"mp":0,"y0":null,"y1":null,"sp":[[28,15,15,0,null,null],[31,8,8,0,null,null],[30,2,2,0,null,null],[13,2,2,0,null,null],[18,1,1,0,null,null],[43,1,1,0,null,null],[65,1,1,0,null,null]]}},{"type":"Feature","geometry":{"type":"Polygon","coordinates":[[[-151.76405,68.11132],[-151.76738,68.10992],[-151.76595,68.10823],[-151.7612,68.10793],[-151.75787,68.10933],[-151.7593,68.11102],[-151.76405,68.11132]]]},"properties":{"cell":"890d0b2624fffff","res":9,"coarsened":false,"count":38,"hv":38,"mp":0,"y0":null,"y1":null,"sp":[[0,12,12,0,null,null],[18,10,10,0,null,null],[13,8,8,0,null,null],[30,4,4,0,null,null],[28,3,3,0,null,null],[31,1,1,0,null,null]]}},{"type":"Feature","geometry":{"type":"Polygon","coordinates":[[[-151.74741,68.10225],[-151.75074,68.10085],[-151.74932,68.09915],[-151.74456,68.09886],[-151.74124,68.10025],[-151.74266,68.10195],[-151.74741,68.10225]]]},"properties":{"cell":"890d0b2449bffff","res":9,"coarsened":false,"count":15,"hv":15,"mp":0,"y0":null,"y1":null,"sp":[[30,5,5,0,null,null],[28,3,3,0,null,null],[0,2,2,0,null,null],[18,2,2,0,null,null],[120,1,1,0,null,null],[13,1,1,0,null,null],[36,1,1,0,null,null]]}},{"type":"Feature","geometry":{"type":"Polygon","coordinates":[[[-151.74979,68.11043],[-151.75312,68.10903],[-151.75169,68.10733],[-151.74694,68.10704],[-151.74361,68.10843],[-151.74503,68.11013],[-151.74979,68.11043]]]},"properties":{"cell":"890d0b26273ffff","res":9,"coarsened":false,"count":43,"hv":43,"mp":0,"y0":null,"y1":null,"sp":[[0,12,12,0,null,null],[66,6,6,0,null,null],[5,6,6,0,null,null],[18,5,5,0,null,null],[13,4,4,0,null,null],[28,4,4,0,null,null],[23,2,2,0,null,null],[30,2,2,0,null,null],[124,1,1,0,null,null],[31,1,1,0,null,null]]}},{"type":"Feature","geometry":{"type":"Polygon","coordinates":[[[-151.74217,68.1228],[-151.7455,68.1214],[-151.74408,68.11971],[-151.73932,68.11941],[-151.73599,68.12081],[-151.73742,68.1225],[-151.74217,68.1228]]]},"properties":{"cell":"890d0b262d7ffff","res":9,"coarsened":false,"count":31,"hv":31,"mp":0,"y0":null,"y1":null,"sp":[[13,16,16,0,null,null],[18,3,3,0,null,null],[17,2,2,0,null,null],[36,2,2,0,null,null],[21,2,2,0,null,null],[0,2,2,0,null,null],[28,1,1,0,null,null],[65,1,1,0,null,null],[30,1,1,0,null,null],[66,1,1,0,null,null]]}},{"type":"Feature","geometry":{"type":"Polygon","coordinates":[[[-151.05283,67.54245],[-151.05611,67.54108],[-151.05478,67.53939],[-151.05017,67.53907],[-151.04689,67.54045],[-151.04822,67.54214],[-151.05283,67.54245]]]},"properties":{"cell":"890d566265bffff","res":9,"coarsened":false,"count":9,"hv":9,"mp":0,"y0":null,"y1":null,"sp":[[80,3,3,0,null,null],[55,2,2,0,null,null],[61,2,2,0,null,null],[58,1,1,0,null,null],[18,1,1,0,null,null]]}},{"type":"Feature","geometry":{"type":"Polygon","coordinates":[[[-151.04343,67.60261],[-151.04672,67.60123],[-151.04538,67.59954],[-151.04077,67.59923],[-151.03748,67.6006],[-151.03881,67.60229],[-151.04343,67.60261]]]},"properties":{"cell":"890d5671cc7ffff","res":9,"coarsened":false,"count":50,"hv":50,"mp":0,"y0":null,"y1":null,"sp":[[80,10,10,0,null,null],[58,6,6,0,null,null],[55,6,6,0,null,null],[18,5,5,0,null,null],[20,4,4,0,null,null],[68,4,4,0,null,null],[65,2,2,0,null,null],[91,2,2,0,null,null],[75,1,1,0,null,null],[92,1,1,0,null,null],[17,1,1,0,null,null],[61,1,1,0,null,null],[21,1,1,0,null,null],[13,1,1,0,null,null],[39,1,1,0,null,null],[30,1,1,0,null,null],[0,1,1,0,null,null],[19,1,1,0,null,null],[122,1,1,0,null,null]]}},{"type":"Feature","geometry":{"type":"Polygon","coordinates":[[[-151.03112,67.54258],[-151.0344,67.5412],[-151.03308,67.53951],[-151.02847,67.5392],[-151.02519,67.54058],[-151.02652,67.54227],[-151.03112,67.54258]]]},"properties":{"cell":"890d566261bffff","res":9,"coarsened":false,"count":19,"hv":19,"mp":0,"y0":null,"y1":null,"sp":[[13,9,9,0,null,null],[55,4,4,0,null,null],[20,2,2,0,null,null],[18,1,1,0,null,null],[61,1,1,0,null,null],[40,1,1,0,null,null],[87,1,1,0,null,null]]}},{"type":"Feature","geometry":{"type":"Polygon","coordinates":[[[-151.03536,67.58126],[-151.03864,67.57988],[-151.03731,67.57819],[-151.0327,67.57788],[-151.02941,67.57926],[-151.03074,67.58095],[-151.03536,67.58126]]]},"properties":{"cell":"890d5671887ffff","res":9,"coarsened":false,"count":20,"hv":20,"mp":0,"y0":null,"y1":null,"sp":[[20,5,5,0,null,null],[18,3,3,0,null,null],[58,3,3,0,null,null],[55,3,3,0,null,null],[13,2,2,0,null,null],[22,1,1,0,null,null],[61,1,1,0,null,null],[80,1,1,0,null,null],[21,1,1,0,null,null]]}},{"type":"Feature","geometry":{"type":"Polygon","coordinates":[[[-151.02151,67.58032],[-151.0248,67.57894],[-151.02347,67.57725],[-151.01885,67.57694],[-151.01557,67.57832],[-151.0169,67.58001],[-151.02151,67.58032]]]},"properties":{"cell":"890d5671d4fffff","res":9,"coarsened":false,"count":10,"hv":10,"mp":0,"y0":null,"y1":null,"sp":[[80,4,4,0,null,null],[13,2,2,0,null,null],[18,1,1,0,null,null],[55,1,1,0,null,null],[61,1,1,0,null,null],[58,1,1,0,null,null]]}},{"type":"Feature","geometry":{"type":"Polygon","coordinates":[[[-151.02106,67.51311],[-151.02434,67.51174],[-151.02301,67.51005],[-151.01841,67.50974],[-151.01514,67.51111],[-151.01646,67.5128],[-151.02106,67.51311]]]},"properties":{"cell":"890d5662237ffff","res":9,"coarsened":false,"count":24,"hv":24,"mp":0,"y0":null,"y1":null,"sp":[[80,5,5,0,null,null],[55,4,4,0,null,null],[86,4,4,0,null,null],[18,3,3,0,null,null],[0,2,2,0,null,null],[105,2,2,0,null,null],[4,1,1,0,null,null],[13,1,1,0,null,null],[20,1,1,0,null,null],[68,1,1,0,null,null]]}},{"type":"Feature","geometry":{"type":"Polygon","coordinates":[[[-151.01731,67.54164],[-151.02059,67.54027],[-151.01926,67.53858],[-151.01465,67.53826],[-151.01137,67.53964],[-151.0127,67.54133],[-151.01731,67.54164]]]},"properties":{"cell":"890d5662617ffff","res":9,"coarsened":false,"count":11,"hv":11,"mp":0,"y0":null,"y1":null,"sp":[[20,3,3,0,null,null],[86,2,2,0,null,null],[18,2,2,0,null,null],[55,2,2,0,null,null],[80,1,1,0,null,null],[17,1,1,0,null,null]]}},{"type":"Feature","geometry":{"type":"Polygon","coordinates":[[[-151.02166,67.60273],[-151.02495,67.60135],[-151.02362,67.59966],[-151.019,67.59935],[-151.01571,67.60073],[-151.01704,67.60242],[-151.02166,67.60273]]]},"properties":{"cell":"890d5671c87ffff","res":9,"coarsened":false,"count":41,"hv":41,"mp":0,"y0":null,"y1":null,"sp":[[55,11,11,0,null,null],[80,8,8,0,null,null],[13,6,6,0,null,null],[18,5,5,0,null,null],[0,3,3,0,null,null],[68,3,3,0,null,null],[30,1,1,0,null,null],[4,1,1,0,null,null],[20,1,1,0,null,null],[86,1,1,0,null,null],[105,1,1,0,null,null]]}},{"type":"Feature","geometry":{"type":"Polygon","coordinates":[[[-152.33448,67.74539],[-152.41258,67.72761],[-152.41481,67.69416],[-152.33918,67.6785],[-152.26121,67.69624],[-152.25874,67.72968],[-152.33448,67.74539]]]},"properties":{"cell":"860c25847ffffff","res":6,"coarsened":true,"count":2,"hv":2,"mp":0,"y0":null,"y1":null,"sp":[[79,2,2,0,null,null]]}},{"type":"Feature","geometry":{"type":"Polygon","coordinates":[[[-152.40811,67.79453],[-152.48635,67.77672],[-152.48847,67.74325],[-152.41258,67.72761],[-152.33448,67.74539],[-152.33212,67.77884],[-152.40811,67.79453]]]},"properties":{"cell":"860c25877ffffff","res":6,"coarsened":true,"count":8,"hv":8,"mp":0,"y0":null,"y1":null,"sp":[[79,8,8,0,null,null]]}},{"type":"Feature","geometry":{"type":"Polygon","coordinates":[[[-151.75883,68.13188],[-151.76216,68.13048],[-151.76073,68.12878],[-151.75597,68.12849],[-151.75264,68.12988],[-151.75407,68.13158],[-151.75883,68.13188]]]},"properties":{"cell":"890d0b275b3ffff","res":9,"coarsened":false,"count":12,"hv":12,"mp":0,"y0":null,"y1":null,"sp":[[28,3,3,0,null,null],[13,2,2,0,null,null],[0,2,2,0,null,null],[30,1,1,0,null,null],[100,1,1,0,null,null],[17,1,1,0,null,null],[18,1,1,0,null,null],[65,1,1,0,null,null]]}},{"type":"Feature","geometry":{"type":"Polygon","coordinates":[[[-151.06305,67.58313],[-151.06633,67.58176],[-151.065,67.58007],[-151.06039,67.57975],[-151.0571,67.58113],[-151.05843,67.58282],[-151.06305,67.58313]]]},"properties":{"cell":"890d56718c3ffff","res":9,"coarsened":false,"count":6,"hv":6,"mp":0,"y0":null,"y1":null,"sp":[[55,1,1,0,null,null],[20,1,1,0,null,null],[18,1,1,0,null,null],[4,1,1,0,null,null],[80,1,1,0,null,null],[58,1,1,0,null,null]]}},{"type":"Feature","geometry":{"type":"Polygon","coordinates":[[[-151.0492,67.5822],[-151.05249,67.58082],[-151.05115,67.57913],[-151.04654,67.57882],[-151.04326,67.58019],[-151.04459,67.58188],[-151.0492,67.5822]]]},"properties":{"cell":"890d567188bffff","res":9,"coarsened":false,"count":11,"hv":11,"mp":0,"y0":null,"y1":null,"sp":[[80,3,3,0,null,null],[58,3,3,0,null,null],[18,2,2,0,null,null],[55,1,1,0,null,null],[61,1,1,0,null,null],[4,1,1,0,null,null]]}},{"type":"Feature","geometry":{"type":"Polygon","coordinates":[[[-151.03909,67.55272],[-151.04237,67.55134],[-151.04105,67.54965],[-151.03644,67.54934],[-151.03316,67.55072],[-151.03449,67.55241],[-151.03909,67.55272]]]},"properties":{"cell":"890d5671ba7ffff","res":9,"coarsened":false,"count":7,"hv":7,"mp":0,"y0":null,"y1":null,"sp":[[80,4,4,0,null,null],[55,2,2,0,null,null],[18,1,1,0,null,null]]}},{"type":"Feature","geometry":{"type":"Polygon","coordinates":[[[-151.02957,67.60167],[-151.03286,67.60029],[-151.03153,67.5986],[-151.02691,67.59829],[-151.02362,67.59966],[-151.02495,67.60135],[-151.02957,67.60167]]]},"properties":{"cell":"890d5671c8fffff","res":9,"coarsened":false,"count":29,"hv":29,"mp":0,"y0":null,"y1":null,"sp":[[80,5,5,0,null,null],[20,5,5,0,null,null],[55,3,3,0,null,null],[30,3,3,0,null,null],[68,3,3,0,null,null],[18,2,2,0,null,null],[58,2,2,0,null,null],[0,1,1,0,null,null],[65,1,1,0,null,null],[61,1,1,0,null,null],[105,1,1,0,null,null],[13,1,1,0,null,null],[17,1,1,0,null,null]]}},{"type":"Feature","geometry":{"type":"Polygon","coordinates":[[[-151.01789,67.63129],[-151.02119,67.62991],[-151.01985,67.62822],[-151.01523,67.6279],[-151.01194,67.62928],[-151.01327,67.63097],[-151.01789,67.63129]]]},"properties":{"cell":"890d5670667ffff","res":9,"coarsened":false,"count":14,"hv":14,"mp":0,"y0":null,"y1":null,"sp":[[55,5,5,0,null,null],[21,3,3,0,null,null],[80,2,2,0,null,null],[20,1,1,0,null,null],[18,1,1,0,null,null],[40,1,1,0,null,null],[13,1,1,0,null,null]]}},{"type":"Feature","geometry":{"type":"Polygon","coordinates":[[[-151.00935,67.53151],[-151.01263,67.53013],[-151.0113,67.52844],[-151.0067,67.52813],[-151.00342,67.5295],[-151.00475,67.53119],[-151.00935,67.53151]]]},"properties":{"cell":"890d5662627ffff","res":9,"coarsened":false,"count":16,"hv":16,"mp":0,"y0":null,"y1":null,"sp":[[13,3,3,0,null,null],[80,2,2,0,null,null],[21,2,2,0,null,null],[30,2,2,0,null,null],[18,2,2,0,null,null],[55,1,1,0,null,null],[4,1,1,0,null,null],[86,1,1,0,null,null],[61,1,1,0,null,null],[20,1,1,0,null,null]]}},{"type":"Feature","geometry":{"type":"Polygon","coordinates":[[[-151.00942,67.54271],[-151.0127,67.54133],[-151.01137,67.53964],[-151.00677,67.53933],[-151.00349,67.5407],[-151.00481,67.54239],[-151.00942,67.54271]]]},"properties":{"cell":"890d56626bbffff","res":9,"coarsened":false,"count":15,"hv":15,"mp":0,"y0":null,"y1":null,"sp":[[80,4,4,0,null,null],[55,3,3,0,null,null],[105,2,2,0,null,null],[20,2,2,0,null,null],[18,2,2,0,null,null],[58,1,1,0,null,null],[86,1,1,0,null,null]]}},{"type":"Feature","geometry":{"type":"Polygon","coordinates":[[[-151.00781,67.60179],[-151.0111,67.60041],[-151.00977,67.59872],[-151.00515,67.59841],[-151.00186,67.59979],[-151.00319,67.60148],[-151.00781,67.60179]]]},"properties":{"cell":"890d567034fffff","res":9,"coarsened":false,"count":27,"hv":27,"mp":0,"y0":null,"y1":null,"sp":[[80,6,6,0,null,null],[20,5,5,0,null,null],[55,5,5,0,null,null],[68,2,2,0,null,null],[18,2,2,0,null,null],[105,2,2,0,null,null],[13,2,2,0,null,null],[76,1,1,0,null,null],[4,1,1,0,null,null],[65,1,1,0,null,null]]}},{"type":"Feature","geometry":{"type":"Polygon","coordinates":[[[-151.0099,67.62114],[-151.0132,67.61976],[-151.01187,67.61807],[-151.00724,67.61776],[-151.00395,67.61913],[-151.00528,67.62082],[-151.0099,67.62114]]]},"properties":{"cell":"890d56702bbffff","res":9,"coarsened":false,"count":7,"hv":7,"mp":0,"y0":null,"y1":null,"sp":[[4,4,4,0,null,null],[17,1,1,0,null,null],[20,1,1,0,null,null],[65,1,1,0,null,null]]}},{"type":"Feature","geometry":{"type":"Polygon","coordinates":[[[-151.00997,67.63235],[-151.01327,67.63097],[-151.01194,67.62928],[-151.00731,67.62897],[-151.00402,67.63034],[-151.00535,67.63203],[-151.00997,67.63235]]]},"properties":{"cell":"890d567062bffff","res":9,"coarsened":false,"count":18,"hv":18,"mp":0,"y0":null,"y1":null,"sp":[[18,5,5,0,null,null],[80,3,3,0,null,null],[30,2,2,0,null,null],[58,2,2,0,null,null],[55,2,2,0,null,null],[21,1,1,0,null,null],[73,1,1,0,null,null],[20,1,1,0,null,null],[59,1,1,0,null,null]]}},{"type":"Feature","geometry":{"type":"Polygon","coordinates":[[[-151.01426,67.68227],[-151.01756,67.6809],[-151.01622,67.67921],[-151.01159,67.67889],[-151.00829,67.68027],[-151.00962,67.68196],[-151.01426,67.68227]]]},"properties":{"cell":"890d567354bffff","res":9,"coarsened":false,"count":22,"hv":22,"mp":0,"y0":null,"y1":null,"sp":[[18,4,4,0,null,null],[65,3,3,0,null,null],[0,3,3,0,null,null],[68,3,3,0,null,null],[13,2,2,0,null,null],[20,2,2,0,null,null],[105,2,2,0,null,null],[39,1,1,0,null,null],[17,1,1,0,null,null],[55,1,1,0,null,null]]}},{"type":"Feature","geometry":{"type":"Polygon","coordinates":[[[-151.00836,67.69148],[-151.01166,67.69011],[-151.01032,67.68841],[-151.00569,67.6881],[-151.00238,67.68948],[-151.00372,67.69117],[-151.00836,67.69148]]]},"properties":{"cell":"890d5673437ffff","res":9,"coarsened":false,"count":21,"hv":21,"mp":0,"y0":null,"y1":null,"sp":[[0,5,5,0,null,null],[55,4,4,0,null,null],[80,3,3,0,null,null],[65,2,2,0,null,null],[20,2,2,0,null,null],[21,1,1,0,null,null],[18,1,1,0,null,null],[68,1,1,0,null,null],[19,1,1,0,null,null],[89,1,1,0,null,null]]}},{"type":"Feature","geometry":{"type":"Polygon","coordinates":[[[-151.00134,67.51017],[-151.00461,67.5088],[-151.00329,67.50711],[-150.99869,67.5068],[-150.99542,67.50817],[-150.99674,67.50986],[-151.00134,67.51017]]]},"properties":{"cell":"890d56623c7ffff","res":9,"coarsened":false,"count":26,"hv":26,"mp":0,"y0":null,"y1":null,"sp":[[55,4,4,0,null,null],[58,3,3,0,null,null],[18,3,3,0,null,null],[105,3,3,0,null,null],[122,2,2,0,null,null],[30,2,2,0,null,null],[68,2,2,0,null,null],[80,1,1,0,null,null],[110,1,1,0,null,null],[22,1,1,0,null,null],[17,1,1,0,null,null],[75,1,1,0,null,null],[0,1,1,0,null,null],[59,1,1,0,null,null]]}},{"type":"Feature","geometry":{"type":"Polygon","coordinates":[[[-150.9999,67.60285],[-151.00319,67.60148],[-151.00186,67.59979],[-150.99724,67.59947],[-150.99395,67.60085],[-150.99528,67.60254],[-150.9999,67.60285]]]},"properties":{"cell":"890d5670347ffff","res":9,"coarsened":false,"count":9,"hv":9,"mp":0,"y0":null,"y1":null,"sp":[[80,3,3,0,null,null],[122,2,2,0,null,null],[65,1,1,0,null,null],[13,1,1,0,null,null],[55,1,1,0,null,null],[18,1,1,0,null,null]]}},{"type":"Feature","geometry":{"type":"Polygon","coordinates":[[[-151.00402,67.63034],[-151.00731,67.62897],[-151.00598,67.62727],[-151.00136,67.62696],[-150.99806,67.62834],[-150.99939,67.63003],[-151.00402,67.63034]]]},"properties":{"cell":"890d567062fffff","res":9,"coarsened":false,"count":17,"hv":17,"mp":0,"y0":null,"y1":null,"sp":[[18,4,4,0,null,null],[80,3,3,0,null,null],[61,2,2,0,null,null],[86,2,2,0,null,null],[20,2,2,0,null,null],[58,2,2,0,null,null],[76,1,1,0,null,null],[105,1,1,0,null,null]]}},{"type":"Feature","geometry":{"type":"Polygon","coordinates":[[[-150.99825,67.66197],[-151.00155,67.66059],[-151.00022,67.6589],[-150.99559,67.65859],[-150.99229,67.65996],[-150.99362,67.66166],[-150.99825,67.66197]]]},"properties":{"cell":"890d5673103ffff","res":9,"coarsened":false,"count":17,"hv":17,"mp":0,"y0":null,"y1":null,"sp":[[49,8,8,0,null,null],[20,2,2,0,null,null],[51,1,1,0,null,null],[13,1,1,0,null,null],[80,1,1,0,null,null],[18,1,1,0,null,null],[61,1,1,0,null,null],[30,1,1,0,null,null],[73,1,1,0,null,null]]}},{"type":"Feature","geometry":{"type":"Polygon","coordinates":[[[-151.00035,67.68133],[-151.00365,67.67995],[-151.00232,67.67826],[-150.99768,67.67795],[-150.99438,67.67932],[-150.99571,67.68102],[-151.00035,67.68133]]]},"properties":{"cell":"890d5673547ffff","res":9,"coarsened":false,"count":24,"hv":24,"mp":0,"y0":null,"y1":null,"sp":[[18,6,6,0,null,null],[0,3,3,0,null,null],[13,3,3,0,null,null],[68,3,3,0,null,null],[30,2,2,0,null,null],[122,1,1,0,null,null],[80,1,1,0,null,null],[17,1,1,0,null,null],[105,1,1,0,null,null],[65,1,1,0,null,null],[91,1,1,0,null,null],[76,1,1,0,null,null]]}},{"type":"Feature","geometry":{"type":"Polygon","coordinates":[[[-151.00041,67.69255],[-151.00372,67.69117],[-151.00238,67.68948],[-150.99774,67.68916],[-150.99444,67.69054],[-150.99577,67.69223],[-151.00041,67.69255]]]},"properties":{"cell":"890d56735dbffff","res":9,"coarsened":false,"count":23,"hv":23,"mp":0,"y0":null,"y1":null,"sp":[[18,6,6,0,null,null],[0,3,3,0,null,null],[68,3,3,0,null,null],[13,2,2,0,null,null],[55,2,2,0,null,null],[20,2,2,0,null,null],[17,1,1,0,null,null],[30,1,1,0,null,null],[82,1,1,0,null,null],[80,1,1,0,null,null],[105,1,1,0,null,null]]}},{"type":"Feature","geometry":{"type":"Polygon","coordinates":[[[-150.99395,67.60085],[-150.99724,67.59947],[-150.99591,67.59778],[-150.99129,67.59747],[-150.98801,67.59884],[-150.98933,67.60053],[-150.99395,67.60085]]]},"properties":{"cell":"890d5670373ffff","res":9,"coarsened":false,"count":18,"hv":18,"mp":0,"y0":null,"y1":null,"sp":[[55,5,5,0,null,null],[80,4,4,0,null,null],[58,3,3,0,null,null],[105,2,2,0,null,null],[20,1,1,0,null,null],[18,1,1,0,null,null],[86,1,1,0,null,null],[122,1,1,0,null,null]]}},{"type":"Feature","geometry":{"type":"Polygon","coordinates":[[[-150.98818,67.63247],[-150.99147,67.63109],[-150.99014,67.6294],[-150.98552,67.62908],[-150.98223,67.63046],[-150.98355,67.63215],[-150.98818,67.63247]]]},"properties":{"cell":"890d56700cbffff","res":9,"coarsened":false,"count":24,"hv":24,"mp":0,"y0":null,"y1":null,"sp":[[20,5,5,0,null,null],[58,5,5,0,null,null],[55,3,3,0,null,null],[80,3,3,0,null,null],[76,2,2,0,null,null],[4,1,1,0,null,null],[13,1,1,0,null,null],[18,1,1,0,null,null],[61,1,1,0,null,null],[86,1,1,0,null,null],[122,1,1,0,null,null]]}},{"type":"Feature","geometry":{"type":"Polygon","coordinates":[[[-150.99026,67.65182],[-150.99356,67.65044],[-150.99223,67.64875],[-150.9876,67.64844],[-150.9843,67.64981],[-150.98563,67.65151],[-150.99026,67.65182]]]},"properties":{"cell":"890d567312fffff","res":9,"coarsened":false,"count":13,"hv":13,"mp":0,"y0":null,"y1":null,"sp":[[55,2,2,0,null,null],[80,2,2,0,null,null],[20,2,2,0,null,null],[30,2,2,0,null,null],[61,1,1,0,null,null],[18,1,1,0,null,null],[76,1,1,0,null,null],[59,1,1,0,null,null],[58,1,1,0,null,null]]}},{"type":"Feature","geometry":{"type":"Polygon","coordinates":[[[-150.99241,67.68239],[-150.99571,67.68102],[-150.99438,67.67932],[-150.98974,67.67901],[-150.98644,67.68039],[-150.98777,67.68208],[-150.99241,67.68239]]]},"properties":{"cell":"890d567350bffff","res":9,"coarsened":false,"count":6,"hv":6,"mp":0,"y0":null,"y1":null,"sp":[[30,2,2,0,null,null],[18,2,2,0,null,null],[17,1,1,0,null,null],[65,1,1,0,null,null]]}},{"type":"Feature","geometry":{"type":"Polygon","coordinates":[[[-150.99444,67.69054],[-150.99774,67.68916],[-150.99641,67.68747],[-150.99177,67.68715],[-150.98847,67.68853],[-150.9898,67.69022],[-150.99444,67.69054]]]},"properties":{"cell":"890d56735c3ffff","res":9,"coarsened":false,"count":26,"hv":26,"mp":0,"y0":null,"y1":null,"sp":[[30,5,5,0,null,null],[68,4,4,0,null,null],[18,3,3,0,null,null],[55,2,2,0,null,null],[0,2,2,0,null,null],[65,2,2,0,null,null],[13,1,1,0,null,null],[80,1,1,0,null,null],[58,1,1,0,null,null],[122,1,1,0,null,null],[91,1,1,0,null,null],[17,1,1,0,null,null],[110,1,1,0,null,null],[21,1,1,0,null,null]]}},{"type":"Feature","geometry":{"type":"Polygon","coordinates":[[[-150.98352,67.49297],[-150.9868,67.4916],[-150.98548,67.48991],[-150.98088,67.48959],[-150.97761,67.49097],[-150.97893,67.49266],[-150.98352,67.49297]]]},"properties":{"cell":"890d5662e5bffff","res":9,"coarsened":false,"count":12,"hv":12,"mp":0,"y0":null,"y1":null,"sp":[[59,2,2,0,null,null],[55,2,2,0,null,null],[76,1,1,0,null,null],[3,1,1,0,null,null],[58,1,1,0,null,null],[13,1,1,0,null,null],[105,1,1,0,null,null],[21,1,1,0,null,null],[122,1,1,0,null,null],[20,1,1,0,null,null]]}},{"type":"Feature","geometry":{"type":"Polygon","coordinates":[[[-150.97967,67.5103],[-150.98295,67.50892],[-150.98163,67.50723],[-150.97703,67.50692],[-150.97375,67.50829],[-150.97507,67.50998],[-150.97967,67.5103]]]},"properties":{"cell":"890d5662387ffff","res":9,"coarsened":false,"count":28,"hv":28,"mp":0,"y0":null,"y1":null,"sp":[[55,5,5,0,null,null],[13,4,4,0,null,null],[18,4,4,0,null,null],[80,3,3,0,null,null],[0,2,2,0,null,null],[40,1,1,0,null,null],[59,1,1,0,null,null],[20,1,1,0,null,null],[122,1,1,0,null,null],[105,1,1,0,null,null],[30,1,1,0,null,null],[4,1,1,0,null,null],[58,1,1,0,null,null],[65,1,1,0,null,null],[68,1,1,0,null,null]]}},{"type":"Feature","geometry":{"type":"Polygon","coordinates":[[[-150.97813,67.60297],[-150.98142,67.6016],[-150.9801,67.59991],[-150.97548,67.59959],[-150.97219,67.60097],[-150.97352,67.60266],[-150.97813,67.60297]]]},"properties":{"cell":"890d5670307ffff","res":9,"coarsened":false,"count":20,"hv":20,"mp":0,"y0":null,"y1":null,"sp":[[55,6,6,0,null,null],[18,4,4,0,null,null],[80,4,4,0,null,null],[68,2,2,0,null,null],[105,2,2,0,null,null],[13,1,1,0,null,null],[20,1,1,0,null,null]]}},{"type":"Feature","geometry":{"type":"Polygon","coordinates":[[[-150.98233,67.65288],[-150.98563,67.65151],[-150.9843,67.64981],[-150.97967,67.6495],[-150.97638,67.65088],[-150.97771,67.65257],[-150.98233,67.65288]]]},"properties":{"cell":"890d5673127ffff","res":9,"coarsened":false,"count":14,"hv":14,"mp":0,"y0":null,"y1":null,"sp":[[30,3,3,0,null,null],[18,3,3,0,null,null],[0,2,2,0,null,null],[76,1,1,0,null,null],[61,1,1,0,null,null],[73,1,1,0,null,null],[80,1,1,0,null,null],[122,1,1,0,null,null],[55,1,1,0,null,null]]}},{"type":"Feature","geometry":{"type":"Polygon","coordinates":[[[-150.96845,67.65194],[-150.97175,67.65056],[-150.97042,67.64887],[-150.96579,67.64855],[-150.96249,67.64993],[-150.96382,67.65162],[-150.96845,67.65194]]]},"properties":{"cell":"890d56704cfffff","res":9,"coarsened":false,"count":6,"hv":6,"mp":0,"y0":null,"y1":null,"sp":[[73,1,1,0,null,null],[61,1,1,0,null,null],[122,1,1,0,null,null],[13,1,1,0,null,null],[18,1,1,0,null,null],[30,1,1,0,null,null]]}},{"type":"Feature","geometry":{"type":"Polygon","coordinates":[[[-150.97476,67.73246],[-150.97807,67.73108],[-150.97674,67.72939],[-150.97209,67.72907],[-150.96878,67.73045],[-150.97012,67.73214],[-150.97476,67.73246]]]},"properties":{"cell":"890d56098cbffff","res":9,"coarsened":false,"count":20,"hv":20,"mp":0,"y0":null,"y1":null,"sp":[[18,4,4,0,null,null],[20,3,3,0,null,null],[91,2,2,0,null,null],[13,2,2,0,null,null],[80,2,2,0,null,null],[100,1,1,0,null,null],[19,1,1,0,null,null],[86,1,1,0,null,null],[40,1,1,0,null,null],[73,1,1,0,null,null],[30,1,1,0,null,null],[55,1,1,0,null,null]]}},{"type":"Feature","geometry":{"type":"Polygon","coordinates":[[[-150.96883,67.74167],[-150.97214,67.74029],[-150.97081,67.7386],[-150.96616,67.73828],[-150.96285,67.73966],[-150.96418,67.74135],[-150.96883,67.74167]]]},"properties":{"cell":"890d5609eb7ffff","res":9,"coarsened":false,"count":13,"hv":13,"mp":0,"y0":null,"y1":null,"sp":[[30,4,4,0,null,null],[18,3,3,0,null,null],[100,1,1,0,null,null],[73,1,1,0,null,null],[13,1,1,0,null,null],[55,1,1,0,null,null],[65,1,1,0,null,null],[91,1,1,0,null,null]]}},{"type":"Feature","geometry":{"type":"Polygon","coordinates":[[[-150.96392,67.51242],[-150.9672,67.51104],[-150.96588,67.50935],[-150.96128,67.50904],[-150.958,67.51042],[-150.95932,67.5121],[-150.96392,67.51242]]]},"properties":{"cell":"890d5662143ffff","res":9,"coarsened":false,"count":38,"hv":38,"mp":0,"y0":null,"y1":null,"sp":[[55,5,5,0,null,null],[20,4,4,0,null,null],[86,4,4,0,null,null],[4,4,4,0,null,null],[80,3,3,0,null,null],[18,3,3,0,null,null],[0,2,2,0,null,null],[76,2,2,0,null,null],[105,2,2,0,null,null],[68,1,1,0,null,null],[61,1,1,0,null,null],[17,1,1,0,null,null],[133,1,1,0,null,null],[65,1,1,0,null,null],[21,1,1,0,null,null],[58,1,1,0,null,null],[73,1,1,0,null,null],[122,1,1,0,null,null]]}},{"type":"Feature","geometry":{"type":"Polygon","coordinates":[[[-150.96078,67.72029],[-150.96409,67.71891],[-150.96276,67.71722],[-150.95812,67.7169],[-150.95481,67.71828],[-150.95614,67.71997],[-150.96078,67.72029]]]},"properties":{"cell":"890d5609877ffff","res":9,"coarsened":false,"count":18,"hv":18,"mp":0,"y0":null,"y1":null,"sp":[[18,4,4,0,null,null],[20,4,4,0,null,null],[13,3,3,0,null,null],[80,2,2,0,null,null],[55,2,2,0,null,null],[59,1,1,0,null,null],[17,1,1,0,null,null],[30,1,1,0,null,null]]}},{"type":"Feature","geometry":{"type":"Polygon","coordinates":[[[-150.96083,67.73151],[-150.96414,67.73013],[-150.9628,67.72844],[-150.95816,67.72812],[-150.95485,67.7295],[-150.95618,67.73119],[-150.96083,67.73151]]]},"properties":{"cell":"890d56098c7ffff","res":9,"coarsened":false,"count":19,"hv":19,"mp":0,"y0":null,"y1":null,"sp":[[13,5,5,0,null,null],[18,3,3,0,null,null],[17,2,2,0,null,null],[30,2,2,0,null,null],[65,1,1,0,null,null],[122,1,1,0,null,null],[20,1,1,0,null,null],[21,1,1,0,null,null],[80,1,1,0,null,null],[91,1,1,0,null,null],[0,1,1,0,null,null]]}},{"type":"Feature","geometry":{"type":"Polygon","coordinates":[[[-150.9546,67.6622],[-150.95791,67.66083],[-150.95658,67.65913],[-150.95195,67.65882],[-150.94865,67.66019],[-150.94997,67.66189],[-150.9546,67.6622]]]},"properties":{"cell":"890d5672263ffff","res":9,"coarsened":false,"count":9,"hv":9,"mp":0,"y0":null,"y1":null,"sp":[[18,4,4,0,null,null],[80,2,2,0,null,null],[13,1,1,0,null,null],[21,1,1,0,null,null],[30,1,1,0,null,null]]}},{"type":"Feature","geometry":{"type":"Polygon","coordinates":[[[-150.94022,67.49321],[-150.9435,67.49184],[-150.94218,67.49015],[-150.93759,67.48983],[-150.93432,67.49121],[-150.93563,67.4929],[-150.94022,67.49321]]]},"properties":{"cell":"890d5662ebbffff","res":9,"coarsened":false,"count":17,"hv":17,"mp":0,"y0":null,"y1":null,"sp":[[105,5,5,0,null,null],[80,4,4,0,null,null],[17,2,2,0,null,null],[18,2,2,0,null,null],[61,1,1,0,null,null],[20,1,1,0,null,null],[13,1,1,0,null,null],[55,1,1,0,null,null]]}},{"type":"Feature","geometry":{"type":"Polygon","coordinates":[[[-150.93432,67.49121],[-150.93759,67.48983],[-150.93627,67.48814],[-150.93168,67.48783],[-150.92841,67.4892],[-150.92972,67.49089],[-150.93432,67.49121]]]},"properties":{"cell":"890d5662ea3ffff","res":9,"coarsened":false,"count":24,"hv":24,"mp":0,"y0":null,"y1":null,"sp":[[80,7,7,0,null,null],[55,4,4,0,null,null],[18,3,3,0,null,null],[61,2,2,0,null,null],[13,2,2,0,null,null],[17,1,1,0,null,null],[21,1,1,0,null,null],[30,1,1,0,null,null],[4,1,1,0,null,null],[20,1,1,0,null,null],[105,1,1,0,null,null]]}},{"type":"Feature","geometry":{"type":"Polygon","coordinates":[[[-151.76453,68.1226],[-151.76786,68.1212],[-151.76643,68.1195],[-151.76168,68.1192],[-151.75835,68.1206],[-151.75978,68.1223],[-151.76453,68.1226]]]},"properties":{"cell":"890d0b27537ffff","res":9,"coarsened":false,"count":20,"hv":20,"mp":0,"y0":null,"y1":null,"sp":[[28,4,4,0,null,null],[18,3,3,0,null,null],[0,3,3,0,null,null],[13,2,2,0,null,null],[36,2,2,0,null,null],[30,1,1,0,null,null],[17,1,1,0,null,null],[21,1,1,0,null,null],[31,1,1,0,null,null],[65,1,1,0,null,null],[4,1,1,0,null,null]]}},{"type":"Feature","geometry":{"type":"Polygon","coordinates":[[[-151.03901,67.54152],[-151.04229,67.54014],[-151.04096,67.53845],[-151.03635,67.53814],[-151.03308,67.53951],[-151.0344,67.5412],[-151.03901,67.54152]]]},"properties":{"cell":"890d5662657ffff","res":9,"coarsened":false,"count":21,"hv":21,"mp":0,"y0":null,"y1":null,"sp":[[80,6,6,0,null,null],[18,5,5,0,null,null],[13,4,4,0,null,null],[55,2,2,0,null,null],[86,2,2,0,null,null],[61,1,1,0,null,null],[20,1,1,0,null,null]]}},{"type":"Feature","geometry":{"type":"Polygon","coordinates":[[[-151.00199,67.6222],[-151.00528,67.62082],[-151.00395,67.61913],[-150.99933,67.61882],[-150.99604,67.6202],[-150.99737,67.62189],[-151.00199,67.6222]]]},"properties":{"cell":"890d56702b3ffff","res":9,"coarsened":false,"count":10,"hv":10,"mp":0,"y0":null,"y1":null,"sp":[[20,3,3,0,null,null],[80,2,2,0,null,null],[61,1,1,0,null,null],[58,1,1,0,null,null],[18,1,1,0,null,null],[55,1,1,0,null,null],[86,1,1,0,null,null]]}},{"type":"Feature","geometry":{"type":"Polygon","coordinates":[[[-150.99347,67.51124],[-150.99674,67.50986],[-150.99542,67.50817],[-150.99082,67.50786],[-150.98754,67.50923],[-150.98887,67.51092],[-150.99347,67.51124]]]},"properties":{"cell":"890d566238bffff","res":9,"coarsened":false,"count":30,"hv":30,"mp":0,"y0":null,"y1":null,"sp":[[55,10,10,0,null,null],[80,8,8,0,null,null],[18,5,5,0,null,null],[0,2,2,0,null,null],[19,1,1,0,null,null],[30,1,1,0,null,null],[21,1,1,0,null,null],[20,1,1,0,null,null],[122,1,1,0,null,null]]}},{"type":"Feature","geometry":{"type":"Polygon","coordinates":[[[-150.99032,67.66303],[-150.99362,67.66166],[-150.99229,67.65996],[-150.98766,67.65965],[-150.98436,67.66103],[-150.98569,67.66272],[-150.99032,67.66303]]]},"properties":{"cell":"890d5673117ffff","res":9,"coarsened":false,"count":8,"hv":8,"mp":0,"y0":null,"y1":null,"sp":[[18,3,3,0,null,null],[13,2,2,0,null,null],[61,1,1,0,null,null],[73,1,1,0,null,null],[30,1,1,0,null,null]]}},{"type":"Feature","geometry":{"type":"Polygon","coordinates":[[[-150.98436,67.66103],[-150.98766,67.65965],[-150.98633,67.65796],[-150.9817,67.65764],[-150.9784,67.65902],[-150.97973,67.66071],[-150.98436,67.66103]]]},"properties":{"cell":"890d56731abffff","res":9,"coarsened":false,"count":6,"hv":6,"mp":0,"y0":null,"y1":null,"sp":[[18,4,4,0,null,null],[122,1,1,0,null,null],[21,1,1,0,null,null]]}},{"type":"Feature","geometry":{"type":"Polygon","coordinates":[[[-150.9718,67.51136],[-150.97507,67.50998],[-150.97375,67.50829],[-150.96915,67.50798],[-150.96588,67.50935],[-150.9672,67.51104],[-150.9718,67.51136]]]},"properties":{"cell":"890d566214bffff","res":9,"coarsened":false,"count":20,"hv":20,"mp":0,"y0":null,"y1":null,"sp":[[18,3,3,0,null,null],[68,2,2,0,null,null],[80,2,2,0,null,null],[4,2,2,0,null,null],[122,2,2,0,null,null],[39,2,2,0,null,null],[21,1,1,0,null,null],[91,1,1,0,null,null],[86,1,1,0,null,null],[92,1,1,0,null,null],[20,1,1,0,null,null],[0,1,1,0,null,null],[55,1,1,0,null,null]]}},{"type":"Feature","geometry":{"type":"Polygon","coordinates":[[[-150.88121,67.70844],[-150.96001,67.6914],[-150.96451,67.65807],[-150.89045,67.6418],[-150.81181,67.6588],[-150.80707,67.69211],[-150.88121,67.70844]]]},"properties":{"cell":"860d56727ffffff","res":6,"coarsened":true,"count":1,"hv":1,"mp":0,"y0":null,"y1":null,"sp":[[79,1,1,0,null,null]]}},{"type":"Feature","geometry":{"type":"Polygon","coordinates":[[[-150.94809,67.49215],[-150.95137,67.49078],[-150.95005,67.48909],[-150.94546,67.48877],[-150.94218,67.49015],[-150.9435,67.49184],[-150.94809,67.49215]]]},"properties":{"cell":"890d5662e17ffff","res":9,"coarsened":false,"count":9,"hv":9,"mp":0,"y0":null,"y1":null,"sp":[[20,2,2,0,null,null],[58,1,1,0,null,null],[3,1,1,0,null,null],[65,1,1,0,null,null],[55,1,1,0,null,null],[22,1,1,0,null,null],[18,1,1,0,null,null],[105,1,1,0,null,null]]}},{"type":"Feature","geometry":{"type":"Polygon","coordinates":[[[-150.91314,67.78275],[-150.91646,67.78137],[-150.91513,67.77968],[-150.91048,67.77936],[-150.90715,67.78074],[-150.90849,67.78243],[-150.91314,67.78275]]]},"properties":{"cell":"890d560862bffff","res":9,"coarsened":false,"count":7,"hv":7,"mp":0,"y0":null,"y1":null,"sp":[[40,2,2,0,null,null],[58,2,2,0,null,null],[80,1,1,0,null,null],[20,1,1,0,null,null],[86,1,1,0,null,null]]}},{"type":"Feature","geometry":{"type":"Polygon","coordinates":[[[-150.91125,67.85319],[-150.91459,67.85182],[-150.91325,67.85012],[-150.90858,67.8498],[-150.90525,67.85118],[-150.90658,67.85287],[-150.91125,67.85319]]]},"properties":{"cell":"890d560b487ffff","res":9,"coarsened":false,"count":6,"hv":6,"mp":0,"y0":null,"y1":null,"sp":[[18,2,2,0,null,null],[58,1,1,0,null,null],[55,1,1,0,null,null],[17,1,1,0,null,null],[13,1,1,0,null,null]]}},{"type":"Feature","geometry":{"type":"Polygon","coordinates":[[[-150.90278,67.45068],[-150.90606,67.44931],[-150.90475,67.44762],[-150.90016,67.4473],[-150.89689,67.44867],[-150.8982,67.45036],[-150.90278,67.45068]]]},"properties":{"cell":"890d56676dbffff","res":9,"coarsened":false,"count":11,"hv":11,"mp":0,"y0":null,"y1":null,"sp":[[18,4,4,0,null,null],[80,2,2,0,null,null],[86,1,1,0,null,null],[30,1,1,0,null,null],[55,1,1,0,null,null],[20,1,1,0,null,null],[105,1,1,0,null,null]]}},{"type":"Feature","geometry":{"type":"Polygon","coordinates":[[[-150.89919,67.79302],[-150.90251,67.79164],[-150.90118,67.78995],[-150.89652,67.78963],[-150.8932,67.79101],[-150.89453,67.7927],[-150.89919,67.79302]]]},"properties":{"cell":"890d56086bbffff","res":9,"coarsened":false,"count":10,"hv":10,"mp":0,"y0":null,"y1":null,"sp":[[20,5,5,0,null,null],[55,2,2,0,null,null],[13,1,1,0,null,null],[17,1,1,0,null,null],[40,1,1,0,null,null]]}},{"type":"Feature","geometry":{"type":"Polygon","coordinates":[[[-150.90525,67.85118],[-150.90858,67.8498],[-150.90724,67.84811],[-150.90257,67.84779],[-150.89924,67.84916],[-150.90058,67.85086],[-150.90525,67.85118]]]},"properties":{"cell":"890d560b4b3ffff","res":9,"coarsened":false,"count":11,"hv":11,"mp":0,"y0":null,"y1":null,"sp":[[30,4,4,0,null,null],[68,1,1,0,null,null],[18,1,1,0,null,null],[58,1,1,0,null,null],[55,1,1,0,null,null],[80,1,1,0,null,null],[13,1,1,0,null,null],[17,1,1,0,null,null]]}},{"type":"Feature","geometry":{"type":"Polygon","coordinates":[[[-150.8932,67.79101],[-150.89652,67.78963],[-150.89519,67.78794],[-150.89053,67.78762],[-150.88721,67.78899],[-150.88854,67.79069],[-150.8932,67.79101]]]},"properties":{"cell":"890d56086a3ffff","res":9,"coarsened":false,"count":9,"hv":9,"mp":0,"y0":null,"y1":null,"sp":[[55,2,2,0,null,null],[21,1,1,0,null,null],[57,1,1,0,null,null],[68,1,1,0,null,null],[13,1,1,0,null,null],[80,1,1,0,null,null],[20,1,1,0,null,null],[58,1,1,0,null,null]]}},{"type":"Feature","geometry":{"type":"Polygon","coordinates":[[[-150.89124,67.85022],[-150.89457,67.84884],[-150.89324,67.84715],[-150.88857,67.84683],[-150.88523,67.8482],[-150.88657,67.8499],[-150.89124,67.85022]]]},"properties":{"cell":"890d5619b7bffff","res":9,"coarsened":false,"count":39,"hv":39,"mp":0,"y0":null,"y1":null,"sp":[[68,7,7,0,null,null],[18,5,5,0,null,null],[0,5,5,0,null,null],[58,4,4,0,null,null],[80,4,4,0,null,null],[13,3,3,0,null,null],[65,2,2,0,null,null],[105,2,2,0,null,null],[91,1,1,0,null,null],[20,1,1,0,null,null],[82,1,1,0,null,null],[61,1,1,0,null,null],[17,1,1,0,null,null],[21,1,1,0,null,null],[30,1,1,0,null,null]]}},{"type":"Feature","geometry":{"type":"Polygon","coordinates":[[[-150.85314,67.9086],[-150.93271,67.89157],[-150.93729,67.85818],[-150.86256,67.84184],[-150.78314,67.85883],[-150.77832,67.8922],[-150.85314,67.9086]]]},"properties":{"cell":"860d5619fffffff","res":6,"coarsened":true,"count":7,"hv":7,"mp":0,"y0":null,"y1":null,"sp":[[79,7,7,0,null,null]]}},{"type":"Feature","geometry":{"type":"Polygon","coordinates":[[[-150.88118,67.45079],[-150.88446,67.44942],[-150.88315,67.44773],[-150.87856,67.44741],[-150.87529,67.44879],[-150.8766,67.45047],[-150.88118,67.45079]]]},"properties":{"cell":"890d566769bffff","res":9,"coarsened":false,"count":4,"hv":4,"mp":0,"y0":null,"y1":null,"sp":[[80,3,3,0,null,null],[18,1,1,0,null,null]]}},{"type":"Feature","geometry":{"type":"Polygon","coordinates":[[[-150.88521,67.79206],[-150.88854,67.79069],[-150.88721,67.78899],[-150.88255,67.78867],[-150.87923,67.79005],[-150.88056,67.79174],[-150.88521,67.79206]]]},"properties":{"cell":"890d56086b7ffff","res":9,"coarsened":false,"count":10,"hv":10,"mp":0,"y0":null,"y1":null,"sp":[[80,2,2,0,null,null],[13,2,2,0,null,null],[55,2,2,0,null,null],[18,1,1,0,null,null],[58,1,1,0,null,null],[86,1,1,0,null,null],[20,1,1,0,null,null]]}},{"type":"Feature","geometry":{"type":"Polygon","coordinates":[[[-150.88123,67.84312],[-150.88456,67.84174],[-150.88323,67.84004],[-150.87856,67.83972],[-150.87523,67.8411],[-150.87656,67.8428],[-150.88123,67.84312]]]},"properties":{"cell":"890d560b59bffff","res":9,"coarsened":false,"count":18,"hv":18,"mp":0,"y0":null,"y1":null,"sp":[[20,4,4,0,null,null],[55,3,3,0,null,null],[19,2,2,0,null,null],[13,2,2,0,null,null],[80,2,2,0,null,null],[58,2,2,0,null,null],[17,1,1,0,null,null],[3,1,1,0,null,null],[40,1,1,0,null,null]]}},{"type":"Feature","geometry":{"type":"Polygon","coordinates":[[[-150.88323,67.85128],[-150.88657,67.8499],[-150.88523,67.8482],[-150.88056,67.84788],[-150.87723,67.84926],[-150.87856,67.85096],[-150.88323,67.85128]]]},"properties":{"cell":"890d5619b73ffff","res":9,"coarsened":false,"count":52,"hv":52,"mp":0,"y0":null,"y1":null,"sp":[[18,9,9,0,null,null],[58,6,6,0,null,null],[0,6,6,0,null,null],[68,4,4,0,null,null],[105,3,3,0,null,null],[91,3,3,0,null,null],[20,3,3,0,null,null],[80,3,3,0,null,null],[76,2,2,0,null,null],[65,2,2,0,null,null],[55,2,2,0,null,null],[13,2,2,0,null,null],[40,2,2,0,null,null],[19,1,1,0,null,null],[61,1,1,0,null,null],[17,1,1,0,null,null],[86,1,1,0,null,null],[21,1,1,0,null,null]]}},{"type":"Feature","geometry":{"type":"Polygon","coordinates":[[[-150.87523,67.85233],[-150.87856,67.85096],[-150.87723,67.84926],[-150.87256,67.84894],[-150.86922,67.85032],[-150.87056,67.85201],[-150.87523,67.85233]]]},"properties":{"cell":"890d5619b0fffff","res":9,"coarsened":false,"count":19,"hv":19,"mp":0,"y0":null,"y1":null,"sp":[[0,4,4,0,null,null],[18,3,3,0,null,null],[40,2,2,0,null,null],[55,2,2,0,null,null],[68,2,2,0,null,null],[20,2,2,0,null,null],[21,1,1,0,null,null],[13,1,1,0,null,null],[80,1,1,0,null,null],[125,1,1,0,null,null]]}},{"type":"Feature","geometry":{"type":"Polygon","coordinates":[[[-150.85174,67.44077],[-150.85501,67.43939],[-150.85371,67.43771],[-150.84913,67.43739],[-150.84586,67.43876],[-150.84716,67.44045],[-150.85174,67.44077]]]},"properties":{"cell":"890d566746bffff","res":9,"coarsened":false,"count":23,"hv":23,"mp":0,"y0":null,"y1":null,"sp":[[18,8,8,0,null,null],[0,3,3,0,null,null],[13,3,3,0,null,null],[22,2,2,0,null,null],[68,2,2,0,null,null],[76,2,2,0,null,null],[80,1,1,0,null,null],[105,1,1,0,null,null],[55,1,1,0,null,null]]}},{"type":"Feature","geometry":{"type":"Polygon","coordinates":[[[-150.85173,67.45195],[-150.855,67.45058],[-150.85369,67.44889],[-150.84911,67.44858],[-150.84584,67.44995],[-150.84714,67.45164],[-150.85173,67.45195]]]},"properties":{"cell":"890d5667453ffff","res":9,"coarsened":false,"count":9,"hv":9,"mp":0,"y0":null,"y1":null,"sp":[[105,5,5,0,null,null],[20,1,1,0,null,null],[59,1,1,0,null,null],[18,1,1,0,null,null],[4,1,1,0,null,null]]}},{"type":"Feature","geometry":{"type":"Polygon","coordinates":[[[-150.84389,67.44182],[-150.84716,67.44045],[-150.84586,67.43876],[-150.84128,67.43844],[-150.838,67.43982],[-150.83931,67.44151],[-150.84389,67.44182]]]},"properties":{"cell":"890d5667463ffff","res":9,"coarsened":false,"count":19,"hv":19,"mp":0,"y0":null,"y1":null,"sp":[[80,5,5,0,null,null],[18,4,4,0,null,null],[0,2,2,0,null,null],[55,2,2,0,null,null],[65,2,2,0,null,null],[20,2,2,0,null,null],[13,1,1,0,null,null],[68,1,1,0,null,null]]}},{"type":"Feature","geometry":{"type":"Polygon","coordinates":[[[-150.82823,67.42156],[-150.83151,67.42019],[-150.8302,67.4185],[-150.82563,67.41819],[-150.82236,67.41956],[-150.82366,67.42124],[-150.82823,67.42156]]]},"properties":{"cell":"890d5667037ffff","res":9,"coarsened":false,"count":12,"hv":12,"mp":0,"y0":null,"y1":null,"sp":[[18,3,3,0,null,null],[55,2,2,0,null,null],[0,1,1,0,null,null],[86,1,1,0,null,null],[30,1,1,0,null,null],[13,1,1,0,null,null],[65,1,1,0,null,null],[80,1,1,0,null,null],[61,1,1,0,null,null]]}},{"type":"Feature","geometry":{"type":"Polygon","coordinates":[[[-150.83015,67.44087],[-150.83342,67.4395],[-150.83212,67.43781],[-150.82754,67.43749],[-150.82427,67.43887],[-150.82557,67.44055],[-150.83015,67.44087]]]},"properties":{"cell":"890d566742bffff","res":9,"coarsened":false,"count":30,"hv":30,"mp":0,"y0":null,"y1":null,"sp":[[105,12,12,0,null,null],[80,3,3,0,null,null],[55,3,3,0,null,null],[68,3,3,0,null,null],[18,2,2,0,null,null],[65,2,2,0,null,null],[0,2,2,0,null,null],[86,2,2,0,null,null],[59,1,1,0,null,null]]}},{"type":"Feature","geometry":{"type":"Polygon","coordinates":[[[-150.83013,67.45206],[-150.8334,67.45069],[-150.8321,67.449],[-150.82752,67.44868],[-150.82424,67.45005],[-150.82554,67.45174],[-150.83013,67.45206]]]},"properties":{"cell":"890d5667413ffff","res":9,"coarsened":false,"count":14,"hv":14,"mp":0,"y0":null,"y1":null,"sp":[[105,3,3,0,null,null],[86,3,3,0,null,null],[80,3,3,0,null,null],[55,1,1,0,null,null],[34,1,1,0,null,null],[20,1,1,0,null,null],[18,1,1,0,null,null],[21,1,1,0,null,null]]}},{"type":"Feature","geometry":{"type":"Polygon","coordinates":[[[-150.82039,67.42262],[-150.82366,67.42124],[-150.82236,67.41956],[-150.81778,67.41924],[-150.81451,67.42061],[-150.81581,67.4223],[-150.82039,67.42262]]]},"properties":{"cell":"890d56671dbffff","res":9,"coarsened":false,"count":22,"hv":22,"mp":0,"y0":null,"y1":null,"sp":[[105,6,6,0,null,null],[55,5,5,0,null,null],[18,5,5,0,null,null],[59,1,1,0,null,null],[86,1,1,0,null,null],[13,1,1,0,null,null],[76,1,1,0,null,null],[20,1,1,0,null,null],[92,1,1,0,null,null]]}},{"type":"Feature","geometry":{"type":"Polygon","coordinates":[[[-150.8223,67.44193],[-150.82557,67.44055],[-150.82427,67.43887],[-150.81969,67.43855],[-150.81642,67.43992],[-150.81772,67.44161],[-150.8223,67.44193]]]},"properties":{"cell":"890d5667423ffff","res":9,"coarsened":false,"count":24,"hv":24,"mp":0,"y0":null,"y1":null,"sp":[[18,6,6,0,null,null],[55,3,3,0,null,null],[68,3,3,0,null,null],[80,2,2,0,null,null],[0,2,2,0,null,null],[65,2,2,0,null,null],[91,2,2,0,null,null],[20,1,1,0,null,null],[13,1,1,0,null,null],[105,1,1,0,null,null],[21,1,1,0,null,null]]}},{"type":"Feature","geometry":{"type":"Polygon","coordinates":[[[-150.79882,67.42272],[-150.80209,67.42135],[-150.80079,67.41966],[-150.79622,67.41934],[-150.79295,67.42071],[-150.79425,67.4224],[-150.79882,67.42272]]]},"properties":{"cell":"890d566719bffff","res":9,"coarsened":false,"count":20,"hv":20,"mp":0,"y0":null,"y1":null,"sp":[[18,5,5,0,null,null],[80,5,5,0,null,null],[105,4,4,0,null,null],[59,2,2,0,null,null],[22,1,1,0,null,null],[13,1,1,0,null,null],[76,1,1,0,null,null],[55,1,1,0,null,null]]}},{"type":"Feature","geometry":{"type":"Polygon","coordinates":[[[-150.79111,67.39023],[-150.79438,67.38886],[-150.79308,67.38717],[-150.78852,67.38685],[-150.78525,67.38822],[-150.78654,67.38991],[-150.79111,67.39023]]]},"properties":{"cell":"890d56646a7ffff","res":9,"coarsened":false,"count":16,"hv":16,"mp":0,"y0":null,"y1":null,"sp":[[55,4,4,0,null,null],[18,4,4,0,null,null],[30,3,3,0,null,null],[105,2,2,0,null,null],[122,1,1,0,null,null],[86,1,1,0,null,null],[13,1,1,0,null,null]]}},{"type":"Feature","geometry":{"type":"Polygon","coordinates":[[[-150.79286,67.44308],[-150.79613,67.44171],[-150.79483,67.44002],[-150.79025,67.4397],[-150.78698,67.44107],[-150.78828,67.44276],[-150.79286,67.44308]]]},"properties":{"cell":"890d56675d7ffff","res":9,"coarsened":false,"count":7,"hv":7,"mp":0,"y0":null,"y1":null,"sp":[[55,2,2,0,null,null],[18,2,2,0,null,null],[73,1,1,0,null,null],[13,1,1,0,null,null],[80,1,1,0,null,null]]}},{"type":"Feature","geometry":{"type":"Polygon","coordinates":[[[-150.78328,67.39128],[-150.78654,67.38991],[-150.78525,67.38822],[-150.78068,67.3879],[-150.77741,67.38927],[-150.77871,67.39096],[-150.78328,67.39128]]]},"properties":{"cell":"890d566446bffff","res":9,"coarsened":false,"count":18,"hv":18,"mp":0,"y0":null,"y1":null,"sp":[[105,5,5,0,null,null],[55,4,4,0,null,null],[18,3,3,0,null,null],[4,2,2,0,null,null],[80,2,2,0,null,null],[20,1,1,0,null,null],[30,1,1,0,null,null]]}},{"type":"Feature","geometry":{"type":"Polygon","coordinates":[[[-150.7851,67.42176],[-150.78837,67.42039],[-150.78707,67.4187],[-150.7825,67.41839],[-150.77923,67.41976],[-150.78053,67.42144],[-150.7851,67.42176]]]},"properties":{"cell":"890d5667197ffff","res":9,"coarsened":false,"count":18,"hv":18,"mp":0,"y0":null,"y1":null,"sp":[[105,4,4,0,null,null],[20,4,4,0,null,null],[55,4,4,0,null,null],[80,2,2,0,null,null],[21,2,2,0,null,null],[86,1,1,0,null,null],[18,1,1,0,null,null]]}},{"type":"Feature","geometry":{"type":"Polygon","coordinates":[[[-150.76174,67.39138],[-150.76501,67.39001],[-150.76372,67.38832],[-150.75915,67.388],[-150.75588,67.38937],[-150.75718,67.39106],[-150.76174,67.39138]]]},"properties":{"cell":"890d566442bffff","res":9,"coarsened":false,"count":21,"hv":21,"mp":0,"y0":null,"y1":null,"sp":[[105,4,4,0,null,null],[80,3,3,0,null,null],[20,2,2,0,null,null],[18,2,2,0,null,null],[55,2,2,0,null,null],[4,2,2,0,null,null],[3,2,2,0,null,null],[7,1,1,0,null,null],[59,1,1,0,null,null],[65,1,1,0,null,null],[86,1,1,0,null,null]]}},{"type":"Feature","geometry":{"type":"Polygon","coordinates":[[[-150.75029,67.34266],[-150.75355,67.34129],[-150.75226,67.3396],[-150.74771,67.33928],[-150.74444,67.34065],[-150.74574,67.34234],[-150.75029,67.34266]]]},"properties":{"cell":"890d5664e03ffff","res":9,"coarsened":false,"count":2,"hv":2,"mp":0,"y0":null,"y1":null,"sp":[[18,2,2,0,null,null]]}},{"type":"Feature","geometry":{"type":"Polygon","coordinates":[[[-150.7522,67.35078],[-150.75546,67.34941],[-150.75417,67.34772],[-150.74961,67.3474],[-150.74635,67.34877],[-150.74764,67.35046],[-150.7522,67.35078]]]},"properties":{"cell":"890d5664ed7ffff","res":9,"coarsened":false,"count":25,"hv":25,"mp":0,"y0":null,"y1":null,"sp":[[105,5,5,0,null,null],[68,4,4,0,null,null],[18,4,4,0,null,null],[13,3,3,0,null,null],[76,2,2,0,null,null],[0,2,2,0,null,null],[58,1,1,0,null,null],[20,1,1,0,null,null],[55,1,1,0,null,null],[22,1,1,0,null,null],[100,1,1,0,null,null]]}},{"type":"Feature","geometry":{"type":"Polygon","coordinates":[[[-151.02527,67.55178],[-151.02855,67.5504],[-151.02722,67.54871],[-151.02261,67.5484],[-151.01933,67.54978],[-151.02066,67.55147],[-151.02527,67.55178]]]},"properties":{"cell":"890d567196fffff","res":9,"coarsened":false,"count":8,"hv":8,"mp":0,"y0":null,"y1":null,"sp":[[18,2,2,0,null,null],[20,2,2,0,null,null],[55,2,2,0,null,null],[76,1,1,0,null,null],[86,1,1,0,null,null]]}},{"type":"Feature","geometry":{"type":"Polygon","coordinates":[[[-151.02377,67.62208],[-151.02707,67.6207],[-151.02573,67.61901],[-151.02111,67.6187],[-151.01782,67.62008],[-151.01915,67.62177],[-151.02377,67.62208]]]},"properties":{"cell":"890d5670213ffff","res":9,"coarsened":false,"count":4,"hv":4,"mp":0,"y0":null,"y1":null,"sp":[[55,2,2,0,null,null],[86,1,1,0,null,null],[20,1,1,0,null,null]]}},{"type":"Feature","geometry":{"type":"Polygon","coordinates":[[[-152.24627,67.89702],[-152.32499,67.87928],[-152.32738,67.84579],[-152.25128,67.83005],[-152.1727,67.84775],[-152.17007,67.88123],[-152.24627,67.89702]]]},"properties":{"cell":"860c25947ffffff","res":6,"coarsened":true,"count":1,"hv":1,"mp":0,"y0":null,"y1":null,"sp":[[79,1,1,0,null,null]]}},{"type":"Feature","geometry":{"type":"Polygon","coordinates":[[[-152.26858,67.596],[-152.34617,67.57826],[-152.34849,67.54486],[-152.27345,67.52922],[-152.19599,67.54691],[-152.19344,67.5803],[-152.26858,67.596]]]},"properties":{"cell":"860c25bafffffff","res":6,"coarsened":true,"count":3,"hv":3,"mp":0,"y0":null,"y1":null,"sp":[[79,3,3,0,null,null]]}},{"type":"Feature","geometry":{"type":"Polygon","coordinates":[[[-151.01201,67.64049],[-151.0153,67.63911],[-151.01397,67.63742],[-151.00934,67.63711],[-151.00605,67.63848],[-151.00738,67.64018],[-151.01201,67.64049]]]},"properties":{"cell":"890d5670603ffff","res":9,"coarsened":false,"count":14,"hv":14,"mp":0,"y0":null,"y1":null,"sp":[[58,3,3,0,null,null],[55,3,3,0,null,null],[80,2,2,0,null,null],[13,2,2,0,null,null],[18,2,2,0,null,null],[59,1,1,0,null,null],[20,1,1,0,null,null]]}},{"type":"Feature","geometry":{"type":"Polygon","coordinates":[[[-151.01215,67.66292],[-151.01545,67.66154],[-151.01411,67.65985],[-151.00948,67.65953],[-151.00618,67.66091],[-151.00752,67.6626],[-151.01215,67.66292]]]},"properties":{"cell":"890d5673157ffff","res":9,"coarsened":false,"count":8,"hv":8,"mp":0,"y0":null,"y1":null,"sp":[[55,3,3,0,null,null],[20,2,2,0,null,null],[18,1,1,0,null,null],[80,1,1,0,null,null],[61,1,1,0,null,null]]}},{"type":"Feature","geometry":{"type":"Polygon","coordinates":[[[-150.90717,67.79196],[-150.91049,67.79059],[-150.90916,67.78889],[-150.9045,67.78857],[-150.90118,67.78995],[-150.90251,67.79164],[-150.90717,67.79196]]]},"properties":{"cell":"890d5608617ffff","res":9,"coarsened":false,"count":11,"hv":11,"mp":0,"y0":null,"y1":null,"sp":[[40,3,3,0,null,null],[20,3,3,0,null,null],[18,1,1,0,null,null],[80,1,1,0,null,null],[58,1,1,0,null,null],[13,1,1,0,null,null],[17,1,1,0,null,null]]}},{"type":"Feature","geometry":{"type":"Polygon","coordinates":[[[-150.90324,67.84302],[-150.90657,67.84164],[-150.90523,67.83995],[-150.90056,67.83963],[-150.89723,67.841],[-150.89857,67.8427],[-150.90324,67.84302]]]},"properties":{"cell":"890d560b5dbffff","res":9,"coarsened":false,"count":7,"hv":7,"mp":0,"y0":null,"y1":null,"sp":[[58,2,2,0,null,null],[80,1,1,0,null,null],[68,1,1,0,null,null],[19,1,1,0,null,null],[17,1,1,0,null,null],[13,1,1,0,null,null]]}},{"type":"Feature","geometry":{"type":"Polygon","coordinates":[[[-150.87333,67.45185],[-150.8766,67.45047],[-150.87529,67.44879],[-150.87071,67.44847],[-150.86744,67.44984],[-150.86875,67.45153],[-150.87333,67.45185]]]},"properties":{"cell":"890d5667693ffff","res":9,"coarsened":false,"count":5,"hv":5,"mp":0,"y0":null,"y1":null,"sp":[[105,2,2,0,null,null],[17,1,1,0,null,null],[20,1,1,0,null,null],[61,1,1,0,null,null]]}},{"type":"Feature","geometry":{"type":"Polygon","coordinates":[[[-150.83993,67.45913],[-150.91783,67.44212],[-150.92234,67.40888],[-150.84919,67.39266],[-150.77144,67.40963],[-150.76669,67.44286],[-150.83993,67.45913]]]},"properties":{"cell":"860d56677ffffff","res":6,"coarsened":true,"count":8,"hv":8,"mp":0,"y0":null,"y1":null,"sp":[[79,8,8,0,null,null]]}},{"type":"Feature","geometry":{"type":"Polygon","coordinates":[[[-150.82227,67.45311],[-150.82554,67.45174],[-150.82424,67.45005],[-150.81966,67.44973],[-150.81638,67.45111],[-150.81769,67.45279],[-150.82227,67.45311]]]},"properties":{"cell":"890d566748fffff","res":9,"coarsened":false,"count":7,"hv":7,"mp":0,"y0":null,"y1":null,"sp":[[20,3,3,0,null,null],[55,2,2,0,null,null],[105,2,2,0,null,null]]}},{"type":"Feature","geometry":{"type":"Polygon","coordinates":[[[-150.81261,67.4013],[-150.81588,67.39993],[-150.81458,67.39825],[-150.81001,67.39793],[-150.80674,67.3993],[-150.80804,67.40099],[-150.81261,67.4013]]]},"properties":{"cell":"890d566469bffff","res":9,"coarsened":false,"count":11,"hv":11,"mp":0,"y0":null,"y1":null,"sp":[[105,4,4,0,null,null],[13,3,3,0,null,null],[18,2,2,0,null,null],[55,1,1,0,null,null],[122,1,1,0,null,null]]}},{"type":"Feature","geometry":{"type":"Polygon","coordinates":[[[-150.80067,67.45321],[-150.80395,67.45184],[-150.80264,67.45015],[-150.79806,67.44983],[-150.79479,67.45121],[-150.79609,67.45289],[-150.80067,67.45321]]]},"properties":{"cell":"890d5675b4fffff","res":9,"coarsened":false,"count":11,"hv":11,"mp":0,"y0":null,"y1":null,"sp":[[18,4,4,0,null,null],[80,3,3,0,null,null],[55,1,1,0,null,null],[17,1,1,0,null,null],[105,1,1,0,null,null],[39,1,1,0,null,null]]}},{"type":"Feature","geometry":{"type":"Polygon","coordinates":[[[-150.79295,67.42071],[-150.79622,67.41934],[-150.79492,67.41765],[-150.79035,67.41733],[-150.78707,67.4187],[-150.78837,67.42039],[-150.79295,67.42071]]]},"properties":{"cell":"890d5667183ffff","res":9,"coarsened":false,"count":11,"hv":11,"mp":0,"y0":null,"y1":null,"sp":[[105,3,3,0,null,null],[18,3,3,0,null,null],[80,2,2,0,null,null],[30,2,2,0,null,null],[55,1,1,0,null,null]]}},{"type":"Feature","geometry":{"type":"Polygon","coordinates":[[[-150.77912,67.44212],[-150.7824,67.44075],[-150.7811,67.43906],[-150.77652,67.43875],[-150.77325,67.44012],[-150.77455,67.44181],[-150.77912,67.44212]]]},"properties":{"cell":"890d5667583ffff","res":9,"coarsened":false,"count":13,"hv":13,"mp":0,"y0":null,"y1":null,"sp":[[105,3,3,0,null,null],[80,3,3,0,null,null],[55,2,2,0,null,null],[18,2,2,0,null,null],[3,1,1,0,null,null],[20,1,1,0,null,null],[59,1,1,0,null,null]]}},{"type":"Feature","geometry":{"type":"Polygon","coordinates":[[[-150.76958,67.39032],[-150.77285,67.38895],[-150.77155,67.38727],[-150.76699,67.38695],[-150.76372,67.38832],[-150.76501,67.39001],[-150.76958,67.39032]]]},"properties":{"cell":"890d5664467ffff","res":9,"coarsened":false,"count":16,"hv":16,"mp":0,"y0":null,"y1":null,"sp":[[105,5,5,0,null,null],[13,3,3,0,null,null],[7,2,2,0,null,null],[3,1,1,0,null,null],[22,1,1,0,null,null],[55,1,1,0,null,null],[59,1,1,0,null,null],[4,1,1,0,null,null],[20,1,1,0,null,null]]}},{"type":"Feature","geometry":{"type":"Polygon","coordinates":[[[-150.99977,67.58044],[-151.00306,67.57907],[-151.00173,67.57738],[-150.99712,67.57706],[-150.99383,67.57844],[-150.99516,67.58013],[-150.99977,67.58044]]]},"properties":{"cell":"890d5671d0fffff","res":9,"coarsened":false,"count":5,"hv":5,"mp":0,"y0":null,"y1":null,"sp":[[80,3,3,0,null,null],[18,1,1,0,null,null],[86,1,1,0,null,null]]}},{"type":"Feature","geometry":{"type":"Polygon","coordinates":[[[-150.96187,67.49309],[-150.96515,67.49172],[-150.96383,67.49003],[-150.95924,67.48971],[-150.95596,67.49109],[-150.95728,67.49278],[-150.96187,67.49309]]]},"properties":{"cell":"890d5662e1bffff","res":9,"coarsened":false,"count":14,"hv":14,"mp":0,"y0":null,"y1":null,"sp":[[18,5,5,0,null,null],[55,3,3,0,null,null],[20,2,2,0,null,null],[58,1,1,0,null,null],[80,1,1,0,null,null],[86,1,1,0,null,null],[22,1,1,0,null,null]]}},{"type":"Feature","geometry":{"type":"Polygon","coordinates":[[[-150.97792,67.55816],[-151.05611,67.54108],[-151.06043,67.50779],[-150.9868,67.4916],[-150.90876,67.50864],[-150.9042,67.54191],[-150.97792,67.55816]]]},"properties":{"cell":"860d56627ffffff","res":6,"coarsened":true,"count":7,"hv":7,"mp":0,"y0":null,"y1":null,"sp":[[79,7,7,0,null,null]]}},{"type":"Feature","geometry":{"type":"Polygon","coordinates":[[[-150.80071,67.44203],[-150.80399,67.44066],[-150.80268,67.43897],[-150.79811,67.43865],[-150.79483,67.44002],[-150.79613,67.44171],[-150.80071,67.44203]]]},"properties":{"cell":"890d56675c3ffff","res":9,"coarsened":false,"count":5,"hv":5,"mp":0,"y0":null,"y1":null,"sp":[[55,2,2,0,null,null],[18,2,2,0,null,null],[21,1,1,0,null,null]]}},{"type":"Feature","geometry":{"type":"Polygon","coordinates":[[[-150.7618,67.3802],[-150.76507,67.37883],[-150.76378,67.37714],[-150.75921,67.37682],[-150.75595,67.37819],[-150.75724,67.37988],[-150.7618,67.3802]]]},"properties":{"cell":"890d56640bbffff","res":9,"coarsened":false,"count":12,"hv":12,"mp":0,"y0":null,"y1":null,"sp":[[18,4,4,0,null,null],[55,2,2,0,null,null],[86,2,2,0,null,null],[58,2,2,0,null,null],[13,2,2,0,null,null]]}},{"type":"Feature","geometry":{"type":"Polygon","coordinates":[[[-150.72881,67.34275],[-150.73207,67.34138],[-150.73078,67.3397],[-150.72623,67.33938],[-150.72296,67.34075],[-150.72425,67.34243],[-150.72881,67.34275]]]},"properties":{"cell":"890d5664ea3ffff","res":9,"coarsened":false,"count":10,"hv":10,"mp":0,"y0":null,"y1":null,"sp":[[55,6,6,0,null,null],[105,3,3,0,null,null],[22,1,1,0,null,null]]}},{"type":"Feature","geometry":{"type":"Polygon","coordinates":[[[-151.04743,67.60768],[-151.12576,67.59056],[-151.12998,67.55725],[-151.05611,67.54108],[-150.97792,67.55816],[-150.97347,67.59145],[-151.04743,67.60768]]]},"properties":{"cell":"860d5671fffffff","res":6,"coarsened":true,"count":2,"hv":2,"mp":0,"y0":null,"y1":null,"sp":[[79,2,2,0,null,null]]}},{"type":"Feature","geometry":{"type":"Polygon","coordinates":[[[-150.89917,67.7818],[-150.9025,67.78042],[-150.90117,67.77872],[-150.89651,67.77841],[-150.89319,67.77978],[-150.89452,67.78148],[-150.89917,67.7818]]]},"properties":{"cell":"890d5608627ffff","res":9,"coarsened":false,"count":15,"hv":15,"mp":0,"y0":null,"y1":null,"sp":[[18,4,4,0,null,null],[40,2,2,0,null,null],[13,2,2,0,null,null],[80,1,1,0,null,null],[21,1,1,0,null,null],[86,1,1,0,null,null],[20,1,1,0,null,null],[55,1,1,0,null,null],[30,1,1,0,null,null],[68,1,1,0,null,null]]}},{"type":"Feature","geometry":{"type":"Polygon","coordinates":[[[-150.7307,67.35087],[-150.73397,67.3495],[-150.73268,67.34781],[-150.72812,67.3475],[-150.72486,67.34886],[-150.72615,67.35055],[-150.7307,67.35087]]]},"properties":{"cell":"890d5664e97ffff","res":9,"coarsened":false,"count":4,"hv":4,"mp":0,"y0":null,"y1":null,"sp":[[80,1,1,0,null,null],[18,1,1,0,null,null],[55,1,1,0,null,null],[59,1,1,0,null,null]]}},{"type":"Feature","geometry":{"type":"Polygon","coordinates":[[[-150.90876,67.50864],[-150.9868,67.4916],[-150.99121,67.45833],[-150.91783,67.44212],[-150.83993,67.45913],[-150.83528,67.49238],[-150.90876,67.50864]]]},"properties":{"cell":"860d5662fffffff","res":6,"coarsened":true,"count":2,"hv":2,"mp":0,"y0":null,"y1":null,"sp":[[79,2,2,0,null,null]]}},{"type":"Feature","geometry":{"type":"Polygon","coordinates":[[[-150.83798,67.451],[-150.84126,67.44963],[-150.83995,67.44794],[-150.83537,67.44763],[-150.8321,67.449],[-150.8334,67.45069],[-150.83798,67.451]]]},"properties":{"cell":"890d566741bffff","res":9,"coarsened":false,"count":6,"hv":6,"mp":0,"y0":null,"y1":null,"sp":[[86,2,2,0,null,null],[59,1,1,0,null,null],[13,1,1,0,null,null],[80,1,1,0,null,null],[55,1,1,0,null,null]]}},{"type":"Feature","geometry":{"type":"Polygon","coordinates":[[[-152.11575,67.59796],[-152.19344,67.5803],[-152.19599,67.54691],[-152.1211,67.5312],[-152.04355,67.54882],[-152.04075,67.5822],[-152.11575,67.59796]]]},"properties":{"cell":"860c25b1fffffff","res":6,"coarsened":true,"count":1,"hv":1,"mp":0,"y0":null,"y1":null,"sp":[[79,1,1,0,null,null]]}},{"type":"Feature","geometry":{"type":"Polygon","coordinates":[[[-150.8912,67.78285],[-150.89452,67.78148],[-150.89319,67.77978],[-150.88853,67.77946],[-150.88521,67.78084],[-150.88654,67.78253],[-150.8912,67.78285]]]},"properties":{"cell":"890d56080cbffff","res":9,"coarsened":false,"count":8,"hv":8,"mp":0,"y0":null,"y1":null,"sp":[[13,2,2,0,null,null],[18,2,2,0,null,null],[17,1,1,0,null,null],[40,1,1,0,null,null],[21,1,1,0,null,null],[122,1,1,0,null,null]]}},{"type":"Feature","geometry":{"type":"Polygon","coordinates":[[[-150.86724,67.80847],[-150.94642,67.79144],[-150.95096,67.75808],[-150.87657,67.74177],[-150.79754,67.75877],[-150.79276,67.79211],[-150.86724,67.80847]]]},"properties":{"cell":"860d56087ffffff","res":6,"coarsened":true,"count":4,"hv":4,"mp":0,"y0":null,"y1":null,"sp":[[79,4,4,0,null,null]]}},{"type":"Feature","geometry":{"type":"Polygon","coordinates":[[[-156.32032,67.86124],[-156.32334,67.85975],[-156.32154,67.85809],[-156.31673,67.85793],[-156.31371,67.85942],[-156.3155,67.86108],[-156.32032,67.86124]]]},"properties":{"cell":"890c247b04fffff","res":9,"coarsened":false,"count":8,"hv":8,"mp":0,"y0":null,"y1":null,"sp":[[80,3,3,0,null,null],[20,1,1,0,null,null],[18,1,1,0,null,null],[21,1,1,0,null,null],[55,1,1,0,null,null],[86,1,1,0,null,null]]}},{"type":"Feature","geometry":{"type":"Polygon","coordinates":[[[-156.25297,67.79026],[-156.25599,67.78877],[-156.2542,67.78711],[-156.2494,67.78695],[-156.24639,67.78844],[-156.24817,67.7901],[-156.25297,67.79026]]]},"properties":{"cell":"890c2479cb3ffff","res":9,"coarsened":false,"count":2,"hv":2,"mp":0,"y0":null,"y1":null,"sp":[[18,2,2,0,null,null]]}},{"type":"Feature","geometry":{"type":"Polygon","coordinates":[[[-155.31424,67.6513],[-155.31729,67.64983],[-155.3156,67.64817],[-155.31085,67.64797],[-155.3078,67.64945],[-155.30949,67.65111],[-155.31424,67.6513]]]},"properties":{"cell":"890c2429e67ffff","res":9,"coarsened":false,"count":5,"hv":5,"mp":0,"y0":null,"y1":null,"sp":[[20,2,2,0,null,null],[55,1,1,0,null,null],[58,1,1,0,null,null],[80,1,1,0,null,null]]}},{"type":"Feature","geometry":{"type":"Polygon","coordinates":[[[-155.73942,67.69187],[-155.74246,67.69039],[-155.74072,67.68873],[-155.73596,67.68855],[-155.73293,67.69003],[-155.73466,67.69169],[-155.73942,67.69187]]]},"properties":{"cell":"890c2460dbbffff","res":9,"coarsened":false,"count":2,"hv":2,"mp":0,"y0":null,"y1":null,"sp":[[13,1,1,0,null,null],[18,1,1,0,null,null]]}},{"type":"Feature","geometry":{"type":"Polygon","coordinates":[[[-155.46338,67.64132],[-155.46642,67.63985],[-155.46471,67.63819],[-155.45997,67.638],[-155.45692,67.63948],[-155.45863,67.64114],[-155.46338,67.64132]]]},"properties":{"cell":"890c2466a83ffff","res":9,"coarsened":false,"count":10,"hv":10,"mp":0,"y0":null,"y1":null,"sp":[[105,4,4,0,null,null],[58,3,3,0,null,null],[80,2,2,0,null,null],[17,1,1,0,null,null]]}},{"type":"Feature","geometry":{"type":"Polygon","coordinates":[[[-155.31016,67.6607],[-155.31322,67.65923],[-155.31152,67.65757],[-155.30677,67.65738],[-155.30372,67.65885],[-155.30541,67.66051],[-155.31016,67.6607]]]},"properties":{"cell":"890c2429e03ffff","res":9,"coarsened":false,"count":8,"hv":8,"mp":0,"y0":null,"y1":null,"sp":[[55,3,3,0,null,null],[86,2,2,0,null,null],[13,1,1,0,null,null],[80,1,1,0,null,null],[20,1,1,0,null,null]]}},{"type":"Feature","geometry":{"type":"Polygon","coordinates":[[[-155.08963,66.82235],[-155.09258,66.82089],[-155.09097,66.81924],[-155.08641,66.81905],[-155.08346,66.82051],[-155.08507,66.82216],[-155.08963,66.82235]]]},"properties":{"cell":"890c2032b7bffff","res":9,"coarsened":false,"count":5,"hv":5,"mp":0,"y0":null,"y1":null,"sp":[[105,2,2,0,null,null],[92,1,1,0,null,null],[0,1,1,0,null,null],[80,1,1,0,null,null]]}},{"type":"Feature","geometry":{"type":"Polygon","coordinates":[[[-155.42013,67.67469],[-155.49604,67.65537],[-155.4934,67.62178],[-155.4151,67.60752],[-155.33931,67.6268],[-155.34171,67.66038],[-155.42013,67.67469]]]},"properties":{"cell":"860c2466fffffff","res":6,"coarsened":true,"count":1,"hv":1,"mp":0,"y0":null,"y1":null,"sp":[[79,1,1,0,null,null]]}},{"type":"Feature","geometry":{"type":"Polygon","coordinates":[[[-154.34027,67.04108],[-154.3433,67.03963],[-154.34173,67.03797],[-154.33714,67.03776],[-154.33412,67.0392],[-154.33568,67.04086],[-154.34027,67.04108]]]},"properties":{"cell":"890c20b4b67ffff","res":9,"coarsened":false,"count":7,"hv":7,"mp":0,"y0":null,"y1":null,"sp":[[68,3,3,0,null,null],[18,2,2,0,null,null],[17,1,1,0,null,null],[13,1,1,0,null,null]]}},{"type":"Feature","geometry":{"type":"Polygon","coordinates":[[[-151.01948,67.57218],[-151.02277,67.57081],[-151.02144,67.56912],[-151.01682,67.5688],[-151.01354,67.57018],[-151.01487,67.57187],[-151.01948,67.57218]]]},"properties":{"cell":"890d56719d3ffff","res":9,"coarsened":false,"count":5,"hv":5,"mp":0,"y0":null,"y1":null,"sp":[[18,2,2,0,null,null],[80,1,1,0,null,null],[58,1,1,0,null,null],[20,1,1,0,null,null]]}},{"type":"Feature","geometry":{"type":"Polygon","coordinates":[[[-152.24519,67.91137],[-152.24846,67.90996],[-152.24701,67.90827],[-152.24228,67.90799],[-152.23901,67.9094],[-152.24047,67.91109],[-152.24519,67.91137]]]},"properties":{"cell":"890c2596253ffff","res":9,"coarsened":false,"count":8,"hv":8,"mp":0,"y0":null,"y1":null,"sp":[[30,2,2,0,null,null],[0,2,2,0,null,null],[122,1,1,0,null,null],[18,1,1,0,null,null],[17,1,1,0,null,null],[21,1,1,0,null,null]]}},{"type":"Feature","geometry":{"type":"Polygon","coordinates":[[[-152.15885,67.98313],[-152.16214,67.98172],[-152.16068,67.98003],[-152.15595,67.97974],[-152.15266,67.98115],[-152.15411,67.98284],[-152.15885,67.98313]]]},"properties":{"cell":"890d0b2ce5bffff","res":9,"coarsened":false,"count":10,"hv":10,"mp":0,"y0":null,"y1":null,"sp":[[30,4,4,0,null,null],[0,2,2,0,null,null],[19,1,1,0,null,null],[18,1,1,0,null,null],[122,1,1,0,null,null],[28,1,1,0,null,null]]}},{"type":"Feature","geometry":{"type":"Polygon","coordinates":[[[-150.87523,67.8411],[-150.87856,67.83972],[-150.87723,67.83803],[-150.87256,67.83771],[-150.86923,67.83908],[-150.87056,67.84078],[-150.87523,67.8411]]]},"properties":{"cell":"890d560b583ffff","res":9,"coarsened":false,"count":5,"hv":5,"mp":0,"y0":null,"y1":null,"sp":[[58,2,2,0,null,null],[80,1,1,0,null,null],[40,1,1,0,null,null],[55,1,1,0,null,null]]}},{"type":"Feature","geometry":{"type":"Polygon","coordinates":[[[-152.30167,67.85227],[-152.30493,67.85086],[-152.30348,67.84917],[-152.29876,67.84889],[-152.29551,67.8503],[-152.29696,67.85199],[-152.30167,67.85227]]]},"properties":{"cell":"890c259423bffff","res":9,"coarsened":false,"count":3,"hv":3,"mp":0,"y0":null,"y1":null,"sp":[[105,2,2,0,null,null],[58,1,1,0,null,null]]}},{"type":"Feature","geometry":{"type":"Polygon","coordinates":[[[-151.0413,67.58326],[-151.04459,67.58188],[-151.04326,67.58019],[-151.03864,67.57988],[-151.03536,67.58126],[-151.03669,67.58295],[-151.0413,67.58326]]]},"properties":{"cell":"890d5671883ffff","res":9,"coarsened":false,"count":5,"hv":5,"mp":0,"y0":null,"y1":null,"sp":[[18,2,2,0,null,null],[55,1,1,0,null,null],[80,1,1,0,null,null],[61,1,1,0,null,null]]}},{"type":"Feature","geometry":{"type":"Polygon","coordinates":[[[-151.01158,67.57325],[-151.01487,67.57187],[-151.01354,67.57018],[-151.00893,67.56987],[-151.00564,67.57124],[-151.00697,67.57293],[-151.01158,67.57325]]]},"properties":{"cell":"890d5671d6fffff","res":9,"coarsened":false,"count":4,"hv":4,"mp":0,"y0":null,"y1":null,"sp":[[13,2,2,0,null,null],[18,1,1,0,null,null],[80,1,1,0,null,null]]}},{"type":"Feature","geometry":{"type":"Polygon","coordinates":[[[-151.00349,67.5407],[-151.00677,67.53933],[-151.00544,67.53764],[-151.00084,67.53732],[-150.99756,67.5387],[-150.99888,67.54039],[-151.00349,67.5407]]]},"properties":{"cell":"890d56626a3ffff","res":9,"coarsened":false,"count":6,"hv":6,"mp":0,"y0":null,"y1":null,"sp":[[80,3,3,0,null,null],[55,1,1,0,null,null],[92,1,1,0,null,null],[86,1,1,0,null,null]]}},{"type":"Feature","geometry":{"type":"Polygon","coordinates":[[[-150.96974,67.49203],[-150.97302,67.49066],[-150.9717,67.48897],[-150.9671,67.48865],[-150.96383,67.49003],[-150.96515,67.49172],[-150.96974,67.49203]]]},"properties":{"cell":"890d5662e57ffff","res":9,"coarsened":false,"count":7,"hv":7,"mp":0,"y0":null,"y1":null,"sp":[[75,2,2,0,null,null],[13,2,2,0,null,null],[55,1,1,0,null,null],[20,1,1,0,null,null],[3,1,1,0,null,null]]}},{"type":"Feature","geometry":{"type":"Polygon","coordinates":[[[-150.93233,67.48308],[-150.9356,67.4817],[-150.93429,67.48001],[-150.9297,67.4797],[-150.92642,67.48107],[-150.92774,67.48276],[-150.93233,67.48308]]]},"properties":{"cell":"890d56628cbffff","res":9,"coarsened":false,"count":7,"hv":7,"mp":0,"y0":null,"y1":null,"sp":[[105,3,3,0,null,null],[3,1,1,0,null,null],[55,1,1,0,null,null],[17,1,1,0,null,null],[20,1,1,0,null,null]]}},{"type":"Feature","geometry":{"type":"Polygon","coordinates":[[[-150.74444,67.34065],[-150.74771,67.33928],[-150.74642,67.3376],[-150.74186,67.33728],[-150.7386,67.33865],[-150.73989,67.34033],[-150.74444,67.34065]]]},"properties":{"cell":"890d5664e07ffff","res":9,"coarsened":false,"count":2,"hv":2,"mp":0,"y0":null,"y1":null,"sp":[[105,2,2,0,null,null]]}},{"type":"Feature","geometry":{"type":"Polygon","coordinates":[[[-154.04498,68.36141],[-154.04822,68.35996],[-154.04658,68.35828],[-154.0417,68.35804],[-154.03847,68.35949],[-154.04011,68.36118],[-154.04498,68.36141]]]},"properties":{"cell":"890d0b48b3bffff","res":9,"coarsened":false,"count":9,"hv":9,"mp":0,"y0":null,"y1":null,"sp":[[18,4,4,0,null,null],[0,3,3,0,null,null],[74,1,1,0,null,null],[17,1,1,0,null,null]]}},{"type":"Feature","geometry":{"type":"Polygon","coordinates":[[[-156.021,68.04094],[-156.02407,68.03945],[-156.02228,68.03779],[-156.01743,68.03761],[-156.01437,68.0391],[-156.01615,68.04076],[-156.021,68.04094]]]},"properties":{"cell":"890c244658bffff","res":9,"coarsened":false,"count":5,"hv":5,"mp":0,"y0":null,"y1":null,"sp":[[31,3,3,0,null,null],[28,2,2,0,null,null]]}},{"type":"Feature","geometry":{"type":"Polygon","coordinates":[[[-156.24326,68.15125],[-156.24633,68.14976],[-156.24451,68.14809],[-156.23963,68.14792],[-156.23656,68.14942],[-156.23838,68.15108],[-156.24326,68.15125]]]},"properties":{"cell":"890c24554d7ffff","res":9,"coarsened":false,"count":8,"hv":8,"mp":0,"y0":null,"y1":null,"sp":[[30,3,3,0,null,null],[65,2,2,0,null,null],[28,2,2,0,null,null],[23,1,1,0,null,null]]}},{"type":"Feature","geometry":{"type":"Polygon","coordinates":[[[-155.64214,67.94205],[-155.64522,67.94057],[-155.64347,67.93891],[-155.63865,67.93872],[-155.63558,67.9402],[-155.63732,67.94187],[-155.64214,67.94205]]]},"properties":{"cell":"890c240d293ffff","res":9,"coarsened":false,"count":1,"hv":1,"mp":0,"y0":null,"y1":null,"sp":[[0,1,1,0,null,null]]}},{"type":"Feature","geometry":{"type":"Polygon","coordinates":[[[-156.03556,68.04146],[-156.03862,68.03997],[-156.03684,68.03831],[-156.03199,68.03814],[-156.02892,68.03962],[-156.03071,68.04129],[-156.03556,68.04146]]]},"properties":{"cell":"890c24465c3ffff","res":9,"coarsened":false,"count":7,"hv":7,"mp":0,"y0":null,"y1":null,"sp":[[28,5,5,0,null,null],[65,2,2,0,null,null]]}},{"type":"Feature","geometry":{"type":"Polygon","coordinates":[[[-154.13359,68.20039],[-154.13679,68.19894],[-154.13515,68.19725],[-154.13031,68.19702],[-154.12711,68.19847],[-154.12874,68.20016],[-154.13359,68.20039]]]},"properties":{"cell":"890c24a259bffff","res":9,"coarsened":false,"count":3,"hv":3,"mp":0,"y0":null,"y1":null,"sp":[[13,2,2,0,null,null],[0,1,1,0,null,null]]}},{"type":"Feature","geometry":{"type":"Polygon","coordinates":[[[-154.10807,68.22162],[-154.11128,68.22017],[-154.10964,68.21848],[-154.1048,68.21825],[-154.10159,68.2197],[-154.10323,68.22138],[-154.10807,68.22162]]]},"properties":{"cell":"890c24b0b97ffff","res":9,"coarsened":false,"count":12,"hv":12,"mp":0,"y0":null,"y1":null,"sp":[[0,5,5,0,null,null],[18,3,3,0,null,null],[13,2,2,0,null,null],[30,1,1,0,null,null],[40,1,1,0,null,null]]}},{"type":"Feature","geometry":{"type":"Polygon","coordinates":[[[-154.07425,68.36282],[-154.07748,68.36137],[-154.07584,68.35969],[-154.07096,68.35945],[-154.06773,68.3609],[-154.06937,68.36259],[-154.07425,68.36282]]]},"properties":{"cell":"890d0b48b4fffff","res":9,"coarsened":false,"count":10,"hv":10,"mp":0,"y0":null,"y1":null,"sp":[[18,4,4,0,null,null],[0,2,2,0,null,null],[13,2,2,0,null,null],[65,1,1,0,null,null],[30,1,1,0,null,null]]}},{"type":"Feature","geometry":{"type":"Polygon","coordinates":[[[-154.06322,68.25154],[-154.06643,68.25009],[-154.0648,68.24841],[-154.05995,68.24818],[-154.05673,68.24962],[-154.05837,68.25131],[-154.06322,68.25154]]]},"properties":{"cell":"890c24b0dd7ffff","res":9,"coarsened":false,"count":11,"hv":11,"mp":0,"y0":null,"y1":null,"sp":[[0,3,3,0,null,null],[18,2,2,0,null,null],[21,1,1,0,null,null],[36,1,1,0,null,null],[65,1,1,0,null,null],[103,1,1,0,null,null],[13,1,1,0,null,null],[4,1,1,0,null,null]]}},{"type":"Feature","geometry":{"type":"Polygon","coordinates":[[[-154.05373,68.27034],[-154.05695,68.26889],[-154.05531,68.2672],[-154.05045,68.26697],[-154.04724,68.26842],[-154.04887,68.2701],[-154.05373,68.27034]]]},"properties":{"cell":"890c24b2bc7ffff","res":9,"coarsened":false,"count":7,"hv":7,"mp":0,"y0":null,"y1":null,"sp":[[0,3,3,0,null,null],[4,1,1,0,null,null],[65,1,1,0,null,null],[13,1,1,0,null,null],[18,1,1,0,null,null]]}},{"type":"Feature","geometry":{"type":"Polygon","coordinates":[[[-154.0331,68.31107],[-154.03633,68.30962],[-154.03469,68.30793],[-154.02983,68.3077],[-154.0266,68.30915],[-154.02824,68.31083],[-154.0331,68.31107]]]},"properties":{"cell":"890c24b2c1bffff","res":9,"coarsened":false,"count":19,"hv":19,"mp":0,"y0":null,"y1":null,"sp":[[80,4,4,0,null,null],[0,4,4,0,null,null],[20,2,2,0,null,null],[55,2,2,0,null,null],[18,2,2,0,null,null],[13,2,2,0,null,null],[65,1,1,0,null,null],[30,1,1,0,null,null],[17,1,1,0,null,null]]}},{"type":"Feature","geometry":{"type":"Polygon","coordinates":[[[-153.06867,68.04174],[-153.07191,68.04032],[-153.07038,68.03863],[-153.0656,68.03837],[-153.06236,68.03979],[-153.06389,68.04148],[-153.06867,68.04174]]]},"properties":{"cell":"890d0b6523bffff","res":9,"coarsened":false,"count":10,"hv":10,"mp":0,"y0":null,"y1":null,"sp":[[0,4,4,0,null,null],[30,2,2,0,null,null],[65,1,1,0,null,null],[21,1,1,0,null,null],[19,1,1,0,null,null],[17,1,1,0,null,null]]}},{"type":"Feature","geometry":{"type":"Polygon","coordinates":[[[-153.06065,68.04291],[-153.06389,68.04148],[-153.06236,68.03979],[-153.05759,68.03953],[-153.05434,68.04096],[-153.05588,68.04265],[-153.06065,68.04291]]]},"properties":{"cell":"890d0b65233ffff","res":9,"coarsened":false,"count":12,"hv":12,"mp":0,"y0":null,"y1":null,"sp":[[0,8,8,0,null,null],[111,1,1,0,null,null],[30,1,1,0,null,null],[17,1,1,0,null,null],[100,1,1,0,null,null]]}},{"type":"Feature","geometry":{"type":"Polygon","coordinates":[[[-154.13316,68.17151],[-154.13636,68.17006],[-154.13472,68.16838],[-154.12989,68.16814],[-154.12669,68.1696],[-154.12832,68.17128],[-154.13316,68.17151]]]},"properties":{"cell":"890c24a21bbffff","res":9,"coarsened":false,"count":12,"hv":12,"mp":0,"y0":null,"y1":null,"sp":[[13,8,8,0,null,null],[18,2,2,0,null,null],[17,1,1,0,null,null],[0,1,1,0,null,null]]}},{"type":"Feature","geometry":{"type":"Polygon","coordinates":[[[-154.13245,68.23241],[-154.13565,68.23096],[-154.13401,68.22927],[-154.12917,68.22904],[-154.12596,68.23049],[-154.1276,68.23217],[-154.13245,68.23241]]]},"properties":{"cell":"890c24b0847ffff","res":9,"coarsened":false,"count":8,"hv":8,"mp":0,"y0":null,"y1":null,"sp":[[18,4,4,0,null,null],[13,2,2,0,null,null],[30,1,1,0,null,null],[0,1,1,0,null,null]]}},{"type":"Feature","geometry":{"type":"Polygon","coordinates":[[[-154.03643,68.31925],[-154.11563,68.30059],[-154.11516,68.26687],[-154.03574,68.25182],[-153.95668,68.27044],[-153.95689,68.30415],[-154.03643,68.31925]]]},"properties":{"cell":"860c24b2fffffff","res":6,"coarsened":true,"count":5,"hv":5,"mp":0,"y0":null,"y1":null,"sp":[[79,5,5,0,null,null]]}},{"type":"Feature","geometry":{"type":"Polygon","coordinates":[[[-154.0901,68.33147],[-154.09333,68.33002],[-154.09168,68.32834],[-154.08681,68.3281],[-154.08359,68.32955],[-154.08523,68.33124],[-154.0901,68.33147]]]},"properties":{"cell":"890c24b21dbffff","res":9,"coarsened":false,"count":15,"hv":15,"mp":0,"y0":null,"y1":null,"sp":[[18,4,4,0,null,null],[13,2,2,0,null,null],[80,2,2,0,null,null],[17,2,2,0,null,null],[68,1,1,0,null,null],[0,1,1,0,null,null],[55,1,1,0,null,null],[58,1,1,0,null,null],[30,1,1,0,null,null]]}},{"type":"Feature","geometry":{"type":"Polygon","coordinates":[[[-154.77969,67.19112],[-154.85432,67.17215],[-154.85273,67.13874],[-154.77675,67.12431],[-154.70224,67.14325],[-154.70359,67.17665],[-154.77969,67.19112]]]},"properties":{"cell":"860c20b1fffffff","res":6,"coarsened":true,"count":6,"hv":6,"mp":0,"y0":null,"y1":null,"sp":[[79,6,6,0,null,null]]}},{"type":"Feature","geometry":{"type":"Polygon","coordinates":[[[-154.08236,68.36161],[-154.08559,68.36016],[-154.08395,68.35847],[-154.07907,68.35824],[-154.07584,68.35969],[-154.07748,68.36137],[-154.08236,68.36161]]]},"properties":{"cell":"890c24b24b3ffff","res":9,"coarsened":false,"count":11,"hv":11,"mp":0,"y0":null,"y1":null,"sp":[[13,4,4,0,null,null],[18,3,3,0,null,null],[0,2,2,0,null,null],[4,1,1,0,null,null],[30,1,1,0,null,null]]}},{"type":"Feature","geometry":{"type":"Polygon","coordinates":[[[-152.73001,68.60313],[-152.73336,68.60171],[-152.73181,68.60001],[-152.72691,68.59974],[-152.72356,68.60116],[-152.72511,68.60286],[-152.73001,68.60313]]]},"properties":{"cell":"890d0b1a953ffff","res":9,"coarsened":false,"count":1,"hv":1,"mp":0,"y0":null,"y1":null,"sp":[[31,1,1,0,null,null]]}},{"type":"Feature","geometry":{"type":"Polygon","coordinates":[[[-154.06739,68.33199],[-154.07062,68.33054],[-154.06897,68.32885],[-154.0641,68.32862],[-154.06088,68.33007],[-154.06252,68.33175],[-154.06739,68.33199]]]},"properties":{"cell":"890c24b219bffff","res":9,"coarsened":false,"count":20,"hv":20,"mp":0,"y0":null,"y1":null,"sp":[[18,4,4,0,null,null],[0,3,3,0,null,null],[13,3,3,0,null,null],[80,3,3,0,null,null],[17,2,2,0,null,null],[55,2,2,0,null,null],[86,1,1,0,null,null],[20,1,1,0,null,null],[30,1,1,0,null,null]]}},{"type":"Feature","geometry":{"type":"Polygon","coordinates":[[[-154.03007,68.33179],[-154.0333,68.33034],[-154.03166,68.32866],[-154.02679,68.32842],[-154.02356,68.32987],[-154.0252,68.33155],[-154.03007,68.33179]]]},"properties":{"cell":"890d0b4d257ffff","res":9,"coarsened":false,"count":16,"hv":16,"mp":0,"y0":null,"y1":null,"sp":[[13,6,6,0,null,null],[0,6,6,0,null,null],[18,2,2,0,null,null],[30,1,1,0,null,null],[17,1,1,0,null,null]]}},{"type":"Feature","geometry":{"type":"Polygon","coordinates":[[[-153.65359,67.78291],[-153.65676,67.78147],[-153.65519,67.7798],[-153.65046,67.77955],[-153.64729,67.78099],[-153.64885,67.78267],[-153.65359,67.78291]]]},"properties":{"cell":"890c25c2a4bffff","res":9,"coarsened":false,"count":3,"hv":3,"mp":0,"y0":null,"y1":null,"sp":[[21,1,1,0,null,null],[17,1,1,0,null,null],[129,1,1,0,null,null]]}},{"type":"Feature","geometry":{"type":"Polygon","coordinates":[[[-151.9223,67.7412],[-151.92556,67.7398],[-151.92414,67.73811],[-151.91947,67.73782],[-151.9162,67.73922],[-151.91762,67.74091],[-151.9223,67.7412]]]},"properties":{"cell":"890d5648ed7ffff","res":9,"coarsened":false,"count":4,"hv":4,"mp":0,"y0":null,"y1":null,"sp":[[18,2,2,0,null,null],[15,1,1,0,null,null],[0,1,1,0,null,null]]}},{"type":"Feature","geometry":{"type":"Polygon","coordinates":[[[-154.78811,67.17244],[-154.79112,67.17098],[-154.78951,67.16932],[-154.78488,67.16912],[-154.78187,67.17057],[-154.78348,67.17223],[-154.78811,67.17244]]]},"properties":{"cell":"890c20b1c6bffff","res":9,"coarsened":false,"count":2,"hv":2,"mp":0,"y0":null,"y1":null,"sp":[[55,1,1,0,null,null],[58,1,1,0,null,null]]}},{"type":"Feature","geometry":{"type":"Polygon","coordinates":[[[-154.11516,68.26687],[-154.19411,68.24817],[-154.19351,68.21446],[-154.11422,68.19946],[-154.0354,68.21812],[-154.03574,68.25182],[-154.11516,68.26687]]]},"properties":{"cell":"860c24b0fffffff","res":6,"coarsened":true,"count":4,"hv":4,"mp":0,"y0":null,"y1":null,"sp":[[79,4,4,0,null,null]]}},{"type":"Feature","geometry":{"type":"Polygon","coordinates":[[[-153.57112,67.4229],[-153.64731,67.40452],[-153.64759,67.3711],[-153.57191,67.35607],[-153.49584,67.37441],[-153.49533,67.40783],[-153.57112,67.4229]]]},"properties":{"cell":"860c25087ffffff","res":6,"coarsened":true,"count":2,"hv":2,"mp":0,"y0":null,"y1":null,"sp":[[79,2,2,0,null,null]]}},{"type":"Feature","geometry":{"type":"Polygon","coordinates":[[[-154.19351,68.21446],[-154.27221,68.19573],[-154.27149,68.16203],[-154.19232,68.14708],[-154.11375,68.16577],[-154.11422,68.19946],[-154.19351,68.21446]]]},"properties":{"cell":"860c24a27ffffff","res":6,"coarsened":true,"count":1,"hv":1,"mp":0,"y0":null,"y1":null,"sp":[[79,1,1,0,null,null]]}},{"type":"Feature","geometry":{"type":"Polygon","coordinates":[[[-152.72897,68.59179],[-152.73232,68.59037],[-152.73078,68.58867],[-152.72588,68.5884],[-152.72253,68.58982],[-152.72408,68.59152],[-152.72897,68.59179]]]},"properties":{"cell":"890d0b1a96bffff","res":9,"coarsened":false,"count":2,"hv":2,"mp":0,"y0":null,"y1":null,"sp":[[23,2,2,0,null,null]]}},{"type":"Feature","geometry":{"type":"Polygon","coordinates":[[[-154.04835,68.22195],[-154.05157,68.2205],[-154.04993,68.21882],[-154.04509,68.21859],[-154.04188,68.22003],[-154.04351,68.22172],[-154.04835,68.22195]]]},"properties":{"cell":"890c24b09a3ffff","res":9,"coarsened":false,"count":4,"hv":4,"mp":0,"y0":null,"y1":null,"sp":[[13,2,2,0,null,null],[0,1,1,0,null,null],[65,1,1,0,null,null]]}},{"type":"Feature","geometry":{"type":"Polygon","coordinates":[[[-152.28476,68.17039],[-152.28807,68.16898],[-152.28659,68.16729],[-152.28181,68.167],[-152.2785,68.16841],[-152.27997,68.17011],[-152.28476,68.17039]]]},"properties":{"cell":"890d0b2166fffff","res":9,"coarsened":false,"count":1,"hv":1,"mp":0,"y0":null,"y1":null,"sp":[[17,1,1,0,null,null]]}},{"type":"Feature","geometry":{"type":"Polygon","coordinates":[[[-150.53156,68.07103],[-150.53495,68.06966],[-150.53363,68.06796],[-150.52892,68.06763],[-150.52553,68.069],[-150.52685,68.0707],[-150.53156,68.07103]]]},"properties":{"cell":"890d56c6863ffff","res":9,"coarsened":false,"count":4,"hv":4,"mp":0,"y0":null,"y1":null,"sp":[[31,1,1,0,null,null],[18,1,1,0,null,null],[85,1,1,0,null,null],[23,1,1,0,null,null]]}},{"type":"Feature","geometry":{"type":"Polygon","coordinates":[[[-150.47091,68.07318],[-150.47431,68.07181],[-150.47299,68.07011],[-150.46829,68.06977],[-150.46489,68.07114],[-150.46621,68.07284],[-150.47091,68.07318]]]},"properties":{"cell":"890d56c699bffff","res":9,"coarsened":false,"count":7,"hv":7,"mp":0,"y0":null,"y1":null,"sp":[[31,2,2,0,null,null],[28,1,1,0,null,null],[100,1,1,0,null,null],[23,1,1,0,null,null],[30,1,1,0,null,null],[65,1,1,0,null,null]]}},{"type":"Feature","geometry":{"type":"Polygon","coordinates":[[[-150.14497,68.21241],[-150.14841,68.21105],[-150.14711,68.20934],[-150.14238,68.209],[-150.13895,68.21036],[-150.14024,68.21206],[-150.14497,68.21241]]]},"properties":{"cell":"890d5698a27ffff","res":9,"coarsened":false,"count":8,"hv":8,"mp":0,"y0":null,"y1":null,"sp":[[31,3,3,0,null,null],[30,1,1,0,null,null],[67,1,1,0,null,null],[85,1,1,0,null,null],[15,1,1,0,null,null],[23,1,1,0,null,null]]}},{"type":"Feature","geometry":{"type":"Polygon","coordinates":[[[-152.82213,68.56157],[-152.82547,68.56015],[-152.82392,68.55845],[-152.81903,68.55818],[-152.81569,68.5596],[-152.81724,68.5613],[-152.82213,68.56157]]]},"properties":{"cell":"890d0b188abffff","res":9,"coarsened":false,"count":2,"hv":2,"mp":0,"y0":null,"y1":null,"sp":[[102,1,1,0,null,null],[0,1,1,0,null,null]]}},{"type":"Feature","geometry":{"type":"Polygon","coordinates":[[[-152.75377,68.18147],[-152.75705,68.18005],[-152.75553,68.17836],[-152.75073,68.17809],[-152.74745,68.17951],[-152.74897,68.1812],[-152.75377,68.18147]]]},"properties":{"cell":"890d0b74ec3ffff","res":9,"coarsened":false,"count":6,"hv":6,"mp":0,"y0":null,"y1":null,"sp":[[28,2,2,0,null,null],[102,1,1,0,null,null],[12,1,1,0,null,null],[31,1,1,0,null,null],[100,1,1,0,null,null]]}},{"type":"Feature","geometry":{"type":"Polygon","coordinates":[[[-154.33062,67.15172],[-154.33366,67.15027],[-154.33208,67.14861],[-154.32747,67.1484],[-154.32443,67.14984],[-154.32601,67.1515],[-154.33062,67.15172]]]},"properties":{"cell":"890c20b6317ffff","res":9,"coarsened":false,"count":7,"hv":7,"mp":0,"y0":null,"y1":null,"sp":[[56,2,2,0,null,null],[20,1,1,0,null,null],[55,1,1,0,null,null],[58,1,1,0,null,null],[17,1,1,0,null,null],[43,1,1,0,null,null]]}},{"type":"Feature","geometry":{"type":"Polygon","coordinates":[[[-154.77422,67.17183],[-154.77724,67.17037],[-154.77563,67.16871],[-154.771,67.16851],[-154.76798,67.16996],[-154.76959,67.17162],[-154.77422,67.17183]]]},"properties":{"cell":"890c20b1c67ffff","res":9,"coarsened":false,"count":6,"hv":6,"mp":0,"y0":null,"y1":null,"sp":[[139,2,2,0,null,null],[102,1,1,0,null,null],[38,1,1,0,null,null],[56,1,1,0,null,null],[18,1,1,0,null,null]]}},{"type":"Feature","geometry":{"type":"Polygon","coordinates":[[[-154.39256,67.17048],[-154.3956,67.16904],[-154.39402,67.16738],[-154.3894,67.16716],[-154.38636,67.16861],[-154.38794,67.17027],[-154.39256,67.17048]]]},"properties":{"cell":"890c20b62c3ffff","res":9,"coarsened":false,"count":5,"hv":5,"mp":0,"y0":null,"y1":null,"sp":[[39,2,2,0,null,null],[17,2,2,0,null,null],[102,1,1,0,null,null]]}},{"type":"Feature","geometry":{"type":"Polygon","coordinates":[[[-151.16034,67.61208],[-151.16362,67.6107],[-151.16228,67.60901],[-151.15765,67.6087],[-151.15437,67.61008],[-151.15571,67.61177],[-151.16034,67.61208]]]},"properties":{"cell":"890d5671237ffff","res":9,"coarsened":false,"count":5,"hv":5,"mp":0,"y0":null,"y1":null,"sp":[[80,2,2,0,null,null],[7,2,2,0,null,null],[102,1,1,0,null,null]]}},{"type":"Feature","geometry":{"type":"Polygon","coordinates":[[[-154.05962,68.36212],[-154.06285,68.36067],[-154.06121,68.35898],[-154.05633,68.35875],[-154.0531,68.3602],[-154.05474,68.36188],[-154.05962,68.36212]]]},"properties":{"cell":"890d0b48b73ffff","res":9,"coarsened":false,"count":13,"hv":13,"mp":0,"y0":null,"y1":null,"sp":[[18,7,7,0,null,null],[80,2,2,0,null,null],[55,2,2,0,null,null],[20,1,1,0,null,null],[123,1,1,0,null,null]]}},{"type":"Feature","geometry":{"type":"Polygon","coordinates":[[[-153.42493,67.44238],[-153.42806,67.44095],[-153.42654,67.43928],[-153.42189,67.43903],[-153.41876,67.44046],[-153.42028,67.44214],[-153.42493,67.44238]]]},"properties":{"cell":"890c250a527ffff","res":9,"coarsened":false,"count":14,"hv":14,"mp":0,"y0":null,"y1":null,"sp":[[68,2,2,0,null,null],[58,2,2,0,null,null],[17,2,2,0,null,null],[100,1,1,0,null,null],[129,1,1,0,null,null],[80,1,1,0,null,null],[103,1,1,0,null,null],[98,1,1,0,null,null],[18,1,1,0,null,null],[27,1,1,0,null,null],[86,1,1,0,null,null]]}},{"type":"Feature","geometry":{"type":"Polygon","coordinates":[[[-154.12554,68.20161],[-154.12874,68.20016],[-154.12711,68.19847],[-154.12227,68.19824],[-154.11906,68.19969],[-154.1207,68.20137],[-154.12554,68.20161]]]},"properties":{"cell":"890c24a2593ffff","res":9,"coarsened":false,"count":7,"hv":7,"mp":0,"y0":null,"y1":null,"sp":[[13,3,3,0,null,null],[0,2,2,0,null,null],[17,2,2,0,null,null]]}},{"type":"Feature","geometry":{"type":"Polygon","coordinates":[[[-154.14075,68.14142],[-154.14395,68.13997],[-154.14232,68.13829],[-154.13749,68.13805],[-154.13429,68.1395],[-154.13593,68.14119],[-154.14075,68.14142]]]},"properties":{"cell":"890c24a2e37ffff","res":9,"coarsened":false,"count":9,"hv":9,"mp":0,"y0":null,"y1":null,"sp":[[18,3,3,0,null,null],[13,2,2,0,null,null],[0,2,2,0,null,null],[65,1,1,0,null,null],[72,1,1,0,null,null]]}},{"type":"Feature","geometry":{"type":"Polygon","coordinates":[[[-156.383,67.8506],[-156.38601,67.8491],[-156.38421,67.84745],[-156.3794,67.84728],[-156.37638,67.84878],[-156.37818,67.85044],[-156.383,67.8506]]]},"properties":{"cell":"890c244c9b3ffff","res":9,"coarsened":false,"count":10,"hv":10,"mp":0,"y0":null,"y1":null,"sp":[[0,4,4,0,null,null],[4,3,3,0,null,null],[65,2,2,0,null,null],[36,1,1,0,null,null]]}},{"type":"Feature","geometry":{"type":"Polygon","coordinates":[[[-156.34993,67.84149],[-156.35295,67.84],[-156.35115,67.83834],[-156.34634,67.83817],[-156.34333,67.83967],[-156.34512,67.84133],[-156.34993,67.84149]]]},"properties":{"cell":"890c2479483ffff","res":9,"coarsened":false,"count":18,"hv":18,"mp":0,"y0":null,"y1":null,"sp":[[0,6,6,0,null,null],[4,3,3,0,null,null],[17,2,2,0,null,null],[18,2,2,0,null,null],[65,2,2,0,null,null],[85,1,1,0,null,null],[5,1,1,0,null,null],[9,1,1,0,null,null]]}},{"type":"Feature","geometry":{"type":"Polygon","coordinates":[[[-156.34922,67.86223],[-156.35224,67.86074],[-156.35044,67.85908],[-156.34563,67.85891],[-156.34261,67.86041],[-156.3444,67.86207],[-156.34922,67.86223]]]},"properties":{"cell":"890c247b28bffff","res":9,"coarsened":false,"count":14,"hv":14,"mp":0,"y0":null,"y1":null,"sp":[[36,4,4,0,null,null],[4,3,3,0,null,null],[0,2,2,0,null,null],[30,1,1,0,null,null],[31,1,1,0,null,null],[111,1,1,0,null,null],[18,1,1,0,null,null],[37,1,1,0,null,null]]}},{"type":"Feature","geometry":{"type":"Polygon","coordinates":[[[-156.3421,67.84282],[-156.34512,67.84133],[-156.34333,67.83967],[-156.33851,67.8395],[-156.3355,67.841],[-156.33729,67.84266],[-156.3421,67.84282]]]},"properties":{"cell":"890c2479497ffff","res":9,"coarsened":false,"count":9,"hv":9,"mp":0,"y0":null,"y1":null,"sp":[[0,3,3,0,null,null],[36,1,1,0,null,null],[4,1,1,0,null,null],[68,1,1,0,null,null],[122,1,1,0,null,null],[18,1,1,0,null,null],[17,1,1,0,null,null]]}},{"type":"Feature","geometry":{"type":"Polygon","coordinates":[[[-156.32106,67.84051],[-156.32408,67.83901],[-156.32228,67.83735],[-156.31747,67.83719],[-156.31445,67.83868],[-156.31625,67.84034],[-156.32106,67.84051]]]},"properties":{"cell":"890c247b347ffff","res":9,"coarsened":false,"count":5,"hv":5,"mp":0,"y0":null,"y1":null,"sp":[[0,2,2,0,null,null],[17,2,2,0,null,null],[18,1,1,0,null,null]]}},{"type":"Feature","geometry":{"type":"Polygon","coordinates":[[[-156.19225,68.13026],[-156.19532,68.12876],[-156.19351,68.1271],[-156.18864,68.12693],[-156.18557,68.12842],[-156.18738,68.13009],[-156.19225,68.13026]]]},"properties":{"cell":"890c2455503ffff","res":9,"coarsened":false,"count":1,"hv":1,"mp":0,"y0":null,"y1":null,"sp":[[66,1,1,0,null,null]]}},{"type":"Feature","geometry":{"type":"Polygon","coordinates":[[[-156.18519,68.1108],[-156.18826,68.10931],[-156.18645,68.10764],[-156.18158,68.10747],[-156.17852,68.10896],[-156.18032,68.11063],[-156.18519,68.1108]]]},"properties":{"cell":"890c24551bbffff","res":9,"coarsened":false,"count":4,"hv":4,"mp":0,"y0":null,"y1":null,"sp":[[31,1,1,0,null,null],[43,1,1,0,null,null],[28,1,1,0,null,null],[65,1,1,0,null,null]]}},{"type":"Feature","geometry":{"type":"Polygon","coordinates":[[[-156.18052,68.14105],[-156.18359,68.13956],[-156.18179,68.1379],[-156.17691,68.13772],[-156.17384,68.13922],[-156.17564,68.14088],[-156.18052,68.14105]]]},"properties":{"cell":"890c2455593ffff","res":9,"coarsened":false,"count":5,"hv":5,"mp":0,"y0":null,"y1":null,"sp":[[31,3,3,0,null,null],[57,1,1,0,null,null],[15,1,1,0,null,null]]}},{"type":"Feature","geometry":{"type":"Polygon","coordinates":[[[-156.17437,68.10081],[-156.17743,68.09932],[-156.17563,68.09766],[-156.17076,68.09749],[-156.16769,68.09898],[-156.1695,68.10064],[-156.17437,68.10081]]]},"properties":{"cell":"890c2455ccbffff","res":9,"coarsened":false,"count":15,"hv":15,"mp":0,"y0":null,"y1":null,"sp":[[43,4,4,0,null,null],[28,4,4,0,null,null],[23,3,3,0,null,null],[31,2,2,0,null,null],[65,1,1,0,null,null],[7,1,1,0,null,null]]}},{"type":"Feature","geometry":{"type":"Polygon","coordinates":[[[-156.36437,67.84198],[-156.36739,67.84049],[-156.36559,67.83883],[-156.36078,67.83867],[-156.35776,67.84016],[-156.35956,67.84182],[-156.36437,67.84198]]]},"properties":{"cell":"890c24794d7ffff","res":9,"coarsened":false,"count":7,"hv":7,"mp":0,"y0":null,"y1":null,"sp":[[0,4,4,0,null,null],[85,1,1,0,null,null],[65,1,1,0,null,null],[143,1,1,0,null,null]]}},{"type":"Feature","geometry":{"type":"Polygon","coordinates":[[[-156.31323,67.84183],[-156.31625,67.84034],[-156.31445,67.83868],[-156.30964,67.83852],[-156.30662,67.84001],[-156.30842,67.84167],[-156.31323,67.84183]]]},"properties":{"cell":"890c247b30bffff","res":9,"coarsened":false,"count":8,"hv":8,"mp":0,"y0":null,"y1":null,"sp":[[4,2,2,0,null,null],[0,1,1,0,null,null],[65,1,1,0,null,null],[37,1,1,0,null,null],[96,1,1,0,null,null],[36,1,1,0,null,null],[85,1,1,0,null,null]]}},{"type":"Feature","geometry":{"type":"Polygon","coordinates":[[[-156.28436,67.84084],[-156.28738,67.83935],[-156.28559,67.83769],[-156.28078,67.83752],[-156.27775,67.83902],[-156.27955,67.84068],[-156.28436,67.84084]]]},"properties":{"cell":"890c247b3afffff","res":9,"coarsened":false,"count":7,"hv":7,"mp":0,"y0":null,"y1":null,"sp":[[18,2,2,0,null,null],[122,1,1,0,null,null],[19,1,1,0,null,null],[4,1,1,0,null,null],[17,1,1,0,null,null],[0,1,1,0,null,null]]}},{"type":"Feature","geometry":{"type":"Polygon","coordinates":[[[-156.26992,67.84034],[-156.27294,67.83885],[-156.27115,67.83719],[-156.26634,67.83703],[-156.26332,67.83852],[-156.26511,67.84018],[-156.26992,67.84034]]]},"properties":{"cell":"890c24786d3ffff","res":9,"coarsened":false,"count":6,"hv":6,"mp":0,"y0":null,"y1":null,"sp":[[17,1,1,0,null,null],[31,1,1,0,null,null],[18,1,1,0,null,null],[19,1,1,0,null,null],[0,1,1,0,null,null],[30,1,1,0,null,null]]}},{"type":"Feature","geometry":{"type":"Polygon","coordinates":[[[-156.20068,68.09053],[-156.20374,68.08904],[-156.20193,68.08738],[-156.19707,68.08721],[-156.194,68.0887],[-156.19581,68.09036],[-156.20068,68.09053]]]},"properties":{"cell":"890c2455e8fffff","res":9,"coarsened":false,"count":7,"hv":7,"mp":0,"y0":null,"y1":null,"sp":[[28,3,3,0,null,null],[0,1,1,0,null,null],[31,1,1,0,null,null],[30,1,1,0,null,null],[23,1,1,0,null,null]]}},{"type":"Feature","geometry":{"type":"Polygon","coordinates":[[[-156.19187,68.11263],[-156.19494,68.11114],[-156.19313,68.10948],[-156.18826,68.10931],[-156.18519,68.1108],[-156.187,68.11246],[-156.19187,68.11263]]]},"properties":{"cell":"890c245518fffff","res":9,"coarsened":false,"count":4,"hv":4,"mp":0,"y0":null,"y1":null,"sp":[[31,3,3,0,null,null],[28,1,1,0,null,null]]}},{"type":"Feature","geometry":{"type":"Polygon","coordinates":[[[-156.18342,68.15236],[-156.18649,68.15087],[-156.18469,68.14921],[-156.17981,68.14903],[-156.17673,68.15053],[-156.17854,68.15219],[-156.18342,68.15236]]]},"properties":{"cell":"890c2457303ffff","res":9,"coarsened":false,"count":3,"hv":3,"mp":0,"y0":null,"y1":null,"sp":[[56,1,1,0,null,null],[65,1,1,0,null,null],[31,1,1,0,null,null]]}},{"type":"Feature","geometry":{"type":"Polygon","coordinates":[[[-156.16083,68.15317],[-156.1639,68.15168],[-156.16209,68.15001],[-156.15721,68.14984],[-156.15414,68.15133],[-156.15595,68.153],[-156.16083,68.15317]]]},"properties":{"cell":"890c24573a3ffff","res":9,"coarsened":false,"count":3,"hv":3,"mp":0,"y0":null,"y1":null,"sp":[[3,2,2,0,null,null],[31,1,1,0,null,null]]}},{"type":"Feature","geometry":{"type":"Polygon","coordinates":[[[-156.37448,67.87267],[-156.3775,67.87118],[-156.3757,67.86952],[-156.37088,67.86935],[-156.36786,67.87085],[-156.36966,67.87251],[-156.37448,67.87267]]]},"properties":{"cell":"890c244cdb3ffff","res":9,"coarsened":false,"count":5,"hv":5,"mp":0,"y0":null,"y1":null,"sp":[[18,2,2,0,null,null],[0,2,2,0,null,null],[122,1,1,0,null,null]]}},{"type":"Feature","geometry":{"type":"Polygon","coordinates":[[[-156.37082,67.88213],[-156.37384,67.88064],[-156.37204,67.87898],[-156.36722,67.87882],[-156.3642,67.88031],[-156.366,67.88197],[-156.37082,67.88213]]]},"properties":{"cell":"890c244eb27ffff","res":9,"coarsened":false,"count":6,"hv":6,"mp":0,"y0":null,"y1":null,"sp":[[17,3,3,0,null,null],[18,2,2,0,null,null],[19,1,1,0,null,null]]}},{"type":"Feature","geometry":{"type":"Polygon","coordinates":[[[-156.25241,68.09074],[-156.25547,68.08924],[-156.25366,68.08758],[-156.24879,68.08741],[-156.24573,68.0889],[-156.24754,68.09057],[-156.25241,68.09074]]]},"properties":{"cell":"890c245532bffff","res":9,"coarsened":false,"count":3,"hv":3,"mp":0,"y0":null,"y1":null,"sp":[[28,2,2,0,null,null],[31,1,1,0,null,null]]}},{"type":"Feature","geometry":{"type":"Polygon","coordinates":[[[-156.18809,68.12211],[-156.19116,68.12061],[-156.18935,68.11895],[-156.18448,68.11878],[-156.18141,68.12027],[-156.18322,68.12194],[-156.18809,68.12211]]]},"properties":{"cell":"890c245552bffff","res":9,"coarsened":false,"count":9,"hv":9,"mp":0,"y0":null,"y1":null,"sp":[[23,3,3,0,null,null],[0,2,2,0,null,null],[31,2,2,0,null,null],[65,2,2,0,null,null]]}},{"type":"Feature","geometry":{"type":"Polygon","coordinates":[[[-156.18104,68.10265],[-156.1841,68.10116],[-156.1823,68.09949],[-156.17743,68.09932],[-156.17437,68.10081],[-156.17617,68.10248],[-156.18104,68.10265]]]},"properties":{"cell":"890c2455137ffff","res":9,"coarsened":false,"count":10,"hv":10,"mp":0,"y0":null,"y1":null,"sp":[[28,4,4,0,null,null],[31,3,3,0,null,null],[23,1,1,0,null,null],[43,1,1,0,null,null],[65,1,1,0,null,null]]}},{"type":"Feature","geometry":{"type":"Polygon","coordinates":[[[-156.18431,68.13158],[-156.18738,68.13009],[-156.18557,68.12842],[-156.1807,68.12825],[-156.17763,68.12974],[-156.17943,68.13141],[-156.18431,68.13158]]]},"properties":{"cell":"890c2455517ffff","res":9,"coarsened":false,"count":5,"hv":5,"mp":0,"y0":null,"y1":null,"sp":[[31,2,2,0,null,null],[30,1,1,0,null,null],[0,1,1,0,null,null],[65,1,1,0,null,null]]}},{"type":"Feature","geometry":{"type":"Polygon","coordinates":[[[-156.3355,67.841],[-156.33851,67.8395],[-156.33672,67.83785],[-156.33191,67.83768],[-156.32889,67.83918],[-156.33068,67.84083],[-156.3355,67.841]]]},"properties":{"cell":"890c247b34bffff","res":9,"coarsened":false,"count":5,"hv":5,"mp":0,"y0":null,"y1":null,"sp":[[0,2,2,0,null,null],[17,2,2,0,null,null],[18,1,1,0,null,null]]}},{"type":"Feature","geometry":{"type":"Polygon","coordinates":[[[-156.19275,68.09186],[-156.19581,68.09036],[-156.194,68.0887],[-156.18914,68.08853],[-156.18608,68.09002],[-156.18788,68.09169],[-156.19275,68.09186]]]},"properties":{"cell":"890c2455e87ffff","res":9,"coarsened":false,"count":7,"hv":7,"mp":0,"y0":null,"y1":null,"sp":[[28,3,3,0,null,null],[31,3,3,0,null,null],[65,1,1,0,null,null]]}},{"type":"Feature","geometry":{"type":"Polygon","coordinates":[[[-156.29096,67.84267],[-156.29398,67.84117],[-156.29219,67.83951],[-156.28738,67.83935],[-156.28436,67.84084],[-156.28615,67.8425],[-156.29096,67.84267]]]},"properties":{"cell":"890c247b3abffff","res":9,"coarsened":false,"count":8,"hv":8,"mp":0,"y0":null,"y1":null,"sp":[[0,2,2,0,null,null],[4,2,2,0,null,null],[18,1,1,0,null,null],[37,1,1,0,null,null],[7,1,1,0,null,null],[36,1,1,0,null,null]]}},{"type":"Feature","geometry":{"type":"Polygon","coordinates":[[[-156.22988,68.09155],[-156.23294,68.09006],[-156.23113,68.0884],[-156.22627,68.08823],[-156.22321,68.08972],[-156.22501,68.09138],[-156.22988,68.09155]]]},"properties":{"cell":"890c2455ecbffff","res":9,"coarsened":false,"count":3,"hv":3,"mp":0,"y0":null,"y1":null,"sp":[[28,2,2,0,null,null],[31,1,1,0,null,null]]}},{"type":"Feature","geometry":{"type":"Polygon","coordinates":[[[-156.07259,68.04119],[-156.07565,68.0397],[-156.07386,68.03804],[-156.06901,68.03787],[-156.06595,68.03936],[-156.06773,68.04102],[-156.07259,68.04119]]]},"properties":{"cell":"890c2446477ffff","res":9,"coarsened":false,"count":6,"hv":6,"mp":0,"y0":null,"y1":null,"sp":[[28,4,4,0,null,null],[30,1,1,0,null,null],[65,1,1,0,null,null]]}},{"type":"Feature","geometry":{"type":"Polygon","coordinates":[[[-156.06185,68.03121],[-156.06491,68.02972],[-156.06313,68.02806],[-156.05828,68.02788],[-156.05521,68.02937],[-156.057,68.03104],[-156.06185,68.03121]]]},"properties":{"cell":"890c2446087ffff","res":9,"coarsened":false,"count":8,"hv":8,"mp":0,"y0":null,"y1":null,"sp":[[28,5,5,0,null,null],[30,1,1,0,null,null],[65,1,1,0,null,null],[31,1,1,0,null,null]]}},{"type":"Feature","geometry":{"type":"Polygon","coordinates":[[[-155.97329,68.03121],[-155.97636,68.02972],[-155.97458,68.02806],[-155.96973,68.02788],[-155.96666,68.02937],[-155.96844,68.03103],[-155.97329,68.03121]]]},"properties":{"cell":"890c240929bffff","res":9,"coarsened":false,"count":3,"hv":3,"mp":0,"y0":null,"y1":null,"sp":[[56,1,1,0,null,null],[7,1,1,0,null,null],[43,1,1,0,null,null]]}},{"type":"Feature","geometry":{"type":"Polygon","coordinates":[[[-155.95083,68.03199],[-155.9539,68.0305],[-155.95212,68.02884],[-155.94727,68.02866],[-155.94421,68.03015],[-155.94598,68.03181],[-155.95083,68.03199]]]},"properties":{"cell":"890c240905bffff","res":9,"coarsened":false,"count":4,"hv":4,"mp":0,"y0":null,"y1":null,"sp":[[31,1,1,0,null,null],[28,1,1,0,null,null],[30,1,1,0,null,null],[65,1,1,0,null,null]]}},{"type":"Feature","geometry":{"type":"Polygon","coordinates":[[[-155.94292,68.0333],[-155.94598,68.03181],[-155.94421,68.03015],[-155.93936,68.02997],[-155.93629,68.03146],[-155.93807,68.03312],[-155.94292,68.0333]]]},"properties":{"cell":"890c2409053ffff","res":9,"coarsened":false,"count":4,"hv":4,"mp":0,"y0":null,"y1":null,"sp":[[43,3,3,0,null,null],[3,1,1,0,null,null]]}},{"type":"Feature","geometry":{"type":"Polygon","coordinates":[[[-155.92837,68.03277],[-155.93144,68.03128],[-155.92967,68.02961],[-155.92482,68.02944],[-155.92175,68.03092],[-155.92353,68.03259],[-155.92837,68.03277]]]},"properties":{"cell":"890c240901bffff","res":9,"coarsened":false,"count":4,"hv":4,"mp":0,"y0":null,"y1":null,"sp":[[56,2,2,0,null,null],[28,1,1,0,null,null],[30,1,1,0,null,null]]}},{"type":"Feature","geometry":{"type":"Polygon","coordinates":[[[-155.92021,67.55037],[-155.92321,67.54889],[-155.92148,67.54723],[-155.91674,67.54706],[-155.91374,67.54854],[-155.91547,67.55019],[-155.92021,67.55037]]]},"properties":{"cell":"890c246c16fffff","res":9,"coarsened":false,"count":3,"hv":3,"mp":0,"y0":null,"y1":null,"sp":[[17,2,2,0,null,null],[0,1,1,0,null,null]]}},{"type":"Feature","geometry":{"type":"Polygon","coordinates":[[[-155.91359,67.53101],[-155.91659,67.52953],[-155.91486,67.52787],[-155.91012,67.5277],[-155.90713,67.52918],[-155.90886,67.53084],[-155.91359,67.53101]]]},"properties":{"cell":"890c246ce2bffff","res":9,"coarsened":false,"count":10,"hv":10,"mp":0,"y0":null,"y1":null,"sp":[[0,2,2,0,null,null],[18,2,2,0,null,null],[100,2,2,0,null,null],[68,1,1,0,null,null],[36,1,1,0,null,null],[65,1,1,0,null,null],[4,1,1,0,null,null]]}},{"type":"Feature","geometry":{"type":"Polygon","coordinates":[[[-155.90206,67.54174],[-155.90506,67.54026],[-155.90333,67.5386],[-155.89859,67.53842],[-155.89559,67.53991],[-155.89732,67.54156],[-155.90206,67.54174]]]},"properties":{"cell":"890c246cebbffff","res":9,"coarsened":false,"count":8,"hv":8,"mp":0,"y0":null,"y1":null,"sp":[[0,3,3,0,null,null],[30,2,2,0,null,null],[18,1,1,0,null,null],[60,1,1,0,null,null],[68,1,1,0,null,null]]}},{"type":"Feature","geometry":{"type":"Polygon","coordinates":[[[-155.89052,67.55246],[-155.89352,67.55098],[-155.89179,67.54932],[-155.88705,67.54915],[-155.88404,67.55063],[-155.88578,67.55229],[-155.89052,67.55246]]]},"properties":{"cell":"890c246c127ffff","res":9,"coarsened":false,"count":3,"hv":3,"mp":0,"y0":null,"y1":null,"sp":[[18,2,2,0,null,null],[38,1,1,0,null,null]]}},{"type":"Feature","geometry":{"type":"Polygon","coordinates":[[[-155.87746,67.53127],[-155.88046,67.52979],[-155.87873,67.52814],[-155.874,67.52796],[-155.871,67.52944],[-155.87273,67.5311],[-155.87746,67.53127]]]},"properties":{"cell":"890c246c8c7ffff","res":9,"coarsened":false,"count":4,"hv":4,"mp":0,"y0":null,"y1":null,"sp":[[18,2,2,0,null,null],[0,1,1,0,null,null],[17,1,1,0,null,null]]}},{"type":"Feature","geometry":{"type":"Polygon","coordinates":[[[-155.82444,67.50224],[-155.82744,67.50075],[-155.82571,67.4991],[-155.82099,67.49892],[-155.81799,67.5004],[-155.81971,67.50206],[-155.82444,67.50224]]]},"properties":{"cell":"890c2099693ffff","res":9,"coarsened":false,"count":3,"hv":3,"mp":0,"y0":null,"y1":null,"sp":[[38,1,1,0,null,null],[18,1,1,0,null,null],[17,1,1,0,null,null]]}},{"type":"Feature","geometry":{"type":"Polygon","coordinates":[[[-155.61917,66.8911],[-155.6221,66.88963],[-155.62044,66.88798],[-155.61585,66.8878],[-155.61292,66.88927],[-155.61458,66.89092],[-155.61917,66.8911]]]},"properties":{"cell":"890c2005e33ffff","res":9,"coarsened":false,"count":8,"hv":8,"mp":0,"y0":null,"y1":null,"sp":[[19,2,2,0,null,null],[55,1,1,0,null,null],[21,1,1,0,null,null],[68,1,1,0,null,null],[20,1,1,0,null,null],[76,1,1,0,null,null],[58,1,1,0,null,null]]}},{"type":"Feature","geometry":{"type":"Polygon","coordinates":[[[-155.61165,66.89239],[-155.61458,66.89092],[-155.61292,66.88927],[-155.60834,66.8891],[-155.60541,66.89057],[-155.60706,66.89222],[-155.61165,66.89239]]]},"properties":{"cell":"890c2005eafffff","res":9,"coarsened":false,"count":10,"hv":10,"mp":0,"y0":null,"y1":null,"sp":[[20,3,3,0,null,null],[19,2,2,0,null,null],[21,2,2,0,null,null],[68,1,1,0,null,null],[76,1,1,0,null,null],[55,1,1,0,null,null]]}},{"type":"Feature","geometry":{"type":"Polygon","coordinates":[[[-156.05394,68.03253],[-156.057,68.03104],[-156.05521,68.02937],[-156.05036,68.0292],[-156.0473,68.03069],[-156.04909,68.03235],[-156.05394,68.03253]]]},"properties":{"cell":"890c244654bffff","res":9,"coarsened":false,"count":2,"hv":2,"mp":0,"y0":null,"y1":null,"sp":[[65,1,1,0,null,null],[28,1,1,0,null,null]]}},{"type":"Feature","geometry":{"type":"Polygon","coordinates":[[[-156.03939,68.032],[-156.04245,68.03051],[-156.04067,68.02885],[-156.03582,68.02868],[-156.03275,68.03016],[-156.03454,68.03183],[-156.03939,68.032]]]},"properties":{"cell":"890c2446547ffff","res":9,"coarsened":false,"count":3,"hv":3,"mp":0,"y0":null,"y1":null,"sp":[[65,1,1,0,null,null],[30,1,1,0,null,null],[28,1,1,0,null,null]]}},{"type":"Feature","geometry":{"type":"Polygon","coordinates":[[[-156.01309,68.04225],[-156.01615,68.04076],[-156.01437,68.0391],[-156.00952,68.03892],[-156.00645,68.04041],[-156.00824,68.04208],[-156.01309,68.04225]]]},"properties":{"cell":"890c2446583ffff","res":9,"coarsened":false,"count":4,"hv":4,"mp":0,"y0":null,"y1":null,"sp":[[56,1,1,0,null,null],[43,1,1,0,null,null],[31,1,1,0,null,null],[3,1,1,0,null,null]]}},{"type":"Feature","geometry":{"type":"Polygon","coordinates":[[[-155.95875,68.03068],[-155.96182,68.02919],[-155.96004,68.02753],[-155.95519,68.02735],[-155.95212,68.02884],[-155.9539,68.0305],[-155.95875,68.03068]]]},"properties":{"cell":"890c2409297ffff","res":9,"coarsened":false,"count":4,"hv":4,"mp":0,"y0":null,"y1":null,"sp":[[31,1,1,0,null,null],[3,1,1,0,null,null],[30,1,1,0,null,null],[19,1,1,0,null,null]]}},{"type":"Feature","geometry":{"type":"Polygon","coordinates":[[[-155.88785,67.54121],[-155.89086,67.53973],[-155.88912,67.53808],[-155.88439,67.5379],[-155.88139,67.53938],[-155.88312,67.54104],[-155.88785,67.54121]]]},"properties":{"cell":"890c246ceb7ffff","res":9,"coarsened":false,"count":13,"hv":13,"mp":0,"y0":null,"y1":null,"sp":[[0,3,3,0,null,null],[122,2,2,0,null,null],[60,2,2,0,null,null],[68,1,1,0,null,null],[65,1,1,0,null,null],[18,1,1,0,null,null],[17,1,1,0,null,null],[30,1,1,0,null,null],[85,1,1,0,null,null]]}},{"type":"Feature","geometry":{"type":"Polygon","coordinates":[[[-155.87365,67.54069],[-155.87665,67.53921],[-155.87492,67.53755],[-155.87019,67.53738],[-155.86718,67.53886],[-155.86891,67.54051],[-155.87365,67.54069]]]},"properties":{"cell":"890c246cc63ffff","res":9,"coarsened":false,"count":3,"hv":3,"mp":0,"y0":null,"y1":null,"sp":[[0,1,1,0,null,null],[56,1,1,0,null,null],[18,1,1,0,null,null]]}},{"type":"Feature","geometry":{"type":"Polygon","coordinates":[[[-155.81288,67.51295],[-155.81588,67.51147],[-155.81416,67.50981],[-155.80943,67.50964],[-155.80643,67.51112],[-155.80815,67.51277],[-155.81288,67.51295]]]},"properties":{"cell":"890c246c9abffff","res":9,"coarsened":false,"count":4,"hv":4,"mp":0,"y0":null,"y1":null,"sp":[[0,2,2,0,null,null],[18,1,1,0,null,null],[17,1,1,0,null,null]]}},{"type":"Feature","geometry":{"type":"Polygon","coordinates":[[[-155.72366,67.94037],[-155.72673,67.93889],[-155.72498,67.93723],[-155.72016,67.93704],[-155.71709,67.93852],[-155.71884,67.94019],[-155.72366,67.94037]]]},"properties":{"cell":"890c247254fffff","res":9,"coarsened":false,"count":7,"hv":7,"mp":0,"y0":null,"y1":null,"sp":[[0,5,5,0,null,null],[17,1,1,0,null,null],[128,1,1,0,null,null]]}},{"type":"Feature","geometry":{"type":"Polygon","coordinates":[[[-155.64046,66.89033],[-155.64338,66.88886],[-155.64172,66.88721],[-155.63713,66.88704],[-155.63421,66.88851],[-155.63587,66.89016],[-155.64046,66.89033]]]},"properties":{"cell":"890c2005e73ffff","res":9,"coarsened":false,"count":7,"hv":7,"mp":0,"y0":null,"y1":null,"sp":[[68,2,2,0,null,null],[110,1,1,0,null,null],[87,1,1,0,null,null],[21,1,1,0,null,null],[76,1,1,0,null,null],[27,1,1,0,null,null]]}},{"type":"Feature","geometry":{"type":"Polygon","coordinates":[[[-155.62914,66.90098],[-155.63207,66.89951],[-155.63041,66.89786],[-155.62581,66.89769],[-155.62289,66.89916],[-155.62455,66.9008],[-155.62914,66.90098]]]},"properties":{"cell":"890c2005e8bffff","res":9,"coarsened":false,"count":9,"hv":9,"mp":0,"y0":null,"y1":null,"sp":[[86,3,3,0,null,null],[68,1,1,0,null,null],[20,1,1,0,null,null],[80,1,1,0,null,null],[76,1,1,0,null,null],[21,1,1,0,null,null],[55,1,1,0,null,null]]}},{"type":"Feature","geometry":{"type":"Polygon","coordinates":[[[-155.5817,66.88015],[-155.58463,66.87868],[-155.58297,66.87704],[-155.57839,66.87686],[-155.57546,66.87833],[-155.57711,66.87998],[-155.5817,66.88015]]]},"properties":{"cell":"890c2005807ffff","res":9,"coarsened":false,"count":6,"hv":6,"mp":0,"y0":null,"y1":null,"sp":[[19,2,2,0,null,null],[18,1,1,0,null,null],[0,1,1,0,null,null],[21,1,1,0,null,null],[68,1,1,0,null,null]]}},{"type":"Feature","geometry":{"type":"Polygon","coordinates":[[[-155.56425,66.87156],[-155.56718,66.87009],[-155.56553,66.86845],[-155.56094,66.86827],[-155.55801,66.86974],[-155.55967,66.87138],[-155.56425,66.87156]]]},"properties":{"cell":"890c2005953ffff","res":9,"coarsened":false,"count":3,"hv":3,"mp":0,"y0":null,"y1":null,"sp":[[18,1,1,0,null,null],[43,1,1,0,null,null],[56,1,1,0,null,null]]}},{"type":"Feature","geometry":{"type":"Polygon","coordinates":[[[-155.53915,66.88167],[-155.54208,66.8802],[-155.54043,66.87855],[-155.53585,66.87837],[-155.53291,66.87984],[-155.53457,66.88149],[-155.53915,66.88167]]]},"properties":{"cell":"890c2005d67ffff","res":9,"coarsened":false,"count":9,"hv":9,"mp":0,"y0":null,"y1":null,"sp":[[18,4,4,0,null,null],[56,2,2,0,null,null],[17,1,1,0,null,null],[68,1,1,0,null,null],[58,1,1,0,null,null]]}},{"type":"Feature","geometry":{"type":"Polygon","coordinates":[[[-156.06085,68.05197],[-156.06391,68.05048],[-156.06212,68.04882],[-156.05727,68.04864],[-156.05421,68.05013],[-156.05599,68.0518],[-156.06085,68.05197]]]},"properties":{"cell":"890c244648fffff","res":9,"coarsened":false,"count":5,"hv":5,"mp":0,"y0":null,"y1":null,"sp":[[28,3,3,0,null,null],[31,1,1,0,null,null],[65,1,1,0,null,null]]}},{"type":"Feature","geometry":{"type":"Polygon","coordinates":[[[-155.93048,67.54278],[-155.93348,67.5413],[-155.93174,67.53964],[-155.927,67.53947],[-155.924,67.54095],[-155.92574,67.54261],[-155.93048,67.54278]]]},"properties":{"cell":"890c246cecfffff","res":9,"coarsened":false,"count":2,"hv":2,"mp":0,"y0":null,"y1":null,"sp":[[17,2,2,0,null,null]]}},{"type":"Feature","geometry":{"type":"Polygon","coordinates":[[[-155.924,67.54095],[-155.927,67.53947],[-155.92527,67.53781],[-155.92053,67.53764],[-155.91753,67.53912],[-155.91927,67.54078],[-155.924,67.54095]]]},"properties":{"cell":"890c246ce1bffff","res":9,"coarsened":false,"count":7,"hv":7,"mp":0,"y0":null,"y1":null,"sp":[[17,3,3,0,null,null],[68,1,1,0,null,null],[122,1,1,0,null,null],[0,1,1,0,null,null],[18,1,1,0,null,null]]}},{"type":"Feature","geometry":{"type":"Polygon","coordinates":[[[-155.91383,68.03223],[-155.9169,68.03075],[-155.91513,68.02908],[-155.91028,68.0289],[-155.90721,68.03039],[-155.90899,68.03205],[-155.91383,68.03223]]]},"properties":{"cell":"890c2409017ffff","res":9,"coarsened":false,"count":1,"hv":1,"mp":0,"y0":null,"y1":null,"sp":[[3,1,1,0,null,null]]}},{"type":"Feature","geometry":{"type":"Polygon","coordinates":[[[-155.79225,67.51059],[-155.79525,67.50911],[-155.79353,67.50745],[-155.78881,67.50727],[-155.7858,67.50875],[-155.78752,67.51041],[-155.79225,67.51059]]]},"properties":{"cell":"890c20994d3ffff","res":9,"coarsened":false,"count":3,"hv":3,"mp":0,"y0":null,"y1":null,"sp":[[43,1,1,0,null,null],[17,1,1,0,null,null],[60,1,1,0,null,null]]}},{"type":"Feature","geometry":{"type":"Polygon","coordinates":[[[-155.78452,67.51189],[-155.78752,67.51041],[-155.7858,67.50875],[-155.78108,67.50857],[-155.77807,67.51005],[-155.77979,67.51171],[-155.78452,67.51189]]]},"properties":{"cell":"890c209b26fffff","res":9,"coarsened":false,"count":1,"hv":1,"mp":0,"y0":null,"y1":null,"sp":[[56,1,1,0,null,null]]}},{"type":"Feature","geometry":{"type":"Polygon","coordinates":[[[-155.74207,67.93148],[-155.74514,67.93],[-155.74338,67.92833],[-155.73857,67.92815],[-155.7355,67.92963],[-155.73725,67.9313],[-155.74207,67.93148]]]},"properties":{"cell":"890c2472033ffff","res":9,"coarsened":false,"count":4,"hv":4,"mp":0,"y0":null,"y1":null,"sp":[[30,2,2,0,null,null],[0,1,1,0,null,null],[60,1,1,0,null,null]]}},{"type":"Feature","geometry":{"type":"Polygon","coordinates":[[[-155.73418,67.93278],[-155.73725,67.9313],[-155.7355,67.92963],[-155.73068,67.92945],[-155.72761,67.93093],[-155.72936,67.9326],[-155.73418,67.93278]]]},"properties":{"cell":"890c24720afffff","res":9,"coarsened":false,"count":1,"hv":1,"mp":0,"y0":null,"y1":null,"sp":[[0,1,1,0,null,null]]}},{"type":"Feature","geometry":{"type":"Polygon","coordinates":[[[-155.67896,67.94187],[-155.68203,67.94039],[-155.68028,67.93872],[-155.67546,67.93854],[-155.67239,67.94002],[-155.67414,67.94168],[-155.67896,67.94187]]]},"properties":{"cell":"890c24725afffff","res":9,"coarsened":false,"count":5,"hv":5,"mp":0,"y0":null,"y1":null,"sp":[[0,3,3,0,null,null],[68,1,1,0,null,null],[65,1,1,0,null,null]]}},{"type":"Feature","geometry":{"type":"Polygon","coordinates":[[[-155.63294,66.89163],[-155.63587,66.89016],[-155.63421,66.88851],[-155.62962,66.88833],[-155.62669,66.8898],[-155.62835,66.89145],[-155.63294,66.89163]]]},"properties":{"cell":"890c2005e0fffff","res":9,"coarsened":false,"count":10,"hv":10,"mp":0,"y0":null,"y1":null,"sp":[[68,2,2,0,null,null],[87,2,2,0,null,null],[80,2,2,0,null,null],[20,1,1,0,null,null],[19,1,1,0,null,null],[21,1,1,0,null,null],[86,1,1,0,null,null]]}},{"type":"Feature","geometry":{"type":"Polygon","coordinates":[[[-155.59789,66.89186],[-155.60082,66.89039],[-155.59916,66.88874],[-155.59457,66.88857],[-155.59164,66.89004],[-155.5933,66.89168],[-155.59789,66.89186]]]},"properties":{"cell":"890c20058d3ffff","res":9,"coarsened":false,"count":8,"hv":8,"mp":0,"y0":null,"y1":null,"sp":[[19,2,2,0,null,null],[76,1,1,0,null,null],[68,1,1,0,null,null],[20,1,1,0,null,null],[21,1,1,0,null,null],[58,1,1,0,null,null],[18,1,1,0,null,null]]}},{"type":"Feature","geometry":{"type":"Polygon","coordinates":[[[-155.88127,67.52186],[-155.88427,67.52038],[-155.88254,67.51872],[-155.87781,67.51855],[-155.87481,67.52003],[-155.87654,67.52168],[-155.88127,67.52186]]]},"properties":{"cell":"890c246c873ffff","res":9,"coarsened":false,"count":4,"hv":4,"mp":0,"y0":null,"y1":null,"sp":[[0,2,2,0,null,null],[17,1,1,0,null,null],[18,1,1,0,null,null]]}},{"type":"Feature","geometry":{"type":"Polygon","coordinates":[[[-155.7987,67.51242],[-155.8017,67.51094],[-155.79998,67.50928],[-155.79525,67.50911],[-155.79225,67.51059],[-155.79397,67.51224],[-155.7987,67.51242]]]},"properties":{"cell":"890c246c9a7ffff","res":9,"coarsened":false,"count":3,"hv":3,"mp":0,"y0":null,"y1":null,"sp":[[17,2,2,0,null,null],[3,1,1,0,null,null]]}},{"type":"Feature","geometry":{"type":"Polygon","coordinates":[[[-155.64425,66.88098],[-155.64718,66.87951],[-155.64552,66.87786],[-155.64093,66.87768],[-155.638,66.87916],[-155.63967,66.8808],[-155.64425,66.88098]]]},"properties":{"cell":"890c2005ad7ffff","res":9,"coarsened":false,"count":5,"hv":5,"mp":0,"y0":null,"y1":null,"sp":[[76,2,2,0,null,null],[39,1,1,0,null,null],[20,1,1,0,null,null],[19,1,1,0,null,null]]}},{"type":"Feature","geometry":{"type":"Polygon","coordinates":[[[-156.06877,68.05066],[-156.07183,68.04917],[-156.07004,68.0475],[-156.06519,68.04733],[-156.06212,68.04882],[-156.06391,68.05048],[-156.06877,68.05066]]]},"properties":{"cell":"890c2446413ffff","res":9,"coarsened":false,"count":13,"hv":13,"mp":0,"y0":null,"y1":null,"sp":[[28,6,6,0,null,null],[30,2,2,0,null,null],[65,2,2,0,null,null],[19,1,1,0,null,null],[3,1,1,0,null,null],[23,1,1,0,null,null]]}},{"type":"Feature","geometry":{"type":"Polygon","coordinates":[[[-155.89166,67.5318],[-155.89466,67.53032],[-155.89293,67.52866],[-155.88819,67.52849],[-155.88519,67.52997],[-155.88693,67.53162],[-155.89166,67.5318]]]},"properties":{"cell":"890c246c8cbffff","res":9,"coarsened":false,"count":3,"hv":3,"mp":0,"y0":null,"y1":null,"sp":[[60,2,2,0,null,null],[0,1,1,0,null,null]]}},{"type":"Feature","geometry":{"type":"Polygon","coordinates":[[[-155.70131,67.94112],[-155.70438,67.93964],[-155.70263,67.93797],[-155.69781,67.93779],[-155.69474,67.93927],[-155.69649,67.94094],[-155.70131,67.94112]]]},"properties":{"cell":"890c247250fffff","res":9,"coarsened":false,"count":4,"hv":4,"mp":0,"y0":null,"y1":null,"sp":[[0,3,3,0,null,null],[30,1,1,0,null,null]]}},{"type":"Feature","geometry":{"type":"Polygon","coordinates":[[[-155.62162,66.90228],[-155.62455,66.9008],[-155.62289,66.89916],[-155.61829,66.89898],[-155.61536,66.90045],[-155.61703,66.9021],[-155.62162,66.90228]]]},"properties":{"cell":"890c2005e83ffff","res":9,"coarsened":false,"count":2,"hv":2,"mp":0,"y0":null,"y1":null,"sp":[[68,2,2,0,null,null]]}},{"type":"Feature","geometry":{"type":"Polygon","coordinates":[[[-156.05113,68.02123],[-156.05419,68.01974],[-156.0524,68.01807],[-156.04755,68.0179],[-156.04449,68.01939],[-156.04628,68.02105],[-156.05113,68.02123]]]},"properties":{"cell":"890c24461dbffff","res":9,"coarsened":false,"count":3,"hv":3,"mp":0,"y0":null,"y1":null,"sp":[[65,1,1,0,null,null],[3,1,1,0,null,null],[19,1,1,0,null,null]]}},{"type":"Feature","geometry":{"type":"Polygon","coordinates":[[[-155.56853,67.9424],[-155.5716,67.94092],[-155.56986,67.93926],[-155.56505,67.93907],[-155.56197,67.94055],[-155.56371,67.94222],[-155.56853,67.9424]]]},"properties":{"cell":"890c240d0b7ffff","res":9,"coarsened":false,"count":2,"hv":2,"mp":0,"y0":null,"y1":null,"sp":[[43,2,2,0,null,null]]}},{"type":"Feature","geometry":{"type":"Polygon","coordinates":[[[-155.54299,66.87232],[-155.54592,66.87085],[-155.54427,66.8692],[-155.53968,66.86902],[-155.53675,66.87049],[-155.5384,66.87214],[-155.54299,66.87232]]]},"properties":{"cell":"890c2005913ffff","res":9,"coarsened":false,"count":6,"hv":6,"mp":0,"y0":null,"y1":null,"sp":[[68,3,3,0,null,null],[18,2,2,0,null,null],[19,1,1,0,null,null]]}},{"type":"Feature","geometry":{"type":"Polygon","coordinates":[[[-154.78363,68.08273],[-154.78678,68.08127],[-154.7851,68.0796],[-154.78027,68.07938],[-154.77712,68.08085],[-154.7788,68.08252],[-154.78363,68.08273]]]},"properties":{"cell":"890c24a95dbffff","res":9,"coarsened":false,"count":5,"hv":5,"mp":0,"y0":null,"y1":null,"sp":[[30,2,2,0,null,null],[0,2,2,0,null,null],[60,1,1,0,null,null]]}},{"type":"Feature","geometry":{"type":"Polygon","coordinates":[[[-154.77297,67.14319],[-154.77598,67.14174],[-154.77437,67.14008],[-154.76975,67.13988],[-154.76673,67.14133],[-154.76834,67.14299],[-154.77297,67.14319]]]},"properties":{"cell":"890c20b1b87ffff","res":9,"coarsened":false,"count":7,"hv":7,"mp":0,"y0":null,"y1":null,"sp":[[55,2,2,0,null,null],[65,1,1,0,null,null],[30,1,1,0,null,null],[76,1,1,0,null,null],[68,1,1,0,null,null],[17,1,1,0,null,null]]}},{"type":"Feature","geometry":{"type":"Polygon","coordinates":[[[-154.7591,67.14258],[-154.76211,67.14113],[-154.7605,67.13947],[-154.75588,67.13927],[-154.75287,67.14072],[-154.75448,67.14238],[-154.7591,67.14258]]]},"properties":{"cell":"890c20b194fffff","res":9,"coarsened":false,"count":1,"hv":1,"mp":0,"y0":null,"y1":null,"sp":[[19,1,1,0,null,null]]}},{"type":"Feature","geometry":{"type":"Polygon","coordinates":[[[-155.86973,67.53258],[-155.87273,67.5311],[-155.871,67.52944],[-155.86626,67.52927],[-155.86326,67.53075],[-155.86499,67.53241],[-155.86973,67.53258]]]},"properties":{"cell":"890c246c88bffff","res":9,"coarsened":false,"count":1,"hv":1,"mp":0,"y0":null,"y1":null,"sp":[[138,1,1,0,null,null]]}},{"type":"Feature","geometry":{"type":"Polygon","coordinates":[[[-155.57418,66.88145],[-155.57711,66.87998],[-155.57546,66.87833],[-155.57087,66.87815],[-155.56794,66.87962],[-155.5696,66.88127],[-155.57418,66.88145]]]},"properties":{"cell":"890c20058abffff","res":9,"coarsened":false,"count":3,"hv":3,"mp":0,"y0":null,"y1":null,"sp":[[56,2,2,0,null,null],[43,1,1,0,null,null]]}},{"type":"Feature","geometry":{"type":"Polygon","coordinates":[[[-156.22861,68.15074],[-156.23168,68.14925],[-156.22987,68.14758],[-156.22499,68.14741],[-156.22192,68.14891],[-156.22373,68.15057],[-156.22861,68.15074]]]},"properties":{"cell":"890c2455483ffff","res":9,"coarsened":false,"count":1,"hv":1,"mp":0,"y0":null,"y1":null,"sp":[[28,1,1,0,null,null]]}},{"type":"Feature","geometry":{"type":"Polygon","coordinates":[[[-154.80425,67.12076],[-154.80725,67.1193],[-154.80564,67.11764],[-154.80103,67.11744],[-154.79802,67.1189],[-154.79963,67.12055],[-154.80425,67.12076]]]},"properties":{"cell":"890c20a35c7ffff","res":9,"coarsened":false,"count":5,"hv":5,"mp":0,"y0":null,"y1":null,"sp":[[61,1,1,0,null,null],[68,1,1,0,null,null],[19,1,1,0,null,null],[55,1,1,0,null,null],[18,1,1,0,null,null]]}},{"type":"Feature","geometry":{"type":"Polygon","coordinates":[[[-154.75287,67.14072],[-154.75588,67.13927],[-154.75427,67.13761],[-154.74965,67.13741],[-154.74664,67.13886],[-154.74825,67.14052],[-154.75287,67.14072]]]},"properties":{"cell":"890c20b197bffff","res":9,"coarsened":false,"count":17,"hv":17,"mp":0,"y0":null,"y1":null,"sp":[[55,7,7,0,null,null],[76,3,3,0,null,null],[18,2,2,0,null,null],[61,1,1,0,null,null],[21,1,1,0,null,null],[80,1,1,0,null,null],[65,1,1,0,null,null],[100,1,1,0,null,null]]}},{"type":"Feature","geometry":{"type":"Polygon","coordinates":[[[-154.75254,68.07016],[-154.75569,68.0687],[-154.75401,68.06703],[-154.74918,68.06681],[-154.74603,68.06828],[-154.74771,68.06995],[-154.75254,68.07016]]]},"properties":{"cell":"890c24a9533ffff","res":9,"coarsened":false,"count":5,"hv":5,"mp":0,"y0":null,"y1":null,"sp":[[30,2,2,0,null,null],[0,2,2,0,null,null],[60,1,1,0,null,null]]}},{"type":"Feature","geometry":{"type":"Polygon","coordinates":[[[-154.74524,67.14197],[-154.74825,67.14052],[-154.74664,67.13886],[-154.74202,67.13866],[-154.73901,67.14011],[-154.74061,67.14177],[-154.74524,67.14197]]]},"properties":{"cell":"890c20b1973ffff","res":9,"coarsened":false,"count":14,"hv":14,"mp":0,"y0":null,"y1":null,"sp":[[55,5,5,0,null,null],[76,2,2,0,null,null],[68,2,2,0,null,null],[80,1,1,0,null,null],[21,1,1,0,null,null],[86,1,1,0,null,null],[20,1,1,0,null,null],[61,1,1,0,null,null]]}},{"type":"Feature","geometry":{"type":"Polygon","coordinates":[[[-154.74102,67.15131],[-154.74403,67.14986],[-154.74242,67.1482],[-154.7378,67.148],[-154.73479,67.14945],[-154.7364,67.15111],[-154.74102,67.15131]]]},"properties":{"cell":"890c20b19c7ffff","res":9,"coarsened":false,"count":6,"hv":6,"mp":0,"y0":null,"y1":null,"sp":[[58,2,2,0,null,null],[68,2,2,0,null,null],[17,1,1,0,null,null],[55,1,1,0,null,null]]}},{"type":"Feature","geometry":{"type":"Polygon","coordinates":[[[-154.71769,68.08144],[-154.72084,68.07997],[-154.71917,68.0783],[-154.71434,68.07809],[-154.71119,68.07955],[-154.71286,68.08122],[-154.71769,68.08144]]]},"properties":{"cell":"890c24a860bffff","res":9,"coarsened":false,"count":4,"hv":4,"mp":0,"y0":null,"y1":null,"sp":[[0,3,3,0,null,null],[60,1,1,0,null,null]]}},{"type":"Feature","geometry":{"type":"Polygon","coordinates":[[[-154.70763,68.07138],[-154.71078,68.06992],[-154.7091,68.06825],[-154.70428,68.06803],[-154.70113,68.0695],[-154.7028,68.07117],[-154.70763,68.07138]]]},"properties":{"cell":"890c24a8293ffff","res":9,"coarsened":false,"count":8,"hv":8,"mp":0,"y0":null,"y1":null,"sp":[[0,3,3,0,null,null],[18,3,3,0,null,null],[30,2,2,0,null,null]]}},{"type":"Feature","geometry":{"type":"Polygon","coordinates":[[[-154.70564,67.15134],[-154.70866,67.14988],[-154.70705,67.14822],[-154.70243,67.14802],[-154.69942,67.14947],[-154.70102,67.15113],[-154.70564,67.15134]]]},"properties":{"cell":"890c20b0a4fffff","res":9,"coarsened":false,"count":2,"hv":2,"mp":0,"y0":null,"y1":null,"sp":[[60,1,1,0,null,null],[17,1,1,0,null,null]]}},{"type":"Feature","geometry":{"type":"Polygon","coordinates":[[[-154.69315,68.07074],[-154.6963,68.06928],[-154.69462,68.06761],[-154.6898,68.06739],[-154.68665,68.06885],[-154.68832,68.07053],[-154.69315,68.07074]]]},"properties":{"cell":"890c24a805bffff","res":9,"coarsened":false,"count":7,"hv":7,"mp":0,"y0":null,"y1":null,"sp":[[30,2,2,0,null,null],[0,2,2,0,null,null],[57,1,1,0,null,null],[60,1,1,0,null,null],[18,1,1,0,null,null]]}},{"type":"Feature","geometry":{"type":"Polygon","coordinates":[[[-155.93442,67.55089],[-155.93743,67.54941],[-155.93569,67.54775],[-155.93095,67.54758],[-155.92795,67.54906],[-155.92969,67.55072],[-155.93442,67.55089]]]},"properties":{"cell":"890c246c3a7ffff","res":9,"coarsened":false,"count":1,"hv":1,"mp":0,"y0":null,"y1":null,"sp":[[17,1,1,0,null,null]]}},{"type":"Feature","geometry":{"type":"Polygon","coordinates":[[[-155.87376,67.55822],[-155.94895,67.53868],[-155.94561,67.50511],[-155.86732,67.49109],[-155.79225,67.51059],[-155.79535,67.54415],[-155.87376,67.55822]]]},"properties":{"cell":"860c246cfffffff","res":6,"coarsened":true,"count":3,"hv":3,"mp":0,"y0":null,"y1":null,"sp":[[79,3,3,0,null,null]]}},{"type":"Feature","geometry":{"type":"Polygon","coordinates":[[[-154.76263,68.08021],[-154.76578,68.07875],[-154.76409,68.07707],[-154.75926,68.07686],[-154.75612,68.07833],[-154.7578,68.08],[-154.76263,68.08021]]]},"properties":{"cell":"890c24a958bffff","res":9,"coarsened":false,"count":3,"hv":3,"mp":0,"y0":null,"y1":null,"sp":[[56,3,3,0,null,null]]}},{"type":"Feature","geometry":{"type":"Polygon","coordinates":[[[-154.75905,68.07205],[-154.7622,68.07059],[-154.76051,68.06891],[-154.75569,68.0687],[-154.75254,68.07016],[-154.75422,68.07184],[-154.75905,68.07205]]]},"properties":{"cell":"890c24a9507ffff","res":9,"coarsened":false,"count":2,"hv":2,"mp":0,"y0":null,"y1":null,"sp":[[0,1,1,0,null,null],[85,1,1,0,null,null]]}},{"type":"Feature","geometry":{"type":"Polygon","coordinates":[[[-154.71951,67.15195],[-154.72253,67.1505],[-154.72092,67.14884],[-154.7163,67.14863],[-154.71328,67.15009],[-154.71489,67.15175],[-154.71951,67.15195]]]},"properties":{"cell":"890c20b1987ffff","res":9,"coarsened":false,"count":4,"hv":4,"mp":0,"y0":null,"y1":null,"sp":[[55,2,2,0,null,null],[17,1,1,0,null,null],[80,1,1,0,null,null]]}},{"type":"Feature","geometry":{"type":"Polygon","coordinates":[[[-154.70996,68.05068],[-154.71311,68.04921],[-154.71143,68.04754],[-154.70661,68.04733],[-154.70347,68.04879],[-154.70514,68.05046],[-154.70996,68.05068]]]},"properties":{"cell":"890c24a822fffff","res":9,"coarsened":false,"count":3,"hv":3,"mp":0,"y0":null,"y1":null,"sp":[[56,2,2,0,null,null],[43,1,1,0,null,null]]}},{"type":"Feature","geometry":{"type":"Polygon","coordinates":[[[-154.69178,67.15072],[-154.69479,67.14927],[-154.69319,67.14761],[-154.68857,67.1474],[-154.68555,67.14886],[-154.68715,67.15051],[-154.69178,67.15072]]]},"properties":{"cell":"890c20b0a73ffff","res":9,"coarsened":false,"count":6,"hv":6,"mp":0,"y0":null,"y1":null,"sp":[[20,2,2,0,null,null],[76,2,2,0,null,null],[55,1,1,0,null,null],[68,1,1,0,null,null]]}},{"type":"Feature","geometry":{"type":"Polygon","coordinates":[[[-154.3849,67.17172],[-154.38794,67.17027],[-154.38636,67.16861],[-154.38174,67.16839],[-154.3787,67.16984],[-154.38028,67.1715],[-154.3849,67.17172]]]},"properties":{"cell":"890c20b62d7ffff","res":9,"coarsened":false,"count":7,"hv":7,"mp":0,"y0":null,"y1":null,"sp":[[80,1,1,0,null,null],[18,1,1,0,null,null],[17,1,1,0,null,null],[19,1,1,0,null,null],[68,1,1,0,null,null],[20,1,1,0,null,null],[102,1,1,0,null,null]]}},{"type":"Feature","geometry":{"type":"Polygon","coordinates":[[[-154.36414,67.14058],[-154.36717,67.13913],[-154.36559,67.13747],[-154.36098,67.13726],[-154.35795,67.13871],[-154.35953,67.14037],[-154.36414,67.14058]]]},"properties":{"cell":"890c20b44a7ffff","res":9,"coarsened":false,"count":2,"hv":2,"mp":0,"y0":null,"y1":null,"sp":[[76,1,1,0,null,null],[55,1,1,0,null,null]]}},{"type":"Feature","geometry":{"type":"Polygon","coordinates":[[[-154.29088,67.16097],[-154.29393,67.15953],[-154.29235,67.15787],[-154.28774,67.15765],[-154.2847,67.15909],[-154.28627,67.16076],[-154.29088,67.16097]]]},"properties":{"cell":"890c20b611bffff","res":9,"coarsened":false,"count":4,"hv":4,"mp":0,"y0":null,"y1":null,"sp":[[56,2,2,0,null,null],[30,1,1,0,null,null],[58,1,1,0,null,null]]}},{"type":"Feature","geometry":{"type":"Polygon","coordinates":[[[-154.25112,67.17022],[-154.25416,67.16877],[-154.25259,67.16711],[-154.24798,67.16689],[-154.24493,67.16834],[-154.2465,67.17],[-154.25112,67.17022]]]},"properties":{"cell":"890c2579253ffff","res":9,"coarsened":false,"count":11,"hv":11,"mp":0,"y0":null,"y1":null,"sp":[[60,4,4,0,null,null],[19,2,2,0,null,null],[17,2,2,0,null,null],[68,1,1,0,null,null],[56,1,1,0,null,null],[18,1,1,0,null,null]]}},{"type":"Feature","geometry":{"type":"Polygon","coordinates":[[[-154.22004,66.98308],[-154.22306,66.98164],[-154.2215,66.97998],[-154.21693,66.97977],[-154.21391,66.98121],[-154.21546,66.98287],[-154.22004,66.98308]]]},"properties":{"cell":"890c2569e77ffff","res":9,"coarsened":false,"count":10,"hv":10,"mp":0,"y0":null,"y1":null,"sp":[[18,2,2,0,null,null],[19,2,2,0,null,null],[56,2,2,0,null,null],[21,1,1,0,null,null],[30,1,1,0,null,null],[17,1,1,0,null,null],[58,1,1,0,null,null]]}},{"type":"Feature","geometry":{"type":"Polygon","coordinates":[[[-154.22323,66.99116],[-154.22625,66.98972],[-154.2247,66.98806],[-154.22012,66.98784],[-154.2171,66.98929],[-154.21865,66.99095],[-154.22323,66.99116]]]},"properties":{"cell":"890c2569e1bffff","res":9,"coarsened":false,"count":9,"hv":9,"mp":0,"y0":null,"y1":null,"sp":[[56,3,3,0,null,null],[18,3,3,0,null,null],[17,2,2,0,null,null],[7,1,1,0,null,null]]}},{"type":"Feature","geometry":{"type":"Polygon","coordinates":[[[-154.22055,67.01165],[-154.22358,67.01021],[-154.22202,67.00855],[-154.21744,67.00833],[-154.21442,67.00977],[-154.21597,67.01143],[-154.22055,67.01165]]]},"properties":{"cell":"890c2569157ffff","res":9,"coarsened":false,"count":8,"hv":8,"mp":0,"y0":null,"y1":null,"sp":[[43,2,2,0,null,null],[18,2,2,0,null,null],[17,2,2,0,null,null],[56,1,1,0,null,null],[58,1,1,0,null,null]]}},{"type":"Feature","geometry":{"type":"Polygon","coordinates":[[[-154.1997,67.04079],[-154.20273,67.03935],[-154.20117,67.03769],[-154.19659,67.03747],[-154.19356,67.03892],[-154.19511,67.04058],[-154.1997,67.04079]]]},"properties":{"cell":"890c25695d7ffff","res":9,"coarsened":false,"count":10,"hv":10,"mp":0,"y0":null,"y1":null,"sp":[[19,4,4,0,null,null],[18,3,3,0,null,null],[65,2,2,0,null,null],[30,1,1,0,null,null]]}},{"type":"Feature","geometry":{"type":"Polygon","coordinates":[[[-154.19037,67.03083],[-154.1934,67.02939],[-154.19184,67.02773],[-154.18726,67.02751],[-154.18423,67.02895],[-154.18578,67.03061],[-154.19037,67.03083]]]},"properties":{"cell":"890c2569507ffff","res":9,"coarsened":false,"count":8,"hv":8,"mp":0,"y0":null,"y1":null,"sp":[[19,6,6,0,null,null],[68,1,1,0,null,null],[58,1,1,0,null,null]]}},{"type":"Feature","geometry":{"type":"Polygon","coordinates":[[[-154.18275,67.03206],[-154.18578,67.03061],[-154.18423,67.02895],[-154.17964,67.02873],[-154.17661,67.03018],[-154.17817,67.03184],[-154.18275,67.03206]]]},"properties":{"cell":"890c25695abffff","res":9,"coarsened":false,"count":3,"hv":3,"mp":0,"y0":null,"y1":null,"sp":[[58,1,1,0,null,null],[65,1,1,0,null,null],[86,1,1,0,null,null]]}},{"type":"Feature","geometry":{"type":"Polygon","coordinates":[[[-154.17955,68.15288],[-154.18274,68.15143],[-154.18111,68.14975],[-154.17627,68.14952],[-154.17308,68.15097],[-154.17472,68.15265],[-154.17955,68.15288]]]},"properties":{"cell":"890c24a2ecbffff","res":9,"coarsened":false,"count":25,"hv":25,"mp":0,"y0":null,"y1":null,"sp":[[120,4,4,0,null,null],[103,4,4,0,null,null],[18,4,4,0,null,null],[55,3,3,0,null,null],[30,2,2,0,null,null],[33,2,2,0,null,null],[80,1,1,0,null,null],[65,1,1,0,null,null],[28,1,1,0,null,null],[0,1,1,0,null,null],[13,1,1,0,null,null],[4,1,1,0,null,null]]}},{"type":"Feature","geometry":{"type":"Polygon","coordinates":[[[-154.17308,68.15097],[-154.17627,68.14952],[-154.17464,68.14784],[-154.16981,68.14761],[-154.16661,68.14906],[-154.16825,68.15074],[-154.17308,68.15097]]]},"properties":{"cell":"890c24a2ecfffff","res":9,"coarsened":false,"count":29,"hv":29,"mp":0,"y0":null,"y1":null,"sp":[[13,11,11,0,null,null],[18,7,7,0,null,null],[30,3,3,0,null,null],[55,2,2,0,null,null],[0,2,2,0,null,null],[73,2,2,0,null,null],[80,1,1,0,null,null],[76,1,1,0,null,null]]}},{"type":"Feature","geometry":{"type":"Polygon","coordinates":[[[-154.14811,68.20108],[-154.15131,68.19963],[-154.14968,68.19795],[-154.14483,68.19772],[-154.14163,68.19917],[-154.14327,68.20085],[-154.14811,68.20108]]]},"properties":{"cell":"890c24a25d3ffff","res":9,"coarsened":false,"count":10,"hv":10,"mp":0,"y0":null,"y1":null,"sp":[[30,3,3,0,null,null],[0,3,3,0,null,null],[13,2,2,0,null,null],[18,1,1,0,null,null],[17,1,1,0,null,null]]}},{"type":"Feature","geometry":{"type":"Polygon","coordinates":[[[-154.14007,68.2023],[-154.14327,68.20085],[-154.14163,68.19917],[-154.13679,68.19894],[-154.13359,68.20039],[-154.13522,68.20207],[-154.14007,68.2023]]]},"properties":{"cell":"890c24b0b6fffff","res":9,"coarsened":false,"count":10,"hv":10,"mp":0,"y0":null,"y1":null,"sp":[[0,4,4,0,null,null],[13,4,4,0,null,null],[18,2,2,0,null,null]]}},{"type":"Feature","geometry":{"type":"Polygon","coordinates":[[[-154.13273,68.14264],[-154.13593,68.14119],[-154.13429,68.1395],[-154.12947,68.13927],[-154.12627,68.14072],[-154.1279,68.1424],[-154.13273,68.14264]]]},"properties":{"cell":"890c24a28dbffff","res":9,"coarsened":false,"count":10,"hv":10,"mp":0,"y0":null,"y1":null,"sp":[[30,3,3,0,null,null],[0,2,2,0,null,null],[122,1,1,0,null,null],[4,1,1,0,null,null],[13,1,1,0,null,null],[72,1,1,0,null,null],[65,1,1,0,null,null]]}},{"type":"Feature","geometry":{"type":"Polygon","coordinates":[[[-154.11865,68.17081],[-154.12185,68.16936],[-154.12022,68.16768],[-154.11539,68.16745],[-154.11219,68.1689],[-154.11382,68.17058],[-154.11865,68.17081]]]},"properties":{"cell":"890c24a21b7ffff","res":9,"coarsened":false,"count":16,"hv":16,"mp":0,"y0":null,"y1":null,"sp":[[37,5,5,0,null,null],[13,3,3,0,null,null],[30,2,2,0,null,null],[4,1,1,0,null,null],[65,1,1,0,null,null],[103,1,1,0,null,null],[0,1,1,0,null,null],[100,1,1,0,null,null],[18,1,1,0,null,null]]}},{"type":"Feature","geometry":{"type":"Polygon","coordinates":[[[-154.12261,68.22231],[-154.12582,68.22086],[-154.12418,68.21918],[-154.11933,68.21895],[-154.11613,68.2204],[-154.11776,68.22208],[-154.12261,68.22231]]]},"properties":{"cell":"890c24b0b9bffff","res":9,"coarsened":false,"count":11,"hv":11,"mp":0,"y0":null,"y1":null,"sp":[[30,4,4,0,null,null],[0,4,4,0,null,null],[13,2,2,0,null,null],[18,1,1,0,null,null]]}},{"type":"Feature","geometry":{"type":"Polygon","coordinates":[[[-154.11062,68.17203],[-154.11382,68.17058],[-154.11219,68.1689],[-154.10735,68.16867],[-154.10415,68.17012],[-154.10578,68.1718],[-154.11062,68.17203]]]},"properties":{"cell":"890c24b527bffff","res":9,"coarsened":false,"count":10,"hv":10,"mp":0,"y0":null,"y1":null,"sp":[[30,3,3,0,null,null],[0,3,3,0,null,null],[13,3,3,0,null,null],[18,1,1,0,null,null]]}},{"type":"Feature","geometry":{"type":"Polygon","coordinates":[[[-154.10377,68.14125],[-154.10696,68.1398],[-154.10533,68.13812],[-154.10051,68.13789],[-154.09731,68.13934],[-154.09894,68.14102],[-154.10377,68.14125]]]},"properties":{"cell":"890c24a2883ffff","res":9,"coarsened":false,"count":11,"hv":11,"mp":0,"y0":null,"y1":null,"sp":[[30,4,4,0,null,null],[0,4,4,0,null,null],[13,1,1,0,null,null],[15,1,1,0,null,null],[4,1,1,0,null,null]]}},{"type":"Feature","geometry":{"type":"Polygon","coordinates":[[[-154.10297,68.20213],[-154.10617,68.20068],[-154.10454,68.199],[-154.0997,68.19876],[-154.09649,68.20021],[-154.09813,68.2019],[-154.10297,68.20213]]]},"properties":{"cell":"890c24b5653ffff","res":9,"coarsened":false,"count":10,"hv":10,"mp":0,"y0":null,"y1":null,"sp":[[18,4,4,0,null,null],[37,2,2,0,null,null],[0,1,1,0,null,null],[30,1,1,0,null,null],[13,1,1,0,null,null],[17,1,1,0,null,null]]}},{"type":"Feature","geometry":{"type":"Polygon","coordinates":[[[-154.08808,68.17255],[-154.09128,68.1711],[-154.08965,68.16942],[-154.08482,68.16919],[-154.08162,68.17064],[-154.08325,68.17232],[-154.08808,68.17255]]]},"properties":{"cell":"890c24b523bffff","res":9,"coarsened":false,"count":16,"hv":16,"mp":0,"y0":null,"y1":null,"sp":[[13,7,7,0,null,null],[0,4,4,0,null,null],[30,2,2,0,null,null],[18,1,1,0,null,null],[19,1,1,0,null,null],[65,1,1,0,null,null]]}},{"type":"Feature","geometry":{"type":"Polygon","coordinates":[[[-154.09353,68.22092],[-154.09674,68.21947],[-154.09511,68.21779],[-154.09026,68.21755],[-154.08705,68.219],[-154.08869,68.22069],[-154.09353,68.22092]]]},"properties":{"cell":"890c24b0943ffff","res":9,"coarsened":false,"count":12,"hv":12,"mp":0,"y0":null,"y1":null,"sp":[[46,4,4,0,null,null],[0,4,4,0,null,null],[30,2,2,0,null,null],[18,1,1,0,null,null],[13,1,1,0,null,null]]}},{"type":"Feature","geometry":{"type":"Polygon","coordinates":[[[-154.09233,68.25294],[-154.09555,68.25149],[-154.09391,68.24981],[-154.08906,68.24958],[-154.08584,68.25103],[-154.08748,68.25271],[-154.09233,68.25294]]]},"properties":{"cell":"890c24b0c33ffff","res":9,"coarsened":false,"count":15,"hv":15,"mp":0,"y0":null,"y1":null,"sp":[[13,9,9,0,null,null],[30,2,2,0,null,null],[18,1,1,0,null,null],[0,1,1,0,null,null],[17,1,1,0,null,null],[4,1,1,0,null,null]]}},{"type":"Feature","geometry":{"type":"Polygon","coordinates":[[[-154.08287,68.27174],[-154.08608,68.27029],[-154.08444,68.26861],[-154.07959,68.26837],[-154.07637,68.26982],[-154.07801,68.27151],[-154.08287,68.27174]]]},"properties":{"cell":"890c24b2a23ffff","res":9,"coarsened":false,"count":5,"hv":5,"mp":0,"y0":null,"y1":null,"sp":[[13,1,1,0,null,null],[18,1,1,0,null,null],[28,1,1,0,null,null],[0,1,1,0,null,null],[4,1,1,0,null,null]]}},{"type":"Feature","geometry":{"type":"Polygon","coordinates":[[[-154.08548,68.22214],[-154.08869,68.22069],[-154.08705,68.219],[-154.08221,68.21877],[-154.079,68.22022],[-154.08063,68.2219],[-154.08548,68.22214]]]},"properties":{"cell":"890c24b0957ffff","res":9,"coarsened":false,"count":9,"hv":9,"mp":0,"y0":null,"y1":null,"sp":[[30,4,4,0,null,null],[0,2,2,0,null,null],[13,2,2,0,null,null],[72,1,1,0,null,null]]}},{"type":"Feature","geometry":{"type":"Polygon","coordinates":[[[-154.07777,68.25224],[-154.08099,68.25079],[-154.07935,68.24911],[-154.0745,68.24888],[-154.07129,68.25033],[-154.07292,68.25201],[-154.07777,68.25224]]]},"properties":{"cell":"890c24b0ddbffff","res":9,"coarsened":false,"count":14,"hv":14,"mp":0,"y0":null,"y1":null,"sp":[[30,4,4,0,null,null],[0,4,4,0,null,null],[13,3,3,0,null,null],[18,1,1,0,null,null],[65,1,1,0,null,null],[17,1,1,0,null,null]]}},{"type":"Feature","geometry":{"type":"Polygon","coordinates":[[[-154.082,68.33269],[-154.08523,68.33124],[-154.08359,68.32955],[-154.07871,68.32932],[-154.07549,68.33077],[-154.07713,68.33245],[-154.082,68.33269]]]},"properties":{"cell":"890c24b21d3ffff","res":9,"coarsened":false,"count":12,"hv":12,"mp":0,"y0":null,"y1":null,"sp":[[0,4,4,0,null,null],[18,3,3,0,null,null],[30,2,2,0,null,null],[13,1,1,0,null,null],[4,1,1,0,null,null],[17,1,1,0,null,null]]}},{"type":"Feature","geometry":{"type":"Polygon","coordinates":[[[-154.07129,68.25033],[-154.0745,68.24888],[-154.07286,68.24719],[-154.06801,68.24696],[-154.0648,68.24841],[-154.06643,68.25009],[-154.07129,68.25033]]]},"properties":{"cell":"890c24b0dc3ffff","res":9,"coarsened":false,"count":11,"hv":11,"mp":0,"y0":null,"y1":null,"sp":[[13,3,3,0,null,null],[0,2,2,0,null,null],[72,1,1,0,null,null],[65,1,1,0,null,null],[30,1,1,0,null,null],[4,1,1,0,null,null],[18,1,1,0,null,null],[19,1,1,0,null,null]]}},{"type":"Feature","geometry":{"type":"Polygon","coordinates":[[[-154.07514,68.30186],[-154.07836,68.30041],[-154.07672,68.29873],[-154.07186,68.29849],[-154.06863,68.29994],[-154.07027,68.30163],[-154.07514,68.30186]]]},"properties":{"cell":"890c24b2e17ffff","res":9,"coarsened":false,"count":5,"hv":5,"mp":0,"y0":null,"y1":null,"sp":[[18,3,3,0,null,null],[4,1,1,0,null,null],[30,1,1,0,null,null]]}},{"type":"Feature","geometry":{"type":"Polygon","coordinates":[[[-154.06055,68.30116],[-154.06377,68.29971],[-154.06213,68.29802],[-154.05727,68.29779],[-154.05405,68.29924],[-154.05568,68.30092],[-154.06055,68.30116]]]},"properties":{"cell":"890c24b2ea3ffff","res":9,"coarsened":false,"count":6,"hv":6,"mp":0,"y0":null,"y1":null,"sp":[[18,3,3,0,null,null],[0,2,2,0,null,null],[4,1,1,0,null,null]]}},{"type":"Feature","geometry":{"type":"Polygon","coordinates":[[[-154.0406,68.25205],[-154.04381,68.25061],[-154.04218,68.24892],[-154.03733,68.24869],[-154.03411,68.25014],[-154.03574,68.25182],[-154.0406,68.25205]]]},"properties":{"cell":"890c24b0d97ffff","res":9,"coarsened":false,"count":12,"hv":12,"mp":0,"y0":null,"y1":null,"sp":[[0,5,5,0,null,null],[13,2,2,0,null,null],[30,2,2,0,null,null],[65,1,1,0,null,null],[74,1,1,0,null,null],[18,1,1,0,null,null]]}},{"type":"Feature","geometry":{"type":"Polygon","coordinates":[[[-154.03787,68.30167],[-154.0411,68.30022],[-154.03946,68.29853],[-154.0346,68.2983],[-154.03137,68.29975],[-154.03301,68.30143],[-154.03787,68.30167]]]},"properties":{"cell":"890c24b2c63ffff","res":9,"coarsened":false,"count":10,"hv":10,"mp":0,"y0":null,"y1":null,"sp":[[13,5,5,0,null,null],[18,2,2,0,null,null],[0,1,1,0,null,null],[4,1,1,0,null,null],[30,1,1,0,null,null]]}},{"type":"Feature","geometry":{"type":"Polygon","coordinates":[[[-154.03108,68.27085],[-154.0343,68.2694],[-154.03267,68.26772],[-154.02782,68.26748],[-154.02459,68.26893],[-154.02623,68.27061],[-154.03108,68.27085]]]},"properties":{"cell":"890c24b2b87ffff","res":9,"coarsened":false,"count":9,"hv":9,"mp":0,"y0":null,"y1":null,"sp":[[0,4,4,0,null,null],[13,3,3,0,null,null],[18,1,1,0,null,null],[30,1,1,0,null,null]]}},{"type":"Feature","geometry":{"type":"Polygon","coordinates":[[[-154.72374,67.14261],[-154.72675,67.14116],[-154.72515,67.1395],[-154.72053,67.13929],[-154.71751,67.14075],[-154.71912,67.14241],[-154.72374,67.14261]]]},"properties":{"cell":"890c20b1933ffff","res":9,"coarsened":false,"count":5,"hv":5,"mp":0,"y0":null,"y1":null,"sp":[[92,1,1,0,null,null],[80,1,1,0,null,null],[61,1,1,0,null,null],[55,1,1,0,null,null],[76,1,1,0,null,null]]}},{"type":"Feature","geometry":{"type":"Polygon","coordinates":[[[-154.70988,67.142],[-154.71289,67.14054],[-154.71129,67.13889],[-154.70667,67.13868],[-154.70365,67.14013],[-154.70525,67.14179],[-154.70988,67.142]]]},"properties":{"cell":"890c20a24dbffff","res":9,"coarsened":false,"count":5,"hv":5,"mp":0,"y0":null,"y1":null,"sp":[[55,2,2,0,null,null],[76,1,1,0,null,null],[17,1,1,0,null,null],[20,1,1,0,null,null]]}},{"type":"Feature","geometry":{"type":"Polygon","coordinates":[[[-154.71438,68.04127],[-154.71752,68.03981],[-154.71585,68.03813],[-154.71103,68.03792],[-154.70788,68.03938],[-154.70956,68.04105],[-154.71438,68.04127]]]},"properties":{"cell":"890c24a9cbbffff","res":9,"coarsened":false,"count":2,"hv":2,"mp":0,"y0":null,"y1":null,"sp":[[43,1,1,0,null,null],[3,1,1,0,null,null]]}},{"type":"Feature","geometry":{"type":"Polygon","coordinates":[[[-154.70971,68.08268],[-154.71286,68.08122],[-154.71119,68.07955],[-154.70636,68.07933],[-154.70321,68.08079],[-154.70488,68.08247],[-154.70971,68.08268]]]},"properties":{"cell":"890c24a8603ffff","res":9,"coarsened":false,"count":3,"hv":3,"mp":0,"y0":null,"y1":null,"sp":[[0,2,2,0,null,null],[18,1,1,0,null,null]]}},{"type":"Feature","geometry":{"type":"Polygon","coordinates":[[[-154.70321,68.08079],[-154.70636,68.07933],[-154.70468,68.07766],[-154.69985,68.07744],[-154.6967,68.07891],[-154.69838,68.08058],[-154.70321,68.08079]]]},"properties":{"cell":"890c24a8607ffff","res":9,"coarsened":false,"count":11,"hv":11,"mp":0,"y0":null,"y1":null,"sp":[[85,2,2,0,null,null],[18,2,2,0,null,null],[30,2,2,0,null,null],[56,2,2,0,null,null],[43,1,1,0,null,null],[60,1,1,0,null,null],[0,1,1,0,null,null]]}},{"type":"Feature","geometry":{"type":"Polygon","coordinates":[[[-154.30473,67.16162],[-154.30777,67.16018],[-154.30619,67.15852],[-154.30158,67.1583],[-154.29854,67.15975],[-154.30011,67.16141],[-154.30473,67.16162]]]},"properties":{"cell":"890c20b6153ffff","res":9,"coarsened":false,"count":3,"hv":3,"mp":0,"y0":null,"y1":null,"sp":[[31,1,1,0,null,null],[43,1,1,0,null,null],[56,1,1,0,null,null]]}},{"type":"Feature","geometry":{"type":"Polygon","coordinates":[[[-154.26054,67.18019],[-154.26359,67.17875],[-154.26202,67.17708],[-154.2574,67.17687],[-154.25435,67.17831],[-154.25592,67.17997],[-154.26054,67.18019]]]},"properties":{"cell":"890c20b65abffff","res":9,"coarsened":false,"count":7,"hv":7,"mp":0,"y0":null,"y1":null,"sp":[[60,3,3,0,null,null],[56,2,2,0,null,null],[18,1,1,0,null,null],[19,1,1,0,null,null]]}},{"type":"Feature","geometry":{"type":"Polygon","coordinates":[[[-154.21831,66.9719],[-154.22133,66.97046],[-154.21978,66.9688],[-154.21521,66.96859],[-154.21219,66.97003],[-154.21374,66.97169],[-154.21831,66.9719]]]},"properties":{"cell":"890c2569a8fffff","res":9,"coarsened":false,"count":8,"hv":8,"mp":0,"y0":null,"y1":null,"sp":[[56,3,3,0,null,null],[68,2,2,0,null,null],[86,1,1,0,null,null],[18,1,1,0,null,null],[19,1,1,0,null,null]]}},{"type":"Feature","geometry":{"type":"Polygon","coordinates":[[[-154.18104,67.02087],[-154.18407,67.01943],[-154.18252,67.01777],[-154.17794,67.01755],[-154.17491,67.01899],[-154.17646,67.02065],[-154.18104,67.02087]]]},"properties":{"cell":"890c256825bffff","res":9,"coarsened":false,"count":3,"hv":3,"mp":0,"y0":null,"y1":null,"sp":[[19,2,2,0,null,null],[18,1,1,0,null,null]]}},{"type":"Feature","geometry":{"type":"Polygon","coordinates":[[[-154.14119,68.17029],[-154.14439,68.16884],[-154.14275,68.16716],[-154.13792,68.16693],[-154.13472,68.16838],[-154.13636,68.17006],[-154.14119,68.17029]]]},"properties":{"cell":"890c24a2117ffff","res":9,"coarsened":false,"count":11,"hv":11,"mp":0,"y0":null,"y1":null,"sp":[[13,4,4,0,null,null],[0,2,2,0,null,null],[4,1,1,0,null,null],[28,1,1,0,null,null],[30,1,1,0,null,null],[17,1,1,0,null,null],[18,1,1,0,null,null]]}},{"type":"Feature","geometry":{"type":"Polygon","coordinates":[[[-154.09316,68.19204],[-154.09637,68.19059],[-154.09473,68.18891],[-154.0899,68.18867],[-154.08669,68.19012],[-154.08832,68.1918],[-154.09316,68.19204]]]},"properties":{"cell":"890c24b5663ffff","res":9,"coarsened":false,"count":5,"hv":5,"mp":0,"y0":null,"y1":null,"sp":[[13,4,4,0,null,null],[17,1,1,0,null,null]]}},{"type":"Feature","geometry":{"type":"Polygon","coordinates":[[[-154.08973,68.30256],[-154.09295,68.30111],[-154.09131,68.29943],[-154.08645,68.29919],[-154.08322,68.30064],[-154.08487,68.30233],[-154.08973,68.30256]]]},"properties":{"cell":"890c24b2e1bffff","res":9,"coarsened":false,"count":16,"hv":16,"mp":0,"y0":null,"y1":null,"sp":[[30,4,4,0,null,null],[0,3,3,0,null,null],[18,3,3,0,null,null],[34,2,2,0,null,null],[13,2,2,0,null,null],[65,1,1,0,null,null],[4,1,1,0,null,null]]}},{"type":"Feature","geometry":{"type":"Polygon","coordinates":[[[-154.07865,68.19134],[-154.08185,68.18989],[-154.08022,68.18821],[-154.07538,68.18797],[-154.07218,68.18942],[-154.07381,68.19111],[-154.07865,68.19134]]]},"properties":{"cell":"890c24b562bffff","res":9,"coarsened":false,"count":2,"hv":2,"mp":0,"y0":null,"y1":null,"sp":[[122,1,1,0,null,null],[56,1,1,0,null,null]]}},{"type":"Feature","geometry":{"type":"Polygon","coordinates":[[[-154.06022,68.27226],[-154.06344,68.27081],[-154.0618,68.26912],[-154.05695,68.26889],[-154.05373,68.27034],[-154.05536,68.27202],[-154.06022,68.27226]]]},"properties":{"cell":"890c24b2bc3ffff","res":9,"coarsened":false,"count":13,"hv":13,"mp":0,"y0":null,"y1":null,"sp":[[30,3,3,0,null,null],[0,3,3,0,null,null],[18,3,3,0,null,null],[65,1,1,0,null,null],[5,1,1,0,null,null],[13,1,1,0,null,null],[4,1,1,0,null,null]]}},{"type":"Feature","geometry":{"type":"Polygon","coordinates":[[[-154.05278,68.33128],[-154.05601,68.32983],[-154.05437,68.32815],[-154.0495,68.32791],[-154.04627,68.32936],[-154.04791,68.33105],[-154.05278,68.33128]]]},"properties":{"cell":"890c24b2197ffff","res":9,"coarsened":false,"count":18,"hv":18,"mp":0,"y0":null,"y1":null,"sp":[[0,4,4,0,null,null],[13,4,4,0,null,null],[80,3,3,0,null,null],[18,3,3,0,null,null],[20,2,2,0,null,null],[86,1,1,0,null,null],[17,1,1,0,null,null]]}},{"type":"Feature","geometry":{"type":"Polygon","coordinates":[[[-154.03035,68.36071],[-154.03359,68.35926],[-154.03195,68.35757],[-154.02707,68.35734],[-154.02384,68.35879],[-154.02548,68.36047],[-154.03035,68.36071]]]},"properties":{"cell":"890d0b48b37ffff","res":9,"coarsened":false,"count":14,"hv":14,"mp":0,"y0":null,"y1":null,"sp":[[30,4,4,0,null,null],[0,4,4,0,null,null],[4,2,2,0,null,null],[122,1,1,0,null,null],[13,1,1,0,null,null],[18,1,1,0,null,null],[9,1,1,0,null,null]]}},{"type":"Feature","geometry":{"type":"Polygon","coordinates":[[[-154.71205,68.06197],[-154.71519,68.06051],[-154.71352,68.05884],[-154.70869,68.05862],[-154.70555,68.06009],[-154.70722,68.06176],[-154.71205,68.06197]]]},"properties":{"cell":"890c24a8217ffff","res":9,"coarsened":false,"count":4,"hv":4,"mp":0,"y0":null,"y1":null,"sp":[[56,2,2,0,null,null],[138,1,1,0,null,null],[43,1,1,0,null,null]]}},{"type":"Feature","geometry":{"type":"Polygon","coordinates":[[[-154.70224,67.14325],[-154.70525,67.14179],[-154.70365,67.14013],[-154.69903,67.13993],[-154.69601,67.14138],[-154.69762,67.14304],[-154.70224,67.14325]]]},"properties":{"cell":"890c20a24d3ffff","res":9,"coarsened":false,"count":5,"hv":5,"mp":0,"y0":null,"y1":null,"sp":[[55,2,2,0,null,null],[68,1,1,0,null,null],[76,1,1,0,null,null],[86,1,1,0,null,null]]}},{"type":"Feature","geometry":{"type":"Polygon","coordinates":[[[-154.35211,67.15114],[-154.35515,67.14969],[-154.35357,67.14803],[-154.34896,67.14781],[-154.34592,67.14926],[-154.3475,67.15092],[-154.35211,67.15114]]]},"properties":{"cell":"890c20b6357ffff","res":9,"coarsened":false,"count":5,"hv":5,"mp":0,"y0":null,"y1":null,"sp":[[76,2,2,0,null,null],[55,2,2,0,null,null],[20,1,1,0,null,null]]}},{"type":"Feature","geometry":{"type":"Polygon","coordinates":[[[-154.32297,67.15295],[-154.32601,67.1515],[-154.32443,67.14984],[-154.31982,67.14963],[-154.31678,67.15107],[-154.31835,67.15273],[-154.32297,67.15295]]]},"properties":{"cell":"890c20b63bbffff","res":9,"coarsened":false,"count":9,"hv":9,"mp":0,"y0":null,"y1":null,"sp":[[19,3,3,0,null,null],[18,2,2,0,null,null],[68,1,1,0,null,null],[20,1,1,0,null,null],[17,1,1,0,null,null],[21,1,1,0,null,null]]}},{"type":"Feature","geometry":{"type":"Polygon","coordinates":[[[-154.30913,67.1523],[-154.31217,67.15086],[-154.31059,67.14919],[-154.30598,67.14898],[-154.30294,67.15042],[-154.30452,67.15209],[-154.30913,67.1523]]]},"properties":{"cell":"890c20b63b7ffff","res":9,"coarsened":false,"count":11,"hv":11,"mp":0,"y0":null,"y1":null,"sp":[[17,4,4,0,null,null],[30,2,2,0,null,null],[56,2,2,0,null,null],[18,1,1,0,null,null],[58,1,1,0,null,null],[68,1,1,0,null,null]]}},{"type":"Feature","geometry":{"type":"Polygon","coordinates":[[[-154.29529,67.15165],[-154.29833,67.15021],[-154.29676,67.14855],[-154.29215,67.14833],[-154.28911,67.14977],[-154.29068,67.15144],[-154.29529,67.15165]]]},"properties":{"cell":"890c20b6163ffff","res":9,"coarsened":false,"count":6,"hv":6,"mp":0,"y0":null,"y1":null,"sp":[[17,2,2,0,null,null],[18,2,2,0,null,null],[19,1,1,0,null,null],[0,1,1,0,null,null]]}},{"type":"Feature","geometry":{"type":"Polygon","coordinates":[[[-154.23256,67.00112],[-154.23559,66.99968],[-154.23403,66.99802],[-154.22945,66.9978],[-154.22643,66.99924],[-154.22798,67.0009],[-154.23256,67.00112]]]},"properties":{"cell":"890c25693a7ffff","res":9,"coarsened":false,"count":4,"hv":4,"mp":0,"y0":null,"y1":null,"sp":[[56,1,1,0,null,null],[17,1,1,0,null,null],[7,1,1,0,null,null],[18,1,1,0,null,null]]}},{"type":"Feature","geometry":{"type":"Polygon","coordinates":[[[-154.22496,67.00234],[-154.22798,67.0009],[-154.22643,66.99924],[-154.22185,66.99903],[-154.21883,67.00047],[-154.22038,67.00213],[-154.22496,67.00234]]]},"properties":{"cell":"890c256916bffff","res":9,"coarsened":false,"count":9,"hv":9,"mp":0,"y0":null,"y1":null,"sp":[[18,3,3,0,null,null],[17,2,2,0,null,null],[19,1,1,0,null,null],[68,1,1,0,null,null],[0,1,1,0,null,null],[21,1,1,0,null,null]]}},{"type":"Feature","geometry":{"type":"Polygon","coordinates":[[[-154.17832,67.04136],[-154.18135,67.03992],[-154.1798,67.03826],[-154.17521,67.03804],[-154.17218,67.03948],[-154.17374,67.04114],[-154.17832,67.04136]]]},"properties":{"cell":"890c2569597ffff","res":9,"coarsened":false,"count":8,"hv":8,"mp":0,"y0":null,"y1":null,"sp":[[4,2,2,0,null,null],[20,2,2,0,null,null],[18,1,1,0,null,null],[68,1,1,0,null,null],[65,1,1,0,null,null],[19,1,1,0,null,null]]}},{"type":"Feature","geometry":{"type":"Polygon","coordinates":[[[-154.16139,67.03262],[-154.16442,67.03118],[-154.16286,67.02952],[-154.15828,67.0293],[-154.15525,67.03074],[-154.1568,67.0324],[-154.16139,67.03262]]]},"properties":{"cell":"890c256866bffff","res":9,"coarsened":false,"count":7,"hv":7,"mp":0,"y0":null,"y1":null,"sp":[[68,2,2,0,null,null],[76,2,2,0,null,null],[19,1,1,0,null,null],[86,1,1,0,null,null],[80,1,1,0,null,null]]}},{"type":"Feature","geometry":{"type":"Polygon","coordinates":[[[-154.14764,67.03196],[-154.15067,67.03052],[-154.14912,67.02886],[-154.14453,67.02864],[-154.1415,67.03008],[-154.14305,67.03174],[-154.14764,67.03196]]]},"properties":{"cell":"890c2568667ffff","res":9,"coarsened":false,"count":4,"hv":4,"mp":0,"y0":null,"y1":null,"sp":[[68,1,1,0,null,null],[19,1,1,0,null,null],[58,1,1,0,null,null],[76,1,1,0,null,null]]}},{"type":"Feature","geometry":{"type":"Polygon","coordinates":[[[-154.14319,67.04127],[-154.14622,67.03983],[-154.14467,67.03817],[-154.14009,67.03795],[-154.13706,67.03939],[-154.13861,67.04105],[-154.14319,67.04127]]]},"properties":{"cell":"890c2568603ffff","res":9,"coarsened":false,"count":4,"hv":4,"mp":0,"y0":null,"y1":null,"sp":[[19,2,2,0,null,null],[20,1,1,0,null,null],[18,1,1,0,null,null]]}},{"type":"Feature","geometry":{"type":"Polygon","coordinates":[[[-154.11825,68.14194],[-154.12144,68.14049],[-154.11981,68.13881],[-154.11498,68.13858],[-154.11179,68.14003],[-154.11342,68.14171],[-154.11825,68.14194]]]},"properties":{"cell":"890c24a28d7ffff","res":9,"coarsened":false,"count":10,"hv":10,"mp":0,"y0":null,"y1":null,"sp":[[0,3,3,0,null,null],[65,2,2,0,null,null],[30,2,2,0,null,null],[13,1,1,0,null,null],[103,1,1,0,null,null],[18,1,1,0,null,null]]}},{"type":"Feature","geometry":{"type":"Polygon","coordinates":[[[-154.11022,68.14316],[-154.11342,68.14171],[-154.11179,68.14003],[-154.10696,68.1398],[-154.10377,68.14125],[-154.1054,68.14293],[-154.11022,68.14316]]]},"properties":{"cell":"890c24a289bffff","res":9,"coarsened":false,"count":15,"hv":15,"mp":0,"y0":null,"y1":null,"sp":[[13,6,6,0,null,null],[30,3,3,0,null,null],[0,2,2,0,null,null],[65,2,2,0,null,null],[4,1,1,0,null,null],[18,1,1,0,null,null]]}},{"type":"Feature","geometry":{"type":"Polygon","coordinates":[[[-154.10258,68.17325],[-154.10578,68.1718],[-154.10415,68.17012],[-154.09932,68.16989],[-154.09612,68.17134],[-154.09775,68.17302],[-154.10258,68.17325]]]},"properties":{"cell":"890c24b5273ffff","res":9,"coarsened":false,"count":8,"hv":8,"mp":0,"y0":null,"y1":null,"sp":[[30,4,4,0,null,null],[0,2,2,0,null,null],[13,1,1,0,null,null],[65,1,1,0,null,null]]}},{"type":"Feature","geometry":{"type":"Polygon","coordinates":[[[-154.11658,68.36807],[-154.19592,68.34936],[-154.19531,68.31562],[-154.11563,68.30059],[-154.03643,68.31925],[-154.03677,68.35299],[-154.11658,68.36807]]]},"properties":{"cell":"860c24b27ffffff","res":6,"coarsened":true,"count":4,"hv":4,"mp":0,"y0":null,"y1":null,"sp":[[79,4,4,0,null,null]]}},{"type":"Feature","geometry":{"type":"Polygon","coordinates":[[[-154.03253,68.25327],[-154.03574,68.25182],[-154.03411,68.25014],[-154.02926,68.2499],[-154.02604,68.25135],[-154.02767,68.25303],[-154.03253,68.25327]]]},"properties":{"cell":"890c24b765bffff","res":9,"coarsened":false,"count":9,"hv":9,"mp":0,"y0":null,"y1":null,"sp":[[30,3,3,0,null,null],[0,3,3,0,null,null],[13,2,2,0,null,null],[65,1,1,0,null,null]]}},{"type":"Feature","geometry":{"type":"Polygon","coordinates":[[[-154.02978,68.30288],[-154.03301,68.30143],[-154.03137,68.29975],[-154.02651,68.29951],[-154.02328,68.30096],[-154.02492,68.30265],[-154.02978,68.30288]]]},"properties":{"cell":"890c24b2c77ffff","res":9,"coarsened":false,"count":10,"hv":10,"mp":0,"y0":null,"y1":null,"sp":[[0,3,3,0,null,null],[18,3,3,0,null,null],[13,3,3,0,null,null],[30,1,1,0,null,null]]}},{"type":"Feature","geometry":{"type":"Polygon","coordinates":[[[-154.02273,68.24317],[-154.02595,68.24172],[-154.02432,68.24004],[-154.01947,68.2398],[-154.01625,68.24125],[-154.01788,68.24293],[-154.02273,68.24317]]]},"properties":{"cell":"890c24b766bffff","res":9,"coarsened":false,"count":9,"hv":9,"mp":0,"y0":null,"y1":null,"sp":[[0,4,4,0,null,null],[30,3,3,0,null,null],[72,1,1,0,null,null],[17,1,1,0,null,null]]}},{"type":"Feature","geometry":{"type":"Polygon","coordinates":[[[-154.02501,68.31228],[-154.02824,68.31083],[-154.0266,68.30915],[-154.02174,68.30891],[-154.01851,68.31036],[-154.02015,68.31205],[-154.02501,68.31228]]]},"properties":{"cell":"890c24b2c13ffff","res":9,"coarsened":false,"count":13,"hv":13,"mp":0,"y0":null,"y1":null,"sp":[[0,7,7,0,null,null],[80,2,2,0,null,null],[30,2,2,0,null,null],[20,1,1,0,null,null],[13,1,1,0,null,null]]}},{"type":"Feature","geometry":{"type":"Polygon","coordinates":[[[-154.02224,68.36192],[-154.02548,68.36047],[-154.02384,68.35879],[-154.01896,68.35855],[-154.01573,68.36],[-154.01737,68.36168],[-154.02224,68.36192]]]},"properties":{"cell":"890d0b4d6dbffff","res":9,"coarsened":false,"count":13,"hv":13,"mp":0,"y0":null,"y1":null,"sp":[[0,5,5,0,null,null],[4,3,3,0,null,null],[5,2,2,0,null,null],[13,1,1,0,null,null],[30,1,1,0,null,null],[18,1,1,0,null,null]]}},{"type":"Feature","geometry":{"type":"Polygon","coordinates":[[[-154.00844,68.27136],[-154.01166,68.26991],[-154.01003,68.26822],[-154.00518,68.26799],[-154.00195,68.26944],[-154.00359,68.27112],[-154.00844,68.27136]]]},"properties":{"cell":"890c24b2947ffff","res":9,"coarsened":false,"count":9,"hv":9,"mp":0,"y0":null,"y1":null,"sp":[[0,4,4,0,null,null],[13,2,2,0,null,null],[4,1,1,0,null,null],[18,1,1,0,null,null],[30,1,1,0,null,null]]}},{"type":"Feature","geometry":{"type":"Polygon","coordinates":[[[-154.01546,68.33108],[-154.01869,68.32963],[-154.01705,68.32795],[-154.01218,68.32771],[-154.00895,68.32916],[-154.01059,68.33085],[-154.01546,68.33108]]]},"properties":{"cell":"890d0b4d203ffff","res":9,"coarsened":false,"count":14,"hv":14,"mp":0,"y0":null,"y1":null,"sp":[[18,3,3,0,null,null],[0,3,3,0,null,null],[13,3,3,0,null,null],[80,2,2,0,null,null],[20,1,1,0,null,null],[68,1,1,0,null,null],[55,1,1,0,null,null]]}},{"type":"Feature","geometry":{"type":"Polygon","coordinates":[[[-154.00036,68.27257],[-154.00359,68.27112],[-154.00195,68.26944],[-153.9971,68.2692],[-153.99388,68.27065],[-153.99551,68.27233],[-154.00036,68.27257]]]},"properties":{"cell":"890c24b290bffff","res":9,"coarsened":false,"count":9,"hv":9,"mp":0,"y0":null,"y1":null,"sp":[[30,4,4,0,null,null],[0,3,3,0,null,null],[4,2,2,0,null,null]]}},{"type":"Feature","geometry":{"type":"Polygon","coordinates":[[[-153.99275,68.33159],[-153.99598,68.33014],[-153.99435,68.32845],[-153.98948,68.32822],[-153.98625,68.32966],[-153.98788,68.33135],[-153.99275,68.33159]]]},"properties":{"cell":"890d0b4d2a3ffff","res":9,"coarsened":false,"count":15,"hv":15,"mp":0,"y0":null,"y1":null,"sp":[[0,4,4,0,null,null],[18,3,3,0,null,null],[55,3,3,0,null,null],[80,2,2,0,null,null],[86,2,2,0,null,null],[20,1,1,0,null,null]]}},{"type":"Feature","geometry":{"type":"Polygon","coordinates":[[[-153.99299,68.3605],[-153.99622,68.35905],[-153.99458,68.35737],[-153.98971,68.35713],[-153.98647,68.35858],[-153.98811,68.36026],[-153.99299,68.3605]]]},"properties":{"cell":"890d0b4d683ffff","res":9,"coarsened":false,"count":11,"hv":11,"mp":0,"y0":null,"y1":null,"sp":[[13,3,3,0,null,null],[0,3,3,0,null,null],[17,2,2,0,null,null],[18,2,2,0,null,null],[4,1,1,0,null,null]]}},{"type":"Feature","geometry":{"type":"Polygon","coordinates":[[[-154.78187,67.17057],[-154.78488,67.16912],[-154.78327,67.16746],[-154.77864,67.16726],[-154.77563,67.16871],[-154.77724,67.17037],[-154.78187,67.17057]]]},"properties":{"cell":"890c20b1c6fffff","res":9,"coarsened":false,"count":2,"hv":2,"mp":0,"y0":null,"y1":null,"sp":[[80,1,1,0,null,null],[55,1,1,0,null,null]]}},{"type":"Feature","geometry":{"type":"Polygon","coordinates":[[[-154.76331,67.13324],[-154.76632,67.13179],[-154.76471,67.13013],[-154.76009,67.12993],[-154.75708,67.13138],[-154.75869,67.13304],[-154.76331,67.13324]]]},"properties":{"cell":"890c20a26dbffff","res":9,"coarsened":false,"count":1,"hv":1,"mp":0,"y0":null,"y1":null,"sp":[[55,1,1,0,null,null]]}},{"type":"Feature","geometry":{"type":"Polygon","coordinates":[[[-154.32722,67.20398],[-154.40218,67.18522],[-154.40129,67.15183],[-154.32568,67.1372],[-154.25084,67.15591],[-154.2515,67.1893],[-154.32722,67.20398]]]},"properties":{"cell":"860c20b67ffffff","res":6,"coarsened":true,"count":4,"hv":4,"mp":0,"y0":null,"y1":null,"sp":[[79,4,4,0,null,null]]}},{"type":"Feature","geometry":{"type":"Polygon","coordinates":[[[-154.36339,67.17231],[-154.36643,67.17086],[-154.36485,67.1692],[-154.36023,67.16898],[-154.35719,67.17043],[-154.35877,67.17209],[-154.36339,67.17231]]]},"properties":{"cell":"890c20b6297ffff","res":9,"coarsened":false,"count":3,"hv":3,"mp":0,"y0":null,"y1":null,"sp":[[90,2,2,0,null,null],[19,1,1,0,null,null]]}},{"type":"Feature","geometry":{"type":"Polygon","coordinates":[[[-154.22936,66.99304],[-154.23238,66.9916],[-154.23083,66.98994],[-154.22625,66.98972],[-154.22323,66.99116],[-154.22479,66.99282],[-154.22936,66.99304]]]},"properties":{"cell":"890c2569ecfffff","res":9,"coarsened":false,"count":5,"hv":5,"mp":0,"y0":null,"y1":null,"sp":[[43,2,2,0,null,null],[19,1,1,0,null,null],[68,1,1,0,null,null],[17,1,1,0,null,null]]}},{"type":"Feature","geometry":{"type":"Polygon","coordinates":[[[-154.24888,67.05582],[-154.32337,67.03711],[-154.32261,67.00377],[-154.24758,66.98915],[-154.1732,67.00781],[-154.17374,67.04114],[-154.24888,67.05582]]]},"properties":{"cell":"860c25697ffffff","res":6,"coarsened":true,"count":2,"hv":2,"mp":0,"y0":null,"y1":null,"sp":[[79,2,2,0,null,null]]}},{"type":"Feature","geometry":{"type":"Polygon","coordinates":[[[-154.1707,67.04258],[-154.17374,67.04114],[-154.17218,67.03948],[-154.1676,67.03926],[-154.16457,67.0407],[-154.16612,67.04237],[-154.1707,67.04258]]]},"properties":{"cell":"890c256865bffff","res":9,"coarsened":false,"count":4,"hv":4,"mp":0,"y0":null,"y1":null,"sp":[[19,2,2,0,null,null],[76,1,1,0,null,null],[70,1,1,0,null,null]]}},{"type":"Feature","geometry":{"type":"Polygon","coordinates":[[[-154.1415,67.03008],[-154.14453,67.02864],[-154.14298,67.02698],[-154.1384,67.02676],[-154.13537,67.0282],[-154.13692,67.02986],[-154.1415,67.03008]]]},"properties":{"cell":"890c2568293ffff","res":9,"coarsened":false,"count":3,"hv":3,"mp":0,"y0":null,"y1":null,"sp":[[19,2,2,0,null,null],[68,1,1,0,null,null]]}},{"type":"Feature","geometry":{"type":"Polygon","coordinates":[[[-154.20904,67.05076],[-154.21207,67.04931],[-154.21051,67.04765],[-154.20593,67.04744],[-154.20289,67.04888],[-154.20445,67.05054],[-154.20904,67.05076]]]},"properties":{"cell":"890c256b34fffff","res":9,"coarsened":false,"count":4,"hv":4,"mp":0,"y0":null,"y1":null,"sp":[[19,2,2,0,null,null],[18,1,1,0,null,null],[20,1,1,0,null,null]]}},{"type":"Feature","geometry":{"type":"Polygon","coordinates":[[[-154.02197,68.333],[-154.0252,68.33155],[-154.02356,68.32987],[-154.01869,68.32963],[-154.01546,68.33108],[-154.0171,68.33277],[-154.02197,68.333]]]},"properties":{"cell":"890d0b4d21bffff","res":9,"coarsened":false,"count":17,"hv":17,"mp":0,"y0":null,"y1":null,"sp":[[0,5,5,0,null,null],[18,3,3,0,null,null],[13,2,2,0,null,null],[20,2,2,0,null,null],[80,1,1,0,null,null],[30,1,1,0,null,null],[92,1,1,0,null,null],[86,1,1,0,null,null],[55,1,1,0,null,null]]}},{"type":"Feature","geometry":{"type":"Polygon","coordinates":[[[-154.06289,68.22265],[-154.0661,68.2212],[-154.06447,68.21952],[-154.05962,68.21929],[-154.05641,68.22074],[-154.05804,68.22242],[-154.06289,68.22265]]]},"properties":{"cell":"890c24b0917ffff","res":9,"coarsened":false,"count":5,"hv":5,"mp":0,"y0":null,"y1":null,"sp":[[13,4,4,0,null,null],[17,1,1,0,null,null]]}},{"type":"Feature","geometry":{"type":"Polygon","coordinates":[[[-154.02301,68.27206],[-154.02623,68.27061],[-154.02459,68.26893],[-154.01974,68.26869],[-154.01652,68.27014],[-154.01815,68.27183],[-154.02301,68.27206]]]},"properties":{"cell":"890c24b294bffff","res":9,"coarsened":false,"count":13,"hv":13,"mp":0,"y0":null,"y1":null,"sp":[[13,8,8,0,null,null],[0,4,4,0,null,null],[30,1,1,0,null,null]]}},{"type":"Feature","geometry":{"type":"Polygon","coordinates":[[[-153.9858,68.27186],[-153.98902,68.27041],[-153.98739,68.26873],[-153.98254,68.26849],[-153.97932,68.26994],[-153.98095,68.27162],[-153.9858,68.27186]]]},"properties":{"cell":"890c24b2907ffff","res":9,"coarsened":false,"count":14,"hv":14,"mp":0,"y0":null,"y1":null,"sp":[[0,4,4,0,null,null],[30,4,4,0,null,null],[18,2,2,0,null,null],[68,1,1,0,null,null],[13,1,1,0,null,null],[4,1,1,0,null,null],[17,1,1,0,null,null]]}},{"type":"Feature","geometry":{"type":"Polygon","coordinates":[[[-153.93088,67.65148],[-153.93401,67.65003],[-153.93243,67.64836],[-153.92772,67.64813],[-153.92459,67.64957],[-153.92617,67.65124],[-153.93088,67.65148]]]},"properties":{"cell":"890c25cd433ffff","res":9,"coarsened":false,"count":2,"hv":2,"mp":0,"y0":null,"y1":null,"sp":[[80,1,1,0,null,null],[86,1,1,0,null,null]]}},{"type":"Feature","geometry":{"type":"Polygon","coordinates":[[[-153.91357,67.64264],[-153.9167,67.6412],[-153.91512,67.63953],[-153.91042,67.6393],[-153.90728,67.64074],[-153.90886,67.64241],[-153.91357,67.64264]]]},"properties":{"cell":"890c25cd557ffff","res":9,"coarsened":false,"count":2,"hv":2,"mp":0,"y0":null,"y1":null,"sp":[[17,1,1,0,null,null],[56,1,1,0,null,null]]}},{"type":"Feature","geometry":{"type":"Polygon","coordinates":[[[-153.88861,67.69248],[-153.89175,67.69104],[-153.89017,67.68937],[-153.88545,67.68914],[-153.88231,67.69058],[-153.88389,67.69225],[-153.88861,67.69248]]]},"properties":{"cell":"890c25cf0c3ffff","res":9,"coarsened":false,"count":8,"hv":8,"mp":0,"y0":null,"y1":null,"sp":[[18,2,2,0,null,null],[17,2,2,0,null,null],[122,2,2,0,null,null],[80,1,1,0,null,null],[7,1,1,0,null,null]]}},{"type":"Feature","geometry":{"type":"Polygon","coordinates":[[[-153.86975,67.70113],[-153.87289,67.69969],[-153.87132,67.69801],[-153.8666,67.69778],[-153.86345,67.69922],[-153.86503,67.7009],[-153.86975,67.70113]]]},"properties":{"cell":"890c25cf477ffff","res":9,"coarsened":false,"count":3,"hv":3,"mp":0,"y0":null,"y1":null,"sp":[[30,2,2,0,null,null],[17,1,1,0,null,null]]}},{"type":"Feature","geometry":{"type":"Polygon","coordinates":[[[-153.71976,67.81024],[-153.72292,67.8088],[-153.72135,67.80712],[-153.71661,67.80688],[-153.71344,67.80832],[-153.71501,67.81],[-153.71976,67.81024]]]},"properties":{"cell":"890c25c040bffff","res":9,"coarsened":false,"count":2,"hv":2,"mp":0,"y0":null,"y1":null,"sp":[[30,2,2,0,null,null]]}},{"type":"Feature","geometry":{"type":"Polygon","coordinates":[[[-153.62497,67.47187],[-153.6281,67.47044],[-153.62656,67.46877],[-153.62189,67.46853],[-153.61877,67.46996],[-153.62031,67.47163],[-153.62497,67.47187]]]},"properties":{"cell":"890c250b493ffff","res":9,"coarsened":false,"count":2,"hv":2,"mp":0,"y0":null,"y1":null,"sp":[[3,1,1,0,null,null],[56,1,1,0,null,null]]}},{"type":"Feature","geometry":{"type":"Polygon","coordinates":[[[-153.60425,67.82195],[-153.60742,67.82051],[-153.60586,67.81883],[-153.60112,67.81859],[-153.59794,67.82003],[-153.59951,67.8217],[-153.60425,67.82195]]]},"properties":{"cell":"890c25c2177ffff","res":9,"coarsened":false,"count":2,"hv":2,"mp":0,"y0":null,"y1":null,"sp":[[43,2,2,0,null,null]]}},{"type":"Feature","geometry":{"type":"Polygon","coordinates":[[[-153.43406,67.45242],[-153.4372,67.45099],[-153.43567,67.44932],[-153.43102,67.44907],[-153.42789,67.4505],[-153.42941,67.45217],[-153.43406,67.45242]]]},"properties":{"cell":"890c250a517ffff","res":9,"coarsened":false,"count":17,"hv":17,"mp":0,"y0":null,"y1":null,"sp":[[17,3,3,0,null,null],[20,2,2,0,null,null],[100,2,2,0,null,null],[21,1,1,0,null,null],[18,1,1,0,null,null],[61,1,1,0,null,null],[58,1,1,0,null,null],[27,1,1,0,null,null],[80,1,1,0,null,null],[86,1,1,0,null,null],[19,1,1,0,null,null],[103,1,1,0,null,null],[68,1,1,0,null,null]]}},{"type":"Feature","geometry":{"type":"Polygon","coordinates":[[[-154.00819,68.24246],[-154.0114,68.24101],[-154.00977,68.23933],[-154.00493,68.2391],[-154.00171,68.24054],[-154.00334,68.24223],[-154.00819,68.24246]]]},"properties":{"cell":"890c24b7667ffff","res":9,"coarsened":false,"count":2,"hv":2,"mp":0,"y0":null,"y1":null,"sp":[[30,1,1,0,null,null],[13,1,1,0,null,null]]}},{"type":"Feature","geometry":{"type":"Polygon","coordinates":[[[-154.00761,68.36121],[-154.01085,68.35976],[-154.00921,68.35808],[-154.00433,68.35784],[-154.0011,68.35929],[-154.00274,68.36097],[-154.00761,68.36121]]]},"properties":{"cell":"890d0b4d6d7ffff","res":9,"coarsened":false,"count":5,"hv":5,"mp":0,"y0":null,"y1":null,"sp":[[0,3,3,0,null,null],[18,1,1,0,null,null],[17,1,1,0,null,null]]}},{"type":"Feature","geometry":{"type":"Polygon","coordinates":[[[-153.97815,68.33088],[-153.98138,68.32943],[-153.97975,68.32774],[-153.97488,68.32751],[-153.97164,68.32895],[-153.97328,68.33064],[-153.97815,68.33088]]]},"properties":{"cell":"890d0b4d06bffff","res":9,"coarsened":false,"count":14,"hv":14,"mp":0,"y0":null,"y1":null,"sp":[[0,5,5,0,null,null],[13,3,3,0,null,null],[17,2,2,0,null,null],[18,1,1,0,null,null],[28,1,1,0,null,null],[30,1,1,0,null,null],[68,1,1,0,null,null]]}},{"type":"Feature","geometry":{"type":"Polygon","coordinates":[[[-153.9325,67.66273],[-153.93564,67.66128],[-153.93406,67.65961],[-153.92935,67.65938],[-153.92621,67.66082],[-153.92779,67.66249],[-153.9325,67.66273]]]},"properties":{"cell":"890c25cd483ffff","res":9,"coarsened":false,"count":5,"hv":5,"mp":0,"y0":null,"y1":null,"sp":[[18,2,2,0,null,null],[17,1,1,0,null,null],[86,1,1,0,null,null],[80,1,1,0,null,null]]}},{"type":"Feature","geometry":{"type":"Polygon","coordinates":[[[-153.6801,67.83061],[-153.68327,67.82917],[-153.6817,67.82749],[-153.67695,67.82725],[-153.67378,67.82869],[-153.67535,67.83037],[-153.6801,67.83061]]]},"properties":{"cell":"890c25c22afffff","res":9,"coarsened":false,"count":3,"hv":3,"mp":0,"y0":null,"y1":null,"sp":[[0,2,2,0,null,null],[17,1,1,0,null,null]]}},{"type":"Feature","geometry":{"type":"Polygon","coordinates":[[[-153.67068,67.82054],[-153.67385,67.8191],[-153.67228,67.81742],[-153.66754,67.81718],[-153.66436,67.81862],[-153.66593,67.8203],[-153.67068,67.82054]]]},"properties":{"cell":"890c25c2357ffff","res":9,"coarsened":false,"count":2,"hv":2,"mp":0,"y0":null,"y1":null,"sp":[[17,1,1,0,null,null],[18,1,1,0,null,null]]}},{"type":"Feature","geometry":{"type":"Polygon","coordinates":[[[-153.59002,67.82122],[-153.5932,67.81978],[-153.59164,67.8181],[-153.5869,67.81786],[-153.58372,67.8193],[-153.58528,67.82097],[-153.59002,67.82122]]]},"properties":{"cell":"890c25c2123ffff","res":9,"coarsened":false,"count":1,"hv":1,"mp":0,"y0":null,"y1":null,"sp":[[31,1,1,0,null,null]]}},{"type":"Feature","geometry":{"type":"Polygon","coordinates":[[[-153.53264,67.40021],[-153.53576,67.39878],[-153.53423,67.39711],[-153.52959,67.39687],[-153.52647,67.3983],[-153.52799,67.39997],[-153.53264,67.40021]]]},"properties":{"cell":"890c2508557ffff","res":9,"coarsened":false,"count":8,"hv":8,"mp":0,"y0":null,"y1":null,"sp":[[61,2,2,0,null,null],[20,2,2,0,null,null],[68,1,1,0,null,null],[80,1,1,0,null,null],[17,1,1,0,null,null],[55,1,1,0,null,null]]}},{"type":"Feature","geometry":{"type":"Polygon","coordinates":[[[-153.92141,67.64144],[-153.92454,67.63999],[-153.92297,67.63832],[-153.91826,67.63809],[-153.91512,67.63953],[-153.9167,67.6412],[-153.92141,67.64144]]]},"properties":{"cell":"890c25cd543ffff","res":9,"coarsened":false,"count":8,"hv":8,"mp":0,"y0":null,"y1":null,"sp":[[17,3,3,0,null,null],[12,3,3,0,null,null],[3,1,1,0,null,null],[18,1,1,0,null,null]]}},{"type":"Feature","geometry":{"type":"Polygon","coordinates":[[[-153.8933,67.68314],[-153.89644,67.6817],[-153.89486,67.68002],[-153.89014,67.67979],[-153.887,67.68123],[-153.88858,67.6829],[-153.8933,67.68314]]]},"properties":{"cell":"890c25cf047ffff","res":9,"coarsened":false,"count":6,"hv":6,"mp":0,"y0":null,"y1":null,"sp":[[17,5,5,0,null,null],[18,1,1,0,null,null]]}},{"type":"Feature","geometry":{"type":"Polygon","coordinates":[[[-153.8414,67.67099],[-153.84455,67.66955],[-153.84297,67.66787],[-153.83826,67.66764],[-153.83512,67.66908],[-153.83669,67.67075],[-153.8414,67.67099]]]},"properties":{"cell":"890c25cf10bffff","res":9,"coarsened":false,"count":1,"hv":1,"mp":0,"y0":null,"y1":null,"sp":[[138,1,1,0,null,null]]}},{"type":"Feature","geometry":{"type":"Polygon","coordinates":[[[-153.71185,67.81144],[-153.71501,67.81],[-153.71344,67.80832],[-153.7087,67.80808],[-153.70553,67.80952],[-153.7071,67.8112],[-153.71185,67.81144]]]},"properties":{"cell":"890c25c0403ffff","res":9,"coarsened":false,"count":1,"hv":1,"mp":0,"y0":null,"y1":null,"sp":[[30,1,1,0,null,null]]}},{"type":"Feature","geometry":{"type":"Polygon","coordinates":[[[-153.58211,67.82241],[-153.58528,67.82097],[-153.58372,67.8193],[-153.57898,67.81905],[-153.5758,67.82049],[-153.57736,67.82217],[-153.58211,67.82241]]]},"properties":{"cell":"890c25c2137ffff","res":9,"coarsened":false,"count":1,"hv":1,"mp":0,"y0":null,"y1":null,"sp":[[53,1,1,0,null,null]]}},{"type":"Feature","geometry":{"type":"Polygon","coordinates":[[[-153.52009,67.41071],[-153.52321,67.40928],[-153.52169,67.40761],[-153.51704,67.40736],[-153.51392,67.40879],[-153.51544,67.41047],[-153.52009,67.41071]]]},"properties":{"cell":"890c250a36fffff","res":9,"coarsened":false,"count":3,"hv":3,"mp":0,"y0":null,"y1":null,"sp":[[56,2,2,0,null,null],[17,1,1,0,null,null]]}},{"type":"Feature","geometry":{"type":"Polygon","coordinates":[[[-153.08181,68.03124],[-153.08505,68.02981],[-153.08351,68.02813],[-153.07874,68.02787],[-153.0755,68.02929],[-153.07703,68.03098],[-153.08181,68.03124]]]},"properties":{"cell":"890d0b6ec8bffff","res":9,"coarsened":false,"count":7,"hv":7,"mp":0,"y0":null,"y1":null,"sp":[[0,4,4,0,null,null],[85,1,1,0,null,null],[30,1,1,0,null,null],[65,1,1,0,null,null]]}},{"type":"Feature","geometry":{"type":"Polygon","coordinates":[[[-154.07094,68.22144],[-154.07415,68.21999],[-154.07252,68.21831],[-154.06768,68.21807],[-154.06447,68.21952],[-154.0661,68.2212],[-154.07094,68.22144]]]},"properties":{"cell":"890c24b0903ffff","res":9,"coarsened":false,"count":5,"hv":5,"mp":0,"y0":null,"y1":null,"sp":[[0,3,3,0,null,null],[18,2,2,0,null,null]]}},{"type":"Feature","geometry":{"type":"Polygon","coordinates":[[[-154.03747,68.42048],[-154.11706,68.40182],[-154.11658,68.36807],[-154.03677,68.35299],[-153.95732,68.37161],[-153.95754,68.40536],[-154.03747,68.42048]]]},"properties":{"cell":"860d0b48fffffff","res":6,"coarsened":true,"count":3,"hv":3,"mp":0,"y0":null,"y1":null,"sp":[[79,3,3,0,null,null]]}},{"type":"Feature","geometry":{"type":"Polygon","coordinates":[[[-153.72128,67.8215],[-153.72445,67.82007],[-153.72288,67.81839],[-153.71814,67.81815],[-153.71496,67.81959],[-153.71654,67.82126],[-153.72128,67.8215]]]},"properties":{"cell":"890c25c04d3ffff","res":9,"coarsened":false,"count":5,"hv":5,"mp":0,"y0":null,"y1":null,"sp":[[0,1,1,0,null,null],[17,1,1,0,null,null],[56,1,1,0,null,null],[43,1,1,0,null,null],[30,1,1,0,null,null]]}},{"type":"Feature","geometry":{"type":"Polygon","coordinates":[[[-153.61098,67.47115],[-153.6141,67.46972],[-153.61257,67.46805],[-153.6079,67.46781],[-153.60478,67.46924],[-153.60632,67.47092],[-153.61098,67.47115]]]},"properties":{"cell":"890c2519b5bffff","res":9,"coarsened":false,"count":2,"hv":2,"mp":0,"y0":null,"y1":null,"sp":[[17,1,1,0,null,null],[56,1,1,0,null,null]]}},{"type":"Feature","geometry":{"type":"Polygon","coordinates":[[[-153.58099,67.78239],[-153.58416,67.78096],[-153.5826,67.77928],[-153.57787,67.77904],[-153.5747,67.78047],[-153.57626,67.78215],[-153.58099,67.78239]]]},"properties":{"cell":"890c25c286fffff","res":9,"coarsened":false,"count":3,"hv":3,"mp":0,"y0":null,"y1":null,"sp":[[56,1,1,0,null,null],[43,1,1,0,null,null],[7,1,1,0,null,null]]}},{"type":"Feature","geometry":{"type":"Polygon","coordinates":[[[-153.45582,67.45196],[-153.45895,67.45053],[-153.45742,67.44886],[-153.45277,67.44862],[-153.44964,67.45005],[-153.45116,67.45172],[-153.45582,67.45196]]]},"properties":{"cell":"890c250a557ffff","res":9,"coarsened":false,"count":1,"hv":1,"mp":0,"y0":null,"y1":null,"sp":[[7,1,1,0,null,null]]}},{"type":"Feature","geometry":{"type":"Polygon","coordinates":[[[-153.09613,68.03202],[-153.09937,68.03059],[-153.09783,68.0289],[-153.09306,68.02865],[-153.08982,68.03007],[-153.09136,68.03176],[-153.09613,68.03202]]]},"properties":{"cell":"890d0b6ecc3ffff","res":9,"coarsened":false,"count":4,"hv":4,"mp":0,"y0":null,"y1":null,"sp":[[0,2,2,0,null,null],[65,1,1,0,null,null],[18,1,1,0,null,null]]}},{"type":"Feature","geometry":{"type":"Polygon","coordinates":[[[-152.75182,68.25041],[-152.75511,68.24899],[-152.75359,68.2473],[-152.74877,68.24703],[-152.74548,68.24845],[-152.747,68.25014],[-152.75182,68.25041]]]},"properties":{"cell":"890d0b7620fffff","res":9,"coarsened":false,"count":3,"hv":3,"mp":0,"y0":null,"y1":null,"sp":[[12,1,1,0,null,null],[95,1,1,0,null,null],[56,1,1,0,null,null]]}},{"type":"Feature","geometry":{"type":"Polygon","coordinates":[[[-152.58865,67.99081],[-152.59191,67.9894],[-152.59042,67.98771],[-152.58567,67.98743],[-152.58241,67.98885],[-152.5839,67.99054],[-152.58865,67.99081]]]},"properties":{"cell":"890c2593177ffff","res":9,"coarsened":false,"count":11,"hv":11,"mp":0,"y0":null,"y1":null,"sp":[[0,5,5,0,null,null],[139,3,3,0,null,null],[17,2,2,0,null,null],[30,1,1,0,null,null]]}},{"type":"Feature","geometry":{"type":"Polygon","coordinates":[[[-152.58856,68.26201],[-152.59186,68.2606],[-152.59036,68.2589],[-152.58554,68.25863],[-152.58224,68.26004],[-152.58375,68.26174],[-152.58856,68.26201]]]},"properties":{"cell":"890d0b3928bffff","res":9,"coarsened":false,"count":5,"hv":5,"mp":0,"y0":null,"y1":null,"sp":[[28,2,2,0,null,null],[85,1,1,0,null,null],[18,1,1,0,null,null],[30,1,1,0,null,null]]}},{"type":"Feature","geometry":{"type":"Polygon","coordinates":[[[-153.10414,68.03085],[-153.10738,68.02942],[-153.10585,68.02774],[-153.10107,68.02748],[-153.09783,68.0289],[-153.09937,68.03059],[-153.10414,68.03085]]]},"properties":{"cell":"890d0b6eccbffff","res":9,"coarsened":false,"count":9,"hv":9,"mp":0,"y0":null,"y1":null,"sp":[[65,3,3,0,null,null],[0,3,3,0,null,null],[30,2,2,0,null,null],[7,1,1,0,null,null]]}},{"type":"Feature","geometry":{"type":"Polygon","coordinates":[[[-152.7817,68.55287],[-152.78504,68.55145],[-152.7835,68.54975],[-152.77861,68.54948],[-152.77527,68.5509],[-152.77682,68.5526],[-152.7817,68.55287]]]},"properties":{"cell":"890d0b1898fffff","res":9,"coarsened":false,"count":3,"hv":3,"mp":0,"y0":null,"y1":null,"sp":[[28,2,2,0,null,null],[31,1,1,0,null,null]]}},{"type":"Feature","geometry":{"type":"Polygon","coordinates":[[[-152.75087,68.58014],[-152.75421,68.57871],[-152.75267,68.57702],[-152.74777,68.57674],[-152.74443,68.57816],[-152.74597,68.57986],[-152.75087,68.58014]]]},"properties":{"cell":"890d0b0365bffff","res":9,"coarsened":false,"count":6,"hv":6,"mp":0,"y0":null,"y1":null,"sp":[[28,3,3,0,null,null],[31,3,3,0,null,null]]}},{"type":"Feature","geometry":{"type":"Polygon","coordinates":[[[-152.73937,68.18066],[-152.74265,68.17924],[-152.74113,68.17755],[-152.73634,68.17728],[-152.73305,68.1787],[-152.73457,68.18039],[-152.73937,68.18066]]]},"properties":{"cell":"890d0b74e8bffff","res":9,"coarsened":false,"count":2,"hv":2,"mp":0,"y0":null,"y1":null,"sp":[[12,1,1,0,null,null],[15,1,1,0,null,null]]}},{"type":"Feature","geometry":{"type":"Polygon","coordinates":[[[-152.65088,68.2704],[-152.65419,68.26898],[-152.65267,68.26729],[-152.64785,68.26701],[-152.64455,68.26843],[-152.64607,68.27012],[-152.65088,68.2704]]]},"properties":{"cell":"890d0b76557ffff","res":9,"coarsened":false,"count":6,"hv":6,"mp":0,"y0":null,"y1":null,"sp":[[28,3,3,0,null,null],[33,1,1,0,null,null],[5,1,1,0,null,null],[140,1,1,0,null,null]]}},{"type":"Feature","geometry":{"type":"Polygon","coordinates":[[[-152.64349,67.92026],[-152.64674,67.91884],[-152.64525,67.91715],[-152.64051,67.91688],[-152.63726,67.9183],[-152.63875,67.91998],[-152.64349,67.92026]]]},"properties":{"cell":"890c25918d3ffff","res":9,"coarsened":false,"count":6,"hv":6,"mp":0,"y0":null,"y1":null,"sp":[[18,2,2,0,null,null],[30,1,1,0,null,null],[102,1,1,0,null,null],[65,1,1,0,null,null],[0,1,1,0,null,null]]}},{"type":"Feature","geometry":{"type":"Polygon","coordinates":[[[-153.45099,67.46127],[-153.45413,67.45984],[-153.4526,67.45817],[-153.44794,67.45793],[-153.44481,67.45936],[-153.44634,67.46103],[-153.45099,67.46127]]]},"properties":{"cell":"890c250a5d3ffff","res":9,"coarsened":false,"count":2,"hv":2,"mp":0,"y0":null,"y1":null,"sp":[[56,2,2,0,null,null]]}},{"type":"Feature","geometry":{"type":"Polygon","coordinates":[[[-153.11337,68.04097],[-153.11661,68.03954],[-153.11507,68.03785],[-153.11029,68.03759],[-153.10705,68.03902],[-153.10859,68.04071],[-153.11337,68.04097]]]},"properties":{"cell":"890d0b6e1bbffff","res":9,"coarsened":false,"count":4,"hv":4,"mp":0,"y0":null,"y1":null,"sp":[[0,2,2,0,null,null],[3,1,1,0,null,null],[60,1,1,0,null,null]]}},{"type":"Feature","geometry":{"type":"Polygon","coordinates":[[[-153.03083,68.03006],[-153.03407,68.02863],[-153.03254,68.02695],[-153.02777,68.02669],[-153.02453,68.02811],[-153.02606,68.0298],[-153.03083,68.03006]]]},"properties":{"cell":"890d0b6530fffff","res":9,"coarsened":false,"count":3,"hv":3,"mp":0,"y0":null,"y1":null,"sp":[[0,2,2,0,null,null],[60,1,1,0,null,null]]}},{"type":"Feature","geometry":{"type":"Polygon","coordinates":[[[-152.96895,68.06192],[-152.9722,68.0605],[-152.97068,68.05881],[-152.9659,68.05855],[-152.96265,68.05997],[-152.96417,68.06166],[-152.96895,68.06192]]]},"properties":{"cell":"890d0b6550bffff","res":9,"coarsened":false,"count":6,"hv":6,"mp":0,"y0":null,"y1":null,"sp":[[0,2,2,0,null,null],[65,2,2,0,null,null],[28,1,1,0,null,null],[85,1,1,0,null,null]]}},{"type":"Feature","geometry":{"type":"Polygon","coordinates":[[[-152.80353,68.54121],[-152.80686,68.53978],[-152.80531,68.53809],[-152.80043,68.53781],[-152.79709,68.53924],[-152.79864,68.54093],[-152.80353,68.54121]]]},"properties":{"cell":"890d0b18963ffff","res":9,"coarsened":false,"count":4,"hv":4,"mp":0,"y0":null,"y1":null,"sp":[[31,2,2,0,null,null],[28,2,2,0,null,null]]}},{"type":"Feature","geometry":{"type":"Polygon","coordinates":[[[-152.77527,68.5509],[-152.77861,68.54948],[-152.77706,68.54778],[-152.77218,68.5475],[-152.76884,68.54893],[-152.77038,68.55063],[-152.77527,68.5509]]]},"properties":{"cell":"890d0b189bbffff","res":9,"coarsened":false,"count":2,"hv":2,"mp":0,"y0":null,"y1":null,"sp":[[28,1,1,0,null,null],[15,1,1,0,null,null]]}},{"type":"Feature","geometry":{"type":"Polygon","coordinates":[[[-152.61859,67.91242],[-152.62184,67.91101],[-152.62035,67.90932],[-152.61562,67.90905],[-152.61237,67.91046],[-152.61386,67.91215],[-152.61859,67.91242]]]},"properties":{"cell":"890c25918bbffff","res":9,"coarsened":false,"count":4,"hv":4,"mp":0,"y0":null,"y1":null,"sp":[[0,2,2,0,null,null],[18,1,1,0,null,null],[30,1,1,0,null,null]]}},{"type":"Feature","geometry":{"type":"Polygon","coordinates":[[[-152.60439,67.91161],[-152.60764,67.91019],[-152.60615,67.9085],[-152.60142,67.90823],[-152.59817,67.90965],[-152.59966,67.91133],[-152.60439,67.91161]]]},"properties":{"cell":"890c25918b7ffff","res":9,"coarsened":false,"count":3,"hv":3,"mp":0,"y0":null,"y1":null,"sp":[[0,3,3,0,null,null]]}},{"type":"Feature","geometry":{"type":"Polygon","coordinates":[[[-152.59394,68.25268],[-152.59725,68.25127],[-152.59574,68.24957],[-152.59093,68.2493],[-152.58762,68.25071],[-152.58913,68.25241],[-152.59394,68.25268]]]},"properties":{"cell":"890d0b3920fffff","res":9,"coarsened":false,"count":10,"hv":10,"mp":0,"y0":null,"y1":null,"sp":[[28,5,5,0,null,null],[85,2,2,0,null,null],[43,1,1,0,null,null],[30,1,1,0,null,null],[56,1,1,0,null,null]]}},{"type":"Feature","geometry":{"type":"Polygon","coordinates":[[[-152.58156,68.00323],[-152.58482,68.00181],[-152.58333,68.00012],[-152.57858,67.99985],[-152.57531,68.00126],[-152.5768,68.00295],[-152.58156,68.00323]]]},"properties":{"cell":"890c259318bffff","res":9,"coarsened":false,"count":4,"hv":4,"mp":0,"y0":null,"y1":null,"sp":[[0,2,2,0,null,null],[30,1,1,0,null,null],[122,1,1,0,null,null]]}},{"type":"Feature","geometry":{"type":"Polygon","coordinates":[[[-154.68074,68.0814],[-154.68389,68.07994],[-154.68222,68.07826],[-154.67739,68.07805],[-154.67424,68.07951],[-154.67591,68.08119],[-154.68074,68.0814]]]},"properties":{"cell":"890c24a86a7ffff","res":9,"coarsened":false,"count":1,"hv":1,"mp":0,"y0":null,"y1":null,"sp":[[56,1,1,0,null,null]]}},{"type":"Feature","geometry":{"type":"Polygon","coordinates":[[[-154.11375,68.16577],[-154.19232,68.14708],[-154.19173,68.1134],[-154.11282,68.09842],[-154.03439,68.11707],[-154.03472,68.15074],[-154.11375,68.16577]]]},"properties":{"cell":"860c24a2fffffff","res":6,"coarsened":true,"count":1,"hv":1,"mp":0,"y0":null,"y1":null,"sp":[[79,1,1,0,null,null]]}},{"type":"Feature","geometry":{"type":"Polygon","coordinates":[[[-154.04468,68.3325],[-154.04791,68.33105],[-154.04627,68.32936],[-154.0414,68.32913],[-154.03817,68.33058],[-154.03981,68.33226],[-154.04468,68.3325]]]},"properties":{"cell":"890d0b4d25bffff","res":9,"coarsened":false,"count":9,"hv":9,"mp":0,"y0":null,"y1":null,"sp":[[18,3,3,0,null,null],[0,2,2,0,null,null],[13,2,2,0,null,null],[65,1,1,0,null,null],[17,1,1,0,null,null]]}},{"type":"Feature","geometry":{"type":"Polygon","coordinates":[[[-153.95732,68.37161],[-154.03677,68.35299],[-154.03643,68.31925],[-153.95689,68.30415],[-153.87757,68.32274],[-153.87766,68.35646],[-153.95732,68.37161]]]},"properties":{"cell":"860d0b4d7ffffff","res":6,"coarsened":true,"count":2,"hv":2,"mp":0,"y0":null,"y1":null,"sp":[[79,2,2,0,null,null]]}},{"type":"Feature","geometry":{"type":"Polygon","coordinates":[[[-153.40186,67.43161],[-153.40499,67.43018],[-153.40347,67.42851],[-153.39883,67.42826],[-153.39569,67.42969],[-153.39721,67.43136],[-153.40186,67.43161]]]},"properties":{"cell":"890c2501277ffff","res":9,"coarsened":false,"count":1,"hv":1,"mp":0,"y0":null,"y1":null,"sp":[[80,1,1,0,null,null]]}},{"type":"Feature","geometry":{"type":"Polygon","coordinates":[[[-153.09102,68.04136],[-153.09426,68.03993],[-153.09272,68.03824],[-153.08795,68.03798],[-153.08471,68.03941],[-153.08624,68.0411],[-153.09102,68.04136]]]},"properties":{"cell":"890d0b6527bffff","res":9,"coarsened":false,"count":3,"hv":3,"mp":0,"y0":null,"y1":null,"sp":[[65,2,2,0,null,null],[30,1,1,0,null,null]]}},{"type":"Feature","geometry":{"type":"Polygon","coordinates":[[[-152.77094,68.5716],[-152.77428,68.57017],[-152.77273,68.56848],[-152.76784,68.5682],[-152.7645,68.56962],[-152.76605,68.57132],[-152.77094,68.5716]]]},"properties":{"cell":"890d0b18d17ffff","res":9,"coarsened":false,"count":5,"hv":5,"mp":0,"y0":null,"y1":null,"sp":[[0,5,5,0,null,null]]}},{"type":"Feature","geometry":{"type":"Polygon","coordinates":[[[-152.64276,68.27154],[-152.64607,68.27012],[-152.64455,68.26843],[-152.63974,68.26815],[-152.63643,68.26957],[-152.63795,68.27127],[-152.64276,68.27154]]]},"properties":{"cell":"890d0b7651bffff","res":9,"coarsened":false,"count":4,"hv":4,"mp":0,"y0":null,"y1":null,"sp":[[28,2,2,0,null,null],[140,1,1,0,null,null],[15,1,1,0,null,null]]}},{"type":"Feature","geometry":{"type":"Polygon","coordinates":[[[-152.73825,68.60198],[-152.74161,68.60056],[-152.74006,68.59886],[-152.73516,68.59859],[-152.73181,68.60001],[-152.73336,68.60171],[-152.73825,68.60198]]]},"properties":{"cell":"890d0b1a95bffff","res":9,"coarsened":false,"count":2,"hv":2,"mp":0,"y0":null,"y1":null,"sp":[[7,2,2,0,null,null]]}},{"type":"Feature","geometry":{"type":"Polygon","coordinates":[[[-152.54412,67.99145],[-152.54738,67.99003],[-152.5459,67.98834],[-152.54115,67.98807],[-152.53788,67.98948],[-152.53937,67.99117],[-152.54412,67.99145]]]},"properties":{"cell":"890c25904d7ffff","res":9,"coarsened":false,"count":6,"hv":6,"mp":0,"y0":null,"y1":null,"sp":[[0,2,2,0,null,null],[139,2,2,0,null,null],[129,1,1,0,null,null],[53,1,1,0,null,null]]}},{"type":"Feature","geometry":{"type":"Polygon","coordinates":[[[-152.81282,68.55139],[-152.81616,68.54996],[-152.81461,68.54827],[-152.80972,68.54799],[-152.80638,68.54942],[-152.80793,68.55112],[-152.81282,68.55139]]]},"properties":{"cell":"890d0b18953ffff","res":9,"coarsened":false,"count":2,"hv":2,"mp":0,"y0":null,"y1":null,"sp":[[28,1,1,0,null,null],[31,1,1,0,null,null]]}},{"type":"Feature","geometry":{"type":"Polygon","coordinates":[[[-152.78455,68.56108],[-152.7879,68.55966],[-152.78635,68.55796],[-152.78146,68.55769],[-152.77812,68.55911],[-152.77966,68.56081],[-152.78455,68.56108]]]},"properties":{"cell":"890d0b18d67ffff","res":9,"coarsened":false,"count":1,"hv":1,"mp":0,"y0":null,"y1":null,"sp":[[28,1,1,0,null,null]]}},{"type":"Feature","geometry":{"type":"Polygon","coordinates":[[[-152.74366,68.59262],[-152.74701,68.5912],[-152.74546,68.5895],[-152.74057,68.58922],[-152.73722,68.59065],[-152.73877,68.59235],[-152.74366,68.59262]]]},"properties":{"cell":"890d0b1aba3ffff","res":9,"coarsened":false,"count":1,"hv":1,"mp":0,"y0":null,"y1":null,"sp":[[31,1,1,0,null,null]]}},{"type":"Feature","geometry":{"type":"Polygon","coordinates":[[[-152.66534,68.27122],[-152.66864,68.2698],[-152.66712,68.26811],[-152.6623,68.26783],[-152.659,68.26925],[-152.66052,68.27095],[-152.66534,68.27122]]]},"properties":{"cell":"890d0b7655bffff","res":9,"coarsened":false,"count":3,"hv":3,"mp":0,"y0":null,"y1":null,"sp":[[28,3,3,0,null,null]]}},{"type":"Feature","geometry":{"type":"Polygon","coordinates":[[[-152.43549,68.19211],[-152.4388,68.1907],[-152.4373,68.18901],[-152.43251,68.18873],[-152.42921,68.19014],[-152.4307,68.19183],[-152.43549,68.19211]]]},"properties":{"cell":"890d0b3996bffff","res":9,"coarsened":false,"count":12,"hv":12,"mp":0,"y0":null,"y1":null,"sp":[[56,3,3,0,null,null],[31,3,3,0,null,null],[28,2,2,0,null,null],[138,2,2,0,null,null],[0,1,1,0,null,null],[23,1,1,0,null,null]]}},{"type":"Feature","geometry":{"type":"Polygon","coordinates":[[[-152.39517,68.17209],[-152.39847,68.17067],[-152.39699,68.16898],[-152.3922,68.1687],[-152.3889,68.17011],[-152.39038,68.17181],[-152.39517,68.17209]]]},"properties":{"cell":"890d0b2a0c3ffff","res":9,"coarsened":false,"count":7,"hv":7,"mp":0,"y0":null,"y1":null,"sp":[[15,2,2,0,null,null],[0,2,2,0,null,null],[7,1,1,0,null,null],[65,1,1,0,null,null],[141,1,1,0,null,null]]}},{"type":"Feature","geometry":{"type":"Polygon","coordinates":[[[-152.38163,68.18253],[-152.38493,68.18112],[-152.38345,68.17943],[-152.37866,68.17915],[-152.37535,68.18056],[-152.37684,68.18225],[-152.38163,68.18253]]]},"properties":{"cell":"890d0b2a473ffff","res":9,"coarsened":false,"count":8,"hv":8,"mp":0,"y0":null,"y1":null,"sp":[[56,2,2,0,null,null],[28,2,2,0,null,null],[138,1,1,0,null,null],[85,1,1,0,null,null],[31,1,1,0,null,null],[12,1,1,0,null,null]]}},{"type":"Feature","geometry":{"type":"Polygon","coordinates":[[[-152.29911,68.17124],[-152.30242,68.16983],[-152.30094,68.16814],[-152.29616,68.16786],[-152.29285,68.16927],[-152.29433,68.17096],[-152.29911,68.17124]]]},"properties":{"cell":"890d0b2a5a7ffff","res":9,"coarsened":false,"count":4,"hv":4,"mp":0,"y0":null,"y1":null,"sp":[[0,1,1,0,null,null],[18,1,1,0,null,null],[56,1,1,0,null,null],[17,1,1,0,null,null]]}},{"type":"Feature","geometry":{"type":"Polygon","coordinates":[[[-152.03337,67.76244],[-152.03663,67.76104],[-152.0352,67.75935],[-152.03052,67.75906],[-152.02726,67.76047],[-152.02869,67.76215],[-152.03337,67.76244]]]},"properties":{"cell":"890d564825bffff","res":9,"coarsened":false,"count":5,"hv":5,"mp":0,"y0":null,"y1":null,"sp":[[0,4,4,0,null,null],[30,1,1,0,null,null]]}},{"type":"Feature","geometry":{"type":"Polygon","coordinates":[[[-152.01138,67.76269],[-152.01464,67.76129],[-152.01321,67.7596],[-152.00853,67.75932],[-152.00527,67.76072],[-152.00669,67.76241],[-152.01138,67.76269]]]},"properties":{"cell":"890d564821bffff","res":9,"coarsened":false,"count":5,"hv":5,"mp":0,"y0":null,"y1":null,"sp":[[30,2,2,0,null,null],[65,2,2,0,null,null],[31,1,1,0,null,null]]}},{"type":"Feature","geometry":{"type":"Polygon","coordinates":[[[-151.98328,67.76097],[-151.98654,67.75957],[-151.98512,67.75788],[-151.98044,67.75759],[-151.97718,67.75899],[-151.9786,67.76068],[-151.98328,67.76097]]]},"properties":{"cell":"890d56482a3ffff","res":9,"coarsened":false,"count":6,"hv":6,"mp":0,"y0":null,"y1":null,"sp":[[141,2,2,0,null,null],[31,1,1,0,null,null],[65,1,1,0,null,null],[0,1,1,0,null,null],[56,1,1,0,null,null]]}},{"type":"Feature","geometry":{"type":"Polygon","coordinates":[[[-151.95887,67.75306],[-151.96213,67.75166],[-151.96071,67.74997],[-151.95603,67.74968],[-151.95277,67.75108],[-151.95419,67.75277],[-151.95887,67.75306]]]},"properties":{"cell":"890d564838bffff","res":9,"coarsened":false,"count":3,"hv":3,"mp":0,"y0":null,"y1":null,"sp":[[0,3,3,0,null,null]]}},{"type":"Feature","geometry":{"type":"Polygon","coordinates":[[[-151.95036,67.74293],[-151.95362,67.74153],[-151.9522,67.73984],[-151.94752,67.73956],[-151.94426,67.74095],[-151.94568,67.74264],[-151.95036,67.74293]]]},"properties":{"cell":"890d5648333ffff","res":9,"coarsened":false,"count":4,"hv":4,"mp":0,"y0":null,"y1":null,"sp":[[0,1,1,0,null,null],[18,1,1,0,null,null],[17,1,1,0,null,null],[65,1,1,0,null,null]]}},{"type":"Feature","geometry":{"type":"Polygon","coordinates":[[[-151.92783,67.73194],[-151.93109,67.73054],[-151.92967,67.72885],[-151.925,67.72856],[-151.92174,67.72996],[-151.92315,67.73165],[-151.92783,67.73194]]]},"properties":{"cell":"890d5648e0bffff","res":9,"coarsened":false,"count":4,"hv":4,"mp":0,"y0":null,"y1":null,"sp":[[17,2,2,0,null,null],[18,1,1,0,null,null],[80,1,1,0,null,null]]}},{"type":"Feature","geometry":{"type":"Polygon","coordinates":[[[-153.59034,67.79246],[-153.59352,67.79103],[-153.59196,67.78935],[-153.58722,67.78911],[-153.58405,67.79054],[-153.58561,67.79222],[-153.59034,67.79246]]]},"properties":{"cell":"890c25c2843ffff","res":9,"coarsened":false,"count":1,"hv":1,"mp":0,"y0":null,"y1":null,"sp":[[56,1,1,0,null,null]]}},{"type":"Feature","geometry":{"type":"Polygon","coordinates":[[[-153.53404,67.41143],[-153.53716,67.41],[-153.53563,67.40833],[-153.53098,67.40809],[-153.52786,67.40952],[-153.52939,67.41119],[-153.53404,67.41143]]]},"properties":{"cell":"890c25084a7ffff","res":9,"coarsened":false,"count":5,"hv":5,"mp":0,"y0":null,"y1":null,"sp":[[55,2,2,0,null,null],[17,1,1,0,null,null],[61,1,1,0,null,null],[19,1,1,0,null,null]]}},{"type":"Feature","geometry":{"type":"Polygon","coordinates":[[[-153.4432,67.46246],[-153.44634,67.46103],[-153.44481,67.45936],[-153.44016,67.45911],[-153.43702,67.46054],[-153.43855,67.46221],[-153.4432,67.46246]]]},"properties":{"cell":"890c2518b6fffff","res":9,"coarsened":false,"count":1,"hv":1,"mp":0,"y0":null,"y1":null,"sp":[[80,1,1,0,null,null]]}},{"type":"Feature","geometry":{"type":"Polygon","coordinates":[[[-152.31347,68.17209],[-152.31677,68.17068],[-152.31529,68.16899],[-152.31051,68.16871],[-152.3072,68.17012],[-152.30868,68.17181],[-152.31347,68.17209]]]},"properties":{"cell":"890d0b2a5abffff","res":9,"coarsened":false,"count":4,"hv":4,"mp":0,"y0":null,"y1":null,"sp":[[0,3,3,0,null,null],[17,1,1,0,null,null]]}},{"type":"Feature","geometry":{"type":"Polygon","coordinates":[[[-152.36726,68.18169],[-152.37057,68.18028],[-152.36908,68.17858],[-152.36429,68.1783],[-152.36099,68.17971],[-152.36247,68.18141],[-152.36726,68.18169]]]},"properties":{"cell":"890d0b2a43bffff","res":9,"coarsened":false,"count":4,"hv":4,"mp":0,"y0":null,"y1":null,"sp":[[56,2,2,0,null,null],[65,1,1,0,null,null],[17,1,1,0,null,null]]}},{"type":"Feature","geometry":{"type":"Polygon","coordinates":[[[-152.04069,67.75009],[-152.04395,67.74868],[-152.04252,67.747],[-152.03784,67.74671],[-152.03459,67.74811],[-152.03601,67.7498],[-152.04069,67.75009]]]},"properties":{"cell":"890d56491afffff","res":9,"coarsened":false,"count":5,"hv":5,"mp":0,"y0":null,"y1":null,"sp":[[0,4,4,0,null,null],[30,1,1,0,null,null]]}},{"type":"Feature","geometry":{"type":"Polygon","coordinates":[[[-152.01932,67.76158],[-152.02258,67.76018],[-152.02115,67.75849],[-152.01647,67.7582],[-152.01321,67.7596],[-152.01464,67.76129],[-152.01932,67.76158]]]},"properties":{"cell":"890d5648257ffff","res":9,"coarsened":false,"count":4,"hv":4,"mp":0,"y0":null,"y1":null,"sp":[[30,2,2,0,null,null],[0,1,1,0,null,null],[65,1,1,0,null,null]]}},{"type":"Feature","geometry":{"type":"Polygon","coordinates":[[[-151.97534,67.76208],[-151.9786,67.76068],[-151.97718,67.75899],[-151.97249,67.7587],[-151.96923,67.7601],[-151.97065,67.76179],[-151.97534,67.76208]]]},"properties":{"cell":"890d56482b7ffff","res":9,"coarsened":false,"count":5,"hv":5,"mp":0,"y0":null,"y1":null,"sp":[[0,3,3,0,null,null],[56,1,1,0,null,null],[141,1,1,0,null,null]]}},{"type":"Feature","geometry":{"type":"Polygon","coordinates":[[[-153.61099,67.78073],[-153.61416,67.7793],[-153.6126,67.77762],[-153.60787,67.77738],[-153.6047,67.77881],[-153.60626,67.78049],[-153.61099,67.78073]]]},"properties":{"cell":"890c25c2a33ffff","res":9,"coarsened":false,"count":1,"hv":1,"mp":0,"y0":null,"y1":null,"sp":[[56,1,1,0,null,null]]}},{"type":"Feature","geometry":{"type":"Polygon","coordinates":[[[-153.10024,68.05147],[-153.10348,68.05005],[-153.10194,68.04836],[-153.09717,68.0481],[-153.09392,68.04953],[-153.09546,68.05121],[-153.10024,68.05147]]]},"properties":{"cell":"890d0b6e527ffff","res":9,"coarsened":false,"count":1,"hv":1,"mp":0,"y0":null,"y1":null,"sp":[[43,1,1,0,null,null]]}},{"type":"Feature","geometry":{"type":"Polygon","coordinates":[[[-152.44359,68.19098],[-152.44689,68.18956],[-152.4454,68.18787],[-152.44061,68.18759],[-152.4373,68.18901],[-152.4388,68.1907],[-152.44359,68.19098]]]},"properties":{"cell":"890d0b39ba7ffff","res":9,"coarsened":false,"count":4,"hv":4,"mp":0,"y0":null,"y1":null,"sp":[[28,1,1,0,null,null],[31,1,1,0,null,null],[138,1,1,0,null,null],[12,1,1,0,null,null]]}},{"type":"Feature","geometry":{"type":"Polygon","coordinates":[[[-152.38972,68.1814],[-152.39302,68.17999],[-152.39154,68.1783],[-152.38675,68.17802],[-152.38345,68.17943],[-152.38493,68.18112],[-152.38972,68.1814]]]},"properties":{"cell":"890d0b2a47bffff","res":9,"coarsened":false,"count":2,"hv":2,"mp":0,"y0":null,"y1":null,"sp":[[30,1,1,0,null,null],[56,1,1,0,null,null]]}},{"type":"Feature","geometry":{"type":"Polygon","coordinates":[[[-152.35917,68.18282],[-152.36247,68.18141],[-152.36099,68.17971],[-152.3562,68.17943],[-152.3529,68.18084],[-152.35438,68.18254],[-152.35917,68.18282]]]},"properties":{"cell":"890d0b2a433ffff","res":9,"coarsened":false,"count":4,"hv":4,"mp":0,"y0":null,"y1":null,"sp":[[17,3,3,0,null,null],[31,1,1,0,null,null]]}},{"type":"Feature","geometry":{"type":"Polygon","coordinates":[[[-151.93023,67.74009],[-151.93349,67.73869],[-151.93208,67.737],[-151.9274,67.73671],[-151.92414,67.73811],[-151.92556,67.7398],[-151.93023,67.74009]]]},"properties":{"cell":"890d5648ec3ffff","res":9,"coarsened":false,"count":3,"hv":3,"mp":0,"y0":null,"y1":null,"sp":[[0,1,1,0,null,null],[56,1,1,0,null,null],[15,1,1,0,null,null]]}},{"type":"Feature","geometry":{"type":"Polygon","coordinates":[[[-151.48958,68.24179],[-151.49294,68.2404],[-151.49153,68.2387],[-151.48675,68.23839],[-151.48339,68.23979],[-151.4848,68.24149],[-151.48958,68.24179]]]},"properties":{"cell":"890d0b36c33ffff","res":9,"coarsened":false,"count":3,"hv":3,"mp":0,"y0":null,"y1":null,"sp":[[7,2,2,0,null,null],[31,1,1,0,null,null]]}},{"type":"Feature","geometry":{"type":"Polygon","coordinates":[[[-151.48111,68.2316],[-151.48447,68.2302],[-151.48306,68.2285],[-151.47828,68.2282],[-151.47492,68.22959],[-151.47633,68.23129],[-151.48111,68.2316]]]},"properties":{"cell":"890d0b36d43ffff","res":9,"coarsened":false,"count":12,"hv":12,"mp":0,"y0":null,"y1":null,"sp":[[23,3,3,0,null,null],[31,2,2,0,null,null],[140,2,2,0,null,null],[28,2,2,0,null,null],[17,1,1,0,null,null],[33,1,1,0,null,null],[96,1,1,0,null,null]]}},{"type":"Feature","geometry":{"type":"Polygon","coordinates":[[[-151.1684,67.62222],[-151.17168,67.62084],[-151.17034,67.61915],[-151.16571,67.61884],[-151.16243,67.62022],[-151.16377,67.62191],[-151.1684,67.62222]]]},"properties":{"cell":"890d567128fffff","res":9,"coarsened":false,"count":7,"hv":7,"mp":0,"y0":null,"y1":null,"sp":[[80,3,3,0,null,null],[86,2,2,0,null,null],[145,1,1,0,null,null],[18,1,1,0,null,null]]}},{"type":"Feature","geometry":{"type":"Polygon","coordinates":[[[-152.39055,68.19269],[-152.39385,68.19128],[-152.39236,68.18959],[-152.38757,68.18931],[-152.38427,68.19072],[-152.38575,68.19241],[-152.39055,68.19269]]]},"properties":{"cell":"890d0b2a4cbffff","res":9,"coarsened":false,"count":2,"hv":2,"mp":0,"y0":null,"y1":null,"sp":[[15,1,1,0,null,null],[7,1,1,0,null,null]]}},{"type":"Feature","geometry":{"type":"Polygon","coordinates":[[[-152.30798,68.1814],[-152.31129,68.17999],[-152.30981,68.1783],[-152.30502,68.17802],[-152.30172,68.17943],[-152.30319,68.18112],[-152.30798,68.1814]]]},"properties":{"cell":"890d0b2a597ffff","res":9,"coarsened":false,"count":1,"hv":1,"mp":0,"y0":null,"y1":null,"sp":[[56,1,1,0,null,null]]}},{"type":"Feature","geometry":{"type":"Polygon","coordinates":[[[-151.48078,68.22031],[-151.48414,68.21892],[-151.48273,68.21722],[-151.47796,68.21692],[-151.4746,68.21831],[-151.47601,68.22001],[-151.48078,68.22031]]]},"properties":{"cell":"890d0b369d3ffff","res":9,"coarsened":false,"count":6,"hv":6,"mp":0,"y0":null,"y1":null,"sp":[[31,3,3,0,null,null],[85,2,2,0,null,null],[56,1,1,0,null,null]]}},{"type":"Feature","geometry":{"type":"Polygon","coordinates":[[[-151.4502,68.22156],[-151.45356,68.22017],[-151.45215,68.21847],[-151.44738,68.21816],[-151.44402,68.21955],[-151.44543,68.22125],[-151.4502,68.22156]]]},"properties":{"cell":"890d0b36d2fffff","res":9,"coarsened":false,"count":1,"hv":1,"mp":0,"y0":null,"y1":null,"sp":[[31,1,1,0,null,null]]}},{"type":"Feature","geometry":{"type":"Polygon","coordinates":[[[-151.37133,68.25185],[-151.3747,68.25046],[-151.3733,68.24876],[-151.36852,68.24845],[-151.36515,68.24984],[-151.36655,68.25154],[-151.37133,68.25185]]]},"properties":{"cell":"890d56d9127ffff","res":9,"coarsened":false,"count":2,"hv":2,"mp":0,"y0":null,"y1":null,"sp":[[141,1,1,0,null,null],[144,1,1,0,null,null]]}},{"type":"Feature","geometry":{"type":"Polygon","coordinates":[[[-151.22919,67.58308],[-151.23246,67.5817],[-151.23111,67.58001],[-151.22649,67.5797],[-151.22322,67.58108],[-151.22457,67.58277],[-151.22919,67.58308]]]},"properties":{"cell":"890d567ae37ffff","res":9,"coarsened":false,"count":8,"hv":8,"mp":0,"y0":null,"y1":null,"sp":[[0,6,6,0,null,null],[30,2,2,0,null,null]]}},{"type":"Feature","geometry":{"type":"Polygon","coordinates":[[[-151.22111,67.57295],[-151.22438,67.57156],[-151.22304,67.56987],[-151.21842,67.56957],[-151.21515,67.57095],[-151.21649,67.57264],[-151.22111,67.57295]]]},"properties":{"cell":"890d567a847ffff","res":9,"coarsened":false,"count":4,"hv":4,"mp":0,"y0":null,"y1":null,"sp":[[56,2,2,0,null,null],[7,1,1,0,null,null],[141,1,1,0,null,null]]}},{"type":"Feature","geometry":{"type":"Polygon","coordinates":[[[-151.17406,67.6018],[-151.17734,67.60042],[-151.17599,67.59873],[-151.17137,67.59842],[-151.16809,67.5998],[-151.16943,67.60149],[-151.17406,67.6018]]]},"properties":{"cell":"890d567ac87ffff","res":9,"coarsened":false,"count":4,"hv":4,"mp":0,"y0":null,"y1":null,"sp":[[17,1,1,0,null,null],[20,1,1,0,null,null],[18,1,1,0,null,null],[21,1,1,0,null,null]]}},{"type":"Feature","geometry":{"type":"Polygon","coordinates":[[[-151.15243,67.61315],[-151.15571,67.61177],[-151.15437,67.61008],[-151.14974,67.60977],[-151.14646,67.61115],[-151.1478,67.61284],[-151.15243,67.61315]]]},"properties":{"cell":"890d56713dbffff","res":9,"coarsened":false,"count":3,"hv":3,"mp":0,"y0":null,"y1":null,"sp":[[18,2,2,0,null,null],[80,1,1,0,null,null]]}},{"type":"Feature","geometry":{"type":"Polygon","coordinates":[[[-151.48991,68.25308],[-151.49328,68.25169],[-151.49186,68.24999],[-151.48708,68.24968],[-151.48372,68.25107],[-151.48513,68.25277],[-151.48991,68.25308]]]},"properties":{"cell":"890d0b36c83ffff","res":9,"coarsened":false,"count":5,"hv":5,"mp":0,"y0":null,"y1":null,"sp":[[96,3,3,0,null,null],[140,1,1,0,null,null],[31,1,1,0,null,null]]}},{"type":"Feature","geometry":{"type":"Polygon","coordinates":[[[-152.03825,67.74193],[-152.0415,67.74053],[-152.04007,67.73885],[-152.03539,67.73856],[-152.03214,67.73996],[-152.03357,67.74165],[-152.03825,67.74193]]]},"properties":{"cell":"890d5649c53ffff","res":9,"coarsened":false,"count":2,"hv":2,"mp":0,"y0":null,"y1":null,"sp":[[0,2,2,0,null,null]]}},{"type":"Feature","geometry":{"type":"Polygon","coordinates":[[[-152.52987,67.99062],[-152.53313,67.98921],[-152.53165,67.98752],[-152.5269,67.98724],[-152.52363,67.98866],[-152.52512,67.99035],[-152.52987,67.99062]]]},"properties":{"cell":"890c2590483ffff","res":9,"coarsened":false,"count":2,"hv":2,"mp":0,"y0":null,"y1":null,"sp":[[85,1,1,0,null,null],[100,1,1,0,null,null]]}},{"type":"Feature","geometry":{"type":"Polygon","coordinates":[[[-151.10278,67.60021],[-151.10606,67.59884],[-151.10473,67.59715],[-151.1001,67.59683],[-151.09682,67.59821],[-151.09816,67.5999],[-151.10278,67.60021]]]},"properties":{"cell":"890d5671ed3ffff","res":9,"coarsened":false,"count":1,"hv":1,"mp":0,"y0":null,"y1":null,"sp":[[90,1,1,0,null,null]]}},{"type":"Feature","geometry":{"type":"Polygon","coordinates":[[[-151.229,67.57187],[-151.23227,67.57049],[-151.23093,67.5688],[-151.22631,67.56849],[-151.22304,67.56987],[-151.22438,67.57156],[-151.229,67.57187]]]},"properties":{"cell":"890d567a84fffff","res":9,"coarsened":false,"count":1,"hv":1,"mp":0,"y0":null,"y1":null,"sp":[[43,1,1,0,null,null]]}},{"type":"Feature","geometry":{"type":"Polygon","coordinates":[[[-151.14991,67.57139],[-151.15319,67.57001],[-151.15185,67.56832],[-151.14723,67.56801],[-151.14396,67.56939],[-151.1453,67.57108],[-151.14991,67.57139]]]},"properties":{"cell":"890d567a993ffff","res":9,"coarsened":false,"count":1,"hv":1,"mp":0,"y0":null,"y1":null,"sp":[[43,1,1,0,null,null]]}},{"type":"Feature","geometry":{"type":"Polygon","coordinates":[[[-151.12468,67.61129],[-151.12796,67.60991],[-151.12662,67.60822],[-151.122,67.60791],[-151.11872,67.60929],[-151.12005,67.61098],[-151.12468,67.61129]]]},"properties":{"cell":"890d5671383ffff","res":9,"coarsened":false,"count":2,"hv":2,"mp":0,"y0":null,"y1":null,"sp":[[18,1,1,0,null,null],[80,1,1,0,null,null]]}},{"type":"Feature","geometry":{"type":"Polygon","coordinates":[[[-151.42187,68.23099],[-151.42524,68.2296],[-151.42383,68.2279],[-151.41906,68.22759],[-151.41569,68.22898],[-151.4171,68.23068],[-151.42187,68.23099]]]},"properties":{"cell":"890d56d9e6bffff","res":9,"coarsened":false,"count":1,"hv":1,"mp":0,"y0":null,"y1":null,"sp":[[12,1,1,0,null,null]]}},{"type":"Feature","geometry":{"type":"Polygon","coordinates":[[[-152.32234,68.18225],[-152.32565,68.18084],[-152.32417,68.17915],[-152.31938,68.17887],[-152.31608,68.18028],[-152.31756,68.18197],[-152.32234,68.18225]]]},"properties":{"cell":"890d0b2a59bffff","res":9,"coarsened":false,"count":4,"hv":4,"mp":0,"y0":null,"y1":null,"sp":[[65,2,2,0,null,null],[17,1,1,0,null,null],[0,1,1,0,null,null]]}},{"type":"Feature","geometry":{"type":"Polygon","coordinates":[[[-151.44206,68.22264],[-151.44543,68.22125],[-151.44402,68.21955],[-151.43925,68.21924],[-151.43588,68.22064],[-151.43729,68.22234],[-151.44206,68.22264]]]},"properties":{"cell":"890d0b36d27ffff","res":9,"coarsened":false,"count":1,"hv":1,"mp":0,"y0":null,"y1":null,"sp":[[85,1,1,0,null,null]]}},{"type":"Feature","geometry":{"type":"Polygon","coordinates":[[[-151.20374,67.60058],[-151.20702,67.5992],[-151.20567,67.59751],[-151.20105,67.5972],[-151.19777,67.59858],[-151.19911,67.60027],[-151.20374,67.60058]]]},"properties":{"cell":"890d567accfffff","res":9,"coarsened":false,"count":1,"hv":1,"mp":0,"y0":null,"y1":null,"sp":[[18,1,1,0,null,null]]}},{"type":"Feature","geometry":{"type":"Polygon","coordinates":[[[-150.50124,68.07211],[-150.50463,68.07074],[-150.50331,68.06904],[-150.4986,68.0687],[-150.49521,68.07007],[-150.49653,68.07177],[-150.50124,68.07211]]]},"properties":{"cell":"890d56c6837ffff","res":9,"coarsened":false,"count":9,"hv":9,"mp":0,"y0":null,"y1":null,"sp":[[28,3,3,0,null,null],[31,2,2,0,null,null],[100,1,1,0,null,null],[23,1,1,0,null,null],[53,1,1,0,null,null],[56,1,1,0,null,null]]}},{"type":"Feature","geometry":{"type":"Polygon","coordinates":[[[-150.26867,68.15208],[-150.27209,68.15072],[-150.27079,68.14901],[-150.26607,68.14867],[-150.26265,68.15004],[-150.26396,68.15174],[-150.26867,68.15208]]]},"properties":{"cell":"890d568841bffff","res":9,"coarsened":false,"count":3,"hv":3,"mp":0,"y0":null,"y1":null,"sp":[[18,2,2,0,null,null],[53,1,1,0,null,null]]}},{"type":"Feature","geometry":{"type":"Polygon","coordinates":[[[-150.24002,68.16129],[-150.24344,68.15993],[-150.24214,68.15822],[-150.23742,68.15788],[-150.234,68.15924],[-150.2353,68.16095],[-150.24002,68.16129]]]},"properties":{"cell":"890d568a22fffff","res":9,"coarsened":false,"count":9,"hv":9,"mp":0,"y0":null,"y1":null,"sp":[[31,2,2,0,null,null],[18,2,2,0,null,null],[0,2,2,0,null,null],[15,1,1,0,null,null],[19,1,1,0,null,null],[28,1,1,0,null,null]]}},{"type":"Feature","geometry":{"type":"Polygon","coordinates":[[[-150.19922,68.23086],[-150.20266,68.2295],[-150.20136,68.22779],[-150.19663,68.22745],[-150.19319,68.22881],[-150.19449,68.23052],[-150.19922,68.23086]]]},"properties":{"cell":"890d5699d3bffff","res":9,"coarsened":false,"count":3,"hv":3,"mp":0,"y0":null,"y1":null,"sp":[[3,1,1,0,null,null],[15,1,1,0,null,null],[43,1,1,0,null,null]]}},{"type":"Feature","geometry":{"type":"Polygon","coordinates":[[[-150.15313,68.21139],[-150.15657,68.21003],[-150.15527,68.20832],[-150.15054,68.20798],[-150.14711,68.20934],[-150.14841,68.21105],[-150.15313,68.21139]]]},"properties":{"cell":"890d5698a2fffff","res":9,"coarsened":false,"count":5,"hv":5,"mp":0,"y0":null,"y1":null,"sp":[[30,2,2,0,null,null],[0,1,1,0,null,null],[85,1,1,0,null,null],[31,1,1,0,null,null]]}},{"type":"Feature","geometry":{"type":"Polygon","coordinates":[[[-150.46489,68.07114],[-150.46829,68.06977],[-150.46697,68.06807],[-150.46227,68.06774],[-150.45888,68.0691],[-150.46019,68.07081],[-150.46489,68.07114]]]},"properties":{"cell":"890d56c6983ffff","res":9,"coarsened":false,"count":2,"hv":2,"mp":0,"y0":null,"y1":null,"sp":[[85,1,1,0,null,null],[28,1,1,0,null,null]]}},{"type":"Feature","geometry":{"type":"Polygon","coordinates":[[[-150.37731,68.10192],[-150.38071,68.10055],[-150.37941,68.09885],[-150.3747,68.09851],[-150.37129,68.09988],[-150.3726,68.10158],[-150.37731,68.10192]]]},"properties":{"cell":"890d5689c5bffff","res":9,"coarsened":false,"count":1,"hv":1,"mp":0,"y0":null,"y1":null,"sp":[[56,1,1,0,null,null]]}},{"type":"Feature","geometry":{"type":"Polygon","coordinates":[[[-150.1613,68.21037],[-150.16473,68.20901],[-150.16343,68.2073],[-150.15871,68.20696],[-150.15527,68.20832],[-150.15657,68.21003],[-150.1613,68.21037]]]},"properties":{"cell":"890d568a493ffff","res":9,"coarsened":false,"count":6,"hv":6,"mp":0,"y0":null,"y1":null,"sp":[[0,3,3,0,null,null],[18,3,3,0,null,null]]}},{"type":"Feature","geometry":{"type":"Polygon","coordinates":[[[-150.12436,68.22058],[-150.12779,68.21922],[-150.1265,68.21751],[-150.12177,68.21716],[-150.11834,68.21853],[-150.11963,68.22023],[-150.12436,68.22058]]]},"properties":{"cell":"890d569886bffff","res":9,"coarsened":false,"count":2,"hv":2,"mp":0,"y0":null,"y1":null,"sp":[[15,1,1,0,null,null],[28,1,1,0,null,null]]}},{"type":"Feature","geometry":{"type":"Polygon","coordinates":[[[-150.54568,68.07203],[-150.54907,68.07066],[-150.54775,68.06895],[-150.54304,68.06862],[-150.53966,68.06999],[-150.54097,68.07169],[-150.54568,68.07203]]]},"properties":{"cell":"890d56c6ab7ffff","res":9,"coarsened":false,"count":2,"hv":2,"mp":0,"y0":null,"y1":null,"sp":[[3,2,2,0,null,null]]}},{"type":"Feature","geometry":{"type":"Polygon","coordinates":[[[-150.27046,68.16027],[-150.27388,68.1589],[-150.27258,68.1572],[-150.26786,68.15686],[-150.26444,68.15822],[-150.26574,68.15993],[-150.27046,68.16027]]]},"properties":{"cell":"890d56884d3ffff","res":9,"coarsened":false,"count":5,"hv":5,"mp":0,"y0":null,"y1":null,"sp":[[100,3,3,0,null,null],[56,1,1,0,null,null],[12,1,1,0,null,null]]}},{"type":"Feature","geometry":{"type":"Polygon","coordinates":[[[-150.19143,68.22062],[-150.19486,68.21926],[-150.19356,68.21755],[-150.18883,68.21721],[-150.1854,68.21857],[-150.1867,68.22028],[-150.19143,68.22062]]]},"properties":{"cell":"890d5698a4bffff","res":9,"coarsened":false,"count":5,"hv":5,"mp":0,"y0":null,"y1":null,"sp":[[43,1,1,0,null,null],[23,1,1,0,null,null],[3,1,1,0,null,null],[85,1,1,0,null,null],[12,1,1,0,null,null]]}},{"type":"Feature","geometry":{"type":"Polygon","coordinates":[[[-150.18189,68.2022],[-150.18532,68.20083],[-150.18402,68.19913],[-150.17929,68.19879],[-150.17586,68.20015],[-150.17716,68.20185],[-150.18189,68.2022]]]},"properties":{"cell":"890d568a41bffff","res":9,"coarsened":false,"count":4,"hv":4,"mp":0,"y0":null,"y1":null,"sp":[[23,2,2,0,null,null],[15,1,1,0,null,null],[28,1,1,0,null,null]]}},{"type":"Feature","geometry":{"type":"Polygon","coordinates":[[[-150.34217,68.1316],[-150.34558,68.13023],[-150.34427,68.12853],[-150.33955,68.12819],[-150.33614,68.12956],[-150.33745,68.13126],[-150.34217,68.1316]]]},"properties":{"cell":"890d56882d3ffff","res":9,"coarsened":false,"count":1,"hv":1,"mp":0,"y0":null,"y1":null,"sp":[[3,1,1,0,null,null]]}},{"type":"Feature","geometry":{"type":"Polygon","coordinates":[[[-150.24782,68.17152],[-150.25124,68.17016],[-150.24994,68.16845],[-150.24522,68.16811],[-150.2418,68.16947],[-150.2431,68.17118],[-150.24782,68.17152]]]},"properties":{"cell":"890d568a203ffff","res":9,"coarsened":false,"count":2,"hv":2,"mp":0,"y0":null,"y1":null,"sp":[[43,1,1,0,null,null],[15,1,1,0,null,null]]}},{"type":"Feature","geometry":{"type":"Polygon","coordinates":[[[-150.23967,68.17254],[-150.2431,68.17118],[-150.2418,68.16947],[-150.23707,68.16913],[-150.23365,68.1705],[-150.23495,68.1722],[-150.23967,68.17254]]]},"properties":{"cell":"890d568a217ffff","res":9,"coarsened":false,"count":1,"hv":1,"mp":0,"y0":null,"y1":null,"sp":[[56,1,1,0,null,null]]}},{"type":"Feature","geometry":{"type":"Polygon","coordinates":[[[-150.25418,68.16231],[-150.2576,68.16095],[-150.2563,68.15924],[-150.25158,68.1589],[-150.24816,68.16027],[-150.24946,68.16197],[-150.25418,68.16231]]]},"properties":{"cell":"890d568a267ffff","res":9,"coarsened":false,"count":2,"hv":2,"mp":0,"y0":null,"y1":null,"sp":[[56,2,2,0,null,null]]}},{"type":"Feature","geometry":{"type":"Polygon","coordinates":[[[-150.17044,68.24006],[-150.17387,68.23869],[-150.17258,68.23699],[-150.16784,68.23664],[-150.1644,68.23801],[-150.1657,68.23971],[-150.17044,68.24006]]]},"properties":{"cell":"890d5698e4fffff","res":9,"coarsened":false,"count":1,"hv":1,"mp":0,"y0":null,"y1":null,"sp":[[7,1,1,0,null,null]]}},{"type":"Feature","geometry":{"type":"Polygon","coordinates":[[[-150.23223,68.15106],[-150.23565,68.1497],[-150.23435,68.14799],[-150.22964,68.14765],[-150.22622,68.14901],[-150.22751,68.15072],[-150.23223,68.15106]]]},"properties":{"cell":"890d56884b7ffff","res":9,"coarsened":false,"count":3,"hv":3,"mp":0,"y0":null,"y1":null,"sp":[[15,1,1,0,null,null],[31,1,1,0,null,null],[65,1,1,0,null,null]]}},{"type":"Feature","geometry":{"type":"Polygon","coordinates":[[[-151.91989,67.73305],[-151.92315,67.73165],[-151.92174,67.72996],[-151.91707,67.72967],[-151.91381,67.73107],[-151.91522,67.73276],[-151.91989,67.73305]]]},"properties":{"cell":"890d5648e03ffff","res":9,"coarsened":false,"count":5,"hv":5,"mp":0,"y0":null,"y1":null,"sp":[[80,2,2,0,null,null],[17,2,2,0,null,null],[86,1,1,0,null,null]]}},{"type":"Feature","geometry":{"type":"Polygon","coordinates":[[[-150.47277,68.08135],[-150.47617,68.07998],[-150.47485,68.07828],[-150.47015,68.07795],[-150.46675,68.07932],[-150.46806,68.08102],[-150.47277,68.08135]]]},"properties":{"cell":"890d56c6d73ffff","res":9,"coarsened":false,"count":2,"hv":2,"mp":0,"y0":null,"y1":null,"sp":[[31,2,2,0,null,null]]}},{"type":"Feature","geometry":{"type":"Polygon","coordinates":[[[-152.6328,67.91324],[-152.63605,67.91182],[-152.63456,67.91013],[-152.62982,67.90986],[-152.62658,67.91128],[-152.62806,67.91297],[-152.6328,67.91324]]]},"properties":{"cell":"890c2591813ffff","res":9,"coarsened":false,"count":5,"hv":5,"mp":0,"y0":null,"y1":null,"sp":[[0,3,3,0,null,null],[102,1,1,0,null,null],[18,1,1,0,null,null]]}},{"type":"Feature","geometry":{"type":"Polygon","coordinates":[[[-156.3722,67.84065],[-156.37522,67.83916],[-156.37342,67.8375],[-156.36861,67.83734],[-156.36559,67.83883],[-156.36739,67.84049],[-156.3722,67.84065]]]},"properties":{"cell":"890c24794c3ffff","res":9,"coarsened":false,"count":10,"hv":10,"mp":0,"y0":null,"y1":null,"sp":[[0,4,4,0,null,null],[4,3,3,0,null,null],[65,2,2,0,null,null],[68,1,1,0,null,null]]}},{"type":"Feature","geometry":{"type":"Polygon","coordinates":[[[-156.06467,68.04251],[-156.06773,68.04102],[-156.06595,68.03936],[-156.06109,68.03918],[-156.05803,68.04067],[-156.05982,68.04234],[-156.06467,68.04251]]]},"properties":{"cell":"890c244643bffff","res":9,"coarsened":false,"count":7,"hv":7,"mp":0,"y0":null,"y1":null,"sp":[[28,3,3,0,null,null],[31,2,2,0,null,null],[65,1,1,0,null,null],[30,1,1,0,null,null]]}},{"type":"Feature","geometry":{"type":"Polygon","coordinates":[[[-156.04347,68.04015],[-156.04654,68.03866],[-156.04475,68.037],[-156.0399,68.03682],[-156.03684,68.03831],[-156.03862,68.03997],[-156.04347,68.04015]]]},"properties":{"cell":"890c24465cbffff","res":9,"coarsened":false,"count":6,"hv":6,"mp":0,"y0":null,"y1":null,"sp":[[28,3,3,0,null,null],[65,2,2,0,null,null],[57,1,1,0,null,null]]}},{"type":"Feature","geometry":{"type":"Polygon","coordinates":[[[-155.76442,67.93072],[-155.76748,67.92924],[-155.76573,67.92758],[-155.76091,67.9274],[-155.75784,67.92888],[-155.7596,67.93054],[-155.76442,67.93072]]]},"properties":{"cell":"890c2472073ffff","res":9,"coarsened":false,"count":1,"hv":1,"mp":0,"y0":null,"y1":null,"sp":[[28,1,1,0,null,null]]}},{"type":"Feature","geometry":{"type":"Polygon","coordinates":[[[-156.23982,67.8425],[-156.24285,67.841],[-156.24106,67.83934],[-156.23625,67.83918],[-156.23323,67.84067],[-156.23501,67.84233],[-156.23982,67.8425]]]},"properties":{"cell":"890c247b12fffff","res":9,"coarsened":false,"count":3,"hv":3,"mp":0,"y0":null,"y1":null,"sp":[[18,2,2,0,null,null],[19,1,1,0,null,null]]}},{"type":"Feature","geometry":{"type":"Polygon","coordinates":[[[-156.22195,68.09288],[-156.22501,68.09138],[-156.22321,68.08972],[-156.21834,68.08955],[-156.21528,68.09104],[-156.21708,68.09271],[-156.22195,68.09288]]]},"properties":{"cell":"890c2455ec3ffff","res":9,"coarsened":false,"count":6,"hv":6,"mp":0,"y0":null,"y1":null,"sp":[[28,4,4,0,null,null],[31,2,2,0,null,null]]}},{"type":"Feature","geometry":{"type":"Polygon","coordinates":[[[-156.36002,67.87218],[-156.36304,67.87069],[-156.36124,67.86903],[-156.35642,67.86886],[-156.3534,67.87036],[-156.3552,67.87202],[-156.36002,67.87218]]]},"properties":{"cell":"890c247b67bffff","res":9,"coarsened":false,"count":6,"hv":6,"mp":0,"y0":null,"y1":null,"sp":[[0,3,3,0,null,null],[18,1,1,0,null,null],[90,1,1,0,null,null],[4,1,1,0,null,null]]}},{"type":"Feature","geometry":{"type":"Polygon","coordinates":[[[-156.24766,67.84117],[-156.25068,67.83968],[-156.24889,67.83802],[-156.24408,67.83785],[-156.24106,67.83934],[-156.24285,67.841],[-156.24766,67.84117]]]},"properties":{"cell":"890c2478693ffff","res":9,"coarsened":false,"count":3,"hv":3,"mp":0,"y0":null,"y1":null,"sp":[[17,1,1,0,null,null],[18,1,1,0,null,null],[0,1,1,0,null,null]]}},{"type":"Feature","geometry":{"type":"Polygon","coordinates":[[[-156.26209,67.84167],[-156.26511,67.84018],[-156.26332,67.83852],[-156.25851,67.83835],[-156.25549,67.83984],[-156.25728,67.8415],[-156.26209,67.84167]]]},"properties":{"cell":"890c247b16fffff","res":9,"coarsened":false,"count":5,"hv":5,"mp":0,"y0":null,"y1":null,"sp":[[4,3,3,0,null,null],[18,2,2,0,null,null]]}},{"type":"Feature","geometry":{"type":"Polygon","coordinates":[[[-156.24448,68.09206],[-156.24754,68.09057],[-156.24573,68.0889],[-156.24087,68.08874],[-156.23781,68.09023],[-156.23962,68.09189],[-156.24448,68.09206]]]},"properties":{"cell":"890c2455323ffff","res":9,"coarsened":false,"count":5,"hv":5,"mp":0,"y0":null,"y1":null,"sp":[[28,4,4,0,null,null],[30,1,1,0,null,null]]}},{"type":"Feature","geometry":{"type":"Polygon","coordinates":[[[-155.56284,66.89209],[-155.56577,66.89062],[-155.56411,66.88897],[-155.55953,66.88879],[-155.55659,66.89026],[-155.55825,66.89191],[-155.56284,66.89209]]]},"properties":{"cell":"890c2005d5bffff","res":9,"coarsened":false,"count":4,"hv":4,"mp":0,"y0":null,"y1":null,"sp":[[17,2,2,0,null,null],[43,1,1,0,null,null],[3,1,1,0,null,null]]}},{"type":"Feature","geometry":{"type":"Polygon","coordinates":[[[-156.0491,68.06275],[-156.05217,68.06126],[-156.05038,68.0596],[-156.04552,68.05942],[-156.04245,68.06091],[-156.04424,68.06258],[-156.0491,68.06275]]]},"properties":{"cell":"890c2454a23ffff","res":9,"coarsened":false,"count":5,"hv":5,"mp":0,"y0":null,"y1":null,"sp":[[28,4,4,0,null,null],[30,1,1,0,null,null]]}},{"type":"Feature","geometry":{"type":"Polygon","coordinates":[[[-155.89939,67.53049],[-155.90239,67.52901],[-155.90066,67.52735],[-155.89593,67.52718],[-155.89293,67.52866],[-155.89466,67.53032],[-155.89939,67.53049]]]},"properties":{"cell":"890c246ce27ffff","res":9,"coarsened":false,"count":8,"hv":8,"mp":0,"y0":null,"y1":null,"sp":[[18,4,4,0,null,null],[17,2,2,0,null,null],[0,2,2,0,null,null]]}},{"type":"Feature","geometry":{"type":"Polygon","coordinates":[[[-155.60922,66.88122],[-155.61214,66.87975],[-155.61049,66.8781],[-155.6059,66.87792],[-155.60297,66.87939],[-155.60463,66.88104],[-155.60922,66.88122]]]},"properties":{"cell":"890c2005843ffff","res":9,"coarsened":false,"count":3,"hv":3,"mp":0,"y0":null,"y1":null,"sp":[[76,1,1,0,null,null],[68,1,1,0,null,null],[19,1,1,0,null,null]]}},{"type":"Feature","geometry":{"type":"Polygon","coordinates":[[[-155.54907,66.89155],[-155.55201,66.89008],[-155.55035,66.88844],[-155.54577,66.88826],[-155.54283,66.88973],[-155.54449,66.89138],[-155.54907,66.89155]]]},"properties":{"cell":"890c2005d57ffff","res":9,"coarsened":false,"count":8,"hv":8,"mp":0,"y0":null,"y1":null,"sp":[[43,2,2,0,null,null],[18,2,2,0,null,null],[17,1,1,0,null,null],[7,1,1,0,null,null],[19,1,1,0,null,null],[85,1,1,0,null,null]]}},{"type":"Feature","geometry":{"type":"Polygon","coordinates":[[[-155.97992,68.03305],[-155.98299,68.03156],[-155.98121,68.0299],[-155.97636,68.02972],[-155.97329,68.03121],[-155.97507,68.03287],[-155.97992,68.03305]]]},"properties":{"cell":"890c240966fffff","res":9,"coarsened":false,"count":2,"hv":2,"mp":0,"y0":null,"y1":null,"sp":[[43,1,1,0,null,null],[28,1,1,0,null,null]]}},{"type":"Feature","geometry":{"type":"Polygon","coordinates":[[[-155.95242,67.54199],[-155.95542,67.54051],[-155.95368,67.53885],[-155.94895,67.53868],[-155.94595,67.54016],[-155.94769,67.54182],[-155.95242,67.54199]]]},"properties":{"cell":"890c246c32fffff","res":9,"coarsened":false,"count":4,"hv":4,"mp":0,"y0":null,"y1":null,"sp":[[100,1,1,0,null,null],[3,1,1,0,null,null],[17,1,1,0,null,null],[18,1,1,0,null,null]]}},{"type":"Feature","geometry":{"type":"Polygon","coordinates":[[[-155.74601,67.92204],[-155.74908,67.92056],[-155.74732,67.91889],[-155.74251,67.91871],[-155.73944,67.92019],[-155.74119,67.92186],[-155.74601,67.92204]]]},"properties":{"cell":"890c2472397ffff","res":9,"coarsened":false,"count":1,"hv":1,"mp":0,"y0":null,"y1":null,"sp":[[56,1,1,0,null,null]]}},{"type":"Feature","geometry":{"type":"Polygon","coordinates":[[[-155.71316,67.93038],[-155.71622,67.9289],[-155.71447,67.92724],[-155.70966,67.92705],[-155.70659,67.92853],[-155.70834,67.9302],[-155.71316,67.93038]]]},"properties":{"cell":"890c24721d7ffff","res":9,"coarsened":false,"count":3,"hv":3,"mp":0,"y0":null,"y1":null,"sp":[[56,3,3,0,null,null]]}},{"type":"Feature","geometry":{"type":"Polygon","coordinates":[[[-155.65004,67.94076],[-155.65311,67.93928],[-155.65136,67.93761],[-155.64654,67.93743],[-155.64347,67.93891],[-155.64522,67.94057],[-155.65004,67.94076]]]},"properties":{"cell":"890c240d29bffff","res":9,"coarsened":false,"count":4,"hv":4,"mp":0,"y0":null,"y1":null,"sp":[[60,1,1,0,null,null],[17,1,1,0,null,null],[3,1,1,0,null,null],[0,1,1,0,null,null]]}},{"type":"Feature","geometry":{"type":"Polygon","coordinates":[[[-156.04245,68.06091],[-156.04552,68.05942],[-156.04373,68.05776],[-156.03888,68.05758],[-156.03581,68.05907],[-156.0376,68.06074],[-156.04245,68.06091]]]},"properties":{"cell":"890c2454a27ffff","res":9,"coarsened":false,"count":1,"hv":1,"mp":0,"y0":null,"y1":null,"sp":[[28,1,1,0,null,null]]}},{"type":"Feature","geometry":{"type":"Polygon","coordinates":[[[-155.96016,67.54068],[-155.96315,67.53919],[-155.96142,67.53754],[-155.95668,67.53737],[-155.95368,67.53885],[-155.95542,67.54051],[-155.96016,67.54068]]]},"properties":{"cell":"890c246dd93ffff","res":9,"coarsened":false,"count":3,"hv":3,"mp":0,"y0":null,"y1":null,"sp":[[3,1,1,0,null,null],[56,1,1,0,null,null],[17,1,1,0,null,null]]}},{"type":"Feature","geometry":{"type":"Polygon","coordinates":[[[-155.74996,67.93018],[-155.75302,67.9287],[-155.75127,67.92703],[-155.74645,67.92685],[-155.74338,67.92833],[-155.74514,67.93],[-155.74996,67.93018]]]},"properties":{"cell":"890c247203bffff","res":9,"coarsened":false,"count":1,"hv":1,"mp":0,"y0":null,"y1":null,"sp":[[28,1,1,0,null,null]]}},{"type":"Feature","geometry":{"type":"Polygon","coordinates":[[[-155.69342,67.94242],[-155.69649,67.94094],[-155.69474,67.93927],[-155.68992,67.93909],[-155.68685,67.94057],[-155.6886,67.94223],[-155.69342,67.94242]]]},"properties":{"cell":"890c2472507ffff","res":9,"coarsened":false,"count":2,"hv":2,"mp":0,"y0":null,"y1":null,"sp":[[3,1,1,0,null,null],[0,1,1,0,null,null]]}},{"type":"Feature","geometry":{"type":"Polygon","coordinates":[[[-154.74016,68.08083],[-154.74331,68.07936],[-154.74163,68.07769],[-154.7368,68.07748],[-154.73365,68.07894],[-154.73533,68.08061],[-154.74016,68.08083]]]},"properties":{"cell":"890c24a864bffff","res":9,"coarsened":false,"count":1,"hv":1,"mp":0,"y0":null,"y1":null,"sp":[[56,1,1,0,null,null]]}},{"type":"Feature","geometry":{"type":"Polygon","coordinates":[[[-154.15524,68.14211],[-154.15843,68.14066],[-154.1568,68.13898],[-154.15197,68.13875],[-154.14878,68.1402],[-154.15041,68.14188],[-154.15524,68.14211]]]},"properties":{"cell":"890c24a2e3bffff","res":9,"coarsened":false,"count":6,"hv":6,"mp":0,"y0":null,"y1":null,"sp":[[13,2,2,0,null,null],[4,1,1,0,null,null],[18,1,1,0,null,null],[0,1,1,0,null,null],[17,1,1,0,null,null]]}},{"type":"Feature","geometry":{"type":"Polygon","coordinates":[[[-154.08322,68.30064],[-154.08645,68.29919],[-154.08481,68.29751],[-154.07994,68.29728],[-154.07672,68.29873],[-154.07836,68.30041],[-154.08322,68.30064]]]},"properties":{"cell":"890c24b2e03ffff","res":9,"coarsened":false,"count":6,"hv":6,"mp":0,"y0":null,"y1":null,"sp":[[18,2,2,0,null,null],[4,2,2,0,null,null],[30,1,1,0,null,null],[0,1,1,0,null,null]]}},{"type":"Feature","geometry":{"type":"Polygon","coordinates":[[[-155.67106,67.94316],[-155.67414,67.94168],[-155.67239,67.94002],[-155.66757,67.93983],[-155.66449,67.94131],[-155.66624,67.94298],[-155.67106,67.94316]]]},"properties":{"cell":"890c24725a7ffff","res":9,"coarsened":false,"count":4,"hv":4,"mp":0,"y0":null,"y1":null,"sp":[[0,2,2,0,null,null],[56,1,1,0,null,null],[30,1,1,0,null,null]]}},{"type":"Feature","geometry":{"type":"Polygon","coordinates":[[[-155.6017,66.88251],[-155.60463,66.88104],[-155.60297,66.87939],[-155.59839,66.87921],[-155.59546,66.88068],[-155.59711,66.88233],[-155.6017,66.88251]]]},"properties":{"cell":"890c2005857ffff","res":9,"coarsened":false,"count":2,"hv":2,"mp":0,"y0":null,"y1":null,"sp":[[68,1,1,0,null,null],[18,1,1,0,null,null]]}},{"type":"Feature","geometry":{"type":"Polygon","coordinates":[[[-154.76914,68.0821],[-154.77229,68.08064],[-154.77061,68.07896],[-154.76578,68.07875],[-154.76263,68.08021],[-154.76431,68.08189],[-154.76914,68.0821]]]},"properties":{"cell":"890c24a95d7ffff","res":9,"coarsened":false,"count":2,"hv":2,"mp":0,"y0":null,"y1":null,"sp":[[0,1,1,0,null,null],[60,1,1,0,null,null]]}},{"type":"Feature","geometry":{"type":"Polygon","coordinates":[[[-154.73137,67.14136],[-154.73439,67.13991],[-154.73278,67.13825],[-154.72816,67.13804],[-154.72515,67.1395],[-154.72675,67.14116],[-154.73137,67.14136]]]},"properties":{"cell":"890c20b193bffff","res":9,"coarsened":false,"count":5,"hv":5,"mp":0,"y0":null,"y1":null,"sp":[[76,2,2,0,null,null],[55,1,1,0,null,null],[80,1,1,0,null,null],[68,1,1,0,null,null]]}},{"type":"Feature","geometry":{"type":"Polygon","coordinates":[[[-155.55148,66.90273],[-155.55442,66.90126],[-155.55276,66.89961],[-155.54817,66.89944],[-155.54524,66.9009],[-155.54689,66.90255],[-155.55148,66.90273]]]},"properties":{"cell":"890c2005ca7ffff","res":9,"coarsened":false,"count":1,"hv":1,"mp":0,"y0":null,"y1":null,"sp":[[43,1,1,0,null,null]]}},{"type":"Feature","geometry":{"type":"Polygon","coordinates":[[[-154.81392,67.1307],[-154.81693,67.12924],[-154.81531,67.12759],[-154.81069,67.12739],[-154.80769,67.12884],[-154.8093,67.1305],[-154.81392,67.1307]]]},"properties":{"cell":"890c20a34b7ffff","res":9,"coarsened":false,"count":2,"hv":2,"mp":0,"y0":null,"y1":null,"sp":[[56,1,1,0,null,null],[108,1,1,0,null,null]]}},{"type":"Feature","geometry":{"type":"Polygon","coordinates":[[[-153.87608,67.71741],[-153.95314,67.69886],[-153.95294,67.66533],[-153.87592,67.65036],[-153.79899,67.66887],[-153.79895,67.70239],[-153.87608,67.71741]]]},"properties":{"cell":"860c25cf7ffffff","res":6,"coarsened":true,"count":1,"hv":1,"mp":0,"y0":null,"y1":null,"sp":[[79,1,1,0,null,null]]}},{"type":"Feature","geometry":{"type":"Polygon","coordinates":[[[-153.83827,67.69158],[-153.84142,67.69014],[-153.83985,67.68847],[-153.83513,67.68823],[-153.83198,67.68967],[-153.83356,67.69135],[-153.83827,67.69158]]]},"properties":{"cell":"890c25cf547ffff","res":9,"coarsened":false,"count":3,"hv":3,"mp":0,"y0":null,"y1":null,"sp":[[0,2,2,0,null,null],[17,1,1,0,null,null]]}},{"type":"Feature","geometry":{"type":"Polygon","coordinates":[[[-153.57725,67.83175],[-153.58043,67.83032],[-153.57887,67.82864],[-153.57413,67.8284],[-153.57095,67.82983],[-153.57251,67.83151],[-153.57725,67.83175]]]},"properties":{"cell":"890c25c21b3ffff","res":9,"coarsened":false,"count":4,"hv":4,"mp":0,"y0":null,"y1":null,"sp":[[0,1,1,0,null,null],[53,1,1,0,null,null],[56,1,1,0,null,null],[18,1,1,0,null,null]]}},{"type":"Feature","geometry":{"type":"Polygon","coordinates":[[[-155.58298,67.94296],[-155.58606,67.94149],[-155.58432,67.93982],[-155.5795,67.93963],[-155.57642,67.94111],[-155.57816,67.94278],[-155.58298,67.94296]]]},"properties":{"cell":"890c240d0bbffff","res":9,"coarsened":false,"count":1,"hv":1,"mp":0,"y0":null,"y1":null,"sp":[[0,1,1,0,null,null]]}},{"type":"Feature","geometry":{"type":"Polygon","coordinates":[[[-155.5505,66.87103],[-155.55343,66.86956],[-155.55178,66.86791],[-155.5472,66.86773],[-155.54427,66.8692],[-155.54592,66.87085],[-155.5505,66.87103]]]},"properties":{"cell":"890c200591bffff","res":9,"coarsened":false,"count":3,"hv":3,"mp":0,"y0":null,"y1":null,"sp":[[7,1,1,0,null,null],[18,1,1,0,null,null],[61,1,1,0,null,null]]}},{"type":"Feature","geometry":{"type":"Polygon","coordinates":[[[-154.28145,67.151],[-154.2845,67.14956],[-154.28292,67.1479],[-154.27831,67.14768],[-154.27527,67.14912],[-154.27684,67.15078],[-154.28145,67.151]]]},"properties":{"cell":"890c20b612bffff","res":9,"coarsened":false,"count":6,"hv":6,"mp":0,"y0":null,"y1":null,"sp":[[20,1,1,0,null,null],[30,1,1,0,null,null],[17,1,1,0,null,null],[105,1,1,0,null,null],[55,1,1,0,null,null],[58,1,1,0,null,null]]}},{"type":"Feature","geometry":{"type":"Polygon","coordinates":[[[-154.19208,67.04202],[-154.19511,67.04058],[-154.19356,67.03892],[-154.18897,67.0387],[-154.18594,67.04014],[-154.1875,67.0418],[-154.19208,67.04202]]]},"properties":{"cell":"890c256959bffff","res":9,"coarsened":false,"count":7,"hv":7,"mp":0,"y0":null,"y1":null,"sp":[[65,2,2,0,null,null],[19,2,2,0,null,null],[68,2,2,0,null,null],[20,1,1,0,null,null]]}},{"type":"Feature","geometry":{"type":"Polygon","coordinates":[[[-155.86326,67.53075],[-155.86626,67.52927],[-155.86453,67.52761],[-155.8598,67.52744],[-155.8568,67.52892],[-155.85853,67.53057],[-155.86326,67.53075]]]},"properties":{"cell":"890c246c88fffff","res":9,"coarsened":false,"count":1,"hv":1,"mp":0,"y0":null,"y1":null,"sp":[[30,1,1,0,null,null]]}},{"type":"Feature","geometry":{"type":"Polygon","coordinates":[[[-155.55901,66.90144],[-155.56194,66.89997],[-155.56028,66.89832],[-155.55569,66.89814],[-155.55276,66.89961],[-155.55442,66.90126],[-155.55901,66.90144]]]},"properties":{"cell":"890c2005cafffff","res":9,"coarsened":false,"count":1,"hv":1,"mp":0,"y0":null,"y1":null,"sp":[[7,1,1,0,null,null]]}},{"type":"Feature","geometry":{"type":"Polygon","coordinates":[[[-156.3642,67.88031],[-156.36722,67.87882],[-156.36542,67.87716],[-156.3606,67.87699],[-156.35758,67.87849],[-156.35938,67.88015],[-156.3642,67.88031]]]},"properties":{"cell":"890c247b653ffff","res":9,"coarsened":false,"count":1,"hv":1,"mp":0,"y0":null,"y1":null,"sp":[[3,1,1,0,null,null]]}},{"type":"Feature","geometry":{"type":"Polygon","coordinates":[[[-156.29896,67.89725],[-156.37506,67.87748],[-156.37099,67.8438],[-156.29106,67.82989],[-156.21508,67.84962],[-156.2189,67.8833],[-156.29896,67.89725]]]},"properties":{"cell":"860c247b7ffffff","res":6,"coarsened":true,"count":1,"hv":1,"mp":0,"y0":null,"y1":null,"sp":[[79,1,1,0,null,null]]}},{"type":"Feature","geometry":{"type":"Polygon","coordinates":[[[-154.34446,67.15237],[-154.3475,67.15092],[-154.34592,67.14926],[-154.34131,67.14904],[-154.33827,67.15049],[-154.33985,67.15215],[-154.34446,67.15237]]]},"properties":{"cell":"890c20b631bffff","res":9,"coarsened":false,"count":4,"hv":4,"mp":0,"y0":null,"y1":null,"sp":[[56,1,1,0,null,null],[58,1,1,0,null,null],[68,1,1,0,null,null],[18,1,1,0,null,null]]}},{"type":"Feature","geometry":{"type":"Polygon","coordinates":[[[-154.30294,67.15042],[-154.30598,67.14898],[-154.30441,67.14732],[-154.2998,67.1471],[-154.29676,67.14855],[-154.29833,67.15021],[-154.30294,67.15042]]]},"properties":{"cell":"890c20b616bffff","res":9,"coarsened":false,"count":2,"hv":2,"mp":0,"y0":null,"y1":null,"sp":[[17,2,2,0,null,null]]}},{"type":"Feature","geometry":{"type":"Polygon","coordinates":[[[-154.20142,67.05198],[-154.20445,67.05054],[-154.20289,67.04888],[-154.19831,67.04866],[-154.19527,67.0501],[-154.19683,67.05176],[-154.20142,67.05198]]]},"properties":{"cell":"890c256b347ffff","res":9,"coarsened":false,"count":5,"hv":5,"mp":0,"y0":null,"y1":null,"sp":[[19,2,2,0,null,null],[18,1,1,0,null,null],[76,1,1,0,null,null],[21,1,1,0,null,null]]}},{"type":"Feature","geometry":{"type":"Polygon","coordinates":[[[-154.0683,68.27104],[-154.07151,68.26959],[-154.06988,68.26791],[-154.06502,68.26767],[-154.0618,68.26912],[-154.06344,68.27081],[-154.0683,68.27104]]]},"properties":{"cell":"890c24b2bcbffff","res":9,"coarsened":false,"count":5,"hv":5,"mp":0,"y0":null,"y1":null,"sp":[[30,2,2,0,null,null],[0,2,2,0,null,null],[13,1,1,0,null,null]]}},{"type":"Feature","geometry":{"type":"Polygon","coordinates":[[[-155.95565,67.60584],[-156.03095,67.58626],[-156.02748,67.55267],[-155.94895,67.53868],[-155.87376,67.55822],[-155.87699,67.59179],[-155.95565,67.60584]]]},"properties":{"cell":"860c246c7ffffff","res":6,"coarsened":true,"count":1,"hv":1,"mp":0,"y0":null,"y1":null,"sp":[[79,1,1,0,null,null]]}},{"type":"Feature","geometry":{"type":"Polygon","coordinates":[[[-153.00965,68.04172],[-153.0129,68.0403],[-153.01137,68.03861],[-153.00659,68.03835],[-153.00335,68.03977],[-153.00488,68.04146],[-153.00965,68.04172]]]},"properties":{"cell":"890d0b65397ffff","res":9,"coarsened":false,"count":1,"hv":1,"mp":0,"y0":null,"y1":null,"sp":[[56,1,1,0,null,null]]}},{"type":"Feature","geometry":{"type":"Polygon","coordinates":[[[-154.71187,67.1532],[-154.71489,67.15175],[-154.71328,67.15009],[-154.70866,67.14988],[-154.70564,67.15134],[-154.70725,67.15299],[-154.71187,67.1532]]]},"properties":{"cell":"890c20b0a4bffff","res":9,"coarsened":false,"count":3,"hv":3,"mp":0,"y0":null,"y1":null,"sp":[[17,2,2,0,null,null],[55,1,1,0,null,null]]}},{"type":"Feature","geometry":{"type":"Polygon","coordinates":[[[-154.69965,68.07263],[-154.7028,68.07117],[-154.70113,68.0695],[-154.6963,68.06928],[-154.69315,68.07074],[-154.69482,68.07242],[-154.69965,68.07263]]]},"properties":{"cell":"890c24a862fffff","res":9,"coarsened":false,"count":2,"hv":2,"mp":0,"y0":null,"y1":null,"sp":[[18,1,1,0,null,null],[17,1,1,0,null,null]]}},{"type":"Feature","geometry":{"type":"Polygon","coordinates":[[[-153.95294,67.66533],[-154.02977,67.64674],[-154.02945,67.61322],[-153.95254,67.5983],[-153.87584,67.61685],[-153.87592,67.65036],[-153.95294,67.66533]]]},"properties":{"cell":"860c25cd7ffffff","res":6,"coarsened":true,"count":1,"hv":1,"mp":0,"y0":null,"y1":null,"sp":[[79,1,1,0,null,null]]}},{"type":"Feature","geometry":{"type":"Polygon","coordinates":[[[-153.88231,67.69058],[-153.88545,67.68914],[-153.88387,67.68746],[-153.87916,67.68723],[-153.87601,67.68867],[-153.87759,67.69034],[-153.88231,67.69058]]]},"properties":{"cell":"890c25cf0c7ffff","res":9,"coarsened":false,"count":5,"hv":5,"mp":0,"y0":null,"y1":null,"sp":[[17,2,2,0,null,null],[18,2,2,0,null,null],[68,1,1,0,null,null]]}},{"type":"Feature","geometry":{"type":"Polygon","coordinates":[[[-153.52148,67.42193],[-153.52461,67.4205],[-153.52308,67.41883],[-153.51843,67.41859],[-153.5153,67.42002],[-153.51683,67.42169],[-153.52148,67.42193]]]},"properties":{"cell":"890c250a357ffff","res":9,"coarsened":false,"count":2,"hv":2,"mp":0,"y0":null,"y1":null,"sp":[[56,1,1,0,null,null],[43,1,1,0,null,null]]}},{"type":"Feature","geometry":{"type":"Polygon","coordinates":[[[-155.99853,68.04173],[-156.0016,68.04024],[-155.99982,68.03857],[-155.99497,68.0384],[-155.9919,68.03988],[-155.99368,68.04155],[-155.99853,68.04173]]]},"properties":{"cell":"890c240964bffff","res":9,"coarsened":false,"count":1,"hv":1,"mp":0,"y0":null,"y1":null,"sp":[[65,1,1,0,null,null]]}},{"type":"Feature","geometry":{"type":"Polygon","coordinates":[[[-153.69433,67.83133],[-153.6975,67.82989],[-153.69593,67.82822],[-153.69119,67.82798],[-153.68801,67.82941],[-153.68959,67.83109],[-153.69433,67.83133]]]},"properties":{"cell":"890c25c2207ffff","res":9,"coarsened":false,"count":2,"hv":2,"mp":0,"y0":null,"y1":null,"sp":[[30,2,2,0,null,null]]}},{"type":"Feature","geometry":{"type":"Polygon","coordinates":[[[-152.41218,68.18111],[-152.41548,68.1797],[-152.414,68.17801],[-152.40921,68.17773],[-152.40591,68.17914],[-152.40739,68.18083],[-152.41218,68.18111]]]},"properties":{"cell":"890d0b2a6bbffff","res":9,"coarsened":false,"count":6,"hv":6,"mp":0,"y0":null,"y1":null,"sp":[[28,5,5,0,null,null],[31,1,1,0,null,null]]}},{"type":"Feature","geometry":{"type":"Polygon","coordinates":[[[-155.56197,67.94055],[-155.56505,67.93907],[-155.56331,67.9374],[-155.55849,67.93722],[-155.55541,67.93869],[-155.55715,67.94036],[-155.56197,67.94055]]]},"properties":{"cell":"890c240d56bffff","res":9,"coarsened":false,"count":1,"hv":1,"mp":0,"y0":null,"y1":null,"sp":[[0,1,1,0,null,null]]}},{"type":"Feature","geometry":{"type":"Polygon","coordinates":[[[-153.63939,67.78219],[-153.64256,67.78075],[-153.64099,67.77907],[-153.63626,67.77883],[-153.63309,67.78027],[-153.63465,67.78194],[-153.63939,67.78219]]]},"properties":{"cell":"890c25c2a47ffff","res":9,"coarsened":false,"count":1,"hv":1,"mp":0,"y0":null,"y1":null,"sp":[[0,1,1,0,null,null]]}},{"type":"Feature","geometry":{"type":"Polygon","coordinates":[[[-153.60309,67.78193],[-153.60626,67.78049],[-153.6047,67.77881],[-153.59997,67.77857],[-153.5968,67.78001],[-153.59836,67.78169],[-153.60309,67.78193]]]},"properties":{"cell":"890c25c2aafffff","res":9,"coarsened":false,"count":2,"hv":2,"mp":0,"y0":null,"y1":null,"sp":[[56,1,1,0,null,null],[43,1,1,0,null,null]]}},{"type":"Feature","geometry":{"type":"Polygon","coordinates":[[[-153.39218,67.45022],[-153.39531,67.44879],[-153.39379,67.44712],[-153.38914,67.44687],[-153.386,67.4483],[-153.38752,67.44997],[-153.39218,67.45022]]]},"properties":{"cell":"890c2501667ffff","res":9,"coarsened":false,"count":3,"hv":3,"mp":0,"y0":null,"y1":null,"sp":[[43,2,2,0,null,null],[56,1,1,0,null,null]]}},{"type":"Feature","geometry":{"type":"Polygon","coordinates":[[[-153.64853,67.82101],[-153.65171,67.81958],[-153.65014,67.8179],[-153.6454,67.81766],[-153.64222,67.81909],[-153.64379,67.82077],[-153.64853,67.82101]]]},"properties":{"cell":"890c25c2317ffff","res":9,"coarsened":false,"count":1,"hv":1,"mp":0,"y0":null,"y1":null,"sp":[[56,1,1,0,null,null]]}},{"type":"Feature","geometry":{"type":"Polygon","coordinates":[[[-153.4943,67.47469],[-153.57072,67.45634],[-153.57112,67.4229],[-153.49533,67.40783],[-153.41903,67.42614],[-153.4184,67.45956],[-153.4943,67.47469]]]},"properties":{"cell":"860c250a7ffffff","res":6,"coarsened":true,"count":1,"hv":1,"mp":0,"y0":null,"y1":null,"sp":[[79,1,1,0,null,null]]}},{"type":"Feature","geometry":{"type":"Polygon","coordinates":[[[-152.79099,68.56305],[-152.79433,68.56163],[-152.79279,68.55993],[-152.7879,68.55966],[-152.78455,68.56108],[-152.7861,68.56278],[-152.79099,68.56305]]]},"properties":{"cell":"890d0b18d63ffff","res":9,"coarsened":false,"count":2,"hv":2,"mp":0,"y0":null,"y1":null,"sp":[[28,1,1,0,null,null],[56,1,1,0,null,null]]}},{"type":"Feature","geometry":{"type":"Polygon","coordinates":[[[-152.7627,68.57275],[-152.76605,68.57132],[-152.7645,68.56962],[-152.75961,68.56935],[-152.75626,68.57077],[-152.75781,68.57247],[-152.7627,68.57275]]]},"properties":{"cell":"890d0b18dbbffff","res":9,"coarsened":false,"count":1,"hv":1,"mp":0,"y0":null,"y1":null,"sp":[[28,1,1,0,null,null]]}},{"type":"Feature","geometry":{"type":"Polygon","coordinates":[[[-152.61924,68.26056],[-152.62254,68.25914],[-152.62103,68.25745],[-152.61621,68.25717],[-152.61291,68.25859],[-152.61442,68.26028],[-152.61924,68.26056]]]},"properties":{"cell":"890d0b76527ffff","res":9,"coarsened":false,"count":5,"hv":5,"mp":0,"y0":null,"y1":null,"sp":[[28,4,4,0,null,null],[31,1,1,0,null,null]]}},{"type":"Feature","geometry":{"type":"Polygon","coordinates":[[[-152.61112,68.2617],[-152.61442,68.26028],[-152.61291,68.25859],[-152.6081,68.25831],[-152.6048,68.25973],[-152.60631,68.26142],[-152.61112,68.2617]]]},"properties":{"cell":"890d0b392cbffff","res":9,"coarsened":false,"count":6,"hv":6,"mp":0,"y0":null,"y1":null,"sp":[[28,3,3,0,null,null],[31,2,2,0,null,null],[85,1,1,0,null,null]]}},{"type":"Feature","geometry":{"type":"Polygon","coordinates":[[[-152.60384,68.0029],[-152.6071,68.00149],[-152.60561,67.9998],[-152.60086,67.99953],[-152.59759,68.00094],[-152.59908,68.00263],[-152.60384,68.0029]]]},"properties":{"cell":"890c25931cbffff","res":9,"coarsened":false,"count":2,"hv":2,"mp":0,"y0":null,"y1":null,"sp":[[17,2,2,0,null,null]]}},{"type":"Feature","geometry":{"type":"Polygon","coordinates":[[[-152.56105,68.00044],[-152.56432,67.99903],[-152.56283,67.99734],[-152.55808,67.99706],[-152.55481,67.99848],[-152.5563,68.00017],[-152.56105,68.00044]]]},"properties":{"cell":"890c25931b3ffff","res":9,"coarsened":false,"count":2,"hv":2,"mp":0,"y0":null,"y1":null,"sp":[[0,2,2,0,null,null]]}},{"type":"Feature","geometry":{"type":"Polygon","coordinates":[[[-153.89954,67.67068],[-153.90268,67.66924],[-153.9011,67.66756],[-153.89639,67.66733],[-153.89325,67.66877],[-153.89483,67.67044],[-153.89954,67.67068]]]},"properties":{"cell":"890c25cf3c3ffff","res":9,"coarsened":false,"count":1,"hv":1,"mp":0,"y0":null,"y1":null,"sp":[[20,1,1,0,null,null]]}},{"type":"Feature","geometry":{"type":"Polygon","coordinates":[[[-153.85243,67.69229],[-153.85557,67.69085],[-153.854,67.68917],[-153.84928,67.68894],[-153.84614,67.69038],[-153.84771,67.69205],[-153.85243,67.69229]]]},"properties":{"cell":"890c25cf54bffff","res":9,"coarsened":false,"count":1,"hv":1,"mp":0,"y0":null,"y1":null,"sp":[[0,1,1,0,null,null]]}},{"type":"Feature","geometry":{"type":"Polygon","coordinates":[[[-154.31238,67.16039],[-154.31542,67.15895],[-154.31385,67.15729],[-154.30923,67.15707],[-154.30619,67.15852],[-154.30777,67.16018],[-154.31238,67.16039]]]},"properties":{"cell":"890c20b615bffff","res":9,"coarsened":false,"count":2,"hv":2,"mp":0,"y0":null,"y1":null,"sp":[[56,2,2,0,null,null]]}},{"type":"Feature","geometry":{"type":"Polygon","coordinates":[[[-153.05552,68.05224],[-153.05877,68.05082],[-153.05723,68.04913],[-153.05246,68.04887],[-153.04921,68.0503],[-153.05074,68.05198],[-153.05552,68.05224]]]},"properties":{"cell":"890d0b65287ffff","res":9,"coarsened":false,"count":4,"hv":4,"mp":0,"y0":null,"y1":null,"sp":[[0,2,2,0,null,null],[100,1,1,0,null,null],[43,1,1,0,null,null]]}},{"type":"Feature","geometry":{"type":"Polygon","coordinates":[[[-153.04515,68.03084],[-153.04839,68.02942],[-153.04686,68.02773],[-153.04209,68.02747],[-153.03885,68.02889],[-153.04038,68.03058],[-153.04515,68.03084]]]},"properties":{"cell":"890d0b65347ffff","res":9,"coarsened":false,"count":2,"hv":2,"mp":0,"y0":null,"y1":null,"sp":[[60,2,2,0,null,null]]}},{"type":"Feature","geometry":{"type":"Polygon","coordinates":[[[-153.02398,68.04251],[-153.02722,68.04108],[-153.02569,68.03939],[-153.02092,68.03913],[-153.01767,68.04056],[-153.0192,68.04224],[-153.02398,68.04251]]]},"properties":{"cell":"890d0b6539bffff","res":9,"coarsened":false,"count":2,"hv":2,"mp":0,"y0":null,"y1":null,"sp":[[0,1,1,0,null,null],[43,1,1,0,null,null]]}},{"type":"Feature","geometry":{"type":"Polygon","coordinates":[[[-152.7232,68.18296],[-152.72649,68.18154],[-152.72497,68.17985],[-152.72017,68.17958],[-152.71689,68.18099],[-152.7184,68.18269],[-152.7232,68.18296]]]},"properties":{"cell":"890d0b74e97ffff","res":9,"coarsened":false,"count":5,"hv":5,"mp":0,"y0":null,"y1":null,"sp":[[12,2,2,0,null,null],[31,1,1,0,null,null],[56,1,1,0,null,null],[43,1,1,0,null,null]]}},{"type":"Feature","geometry":{"type":"Polygon","coordinates":[[[-152.63022,67.93071],[-152.63347,67.92929],[-152.63198,67.92761],[-152.62724,67.92733],[-152.62399,67.92875],[-152.62548,67.93044],[-152.63022,67.93071]]]},"properties":{"cell":"890c2591c0bffff","res":9,"coarsened":false,"count":1,"hv":1,"mp":0,"y0":null,"y1":null,"sp":[[0,1,1,0,null,null]]}},{"type":"Feature","geometry":{"type":"Polygon","coordinates":[[[-152.57531,68.00126],[-152.57858,67.99985],[-152.57709,67.99816],[-152.57234,67.99789],[-152.56907,67.9993],[-152.57056,68.00099],[-152.57531,68.00126]]]},"properties":{"cell":"890c259318fffff","res":9,"coarsened":false,"count":1,"hv":1,"mp":0,"y0":null,"y1":null,"sp":[[100,1,1,0,null,null]]}},{"type":"Feature","geometry":{"type":"Polygon","coordinates":[[[-154.62886,67.19555],[-154.70359,67.17665],[-154.70224,67.14325],[-154.62638,67.12875],[-154.55176,67.14761],[-154.55288,67.18101],[-154.62886,67.19555]]]},"properties":{"cell":"860c20b0fffffff","res":6,"coarsened":true,"count":1,"hv":1,"mp":0,"y0":null,"y1":null,"sp":[[79,1,1,0,null,null]]}},{"type":"Feature","geometry":{"type":"Polygon","coordinates":[[[-154.29969,67.14233],[-154.30273,67.14089],[-154.30116,67.13923],[-154.29655,67.13901],[-154.29351,67.14045],[-154.29508,67.14212],[-154.29969,67.14233]]]},"properties":{"cell":"890c20b6ec7ffff","res":9,"coarsened":false,"count":1,"hv":1,"mp":0,"y0":null,"y1":null,"sp":[[20,1,1,0,null,null]]}},{"type":"Feature","geometry":{"type":"Polygon","coordinates":[[[-152.73129,68.18181],[-152.73457,68.18039],[-152.73305,68.1787],[-152.72826,68.17843],[-152.72497,68.17985],[-152.72649,68.18154],[-152.73129,68.18181]]]},"properties":{"cell":"890d0b74e83ffff","res":9,"coarsened":false,"count":1,"hv":1,"mp":0,"y0":null,"y1":null,"sp":[[3,1,1,0,null,null]]}},{"type":"Feature","geometry":{"type":"Polygon","coordinates":[[[-152.63368,68.26138],[-152.63698,68.25996],[-152.63547,68.25827],[-152.63066,68.258],[-152.62735,68.25941],[-152.62887,68.26111],[-152.63368,68.26138]]]},"properties":{"cell":"890d0b7652bffff","res":9,"coarsened":false,"count":2,"hv":2,"mp":0,"y0":null,"y1":null,"sp":[[28,2,2,0,null,null]]}},{"type":"Feature","geometry":{"type":"Polygon","coordinates":[[[-152.7612,68.60166],[-152.76455,68.60024],[-152.763,68.59854],[-152.7581,68.59826],[-152.75475,68.59969],[-152.7563,68.60139],[-152.7612,68.60166]]]},"properties":{"cell":"890d0b1ab9bffff","res":9,"coarsened":false,"count":2,"hv":2,"mp":0,"y0":null,"y1":null,"sp":[[31,2,2,0,null,null]]}},{"type":"Feature","geometry":{"type":"Polygon","coordinates":[[[-152.60112,68.24024],[-152.60442,68.23882],[-152.60291,68.23713],[-152.5981,68.23686],[-152.5948,68.23827],[-152.59631,68.23997],[-152.60112,68.24024]]]},"properties":{"cell":"890d0b76c8bffff","res":9,"coarsened":false,"count":1,"hv":1,"mp":0,"y0":null,"y1":null,"sp":[[43,1,1,0,null,null]]}},{"type":"Feature","geometry":{"type":"Polygon","coordinates":[[[-153.73073,67.83157],[-153.7339,67.83013],[-153.73232,67.82846],[-153.72758,67.82822],[-153.72441,67.82966],[-153.72598,67.83133],[-153.73073,67.83157]]]},"properties":{"cell":"890c25c224bffff","res":9,"coarsened":false,"count":1,"hv":1,"mp":0,"y0":null,"y1":null,"sp":[[17,1,1,0,null,null]]}},{"type":"Feature","geometry":{"type":"Polygon","coordinates":[[[-153.4636,67.45078],[-153.46673,67.44935],[-153.46521,67.44768],[-153.46055,67.44743],[-153.45742,67.44886],[-153.45895,67.45053],[-153.4636,67.45078]]]},"properties":{"cell":"890c250a543ffff","res":9,"coarsened":false,"count":1,"hv":1,"mp":0,"y0":null,"y1":null,"sp":[[56,1,1,0,null,null]]}},{"type":"Feature","geometry":{"type":"Polygon","coordinates":[[[-152.62223,67.93185],[-152.62548,67.93044],[-152.62399,67.92875],[-152.61926,67.92848],[-152.61601,67.92989],[-152.61749,67.93158],[-152.62223,67.93185]]]},"properties":{"cell":"890c2591c03ffff","res":9,"coarsened":false,"count":1,"hv":1,"mp":0,"y0":null,"y1":null,"sp":[[90,1,1,0,null,null]]}},{"type":"Feature","geometry":{"type":"Polygon","coordinates":[[[-152.40409,68.18225],[-152.40739,68.18083],[-152.40591,68.17914],[-152.40112,68.17886],[-152.39781,68.18027],[-152.3993,68.18196],[-152.40409,68.18225]]]},"properties":{"cell":"890d0b2a6b3ffff","res":9,"coarsened":false,"count":6,"hv":6,"mp":0,"y0":null,"y1":null,"sp":[[141,2,2,0,null,null],[28,1,1,0,null,null],[65,1,1,0,null,null],[0,1,1,0,null,null],[138,1,1,0,null,null]]}},{"type":"Feature","geometry":{"type":"Polygon","coordinates":[[[-152.3529,68.18084],[-152.3562,68.17943],[-152.35472,68.17774],[-152.34993,68.17746],[-152.34662,68.17887],[-152.34811,68.18056],[-152.3529,68.18084]]]},"properties":{"cell":"890d0b2a437ffff","res":9,"coarsened":false,"count":4,"hv":4,"mp":0,"y0":null,"y1":null,"sp":[[17,2,2,0,null,null],[56,1,1,0,null,null],[15,1,1,0,null,null]]}},{"type":"Feature","geometry":{"type":"Polygon","coordinates":[[[-152.3448,68.18197],[-152.34811,68.18056],[-152.34662,68.17887],[-152.34184,68.17859],[-152.33853,68.18],[-152.34001,68.18169],[-152.3448,68.18197]]]},"properties":{"cell":"890d0b2a5dbffff","res":9,"coarsened":false,"count":5,"hv":5,"mp":0,"y0":null,"y1":null,"sp":[[0,1,1,0,null,null],[65,1,1,0,null,null],[17,1,1,0,null,null],[102,1,1,0,null,null],[30,1,1,0,null,null]]}},{"type":"Feature","geometry":{"type":"Polygon","coordinates":[[[-152.06022,67.74168],[-152.06347,67.74028],[-152.06205,67.73859],[-152.05737,67.7383],[-152.05411,67.73971],[-152.05554,67.74139],[-152.06022,67.74168]]]},"properties":{"cell":"890d5649e93ffff","res":9,"coarsened":false,"count":5,"hv":5,"mp":0,"y0":null,"y1":null,"sp":[[18,2,2,0,null,null],[80,1,1,0,null,null],[86,1,1,0,null,null],[17,1,1,0,null,null]]}},{"type":"Feature","geometry":{"type":"Polygon","coordinates":[[[-152.05229,67.74279],[-152.05554,67.74139],[-152.05411,67.73971],[-152.04943,67.73942],[-152.04618,67.74082],[-152.04761,67.74251],[-152.05229,67.74279]]]},"properties":{"cell":"890d564912fffff","res":9,"coarsened":false,"count":4,"hv":4,"mp":0,"y0":null,"y1":null,"sp":[[0,2,2,0,null,null],[18,1,1,0,null,null],[30,1,1,0,null,null]]}},{"type":"Feature","geometry":{"type":"Polygon","coordinates":[[[-151.98938,67.76294],[-151.99264,67.76154],[-151.99122,67.75985],[-151.98654,67.75957],[-151.98328,67.76097],[-151.9847,67.76265],[-151.98938,67.76294]]]},"properties":{"cell":"890d56482bbffff","res":9,"coarsened":false,"count":2,"hv":2,"mp":0,"y0":null,"y1":null,"sp":[[30,2,2,0,null,null]]}},{"type":"Feature","geometry":{"type":"Polygon","coordinates":[[[-152.0995,67.79849],[-152.17794,67.78083],[-152.18054,67.74738],[-152.10495,67.7316],[-152.02665,67.74923],[-152.0238,67.78266],[-152.0995,67.79849]]]},"properties":{"cell":"860d56497ffffff","res":6,"coarsened":true,"count":1,"hv":1,"mp":0,"y0":null,"y1":null,"sp":[[79,1,1,0,null,null]]}},{"type":"Feature","geometry":{"type":"Polygon","coordinates":[[[-152.05474,67.75094],[-152.05799,67.74954],[-152.05657,67.74786],[-152.05189,67.74757],[-152.04863,67.74897],[-152.05006,67.75066],[-152.05474,67.75094]]]},"properties":{"cell":"890d5649107ffff","res":9,"coarsened":false,"count":1,"hv":1,"mp":0,"y0":null,"y1":null,"sp":[[0,1,1,0,null,null]]}},{"type":"Feature","geometry":{"type":"Polygon","coordinates":[[[-151.95829,67.74182],[-151.96155,67.74042],[-151.96013,67.73873],[-151.95546,67.73845],[-151.9522,67.73984],[-151.95362,67.74153],[-151.95829,67.74182]]]},"properties":{"cell":"890d564833bffff","res":9,"coarsened":false,"count":1,"hv":1,"mp":0,"y0":null,"y1":null,"sp":[[30,1,1,0,null,null]]}},{"type":"Feature","geometry":{"type":"Polygon","coordinates":[[[-153.5787,67.84302],[-153.58188,67.84159],[-153.58032,67.83991],[-153.57558,67.83966],[-153.57239,67.8411],[-153.57396,67.84278],[-153.5787,67.84302]]]},"properties":{"cell":"890c25c2523ffff","res":9,"coarsened":false,"count":1,"hv":1,"mp":0,"y0":null,"y1":null,"sp":[[30,1,1,0,null,null]]}},{"type":"Feature","geometry":{"type":"Polygon","coordinates":[[[-152.44987,68.19295],[-152.45318,68.19154],[-152.45168,68.18984],[-152.44689,68.18956],[-152.44359,68.19098],[-152.44508,68.19267],[-152.44987,68.19295]]]},"properties":{"cell":"890d0b39ba3ffff","res":9,"coarsened":false,"count":3,"hv":3,"mp":0,"y0":null,"y1":null,"sp":[[56,1,1,0,null,null],[23,1,1,0,null,null],[28,1,1,0,null,null]]}},{"type":"Feature","geometry":{"type":"Polygon","coordinates":[[[-152.00283,67.75257],[-152.00609,67.75117],[-152.00467,67.74948],[-151.99999,67.74919],[-151.99673,67.75059],[-151.99815,67.75228],[-152.00283,67.75257]]]},"properties":{"cell":"890d564822bffff","res":9,"coarsened":false,"count":1,"hv":1,"mp":0,"y0":null,"y1":null,"sp":[[0,1,1,0,null,null]]}},{"type":"Feature","geometry":{"type":"Polygon","coordinates":[[[-151.49806,68.25199],[-151.50142,68.2506],[-151.50001,68.2489],[-151.49523,68.24859],[-151.49186,68.24999],[-151.49328,68.25169],[-151.49806,68.25199]]]},"properties":{"cell":"890d0b36c8bffff","res":9,"coarsened":false,"count":5,"hv":5,"mp":0,"y0":null,"y1":null,"sp":[[28,2,2,0,null,null],[4,1,1,0,null,null],[101,1,1,0,null,null],[33,1,1,0,null,null]]}},{"type":"Feature","geometry":{"type":"Polygon","coordinates":[[[-151.3879,68.26097],[-151.39127,68.25958],[-151.38987,68.25788],[-151.38509,68.25757],[-151.38172,68.25896],[-151.38312,68.26066],[-151.3879,68.26097]]]},"properties":{"cell":"890d56d9103ffff","res":9,"coarsened":false,"count":2,"hv":2,"mp":0,"y0":null,"y1":null,"sp":[[141,1,1,0,null,null],[15,1,1,0,null,null]]}},{"type":"Feature","geometry":{"type":"Polygon","coordinates":[[[-151.2234,67.59229],[-151.22668,67.59091],[-151.22533,67.58922],[-151.22071,67.58891],[-151.21743,67.59029],[-151.21878,67.59198],[-151.2234,67.59229]]]},"properties":{"cell":"890d567aeb3ffff","res":9,"coarsened":false,"count":7,"hv":7,"mp":0,"y0":null,"y1":null,"sp":[[30,3,3,0,null,null],[0,3,3,0,null,null],[122,1,1,0,null,null]]}},{"type":"Feature","geometry":{"type":"Polygon","coordinates":[[[-151.20953,67.59137],[-151.21281,67.58999],[-151.21146,67.5883],[-151.20684,67.58799],[-151.20357,67.58937],[-151.20491,67.59106],[-151.20953,67.59137]]]},"properties":{"cell":"890d567ac7bffff","res":9,"coarsened":false,"count":2,"hv":2,"mp":0,"y0":null,"y1":null,"sp":[[30,1,1,0,null,null],[18,1,1,0,null,null]]}},{"type":"Feature","geometry":{"type":"Polygon","coordinates":[[[-152.59762,68.27217],[-152.60092,68.27076],[-152.59941,68.26906],[-152.5946,68.26879],[-152.59129,68.2702],[-152.5928,68.2719],[-152.59762,68.27217]]]},"properties":{"cell":"890d0b3967bffff","res":9,"coarsened":false,"count":2,"hv":2,"mp":0,"y0":null,"y1":null,"sp":[[43,1,1,0,null,null],[56,1,1,0,null,null]]}},{"type":"Feature","geometry":{"type":"Polygon","coordinates":[[[-151.42805,68.233],[-151.43142,68.23161],[-151.43001,68.22991],[-151.42524,68.2296],[-151.42187,68.23099],[-151.42328,68.23269],[-151.42805,68.233]]]},"properties":{"cell":"890d0b36db7ffff","res":9,"coarsened":false,"count":1,"hv":1,"mp":0,"y0":null,"y1":null,"sp":[[18,1,1,0,null,null]]}},{"type":"Feature","geometry":{"type":"Polygon","coordinates":[[[-151.36291,68.24165],[-151.36628,68.24026],[-151.36488,68.23855],[-151.36011,68.23824],[-151.35674,68.23963],[-151.35814,68.24133],[-151.36291,68.24165]]]},"properties":{"cell":"890d56d9c7bffff","res":9,"coarsened":false,"count":1,"hv":1,"mp":0,"y0":null,"y1":null,"sp":[[144,1,1,0,null,null]]}},{"type":"Feature","geometry":{"type":"Polygon","coordinates":[[[-151.24498,67.58093],[-151.24825,67.57955],[-151.2469,67.57786],[-151.24228,67.57755],[-151.23901,67.57893],[-151.24036,67.58062],[-151.24498,67.58093]]]},"properties":{"cell":"890d567ae2bffff","res":9,"coarsened":false,"count":3,"hv":3,"mp":0,"y0":null,"y1":null,"sp":[[0,2,2,0,null,null],[30,1,1,0,null,null]]}},{"type":"Feature","geometry":{"type":"Polygon","coordinates":[[[-151.16824,67.61101],[-151.17153,67.60963],[-151.17018,67.60794],[-151.16556,67.60763],[-151.16228,67.60901],[-151.16362,67.6107],[-151.16824,67.61101]]]},"properties":{"cell":"890d5671223ffff","res":9,"coarsened":false,"count":2,"hv":2,"mp":0,"y0":null,"y1":null,"sp":[[20,1,1,0,null,null],[7,1,1,0,null,null]]}},{"type":"Feature","geometry":{"type":"Polygon","coordinates":[[[-151.11081,67.61036],[-151.11409,67.60898],[-151.11275,67.60729],[-151.10813,67.60697],[-151.10485,67.60835],[-151.10618,67.61004],[-151.11081,67.61036]]]},"properties":{"cell":"890d567114bffff","res":9,"coarsened":false,"count":2,"hv":2,"mp":0,"y0":null,"y1":null,"sp":[[18,1,1,0,null,null],[30,1,1,0,null,null]]}},{"type":"Feature","geometry":{"type":"Polygon","coordinates":[[[-153.04236,68.06275],[-153.04561,68.06132],[-153.04407,68.05963],[-153.03929,68.05937],[-153.03605,68.0608],[-153.03758,68.06248],[-153.04236,68.06275]]]},"properties":{"cell":"890d0b65637ffff","res":9,"coarsened":false,"count":1,"hv":1,"mp":0,"y0":null,"y1":null,"sp":[[56,1,1,0,null,null]]}},{"type":"Feature","geometry":{"type":"Polygon","coordinates":[[[-152.61237,67.91046],[-152.61562,67.90905],[-152.61413,67.90736],[-152.6094,67.90709],[-152.60615,67.9085],[-152.60764,67.91019],[-152.61237,67.91046]]]},"properties":{"cell":"890c25918a3ffff","res":9,"coarsened":false,"count":1,"hv":1,"mp":0,"y0":null,"y1":null,"sp":[[0,1,1,0,null,null]]}},{"type":"Feature","geometry":{"type":"Polygon","coordinates":[[[-151.36541,68.26112],[-151.36879,68.25973],[-151.36739,68.25803],[-151.36261,68.25772],[-151.35923,68.25911],[-151.36064,68.26081],[-151.36541,68.26112]]]},"properties":{"cell":"890d56d91a3ffff","res":9,"coarsened":false,"count":1,"hv":1,"mp":0,"y0":null,"y1":null,"sp":[[15,1,1,0,null,null]]}},{"type":"Feature","geometry":{"type":"Polygon","coordinates":[[[-152.01077,67.75145],[-152.01403,67.75005],[-152.01261,67.74836],[-152.00793,67.74808],[-152.00467,67.74948],[-152.00609,67.75117],[-152.01077,67.75145]]]},"properties":{"cell":"890d5648267ffff","res":9,"coarsened":false,"count":1,"hv":1,"mp":0,"y0":null,"y1":null,"sp":[[18,1,1,0,null,null]]}},{"type":"Feature","geometry":{"type":"Polygon","coordinates":[[[-151.98879,67.7517],[-151.99205,67.7503],[-151.99063,67.74861],[-151.98595,67.74833],[-151.98269,67.74973],[-151.98411,67.75141],[-151.98879,67.7517]]]},"properties":{"cell":"890d5648227ffff","res":9,"coarsened":false,"count":2,"hv":2,"mp":0,"y0":null,"y1":null,"sp":[[0,1,1,0,null,null],[30,1,1,0,null,null]]}},{"type":"Feature","geometry":{"type":"Polygon","coordinates":[[[-151.98085,67.75281],[-151.98411,67.75141],[-151.98269,67.74973],[-151.97801,67.74944],[-151.97475,67.75084],[-151.97617,67.75253],[-151.98085,67.75281]]]},"properties":{"cell":"890d56483cbffff","res":9,"coarsened":false,"count":1,"hv":1,"mp":0,"y0":null,"y1":null,"sp":[[0,1,1,0,null,null]]}},{"type":"Feature","geometry":{"type":"Polygon","coordinates":[[[-151.24286,67.57279],[-151.24613,67.57141],[-151.24478,67.56972],[-151.24016,67.56942],[-151.23689,67.5708],[-151.23824,67.57249],[-151.24286,67.57279]]]},"properties":{"cell":"890d567aa87ffff","res":9,"coarsened":false,"count":1,"hv":1,"mp":0,"y0":null,"y1":null,"sp":[[56,1,1,0,null,null]]}},{"type":"Feature","geometry":{"type":"Polygon","coordinates":[[[-152.03031,67.74305],[-152.03357,67.74165],[-152.03214,67.73996],[-152.02746,67.73967],[-152.02421,67.74107],[-152.02563,67.74276],[-152.03031,67.74305]]]},"properties":{"cell":"890d5649ccfffff","res":9,"coarsened":false,"count":2,"hv":2,"mp":0,"y0":null,"y1":null,"sp":[[0,2,2,0,null,null]]}},{"type":"Feature","geometry":{"type":"Polygon","coordinates":[[[-150.50933,68.07107],[-150.51273,68.0697],[-150.51141,68.068],[-150.5067,68.06767],[-150.50331,68.06904],[-150.50463,68.07074],[-150.50933,68.07107]]]},"properties":{"cell":"890d56c6823ffff","res":9,"coarsened":false,"count":3,"hv":3,"mp":0,"y0":null,"y1":null,"sp":[[100,1,1,0,null,null],[3,1,1,0,null,null],[34,1,1,0,null,null]]}},{"type":"Feature","geometry":{"type":"Polygon","coordinates":[[[-150.39956,68.1019],[-150.40296,68.10053],[-150.40165,68.09883],[-150.39694,68.09849],[-150.39354,68.09986],[-150.39485,68.10156],[-150.39956,68.1019]]]},"properties":{"cell":"890d5689e9bffff","res":9,"coarsened":false,"count":2,"hv":2,"mp":0,"y0":null,"y1":null,"sp":[[12,2,2,0,null,null]]}},{"type":"Feature","geometry":{"type":"Polygon","coordinates":[[[-150.31839,68.11218],[-150.3218,68.11082],[-150.3205,68.10911],[-150.31579,68.10877],[-150.31238,68.11014],[-150.31368,68.11184],[-150.31839,68.11218]]]},"properties":{"cell":"890d5688227ffff","res":9,"coarsened":false,"count":2,"hv":2,"mp":0,"y0":null,"y1":null,"sp":[[43,1,1,0,null,null],[141,1,1,0,null,null]]}},{"type":"Feature","geometry":{"type":"Polygon","coordinates":[[[-150.47901,68.07214],[-150.48241,68.07077],[-150.48109,68.06907],[-150.47639,68.06874],[-150.47299,68.07011],[-150.47431,68.07181],[-150.47901,68.07214]]]},"properties":{"cell":"890d56c69d7ffff","res":9,"coarsened":false,"count":2,"hv":2,"mp":0,"y0":null,"y1":null,"sp":[[28,1,1,0,null,null],[31,1,1,0,null,null]]}},{"type":"Feature","geometry":{"type":"Polygon","coordinates":[[[-150.41394,68.09165],[-150.41734,68.09029],[-150.41603,68.08858],[-150.41132,68.08825],[-150.40792,68.08962],[-150.40923,68.09132],[-150.41394,68.09165]]]},"properties":{"cell":"890d5689e0bffff","res":9,"coarsened":false,"count":4,"hv":4,"mp":0,"y0":null,"y1":null,"sp":[[141,2,2,0,null,null],[56,2,2,0,null,null]]}},{"type":"Feature","geometry":{"type":"Polygon","coordinates":[[[-150.17548,68.2114],[-150.17891,68.21004],[-150.17762,68.20833],[-150.17289,68.20799],[-150.16946,68.20935],[-150.17075,68.21106],[-150.17548,68.2114]]]},"properties":{"cell":"890d5698a6fffff","res":9,"coarsened":false,"count":6,"hv":6,"mp":0,"y0":null,"y1":null,"sp":[[85,1,1,0,null,null],[31,1,1,0,null,null],[15,1,1,0,null,null],[23,1,1,0,null,null],[0,1,1,0,null,null],[18,1,1,0,null,null]]}},{"type":"Feature","geometry":{"type":"Polygon","coordinates":[[[-151.34885,68.25199],[-151.35223,68.2506],[-151.35082,68.2489],[-151.34605,68.24859],[-151.34268,68.24998],[-151.34408,68.25168],[-151.34885,68.25199]]]},"properties":{"cell":"890d56d9cc7ffff","res":9,"coarsened":false,"count":1,"hv":1,"mp":0,"y0":null,"y1":null,"sp":[[144,1,1,0,null,null]]}},{"type":"Feature","geometry":{"type":"Polygon","coordinates":[[[-150.39144,68.10293],[-150.39485,68.10156],[-150.39354,68.09986],[-150.38883,68.09952],[-150.38542,68.10089],[-150.38673,68.10259],[-150.39144,68.10293]]]},"properties":{"cell":"890d5689e93ffff","res":9,"coarsened":false,"count":1,"hv":1,"mp":0,"y0":null,"y1":null,"sp":[[15,1,1,0,null,null]]}},{"type":"Feature","geometry":{"type":"Polygon","coordinates":[[[-150.37102,68.11112],[-150.37442,68.10976],[-150.37312,68.10806],[-150.3684,68.10772],[-150.365,68.10908],[-150.36631,68.11079],[-150.37102,68.11112]]]},"properties":{"cell":"890d56891afffff","res":9,"coarsened":false,"count":1,"hv":1,"mp":0,"y0":null,"y1":null,"sp":[[15,1,1,0,null,null]]}},{"type":"Feature","geometry":{"type":"Polygon","coordinates":[[[-150.36444,68.13159],[-150.36785,68.13022],[-150.36654,68.12851],[-150.36183,68.12818],[-150.35842,68.12954],[-150.35973,68.13125],[-150.36444,68.13159]]]},"properties":{"cell":"890d5689533ffff","res":9,"coarsened":false,"count":1,"hv":1,"mp":0,"y0":null,"y1":null,"sp":[[12,1,1,0,null,null]]}},{"type":"Feature","geometry":{"type":"Polygon","coordinates":[[[-150.45054,68.08138],[-150.45394,68.08002],[-150.45263,68.07831],[-150.44792,68.07798],[-150.44452,68.07935],[-150.44584,68.08105],[-150.45054,68.08138]]]},"properties":{"cell":"890d56c6d33ffff","res":9,"coarsened":false,"count":2,"hv":2,"mp":0,"y0":null,"y1":null,"sp":[[56,1,1,0,null,null],[12,1,1,0,null,null]]}},{"type":"Feature","geometry":{"type":"Polygon","coordinates":[[[-150.16907,68.22061],[-150.1725,68.21925],[-150.17121,68.21754],[-150.16648,68.2172],[-150.16304,68.21856],[-150.16434,68.22027],[-150.16907,68.22061]]]},"properties":{"cell":"890d5698a0bffff","res":9,"coarsened":false,"count":1,"hv":1,"mp":0,"y0":null,"y1":null,"sp":[[23,1,1,0,null,null]]}},{"type":"Feature","geometry":{"type":"Polygon","coordinates":[[[-150.36739,67.11275],[-150.44429,67.096],[-150.44945,67.06291],[-150.37794,67.04659],[-150.30119,67.0633],[-150.2958,67.09638],[-150.36739,67.11275]]]},"properties":{"cell":"860d52877ffffff","res":6,"coarsened":true,"count":9,"hv":9,"mp":0,"y0":null,"y1":null,"sp":[[79,9,9,0,null,null]]}},{"type":"Feature","geometry":{"type":"Polygon","coordinates":[[[-152.91375,68.56021],[-152.91708,68.55878],[-152.91552,68.55708],[-152.91063,68.55681],[-152.9073,68.55824],[-152.90886,68.55994],[-152.91375,68.56021]]]},"properties":{"cell":"890d0b18acbffff","res":9,"coarsened":false,"count":1,"hv":1,"mp":0,"y0":null,"y1":null,"sp":[[95,1,1,0,null,null]]}},{"type":"Feature","geometry":{"type":"Polygon","coordinates":[[[-150.11908,67.26209],[-150.19664,67.24546],[-150.20221,67.21235],[-150.13046,67.19587],[-150.05304,67.21247],[-150.04724,67.24557],[-150.11908,67.26209]]]},"properties":{"cell":"860d52967ffffff","res":6,"coarsened":true,"count":1,"hv":1,"mp":0,"y0":null,"y1":null,"sp":[[79,1,1,0,null,null]]}},{"type":"Feature","geometry":{"type":"Polygon","coordinates":[[[-152.92425,68.58172],[-152.92758,68.5803],[-152.92602,68.5786],[-152.92112,68.57833],[-152.91779,68.57976],[-152.91935,68.58145],[-152.92425,68.58172]]]},"properties":{"cell":"890d0b1832bffff","res":9,"coarsened":false,"count":1,"hv":1,"mp":0,"y0":null,"y1":null,"sp":[[95,1,1,0,null,null]]}},{"type":"Feature","geometry":{"type":"Polygon","coordinates":[[[-156.88167,66.90128],[-156.88452,66.89978],[-156.88276,66.89814],[-156.87814,66.898],[-156.87529,66.8995],[-156.87705,66.90114],[-156.88167,66.90128]]]},"properties":{"cell":"890c204e44bffff","res":9,"coarsened":false,"count":4,"hv":4,"mp":0,"y0":null,"y1":null,"sp":[[103,1,1,0,null,null],[72,1,1,0,null,null],[77,1,1,0,null,null],[27,1,1,0,null,null]]}},{"type":"Feature","geometry":{"type":"Polygon","coordinates":[[[-156.3401,67.77251],[-156.34311,67.77101],[-156.34132,67.76936],[-156.33652,67.76919],[-156.33351,67.77069],[-156.3353,67.77234],[-156.3401,67.77251]]]},"properties":{"cell":"890c2479e73ffff","res":9,"coarsened":false,"count":2,"hv":2,"mp":0,"y0":null,"y1":null,"sp":[[95,2,2,0,null,null]]}},{"type":"Feature","geometry":{"type":"Polygon","coordinates":[[[-155.3529,67.66243],[-155.35595,67.66096],[-155.35426,67.65929],[-155.34951,67.6591],[-155.34646,67.66058],[-155.34815,67.66224],[-155.3529,67.66243]]]},"properties":{"cell":"890c2466d93ffff","res":9,"coarsened":false,"count":1,"hv":1,"mp":0,"y0":null,"y1":null,"sp":[[95,1,1,0,null,null]]}},{"type":"Feature","geometry":{"type":"Polygon","coordinates":[[[-155.34272,67.65245],[-155.34577,67.65098],[-155.34407,67.64932],[-155.33932,67.64913],[-155.33627,67.6506],[-155.33797,67.65226],[-155.34272,67.65245]]]},"properties":{"cell":"890c2466da3ffff","res":9,"coarsened":false,"count":2,"hv":2,"mp":0,"y0":null,"y1":null,"sp":[[95,2,2,0,null,null]]}},{"type":"Feature","geometry":{"type":"Polygon","coordinates":[[[-156.32937,67.76256],[-156.33237,67.76107],[-156.33059,67.75941],[-156.32579,67.75925],[-156.32279,67.76074],[-156.32457,67.7624],[-156.32937,67.76256]]]},"properties":{"cell":"890c2479a83ffff","res":9,"coarsened":false,"count":1,"hv":1,"mp":0,"y0":null,"y1":null,"sp":[[95,1,1,0,null,null]]}},{"type":"Feature","geometry":{"type":"Polygon","coordinates":[[[-149.71239,68.43059],[-149.71588,68.42924],[-149.71461,68.42753],[-149.70985,68.42717],[-149.70635,68.42852],[-149.70762,68.43024],[-149.71239,68.43059]]]},"properties":{"cell":"890d0929d7bffff","res":9,"coarsened":false,"count":1,"hv":1,"mp":0,"y0":null,"y1":null,"sp":[[95,1,1,0,null,null]]}},{"type":"Feature","geometry":{"type":"Polygon","coordinates":[[[-155.72513,67.69133],[-155.72816,67.68985],[-155.72643,67.68819],[-155.72167,67.68801],[-155.71863,67.68949],[-155.72036,67.69115],[-155.72513,67.69133]]]},"properties":{"cell":"890c2460db7ffff","res":9,"coarsened":false,"count":1,"hv":1,"mp":0,"y0":null,"y1":null,"sp":[[95,1,1,0,null,null]]}},{"type":"Feature","geometry":{"type":"Polygon","coordinates":[[[-155.31831,67.6419],[-155.32136,67.64043],[-155.31967,67.63876],[-155.31492,67.63857],[-155.31187,67.64004],[-155.31357,67.64171],[-155.31831,67.6419]]]},"properties":{"cell":"890c2429a13ffff","res":9,"coarsened":false,"count":1,"hv":1,"mp":0,"y0":null,"y1":null,"sp":[[95,1,1,0,null,null]]}},{"type":"Feature","geometry":{"type":"Polygon","coordinates":[[[-155.58106,67.67145],[-155.5841,67.66997],[-155.58238,67.66831],[-155.57763,67.66813],[-155.57459,67.6696],[-155.5763,67.67126],[-155.58106,67.67145]]]},"properties":{"cell":"890c24671a7ffff","res":9,"coarsened":false,"count":1,"hv":1,"mp":0,"y0":null,"y1":null,"sp":[[95,1,1,0,null,null]]}},{"type":"Feature","geometry":{"type":"Polygon","coordinates":[[[-154.18347,68.10019],[-154.18666,68.09874],[-154.18502,68.09706],[-154.1802,68.09683],[-154.17702,68.09828],[-154.17865,68.09996],[-154.18347,68.10019]]]},"properties":{"cell":"890c24a0c0fffff","res":9,"coarsened":false,"count":1,"hv":1,"mp":0,"y0":null,"y1":null,"sp":[[95,1,1,0,null,null]]}},{"type":"Feature","geometry":{"type":"Polygon","coordinates":[[[-156.29617,67.79175],[-156.29918,67.79026],[-156.2974,67.7886],[-156.2926,67.78844],[-156.28958,67.78993],[-156.29137,67.79159],[-156.29617,67.79175]]]},"properties":{"cell":"890c2479ccbffff","res":9,"coarsened":false,"count":1,"hv":1,"mp":0,"y0":null,"y1":null,"sp":[[95,1,1,0,null,null]]}},{"type":"Feature","geometry":{"type":"Polygon","coordinates":[[[-155.59137,67.68142],[-155.59441,67.67994],[-155.59269,67.67828],[-155.58794,67.6781],[-155.5849,67.67957],[-155.58661,67.68123],[-155.59137,67.68142]]]},"properties":{"cell":"890c2467197ffff","res":9,"coarsened":false,"count":1,"hv":1,"mp":0,"y0":null,"y1":null,"sp":[[95,1,1,0,null,null]]}},{"type":"Feature","geometry":{"type":"Polygon","coordinates":[[[-156.29955,67.82061],[-156.30257,67.81911],[-156.30078,67.81745],[-156.29597,67.81729],[-156.29295,67.81878],[-156.29474,67.82044],[-156.29955,67.82061]]]},"properties":{"cell":"890c24795abffff","res":9,"coarsened":false,"count":1,"hv":1,"mp":0,"y0":null,"y1":null,"sp":[[95,1,1,0,null,null]]}},{"type":"Feature","geometry":{"type":"Polygon","coordinates":[[[-155.80054,67.70215],[-155.80357,67.70067],[-155.80183,67.69901],[-155.79707,67.69883],[-155.79404,67.70031],[-155.79577,67.70197],[-155.80054,67.70215]]]},"properties":{"cell":"890c2460c03ffff","res":9,"coarsened":false,"count":1,"hv":1,"mp":0,"y0":null,"y1":null,"sp":[[95,1,1,0,null,null]]}},{"type":"Feature","geometry":{"type":"Polygon","coordinates":[[[-153.43048,67.14197],[-153.43357,67.14055],[-153.43207,67.13888],[-153.42748,67.13864],[-153.42439,67.14007],[-153.42589,67.14173],[-153.43048,67.14197]]]},"properties":{"cell":"890c2575527ffff","res":9,"coarsened":false,"count":1,"hv":1,"mp":0,"y0":null,"y1":null,"sp":[[70,1,1,0,null,null]]}},{"type":"Feature","geometry":{"type":"Polygon","coordinates":[[[-153.73551,67.452],[-153.73863,67.45057],[-153.73708,67.44889],[-153.73242,67.44866],[-153.7293,67.45009],[-153.73085,67.45177],[-153.73551,67.452]]]},"properties":{"cell":"890c2554d83ffff","res":9,"coarsened":false,"count":2,"hv":2,"mp":0,"y0":null,"y1":null,"sp":[[95,1,1,0,null,null],[41,1,1,0,null,null]]}},{"type":"Feature","geometry":{"type":"Polygon","coordinates":[[[-156.87268,67.87282],[-156.87566,67.87132],[-156.87382,67.86966],[-156.86899,67.86951],[-156.866,67.87102],[-156.86784,67.87267],[-156.87268,67.87282]]]},"properties":{"cell":"890c26b2357ffff","res":9,"coarsened":false,"count":2,"hv":2,"mp":0,"y0":null,"y1":null,"sp":[[68,1,1,0,null,null],[95,1,1,0,null,null]]}},{"type":"Feature","geometry":{"type":"Polygon","coordinates":[[[-155.50364,67.63175],[-155.50668,67.63028],[-155.50497,67.62862],[-155.50023,67.62843],[-155.49719,67.6299],[-155.4989,67.63157],[-155.50364,67.63175]]]},"properties":{"cell":"890c2466a4bffff","res":9,"coarsened":false,"count":1,"hv":1,"mp":0,"y0":null,"y1":null,"sp":[[71,1,1,0,null,null]]}},{"type":"Feature","geometry":{"type":"Polygon","coordinates":[[[-155.47362,67.6513],[-155.47666,67.64982],[-155.47495,67.64816],[-155.4702,67.64797],[-155.46716,67.64945],[-155.46887,67.65111],[-155.47362,67.6513]]]},"properties":{"cell":"890c2466e73ffff","res":9,"coarsened":false,"count":2,"hv":2,"mp":0,"y0":null,"y1":null,"sp":[[66,2,2,0,null,null]]}},{"type":"Feature","geometry":{"type":"Polygon","coordinates":[[[-156.13045,67.9521],[-156.13349,67.95061],[-156.1317,67.94895],[-156.12687,67.94878],[-156.12383,67.95027],[-156.12561,67.95193],[-156.13045,67.9521]]]},"properties":{"cell":"890c24443b7ffff","res":9,"coarsened":false,"count":1,"hv":1,"mp":0,"y0":null,"y1":null,"sp":[[54,1,1,0,null,null]]}},{"type":"Feature","geometry":{"type":"Polygon","coordinates":[[[-155.50991,67.65113],[-155.51295,67.64966],[-155.51124,67.64799],[-155.50649,67.64781],[-155.50345,67.64928],[-155.50516,67.65094],[-155.50991,67.65113]]]},"properties":{"cell":"890c246458fffff","res":9,"coarsened":false,"count":1,"hv":1,"mp":0,"y0":null,"y1":null,"sp":[[70,1,1,0,null,null]]}},{"type":"Feature","geometry":{"type":"Polygon","coordinates":[[[-156.20271,68.12262],[-156.20578,68.12113],[-156.20397,68.11946],[-156.1991,68.11929],[-156.19603,68.12078],[-156.19784,68.12245],[-156.20271,68.12262]]]},"properties":{"cell":"890c2455563ffff","res":9,"coarsened":false,"count":2,"hv":2,"mp":0,"y0":null,"y1":null,"sp":[[54,1,1,0,null,null],[140,1,1,0,null,null]]}},{"type":"Feature","geometry":{"type":"Polygon","coordinates":[[[-155.48232,67.68194],[-155.48537,67.68047],[-155.48366,67.6788],[-155.4789,67.67862],[-155.47585,67.68009],[-155.47756,67.68175],[-155.48232,67.68194]]]},"properties":{"cell":"890c2466027ffff","res":9,"coarsened":false,"count":4,"hv":4,"mp":0,"y0":null,"y1":null,"sp":[[140,2,2,0,null,null],[103,1,1,0,null,null],[95,1,1,0,null,null]]}},{"type":"Feature","geometry":{"type":"Polygon","coordinates":[[[-156.22528,68.12181],[-156.22834,68.12031],[-156.22653,68.11865],[-156.22166,68.11848],[-156.21859,68.11997],[-156.2204,68.12164],[-156.22528,68.12181]]]},"properties":{"cell":"890c24550a3ffff","res":9,"coarsened":false,"count":1,"hv":1,"mp":0,"y0":null,"y1":null,"sp":[[103,1,1,0,null,null]]}},{"type":"Feature","geometry":{"type":"Polygon","coordinates":[[[-156.21209,67.95018],[-156.21513,67.94868],[-156.21333,67.94702],[-156.2085,67.94685],[-156.20546,67.94835],[-156.20725,67.95001],[-156.21209,67.95018]]]},"properties":{"cell":"890c2445c9bffff","res":9,"coarsened":false,"count":1,"hv":1,"mp":0,"y0":null,"y1":null,"sp":[[95,1,1,0,null,null]]}},{"type":"Feature","geometry":{"type":"Polygon","coordinates":[[[-150.98185,68.3678],[-150.98526,68.36642],[-150.98388,68.36472],[-150.97909,68.36439],[-150.97568,68.36578],[-150.97705,68.36748],[-150.98185,68.3678]]]},"properties":{"cell":"890d56d32afffff","res":9,"coarsened":false,"count":1,"hv":1,"mp":0,"y0":1964,"y1":1964,"sp":[[95,1,1,0,1964,1964]]}},{"type":"Feature","geometry":{"type":"Polygon","coordinates":[[[-151.76169,68.15134],[-151.76502,68.14994],[-151.76359,68.14824],[-151.75883,68.14795],[-151.7555,68.14934],[-151.75692,68.15104],[-151.76169,68.15134]]]},"properties":{"cell":"890d0b35b17ffff","res":9,"coarsened":false,"count":1,"hv":1,"mp":0,"y0":null,"y1":null,"sp":[[155,1,1,0,null,null]]}},{"type":"Feature","geometry":{"type":"Polygon","coordinates":[[[-151.72264,68.14246],[-151.72597,68.14106],[-151.72455,68.13937],[-151.71979,68.13907],[-151.71645,68.14046],[-151.71788,68.14216],[-151.72264,68.14246]]]},"properties":{"cell":"890d0b2668bffff","res":9,"coarsened":false,"count":14,"hv":14,"mp":0,"y0":null,"y1":null,"sp":[[54,6,6,0,null,null],[154,4,4,0,null,null],[96,2,2,0,null,null],[66,2,2,0,null,null]]}},{"type":"Feature","geometry":{"type":"Polygon","coordinates":[[[-154.02042,68.51289],[-154.02368,68.51144],[-154.02202,68.50975],[-154.01711,68.50951],[-154.01385,68.51096],[-154.0155,68.51265],[-154.02042,68.51289]]]},"properties":{"cell":"890d0b4a417ffff","res":9,"coarsened":false,"count":1,"hv":1,"mp":0,"y0":null,"y1":null,"sp":[[95,1,1,0,null,null]]}},{"type":"Feature","geometry":{"type":"Polygon","coordinates":[[[-152.82878,68.39134],[-152.83209,68.38992],[-152.83055,68.38823],[-152.8257,68.38796],[-152.82239,68.38938],[-152.82393,68.39107],[-152.82878,68.39134]]]},"properties":{"cell":"890d0b0d49bffff","res":9,"coarsened":false,"count":1,"hv":1,"mp":0,"y0":null,"y1":null,"sp":[[95,1,1,0,null,null]]}},{"type":"Feature","geometry":{"type":"Polygon","coordinates":[[[-154.06983,68.40116],[-154.07307,68.39971],[-154.07142,68.39802],[-154.06653,68.39779],[-154.06329,68.39924],[-154.06494,68.40092],[-154.06983,68.40116]]]},"properties":{"cell":"890d0b48eabffff","res":9,"coarsened":false,"count":1,"hv":1,"mp":0,"y0":null,"y1":null,"sp":[[95,1,1,0,null,null]]}},{"type":"Feature","geometry":{"type":"Polygon","coordinates":[[[-151.85475,68.18124],[-151.85808,68.17984],[-151.85664,68.17815],[-151.85187,68.17785],[-151.84853,68.17925],[-151.84997,68.18095],[-151.85475,68.18124]]]},"properties":{"cell":"890d0b22d13ffff","res":9,"coarsened":false,"count":1,"hv":1,"mp":0,"y0":null,"y1":null,"sp":[[95,1,1,0,null,null]]}},{"type":"Feature","geometry":{"type":"Polygon","coordinates":[[[-153.30414,68.07042],[-153.30737,68.06899],[-153.30582,68.06731],[-153.30103,68.06705],[-153.2978,68.06849],[-153.29935,68.07017],[-153.30414,68.07042]]]},"properties":{"cell":"890d0b6f4abffff","res":9,"coarsened":false,"count":1,"hv":1,"mp":0,"y0":null,"y1":null,"sp":[[95,1,1,0,null,null]]}},{"type":"Feature","geometry":{"type":"Polygon","coordinates":[[[-152.86977,68.45153],[-152.87309,68.45011],[-152.87154,68.44841],[-152.86667,68.44814],[-152.86335,68.44957],[-152.8649,68.45126],[-152.86977,68.45153]]]},"properties":{"cell":"890d0b0aaa7ffff","res":9,"coarsened":false,"count":1,"hv":1,"mp":0,"y0":null,"y1":null,"sp":[[95,1,1,0,null,null]]}},{"type":"Feature","geometry":{"type":"Polygon","coordinates":[[[-154.05182,68.39226],[-154.05506,68.39081],[-154.05341,68.38912],[-154.04853,68.38889],[-154.04529,68.39034],[-154.04694,68.39202],[-154.05182,68.39226]]]},"properties":{"cell":"890d0b488cfffff","res":9,"coarsened":false,"count":1,"hv":1,"mp":0,"y0":null,"y1":null,"sp":[[54,1,1,0,null,null]]}},{"type":"Feature","geometry":{"type":"Polygon","coordinates":[[[-154.07194,68.44143],[-154.07518,68.43997],[-154.07353,68.43829],[-154.06864,68.43805],[-154.06539,68.4395],[-154.06704,68.44119],[-154.07194,68.44143]]]},"properties":{"cell":"890d0b48573ffff","res":9,"coarsened":false,"count":1,"hv":1,"mp":0,"y0":null,"y1":null,"sp":[[54,1,1,0,null,null]]}},{"type":"Feature","geometry":{"type":"Polygon","coordinates":[[[-153.99578,68.50204],[-153.99904,68.50059],[-153.99739,68.49891],[-153.99248,68.49867],[-153.98922,68.50012],[-153.99087,68.50181],[-153.99578,68.50204]]]},"properties":{"cell":"890d0b4a5cfffff","res":9,"coarsened":false,"count":1,"hv":1,"mp":0,"y0":null,"y1":null,"sp":[[54,1,1,0,null,null]]}},{"type":"Feature","geometry":{"type":"Polygon","coordinates":[[[-151.5141,66.92123],[-151.51726,66.91984],[-151.51593,66.91817],[-151.51144,66.91788],[-151.50828,66.91926],[-151.50961,66.92093],[-151.5141,66.92123]]]},"properties":{"cell":"890d521b073ffff","res":9,"coarsened":false,"count":1,"hv":1,"mp":0,"y0":null,"y1":null,"sp":[[102,1,1,0,null,null]]}},{"type":"Feature","geometry":{"type":"Polygon","coordinates":[[[-153.70315,67.40258],[-153.70626,67.40115],[-153.70472,67.39948],[-153.70007,67.39924],[-153.69696,67.40068],[-153.6985,67.40235],[-153.70315,67.40258]]]},"properties":{"cell":"890c2509423ffff","res":9,"coarsened":false,"count":1,"hv":1,"mp":0,"y0":null,"y1":null,"sp":[[144,1,1,0,null,null]]}}],"park":"gates_of_the_arctic","h3_res":9,"species_index":[{"n":"Spizelloides arborea","c":"American Tree Sparrow","k":"Aves"},{"n":"Rangifer tarandus","c":"Caribou","k":"Mammalia"},{"n":"Lanius borealis","c":"Northern Shrike","k":"Aves"},{"n":"Oenanthe oenanthe","c":"Northern Wheatear","k":"Aves"},{"n":"Tringa flavipes","c":"Lesser Yellowlegs","k":"Aves"},{"n":"Larus hyperboreus","c":"Glaucous Gull","k":"Aves"},{"n":"Ursus arctos","c":"Grizzly Bear","k":"Mammalia"},{"n":"Corvus corax","c":"Common Raven","k":"Aves"},{"n":"Lepus americanus","c":"Snowshoe Hare","k":"Mammalia"},{"n":"Lagopus lagopus","c":"Willow Ptarmigan","k":"Aves"},{"n":"Urocitellus parryii","c":"Arctic Ground Squirrel","k":"Mammalia"},{"n":"Vulpes vulpes","c":"Red Fox","k":"Mammalia"},{"n":"Leucosticte tephrocotis","c":"Brooks Range Rosy-Finch","k":"Aves"},{"n":"Acanthis flammea","c":"Redpoll","k":"Aves"},{"n":"Microtus miurus","c":"Singing Vole","k":"Mammalia"},{"n":"Lagopus muta","c":"Rock Ptarmigan","k":"Aves"},{"n":"Alces alces","c":"Moose","k":"Mammalia"},{"n":"Turdus migratorius","c":"American Robin","k":"Aves"},{"n":"Zonotrichia leucophrys","c":"White-crowned Sparrow","k":"Aves"},{"n":"Passerella iliaca","c":"Fox Sparrow","k":"Aves"},{"n":"Setophaga coronata","c":"Yellow-rumped Warbler","k":"Aves"},{"n":"Cardellina pusilla","c":"Wilson's Warbler","k":"Aves"},{"n":"Tringa solitaria","c":"Solitary Sandpiper","k":"Aves"},{"n":"Stercorarius longicaudus","c":"Long-tailed Jaeger","k":"Aves"},{"n":"Alexandromys oeconomus","c":"Tundra Vole","k":"Mammalia"},{"n":"Clethrionomys rutilus","c":"Northern Red-backed Vole","k":"Mammalia"},{"n":"Ondatra zibethicus","c":"Muskrat","k":"Mammalia"},{"n":"Anas acuta","c":"Northern Pintail","k":"Aves"},{"n":"Calcarius lapponicus","c":"Lapland Longspur","k":"Aves"},{"n":"Calidris pusilla","c":"Semipalmated Sandpiper","k":"Aves"},{"n":"Passerculus sandwichensis","c":"Savannah Sparrow","k":"Aves"},{"n":"Pluvialis dominica","c":"American Golden-Plover","k":"Aves"},{"n":"Anser albifrons","c":"Greater White-fronted Goose","k":"Aves"},{"n":"Phalaropus lobatus","c":"Red-necked Phalarope","k":"Aves"},{"n":"Gavia pacifica","c":"Pacific Loon","k":"Aves"},{"n":"Ovis dalli","c":"Thinhorn Sheep","k":"Mammalia"},{"n":"Calidris minutilla","c":"Least Sandpiper","k":"Aves"},{"n":"Charadrius semipalmatus","c":"Semipalmated Plover","k":"Aves"},{"n":"Sayornis saya","c":"Say's Phoebe","k":"Aves"},{"n":"Bombycilla garrulus","c":"Bohemian Waxwing","k":"Aves"},{"n":"Actitis macularius","c":"Spotted Sandpiper","k":"Aves"},{"n":"Larus glaucescens","c":"Glaucous-winged Gull","k":"Aves"},{"n":"Ovibos moschatus","c":"Muskox","k":"Mammalia"},{"n":"Eremophila alpestris","c":"Horned Lark","k":"Aves"},{"n":"Dicrostonyx groenlandicus","c":"Northern Collared Lemming","k":"Mammalia"},{"n":"Ursus americanus","c":"American Black Bear","k":"Mammalia"},{"n":"Gavia immer","c":"Common Loon","k":"Aves"},{"n":"Urocitellus undulatus","c":null,"k":"Mammalia"},{"n":"Tringa melanoleuca","c":"Greater Yellowlegs","k":"Aves"},{"n":"Mareca americana","c":"American Wigeon","k":"Aves"},{"n":"Accipiter gentilis","c":"Northern Goshawk","k":"Aves"},{"n":"Gavia stellata","c":"Redthroated Loon","k":"Aves"},{"n":"Canachites canadensis","c":"Spruce Grouse","k":"Aves"},{"n":"Buteo lagopus","c":"Roughlegged Hawk","k":"Aves"},{"n":"Gavia adamsii","c":"Yellowbilled Loon","k":"Aves"},{"n":"Catharus ustulatus","c":"Swainsons Thrush","k":"Aves"},{"n":"Anthus rubescens","c":"American Pipit","k":"Aves"},{"n":"Luscinia svecica","c":"Bluethroat","k":"Aves"},{"n":"Ixoreus naevius","c":"Varied Thrush","k":"Aves"},{"n":"Poecile hudsonicus","c":"Boreal Chickadee","k":"Aves"},{"n":"Zonotrichia atricapilla","c":"Goldencrowned Sparrow","k":"Aves"},{"n":"Contopus cooperi","c":"Olivesided Flycatcher","k":"Aves"},{"n":"Bucephala islandica","c":"Barrow's Goldeneye","k":"Aves"},{"n":"Numenius phaeopus","c":"Whimbrel","k":"Aves"},{"n":"Acanthis von","c":"Unknown Redpoll","k":"Aves"},{"n":"Gallinago delicata","c":"Wilsons Snipe","k":"Aves"},{"n":"Calcarius pictus","c":"Smiths Longspur","k":"Aves"},{"n":"Circus cyaneus","c":"Northern Harrier","k":"Aves"},{"n":"Catharus minimus","c":"Graycheeked Thrush","k":"Aves"},{"n":"Numenius hudsonicus","c":"Hudsonian Whimbrel","k":"Aves"},{"n":"Euphagus carolinus","c":"Rusty Blackbird","k":"Aves"},{"n":"Phylloscopus borealis","c":"Arctic Warbler","k":"Aves"},{"n":"Cygnus columbianus","c":"Tundra Swan","k":"Aves"},{"n":"Melospiza lincolnii","c":"Lincolns Sparrow","k":"Aves"},{"n":"Sterna paradisaea","c":"Arctic Tern","k":"Aves"},{"n":"Setophaga petechia","c":"Yellow Warbler","k":"Aves"},{"n":"Regulus calendula","c":"Rubycrowned Kinglet","k":"Aves"},{"n":"Grus canadensis","c":"Sandhill Crane","k":"Aves"},{"n":"Haliaeetus leucocephalus","c":"Bald Eagle","k":"Aves"},{"n":"Leiothlypis celata","c":"Orange-crowned Warbler","k":"Aves"},{"n":"Junco hyemalis","c":"Darkeyed Junco","k":"Aves"},{"n":"Fringillidae","c":"Unknown Finch","k":"Aves"},{"n":"Branta canadensis","c":"Canada Goose","k":"Aves"},{"n":"Acanthis hornemanni","c":"Hoary Redpoll","k":"Aves"},{"n":"Molothrus ater","c":"Brown-headed Cowbird","k":"Aves"},{"n":"Tringa incana","c":"Wandering Tattler","k":"Aves"},{"n":"Perisoreus canadensis","c":"Gray Jay","k":"Aves"},{"n":"Parkesia noveboracensis","c":"Northern Waterthrush","k":"Aves"},{"n":"Larus brachyrhynchus","c":"Short-billed Gull","k":"Aves"},{"n":"Setophaga striata","c":"Blackpoll Warbler","k":"Aves"},{"n":"Falco columbarius","c":"Merlin","k":"Aves"},{"n":"Empidonax alnorum","c":"Alder Flycatcher","k":"Aves"},{"n":"Pinicola enucleator","c":"Pine Grosbeak","k":"Aves"},{"n":"Aegolius funereus","c":"Boreal Owl (Richardson's)","k":"Aves"},{"n":"Falco peregrinus","c":null,"k":"Aves"},{"n":"Falco rusticolus","c":"Gyrfalcon","k":"Aves"},{"n":"Limnodromus scolopaceus","c":"Longbilled Dowitcher","k":"Aves"},{"n":"Motacilla tschutschensis","c":"Eastern Yellow Wagtail","k":"Aves"},{"n":"Aythya marila","c":"Greater Scaup","k":"Aves"},{"n":"Stercorarius parasiticus","c":"Parasitic Jaeger","k":"Aves"},{"n":"Larus canus","c":"Mew Gull","k":"Aves"},{"n":"Phalaropus fulicarius","c":"Red Phalarope","k":"Aves"},{"n":"Aquila chrysaetos","c":"Golden Eagle","k":"Aves"},{"n":"Clangula hyemalis","c":"Longtailed Duck","k":"Aves"},{"n":"Melanitta perspicillata","c":"Surf Scoter","k":"Aves"},{"n":"Loxia leucoptera","c":"Whitewinged Crossbill","k":"Aves"},{"n":"Catharus guttatus","c":"Hermit Thrush","k":"Aves"},{"n":"Melanitta americana","c":"Black Scoter","k":"Aves"},{"n":"Myadestes townsendi","c":"Townsends Solitaire","k":"Aves"},{"n":"Anas platyrhynchos","c":"Mallard","k":"Aves"},{"n":"Mergus serrator","c":"Redbreasted Merganser","k":"Aves"},{"n":"Anas crecca","c":"Greenwinged Teal","k":"Aves"},{"n":"Setophaga townsendi","c":"Townsends Warbler","k":"Aves"},{"n":"Dryobates pubescens","c":"Downy Woodpecker","k":"Aves"},{"n":"Falco sparverius","c":"American Kestrel","k":"Aves"},{"n":"Tachycineta bicolor","c":"Tree Swallow","k":"Aves"},{"n":"Asio flammeus","c":"Shorteared Owl","k":"Aves"},{"n":"Picoides arcticus","c":"Blackbacked Woodpecker","k":"Aves"},{"n":"Surnia ulula","c":"Northern Hawk Owl","k":"Aves"},{"n":"Aythya collaris","c":"Ring-necked Duck","k":"Aves"},{"n":"Melanitta fusca","c":"Whitewinged Scoter","k":"Aves"},{"n":"Cygnus buccinator","c":"Trumpeter Swan","k":"Aves"},{"n":"Bartramia longicauda","c":"Upland Sandpiper","k":"Aves"},{"n":"Colaptes auratus","c":"Northern Flicker","k":"Aves"},{"n":"Calidris ptilocnemis","c":"Aleutian Rock Sandpiper","k":"Aves"},{"n":"Pandion haliaetus","c":"Osprey","k":"Aves"},{"n":"Calidris mauri","c":"Western Sandpiper","k":"Aves"},{"n":"Larus argentatus","c":"Herring Gull","k":"Aves"},{"n":"Mergus merganser","c":"Common Merganser","k":"Aves"},{"n":"Lanius excubitor","c":"Northern Shrike","k":"Aves"},{"n":"Contopus sordidulus","c":"Western Woodpewee","k":"Aves"},{"n":"Podiceps grisegena","c":"Rednecked Grebe","k":"Aves"},{"n":"Accipiter striatus","c":"Sharpshinned Hawk","k":"Aves"},{"n":"Riparia riparia","c":"Bank Swallow","k":"Aves"},{"n":"Poecile atricapillus","c":"Blackcapped Chickadee","k":"Aves"},{"n":"Tympanuchus phasianellus","c":"Sharptailed Grouse","k":"Aves"},{"n":"Podiceps auritus","c":"Horned Grebe","k":"Aves"},{"n":"Strix nebulosa","c":"Great Gray Owl","k":"Aves"},{"n":"Calidris virgata","c":"Surfbird","k":"Aves"},{"n":"Tachycineta thalassina","c":"Violetgreen Swallow","k":"Aves"},{"n":"Calidris melanotos","c":"Pectoral Sandpiper","k":"Aves"},{"n":"Calidris bairdii","c":"Bairds Sandpiper","k":"Aves"},{"n":"Aythya affinis","c":"Lesser Scaup","k":"Aves"},{"n":"Histrionicus histrionicus","c":"Harlequin Duck","k":"Aves"},{"n":"Plectrophenax nivalis","c":"Snow Bunting","k":"Aves"},{"n":"Spinus pinus","c":"Pine Siskin","k":"Aves"},{"n":"Numenius tahitiensis","c":"Bristlethighed Curlew","k":"Aves"},{"n":"Leuconotopicus villosus","c":"Hairy Woodpecker","k":"Aves"},{"n":"Picoides dorsalis","c":"American Threetoed Woodpecker","k":"Aves"},{"n":"Bubo virginianus","c":"Great Horned Owl","k":"Aves"},{"n":"Loxia curvirostra","c":"Red Crossbill","k":"Aves"},{"n":"Buteo jamaicensis","c":"Redtailed Hawk","k":"Aves"},{"n":"Empidonax hammondii","c":"Hammonds Flycatcher","k":"Aves"},{"n":"Bucephala albeola","c":"Bufflehead","k":"Aves"},{"n":"Arenaria interpres","c":"Ruddy Turnstone","k":"Aves"},{"n":"Polysticta stelleri","c":"Stellers Eider","k":"Aves"}],"entry":["species_index","count","human_verified","model_predicted","first_year","last_year"],"suppressed":{"excluded":{"Canis lupus":5},"coarsened":{"Ursus arctos":2,"Haliaeetus leucocephalus":21,"Leiothlypis celata":565}},"merged_names":{"Leucosticte tephrocotis irvingi":"Leucosticte tephrocotis","Ovis dalli dalli":"Ovis dalli","Ursus arctos horribilis":"Ursus arctos","Acanthis von Borkhausen, 1797":"Acanthis von"}}