{"type":"FeatureCollection","features":[{"type":"Feature","geometry":{"type":"Polygon","coordinates":[[[-152.69073,60.00522],[-152.74708,59.98793],[-152.74831,59.95741],[-152.69332,59.94418],[-152.63705,59.96144],[-152.63569,59.99196],[-152.69073,60.00522]]]},"properties":{"cell":"860c500f7ffffff","res":6,"coarsened":true,"count":24,"hv":24,"mp":0,"y0":2007,"y1":2026,"sp":[[0,23,23,0,2007,2026],[12,1,1,0,2019,2019]]}},{"type":"Feature","geometry":{"type":"Polygon","coordinates":[[[-154.31801,60.44384],[-154.37461,60.42574],[-154.37397,60.39491],[-154.31686,60.38219],[-154.26033,60.40026],[-154.26084,60.43108],[-154.31801,60.44384]]]},"properties":{"cell":"860c56777ffffff","res":6,"coarsened":true,"count":1,"hv":1,"mp":0,"y0":2008,"y1":2008,"sp":[[0,1,1,0,2008,2008]]}},{"type":"Feature","geometry":{"type":"Polygon","coordinates":[[[-152.84276,60.41264],[-152.89992,60.39523],[-152.90099,60.36452],[-152.84504,60.35122],[-152.78795,60.3686],[-152.78675,60.39931],[-152.84276,60.41264]]]},"properties":{"cell":"860c50c2fffffff","res":6,"coarsened":true,"count":39,"hv":39,"mp":0,"y0":2018,"y1":2024,"sp":[[0,36,36,0,2018,2024],[12,3,3,0,2024,2024]]}},{"type":"Feature","geometry":{"type":"Polygon","coordinates":[[[-152.85051,60.35884],[-152.85287,60.35751],[-152.85177,60.35598],[-152.84832,60.35579],[-152.84597,60.35713],[-152.84707,60.35865],[-152.85051,60.35884]]]},"properties":{"cell":"890c50c2b3bffff","res":9,"coarsened":false,"count":5,"hv":5,"mp":0,"y0":2018,"y1":2024,"sp":[[1,2,2,0,2018,2024],[22,1,1,0,2021,2021],[25,1,1,0,2024,2024],[26,1,1,0,2024,2024]]}},{"type":"Feature","geometry":{"type":"Polygon","coordinates":[[[-154.2582,60.19955],[-154.26048,60.19818],[-154.25931,60.19667],[-154.25585,60.19652],[-154.25357,60.19788],[-154.25475,60.1994],[-154.2582,60.19955]]]},"properties":{"cell":"890c5664c63ffff","res":9,"coarsened":false,"count":1,"hv":1,"mp":0,"y0":2018,"y1":2018,"sp":[[2,1,1,0,2018,2018]]}},{"type":"Feature","geometry":{"type":"Polygon","coordinates":[[[-153.91141,60.7829],[-153.91376,60.78154],[-153.91258,60.78001],[-153.90905,60.77984],[-153.9067,60.78121],[-153.90788,60.78274],[-153.91141,60.7829]]]},"properties":{"cell":"890c561748bffff","res":9,"coarsened":false,"count":6,"hv":6,"mp":0,"y0":2018,"y1":2018,"sp":[[3,2,2,0,2018,2018],[5,2,2,0,2018,2018],[4,1,1,0,2018,2018],[15,1,1,0,2018,2018]]}},{"type":"Feature","geometry":{"type":"Polygon","coordinates":[[[-153.99138,60.78515],[-153.99372,60.78378],[-153.99253,60.78225],[-153.989,60.78209],[-153.98666,60.78345],[-153.98785,60.78498],[-153.99138,60.78515]]]},"properties":{"cell":"890c5612bc7ffff","res":9,"coarsened":false,"count":2,"hv":2,"mp":0,"y0":2018,"y1":2018,"sp":[[6,1,1,0,2018,2018],[16,1,1,0,2018,2018]]}},{"type":"Feature","geometry":{"type":"Polygon","coordinates":[[[-154.01015,60.77864],[-154.01249,60.77728],[-154.0113,60.77575],[-154.00777,60.77558],[-154.00543,60.77695],[-154.00662,60.77848],[-154.01015,60.77864]]]},"properties":{"cell":"890c5612b4bffff","res":9,"coarsened":false,"count":1,"hv":1,"mp":0,"y0":2018,"y1":2018,"sp":[[7,1,1,0,2018,2018]]}},{"type":"Feature","geometry":{"type":"Polygon","coordinates":[[[-153.99956,60.77815],[-154.0019,60.77679],[-154.00072,60.77526],[-153.99719,60.7751],[-153.99485,60.77646],[-153.99603,60.77799],[-153.99956,60.77815]]]},"properties":{"cell":"890c5612b47ffff","res":9,"coarsened":false,"count":2,"hv":2,"mp":0,"y0":2018,"y1":2018,"sp":[[8,1,1,0,2018,2018],[10,1,1,0,2018,2018]]}},{"type":"Feature","geometry":{"type":"Polygon","coordinates":[[[-153.99253,60.78225],[-153.99488,60.78089],[-153.99369,60.77936],[-153.99016,60.77919],[-153.98782,60.78056],[-153.989,60.78209],[-153.99253,60.78225]]]},"properties":{"cell":"890c5612b1bffff","res":9,"coarsened":false,"count":15,"hv":15,"mp":0,"y0":2018,"y1":2018,"sp":[[51,2,2,0,null,null],[142,2,2,0,null,null],[56,2,2,0,null,null],[108,2,2,0,null,null],[34,2,2,0,null,null],[9,1,1,0,2018,2018],[25,1,1,0,null,null],[41,1,1,0,null,null],[118,1,1,0,null,null],[129,1,1,0,null,null]]}},{"type":"Feature","geometry":{"type":"Polygon","coordinates":[[[-154.33766,60.19859],[-154.33994,60.19723],[-154.33876,60.19572],[-154.3353,60.19557],[-154.33302,60.19693],[-154.3342,60.19844],[-154.33766,60.19859]]]},"properties":{"cell":"890c5665dd3ffff","res":9,"coarsened":false,"count":3,"hv":3,"mp":0,"y0":2018,"y1":2026,"sp":[[11,1,1,0,2018,2018],[60,1,1,0,2026,2026],[2,1,1,0,2026,2026]]}},{"type":"Feature","geometry":{"type":"Polygon","coordinates":[[[-154.37016,60.21022],[-154.42624,60.19213],[-154.42554,60.1614],[-154.3689,60.14877],[-154.31289,60.16683],[-154.31345,60.19755],[-154.37016,60.21022]]]},"properties":{"cell":"860c5665fffffff","res":6,"coarsened":true,"count":2,"hv":2,"mp":0,"y0":2018,"y1":2026,"sp":[[12,2,2,0,2018,2026]]}},{"type":"Feature","geometry":{"type":"Polygon","coordinates":[[[-154.09666,60.2758],[-154.09895,60.27444],[-154.09778,60.27292],[-154.09432,60.27277],[-154.09203,60.27413],[-154.0932,60.27564],[-154.09666,60.2758]]]},"properties":{"cell":"890c56291b3ffff","res":9,"coarsened":false,"count":1,"hv":1,"mp":0,"y0":2018,"y1":2018,"sp":[[1,1,1,0,2018,2018]]}},{"type":"Feature","geometry":{"type":"Polygon","coordinates":[[[-154.21175,60.25164],[-154.21404,60.25028],[-154.21286,60.24876],[-154.2094,60.24861],[-154.20711,60.24997],[-154.20829,60.25149],[-154.21175,60.25164]]]},"properties":{"cell":"890c5666c4fffff","res":9,"coarsened":false,"count":1,"hv":1,"mp":0,"y0":2018,"y1":2018,"sp":[[13,1,1,0,2018,2018]]}},{"type":"Feature","geometry":{"type":"Polygon","coordinates":[[[-154.25909,60.1835],[-154.26137,60.18214],[-154.2602,60.18063],[-154.25674,60.18048],[-154.25446,60.18184],[-154.25564,60.18335],[-154.25909,60.1835]]]},"properties":{"cell":"890c566480fffff","res":9,"coarsened":false,"count":1,"hv":1,"mp":0,"y0":2018,"y1":2018,"sp":[[14,1,1,0,2018,2018]]}},{"type":"Feature","geometry":{"type":"Polygon","coordinates":[[[-154.00428,60.77985],[-154.00662,60.77848],[-154.00543,60.77695],[-154.0019,60.77679],[-153.99956,60.77815],[-154.00075,60.77968],[-154.00428,60.77985]]]},"properties":{"cell":"890c5612b43ffff","res":9,"coarsened":false,"count":1,"hv":1,"mp":0,"y0":2018,"y1":2018,"sp":[[17,1,1,0,2018,2018]]}},{"type":"Feature","geometry":{"type":"Polygon","coordinates":[[[-154.23836,60.1826],[-154.24064,60.18124],[-154.23947,60.17972],[-154.23601,60.17957],[-154.23373,60.18093],[-154.23491,60.18245],[-154.23836,60.1826]]]},"properties":{"cell":"890c56649dbffff","res":9,"coarsened":false,"count":1,"hv":1,"mp":0,"y0":2018,"y1":2018,"sp":[[18,1,1,0,2018,2018]]}},{"type":"Feature","geometry":{"type":"Polygon","coordinates":[[[-154.228,60.18215],[-154.23028,60.18078],[-154.22911,60.17927],[-154.22565,60.17912],[-154.22337,60.18048],[-154.22454,60.18199],[-154.228,60.18215]]]},"properties":{"cell":"890c56649d7ffff","res":9,"coarsened":false,"count":1,"hv":1,"mp":0,"y0":2018,"y1":2018,"sp":[[15,1,1,0,2018,2018]]}},{"type":"Feature","geometry":{"type":"Polygon","coordinates":[[[-152.956,60.40852],[-153.01311,60.39105],[-153.01405,60.36033],[-152.95802,60.34708],[-152.90099,60.36452],[-152.89992,60.39523],[-152.956,60.40852]]]},"properties":{"cell":"860c50c07ffffff","res":6,"coarsened":true,"count":3,"hv":3,"mp":0,"y0":2015,"y1":2022,"sp":[[0,2,2,0,2015,2022],[12,1,1,0,2022,2022]]}},{"type":"Feature","geometry":{"type":"Polygon","coordinates":[[[-153.13908,59.89675],[-153.19502,59.87927],[-153.19573,59.84876],[-153.14064,59.83574],[-153.08477,59.8532],[-153.08392,59.8837],[-153.13908,59.89675]]]},"properties":{"cell":"860c507a7ffffff","res":6,"coarsened":true,"count":38,"hv":38,"mp":0,"y0":2014,"y1":2026,"sp":[[0,37,37,0,2014,2026],[12,1,1,0,null,null]]}},{"type":"Feature","geometry":{"type":"Polygon","coordinates":[[[-154.32045,60.20224],[-154.32273,60.20088],[-154.32155,60.19936],[-154.31809,60.19921],[-154.31581,60.20058],[-154.31699,60.20209],[-154.32045,60.20224]]]},"properties":{"cell":"890c566432bffff","res":9,"coarsened":false,"count":2,"hv":2,"mp":0,"y0":2019,"y1":2024,"sp":[[19,1,1,0,2019,2019],[50,1,1,0,2024,2024]]}},{"type":"Feature","geometry":{"type":"Polygon","coordinates":[[[-153.87514,60.87265],[-153.8775,60.87128],[-153.87631,60.86975],[-153.87278,60.86959],[-153.87042,60.87095],[-153.8716,60.87248],[-153.87514,60.87265]]]},"properties":{"cell":"890c568f377ffff","res":9,"coarsened":false,"count":1,"hv":1,"mp":0,"y0":2019,"y1":2019,"sp":[[20,1,1,0,2019,2019]]}},{"type":"Feature","geometry":{"type":"Polygon","coordinates":[[[-152.73712,60.2326],[-152.79394,60.21526],[-152.79513,60.18463],[-152.73963,60.17135],[-152.68289,60.18866],[-152.68157,60.21928],[-152.73712,60.2326]]]},"properties":{"cell":"860c501a7ffffff","res":6,"coarsened":true,"count":4,"hv":4,"mp":0,"y0":2019,"y1":2019,"sp":[[12,3,3,0,null,null],[0,1,1,0,2019,2019]]}},{"type":"Feature","geometry":{"type":"Polygon","coordinates":[[[-152.8654,60.36112],[-152.86775,60.35978],[-152.86666,60.35826],[-152.86321,60.35807],[-152.86086,60.35941],[-152.86195,60.36093],[-152.8654,60.36112]]]},"properties":{"cell":"890c50c2b47ffff","res":9,"coarsened":false,"count":6,"hv":6,"mp":0,"y0":2019,"y1":2026,"sp":[[21,2,2,0,2019,2019],[22,2,2,0,2019,2026],[53,1,1,0,2020,2020],[30,1,1,0,2026,2026]]}},{"type":"Feature","geometry":{"type":"Polygon","coordinates":[[[-152.73712,60.2326],[-152.73947,60.23127],[-152.73839,60.22975],[-152.73496,60.22956],[-152.73261,60.23089],[-152.73369,60.23241],[-152.73712,60.2326]]]},"properties":{"cell":"890c501a4d3ffff","res":9,"coarsened":false,"count":1,"hv":1,"mp":0,"y0":2019,"y1":2019,"sp":[[23,1,1,0,2019,2019]]}},{"type":"Feature","geometry":{"type":"Polygon","coordinates":[[[-152.91464,60.36965],[-152.91699,60.36831],[-152.91589,60.36679],[-152.91244,60.3666],[-152.91009,60.36794],[-152.91119,60.36946],[-152.91464,60.36965]]]},"properties":{"cell":"890c50c01bbffff","res":9,"coarsened":false,"count":5,"hv":5,"mp":0,"y0":2019,"y1":2019,"sp":[[24,1,1,0,2019,2019],[21,1,1,0,2019,2019],[25,1,1,0,2019,2019],[26,1,1,0,2019,2019],[27,1,1,0,2019,2019]]}},{"type":"Feature","geometry":{"type":"Polygon","coordinates":[[[-152.66072,59.99044],[-152.66305,59.98911],[-152.66198,59.9876],[-152.65858,59.98741],[-152.65626,59.98873],[-152.65732,59.99025],[-152.66072,59.99044]]]},"properties":{"cell":"890c500f5c3ffff","res":9,"coarsened":false,"count":13,"hv":13,"mp":0,"y0":2007,"y1":2026,"sp":[[68,3,3,0,2026,2026],[67,2,2,0,2026,2026],[2,2,2,0,2026,2026],[28,1,1,0,2019,2019],[62,1,1,0,2026,2026],[65,1,1,0,2026,2026],[66,1,1,0,2026,2026],[19,1,1,0,2026,2026],[87,1,1,0,2007,2007]]}},{"type":"Feature","geometry":{"type":"Polygon","coordinates":[[[-152.66965,59.99385],[-152.67198,59.99252],[-152.67091,59.99101],[-152.66751,59.99082],[-152.66518,59.99215],[-152.66625,59.99366],[-152.66965,59.99385]]]},"properties":{"cell":"890c500f4afffff","res":9,"coarsened":false,"count":1,"hv":1,"mp":0,"y0":2019,"y1":2019,"sp":[[2,1,1,0,2019,2019]]}},{"type":"Feature","geometry":{"type":"Polygon","coordinates":[[[-152.66896,59.98361],[-152.67129,59.98229],[-152.67022,59.98077],[-152.66682,59.98058],[-152.6645,59.98191],[-152.66556,59.98342],[-152.66896,59.98361]]]},"properties":{"cell":"890c500f543ffff","res":9,"coarsened":false,"count":1,"hv":1,"mp":0,"y0":2019,"y1":2019,"sp":[[1,1,1,0,2019,2019]]}},{"type":"Feature","geometry":{"type":"Polygon","coordinates":[[[-154.31458,60.25904],[-154.37079,60.24097],[-154.37016,60.21022],[-154.31345,60.19755],[-154.25731,60.21559],[-154.25781,60.24634],[-154.31458,60.25904]]]},"properties":{"cell":"860c56647ffffff","res":6,"coarsened":true,"count":3,"hv":3,"mp":0,"y0":2012,"y1":2019,"sp":[[0,2,2,0,2012,2016],[12,1,1,0,2019,2019]]}},{"type":"Feature","geometry":{"type":"Polygon","coordinates":[[[-152.90099,60.36452],[-152.95802,60.34708],[-152.95903,60.31638],[-152.90313,60.30313],[-152.84617,60.32053],[-152.84504,60.35122],[-152.90099,60.36452]]]},"properties":{"cell":"860c50c0fffffff","res":6,"coarsened":true,"count":25,"hv":25,"mp":0,"y0":2019,"y1":2025,"sp":[[0,22,22,0,2019,2025],[12,3,3,0,2019,2023]]}},{"type":"Feature","geometry":{"type":"Polygon","coordinates":[[[-154.30787,60.20755],[-154.31015,60.20618],[-154.30897,60.20467],[-154.30551,60.20452],[-154.30324,60.20589],[-154.30441,60.2074],[-154.30787,60.20755]]]},"properties":{"cell":"890c56643afffff","res":9,"coarsened":false,"count":3,"hv":3,"mp":0,"y0":2008,"y1":2024,"sp":[[29,2,2,0,2008,2008],[54,1,1,0,2024,2024]]}},{"type":"Feature","geometry":{"type":"Polygon","coordinates":[[[-154.3434,60.19738],[-154.34568,60.19601],[-154.34449,60.1945],[-154.34104,60.19435],[-154.33876,60.19572],[-154.33994,60.19723],[-154.3434,60.19738]]]},"properties":{"cell":"890c5665ddbffff","res":9,"coarsened":false,"count":1,"hv":1,"mp":0,"y0":2017,"y1":2017,"sp":[[28,1,1,0,2017,2017]]}},{"type":"Feature","geometry":{"type":"Polygon","coordinates":[[[-152.73334,60.32457],[-152.79035,60.30722],[-152.79155,60.27656],[-152.73587,60.26325],[-152.67893,60.28056],[-152.6776,60.31122],[-152.73334,60.32457]]]},"properties":{"cell":"860c50c47ffffff","res":6,"coarsened":true,"count":1,"hv":1,"mp":0,"y0":2014,"y1":2014,"sp":[[0,1,1,0,2014,2014]]}},{"type":"Feature","geometry":{"type":"Polygon","coordinates":[[[-154.29373,60.18939],[-154.29601,60.18803],[-154.29483,60.18651],[-154.29137,60.18636],[-154.28909,60.18773],[-154.29027,60.18924],[-154.29373,60.18939]]]},"properties":{"cell":"890c5664e67ffff","res":9,"coarsened":false,"count":1,"hv":1,"mp":0,"y0":2020,"y1":2020,"sp":[[14,1,1,0,2020,2020]]}},{"type":"Feature","geometry":{"type":"Polygon","coordinates":[[[-152.63296,60.05303],[-152.68943,60.03576],[-152.69073,60.00522],[-152.63569,59.99196],[-152.57929,60.0092],[-152.57786,60.03973],[-152.63296,60.05303]]]},"properties":{"cell":"860c5001fffffff","res":6,"coarsened":true,"count":17,"hv":17,"mp":0,"y0":2020,"y1":2026,"sp":[[0,16,16,0,2020,2026],[12,1,1,0,null,null]]}},{"type":"Feature","geometry":{"type":"Polygon","coordinates":[[[-153.13198,59.86438],[-153.13428,59.86304],[-153.13319,59.86153],[-153.1298,59.86136],[-153.1275,59.86269],[-153.12859,59.8642],[-153.13198,59.86438]]]},"properties":{"cell":"890c507a033ffff","res":9,"coarsened":false,"count":3,"hv":3,"mp":0,"y0":2021,"y1":2025,"sp":[[28,1,1,0,2021,2021],[58,1,1,0,2025,2025],[59,1,1,0,2025,2025]]}},{"type":"Feature","geometry":{"type":"Polygon","coordinates":[[[-153.1194,59.86954],[-153.1217,59.86821],[-153.12061,59.8667],[-153.11722,59.86652],[-153.11492,59.86786],[-153.11601,59.86937],[-153.1194,59.86954]]]},"properties":{"cell":"890c507a0b7ffff","res":9,"coarsened":false,"count":1,"hv":1,"mp":0,"y0":2021,"y1":2021,"sp":[[30,1,1,0,2021,2021]]}},{"type":"Feature","geometry":{"type":"Polygon","coordinates":[[[-154.28115,60.19469],[-154.28343,60.19333],[-154.28226,60.19182],[-154.2788,60.19167],[-154.27652,60.19303],[-154.2777,60.19454],[-154.28115,60.19469]]]},"properties":{"cell":"890c5664e33ffff","res":9,"coarsened":false,"count":1,"hv":1,"mp":0,"y0":2021,"y1":2021,"sp":[[14,1,1,0,2021,2021]]}},{"type":"Feature","geometry":{"type":"Polygon","coordinates":[[[-153.60319,60.69447],[-153.60554,60.69312],[-153.60438,60.69159],[-153.60088,60.69141],[-153.59853,60.69277],[-153.59968,60.6943],[-153.60319,60.69447]]]},"properties":{"cell":"890c56aa68fffff","res":9,"coarsened":false,"count":1,"hv":1,"mp":0,"y0":2021,"y1":2021,"sp":[[31,1,1,0,2021,2021]]}},{"type":"Feature","geometry":{"type":"Polygon","coordinates":[[[-154.22598,60.20106],[-154.22826,60.1997],[-154.22709,60.19819],[-154.22363,60.19804],[-154.22135,60.1994],[-154.22253,60.20091],[-154.22598,60.20106]]]},"properties":{"cell":"890c5664dc3ffff","res":9,"coarsened":false,"count":1,"hv":1,"mp":0,"y0":2021,"y1":2021,"sp":[[32,1,1,0,2021,2021]]}},{"type":"Feature","geometry":{"type":"Polygon","coordinates":[[[-154.25882,60.30786],[-154.31515,60.28981],[-154.31458,60.25904],[-154.25781,60.24634],[-154.20155,60.26436],[-154.20198,60.29512],[-154.25882,60.30786]]]},"properties":{"cell":"860c56667ffffff","res":6,"coarsened":true,"count":2,"hv":2,"mp":0,"y0":2021,"y1":2022,"sp":[[0,2,2,0,2021,2022]]}},{"type":"Feature","geometry":{"type":"Polygon","coordinates":[[[-154.31117,60.19892],[-154.31345,60.19755],[-154.31227,60.19604],[-154.30881,60.19589],[-154.30654,60.19725],[-154.30771,60.19877],[-154.31117,60.19892]]]},"properties":{"cell":"890c5664e5bffff","res":9,"coarsened":false,"count":4,"hv":4,"mp":0,"y0":2021,"y1":2025,"sp":[[2,2,2,0,2021,2024],[47,1,1,0,2024,2024],[27,1,1,0,2025,2025]]}},{"type":"Feature","geometry":{"type":"Polygon","coordinates":[[[-154.31935,60.20512],[-154.32163,60.20375],[-154.32045,60.20224],[-154.31699,60.20209],[-154.31471,60.20346],[-154.31589,60.20497],[-154.31935,60.20512]]]},"properties":{"cell":"890c566433bffff","res":9,"coarsened":false,"count":2,"hv":2,"mp":0,"y0":2021,"y1":2021,"sp":[[33,1,1,0,2021,2021],[15,1,1,0,2021,2021]]}},{"type":"Feature","geometry":{"type":"Polygon","coordinates":[[[-154.36047,60.41633],[-154.36277,60.41496],[-154.36158,60.41344],[-154.35809,60.41329],[-154.35579,60.41466],[-154.35699,60.41618],[-154.36047,60.41633]]]},"properties":{"cell":"890c567766fffff","res":9,"coarsened":false,"count":1,"hv":1,"mp":0,"y0":2021,"y1":2021,"sp":[[10,1,1,0,2021,2021]]}},{"type":"Feature","geometry":{"type":"Polygon","coordinates":[[[-153.40478,60.6684],[-153.46226,60.65069],[-153.46269,60.61983],[-153.40577,60.60667],[-153.34836,60.62434],[-153.3478,60.65521],[-153.40478,60.6684]]]},"properties":{"cell":"860c56a1fffffff","res":6,"coarsened":true,"count":1,"hv":1,"mp":0,"y0":2021,"y1":2021,"sp":[[0,1,1,0,2021,2021]]}},{"type":"Feature","geometry":{"type":"Polygon","coordinates":[[[-153.89659,60.9534],[-153.89895,60.95204],[-153.89777,60.9505],[-153.89422,60.95034],[-153.89185,60.9517],[-153.89304,60.95324],[-153.89659,60.9534]]]},"properties":{"cell":"890c568ad53ffff","res":9,"coarsened":false,"count":1,"hv":1,"mp":0,"y0":2021,"y1":2021,"sp":[[34,1,1,0,2021,2021]]}},{"type":"Feature","geometry":{"type":"Polygon","coordinates":[[[-154.03679,60.87427],[-154.09445,60.85624],[-154.09413,60.82525],[-154.03629,60.81228],[-153.9787,60.83027],[-153.97889,60.86127],[-154.03679,60.87427]]]},"properties":{"cell":"860c56127ffffff","res":6,"coarsened":true,"count":1,"hv":1,"mp":0,"y0":2021,"y1":2021,"sp":[[0,1,1,0,2021,2021]]}},{"type":"Feature","geometry":{"type":"Polygon","coordinates":[[[-153.15681,59.86712],[-153.15911,59.86578],[-153.15802,59.86427],[-153.15463,59.8641],[-153.15233,59.86543],[-153.15342,59.86694],[-153.15681,59.86712]]]},"properties":{"cell":"890c507a043ffff","res":9,"coarsened":false,"count":1,"hv":1,"mp":0,"y0":2021,"y1":2021,"sp":[[35,1,1,0,2021,2021]]}},{"type":"Feature","geometry":{"type":"Polygon","coordinates":[[[-153.17388,59.86364],[-153.17617,59.8623],[-153.17508,59.86079],[-153.17169,59.86061],[-153.16939,59.86195],[-153.17049,59.86346],[-153.17388,59.86364]]]},"properties":{"cell":"890c507a28fffff","res":9,"coarsened":false,"count":2,"hv":2,"mp":0,"y0":2021,"y1":2021,"sp":[[20,1,1,0,2021,2021],[19,1,1,0,2021,2021]]}},{"type":"Feature","geometry":{"type":"Polygon","coordinates":[[[-153.16819,59.8648],[-153.17049,59.86346],[-153.16939,59.86195],[-153.166,59.86178],[-153.1637,59.86311],[-153.1648,59.86462],[-153.16819,59.8648]]]},"properties":{"cell":"890c507a287ffff","res":9,"coarsened":false,"count":1,"hv":1,"mp":0,"y0":2021,"y1":2021,"sp":[[3,1,1,0,2021,2021]]}},{"type":"Feature","geometry":{"type":"Polygon","coordinates":[[[-153.02793,59.90113],[-153.08392,59.8837],[-153.08477,59.8532],[-153.02975,59.84013],[-152.97382,59.85753],[-152.97285,59.88803],[-153.02793,59.90113]]]},"properties":{"cell":"860c50717ffffff","res":6,"coarsened":true,"count":6,"hv":6,"mp":0,"y0":2021,"y1":2021,"sp":[[12,5,5,0,2021,2021],[0,1,1,0,null,null]]}},{"type":"Feature","geometry":{"type":"Polygon","coordinates":[[[-152.81823,60.36001],[-152.82058,60.35867],[-152.81949,60.35715],[-152.81604,60.35696],[-152.81369,60.35829],[-152.81478,60.35982],[-152.81823,60.36001]]]},"properties":{"cell":"890c50c769bffff","res":9,"coarsened":false,"count":1,"hv":1,"mp":0,"y0":2021,"y1":2021,"sp":[[36,1,1,0,2021,2021]]}},{"type":"Feature","geometry":{"type":"Polygon","coordinates":[[[-152.82983,60.35771],[-152.83218,60.35638],[-152.83109,60.35485],[-152.82764,60.35466],[-152.82529,60.356],[-152.82638,60.35752],[-152.82983,60.35771]]]},"properties":{"cell":"890c50c76c3ffff","res":9,"coarsened":false,"count":1,"hv":1,"mp":0,"y0":2021,"y1":2021,"sp":[[37,1,1,0,2021,2021]]}},{"type":"Feature","geometry":{"type":"Polygon","coordinates":[[[-152.83437,60.35943],[-152.83672,60.35809],[-152.83563,60.35656],[-152.83218,60.35638],[-152.82983,60.35771],[-152.83092,60.35924],[-152.83437,60.35943]]]},"properties":{"cell":"890c50c76dbffff","res":9,"coarsened":false,"count":1,"hv":1,"mp":0,"y0":2021,"y1":2021,"sp":[[38,1,1,0,2021,2021]]}},{"type":"Feature","geometry":{"type":"Polygon","coordinates":[[[-152.86666,60.35826],[-152.86901,60.35692],[-152.86791,60.3554],[-152.86447,60.35521],[-152.86211,60.35654],[-152.86321,60.35807],[-152.86666,60.35826]]]},"properties":{"cell":"890c50c2b7bffff","res":9,"coarsened":false,"count":1,"hv":1,"mp":0,"y0":2021,"y1":2021,"sp":[[31,1,1,0,2021,2021]]}},{"type":"Feature","geometry":{"type":"Polygon","coordinates":[[[-152.86415,60.36398],[-152.8665,60.36264],[-152.8654,60.36112],[-152.86195,60.36093],[-152.8596,60.36227],[-152.8607,60.36379],[-152.86415,60.36398]]]},"properties":{"cell":"890c50c2b57ffff","res":9,"coarsened":false,"count":1,"hv":1,"mp":0,"y0":2021,"y1":2021,"sp":[[5,1,1,0,2021,2021]]}},{"type":"Feature","geometry":{"type":"Polygon","coordinates":[[[-152.9042,60.27245],[-152.96103,60.25503],[-152.96203,60.22437],[-152.90632,60.21114],[-152.84956,60.22854],[-152.84844,60.25919],[-152.9042,60.27245]]]},"properties":{"cell":"860c50cefffffff","res":6,"coarsened":true,"count":1,"hv":1,"mp":0,"y0":2021,"y1":2021,"sp":[[0,1,1,0,2021,2021]]}},{"type":"Feature","geometry":{"type":"Polygon","coordinates":[[[-154.29263,60.19227],[-154.29491,60.1909],[-154.29373,60.18939],[-154.29027,60.18924],[-154.28799,60.1906],[-154.28917,60.19212],[-154.29263,60.19227]]]},"properties":{"cell":"890c5664e77ffff","res":9,"coarsened":false,"count":1,"hv":1,"mp":0,"y0":2021,"y1":2021,"sp":[[2,1,1,0,2021,2021]]}},{"type":"Feature","geometry":{"type":"Polygon","coordinates":[[[-152.8057,59.90959],[-152.8618,59.89226],[-152.8629,59.86178],[-152.80802,59.84862],[-152.75199,59.86592],[-152.75077,59.89641],[-152.8057,59.90959]]]},"properties":{"cell":"860c5072fffffff","res":6,"coarsened":true,"count":1,"hv":1,"mp":0,"y0":2022,"y1":2022,"sp":[[0,1,1,0,2022,2022]]}},{"type":"Feature","geometry":{"type":"Polygon","coordinates":[[[-152.66198,59.9876],[-152.66431,59.98627],[-152.66324,59.98475],[-152.65984,59.98456],[-152.65751,59.98589],[-152.65858,59.98741],[-152.66198,59.9876]]]},"properties":{"cell":"890c500f5cfffff","res":9,"coarsened":false,"count":1,"hv":1,"mp":0,"y0":2022,"y1":2022,"sp":[[2,1,1,0,2022,2022]]}},{"type":"Feature","geometry":{"type":"Polygon","coordinates":[[[-152.81314,59.89254],[-152.81545,59.89121],[-152.81438,59.88969],[-152.81099,59.88951],[-152.80868,59.89084],[-152.80975,59.89235],[-152.81314,59.89254]]]},"properties":{"cell":"890c5072c6bffff","res":9,"coarsened":false,"count":1,"hv":1,"mp":0,"y0":2022,"y1":2022,"sp":[[39,1,1,0,2022,2022]]}},{"type":"Feature","geometry":{"type":"Polygon","coordinates":[[[-152.65626,59.98873],[-152.65858,59.98741],[-152.65751,59.98589],[-152.65412,59.9857],[-152.65179,59.98703],[-152.65286,59.98855],[-152.65626,59.98873]]]},"properties":{"cell":"890c500f5c7ffff","res":9,"coarsened":false,"count":6,"hv":6,"mp":0,"y0":2022,"y1":2026,"sp":[[63,2,2,0,2026,2026],[23,1,1,0,2022,2022],[59,1,1,0,2026,2026],[55,1,1,0,2026,2026],[64,1,1,0,2026,2026]]}},{"type":"Feature","geometry":{"type":"Polygon","coordinates":[[[-153.57703,60.61521],[-153.63432,60.59743],[-153.63454,60.56657],[-153.57761,60.5535],[-153.52039,60.57125],[-153.52004,60.6021],[-153.57703,60.61521]]]},"properties":{"cell":"860c56a8fffffff","res":6,"coarsened":true,"count":3,"hv":3,"mp":0,"y0":2022,"y1":2025,"sp":[[0,3,3,0,2022,2025]]}},{"type":"Feature","geometry":{"type":"Polygon","coordinates":[[[-152.94364,60.36389],[-152.94599,60.36255],[-152.94489,60.36103],[-152.94144,60.36084],[-152.93909,60.36218],[-152.94019,60.3637],[-152.94364,60.36389]]]},"properties":{"cell":"890c50c014fffff","res":9,"coarsened":false,"count":1,"hv":1,"mp":0,"y0":2022,"y1":2022,"sp":[[1,1,1,0,2022,2022]]}},{"type":"Feature","geometry":{"type":"Polygon","coordinates":[[[-153.13319,59.86153],[-153.13549,59.8602],[-153.13439,59.85869],[-153.13101,59.85851],[-153.12871,59.85985],[-153.1298,59.86136],[-153.13319,59.86153]]]},"properties":{"cell":"890c507a023ffff","res":9,"coarsened":false,"count":1,"hv":1,"mp":0,"y0":2023,"y1":2023,"sp":[[40,1,1,0,2023,2023]]}},{"type":"Feature","geometry":{"type":"Polygon","coordinates":[[[-153.06939,59.87712],[-153.07169,59.87578],[-153.0706,59.87427],[-153.06721,59.87409],[-153.06491,59.87543],[-153.066,59.87694],[-153.06939,59.87712]]]},"properties":{"cell":"890c5071663ffff","res":9,"coarsened":false,"count":1,"hv":1,"mp":0,"y0":2023,"y1":2023,"sp":[[41,1,1,0,2023,2023]]}},{"type":"Feature","geometry":{"type":"Polygon","coordinates":[[[-153.11371,59.8707],[-153.11601,59.86937],[-153.11492,59.86786],[-153.11153,59.86768],[-153.10923,59.86901],[-153.11032,59.87053],[-153.11371,59.8707]]]},"properties":{"cell":"890c507a57bffff","res":9,"coarsened":false,"count":1,"hv":1,"mp":0,"y0":2023,"y1":2023,"sp":[[30,1,1,0,2023,2023]]}},{"type":"Feature","geometry":{"type":"Polygon","coordinates":[[[-153.11492,59.86786],[-153.11722,59.86652],[-153.11613,59.86501],[-153.11274,59.86483],[-153.11044,59.86617],[-153.11153,59.86768],[-153.11492,59.86786]]]},"properties":{"cell":"890c507a56bffff","res":9,"coarsened":false,"count":1,"hv":1,"mp":0,"y0":2023,"y1":2023,"sp":[[42,1,1,0,2023,2023]]}},{"type":"Feature","geometry":{"type":"Polygon","coordinates":[[[-154.31911,60.19195],[-154.32138,60.19058],[-154.3202,60.18907],[-154.31675,60.18892],[-154.31447,60.19028],[-154.31565,60.1918],[-154.31911,60.19195]]]},"properties":{"cell":"890c5665dbbffff","res":9,"coarsened":false,"count":1,"hv":1,"mp":0,"y0":2023,"y1":2023,"sp":[[28,1,1,0,2023,2023]]}},{"type":"Feature","geometry":{"type":"Polygon","coordinates":[[[-154.28689,60.19348],[-154.28917,60.19212],[-154.28799,60.1906],[-154.28454,60.19045],[-154.28226,60.19182],[-154.28343,60.19333],[-154.28689,60.19348]]]},"properties":{"cell":"890c5664e3bffff","res":9,"coarsened":false,"count":1,"hv":1,"mp":0,"y0":2023,"y1":2023,"sp":[[25,1,1,0,2023,2023]]}},{"type":"Feature","geometry":{"type":"Polygon","coordinates":[[[-154.32509,60.2039],[-154.32737,60.20254],[-154.32619,60.20102],[-154.32273,60.20088],[-154.32045,60.20224],[-154.32163,60.20375],[-154.32509,60.2039]]]},"properties":{"cell":"890c5664377ffff","res":9,"coarsened":false,"count":1,"hv":1,"mp":0,"y0":2023,"y1":2023,"sp":[[4,1,1,0,2023,2023]]}},{"type":"Feature","geometry":{"type":"Polygon","coordinates":[[[-153.8221,60.64469],[-153.82444,60.64333],[-153.82327,60.6418],[-153.81976,60.64163],[-153.81743,60.64299],[-153.81859,60.64452],[-153.8221,60.64469]]]},"properties":{"cell":"890c5614b73ffff","res":9,"coarsened":false,"count":1,"hv":1,"mp":0,"y0":2023,"y1":2023,"sp":[[43,1,1,0,2023,2023]]}},{"type":"Feature","geometry":{"type":"Polygon","coordinates":[[[-154.31361,60.20633],[-154.31589,60.20497],[-154.31471,60.20346],[-154.31125,60.20331],[-154.30897,60.20467],[-154.31015,60.20618],[-154.31361,60.20633]]]},"properties":{"cell":"890c5664333ffff","res":9,"coarsened":false,"count":3,"hv":3,"mp":0,"y0":2023,"y1":2026,"sp":[[24,2,2,0,2026,2026],[44,1,1,0,2023,2023]]}},{"type":"Feature","geometry":{"type":"Polygon","coordinates":[[[-152.86995,60.36283],[-152.8723,60.36149],[-152.8712,60.35997],[-152.86775,60.35978],[-152.8654,60.36112],[-152.8665,60.36264],[-152.86995,60.36283]]]},"properties":{"cell":"890c50c2b43ffff","res":9,"coarsened":false,"count":1,"hv":1,"mp":0,"y0":2023,"y1":2023,"sp":[[1,1,1,0,2023,2023]]}},{"type":"Feature","geometry":{"type":"Polygon","coordinates":[[[-154.54069,60.24811],[-154.59677,60.22994],[-154.59588,60.19918],[-154.53903,60.1866],[-154.48301,60.20475],[-154.48378,60.2355],[-154.54069,60.24811]]]},"properties":{"cell":"860c566e7ffffff","res":6,"coarsened":true,"count":1,"hv":1,"mp":0,"y0":2022,"y1":2022,"sp":[[0,1,1,0,2022,2022]]}},{"type":"Feature","geometry":{"type":"Polygon","coordinates":[[[-152.89644,60.3628],[-152.89879,60.36147],[-152.8977,60.35994],[-152.89425,60.35976],[-152.8919,60.36109],[-152.89299,60.36262],[-152.89644,60.3628]]]},"properties":{"cell":"890c50c0cd7ffff","res":9,"coarsened":false,"count":1,"hv":1,"mp":0,"y0":2023,"y1":2023,"sp":[[36,1,1,0,2023,2023]]}},{"type":"Feature","geometry":{"type":"Polygon","coordinates":[[[-152.84926,60.3617],[-152.85161,60.36037],[-152.85051,60.35884],[-152.84707,60.35865],[-152.84471,60.35999],[-152.84581,60.36152],[-152.84926,60.3617]]]},"properties":{"cell":"890c50c2b07ffff","res":9,"coarsened":false,"count":1,"hv":1,"mp":0,"y0":2023,"y1":2023,"sp":[[45,1,1,0,2023,2023]]}},{"type":"Feature","geometry":{"type":"Polygon","coordinates":[[[-152.85631,60.35769],[-152.85867,60.35636],[-152.85757,60.35483],[-152.85412,60.35464],[-152.85177,60.35598],[-152.85287,60.35751],[-152.85631,60.35769]]]},"properties":{"cell":"890c50c2b77ffff","res":9,"coarsened":false,"count":1,"hv":1,"mp":0,"y0":2023,"y1":2023,"sp":[[1,1,1,0,2023,2023]]}},{"type":"Feature","geometry":{"type":"Polygon","coordinates":[[[-152.90941,60.32103],[-152.91176,60.3197],[-152.91066,60.31817],[-152.90721,60.31799],[-152.90487,60.31932],[-152.90597,60.32085],[-152.90941,60.32103]]]},"properties":{"cell":"890c50c0b8bffff","res":9,"coarsened":false,"count":1,"hv":1,"mp":0,"y0":2023,"y1":2023,"sp":[[8,1,1,0,2023,2023]]}},{"type":"Feature","geometry":{"type":"Polygon","coordinates":[[[-152.96641,60.37244],[-152.96876,60.3711],[-152.96766,60.36957],[-152.96421,60.36939],[-152.96186,60.37073],[-152.96296,60.37225],[-152.96641,60.37244]]]},"properties":{"cell":"890c50c0063ffff","res":9,"coarsened":false,"count":1,"hv":1,"mp":0,"y0":2023,"y1":2023,"sp":[[20,1,1,0,2023,2023]]}},{"type":"Feature","geometry":{"type":"Polygon","coordinates":[[[-153.01122,60.45254],[-153.06839,60.43504],[-153.06927,60.4043],[-153.01311,60.39105],[-152.956,60.40852],[-152.95499,60.43926],[-153.01122,60.45254]]]},"properties":{"cell":"860c50c37ffffff","res":6,"coarsened":true,"count":1,"hv":1,"mp":0,"y0":2023,"y1":2023,"sp":[[0,1,1,0,2023,2023]]}},{"type":"Feature","geometry":{"type":"Polygon","coordinates":[[[-153.18077,59.85963],[-153.18306,59.85829],[-153.18197,59.85678],[-153.17858,59.85661],[-153.17628,59.85794],[-153.17737,59.85945],[-153.18077,59.85963]]]},"properties":{"cell":"890c507a203ffff","res":9,"coarsened":false,"count":1,"hv":1,"mp":0,"y0":2021,"y1":2021,"sp":[[46,1,1,0,2021,2021]]}},{"type":"Feature","geometry":{"type":"Polygon","coordinates":[[[-154.30544,60.20013],[-154.30771,60.19877],[-154.30654,60.19725],[-154.30308,60.1971],[-154.3008,60.19847],[-154.30198,60.19998],[-154.30544,60.20013]]]},"properties":{"cell":"890c5664e53ffff","res":9,"coarsened":false,"count":4,"hv":4,"mp":0,"y0":2024,"y1":2024,"sp":[[42,1,1,0,2024,2024],[48,1,1,0,2024,2024],[40,1,1,0,2024,2024],[15,1,1,0,2024,2024]]}},{"type":"Feature","geometry":{"type":"Polygon","coordinates":[[[-154.26173,60.20409],[-154.26401,60.20272],[-154.26284,60.20121],[-154.25938,60.20106],[-154.2571,60.20242],[-154.25827,60.20394],[-154.26173,60.20409]]]},"properties":{"cell":"890c5664c47ffff","res":9,"coarsened":false,"count":1,"hv":1,"mp":0,"y0":2024,"y1":2024,"sp":[[2,1,1,0,2024,2024]]}},{"type":"Feature","geometry":{"type":"Polygon","coordinates":[[[-154.22849,60.29043],[-154.23078,60.28907],[-154.2296,60.28755],[-154.22613,60.2874],[-154.22384,60.28876],[-154.22502,60.29028],[-154.22849,60.29043]]]},"properties":{"cell":"890c56665cfffff","res":9,"coarsened":false,"count":2,"hv":2,"mp":0,"y0":2024,"y1":2024,"sp":[[18,2,2,0,2024,2024]]}},{"type":"Feature","geometry":{"type":"Polygon","coordinates":[[[-154.56075,60.18019],[-154.56302,60.17882],[-154.56183,60.17731],[-154.55837,60.17717],[-154.5561,60.17854],[-154.55729,60.18005],[-154.56075,60.18019]]]},"properties":{"cell":"890c566c51bffff","res":9,"coarsened":false,"count":1,"hv":1,"mp":0,"y0":2024,"y1":2024,"sp":[[36,1,1,0,2024,2024]]}},{"type":"Feature","geometry":{"type":"Polygon","coordinates":[[[-154.32155,60.19936],[-154.32383,60.198],[-154.32265,60.19649],[-154.31919,60.19634],[-154.31691,60.1977],[-154.31809,60.19921],[-154.32155,60.19936]]]},"properties":{"cell":"890c5665d93ffff","res":9,"coarsened":false,"count":2,"hv":2,"mp":0,"y0":2024,"y1":2024,"sp":[[22,1,1,0,2024,2024],[2,1,1,0,2024,2024]]}},{"type":"Feature","geometry":{"type":"Polygon","coordinates":[[[-153.29026,60.67286],[-153.3478,60.65521],[-153.34836,60.62434],[-153.29152,60.61114],[-153.23405,60.62876],[-153.23336,60.65962],[-153.29026,60.67286]]]},"properties":{"cell":"860c56a0fffffff","res":6,"coarsened":true,"count":3,"hv":3,"mp":0,"y0":2024,"y1":2026,"sp":[[0,3,3,0,2024,2026]]}},{"type":"Feature","geometry":{"type":"Polygon","coordinates":[[[-153.30504,60.57509],[-153.3074,60.57374],[-153.30626,60.57221],[-153.30278,60.57203],[-153.30042,60.57338],[-153.30156,60.57491],[-153.30504,60.57509]]]},"properties":{"cell":"890c56ae127ffff","res":9,"coarsened":false,"count":1,"hv":1,"mp":0,"y0":2024,"y1":2024,"sp":[[47,1,1,0,2024,2024]]}},{"type":"Feature","geometry":{"type":"Polygon","coordinates":[[[-153.82093,60.64757],[-153.82327,60.64621],[-153.8221,60.64469],[-153.81859,60.64452],[-153.81626,60.64588],[-153.81742,60.64741],[-153.82093,60.64757]]]},"properties":{"cell":"890c5614b0bffff","res":9,"coarsened":false,"count":7,"hv":7,"mp":0,"y0":2024,"y1":2024,"sp":[[20,3,3,0,2024,2024],[39,1,1,0,2024,2024],[47,1,1,0,2024,2024],[51,1,1,0,2024,2024],[53,1,1,0,2024,2024]]}},{"type":"Feature","geometry":{"type":"Polygon","coordinates":[[[-154.31825,60.208],[-154.32053,60.20663],[-154.31935,60.20512],[-154.31589,60.20497],[-154.31361,60.20633],[-154.31479,60.20785],[-154.31825,60.208]]]},"properties":{"cell":"890c5664307ffff","res":9,"coarsened":false,"count":1,"hv":1,"mp":0,"y0":2024,"y1":2024,"sp":[[49,1,1,0,2024,2024]]}},{"type":"Feature","geometry":{"type":"Polygon","coordinates":[[[-153.91093,60.63709],[-153.91327,60.63573],[-153.91209,60.6342],[-153.90859,60.63404],[-153.90625,60.6354],[-153.90743,60.63693],[-153.91093,60.63709]]]},"properties":{"cell":"890c56066cbffff","res":9,"coarsened":false,"count":1,"hv":1,"mp":0,"y0":2024,"y1":2024,"sp":[[2,1,1,0,2024,2024]]}},{"type":"Feature","geometry":{"type":"Polygon","coordinates":[[[-153.8876,60.65513],[-153.88993,60.65377],[-153.88876,60.65224],[-153.88525,60.65208],[-153.88291,60.65344],[-153.88409,60.65496],[-153.8876,60.65513]]]},"properties":{"cell":"890c5615913ffff","res":9,"coarsened":false,"count":1,"hv":1,"mp":0,"y0":2024,"y1":2024,"sp":[[52,1,1,0,2024,2024]]}},{"type":"Feature","geometry":{"type":"Polygon","coordinates":[[[-152.8828,60.35767],[-152.88515,60.35633],[-152.88406,60.35481],[-152.88061,60.35462],[-152.87826,60.35596],[-152.87935,60.35748],[-152.8828,60.35767]]]},"properties":{"cell":"890c50c0cbbffff","res":9,"coarsened":false,"count":1,"hv":1,"mp":0,"y0":2024,"y1":2024,"sp":[[20,1,1,0,2024,2024]]}},{"type":"Feature","geometry":{"type":"Polygon","coordinates":[[[-152.84471,60.35999],[-152.84707,60.35865],[-152.84597,60.35713],[-152.84252,60.35694],[-152.84017,60.35828],[-152.84127,60.3598],[-152.84471,60.35999]]]},"properties":{"cell":"890c50c2b33ffff","res":9,"coarsened":false,"count":1,"hv":1,"mp":0,"y0":2024,"y1":2024,"sp":[[1,1,1,0,2024,2024]]}},{"type":"Feature","geometry":{"type":"Polygon","coordinates":[[[-152.85506,60.36055],[-152.85741,60.35922],[-152.85631,60.35769],[-152.85287,60.35751],[-152.85051,60.35884],[-152.85161,60.36037],[-152.85506,60.36055]]]},"properties":{"cell":"890c50c2b0fffff","res":9,"coarsened":false,"count":1,"hv":1,"mp":0,"y0":2024,"y1":2024,"sp":[[40,1,1,0,2024,2024]]}},{"type":"Feature","geometry":{"type":"Polygon","coordinates":[[[-152.90929,60.35764],[-152.91164,60.3563],[-152.91054,60.35478],[-152.9071,60.35459],[-152.90475,60.35593],[-152.90584,60.35745],[-152.90929,60.35764]]]},"properties":{"cell":"890c50c0c53ffff","res":9,"coarsened":false,"count":3,"hv":3,"mp":0,"y0":2024,"y1":2024,"sp":[[1,2,2,0,2024,2024],[40,1,1,0,2024,2024]]}},{"type":"Feature","geometry":{"type":"Polygon","coordinates":[[[-152.87324,60.3674],[-152.87559,60.36607],[-152.87449,60.36454],[-152.87104,60.36436],[-152.86869,60.36569],[-152.86979,60.36722],[-152.87324,60.3674]]]},"properties":{"cell":"890c50c2a27ffff","res":9,"coarsened":false,"count":1,"hv":1,"mp":0,"y0":2024,"y1":2024,"sp":[[47,1,1,0,2024,2024]]}},{"type":"Feature","geometry":{"type":"Polygon","coordinates":[[[-153.88232,60.92171],[-153.88468,60.92034],[-153.8835,60.91881],[-153.87995,60.91864],[-153.87759,60.92001],[-153.87878,60.92154],[-153.88232,60.92171]]]},"properties":{"cell":"890c568a92fffff","res":9,"coarsened":false,"count":1,"hv":1,"mp":0,"y0":2024,"y1":2024,"sp":[[10,1,1,0,2024,2024]]}},{"type":"Feature","geometry":{"type":"Polygon","coordinates":[[[-154.01843,60.78492],[-154.02077,60.78355],[-154.01958,60.78202],[-154.01605,60.78186],[-154.01371,60.78323],[-154.0149,60.78476],[-154.01843,60.78492]]]},"properties":{"cell":"890c5612a2bffff","res":9,"coarsened":false,"count":1,"hv":1,"mp":0,"y0":2024,"y1":2024,"sp":[[7,1,1,0,2024,2024]]}},{"type":"Feature","geometry":{"type":"Polygon","coordinates":[[[-154.01486,60.78033],[-154.01721,60.77897],[-154.01602,60.77744],[-154.01249,60.77728],[-154.01015,60.77864],[-154.01133,60.78017],[-154.01486,60.78033]]]},"properties":{"cell":"890c5610c97ffff","res":9,"coarsened":false,"count":1,"hv":1,"mp":0,"y0":2024,"y1":2024,"sp":[[6,1,1,0,2024,2024]]}},{"type":"Feature","geometry":{"type":"Polygon","coordinates":[[[-153.7369,60.95909],[-153.73927,60.95772],[-153.73809,60.95619],[-153.73454,60.95602],[-153.73217,60.95738],[-153.73335,60.95892],[-153.7369,60.95909]]]},"properties":{"cell":"890c5680e7bffff","res":9,"coarsened":false,"count":1,"hv":1,"mp":0,"y0":2024,"y1":2024,"sp":[[55,1,1,0,2024,2024]]}},{"type":"Feature","geometry":{"type":"Polygon","coordinates":[[[-153.64485,60.93245],[-153.64723,60.93109],[-153.64605,60.92955],[-153.64251,60.92938],[-153.64014,60.93074],[-153.64131,60.93228],[-153.64485,60.93245]]]},"properties":{"cell":"890c5680927ffff","res":9,"coarsened":false,"count":1,"hv":1,"mp":0,"y0":2024,"y1":2024,"sp":[[16,1,1,0,2024,2024]]}},{"type":"Feature","geometry":{"type":"Polygon","coordinates":[[[-153.84217,60.95379],[-153.84454,60.95242],[-153.84335,60.95089],[-153.8398,60.95072],[-153.83744,60.95208],[-153.83862,60.95362],[-153.84217,60.95379]]]},"properties":{"cell":"890c5681e77ffff","res":9,"coarsened":false,"count":1,"hv":1,"mp":0,"y0":2024,"y1":2024,"sp":[[46,1,1,0,2024,2024]]}},{"type":"Feature","geometry":{"type":"Polygon","coordinates":[[[-153.63182,60.93772],[-153.6898,60.91987],[-153.68996,60.88888],[-153.63228,60.87573],[-153.57438,60.89354],[-153.57408,60.92453],[-153.63182,60.93772]]]},"properties":{"cell":"860c56857ffffff","res":6,"coarsened":true,"count":1,"hv":1,"mp":0,"y0":2024,"y1":2024,"sp":[[0,1,1,0,2024,2024]]}},{"type":"Feature","geometry":{"type":"Polygon","coordinates":[[[-153.63072,60.92733],[-153.63309,60.92597],[-153.63192,60.92443],[-153.62838,60.92426],[-153.62601,60.92562],[-153.62718,60.92715],[-153.63072,60.92733]]]},"properties":{"cell":"890c568540bffff","res":9,"coarsened":false,"count":1,"hv":1,"mp":0,"y0":2024,"y1":2024,"sp":[[56,1,1,0,2024,2024]]}},{"type":"Feature","geometry":{"type":"Polygon","coordinates":[[[-153.68257,60.94611],[-153.68494,60.94475],[-153.68377,60.94321],[-153.68023,60.94304],[-153.67786,60.9444],[-153.67903,60.94594],[-153.68257,60.94611]]]},"properties":{"cell":"890c5680823ffff","res":9,"coarsened":false,"count":1,"hv":1,"mp":0,"y0":2024,"y1":2024,"sp":[[57,1,1,0,2024,2024]]}},{"type":"Feature","geometry":{"type":"Polygon","coordinates":[[[-153.68018,60.9519],[-153.68255,60.95054],[-153.68138,60.94901],[-153.67783,60.94883],[-153.67546,60.9502],[-153.67663,60.95173],[-153.68018,60.9519]]]},"properties":{"cell":"890c56808abffff","res":9,"coarsened":false,"count":1,"hv":1,"mp":0,"y0":2024,"y1":2024,"sp":[[47,1,1,0,2024,2024]]}},{"type":"Feature","geometry":{"type":"Polygon","coordinates":[[[-154.32619,60.20102],[-154.32847,60.19966],[-154.32729,60.19815],[-154.32383,60.198],[-154.32155,60.19936],[-154.32273,60.20088],[-154.32619,60.20102]]]},"properties":{"cell":"890c5664367ffff","res":9,"coarsened":false,"count":13,"hv":13,"mp":0,"y0":2025,"y1":2026,"sp":[[44,3,3,0,2026,2026],[24,3,3,0,2026,2026],[58,3,3,0,2026,2026],[1,2,2,0,2026,2026],[47,1,1,0,2025,2025],[25,1,1,0,2026,2026]]}},{"type":"Feature","geometry":{"type":"Polygon","coordinates":[[[-153.83249,60.15695],[-153.83478,60.15559],[-153.83364,60.15408],[-153.83019,60.15392],[-153.8279,60.15527],[-153.82905,60.15678],[-153.83249,60.15695]]]},"properties":{"cell":"890c562dd6fffff","res":9,"coarsened":false,"count":1,"hv":1,"mp":0,"y0":2023,"y1":2023,"sp":[[32,1,1,0,2023,2023]]}},{"type":"Feature","geometry":{"type":"Polygon","coordinates":[[[-152.63753,60.23144],[-152.63988,60.23011],[-152.6388,60.22859],[-152.63538,60.2284],[-152.63303,60.22973],[-152.6341,60.23125],[-152.63753,60.23144]]]},"properties":{"cell":"890c50c4927ffff","res":9,"coarsened":false,"count":1,"hv":1,"mp":0,"y0":2025,"y1":2025,"sp":[[28,1,1,0,2025,2025]]}},{"type":"Feature","geometry":{"type":"Polygon","coordinates":[[[-154.03505,60.36529],[-154.03736,60.36393],[-154.03619,60.36241],[-154.03271,60.36225],[-154.03041,60.36362],[-154.03158,60.36513],[-154.03505,60.36529]]]},"properties":{"cell":"890c5639b8fffff","res":9,"coarsened":false,"count":1,"hv":1,"mp":0,"y0":2025,"y1":2025,"sp":[[2,1,1,0,2025,2025]]}},{"type":"Feature","geometry":{"type":"Polygon","coordinates":[[[-154.26946,60.18395],[-154.27174,60.18259],[-154.27056,60.18108],[-154.26711,60.18093],[-154.26483,60.18229],[-154.266,60.1838],[-154.26946,60.18395]]]},"properties":{"cell":"890c5664847ffff","res":9,"coarsened":false,"count":2,"hv":2,"mp":0,"y0":2024,"y1":2024,"sp":[[14,2,2,0,2024,2024]]}},{"type":"Feature","geometry":{"type":"Polygon","coordinates":[[[-152.63705,59.96144],[-152.69332,59.94418],[-152.69461,59.91368],[-152.63976,59.90045],[-152.58355,59.91768],[-152.58213,59.94817],[-152.63705,59.96144]]]},"properties":{"cell":"860c500c7ffffff","res":6,"coarsened":true,"count":1,"hv":1,"mp":0,"y0":2025,"y1":2025,"sp":[[0,1,1,0,2025,2025]]}},{"type":"Feature","geometry":{"type":"Polygon","coordinates":[[[-152.79155,60.27656],[-152.84844,60.25919],[-152.84956,60.22854],[-152.79394,60.21526],[-152.73712,60.2326],[-152.73587,60.26325],[-152.79155,60.27656]]]},"properties":{"cell":"860c50c5fffffff","res":6,"coarsened":true,"count":1,"hv":1,"mp":0,"y0":2025,"y1":2025,"sp":[[0,1,1,0,2025,2025]]}},{"type":"Feature","geometry":{"type":"Polygon","coordinates":[[[-153.30522,60.62508],[-153.30758,60.62373],[-153.30644,60.6222],[-153.30295,60.62202],[-153.30059,60.62337],[-153.30173,60.6249],[-153.30522,60.62508]]]},"properties":{"cell":"890c56a0b1bffff","res":9,"coarsened":false,"count":4,"hv":4,"mp":0,"y0":2025,"y1":2026,"sp":[[40,1,1,0,2025,2025],[52,1,1,0,2026,2026],[10,1,1,0,2026,2026],[47,1,1,0,2026,2026]]}},{"type":"Feature","geometry":{"type":"Polygon","coordinates":[[[-154.23172,60.19985],[-154.234,60.19849],[-154.23283,60.19698],[-154.22937,60.19683],[-154.22709,60.19819],[-154.22826,60.1997],[-154.23172,60.19985]]]},"properties":{"cell":"890c5664dcbffff","res":9,"coarsened":false,"count":1,"hv":1,"mp":0,"y0":2025,"y1":2025,"sp":[[52,1,1,0,2025,2025]]}},{"type":"Feature","geometry":{"type":"Polygon","coordinates":[[[-152.81697,60.36287],[-152.81932,60.36153],[-152.81823,60.36001],[-152.81478,60.35982],[-152.81243,60.36115],[-152.81352,60.36268],[-152.81697,60.36287]]]},"properties":{"cell":"890c50c2967ffff","res":9,"coarsened":false,"count":1,"hv":1,"mp":0,"y0":2019,"y1":2019,"sp":[[47,1,1,0,2019,2019]]}},{"type":"Feature","geometry":{"type":"Polygon","coordinates":[[[-152.9709,59.94906],[-153.02702,59.93165],[-153.02793,59.90113],[-152.97285,59.88803],[-152.91681,59.90541],[-152.91577,59.93592],[-152.9709,59.94906]]]},"properties":{"cell":"860c50737ffffff","res":6,"coarsened":true,"count":1,"hv":1,"mp":0,"y0":2023,"y1":2023,"sp":[[0,1,1,0,2023,2023]]}},{"type":"Feature","geometry":{"type":"Polygon","coordinates":[[[-154.24873,60.18305],[-154.25101,60.18169],[-154.24983,60.18017],[-154.24638,60.18002],[-154.2441,60.18139],[-154.24527,60.1829],[-154.24873,60.18305]]]},"properties":{"cell":"890c5664833ffff","res":9,"coarsened":false,"count":1,"hv":1,"mp":0,"y0":2026,"y1":2026,"sp":[[1,1,1,0,2026,2026]]}},{"type":"Feature","geometry":{"type":"Polygon","coordinates":[[[-154.28799,60.1906],[-154.29027,60.18924],[-154.28909,60.18773],[-154.28564,60.18758],[-154.28336,60.18894],[-154.28454,60.19045],[-154.28799,60.1906]]]},"properties":{"cell":"890c5664e2bffff","res":9,"coarsened":false,"count":1,"hv":1,"mp":0,"y0":2026,"y1":2026,"sp":[[50,1,1,0,2026,2026]]}},{"type":"Feature","geometry":{"type":"Polygon","coordinates":[[[-153.92083,60.78629],[-153.97834,60.76833],[-153.97816,60.73738],[-153.9206,60.72439],[-153.86316,60.74232],[-153.8632,60.77327],[-153.92083,60.78629]]]},"properties":{"cell":"860c56177ffffff","res":6,"coarsened":true,"count":1,"hv":1,"mp":0,"y0":2021,"y1":2021,"sp":[[0,1,1,0,2021,2021]]}},{"type":"Feature","geometry":{"type":"Polygon","coordinates":[[[-153.93257,60.78389],[-153.93492,60.78253],[-153.93374,60.781],[-153.93021,60.78083],[-153.92787,60.7822],[-153.92905,60.78373],[-153.93257,60.78389]]]},"properties":{"cell":"890c5612937ffff","res":9,"coarsened":false,"count":1,"hv":1,"mp":0,"y0":2021,"y1":2021,"sp":[[32,1,1,0,2021,2021]]}},{"type":"Feature","geometry":{"type":"Polygon","coordinates":[[[-154.70452,60.20504],[-154.70678,60.20367],[-154.70557,60.20216],[-154.70211,60.20202],[-154.69984,60.20339],[-154.70105,60.2049],[-154.70452,60.20504]]]},"properties":{"cell":"890c566f257ffff","res":9,"coarsened":false,"count":1,"hv":1,"mp":0,"y0":2026,"y1":2026,"sp":[[61,1,1,0,2026,2026]]}},{"type":"Feature","geometry":{"type":"Polygon","coordinates":[[[-152.67893,60.28056],[-152.73587,60.26325],[-152.73712,60.2326],[-152.68157,60.21928],[-152.6247,60.23657],[-152.62332,60.26721],[-152.67893,60.28056]]]},"properties":{"cell":"860c50c4fffffff","res":6,"coarsened":true,"count":1,"hv":1,"mp":0,"y0":2026,"y1":2026,"sp":[[0,1,1,0,2026,2026]]}},{"type":"Feature","geometry":{"type":"Polygon","coordinates":[[[-153.91966,60.78919],[-153.92201,60.78782],[-153.92083,60.78629],[-153.9173,60.78613],[-153.91495,60.78749],[-153.91613,60.78902],[-153.91966,60.78919]]]},"properties":{"cell":"890c568da6bffff","res":9,"coarsened":false,"count":1,"hv":1,"mp":0,"y0":2021,"y1":2021,"sp":[[52,1,1,0,2021,2021]]}},{"type":"Feature","geometry":{"type":"Polygon","coordinates":[[[-152.78795,60.3686],[-152.84504,60.35122],[-152.84617,60.32053],[-152.79035,60.30722],[-152.73334,60.32457],[-152.73208,60.35526],[-152.78795,60.3686]]]},"properties":{"cell":"860c50c77ffffff","res":6,"coarsened":true,"count":1,"hv":1,"mp":0,"y0":2026,"y1":2026,"sp":[[12,1,1,0,2026,2026]]}},{"type":"Feature","geometry":{"type":"Polygon","coordinates":[[[-152.94071,60.38278],[-152.94306,60.38144],[-152.94196,60.37991],[-152.9385,60.37973],[-152.93615,60.38107],[-152.93725,60.38259],[-152.94071,60.38278]]]},"properties":{"cell":"890c50c00b3ffff","res":9,"coarsened":false,"count":1,"hv":1,"mp":0,"y0":2026,"y1":2026,"sp":[[1,1,1,0,2026,2026]]}},{"type":"Feature","geometry":{"type":"Polygon","coordinates":[[[-152.64927,59.99272],[-152.6516,59.99139],[-152.65053,59.98987],[-152.64714,59.98968],[-152.64481,59.99101],[-152.64588,59.99253],[-152.64927,59.99272]]]},"properties":{"cell":"890c500f59bffff","res":9,"coarsened":false,"count":1,"hv":1,"mp":0,"y0":2026,"y1":2026,"sp":[[59,1,1,0,2026,2026]]}},{"type":"Feature","geometry":{"type":"Polygon","coordinates":[[[-152.60733,60.0166],[-152.60966,60.01528],[-152.6086,60.01376],[-152.6052,60.01357],[-152.60287,60.01489],[-152.60393,60.01641],[-152.60733,60.0166]]]},"properties":{"cell":"890c50019c7ffff","res":9,"coarsened":false,"count":1,"hv":1,"mp":0,"y0":2026,"y1":2026,"sp":[[38,1,1,0,2026,2026]]}},{"type":"Feature","geometry":{"type":"Polygon","coordinates":[[[-152.60287,60.01489],[-152.6052,60.01357],[-152.60413,60.01205],[-152.60074,60.01186],[-152.5984,60.01319],[-152.59947,60.0147],[-152.60287,60.01489]]]},"properties":{"cell":"890c5001913ffff","res":9,"coarsened":false,"count":1,"hv":1,"mp":0,"y0":2026,"y1":2026,"sp":[[46,1,1,0,2026,2026]]}},{"type":"Feature","geometry":{"type":"Polygon","coordinates":[[[-152.6118,60.01831],[-152.61413,60.01698],[-152.61306,60.01547],[-152.60966,60.01528],[-152.60733,60.0166],[-152.6084,60.01812],[-152.6118,60.01831]]]},"properties":{"cell":"890c50019c3ffff","res":9,"coarsened":false,"count":1,"hv":1,"mp":0,"y0":2026,"y1":2026,"sp":[[59,1,1,0,2026,2026]]}},{"type":"Feature","geometry":{"type":"Polygon","coordinates":[[[-152.66518,59.99215],[-152.66751,59.99082],[-152.66644,59.9893],[-152.66305,59.98911],[-152.66072,59.99044],[-152.66179,59.99196],[-152.66518,59.99215]]]},"properties":{"cell":"890c500f5dbffff","res":9,"coarsened":false,"count":1,"hv":1,"mp":0,"y0":2026,"y1":2026,"sp":[[2,1,1,0,2026,2026]]}},{"type":"Feature","geometry":{"type":"Polygon","coordinates":[[[-153.57356,60.8566],[-153.57593,60.85525],[-153.57476,60.85371],[-153.57123,60.85354],[-153.56887,60.8549],[-153.57003,60.85643],[-153.57356,60.8566]]]},"properties":{"cell":"890c568582bffff","res":9,"coarsened":false,"count":1,"hv":1,"mp":0,"y0":2016,"y1":2016,"sp":[[69,1,1,0,2016,2016]]}},{"type":"Feature","geometry":{"type":"Polygon","coordinates":[[[-152.5839,60.08091],[-152.58624,60.07958],[-152.58517,60.07806],[-152.58176,60.07787],[-152.57943,60.0792],[-152.58049,60.08072],[-152.5839,60.08091]]]},"properties":{"cell":"890c50000d3ffff","res":9,"coarsened":false,"count":15,"hv":15,"mp":0,"y0":null,"y1":null,"sp":[[78,7,7,0,null,null],[45,5,5,0,null,null],[70,3,3,0,null,null]]}},{"type":"Feature","geometry":{"type":"Polygon","coordinates":[[[-152.57881,60.09229],[-152.58115,60.09097],[-152.58009,60.08945],[-152.57668,60.08926],[-152.57434,60.09058],[-152.57541,60.0921],[-152.57881,60.09229]]]},"properties":{"cell":"890c5000457ffff","res":9,"coarsened":false,"count":15,"hv":15,"mp":0,"y0":null,"y1":null,"sp":[[70,6,6,0,null,null],[78,6,6,0,null,null],[45,3,3,0,null,null]]}},{"type":"Feature","geometry":{"type":"Polygon","coordinates":[[[-152.63899,60.12195],[-152.64133,60.12062],[-152.64026,60.1191],[-152.63685,60.11891],[-152.63451,60.12024],[-152.63558,60.12176],[-152.63899,60.12195]]]},"properties":{"cell":"890c50030c3ffff","res":9,"coarsened":false,"count":2,"hv":2,"mp":0,"y0":null,"y1":null,"sp":[[70,1,1,0,null,null],[45,1,1,0,null,null]]}},{"type":"Feature","geometry":{"type":"Polygon","coordinates":[[[-152.56154,60.07235],[-152.56388,60.07103],[-152.56281,60.06951],[-152.55941,60.06931],[-152.55707,60.07064],[-152.55814,60.07216],[-152.56154,60.07235]]]},"properties":{"cell":"890c50000a3ffff","res":9,"coarsened":false,"count":8,"hv":8,"mp":0,"y0":null,"y1":null,"sp":[[70,5,5,0,null,null],[45,1,1,0,null,null],[1,1,1,0,null,null],[37,1,1,0,null,null]]}},{"type":"Feature","geometry":{"type":"Polygon","coordinates":[[[-152.56089,60.0621],[-152.56323,60.06078],[-152.56216,60.05926],[-152.55876,60.05907],[-152.55642,60.06039],[-152.55749,60.06191],[-152.56089,60.0621]]]},"properties":{"cell":"890c5000153ffff","res":9,"coarsened":false,"count":2,"hv":2,"mp":0,"y0":null,"y1":null,"sp":[[70,1,1,0,null,null],[45,1,1,0,null,null]]}},{"type":"Feature","geometry":{"type":"Polygon","coordinates":[[[-152.5711,60.06268],[-152.57344,60.06135],[-152.57237,60.05984],[-152.56897,60.05964],[-152.56663,60.06097],[-152.5677,60.06249],[-152.5711,60.06268]]]},"properties":{"cell":"890c500002fffff","res":9,"coarsened":false,"count":9,"hv":9,"mp":0,"y0":null,"y1":null,"sp":[[45,5,5,0,null,null],[70,2,2,0,null,null],[78,1,1,0,null,null],[83,1,1,0,null,null]]}},{"type":"Feature","geometry":{"type":"Polygon","coordinates":[[[-152.54184,60.22165],[-152.54419,60.22033],[-152.54312,60.2188],[-152.5397,60.21861],[-152.53735,60.21994],[-152.53842,60.22146],[-152.54184,60.22165]]]},"properties":{"cell":"890c5010607ffff","res":9,"coarsened":false,"count":14,"hv":14,"mp":0,"y0":null,"y1":null,"sp":[[78,10,10,0,null,null],[45,3,3,0,null,null],[70,1,1,0,null,null]]}},{"type":"Feature","geometry":{"type":"Polygon","coordinates":[[[-152.57044,60.05243],[-152.57278,60.05111],[-152.57171,60.04959],[-152.56831,60.0494],[-152.56598,60.05072],[-152.56704,60.05224],[-152.57044,60.05243]]]},"properties":{"cell":"890c50003a3ffff","res":9,"coarsened":false,"count":7,"hv":7,"mp":0,"y0":null,"y1":null,"sp":[[45,5,5,0,null,null],[70,2,2,0,null,null]]}},{"type":"Feature","geometry":{"type":"Polygon","coordinates":[[[-152.56794,60.08147],[-152.57028,60.08014],[-152.56921,60.07862],[-152.5658,60.07843],[-152.56347,60.07976],[-152.56453,60.08127],[-152.56794,60.08147]]]},"properties":{"cell":"890c5000093ffff","res":9,"coarsened":false,"count":8,"hv":8,"mp":0,"y0":null,"y1":null,"sp":[[70,5,5,0,null,null],[78,2,2,0,null,null],[37,1,1,0,null,null]]}},{"type":"Feature","geometry":{"type":"Polygon","coordinates":[[[-152.6642,60.17155],[-152.66654,60.17022],[-152.66547,60.1687],[-152.66205,60.16851],[-152.6597,60.16984],[-152.66078,60.17136],[-152.6642,60.17155]]]},"properties":{"cell":"890c501ac27ffff","res":9,"coarsened":false,"count":10,"hv":10,"mp":0,"y0":null,"y1":null,"sp":[[80,4,4,0,null,null],[45,3,3,0,null,null],[70,1,1,0,null,null],[77,1,1,0,null,null],[83,1,1,0,null,null]]}},{"type":"Feature","geometry":{"type":"Polygon","coordinates":[[[-152.66351,60.16128],[-152.66585,60.15995],[-152.66477,60.15843],[-152.66135,60.15824],[-152.65901,60.15957],[-152.66009,60.16109],[-152.66351,60.16128]]]},"properties":{"cell":"890c501a8b7ffff","res":9,"coarsened":false,"count":17,"hv":17,"mp":0,"y0":null,"y1":null,"sp":[[37,4,4,0,null,null],[45,3,3,0,null,null],[83,3,3,0,null,null],[76,3,3,0,null,null],[80,2,2,0,null,null],[70,1,1,0,null,null],[77,1,1,0,null,null]]}},{"type":"Feature","geometry":{"type":"Polygon","coordinates":[[[-152.23569,59.95006],[-152.23803,59.94874],[-152.23699,59.94722],[-152.23361,59.94702],[-152.23126,59.94834],[-152.23231,59.94986],[-152.23569,59.95006]]]},"properties":{"cell":"890c503366fffff","res":9,"coarsened":false,"count":2,"hv":2,"mp":0,"y0":2004,"y1":2004,"sp":[[71,2,2,0,2004,2004]]}},{"type":"Feature","geometry":{"type":"Polygon","coordinates":[[[-152.87505,59.8697],[-152.87736,59.86837],[-152.87628,59.86686],[-152.87289,59.86668],[-152.87059,59.86801],[-152.87166,59.86952],[-152.87505,59.8697]]]},"properties":{"cell":"890c5070187ffff","res":9,"coarsened":false,"count":1,"hv":1,"mp":0,"y0":2004,"y1":2004,"sp":[[70,1,1,0,2004,2004]]}},{"type":"Feature","geometry":{"type":"Polygon","coordinates":[[[-152.92216,59.88096],[-152.92447,59.87963],[-152.92339,59.87812],[-152.92,59.87794],[-152.91769,59.87927],[-152.91877,59.88078],[-152.92216,59.88096]]]},"properties":{"cell":"890c50700c7ffff","res":9,"coarsened":false,"count":1,"hv":1,"mp":0,"y0":2004,"y1":2004,"sp":[[70,1,1,0,2004,2004]]}},{"type":"Feature","geometry":{"type":"Polygon","coordinates":[[[-152.85502,59.8919],[-152.85733,59.89057],[-152.85626,59.88905],[-152.85287,59.88887],[-152.85056,59.8902],[-152.85164,59.89172],[-152.85502,59.8919]]]},"properties":{"cell":"890c5072e43ffff","res":9,"coarsened":false,"count":1,"hv":1,"mp":0,"y0":2004,"y1":2004,"sp":[[70,1,1,0,2004,2004]]}},{"type":"Feature","geometry":{"type":"Polygon","coordinates":[[[-152.43823,59.92835],[-152.44056,59.92703],[-152.43951,59.92551],[-152.43613,59.92532],[-152.4338,59.92664],[-152.43485,59.92816],[-152.43823,59.92835]]]},"properties":{"cell":"890c5005bdbffff","res":9,"coarsened":false,"count":1,"hv":1,"mp":0,"y0":1991,"y1":1991,"sp":[[72,1,1,0,1991,1991]]}},{"type":"Feature","geometry":{"type":"Polygon","coordinates":[[[-152.20219,60.40977],[-152.20458,60.40844],[-152.20352,60.40691],[-152.20008,60.40671],[-152.1977,60.40803],[-152.19875,60.40956],[-152.20219,60.40977]]]},"properties":{"cell":"890c5080667ffff","res":9,"coarsened":false,"count":1,"hv":1,"mp":0,"y0":1991,"y1":1991,"sp":[[73,1,1,0,1991,1991]]}},{"type":"Feature","geometry":{"type":"Polygon","coordinates":[[[-152.39912,60.28074],[-152.40148,60.27942],[-152.40042,60.27789],[-152.39699,60.27769],[-152.39463,60.27902],[-152.39569,60.28054],[-152.39912,60.28074]]]},"properties":{"cell":"890c5088b23ffff","res":9,"coarsened":false,"count":1,"hv":1,"mp":0,"y0":1989,"y1":1989,"sp":[[74,1,1,0,1989,1989]]}},{"type":"Feature","geometry":{"type":"Polygon","coordinates":[[[-152.65374,59.99442],[-152.65606,59.9931],[-152.655,59.99158],[-152.6516,59.99139],[-152.64927,59.99272],[-152.65034,59.99423],[-152.65374,59.99442]]]},"properties":{"cell":"890c5001b6fffff","res":9,"coarsened":false,"count":1,"hv":1,"mp":0,"y0":2014,"y1":2014,"sp":[[75,1,1,0,2014,2014]]}},{"type":"Feature","geometry":{"type":"Polygon","coordinates":[[[-152.6012,60.10085],[-152.60354,60.09952],[-152.60247,60.098],[-152.59906,60.09781],[-152.59672,60.09914],[-152.59779,60.10066],[-152.6012,60.10085]]]},"properties":{"cell":"890c500310fffff","res":9,"coarsened":false,"count":5,"hv":5,"mp":0,"y0":null,"y1":null,"sp":[[45,2,2,0,null,null],[76,1,1,0,null,null],[44,1,1,0,null,null],[77,1,1,0,null,null]]}},{"type":"Feature","geometry":{"type":"Polygon","coordinates":[[[-152.64992,60.13278],[-152.65226,60.13145],[-152.65119,60.12993],[-152.64777,60.12974],[-152.64543,60.13107],[-152.6465,60.13259],[-152.64992,60.13278]]]},"properties":{"cell":"890c5003687ffff","res":9,"coarsened":false,"count":13,"hv":13,"mp":0,"y0":null,"y1":null,"sp":[[45,3,3,0,null,null],[44,2,2,0,null,null],[117,2,2,0,null,null],[62,2,2,0,null,null],[90,2,2,0,null,null],[78,1,1,0,null,null],[37,1,1,0,null,null]]}},{"type":"Feature","geometry":{"type":"Polygon","coordinates":[[[-153.08114,59.86173],[-153.08344,59.8604],[-153.08235,59.85889],[-153.07896,59.85871],[-153.07666,59.86004],[-153.07775,59.86155],[-153.08114,59.86173]]]},"properties":{"cell":"890c5071247ffff","res":9,"coarsened":false,"count":7,"hv":7,"mp":0,"y0":null,"y1":null,"sp":[[77,3,3,0,null,null],[76,2,2,0,null,null],[37,2,2,0,null,null]]}},{"type":"Feature","geometry":{"type":"Polygon","coordinates":[[[-152.66281,60.15102],[-152.66515,60.14969],[-152.66408,60.14817],[-152.66066,60.14798],[-152.65832,60.14931],[-152.6594,60.15083],[-152.66281,60.15102]]]},"properties":{"cell":"890c501a9cfffff","res":9,"coarsened":false,"count":6,"hv":6,"mp":0,"y0":null,"y1":null,"sp":[[45,5,5,0,null,null],[83,1,1,0,null,null]]}},{"type":"Feature","geometry":{"type":"Polygon","coordinates":[[[-152.63968,60.13221],[-152.64202,60.13088],[-152.64094,60.12936],[-152.63753,60.12917],[-152.63519,60.13049],[-152.63626,60.13201],[-152.63968,60.13221]]]},"properties":{"cell":"890c500344fffff","res":9,"coarsened":false,"count":9,"hv":9,"mp":0,"y0":null,"y1":null,"sp":[[45,5,5,0,null,null],[83,3,3,0,null,null],[81,1,1,0,null,null]]}},{"type":"Feature","geometry":{"type":"Polygon","coordinates":[[[-152.51231,60.24044],[-152.56923,60.22321],[-152.57067,60.19259],[-152.51533,60.17922],[-152.45848,60.19643],[-152.45691,60.22704],[-152.51231,60.24044]]]},"properties":{"cell":"860c50107ffffff","res":6,"coarsened":true,"count":4,"hv":4,"mp":0,"y0":null,"y1":null,"sp":[[12,4,4,0,null,null]]}},{"type":"Feature","geometry":{"type":"Polygon","coordinates":[[[-153.03075,59.88236],[-153.03306,59.88103],[-153.03197,59.87952],[-153.02858,59.87934],[-153.02628,59.88067],[-153.02736,59.88218],[-153.03075,59.88236]]]},"properties":{"cell":"890c507146fffff","res":9,"coarsened":false,"count":10,"hv":10,"mp":0,"y0":null,"y1":null,"sp":[[37,7,7,0,null,null],[84,2,2,0,null,null],[79,1,1,0,null,null]]}},{"type":"Feature","geometry":{"type":"Polygon","coordinates":[[[-152.66996,60.17041],[-152.67231,60.16908],[-152.67123,60.16756],[-152.66781,60.16737],[-152.66547,60.1687],[-152.66654,60.17022],[-152.66996,60.17041]]]},"properties":{"cell":"890c501ac2fffff","res":9,"coarsened":false,"count":7,"hv":7,"mp":0,"y0":null,"y1":null,"sp":[[37,3,3,0,null,null],[83,2,2,0,null,null],[80,1,1,0,null,null],[45,1,1,0,null,null]]}},{"type":"Feature","geometry":{"type":"Polygon","coordinates":[[[-152.59097,60.10028],[-152.59331,60.09895],[-152.59224,60.09743],[-152.58883,60.09724],[-152.58649,60.09856],[-152.58756,60.10008],[-152.59097,60.10028]]]},"properties":{"cell":"890c5003133ffff","res":9,"coarsened":false,"count":2,"hv":2,"mp":0,"y0":null,"y1":null,"sp":[[45,1,1,0,null,null],[37,1,1,0,null,null]]}},{"type":"Feature","geometry":{"type":"Polygon","coordinates":[[[-152.56238,60.22282],[-152.56473,60.22149],[-152.56366,60.21997],[-152.56024,60.21977],[-152.55788,60.2211],[-152.55896,60.22263],[-152.56238,60.22282]]]},"properties":{"cell":"890c5010643ffff","res":9,"coarsened":false,"count":5,"hv":5,"mp":0,"y0":null,"y1":null,"sp":[[78,5,5,0,null,null]]}},{"type":"Feature","geometry":{"type":"Polygon","coordinates":[[[-152.55211,60.22224],[-152.55446,60.22091],[-152.55339,60.21939],[-152.54997,60.21919],[-152.54762,60.22052],[-152.54869,60.22204],[-152.55211,60.22224]]]},"properties":{"cell":"890c501060bffff","res":9,"coarsened":false,"count":10,"hv":10,"mp":0,"y0":null,"y1":null,"sp":[[78,6,6,0,null,null],[1,2,2,0,null,null],[83,1,1,0,null,null],[45,1,1,0,null,null]]}},{"type":"Feature","geometry":{"type":"Polygon","coordinates":[[[-152.68289,60.18866],[-152.73963,60.17135],[-152.74088,60.14075],[-152.68552,60.12746],[-152.62885,60.14474],[-152.62747,60.17534],[-152.68289,60.18866]]]},"properties":{"cell":"860c501afffffff","res":6,"coarsened":true,"count":2,"hv":2,"mp":0,"y0":null,"y1":null,"sp":[[12,2,2,0,null,null]]}},{"type":"Feature","geometry":{"type":"Polygon","coordinates":[[[-152.62233,60.11226],[-152.62467,60.11093],[-152.6236,60.10941],[-152.62019,60.10922],[-152.61785,60.11054],[-152.61892,60.11206],[-152.62233,60.11226]]]},"properties":{"cell":"890c5003033ffff","res":9,"coarsened":false,"count":4,"hv":4,"mp":0,"y0":null,"y1":null,"sp":[[45,3,3,0,null,null],[83,1,1,0,null,null]]}},{"type":"Feature","geometry":{"type":"Polygon","coordinates":[[[-152.6121,60.11168],[-152.61444,60.11035],[-152.61337,60.10883],[-152.60996,60.10864],[-152.60762,60.10997],[-152.60869,60.11149],[-152.6121,60.11168]]]},"properties":{"cell":"890c50031dbffff","res":9,"coarsened":false,"count":4,"hv":4,"mp":0,"y0":null,"y1":null,"sp":[[45,3,3,0,null,null],[82,1,1,0,null,null]]}},{"type":"Feature","geometry":{"type":"Polygon","coordinates":[[[-152.60025,60.22057],[-152.6026,60.21924],[-152.60153,60.21772],[-152.5981,60.21753],[-152.59575,60.21886],[-152.59683,60.22038],[-152.60025,60.22057]]]},"properties":{"cell":"890c50115cbffff","res":9,"coarsened":false,"count":2,"hv":2,"mp":0,"y0":null,"y1":null,"sp":[[81,1,1,0,null,null],[37,1,1,0,null,null]]}},{"type":"Feature","geometry":{"type":"Polygon","coordinates":[[[-152.57175,60.07293],[-152.57409,60.0716],[-152.57303,60.07008],[-152.56962,60.06989],[-152.56728,60.07122],[-152.56835,60.07274],[-152.57175,60.07293]]]},"properties":{"cell":"890c5000017ffff","res":9,"coarsened":false,"count":3,"hv":3,"mp":0,"y0":null,"y1":null,"sp":[[78,1,1,0,null,null],[45,1,1,0,null,null],[37,1,1,0,null,null]]}},{"type":"Feature","geometry":{"type":"Polygon","coordinates":[[[-152.56816,60.22169],[-152.57051,60.22036],[-152.56943,60.21883],[-152.56601,60.21864],[-152.56366,60.21997],[-152.56473,60.22149],[-152.56816,60.22169]]]},"properties":{"cell":"890c501064bffff","res":9,"coarsened":false,"count":1,"hv":1,"mp":0,"y0":null,"y1":null,"sp":[[82,1,1,0,null,null]]}},{"type":"Feature","geometry":{"type":"Polygon","coordinates":[[[-152.53157,60.22107],[-152.53392,60.21974],[-152.53285,60.21822],[-152.52943,60.21803],[-152.52708,60.21935],[-152.52815,60.22088],[-152.53157,60.22107]]]},"properties":{"cell":"890c50106afffff","res":9,"coarsened":false,"count":1,"hv":1,"mp":0,"y0":null,"y1":null,"sp":[[78,1,1,0,null,null]]}},{"type":"Feature","geometry":{"type":"Polygon","coordinates":[[[-152.4615,60.27118],[-152.46386,60.26985],[-152.4628,60.26832],[-152.45937,60.26813],[-152.45701,60.26945],[-152.45808,60.27098],[-152.4615,60.27118]]]},"properties":{"cell":"890c501246bffff","res":9,"coarsened":false,"count":3,"hv":3,"mp":0,"y0":null,"y1":null,"sp":[[45,2,2,0,null,null],[78,1,1,0,null,null]]}},{"type":"Feature","geometry":{"type":"Polygon","coordinates":[[[-152.65187,60.14019],[-152.65421,60.13886],[-152.65314,60.13734],[-152.64973,60.13715],[-152.64739,60.13848],[-152.64846,60.14],[-152.65187,60.14019]]]},"properties":{"cell":"890c501a92bffff","res":9,"coarsened":false,"count":3,"hv":3,"mp":0,"y0":null,"y1":null,"sp":[[83,2,2,0,null,null],[45,1,1,0,null,null]]}},{"type":"Feature","geometry":{"type":"Polygon","coordinates":[[[-152.62012,60.21146],[-152.62247,60.21013],[-152.62139,60.20861],[-152.61797,60.20841],[-152.61562,60.20974],[-152.6167,60.21127],[-152.62012,60.21146]]]},"properties":{"cell":"890c501108fffff","res":9,"coarsened":false,"count":1,"hv":1,"mp":0,"y0":null,"y1":null,"sp":[[82,1,1,0,null,null]]}},{"type":"Feature","geometry":{"type":"Polygon","coordinates":[[[-152.59447,60.22171],[-152.59683,60.22038],[-152.59575,60.21886],[-152.59233,60.21867],[-152.58998,60.21999],[-152.59105,60.22152],[-152.59447,60.22171]]]},"properties":{"cell":"890c50115c3ffff","res":9,"coarsened":false,"count":1,"hv":1,"mp":0,"y0":null,"y1":null,"sp":[[37,1,1,0,null,null]]}},{"type":"Feature","geometry":{"type":"Polygon","coordinates":[[[-152.54249,60.23193],[-152.54484,60.2306],[-152.54377,60.22907],[-152.54035,60.22888],[-152.53799,60.23021],[-152.53906,60.23173],[-152.54249,60.23193]]]},"properties":{"cell":"890c501069bffff","res":9,"coarsened":false,"count":5,"hv":5,"mp":0,"y0":null,"y1":null,"sp":[[78,5,5,0,null,null]]}},{"type":"Feature","geometry":{"type":"Polygon","coordinates":[[[-152.52322,60.2513],[-152.52558,60.24998],[-152.52451,60.24845],[-152.52108,60.24826],[-152.51873,60.24958],[-152.5198,60.25111],[-152.52322,60.2513]]]},"properties":{"cell":"890c5013197ffff","res":9,"coarsened":false,"count":2,"hv":2,"mp":0,"y0":null,"y1":null,"sp":[[78,1,1,0,null,null],[76,1,1,0,null,null]]}},{"type":"Feature","geometry":{"type":"Polygon","coordinates":[[[-152.4094,60.28134],[-152.41176,60.28001],[-152.4107,60.27849],[-152.40727,60.27829],[-152.40491,60.27962],[-152.40597,60.28114],[-152.4094,60.28134]]]},"properties":{"cell":"890c5088b77ffff","res":9,"coarsened":false,"count":9,"hv":9,"mp":0,"y0":null,"y1":null,"sp":[[37,6,6,0,null,null],[45,3,3,0,null,null]]}},{"type":"Feature","geometry":{"type":"Polygon","coordinates":[[[-152.47179,60.27177],[-152.47415,60.27044],[-152.47308,60.26892],[-152.46965,60.26872],[-152.46729,60.27005],[-152.46836,60.27157],[-152.47179,60.27177]]]},"properties":{"cell":"890c50126a3ffff","res":9,"coarsened":false,"count":2,"hv":2,"mp":0,"y0":null,"y1":null,"sp":[[45,1,1,0,null,null],[79,1,1,0,null,null]]}},{"type":"Feature","geometry":{"type":"Polygon","coordinates":[[[-153.06165,59.87089],[-153.06395,59.86956],[-153.06286,59.86805],[-153.05947,59.86787],[-153.05717,59.8692],[-153.05826,59.87072],[-153.06165,59.87089]]]},"properties":{"cell":"890c5071283ffff","res":9,"coarsened":false,"count":7,"hv":7,"mp":0,"y0":null,"y1":null,"sp":[[37,3,3,0,null,null],[81,1,1,0,null,null],[80,1,1,0,null,null],[44,1,1,0,null,null],[77,1,1,0,null,null]]}},{"type":"Feature","geometry":{"type":"Polygon","coordinates":[[[-152.45374,60.28829],[-152.51079,60.27107],[-152.51231,60.24044],[-152.45691,60.22704],[-152.39993,60.24422],[-152.39829,60.27484],[-152.45374,60.28829]]]},"properties":{"cell":"860c50127ffffff","res":6,"coarsened":true,"count":2,"hv":2,"mp":0,"y0":null,"y1":null,"sp":[[12,2,2,0,null,null]]}},{"type":"Feature","geometry":{"type":"Polygon","coordinates":[[[-152.45122,60.27058],[-152.45358,60.26926],[-152.45252,60.26773],[-152.44909,60.26754],[-152.44673,60.26886],[-152.44779,60.27039],[-152.45122,60.27058]]]},"properties":{"cell":"890c5012467ffff","res":9,"coarsened":false,"count":1,"hv":1,"mp":0,"y0":null,"y1":null,"sp":[[78,1,1,0,null,null]]}},{"type":"Feature","geometry":{"type":"Polygon","coordinates":[[[-152.5033,60.26041],[-152.50566,60.25908],[-152.50459,60.25755],[-152.50116,60.25736],[-152.4988,60.25869],[-152.49987,60.26021],[-152.5033,60.26041]]]},"properties":{"cell":"890c50122d3ffff","res":9,"coarsened":false,"count":1,"hv":1,"mp":0,"y0":null,"y1":null,"sp":[[78,1,1,0,null,null]]}},{"type":"Feature","geometry":{"type":"Polygon","coordinates":[[[-152.45184,60.28086],[-152.4542,60.27953],[-152.45313,60.27801],[-152.4497,60.27781],[-152.44734,60.27914],[-152.44841,60.28066],[-152.45184,60.28086]]]},"properties":{"cell":"890c501241bffff","res":9,"coarsened":false,"count":3,"hv":3,"mp":0,"y0":null,"y1":null,"sp":[[45,1,1,0,null,null],[78,1,1,0,null,null],[76,1,1,0,null,null]]}},{"type":"Feature","geometry":{"type":"Polygon","coordinates":[[[-152.56172,60.21255],[-152.56408,60.21122],[-152.563,60.2097],[-152.55958,60.2095],[-152.55723,60.21083],[-152.5583,60.21236],[-152.56172,60.21255]]]},"properties":{"cell":"890c50102d3ffff","res":9,"coarsened":false,"count":1,"hv":1,"mp":0,"y0":null,"y1":null,"sp":[[78,1,1,0,null,null]]}},{"type":"Feature","geometry":{"type":"Polygon","coordinates":[[[-152.575,60.10083],[-152.63159,60.08359],[-152.63296,60.05303],[-152.57786,60.03973],[-152.52134,60.05695],[-152.51984,60.0875],[-152.575,60.10083]]]},"properties":{"cell":"860c50007ffffff","res":6,"coarsened":true,"count":4,"hv":4,"mp":0,"y0":null,"y1":null,"sp":[[12,4,4,0,null,null]]}},{"type":"Feature","geometry":{"type":"Polygon","coordinates":[[[-152.62876,60.12137],[-152.6311,60.12005],[-152.63003,60.11853],[-152.62661,60.11833],[-152.62427,60.11966],[-152.62534,60.12118],[-152.62876,60.12137]]]},"properties":{"cell":"890c500308bffff","res":9,"coarsened":false,"count":40,"hv":40,"mp":0,"y0":null,"y1":null,"sp":[[76,4,4,0,null,null],[95,4,4,0,null,null],[118,4,4,0,null,null],[173,3,3,0,null,null],[36,3,3,0,null,null],[13,3,3,0,null,null],[37,2,2,0,null,null],[77,2,2,0,null,null],[41,2,2,0,null,null],[141,2,2,0,null,null],[92,2,2,0,null,null],[108,2,2,0,null,null],[45,1,1,0,null,null],[38,1,1,0,null,null],[16,1,1,0,null,null],[134,1,1,0,null,null],[162,1,1,0,null,null],[51,1,1,0,null,null],[43,1,1,0,null,null]]}},{"type":"Feature","geometry":{"type":"Polygon","coordinates":[[[-152.53286,60.24161],[-152.53521,60.24029],[-152.53414,60.23876],[-152.53072,60.23857],[-152.52836,60.2399],[-152.52943,60.24142],[-152.53286,60.24161]]]},"properties":{"cell":"890c5013107ffff","res":9,"coarsened":false,"count":1,"hv":1,"mp":0,"y0":null,"y1":null,"sp":[[37,1,1,0,null,null]]}},{"type":"Feature","geometry":{"type":"Polygon","coordinates":[[[-152.48207,60.27236],[-152.48443,60.27103],[-152.48336,60.2695],[-152.47994,60.26931],[-152.47758,60.27064],[-152.47864,60.27216],[-152.48207,60.27236]]]},"properties":{"cell":"890c5012617ffff","res":9,"coarsened":false,"count":1,"hv":1,"mp":0,"y0":null,"y1":null,"sp":[[78,1,1,0,null,null]]}},{"type":"Feature","geometry":{"type":"Polygon","coordinates":[[[-152.38942,60.29042],[-152.39179,60.2891],[-152.39072,60.28757],[-152.3873,60.28737],[-152.38493,60.2887],[-152.386,60.29022],[-152.38942,60.29042]]]},"properties":{"cell":"890c5088bb3ffff","res":9,"coarsened":false,"count":1,"hv":1,"mp":0,"y0":null,"y1":null,"sp":[[45,1,1,0,null,null]]}},{"type":"Feature","geometry":{"type":"Polygon","coordinates":[[[-152.5335,60.25189],[-152.53586,60.25056],[-152.53479,60.24904],[-152.53136,60.24884],[-152.52901,60.25017],[-152.53008,60.25169],[-152.5335,60.25189]]]},"properties":{"cell":"890c501319bffff","res":9,"coarsened":false,"count":1,"hv":1,"mp":0,"y0":null,"y1":null,"sp":[[78,1,1,0,null,null]]}},{"type":"Feature","geometry":{"type":"Polygon","coordinates":[[[-153.05148,59.87036],[-153.05378,59.86903],[-153.05269,59.86751],[-153.0493,59.86734],[-153.047,59.86867],[-153.04809,59.87018],[-153.05148,59.87036]]]},"properties":{"cell":"890c507104bffff","res":9,"coarsened":false,"count":2,"hv":2,"mp":0,"y0":null,"y1":null,"sp":[[80,1,1,0,null,null],[37,1,1,0,null,null]]}},{"type":"Feature","geometry":{"type":"Polygon","coordinates":[[[-152.56632,60.28447],[-152.62332,60.26721],[-152.6247,60.23657],[-152.56923,60.22321],[-152.51231,60.24044],[-152.51079,60.27107],[-152.56632,60.28447]]]},"properties":{"cell":"860c50137ffffff","res":6,"coarsened":true,"count":2,"hv":2,"mp":0,"y0":null,"y1":null,"sp":[[12,2,2,0,null,null]]}},{"type":"Feature","geometry":{"type":"Polygon","coordinates":[[[-152.39971,60.29102],[-152.40207,60.28969],[-152.40101,60.28817],[-152.39758,60.28797],[-152.39522,60.2893],[-152.39628,60.29082],[-152.39971,60.29102]]]},"properties":{"cell":"890c5088b8fffff","res":9,"coarsened":false,"count":3,"hv":3,"mp":0,"y0":null,"y1":null,"sp":[[45,3,3,0,null,null]]}},{"type":"Feature","geometry":{"type":"Polygon","coordinates":[[[-152.41968,60.28193],[-152.42205,60.28061],[-152.42098,60.27908],[-152.41755,60.27888],[-152.41519,60.28021],[-152.41626,60.28174],[-152.41968,60.28193]]]},"properties":{"cell":"890c5088b7bffff","res":9,"coarsened":false,"count":3,"hv":3,"mp":0,"y0":null,"y1":null,"sp":[[45,3,3,0,null,null]]}},{"type":"Feature","geometry":{"type":"Polygon","coordinates":[[[-152.39001,60.3007],[-152.39238,60.29938],[-152.39131,60.29785],[-152.38789,60.29765],[-152.38552,60.29898],[-152.38658,60.3005],[-152.39001,60.3007]]]},"properties":{"cell":"890c5088823ffff","res":9,"coarsened":false,"count":1,"hv":1,"mp":0,"y0":null,"y1":null,"sp":[[45,1,1,0,null,null]]}},{"type":"Feature","geometry":{"type":"Polygon","coordinates":[[[-152.55146,60.21197],[-152.55381,60.21064],[-152.55274,60.20912],[-152.54932,60.20892],[-152.54697,60.21025],[-152.54804,60.21177],[-152.55146,60.21197]]]},"properties":{"cell":"890c501029bffff","res":9,"coarsened":false,"count":1,"hv":1,"mp":0,"y0":null,"y1":null,"sp":[[78,1,1,0,null,null]]}},{"type":"Feature","geometry":{"type":"Polygon","coordinates":[[[-152.58354,60.21086],[-152.58589,60.20953],[-152.58482,60.20801],[-152.58139,60.20782],[-152.57904,60.20914],[-152.58012,60.21067],[-152.58354,60.21086]]]},"properties":{"cell":"890c501153bffff","res":9,"coarsened":false,"count":1,"hv":1,"mp":0,"y0":null,"y1":null,"sp":[[81,1,1,0,null,null]]}},{"type":"Feature","geometry":{"type":"Polygon","coordinates":[[[-152.42997,60.28253],[-152.43233,60.2812],[-152.43126,60.27968],[-152.42784,60.27948],[-152.42547,60.28081],[-152.42654,60.28233],[-152.42997,60.28253]]]},"properties":{"cell":"890c50124b3ffff","res":9,"coarsened":false,"count":1,"hv":1,"mp":0,"y0":null,"y1":null,"sp":[[78,1,1,0,null,null]]}},{"type":"Feature","geometry":{"type":"Polygon","coordinates":[[[-152.55332,60.14925],[-152.55567,60.14792],[-152.5546,60.1464],[-152.55118,60.1462],[-152.54884,60.14753],[-152.54991,60.14905],[-152.55332,60.14925]]]},"properties":{"cell":"890c5011947ffff","res":9,"coarsened":false,"count":6,"hv":6,"mp":0,"y0":2007,"y1":2007,"sp":[[86,2,2,0,2007,2007],[78,1,1,0,2007,2007],[85,1,1,0,2007,2007],[5,1,1,0,2007,2007],[88,1,1,0,2007,2007]]}},{"type":"Feature","geometry":{"type":"Polygon","coordinates":[[[-152.91021,59.93271],[-152.91252,59.93138],[-152.91144,59.92987],[-152.90805,59.92968],[-152.90573,59.93102],[-152.90682,59.93253],[-152.91021,59.93271]]]},"properties":{"cell":"890c507264fffff","res":9,"coarsened":false,"count":8,"hv":8,"mp":0,"y0":null,"y1":null,"sp":[[3,3,3,0,null,null],[89,2,2,0,null,null],[92,2,2,0,null,null],[45,1,1,0,null,null]]}},{"type":"Feature","geometry":{"type":"Polygon","coordinates":[[[-152.90257,60.02263],[-152.90489,60.02129],[-152.90381,60.01978],[-152.9004,60.01959],[-152.89808,60.02093],[-152.89917,60.02244],[-152.90257,60.02263]]]},"properties":{"cell":"890c500867bffff","res":9,"coarsened":false,"count":4,"hv":4,"mp":0,"y0":null,"y1":null,"sp":[[8,2,2,0,null,null],[93,2,2,0,null,null]]}},{"type":"Feature","geometry":{"type":"Polygon","coordinates":[[[-152.89906,60.09099],[-152.90139,60.08965],[-152.9003,60.08814],[-152.89689,60.08795],[-152.89456,60.08929],[-152.89565,60.0908],[-152.89906,60.09099]]]},"properties":{"cell":"890c5019a67ffff","res":9,"coarsened":false,"count":12,"hv":12,"mp":0,"y0":null,"y1":null,"sp":[[5,3,3,0,null,null],[89,3,3,0,null,null],[91,2,2,0,null,null],[92,2,2,0,null,null],[3,1,1,0,null,null],[7,1,1,0,null,null]]}},{"type":"Feature","geometry":{"type":"Polygon","coordinates":[[[-152.88907,59.92139],[-152.89138,59.92005],[-152.8903,59.91854],[-152.88691,59.91836],[-152.8846,59.91969],[-152.88568,59.9212],[-152.88907,59.92139]]]},"properties":{"cell":"890c5072287ffff","res":9,"coarsened":false,"count":17,"hv":17,"mp":0,"y0":null,"y1":null,"sp":[[89,4,4,0,null,null],[92,3,3,0,null,null],[94,3,3,0,null,null],[95,2,2,0,null,null],[3,2,2,0,null,null],[90,1,1,0,null,null],[5,1,1,0,null,null],[45,1,1,0,null,null]]}},{"type":"Feature","geometry":{"type":"Polygon","coordinates":[[[-152.89098,60.06137],[-152.89331,60.06004],[-152.89222,60.05852],[-152.88881,60.05834],[-152.88649,60.05967],[-152.88757,60.06119],[-152.89098,60.06137]]]},"properties":{"cell":"890c500b0b7ffff","res":9,"coarsened":false,"count":24,"hv":24,"mp":0,"y0":null,"y1":null,"sp":[[91,5,5,0,null,null],[89,5,5,0,null,null],[92,4,4,0,null,null],[19,3,3,0,null,null],[5,3,3,0,null,null],[60,2,2,0,null,null],[7,1,1,0,null,null],[3,1,1,0,null,null]]}},{"type":"Feature","geometry":{"type":"Polygon","coordinates":[[[-152.89176,60.07163],[-152.89409,60.07029],[-152.893,60.06878],[-152.88959,60.06859],[-152.88726,60.06993],[-152.88835,60.07144],[-152.89176,60.07163]]]},"properties":{"cell":"890c500b427ffff","res":9,"coarsened":false,"count":17,"hv":17,"mp":0,"y0":null,"y1":null,"sp":[[19,3,3,0,null,null],[3,3,3,0,null,null],[92,2,2,0,null,null],[91,2,2,0,null,null],[89,2,2,0,null,null],[60,2,2,0,null,null],[5,1,1,0,null,null],[96,1,1,0,null,null],[97,1,1,0,null,null]]}},{"type":"Feature","geometry":{"type":"Polygon","coordinates":[[[-152.89038,60.11095],[-152.89271,60.10962],[-152.89162,60.1081],[-152.88821,60.10792],[-152.88588,60.10925],[-152.88696,60.11077],[-152.89038,60.11095]]]},"properties":{"cell":"890c5019e67ffff","res":9,"coarsened":false,"count":25,"hv":25,"mp":0,"y0":null,"y1":null,"sp":[[5,7,7,0,null,null],[89,4,4,0,null,null],[91,4,4,0,null,null],[3,3,3,0,null,null],[92,3,3,0,null,null],[87,2,2,0,null,null],[90,1,1,0,null,null],[8,1,1,0,null,null]]}},{"type":"Feature","geometry":{"type":"Polygon","coordinates":[[[-152.88259,59.9123],[-152.88491,59.91097],[-152.88383,59.90946],[-152.88044,59.90928],[-152.87812,59.91061],[-152.8792,59.91212],[-152.88259,59.9123]]]},"properties":{"cell":"890c50723dbffff","res":9,"coarsened":false,"count":14,"hv":14,"mp":0,"y0":null,"y1":null,"sp":[[92,5,5,0,null,null],[89,3,3,0,null,null],[3,3,3,0,null,null],[65,1,1,0,null,null],[22,1,1,0,null,null],[94,1,1,0,null,null]]}},{"type":"Feature","geometry":{"type":"Polygon","coordinates":[[[-152.87967,59.93107],[-152.88198,59.92974],[-152.8809,59.92822],[-152.87751,59.92804],[-152.87519,59.92937],[-152.87627,59.93089],[-152.87967,59.93107]]]},"properties":{"cell":"890c5072637ffff","res":9,"coarsened":false,"count":17,"hv":17,"mp":0,"y0":null,"y1":null,"sp":[[8,5,5,0,null,null],[89,4,4,0,null,null],[91,3,3,0,null,null],[5,3,3,0,null,null],[3,2,2,0,null,null]]}},{"type":"Feature","geometry":{"type":"Polygon","coordinates":[[[-152.91055,60.08869],[-152.96698,60.07129],[-152.96797,60.04071],[-152.91264,60.02754],[-152.85628,60.04491],[-152.85516,60.07548],[-152.91055,60.08869]]]},"properties":{"cell":"860c500b7ffffff","res":6,"coarsened":true,"count":1,"hv":1,"mp":0,"y0":null,"y1":null,"sp":[[12,1,1,0,null,null]]}},{"type":"Feature","geometry":{"type":"Polygon","coordinates":[[[-152.88013,60.1104],[-152.88246,60.10906],[-152.88137,60.10755],[-152.87796,60.10736],[-152.87563,60.1087],[-152.87672,60.11021],[-152.88013,60.1104]]]},"properties":{"cell":"890c5019e2fffff","res":9,"coarsened":false,"count":16,"hv":16,"mp":0,"y0":null,"y1":null,"sp":[[89,4,4,0,null,null],[5,3,3,0,null,null],[3,3,3,0,null,null],[92,2,2,0,null,null],[91,2,2,0,null,null],[19,1,1,0,null,null],[7,1,1,0,null,null]]}},{"type":"Feature","geometry":{"type":"Polygon","coordinates":[[[-152.87116,60.01073],[-152.87348,60.0094],[-152.8724,60.00788],[-152.86899,60.0077],[-152.86667,60.00903],[-152.86775,60.01054],[-152.87116,60.01073]]]},"properties":{"cell":"890c500807bffff","res":9,"coarsened":false,"count":12,"hv":12,"mp":0,"y0":null,"y1":null,"sp":[[5,5,5,0,null,null],[91,3,3,0,null,null],[89,2,2,0,null,null],[37,2,2,0,null,null]]}},{"type":"Feature","geometry":{"type":"Polygon","coordinates":[[[-152.87193,60.02097],[-152.87425,60.01964],[-152.87317,60.01813],[-152.86976,60.01794],[-152.86744,60.01927],[-152.86852,60.02079],[-152.87193,60.02097]]]},"properties":{"cell":"890c50080cbffff","res":9,"coarsened":false,"count":16,"hv":16,"mp":0,"y0":null,"y1":null,"sp":[[91,5,5,0,null,null],[89,5,5,0,null,null],[7,3,3,0,null,null],[5,2,2,0,null,null],[93,1,1,0,null,null]]}},{"type":"Feature","geometry":{"type":"Polygon","coordinates":[[[-152.86864,60.1127],[-152.87097,60.11136],[-152.86988,60.10984],[-152.86647,60.10966],[-152.86414,60.11099],[-152.86522,60.11251],[-152.86864,60.1127]]]},"properties":{"cell":"890c50198cbffff","res":9,"coarsened":false,"count":13,"hv":13,"mp":0,"y0":null,"y1":null,"sp":[[5,4,4,0,null,null],[91,3,3,0,null,null],[7,2,2,0,null,null],[92,2,2,0,null,null],[89,2,2,0,null,null]]}},{"type":"Feature","geometry":{"type":"Polygon","coordinates":[[[-152.86095,60.01018],[-152.86327,60.00884],[-152.86219,60.00733],[-152.85878,60.00714],[-152.85646,60.00848],[-152.85754,60.00999],[-152.86095,60.01018]]]},"properties":{"cell":"890c5008077ffff","res":9,"coarsened":false,"count":40,"hv":40,"mp":0,"y0":null,"y1":null,"sp":[[92,10,10,0,null,null],[3,9,9,0,null,null],[91,9,9,0,null,null],[89,7,7,0,null,null],[5,3,3,0,null,null],[7,1,1,0,null,null],[94,1,1,0,null,null]]}},{"type":"Feature","geometry":{"type":"Polygon","coordinates":[[[-152.8495,60.01247],[-152.85182,60.01114],[-152.85074,60.00962],[-152.84734,60.00944],[-152.84501,60.01077],[-152.84609,60.01229],[-152.8495,60.01247]]]},"properties":{"cell":"890c5008033ffff","res":9,"coarsened":false,"count":12,"hv":12,"mp":0,"y0":null,"y1":null,"sp":[[91,4,4,0,null,null],[89,4,4,0,null,null],[5,2,2,0,null,null],[92,2,2,0,null,null]]}},{"type":"Feature","geometry":{"type":"Polygon","coordinates":[[[-152.8896,60.10069],[-152.89193,60.09936],[-152.89084,60.09784],[-152.88743,60.09766],[-152.8851,60.09899],[-152.88619,60.10051],[-152.8896,60.10069]]]},"properties":{"cell":"890c5019a17ffff","res":9,"coarsened":false,"count":10,"hv":10,"mp":0,"y0":null,"y1":null,"sp":[[5,3,3,0,null,null],[91,3,3,0,null,null],[92,2,2,0,null,null],[7,1,1,0,null,null],[89,1,1,0,null,null]]}},{"type":"Feature","geometry":{"type":"Polygon","coordinates":[[[-152.88153,60.07107],[-152.88385,60.06974],[-152.88277,60.06822],[-152.87936,60.06804],[-152.87703,60.06937],[-152.87812,60.07089],[-152.88153,60.07107]]]},"properties":{"cell":"890c500b5cfffff","res":9,"coarsened":false,"count":16,"hv":16,"mp":0,"y0":null,"y1":null,"sp":[[96,3,3,0,null,null],[97,3,3,0,null,null],[92,2,2,0,null,null],[19,2,2,0,null,null],[5,2,2,0,null,null],[91,1,1,0,null,null],[60,1,1,0,null,null],[3,1,1,0,null,null],[89,1,1,0,null,null]]}},{"type":"Feature","geometry":{"type":"Polygon","coordinates":[[[-152.85293,60.13666],[-152.90949,60.11928],[-152.91055,60.08869],[-152.85516,60.07548],[-152.79867,60.09283],[-152.79749,60.12342],[-152.85293,60.13666]]]},"properties":{"cell":"860c5019fffffff","res":6,"coarsened":true,"count":1,"hv":1,"mp":0,"y0":null,"y1":null,"sp":[[12,1,1,0,null,null]]}},{"type":"Feature","geometry":{"type":"Polygon","coordinates":[[[-152.87066,60.1201],[-152.87299,60.11877],[-152.8719,60.11725],[-152.86848,60.11707],[-152.86615,60.1184],[-152.86724,60.11992],[-152.87066,60.1201]]]},"properties":{"cell":"890c5019ea3ffff","res":9,"coarsened":false,"count":14,"hv":14,"mp":0,"y0":null,"y1":null,"sp":[[89,5,5,0,null,null],[5,3,3,0,null,null],[91,3,3,0,null,null],[92,2,2,0,null,null],[8,1,1,0,null,null]]}},{"type":"Feature","geometry":{"type":"Polygon","coordinates":[[[-152.90931,60.09154],[-152.91163,60.09021],[-152.91055,60.08869],[-152.90713,60.0885],[-152.9048,60.08984],[-152.90589,60.09136],[-152.90931,60.09154]]]},"properties":{"cell":"890c5019a6bffff","res":9,"coarsened":false,"count":7,"hv":7,"mp":0,"y0":null,"y1":null,"sp":[[5,5,5,0,null,null],[89,2,2,0,null,null]]}},{"type":"Feature","geometry":{"type":"Polygon","coordinates":[[[-152.90121,60.06193],[-152.90354,60.06059],[-152.90245,60.05907],[-152.89904,60.05889],[-152.89672,60.06022],[-152.8978,60.06174],[-152.90121,60.06193]]]},"properties":{"cell":"890c500b0bbffff","res":9,"coarsened":false,"count":8,"hv":8,"mp":0,"y0":null,"y1":null,"sp":[[91,3,3,0,null,null],[5,3,3,0,null,null],[89,2,2,0,null,null]]}},{"type":"Feature","geometry":{"type":"Polygon","coordinates":[[[-152.89985,60.10125],[-152.90218,60.09991],[-152.90109,60.09839],[-152.89767,60.09821],[-152.89534,60.09954],[-152.89643,60.10106],[-152.89985,60.10125]]]},"properties":{"cell":"890c5019a1bffff","res":9,"coarsened":false,"count":10,"hv":10,"mp":0,"y0":null,"y1":null,"sp":[[92,2,2,0,null,null],[3,2,2,0,null,null],[89,2,2,0,null,null],[91,2,2,0,null,null],[5,1,1,0,null,null],[30,1,1,0,null,null]]}},{"type":"Feature","geometry":{"type":"Polygon","coordinates":[[[-152.88137,60.01128],[-152.88369,60.00995],[-152.8826,60.00843],[-152.8792,60.00825],[-152.87688,60.00958],[-152.87796,60.0111],[-152.88137,60.01128]]]},"properties":{"cell":"890c50082b3ffff","res":9,"coarsened":false,"count":9,"hv":9,"mp":0,"y0":null,"y1":null,"sp":[[92,3,3,0,null,null],[89,2,2,0,null,null],[5,1,1,0,null,null],[91,1,1,0,null,null],[3,1,1,0,null,null],[49,1,1,0,null,null]]}},{"type":"Feature","geometry":{"type":"Polygon","coordinates":[[[-152.85894,60.00278],[-152.86126,60.00145],[-152.86018,59.99993],[-152.85678,59.99975],[-152.85446,60.00108],[-152.85554,60.0026],[-152.85894,60.00278]]]},"properties":{"cell":"890c5008383ffff","res":9,"coarsened":false,"count":5,"hv":5,"mp":0,"y0":null,"y1":null,"sp":[[5,2,2,0,null,null],[91,1,1,0,null,null],[89,1,1,0,null,null],[93,1,1,0,null,null]]}},{"type":"Feature","geometry":{"type":"Polygon","coordinates":[[[-152.89886,60.03117],[-152.90119,60.02984],[-152.9001,60.02832],[-152.8967,60.02814],[-152.89437,60.02947],[-152.89546,60.03099],[-152.89886,60.03117]]]},"properties":{"cell":"890c50086cfffff","res":9,"coarsened":false,"count":1,"hv":1,"mp":0,"y0":null,"y1":null,"sp":[[93,1,1,0,null,null]]}},{"type":"Feature","geometry":{"type":"Polygon","coordinates":[[[-152.88091,60.12066],[-152.88324,60.11933],[-152.88215,60.11781],[-152.87873,60.11762],[-152.8764,60.11896],[-152.87749,60.12047],[-152.88091,60.12066]]]},"properties":{"cell":"890c5019e17ffff","res":9,"coarsened":false,"count":15,"hv":15,"mp":0,"y0":null,"y1":null,"sp":[[93,3,3,0,null,null],[8,3,3,0,null,null],[87,2,2,0,null,null],[91,2,2,0,null,null],[89,2,2,0,null,null],[32,1,1,0,null,null],[41,1,1,0,null,null],[98,1,1,0,null,null]]}},{"type":"Feature","geometry":{"type":"Polygon","coordinates":[[[-152.89236,60.02208],[-152.89468,60.02074],[-152.89359,60.01923],[-152.89019,60.01904],[-152.88787,60.02038],[-152.88895,60.02189],[-152.89236,60.02208]]]},"properties":{"cell":"890c5008677ffff","res":9,"coarsened":false,"count":1,"hv":1,"mp":0,"y0":null,"y1":null,"sp":[[8,1,1,0,null,null]]}},{"type":"Feature","geometry":{"type":"Polygon","coordinates":[[[-152.88059,60.00104],[-152.88291,59.9997],[-152.88183,59.99819],[-152.87843,59.998],[-152.87611,59.99934],[-152.87719,60.00085],[-152.88059,60.00104]]]},"properties":{"cell":"890c50083cbffff","res":9,"coarsened":false,"count":1,"hv":1,"mp":0,"y0":null,"y1":null,"sp":[[91,1,1,0,null,null]]}},{"type":"Feature","geometry":{"type":"Polygon","coordinates":[[[-154.99119,61.48574],[-155.04977,61.46719],[-155.04829,61.43588],[-154.98836,61.42312],[-154.92985,61.44163],[-154.93119,61.47294],[-154.99119,61.48574]]]},"properties":{"cell":"860c0bb37ffffff","res":6,"coarsened":true,"count":1,"hv":1,"mp":0,"y0":null,"y1":null,"sp":[[12,1,1,0,null,null]]}},{"type":"Feature","geometry":{"type":"Polygon","coordinates":[[[-154.55854,60.89721],[-154.61601,60.87894],[-154.61507,60.8479],[-154.5568,60.83514],[-154.4994,60.85338],[-154.5002,60.88441],[-154.55854,60.89721]]]},"properties":{"cell":"860c56ce7ffffff","res":6,"coarsened":true,"count":1,"hv":1,"mp":0,"y0":null,"y1":null,"sp":[[12,1,1,0,null,null]]}},{"type":"Feature","geometry":{"type":"Polygon","coordinates":[[[-152.87039,60.00048],[-152.87271,59.99915],[-152.87162,59.99764],[-152.86822,59.99745],[-152.8659,59.99878],[-152.86698,60.0003],[-152.87039,60.00048]]]},"properties":{"cell":"890c50083c7ffff","res":9,"coarsened":false,"count":1,"hv":1,"mp":0,"y0":null,"y1":null,"sp":[[91,1,1,0,null,null]]}},{"type":"Feature","geometry":{"type":"Polygon","coordinates":[[[-152.85628,60.04491],[-152.91264,60.02754],[-152.91369,59.99699],[-152.85849,59.98381],[-152.8022,60.00115],[-152.80103,60.0317],[-152.85628,60.04491]]]},"properties":{"cell":"860c50087ffffff","res":6,"coarsened":true,"count":1,"hv":1,"mp":0,"y0":null,"y1":null,"sp":[[12,1,1,0,null,null]]}},{"type":"Feature","geometry":{"type":"Polygon","coordinates":[[[-152.8596,59.95328],[-152.91577,59.93592],[-152.91681,59.90541],[-152.8618,59.89226],[-152.8057,59.90959],[-152.80454,59.9401],[-152.8596,59.95328]]]},"properties":{"cell":"860c50727ffffff","res":6,"coarsened":true,"count":1,"hv":1,"mp":0,"y0":null,"y1":null,"sp":[[12,1,1,0,null,null]]}},{"type":"Feature","geometry":{"type":"Polygon","coordinates":[[[-152.88214,60.02153],[-152.88446,60.02019],[-152.88338,60.01868],[-152.87998,60.01849],[-152.87765,60.01983],[-152.87874,60.02134],[-152.88214,60.02153]]]},"properties":{"cell":"890c5008623ffff","res":9,"coarsened":false,"count":1,"hv":1,"mp":0,"y0":null,"y1":null,"sp":[[91,1,1,0,null,null]]}},{"type":"Feature","geometry":{"type":"Polygon","coordinates":[[[-152.50049,60.50056],[-152.50287,60.49923],[-152.50179,60.4977],[-152.49833,60.4975],[-152.49595,60.49883],[-152.49703,60.50036],[-152.50049,60.50056]]]},"properties":{"cell":"890c5099463ffff","res":9,"coarsened":false,"count":1,"hv":1,"mp":0,"y0":2005,"y1":2005,"sp":[[99,1,1,0,2005,2005]]}},{"type":"Feature","geometry":{"type":"Polygon","coordinates":[[[-152.21902,60.6825],[-152.22143,60.68118],[-152.22036,60.67964],[-152.21689,60.67943],[-152.21448,60.68076],[-152.21555,60.6823],[-152.21902,60.6825]]]},"properties":{"cell":"890c546653bffff","res":9,"coarsened":false,"count":2,"hv":2,"mp":0,"y0":null,"y1":null,"sp":[[46,2,2,0,null,null]]}},{"type":"Feature","geometry":{"type":"Polygon","coordinates":[[[-154.88871,61.09113],[-154.89104,61.08975],[-154.88979,61.08821],[-154.8862,61.08807],[-154.88386,61.08946],[-154.88512,61.09099],[-154.88871,61.09113]]]},"properties":{"cell":"890c56db62bffff","res":9,"coarsened":false,"count":2,"hv":2,"mp":0,"y0":null,"y1":null,"sp":[[46,2,2,0,null,null]]}},{"type":"Feature","geometry":{"type":"Polygon","coordinates":[[[-154.74984,60.08116],[-154.75209,60.07979],[-154.75089,60.07828],[-154.74743,60.07814],[-154.74518,60.07951],[-154.74638,60.08102],[-154.74984,60.08116]]]},"properties":{"cell":"890c52d7647ffff","res":9,"coarsened":false,"count":2,"hv":2,"mp":0,"y0":null,"y1":null,"sp":[[46,2,2,0,null,null]]}},{"type":"Feature","geometry":{"type":"Polygon","coordinates":[[[-154.41232,61.08024],[-154.41467,61.07886],[-154.41345,61.07733],[-154.40987,61.07717],[-154.40752,61.07855],[-154.40874,61.08009],[-154.41232,61.08024]]]},"properties":{"cell":"890c56d2b6bffff","res":9,"coarsened":false,"count":2,"hv":2,"mp":0,"y0":null,"y1":null,"sp":[[46,2,2,0,null,null]]}},{"type":"Feature","geometry":{"type":"Polygon","coordinates":[[[-154.09994,61.04267],[-154.1023,61.0413],[-154.1011,61.03977],[-154.09753,61.0396],[-154.09517,61.04097],[-154.09637,61.04251],[-154.09994,61.04267]]]},"properties":{"cell":"890c56d6d97ffff","res":9,"coarsened":false,"count":2,"hv":2,"mp":0,"y0":null,"y1":null,"sp":[[46,2,2,0,null,null]]}},{"type":"Feature","geometry":{"type":"Polygon","coordinates":[[[-154.92308,59.90557],[-154.97828,59.88726],[-154.97696,59.85664],[-154.92057,59.84432],[-154.86543,59.86259],[-154.86662,59.89321],[-154.92308,59.90557]]]},"properties":{"cell":"860c52ce7ffffff","res":6,"coarsened":true,"count":4,"hv":4,"mp":0,"y0":null,"y1":null,"sp":[[12,4,4,0,null,null]]}},{"type":"Feature","geometry":{"type":"Polygon","coordinates":[[[-154.35197,60.98293],[-154.35432,60.98156],[-154.3531,60.98003],[-154.34954,60.97987],[-154.34719,60.98125],[-154.34841,60.98278],[-154.35197,60.98293]]]},"properties":{"cell":"890c56d5eabffff","res":9,"coarsened":false,"count":2,"hv":2,"mp":0,"y0":null,"y1":null,"sp":[[46,2,2,0,null,null]]}},{"type":"Feature","geometry":{"type":"Polygon","coordinates":[[[-154.82005,61.23218],[-154.8224,61.23079],[-154.82114,61.22925],[-154.81753,61.22911],[-154.81518,61.23049],[-154.81644,61.23203],[-154.82005,61.23218]]]},"properties":{"cell":"890c0ba7053ffff","res":9,"coarsened":false,"count":2,"hv":2,"mp":0,"y0":null,"y1":null,"sp":[[46,2,2,0,null,null]]}},{"type":"Feature","geometry":{"type":"Polygon","coordinates":[[[-154.7205,59.96036],[-154.72274,59.95899],[-154.72154,59.95749],[-154.71811,59.95735],[-154.71587,59.95872],[-154.71706,59.96022],[-154.7205,59.96036]]]},"properties":{"cell":"890c52d5b57ffff","res":9,"coarsened":false,"count":2,"hv":2,"mp":0,"y0":null,"y1":null,"sp":[[46,2,2,0,null,null]]}},{"type":"Feature","geometry":{"type":"Polygon","coordinates":[[[-153.91979,61.15128],[-153.92217,61.14991],[-153.92097,61.14838],[-153.91739,61.14821],[-153.91501,61.14958],[-153.91621,61.15111],[-153.91979,61.15128]]]},"properties":{"cell":"890c569a41bffff","res":9,"coarsened":false,"count":2,"hv":2,"mp":0,"y0":null,"y1":null,"sp":[[46,2,2,0,null,null]]}},{"type":"Feature","geometry":{"type":"Polygon","coordinates":[[[-153.89125,61.18106],[-153.89363,61.17969],[-153.89243,61.17815],[-153.88885,61.17798],[-153.88647,61.17935],[-153.88767,61.18089],[-153.89125,61.18106]]]},"properties":{"cell":"890c0964e2fffff","res":9,"coarsened":false,"count":2,"hv":2,"mp":0,"y0":null,"y1":null,"sp":[[46,2,2,0,null,null]]}},{"type":"Feature","geometry":{"type":"Polygon","coordinates":[[[-153.86259,61.1708],[-153.86497,61.16943],[-153.86378,61.1679],[-153.8602,61.16773],[-153.85782,61.16909],[-153.85901,61.17063],[-153.86259,61.1708]]]},"properties":{"cell":"890c096482bffff","res":9,"coarsened":false,"count":2,"hv":2,"mp":0,"y0":null,"y1":null,"sp":[[46,2,2,0,null,null]]}},{"type":"Feature","geometry":{"type":"Polygon","coordinates":[[[-152.57909,60.23254],[-152.58144,60.23121],[-152.58037,60.22969],[-152.57694,60.22949],[-152.57459,60.23082],[-152.57566,60.23234],[-152.57909,60.23254]]]},"properties":{"cell":"890c501330fffff","res":9,"coarsened":false,"count":2,"hv":2,"mp":0,"y0":null,"y1":null,"sp":[[46,2,2,0,null,null]]}},{"type":"Feature","geometry":{"type":"Polygon","coordinates":[[[-153.059,60.28073],[-153.06134,60.27939],[-153.06023,60.27786],[-153.05679,60.27768],[-153.05445,60.27902],[-153.05556,60.28054],[-153.059,60.28073]]]},"properties":{"cell":"890c50cf0afffff","res":9,"coarsened":false,"count":2,"hv":2,"mp":0,"y0":null,"y1":null,"sp":[[46,2,2,0,null,null]]}},{"type":"Feature","geometry":{"type":"Polygon","coordinates":[[[-152.6716,60.00125],[-152.67393,59.99992],[-152.67286,59.9984],[-152.66946,59.99821],[-152.66713,59.99954],[-152.6682,60.00106],[-152.6716,60.00125]]]},"properties":{"cell":"890c500f487ffff","res":9,"coarsened":false,"count":2,"hv":2,"mp":0,"y0":null,"y1":null,"sp":[[46,2,2,0,null,null]]}},{"type":"Feature","geometry":{"type":"Polygon","coordinates":[[[-152.35374,60.83191],[-152.35616,60.83058],[-152.35507,60.82904],[-152.35158,60.82884],[-152.34916,60.83017],[-152.35024,60.83171],[-152.35374,60.83191]]]},"properties":{"cell":"890c54776cfffff","res":9,"coarsened":false,"count":2,"hv":2,"mp":0,"y0":null,"y1":null,"sp":[[46,2,2,0,null,null]]}},{"type":"Feature","geometry":{"type":"Polygon","coordinates":[[[-152.26364,60.85166],[-152.26606,60.85033],[-152.26498,60.84879],[-152.26148,60.84858],[-152.25906,60.84992],[-152.26014,60.85145],[-152.26364,60.85166]]]},"properties":{"cell":"890c540dbd7ffff","res":9,"coarsened":false,"count":2,"hv":2,"mp":0,"y0":null,"y1":null,"sp":[[46,2,2,0,null,null]]}},{"type":"Feature","geometry":{"type":"Polygon","coordinates":[[[-152.20981,60.8514],[-152.21223,60.85007],[-152.21116,60.84853],[-152.20766,60.84832],[-152.20523,60.84965],[-152.20631,60.85119],[-152.20981,60.8514]]]},"properties":{"cell":"890c540d9abffff","res":9,"coarsened":false,"count":2,"hv":2,"mp":0,"y0":null,"y1":null,"sp":[[46,2,2,0,null,null]]}},{"type":"Feature","geometry":{"type":"Polygon","coordinates":[[[-154.27954,60.64053],[-154.28186,60.63916],[-154.28066,60.63764],[-154.27714,60.63748],[-154.27483,60.63885],[-154.27602,60.64038],[-154.27954,60.64053]]]},"properties":{"cell":"890c560106bffff","res":9,"coarsened":false,"count":2,"hv":2,"mp":0,"y0":null,"y1":null,"sp":[[46,2,2,0,null,null]]}},{"type":"Feature","geometry":{"type":"Polygon","coordinates":[[[-154.26192,60.9908],[-154.26427,60.98942],[-154.26306,60.98789],[-154.2595,60.98773],[-154.25714,60.98911],[-154.25836,60.99064],[-154.26192,60.9908]]]},"properties":{"cell":"890c56d4e53ffff","res":9,"coarsened":false,"count":2,"hv":2,"mp":0,"y0":null,"y1":null,"sp":[[46,2,2,0,null,null]]}},{"type":"Feature","geometry":{"type":"Polygon","coordinates":[[[-154.86901,59.9545],[-154.92433,59.93622],[-154.92308,59.90557],[-154.86662,59.89321],[-154.81136,59.91147],[-154.81249,59.94211],[-154.86901,59.9545]]]},"properties":{"cell":"860c52c0fffffff","res":6,"coarsened":true,"count":4,"hv":4,"mp":0,"y0":null,"y1":null,"sp":[[12,4,4,0,null,null]]}},{"type":"Feature","geometry":{"type":"Polygon","coordinates":[[[-154.33868,61.03116],[-154.34103,61.02978],[-154.33981,61.02825],[-154.33624,61.02809],[-154.33389,61.02947],[-154.33511,61.031],[-154.33868,61.03116]]]},"properties":{"cell":"890c56d5583ffff","res":9,"coarsened":false,"count":2,"hv":2,"mp":0,"y0":null,"y1":null,"sp":[[46,2,2,0,null,null]]}},{"type":"Feature","geometry":{"type":"Polygon","coordinates":[[[-152.67229,60.01149],[-152.67462,60.01016],[-152.67355,60.00864],[-152.67015,60.00845],[-152.66782,60.00978],[-152.66889,60.0113],[-152.67229,60.01149]]]},"properties":{"cell":"890c5001a3bffff","res":9,"coarsened":false,"count":4,"hv":4,"mp":0,"y0":null,"y1":null,"sp":[[46,4,4,0,null,null]]}},{"type":"Feature","geometry":{"type":"Polygon","coordinates":[[[-152.71244,59.92049],[-152.71476,59.91916],[-152.71369,59.91765],[-152.7103,59.91746],[-152.70798,59.91879],[-152.70905,59.9203],[-152.71244,59.92049]]]},"properties":{"cell":"890c500d18fffff","res":9,"coarsened":false,"count":2,"hv":2,"mp":0,"y0":null,"y1":null,"sp":[[46,2,2,0,null,null]]}},{"type":"Feature","geometry":{"type":"Polygon","coordinates":[[[-153.19272,59.88061],[-153.19502,59.87927],[-153.19392,59.87776],[-153.19053,59.87758],[-153.18823,59.87892],[-153.18933,59.88043],[-153.19272,59.88061]]]},"properties":{"cell":"890c507a65bffff","res":9,"coarsened":false,"count":2,"hv":2,"mp":0,"y0":null,"y1":null,"sp":[[46,2,2,0,null,null]]}},{"type":"Feature","geometry":{"type":"Polygon","coordinates":[[[-152.34283,60.61187],[-152.34522,60.61054],[-152.34415,60.60901],[-152.34068,60.6088],[-152.33828,60.61013],[-152.33936,60.61167],[-152.34283,60.61187]]]},"properties":{"cell":"890c5464357ffff","res":9,"coarsened":false,"count":2,"hv":2,"mp":0,"y0":null,"y1":null,"sp":[[46,2,2,0,null,null]]}},{"type":"Feature","geometry":{"type":"Polygon","coordinates":[[[-152.29992,60.53147],[-152.30231,60.53014],[-152.30124,60.52861],[-152.29778,60.52841],[-152.29539,60.52974],[-152.29646,60.53127],[-152.29992,60.53147]]]},"properties":{"cell":"890c509a1c7ffff","res":9,"coarsened":false,"count":2,"hv":2,"mp":0,"y0":null,"y1":null,"sp":[[46,2,2,0,null,null]]}},{"type":"Feature","geometry":{"type":"Polygon","coordinates":[[[-152.54123,60.28159],[-152.54359,60.28026],[-152.54252,60.27873],[-152.53908,60.27854],[-152.53673,60.27987],[-152.5378,60.28139],[-152.54123,60.28159]]]},"properties":{"cell":"890c5089b4bffff","res":9,"coarsened":false,"count":2,"hv":2,"mp":0,"y0":null,"y1":null,"sp":[[46,2,2,0,null,null]]}},{"type":"Feature","geometry":{"type":"Polygon","coordinates":[[[-152.28006,60.85116],[-152.28248,60.84983],[-152.2814,60.84829],[-152.2779,60.84808],[-152.27548,60.84942],[-152.27656,60.85096],[-152.28006,60.85116]]]},"properties":{"cell":"890c540da37ffff","res":9,"coarsened":false,"count":2,"hv":2,"mp":0,"y0":null,"y1":null,"sp":[[46,2,2,0,null,null]]}},{"type":"Feature","geometry":{"type":"Polygon","coordinates":[[[-153.09163,60.72284],[-153.094,60.72149],[-153.09288,60.71996],[-153.08938,60.71977],[-153.087,60.72112],[-153.08813,60.72265],[-153.09163,60.72284]]]},"properties":{"cell":"890c56b434bffff","res":9,"coarsened":false,"count":4,"hv":4,"mp":0,"y0":null,"y1":null,"sp":[[100,2,2,0,null,null],[8,2,2,0,null,null]]}},{"type":"Feature","geometry":{"type":"Polygon","coordinates":[[[-153.92993,60.7101],[-153.93227,60.70874],[-153.93109,60.70721],[-153.92757,60.70704],[-153.92523,60.70841],[-153.92641,60.70994],[-153.92993,60.7101]]]},"properties":{"cell":"890c5615523ffff","res":9,"coarsened":false,"count":4,"hv":4,"mp":0,"y0":null,"y1":null,"sp":[[112,3,3,0,null,null],[8,1,1,0,null,null]]}},{"type":"Feature","geometry":{"type":"Polygon","coordinates":[[[-153.92892,60.75277],[-153.93127,60.75141],[-153.93009,60.74988],[-153.92656,60.74971],[-153.92422,60.75108],[-153.9254,60.75261],[-153.92892,60.75277]]]},"properties":{"cell":"890c5617073ffff","res":9,"coarsened":false,"count":6,"hv":6,"mp":0,"y0":null,"y1":null,"sp":[[8,3,3,0,null,null],[112,2,2,0,null,null],[128,1,1,0,null,null]]}},{"type":"Feature","geometry":{"type":"Polygon","coordinates":[[[-153.89175,60.91182],[-153.89411,60.91045],[-153.89293,60.90892],[-153.88938,60.90875],[-153.88702,60.91012],[-153.88821,60.91165],[-153.89175,60.91182]]]},"properties":{"cell":"890c568f617ffff","res":9,"coarsened":false,"count":17,"hv":17,"mp":0,"y0":null,"y1":null,"sp":[[109,3,3,0,null,null],[3,3,3,0,null,null],[110,3,3,0,null,null],[5,2,2,0,null,null],[91,2,2,0,null,null],[30,2,2,0,null,null],[101,1,1,0,null,null],[87,1,1,0,null,null]]}},{"type":"Feature","geometry":{"type":"Polygon","coordinates":[[[-153.85276,60.90112],[-153.85512,60.89975],[-153.85394,60.89822],[-153.8504,60.89805],[-153.84804,60.89942],[-153.84922,60.90095],[-153.85276,60.90112]]]},"properties":{"cell":"890c568f0bbffff","res":9,"coarsened":false,"count":10,"hv":10,"mp":0,"y0":null,"y1":null,"sp":[[90,4,4,0,null,null],[95,2,2,0,null,null],[103,2,2,0,null,null],[101,1,1,0,null,null],[114,1,1,0,null,null]]}},{"type":"Feature","geometry":{"type":"Polygon","coordinates":[[[-152.55034,60.4022],[-152.55271,60.40086],[-152.55163,60.39934],[-152.54819,60.39914],[-152.54582,60.40047],[-152.5469,60.402],[-152.55034,60.4022]]]},"properties":{"cell":"890c508b67bffff","res":9,"coarsened":false,"count":58,"hv":58,"mp":0,"y0":null,"y1":null,"sp":[[21,13,13,0,null,null],[91,12,12,0,null,null],[5,10,10,0,null,null],[92,6,6,0,null,null],[89,6,6,0,null,null],[3,5,5,0,null,null],[60,4,4,0,null,null],[7,1,1,0,null,null],[40,1,1,0,null,null]]}},{"type":"Feature","geometry":{"type":"Polygon","coordinates":[[[-153.04288,60.71141],[-153.04526,60.71007],[-153.04414,60.70853],[-153.04064,60.70835],[-153.03826,60.70969],[-153.03938,60.71122],[-153.04288,60.71141]]]},"properties":{"cell":"890c56b4e0bffff","res":9,"coarsened":false,"count":16,"hv":16,"mp":0,"y0":null,"y1":null,"sp":[[91,3,3,0,null,null],[93,3,3,0,null,null],[110,2,2,0,null,null],[7,2,2,0,null,null],[5,2,2,0,null,null],[3,2,2,0,null,null],[39,1,1,0,null,null],[30,1,1,0,null,null]]}},{"type":"Feature","geometry":{"type":"Polygon","coordinates":[[[-154.58274,60.0219],[-154.585,60.02053],[-154.58381,60.01902],[-154.58037,60.01888],[-154.57811,60.02025],[-154.5793,60.02176],[-154.58274,60.0219]]]},"properties":{"cell":"890c52d6a73ffff","res":9,"coarsened":false,"count":36,"hv":36,"mp":0,"y0":null,"y1":null,"sp":[[102,6,6,0,null,null],[15,5,5,0,null,null],[5,5,5,0,null,null],[19,3,3,0,null,null],[60,3,3,0,null,null],[109,3,3,0,null,null],[30,3,3,0,null,null],[107,2,2,0,null,null],[3,2,2,0,null,null],[87,1,1,0,null,null],[89,1,1,0,null,null],[21,1,1,0,null,null],[48,1,1,0,null,null]]}},{"type":"Feature","geometry":{"type":"Polygon","coordinates":[[[-154.57955,60.03052],[-154.5818,60.02915],[-154.58062,60.02765],[-154.57717,60.02751],[-154.57492,60.02887],[-154.57611,60.03038],[-154.57955,60.03052]]]},"properties":{"cell":"890c52d6ac7ffff","res":9,"coarsened":false,"count":27,"hv":27,"mp":0,"y0":null,"y1":null,"sp":[[15,6,6,0,null,null],[60,4,4,0,null,null],[102,4,4,0,null,null],[19,3,3,0,null,null],[109,3,3,0,null,null],[107,2,2,0,null,null],[59,1,1,0,null,null],[94,1,1,0,null,null],[5,1,1,0,null,null],[89,1,1,0,null,null],[30,1,1,0,null,null]]}},{"type":"Feature","geometry":{"type":"Polygon","coordinates":[[[-154.57099,60.01121],[-154.57324,60.00984],[-154.57205,60.00833],[-154.56861,60.00819],[-154.56636,60.00956],[-154.56755,60.01107],[-154.57099,60.01121]]]},"properties":{"cell":"890c52d4c87ffff","res":9,"coarsened":false,"count":29,"hv":29,"mp":0,"y0":null,"y1":null,"sp":[[15,6,6,0,null,null],[102,6,6,0,null,null],[60,5,5,0,null,null],[30,3,3,0,null,null],[109,3,3,0,null,null],[24,2,2,0,null,null],[107,2,2,0,null,null],[91,1,1,0,null,null],[125,1,1,0,null,null]]}},{"type":"Feature","geometry":{"type":"Polygon","coordinates":[[[-154.57385,60.03175],[-154.57611,60.03038],[-154.57492,60.02887],[-154.57148,60.02873],[-154.56922,60.0301],[-154.57041,60.03161],[-154.57385,60.03175]]]},"properties":{"cell":"890c52d6a8bffff","res":9,"coarsened":false,"count":18,"hv":18,"mp":0,"y0":null,"y1":null,"sp":[[15,3,3,0,null,null],[89,3,3,0,null,null],[3,2,2,0,null,null],[60,2,2,0,null,null],[94,2,2,0,null,null],[107,1,1,0,null,null],[19,1,1,0,null,null],[30,1,1,0,null,null],[90,1,1,0,null,null],[91,1,1,0,null,null],[102,1,1,0,null,null]]}},{"type":"Feature","geometry":{"type":"Polygon","coordinates":[[[-154.55924,60.00052],[-154.56149,59.99915],[-154.56031,59.99764],[-154.55687,59.9975],[-154.55462,59.99887],[-154.55581,60.00038],[-154.55924,60.00052]]]},"properties":{"cell":"890c52d4dc3ffff","res":9,"coarsened":false,"count":6,"hv":6,"mp":0,"y0":null,"y1":null,"sp":[[30,2,2,0,null,null],[102,2,2,0,null,null],[60,1,1,0,null,null],[19,1,1,0,null,null]]}},{"type":"Feature","geometry":{"type":"Polygon","coordinates":[[[-154.5621,60.02105],[-154.56435,60.01969],[-154.56317,60.01818],[-154.55973,60.01804],[-154.55747,60.01941],[-154.55866,60.02091],[-154.5621,60.02105]]]},"properties":{"cell":"890c52d6a37ffff","res":9,"coarsened":false,"count":18,"hv":18,"mp":0,"y0":null,"y1":null,"sp":[[15,5,5,0,null,null],[60,3,3,0,null,null],[30,3,3,0,null,null],[102,2,2,0,null,null],[19,2,2,0,null,null],[89,1,1,0,null,null],[5,1,1,0,null,null],[109,1,1,0,null,null]]}},{"type":"Feature","geometry":{"type":"Polygon","coordinates":[[[-154.5386,60.04197],[-154.54086,60.04061],[-154.53967,60.0391],[-154.53623,60.03896],[-154.53397,60.04032],[-154.53516,60.04183],[-154.5386,60.04197]]]},"properties":{"cell":"890c52d68d7ffff","res":9,"coarsened":false,"count":8,"hv":8,"mp":0,"y0":null,"y1":null,"sp":[[5,3,3,0,null,null],[30,2,2,0,null,null],[8,2,2,0,null,null],[103,1,1,0,null,null]]}},{"type":"Feature","geometry":{"type":"Polygon","coordinates":[[[-154.51975,60.02223],[-154.522,60.02086],[-154.52082,60.01936],[-154.51738,60.01921],[-154.51513,60.02058],[-154.51631,60.02209],[-154.51975,60.02223]]]},"properties":{"cell":"890c52d6943ffff","res":9,"coarsened":false,"count":13,"hv":13,"mp":0,"y0":null,"y1":null,"sp":[[5,4,4,0,null,null],[3,4,4,0,null,null],[91,2,2,0,null,null],[60,1,1,0,null,null],[15,1,1,0,null,null],[89,1,1,0,null,null]]}},{"type":"Feature","geometry":{"type":"Polygon","coordinates":[[[-154.49813,60.94193],[-154.50046,60.94055],[-154.49924,60.93902],[-154.49568,60.93887],[-154.49334,60.94025],[-154.49457,60.94178],[-154.49813,60.94193]]]},"properties":{"cell":"890c56c0cc7ffff","res":9,"coarsened":false,"count":12,"hv":12,"mp":0,"y0":null,"y1":null,"sp":[[102,4,4,0,null,null],[91,3,3,0,null,null],[19,1,1,0,null,null],[30,1,1,0,null,null],[123,1,1,0,null,null],[63,1,1,0,null,null],[64,1,1,0,null,null]]}},{"type":"Feature","geometry":{"type":"Polygon","coordinates":[[[-154.49078,60.93275],[-154.49312,60.93138],[-154.49189,60.92985],[-154.48833,60.9297],[-154.486,60.93107],[-154.48722,60.9326],[-154.49078,60.93275]]]},"properties":{"cell":"890c56c0c3bffff","res":9,"coarsened":false,"count":25,"hv":25,"mp":0,"y0":null,"y1":null,"sp":[[102,4,4,0,null,null],[30,4,4,0,null,null],[109,4,4,0,null,null],[115,3,3,0,null,null],[21,2,2,0,null,null],[91,2,2,0,null,null],[63,2,2,0,null,null],[107,1,1,0,null,null],[90,1,1,0,null,null],[64,1,1,0,null,null],[19,1,1,0,null,null]]}},{"type":"Feature","geometry":{"type":"Polygon","coordinates":[[[-154.4889,60.95188],[-154.49123,60.95051],[-154.49001,60.94898],[-154.48645,60.94882],[-154.48411,60.9502],[-154.48533,60.95173],[-154.4889,60.95188]]]},"properties":{"cell":"890c56c2a77ffff","res":9,"coarsened":false,"count":11,"hv":11,"mp":0,"y0":null,"y1":null,"sp":[[97,3,3,0,null,null],[15,2,2,0,null,null],[102,2,2,0,null,null],[91,2,2,0,null,null],[113,1,1,0,null,null],[89,1,1,0,null,null]]}},{"type":"Feature","geometry":{"type":"Polygon","coordinates":[[[-154.49035,60.96229],[-154.49269,60.96091],[-154.49146,60.95938],[-154.4879,60.95923],[-154.48556,60.96061],[-154.48678,60.96214],[-154.49035,60.96229]]]},"properties":{"cell":"890c56c2ac7ffff","res":9,"coarsened":false,"count":12,"hv":12,"mp":0,"y0":null,"y1":null,"sp":[[102,4,4,0,null,null],[60,2,2,0,null,null],[3,2,2,0,null,null],[109,1,1,0,null,null],[30,1,1,0,null,null],[15,1,1,0,null,null],[5,1,1,0,null,null]]}},{"type":"Feature","geometry":{"type":"Polygon","coordinates":[[[-154.48846,60.98143],[-154.4908,60.98005],[-154.48957,60.97852],[-154.48601,60.97837],[-154.48367,60.97975],[-154.48489,60.98128],[-154.48846,60.98143]]]},"properties":{"cell":"890c56c2ecfffff","res":9,"coarsened":false,"count":28,"hv":28,"mp":0,"y0":null,"y1":null,"sp":[[105,7,7,0,null,null],[30,4,4,0,null,null],[87,3,3,0,null,null],[21,3,3,0,null,null],[8,3,3,0,null,null],[5,2,2,0,null,null],[109,2,2,0,null,null],[121,2,2,0,null,null],[104,1,1,0,null,null],[41,1,1,0,null,null]]}},{"type":"Feature","geometry":{"type":"Polygon","coordinates":[[[-154.48267,60.05133],[-154.48493,60.04997],[-154.48375,60.04846],[-154.48031,60.04832],[-154.47805,60.04968],[-154.47923,60.05119],[-154.48267,60.05133]]]},"properties":{"cell":"890c52d6d97ffff","res":9,"coarsened":false,"count":14,"hv":14,"mp":0,"y0":null,"y1":null,"sp":[[91,4,4,0,null,null],[5,3,3,0,null,null],[30,3,3,0,null,null],[89,2,2,0,null,null],[107,1,1,0,null,null],[15,1,1,0,null,null]]}},{"type":"Feature","geometry":{"type":"Polygon","coordinates":[[[-154.47966,60.96184],[-154.48199,60.96046],[-154.48077,60.95893],[-154.47721,60.95878],[-154.47487,60.96015],[-154.47609,60.96168],[-154.47966,60.96184]]]},"properties":{"cell":"890c56c2a8fffff","res":9,"coarsened":false,"count":23,"hv":23,"mp":0,"y0":null,"y1":null,"sp":[[19,5,5,0,null,null],[106,2,2,0,null,null],[15,2,2,0,null,null],[60,2,2,0,null,null],[102,2,2,0,null,null],[91,2,2,0,null,null],[3,2,2,0,null,null],[30,2,2,0,null,null],[26,1,1,0,null,null],[113,1,1,0,null,null],[5,1,1,0,null,null],[109,1,1,0,null,null]]}},{"type":"Feature","geometry":{"type":"Polygon","coordinates":[[[-154.4811,60.97225],[-154.48344,60.97087],[-154.48222,60.96934],[-154.47865,60.96918],[-154.47631,60.97056],[-154.47754,60.97209],[-154.4811,60.97225]]]},"properties":{"cell":"890c56c2e77ffff","res":9,"coarsened":false,"count":49,"hv":49,"mp":0,"y0":null,"y1":null,"sp":[[60,9,9,0,null,null],[15,6,6,0,null,null],[30,5,5,0,null,null],[91,5,5,0,null,null],[3,5,5,0,null,null],[89,4,4,0,null,null],[19,4,4,0,null,null],[102,4,4,0,null,null],[66,2,2,0,null,null],[106,2,2,0,null,null],[107,1,1,0,null,null],[5,1,1,0,null,null],[14,1,1,0,null,null]]}},{"type":"Feature","geometry":{"type":"Polygon","coordinates":[[[-154.47921,60.99139],[-154.48155,60.99001],[-154.48033,60.98848],[-154.47676,60.98832],[-154.47442,60.9897],[-154.47564,60.99123],[-154.47921,60.99139]]]},"properties":{"cell":"890c56c2163ffff","res":9,"coarsened":false,"count":12,"hv":12,"mp":0,"y0":null,"y1":null,"sp":[[30,3,3,0,null,null],[5,3,3,0,null,null],[21,2,2,0,null,null],[8,2,2,0,null,null],[87,1,1,0,null,null],[109,1,1,0,null,null]]}},{"type":"Feature","geometry":{"type":"Polygon","coordinates":[[[-154.46851,60.99093],[-154.47085,60.98955],[-154.46962,60.98802],[-154.46606,60.98787],[-154.46372,60.98924],[-154.46494,60.99078],[-154.46851,60.99093]]]},"properties":{"cell":"890c56c212bffff","res":9,"coarsened":false,"count":4,"hv":4,"mp":0,"y0":null,"y1":null,"sp":[[103,1,1,0,null,null],[109,1,1,0,null,null],[5,1,1,0,null,null],[30,1,1,0,null,null]]}},{"type":"Feature","geometry":{"type":"Polygon","coordinates":[[[-154.46202,60.05047],[-154.46428,60.04911],[-154.4631,60.0476],[-154.45965,60.04745],[-154.45739,60.04882],[-154.45858,60.05033],[-154.46202,60.05047]]]},"properties":{"cell":"890c5299e0bffff","res":9,"coarsened":false,"count":15,"hv":15,"mp":0,"y0":null,"y1":null,"sp":[[5,4,4,0,null,null],[91,4,4,0,null,null],[40,2,2,0,null,null],[30,2,2,0,null,null],[62,1,1,0,null,null],[133,1,1,0,null,null],[8,1,1,0,null,null]]}},{"type":"Feature","geometry":{"type":"Polygon","coordinates":[[[-154.42923,60.78253],[-154.43155,60.78115],[-154.43034,60.77963],[-154.4268,60.77948],[-154.42448,60.78085],[-154.42569,60.78238],[-154.42923,60.78253]]]},"properties":{"cell":"890c561b0bbffff","res":9,"coarsened":false,"count":23,"hv":23,"mp":0,"y0":null,"y1":null,"sp":[[8,5,5,0,null,null],[30,3,3,0,null,null],[87,3,3,0,null,null],[90,3,3,0,null,null],[103,3,3,0,null,null],[110,2,2,0,null,null],[5,1,1,0,null,null],[107,1,1,0,null,null],[35,1,1,0,null,null],[108,1,1,0,null,null]]}},{"type":"Feature","geometry":{"type":"Polygon","coordinates":[[[-154.42306,60.77047],[-154.42539,60.7691],[-154.42417,60.76757],[-154.42064,60.76742],[-154.41832,60.76879],[-154.41953,60.77032],[-154.42306,60.77047]]]},"properties":{"cell":"890c561b153ffff","res":9,"coarsened":false,"count":19,"hv":19,"mp":0,"y0":null,"y1":null,"sp":[[87,3,3,0,null,null],[5,3,3,0,null,null],[110,3,3,0,null,null],[107,2,2,0,null,null],[59,1,1,0,null,null],[93,1,1,0,null,null],[41,1,1,0,null,null],[43,1,1,0,null,null],[90,1,1,0,null,null],[62,1,1,0,null,null],[55,1,1,0,null,null],[108,1,1,0,null,null]]}},{"type":"Feature","geometry":{"type":"Polygon","coordinates":[[[-154.41862,60.78207],[-154.42094,60.7807],[-154.41973,60.77917],[-154.41619,60.77902],[-154.41387,60.7804],[-154.41508,60.78192],[-154.41862,60.78207]]]},"properties":{"cell":"890c561b0b7ffff","res":9,"coarsened":false,"count":13,"hv":13,"mp":0,"y0":null,"y1":null,"sp":[[30,3,3,0,null,null],[107,2,2,0,null,null],[110,2,2,0,null,null],[5,2,2,0,null,null],[109,2,2,0,null,null],[7,1,1,0,null,null],[93,1,1,0,null,null]]}},{"type":"Feature","geometry":{"type":"Polygon","coordinates":[[[-154.41292,60.11119],[-154.41519,60.10982],[-154.41401,60.10831],[-154.41056,60.10817],[-154.40829,60.10953],[-154.40948,60.11104],[-154.41292,60.11119]]]},"properties":{"cell":"890c529b3a7ffff","res":9,"coarsened":false,"count":5,"hv":5,"mp":0,"y0":null,"y1":null,"sp":[[5,2,2,0,null,null],[91,2,2,0,null,null],[21,1,1,0,null,null]]}},{"type":"Feature","geometry":{"type":"Polygon","coordinates":[[[-154.41134,60.77292],[-154.41367,60.77154],[-154.41245,60.77002],[-154.40892,60.76986],[-154.40659,60.77124],[-154.40781,60.77276],[-154.41134,60.77292]]]},"properties":{"cell":"890c561b1c7ffff","res":9,"coarsened":false,"count":20,"hv":20,"mp":0,"y0":null,"y1":null,"sp":[[55,4,4,0,null,null],[87,3,3,0,null,null],[108,2,2,0,null,null],[110,2,2,0,null,null],[107,2,2,0,null,null],[62,2,2,0,null,null],[90,2,2,0,null,null],[35,1,1,0,null,null],[5,1,1,0,null,null],[43,1,1,0,null,null]]}},{"type":"Feature","geometry":{"type":"Polygon","coordinates":[[[-154.40073,60.77246],[-154.40306,60.77109],[-154.40185,60.76956],[-154.39831,60.76941],[-154.39599,60.77078],[-154.3972,60.77231],[-154.40073,60.77246]]]},"properties":{"cell":"890c561b18fffff","res":9,"coarsened":false,"count":11,"hv":11,"mp":0,"y0":null,"y1":null,"sp":[[110,3,3,0,null,null],[107,2,2,0,null,null],[109,2,2,0,null,null],[55,1,1,0,null,null],[59,1,1,0,null,null],[5,1,1,0,null,null],[43,1,1,0,null,null]]}},{"type":"Feature","geometry":{"type":"Polygon","coordinates":[[[-154.39223,60.11031],[-154.3945,60.10895],[-154.39332,60.10744],[-154.38987,60.10729],[-154.3876,60.10866],[-154.38878,60.11017],[-154.39223,60.11031]]]},"properties":{"cell":"890c5298693ffff","res":9,"coarsened":false,"count":13,"hv":13,"mp":0,"y0":null,"y1":null,"sp":[[15,3,3,0,null,null],[21,2,2,0,null,null],[60,2,2,0,null,null],[8,2,2,0,null,null],[5,2,2,0,null,null],[91,1,1,0,null,null],[30,1,1,0,null,null]]}},{"type":"Feature","geometry":{"type":"Polygon","coordinates":[[[-154.3808,60.11275],[-154.38307,60.11138],[-154.38189,60.10987],[-154.37844,60.10973],[-154.37617,60.11109],[-154.37735,60.1126],[-154.3808,60.11275]]]},"properties":{"cell":"890c529b127ffff","res":9,"coarsened":false,"count":12,"hv":12,"mp":0,"y0":null,"y1":null,"sp":[[5,4,4,0,null,null],[3,3,3,0,null,null],[15,3,3,0,null,null],[123,1,1,0,null,null],[94,1,1,0,null,null]]}},{"type":"Feature","geometry":{"type":"Polygon","coordinates":[[[-154.38299,60.16252],[-154.38526,60.16115],[-154.38408,60.15964],[-154.38062,60.15949],[-154.37835,60.16086],[-154.37953,60.16237],[-154.38299,60.16252]]]},"properties":{"cell":"890c5665b1bffff","res":9,"coarsened":false,"count":8,"hv":8,"mp":0,"y0":null,"y1":null,"sp":[[15,4,4,0,null,null],[19,2,2,0,null,null],[8,1,1,0,null,null],[109,1,1,0,null,null]]}},{"type":"Feature","geometry":{"type":"Polygon","coordinates":[[[-154.38036,60.81139],[-154.38269,60.81002],[-154.38148,60.80849],[-154.37794,60.80834],[-154.37561,60.80971],[-154.37682,60.81124],[-154.38036,60.81139]]]},"properties":{"cell":"890c56c5bbbffff","res":9,"coarsened":false,"count":17,"hv":17,"mp":0,"y0":null,"y1":null,"sp":[[110,9,9,0,null,null],[109,6,6,0,null,null],[41,1,1,0,null,null],[5,1,1,0,null,null]]}},{"type":"Feature","geometry":{"type":"Polygon","coordinates":[[[-154.36935,60.17071],[-154.37162,60.16934],[-154.37044,60.16783],[-154.36699,60.16768],[-154.36471,60.16905],[-154.36589,60.17056],[-154.36935,60.17071]]]},"properties":{"cell":"890c5665b93ffff","res":9,"coarsened":false,"count":9,"hv":9,"mp":0,"y0":null,"y1":null,"sp":[[15,4,4,0,null,null],[4,2,2,0,null,null],[114,1,1,0,null,null],[21,1,1,0,null,null],[19,1,1,0,null,null]]}},{"type":"Feature","geometry":{"type":"Polygon","coordinates":[[[-154.36146,60.12215],[-154.36373,60.12079],[-154.36255,60.11928],[-154.35911,60.11913],[-154.35684,60.12049],[-154.35801,60.122],[-154.36146,60.12215]]]},"properties":{"cell":"890c529a263ffff","res":9,"coarsened":false,"count":15,"hv":15,"mp":0,"y0":null,"y1":null,"sp":[[5,4,4,0,null,null],[30,4,4,0,null,null],[91,3,3,0,null,null],[89,1,1,0,null,null],[41,1,1,0,null,null],[21,1,1,0,null,null],[8,1,1,0,null,null]]}},{"type":"Feature","geometry":{"type":"Polygon","coordinates":[[[-154.36362,60.17192],[-154.36589,60.17056],[-154.36471,60.16905],[-154.36126,60.1689],[-154.35898,60.17027],[-154.36016,60.17178],[-154.36362,60.17192]]]},"properties":{"cell":"890c566582fffff","res":9,"coarsened":false,"count":19,"hv":19,"mp":0,"y0":null,"y1":null,"sp":[[15,5,5,0,null,null],[19,4,4,0,null,null],[102,3,3,0,null,null],[109,3,3,0,null,null],[21,2,2,0,null,null],[30,1,1,0,null,null],[89,1,1,0,null,null]]}},{"type":"Feature","geometry":{"type":"Polygon","coordinates":[[[-154.34997,60.18011],[-154.35224,60.17875],[-154.35106,60.17724],[-154.34761,60.17709],[-154.34533,60.17845],[-154.34651,60.17996],[-154.34997,60.18011]]]},"properties":{"cell":"890c56658a7ffff","res":9,"coarsened":false,"count":22,"hv":22,"mp":0,"y0":null,"y1":null,"sp":[[14,3,3,0,null,null],[89,3,3,0,null,null],[19,3,3,0,null,null],[102,2,2,0,null,null],[15,2,2,0,null,null],[4,2,2,0,null,null],[94,1,1,0,null,null],[66,1,1,0,null,null],[30,1,1,0,null,null],[21,1,1,0,null,null],[22,1,1,0,null,null],[41,1,1,0,null,null],[132,1,1,0,null,null]]}},{"type":"Feature","geometry":{"type":"Polygon","coordinates":[[[-154.34288,60.17104],[-154.34516,60.16967],[-154.34398,60.16816],[-154.34052,60.16801],[-154.33825,60.16938],[-154.33943,60.17089],[-154.34288,60.17104]]]},"properties":{"cell":"890c566591bffff","res":9,"coarsened":false,"count":31,"hv":31,"mp":0,"y0":null,"y1":null,"sp":[[15,9,9,0,null,null],[19,6,6,0,null,null],[21,5,5,0,null,null],[4,4,4,0,null,null],[94,2,2,0,null,null],[89,1,1,0,null,null],[26,1,1,0,null,null],[30,1,1,0,null,null],[41,1,1,0,null,null],[22,1,1,0,null,null]]}},{"type":"Feature","geometry":{"type":"Polygon","coordinates":[[[-154.28155,60.62149],[-154.28387,60.62012],[-154.28267,60.6186],[-154.27916,60.61845],[-154.27684,60.61982],[-154.27804,60.62134],[-154.28155,60.62149]]]},"properties":{"cell":"890c5601363ffff","res":9,"coarsened":false,"count":14,"hv":14,"mp":0,"y0":null,"y1":null,"sp":[[110,5,5,0,null,null],[109,2,2,0,null,null],[87,2,2,0,null,null],[30,2,2,0,null,null],[44,2,2,0,null,null],[43,1,1,0,null,null]]}},{"type":"Feature","geometry":{"type":"Polygon","coordinates":[[[-154.27236,60.63139],[-154.27467,60.63002],[-154.27348,60.6285],[-154.26996,60.62834],[-154.26765,60.62971],[-154.26884,60.63123],[-154.27236,60.63139]]]},"properties":{"cell":"890c5601313ffff","res":9,"coarsened":false,"count":23,"hv":23,"mp":0,"y0":null,"y1":null,"sp":[[110,15,15,0,null,null],[87,4,4,0,null,null],[63,2,2,0,null,null],[109,1,1,0,null,null],[41,1,1,0,null,null]]}},{"type":"Feature","geometry":{"type":"Polygon","coordinates":[[[-154.26047,60.62057],[-154.26279,60.6192],[-154.26159,60.61768],[-154.25808,60.61752],[-154.25576,60.61889],[-154.25696,60.62041],[-154.26047,60.62057]]]},"properties":{"cell":"890c5601327ffff","res":9,"coarsened":false,"count":57,"hv":57,"mp":0,"y0":null,"y1":null,"sp":[[110,13,13,0,null,null],[109,7,7,0,null,null],[87,7,7,0,null,null],[3,6,6,0,null,null],[108,5,5,0,null,null],[5,4,4,0,null,null],[36,2,2,0,null,null],[30,2,2,0,null,null],[94,2,2,0,null,null],[25,2,2,0,null,null],[132,2,2,0,null,null],[95,2,2,0,null,null],[63,1,1,0,null,null],[92,1,1,0,null,null],[40,1,1,0,null,null]]}},{"type":"Feature","geometry":{"type":"Polygon","coordinates":[[[-154.26316,60.64128],[-154.26548,60.63991],[-154.26428,60.63839],[-154.26076,60.63824],[-154.25844,60.63961],[-154.25964,60.64113],[-154.26316,60.64128]]]},"properties":{"cell":"890c560102bffff","res":9,"coarsened":false,"count":63,"hv":63,"mp":0,"y0":null,"y1":null,"sp":[[110,18,18,0,null,null],[87,11,11,0,null,null],[63,5,5,0,null,null],[109,5,5,0,null,null],[81,4,4,0,null,null],[30,2,2,0,null,null],[7,2,2,0,null,null],[41,2,2,0,null,null],[117,2,2,0,null,null],[119,2,2,0,null,null],[90,2,2,0,null,null],[111,1,1,0,null,null],[22,1,1,0,null,null],[3,1,1,0,null,null],[118,1,1,0,null,null],[5,1,1,0,null,null],[107,1,1,0,null,null],[108,1,1,0,null,null],[43,1,1,0,null,null]]}},{"type":"Feature","geometry":{"type":"Polygon","coordinates":[[[-154.25261,60.64082],[-154.25493,60.63945],[-154.25373,60.63793],[-154.25022,60.63777],[-154.2479,60.63914],[-154.24909,60.64066],[-154.25261,60.64082]]]},"properties":{"cell":"890c5601027ffff","res":9,"coarsened":false,"count":23,"hv":23,"mp":0,"y0":null,"y1":null,"sp":[[110,5,5,0,null,null],[87,4,4,0,null,null],[7,3,3,0,null,null],[81,3,3,0,null,null],[63,3,3,0,null,null],[109,2,2,0,null,null],[41,1,1,0,null,null],[108,1,1,0,null,null],[105,1,1,0,null,null]]}},{"type":"Feature","geometry":{"type":"Polygon","coordinates":[[[-154.2396,60.63289],[-154.24192,60.63152],[-154.24073,60.63],[-154.23722,60.62984],[-154.2349,60.63121],[-154.23609,60.63273],[-154.2396,60.63289]]]},"properties":{"cell":"890c5601173ffff","res":9,"coarsened":false,"count":24,"hv":24,"mp":0,"y0":null,"y1":null,"sp":[[110,7,7,0,null,null],[87,6,6,0,null,null],[109,5,5,0,null,null],[30,2,2,0,null,null],[41,1,1,0,null,null],[63,1,1,0,null,null],[90,1,1,0,null,null],[7,1,1,0,null,null]]}},{"type":"Feature","geometry":{"type":"Polygon","coordinates":[[[-154.24206,60.64035],[-154.24438,60.63899],[-154.24319,60.63746],[-154.23967,60.63731],[-154.23735,60.63868],[-154.23855,60.6402],[-154.24206,60.64035]]]},"properties":{"cell":"890c56011cfffff","res":9,"coarsened":false,"count":31,"hv":31,"mp":0,"y0":null,"y1":null,"sp":[[110,6,6,0,null,null],[87,6,6,0,null,null],[25,4,4,0,null,null],[63,4,4,0,null,null],[109,3,3,0,null,null],[122,2,2,0,null,null],[108,2,2,0,null,null],[44,1,1,0,null,null],[82,1,1,0,null,null],[13,1,1,0,null,null],[118,1,1,0,null,null]]}},{"type":"Feature","geometry":{"type":"Polygon","coordinates":[[[-154.22906,60.63242],[-154.23138,60.63106],[-154.23019,60.62953],[-154.22668,60.62938],[-154.22436,60.63074],[-154.22555,60.63227],[-154.22906,60.63242]]]},"properties":{"cell":"890c560113bffff","res":9,"coarsened":false,"count":25,"hv":25,"mp":0,"y0":null,"y1":null,"sp":[[87,9,9,0,null,null],[110,5,5,0,null,null],[3,3,3,0,null,null],[109,2,2,0,null,null],[30,2,2,0,null,null],[5,2,2,0,null,null],[7,1,1,0,null,null],[94,1,1,0,null,null]]}},{"type":"Feature","geometry":{"type":"Polygon","coordinates":[[[-154.21852,60.63196],[-154.22084,60.63059],[-154.21965,60.62906],[-154.21614,60.62891],[-154.21382,60.63028],[-154.21501,60.6318],[-154.21852,60.63196]]]},"properties":{"cell":"890c5601137ffff","res":9,"coarsened":false,"count":24,"hv":24,"mp":0,"y0":null,"y1":null,"sp":[[87,9,9,0,null,null],[110,4,4,0,null,null],[30,2,2,0,null,null],[7,2,2,0,null,null],[107,1,1,0,null,null],[5,1,1,0,null,null],[8,1,1,0,null,null],[94,1,1,0,null,null],[21,1,1,0,null,null],[63,1,1,0,null,null],[109,1,1,0,null,null]]}},{"type":"Feature","geometry":{"type":"Polygon","coordinates":[[[-154.20215,60.6327],[-154.20447,60.63133],[-154.20328,60.62981],[-154.19976,60.62965],[-154.19744,60.63102],[-154.19863,60.63255],[-154.20215,60.6327]]]},"properties":{"cell":"890c5601cd7ffff","res":9,"coarsened":false,"count":30,"hv":30,"mp":0,"y0":null,"y1":null,"sp":[[63,5,5,0,null,null],[110,3,3,0,null,null],[82,2,2,0,null,null],[93,2,2,0,null,null],[62,2,2,0,null,null],[119,2,2,0,null,null],[7,2,2,0,null,null],[108,2,2,0,null,null],[117,2,2,0,null,null],[46,2,2,0,null,null],[25,2,2,0,null,null],[30,1,1,0,null,null],[107,1,1,0,null,null],[87,1,1,0,null,null],[55,1,1,0,null,null]]}},{"type":"Feature","geometry":{"type":"Polygon","coordinates":[[[-154.17269,60.35242],[-154.17499,60.35106],[-154.17381,60.34954],[-154.17034,60.34938],[-154.16804,60.35075],[-154.16922,60.35226],[-154.17269,60.35242]]]},"properties":{"cell":"890c5676b4fffff","res":9,"coarsened":false,"count":14,"hv":14,"mp":0,"y0":null,"y1":null,"sp":[[15,5,5,0,null,null],[19,5,5,0,null,null],[14,3,3,0,null,null],[21,1,1,0,null,null]]}},{"type":"Feature","geometry":{"type":"Polygon","coordinates":[[[-154.16933,60.36106],[-154.17163,60.3597],[-154.17045,60.35818],[-154.16698,60.35803],[-154.16468,60.35939],[-154.16585,60.36091],[-154.16933,60.36106]]]},"properties":{"cell":"890c5676bcbffff","res":9,"coarsened":false,"count":25,"hv":25,"mp":0,"y0":null,"y1":null,"sp":[[19,6,6,0,null,null],[60,6,6,0,null,null],[15,5,5,0,null,null],[102,4,4,0,null,null],[109,2,2,0,null,null],[5,1,1,0,null,null],[120,1,1,0,null,null]]}},{"type":"Feature","geometry":{"type":"Polygon","coordinates":[[[-154.16098,60.34164],[-154.16327,60.34028],[-154.1621,60.33876],[-154.15862,60.33861],[-154.15633,60.33997],[-154.1575,60.34149],[-154.16098,60.34164]]]},"properties":{"cell":"890c5674d8bffff","res":9,"coarsened":false,"count":12,"hv":12,"mp":0,"y0":null,"y1":null,"sp":[[19,5,5,0,null,null],[102,2,2,0,null,null],[15,2,2,0,null,null],[60,2,2,0,null,null],[21,1,1,0,null,null]]}},{"type":"Feature","geometry":{"type":"Polygon","coordinates":[[[-154.14946,60.63035],[-154.15178,60.62898],[-154.15059,60.62746],[-154.14708,60.6273],[-154.14476,60.62867],[-154.14595,60.63019],[-154.14946,60.63035]]]},"properties":{"cell":"890c5600333ffff","res":9,"coarsened":false,"count":1,"hv":1,"mp":0,"y0":null,"y1":null,"sp":[[103,1,1,0,null,null]]}},{"type":"Feature","geometry":{"type":"Polygon","coordinates":[[[-154.1435,60.33207],[-154.1458,60.33071],[-154.14463,60.32919],[-154.14115,60.32904],[-154.13886,60.3304],[-154.14003,60.33192],[-154.1435,60.33207]]]},"properties":{"cell":"890c562b2dbffff","res":9,"coarsened":false,"count":10,"hv":10,"mp":0,"y0":null,"y1":null,"sp":[[19,3,3,0,null,null],[60,2,2,0,null,null],[120,2,2,0,null,null],[15,2,2,0,null,null],[102,1,1,0,null,null]]}},{"type":"Feature","geometry":{"type":"Polygon","coordinates":[[[-154.11885,60.61279],[-154.12117,60.61143],[-154.11998,60.6099],[-154.11647,60.60975],[-154.11415,60.61111],[-154.11534,60.61264],[-154.11885,60.61279]]]},"properties":{"cell":"890c5600e2fffff","res":9,"coarsened":false,"count":3,"hv":3,"mp":0,"y0":null,"y1":null,"sp":[[103,3,3,0,null,null]]}},{"type":"Feature","geometry":{"type":"Polygon","coordinates":[[[-154.10998,60.01196],[-154.11225,60.0106],[-154.11109,60.00909],[-154.10766,60.00894],[-154.10539,60.01029],[-154.10655,60.0118],[-154.10998,60.01196]]]},"properties":{"cell":"890c5280573ffff","res":9,"coarsened":false,"count":7,"hv":7,"mp":0,"y0":null,"y1":null,"sp":[[8,4,4,0,null,null],[112,2,2,0,null,null],[41,1,1,0,null,null]]}},{"type":"Feature","geometry":{"type":"Polygon","coordinates":[[[-154.09969,60.0115],[-154.10196,60.01014],[-154.1008,60.00863],[-154.09737,60.00848],[-154.0951,60.00984],[-154.09626,60.01135],[-154.09969,60.0115]]]},"properties":{"cell":"890c528053bffff","res":9,"coarsened":false,"count":5,"hv":5,"mp":0,"y0":null,"y1":null,"sp":[[112,3,3,0,null,null],[8,2,2,0,null,null]]}},{"type":"Feature","geometry":{"type":"Polygon","coordinates":[[[-154.5532,60.0309],[-154.55546,60.02953],[-154.55427,60.02803],[-154.55083,60.02789],[-154.54858,60.02925],[-154.54976,60.03076],[-154.5532,60.0309]]]},"properties":{"cell":"890c52d684fffff","res":9,"coarsened":false,"count":6,"hv":6,"mp":0,"y0":null,"y1":null,"sp":[[30,3,3,0,null,null],[5,2,2,0,null,null],[89,1,1,0,null,null]]}},{"type":"Feature","geometry":{"type":"Polygon","coordinates":[[[-154.4918,60.9727],[-154.49414,60.97132],[-154.49291,60.96979],[-154.48935,60.96964],[-154.48701,60.97102],[-154.48823,60.97255],[-154.4918,60.9727]]]},"properties":{"cell":"890c56c2e7bffff","res":9,"coarsened":false,"count":16,"hv":16,"mp":0,"y0":null,"y1":null,"sp":[[60,2,2,0,null,null],[5,2,2,0,null,null],[8,2,2,0,null,null],[30,2,2,0,null,null],[87,2,2,0,null,null],[109,1,1,0,null,null],[121,1,1,0,null,null],[105,1,1,0,null,null],[21,1,1,0,null,null],[110,1,1,0,null,null],[91,1,1,0,null,null]]}},{"type":"Feature","geometry":{"type":"Polygon","coordinates":[[[-154.48255,60.98266],[-154.48489,60.98128],[-154.48367,60.97975],[-154.4801,60.9796],[-154.47776,60.98097],[-154.47899,60.9825],[-154.48255,60.98266]]]},"properties":{"cell":"890c56c2ec7ffff","res":9,"coarsened":false,"count":12,"hv":12,"mp":0,"y0":null,"y1":null,"sp":[[30,4,4,0,null,null],[87,3,3,0,null,null],[109,2,2,0,null,null],[5,2,2,0,null,null],[21,1,1,0,null,null]]}},{"type":"Feature","geometry":{"type":"Polygon","coordinates":[[[-154.42003,60.79246],[-154.42236,60.79108],[-154.42114,60.78956],[-154.4176,60.7894],[-154.41528,60.79078],[-154.41649,60.7923],[-154.42003,60.79246]]]},"properties":{"cell":"890c561b427ffff","res":9,"coarsened":false,"count":15,"hv":15,"mp":0,"y0":null,"y1":null,"sp":[[30,5,5,0,null,null],[110,4,4,0,null,null],[103,2,2,0,null,null],[8,2,2,0,null,null],[87,1,1,0,null,null],[109,1,1,0,null,null]]}},{"type":"Feature","geometry":{"type":"Polygon","coordinates":[[[-154.408,60.78162],[-154.41033,60.78024],[-154.40912,60.77872],[-154.40558,60.77857],[-154.40325,60.77994],[-154.40447,60.78147],[-154.408,60.78162]]]},"properties":{"cell":"890c561b563ffff","res":9,"coarsened":false,"count":11,"hv":11,"mp":0,"y0":null,"y1":null,"sp":[[110,3,3,0,null,null],[30,2,2,0,null,null],[109,2,2,0,null,null],[5,2,2,0,null,null],[107,1,1,0,null,null],[89,1,1,0,null,null]]}},{"type":"Feature","geometry":{"type":"Polygon","coordinates":[[[-154.40214,60.78284],[-154.40447,60.78147],[-154.40325,60.77994],[-154.39972,60.77979],[-154.39739,60.78116],[-154.3986,60.78269],[-154.40214,60.78284]]]},"properties":{"cell":"890c561b577ffff","res":9,"coarsened":false,"count":7,"hv":7,"mp":0,"y0":null,"y1":null,"sp":[[30,3,3,0,null,null],[87,1,1,0,null,null],[5,1,1,0,null,null],[110,1,1,0,null,null],[107,1,1,0,null,null]]}},{"type":"Feature","geometry":{"type":"Polygon","coordinates":[[[-154.39013,60.772],[-154.39245,60.77063],[-154.39124,60.7691],[-154.3877,60.76895],[-154.38538,60.77032],[-154.38659,60.77185],[-154.39013,60.772]]]},"properties":{"cell":"890c561b1b3ffff","res":9,"coarsened":false,"count":13,"hv":13,"mp":0,"y0":null,"y1":null,"sp":[[110,3,3,0,null,null],[87,2,2,0,null,null],[109,2,2,0,null,null],[30,2,2,0,null,null],[7,1,1,0,null,null],[90,1,1,0,null,null],[114,1,1,0,null,null],[55,1,1,0,null,null]]}},{"type":"Feature","geometry":{"type":"Polygon","coordinates":[[[-154.37812,60.76117],[-154.38045,60.75979],[-154.37924,60.75827],[-154.3757,60.75811],[-154.37338,60.75949],[-154.37459,60.76101],[-154.37812,60.76117]]]},"properties":{"cell":"890c56184c7ffff","res":9,"coarsened":false,"count":12,"hv":12,"mp":0,"y0":null,"y1":null,"sp":[[110,3,3,0,null,null],[109,3,3,0,null,null],[5,1,1,0,null,null],[118,1,1,0,null,null],[21,1,1,0,null,null],[35,1,1,0,null,null],[30,1,1,0,null,null],[107,1,1,0,null,null]]}},{"type":"Feature","geometry":{"type":"Polygon","coordinates":[[[-154.35325,60.17148],[-154.35553,60.17012],[-154.35435,60.16861],[-154.35089,60.16846],[-154.34862,60.16982],[-154.3498,60.17133],[-154.35325,60.17148]]]},"properties":{"cell":"890c5665953ffff","res":9,"coarsened":false,"count":14,"hv":14,"mp":0,"y0":null,"y1":null,"sp":[[94,4,4,0,null,null],[15,3,3,0,null,null],[4,2,2,0,null,null],[21,2,2,0,null,null],[19,1,1,0,null,null],[102,1,1,0,null,null],[134,1,1,0,null,null]]}},{"type":"Feature","geometry":{"type":"Polygon","coordinates":[[[-154.17976,60.36153],[-154.18206,60.36016],[-154.18088,60.35864],[-154.1774,60.35849],[-154.17511,60.35985],[-154.17628,60.36137],[-154.17976,60.36153]]]},"properties":{"cell":"890c5676a23ffff","res":9,"coarsened":false,"count":7,"hv":7,"mp":0,"y0":null,"y1":null,"sp":[[19,3,3,0,null,null],[15,3,3,0,null,null],[60,1,1,0,null,null]]}},{"type":"Feature","geometry":{"type":"Polygon","coordinates":[[[-154.17053,60.63129],[-154.17285,60.62993],[-154.17166,60.6284],[-154.16815,60.62824],[-154.16583,60.62961],[-154.16702,60.63114],[-154.17053,60.63129]]]},"properties":{"cell":"890c5600347ffff","res":9,"coarsened":false,"count":5,"hv":5,"mp":0,"y0":null,"y1":null,"sp":[[21,2,2,0,null,null],[5,2,2,0,null,null],[8,1,1,0,null,null]]}},{"type":"Feature","geometry":{"type":"Polygon","coordinates":[[[-154.15056,60.34118],[-154.15285,60.33982],[-154.15168,60.3383],[-154.1482,60.33814],[-154.14591,60.33951],[-154.14708,60.34102],[-154.15056,60.34118]]]},"properties":{"cell":"890c5674d87ffff","res":9,"coarsened":false,"count":5,"hv":5,"mp":0,"y0":null,"y1":null,"sp":[[15,2,2,0,null,null],[21,1,1,0,null,null],[19,1,1,0,null,null],[102,1,1,0,null,null]]}},{"type":"Feature","geometry":{"type":"Polygon","coordinates":[[[-154.14022,60.64023],[-154.14254,60.63887],[-154.14135,60.63734],[-154.13784,60.63718],[-154.13552,60.63855],[-154.13671,60.64008],[-154.14022,60.64023]]]},"properties":{"cell":"890c560014bffff","res":9,"coarsened":false,"count":8,"hv":8,"mp":0,"y0":null,"y1":null,"sp":[[5,4,4,0,null,null],[110,2,2,0,null,null],[109,2,2,0,null,null]]}},{"type":"Feature","geometry":{"type":"Polygon","coordinates":[[[-154.11861,60.38225],[-154.12091,60.38089],[-154.11974,60.37937],[-154.11626,60.37922],[-154.11396,60.38058],[-154.11513,60.3821],[-154.11861,60.38225]]]},"properties":{"cell":"890c5676d47ffff","res":9,"coarsened":false,"count":6,"hv":6,"mp":0,"y0":null,"y1":null,"sp":[[30,2,2,0,null,null],[110,2,2,0,null,null],[5,1,1,0,null,null],[21,1,1,0,null,null]]}},{"type":"Feature","geometry":{"type":"Polygon","coordinates":[[[-154.10363,60.61064],[-154.10595,60.60927],[-154.10477,60.60775],[-154.10126,60.60759],[-154.09893,60.60895],[-154.10012,60.61048],[-154.10363,60.61064]]]},"properties":{"cell":"890c5600857ffff","res":9,"coarsened":false,"count":8,"hv":8,"mp":0,"y0":null,"y1":null,"sp":[[8,4,4,0,null,null],[103,2,2,0,null,null],[5,2,2,0,null,null]]}},{"type":"Feature","geometry":{"type":"Polygon","coordinates":[[[-154.06277,59.97195],[-154.06504,59.97059],[-154.06389,59.96908],[-154.06047,59.96893],[-154.0582,59.97029],[-154.05935,59.9718],[-154.06277,59.97195]]]},"properties":{"cell":"890c5280d43ffff","res":9,"coarsened":false,"count":9,"hv":9,"mp":0,"y0":null,"y1":null,"sp":[[110,3,3,0,null,null],[15,3,3,0,null,null],[5,1,1,0,null,null],[30,1,1,0,null,null],[116,1,1,0,null,null]]}},{"type":"Feature","geometry":{"type":"Polygon","coordinates":[[[-154.03074,59.96031],[-154.03301,59.95896],[-154.03186,59.95745],[-154.02844,59.95729],[-154.02617,59.95865],[-154.02732,59.96016],[-154.03074,59.96031]]]},"properties":{"cell":"890c5287243ffff","res":9,"coarsened":false,"count":6,"hv":6,"mp":0,"y0":null,"y1":null,"sp":[[110,2,2,0,null,null],[5,2,2,0,null,null],[89,2,2,0,null,null]]}},{"type":"Feature","geometry":{"type":"Polygon","coordinates":[[[-154.56956,60.00094],[-154.57181,59.99957],[-154.57062,59.99807],[-154.56718,59.99792],[-154.56493,59.99929],[-154.56612,60.0008],[-154.56956,60.00094]]]},"properties":{"cell":"890c52d4c37ffff","res":9,"coarsened":false,"count":12,"hv":12,"mp":0,"y0":null,"y1":null,"sp":[[19,3,3,0,null,null],[60,3,3,0,null,null],[15,2,2,0,null,null],[30,2,2,0,null,null],[102,2,2,0,null,null]]}},{"type":"Feature","geometry":{"type":"Polygon","coordinates":[[[-154.56067,60.01078],[-154.56292,60.00942],[-154.56174,60.00791],[-154.5583,60.00777],[-154.55605,60.00914],[-154.55723,60.01064],[-154.56067,60.01078]]]},"properties":{"cell":"890c52d6b4fffff","res":9,"coarsened":false,"count":9,"hv":9,"mp":0,"y0":null,"y1":null,"sp":[[15,2,2,0,null,null],[102,2,2,0,null,null],[19,2,2,0,null,null],[60,1,1,0,null,null],[109,1,1,0,null,null],[59,1,1,0,null,null]]}},{"type":"Feature","geometry":{"type":"Polygon","coordinates":[[[-154.53007,60.02266],[-154.53232,60.02129],[-154.53114,60.01978],[-154.5277,60.01964],[-154.52544,60.02101],[-154.52663,60.02251],[-154.53007,60.02266]]]},"properties":{"cell":"890c52d6b97ffff","res":9,"coarsened":false,"count":12,"hv":12,"mp":0,"y0":null,"y1":null,"sp":[[15,4,4,0,null,null],[30,2,2,0,null,null],[5,2,2,0,null,null],[3,1,1,0,null,null],[91,1,1,0,null,null],[60,1,1,0,null,null],[8,1,1,0,null,null]]}},{"type":"Feature","geometry":{"type":"Polygon","coordinates":[[[-154.51084,60.03207],[-154.5131,60.03071],[-154.51191,60.0292],[-154.50847,60.02906],[-154.50621,60.03042],[-154.5074,60.03193],[-154.51084,60.03207]]]},"properties":{"cell":"890c52d69d3ffff","res":9,"coarsened":false,"count":11,"hv":11,"mp":0,"y0":null,"y1":null,"sp":[[91,5,5,0,null,null],[5,3,3,0,null,null],[30,2,2,0,null,null],[96,1,1,0,null,null]]}},{"type":"Feature","geometry":{"type":"Polygon","coordinates":[[[-154.49334,60.94025],[-154.49568,60.93887],[-154.49445,60.93734],[-154.49089,60.93719],[-154.48856,60.93857],[-154.48978,60.9401],[-154.49334,60.94025]]]},"properties":{"cell":"890c56c0c13ffff","res":9,"coarsened":false,"count":12,"hv":12,"mp":0,"y0":null,"y1":null,"sp":[[102,3,3,0,null,null],[30,3,3,0,null,null],[107,2,2,0,null,null],[19,2,2,0,null,null],[109,1,1,0,null,null],[63,1,1,0,null,null]]}},{"type":"Feature","geometry":{"type":"Polygon","coordinates":[[[-154.39099,60.81185],[-154.39331,60.81048],[-154.3921,60.80895],[-154.38856,60.8088],[-154.38623,60.81017],[-154.38744,60.8117],[-154.39099,60.81185]]]},"properties":{"cell":"890c56c5b13ffff","res":9,"coarsened":false,"count":12,"hv":12,"mp":0,"y0":null,"y1":null,"sp":[[110,4,4,0,null,null],[109,3,3,0,null,null],[102,2,2,0,null,null],[41,1,1,0,null,null],[59,1,1,0,null,null],[15,1,1,0,null,null]]}},{"type":"Feature","geometry":{"type":"Polygon","coordinates":[[[-154.37972,60.17115],[-154.38199,60.16978],[-154.38081,60.16827],[-154.37735,60.16812],[-154.37508,60.16949],[-154.37626,60.171],[-154.37972,60.17115]]]},"properties":{"cell":"890c566586fffff","res":9,"coarsened":false,"count":6,"hv":6,"mp":0,"y0":null,"y1":null,"sp":[[15,3,3,0,null,null],[102,2,2,0,null,null],[114,1,1,0,null,null]]}},{"type":"Feature","geometry":{"type":"Polygon","coordinates":[[[-154.37181,60.12259],[-154.37408,60.12123],[-154.3729,60.11972],[-154.36945,60.11957],[-154.36718,60.12093],[-154.36836,60.12244],[-154.37181,60.12259]]]},"properties":{"cell":"890c529b1b7ffff","res":9,"coarsened":false,"count":12,"hv":12,"mp":0,"y0":null,"y1":null,"sp":[[5,4,4,0,null,null],[15,3,3,0,null,null],[30,2,2,0,null,null],[91,2,2,0,null,null],[65,1,1,0,null,null]]}},{"type":"Feature","geometry":{"type":"Polygon","coordinates":[[[-154.37226,60.76239],[-154.37459,60.76101],[-154.37338,60.75949],[-154.36985,60.75933],[-154.36752,60.76071],[-154.36873,60.76223],[-154.37226,60.76239]]]},"properties":{"cell":"890c561848bffff","res":9,"coarsened":false,"count":10,"hv":10,"mp":0,"y0":null,"y1":null,"sp":[[110,2,2,0,null,null],[109,2,2,0,null,null],[35,1,1,0,null,null],[8,1,1,0,null,null],[103,1,1,0,null,null],[90,1,1,0,null,null],[30,1,1,0,null,null],[87,1,1,0,null,null]]}},{"type":"Feature","geometry":{"type":"Polygon","coordinates":[[[-154.36166,60.76193],[-154.36399,60.76055],[-154.36278,60.75903],[-154.35924,60.75887],[-154.35692,60.76025],[-154.35813,60.76177],[-154.36166,60.76193]]]},"properties":{"cell":"890c5618487ffff","res":9,"coarsened":false,"count":16,"hv":16,"mp":0,"y0":null,"y1":null,"sp":[[110,4,4,0,null,null],[109,3,3,0,null,null],[87,3,3,0,null,null],[121,2,2,0,null,null],[21,2,2,0,null,null],[30,1,1,0,null,null],[8,1,1,0,null,null]]}},{"type":"Feature","geometry":{"type":"Polygon","coordinates":[[[-154.35112,60.12171],[-154.35339,60.12034],[-154.35221,60.11883],[-154.34876,60.11869],[-154.34649,60.12005],[-154.34767,60.12156],[-154.35112,60.12171]]]},"properties":{"cell":"890c529a22bffff","res":9,"coarsened":false,"count":7,"hv":7,"mp":0,"y0":null,"y1":null,"sp":[[8,2,2,0,null,null],[5,2,2,0,null,null],[91,2,2,0,null,null],[30,1,1,0,null,null]]}},{"type":"Feature","geometry":{"type":"Polygon","coordinates":[[[-154.18107,60.63176],[-154.18339,60.6304],[-154.1822,60.62887],[-154.17869,60.62872],[-154.17637,60.63008],[-154.17756,60.63161],[-154.18107,60.63176]]]},"properties":{"cell":"890c560034bffff","res":9,"coarsened":false,"count":5,"hv":5,"mp":0,"y0":null,"y1":null,"sp":[[110,3,3,0,null,null],[87,1,1,0,null,null],[107,1,1,0,null,null]]}},{"type":"Feature","geometry":{"type":"Polygon","coordinates":[[[-154.14927,60.33087],[-154.15157,60.3295],[-154.15039,60.32799],[-154.14692,60.32783],[-154.14463,60.32919],[-154.1458,60.33071],[-154.14927,60.33087]]]},"properties":{"cell":"890c5674d37ffff","res":9,"coarsened":false,"count":10,"hv":10,"mp":0,"y0":null,"y1":null,"sp":[[102,4,4,0,null,null],[60,3,3,0,null,null],[19,2,2,0,null,null],[15,1,1,0,null,null]]}},{"type":"Feature","geometry":{"type":"Polygon","coordinates":[[[-154.14398,60.37166],[-154.14628,60.3703],[-154.1451,60.36878],[-154.14163,60.36862],[-154.13933,60.36999],[-154.1405,60.3715],[-154.14398,60.37166]]]},"properties":{"cell":"890c567683bffff","res":9,"coarsened":false,"count":4,"hv":4,"mp":0,"y0":null,"y1":null,"sp":[[30,2,2,0,null,null],[89,2,2,0,null,null]]}},{"type":"Feature","geometry":{"type":"Polygon","coordinates":[[[-154.13056,60.01287],[-154.13283,60.01151],[-154.13167,60.01],[-154.12824,60.00985],[-154.12597,60.01121],[-154.12713,60.01272],[-154.13056,60.01287]]]},"properties":{"cell":"890c5280087ffff","res":9,"coarsened":false,"count":7,"hv":7,"mp":0,"y0":null,"y1":null,"sp":[[8,3,3,0,null,null],[32,2,2,0,null,null],[103,1,1,0,null,null],[112,1,1,0,null,null]]}},{"type":"Feature","geometry":{"type":"Polygon","coordinates":[[[-154.11269,60.37026],[-154.11499,60.3689],[-154.11381,60.36738],[-154.11034,60.36722],[-154.10804,60.36859],[-154.10921,60.37011],[-154.11269,60.37026]]]},"properties":{"cell":"890c567698bffff","res":9,"coarsened":false,"count":9,"hv":9,"mp":0,"y0":null,"y1":null,"sp":[[5,3,3,0,null,null],[110,3,3,0,null,null],[93,1,1,0,null,null],[30,1,1,0,null,null],[21,1,1,0,null,null]]}},{"type":"Feature","geometry":{"type":"Polygon","coordinates":[[[-154.10113,60.37267],[-154.10343,60.37131],[-154.10226,60.36979],[-154.09878,60.36964],[-154.09648,60.371],[-154.09765,60.37252],[-154.10113,60.37267]]]},"properties":{"cell":"890c5676997ffff","res":9,"coarsened":false,"count":4,"hv":4,"mp":0,"y0":null,"y1":null,"sp":[[93,1,1,0,null,null],[8,1,1,0,null,null],[112,1,1,0,null,null],[30,1,1,0,null,null]]}},{"type":"Feature","geometry":{"type":"Polygon","coordinates":[[[-154.07305,59.97241],[-154.07532,59.97105],[-154.07416,59.96954],[-154.07074,59.96939],[-154.06847,59.97075],[-154.06962,59.97226],[-154.07305,59.97241]]]},"properties":{"cell":"890c5280897ffff","res":9,"coarsened":false,"count":8,"hv":8,"mp":0,"y0":null,"y1":null,"sp":[[15,3,3,0,null,null],[60,2,2,0,null,null],[30,2,2,0,null,null],[5,1,1,0,null,null]]}},{"type":"Feature","geometry":{"type":"Polygon","coordinates":[[[-154.04223,59.97103],[-154.0445,59.96967],[-154.04335,59.96816],[-154.03993,59.96801],[-154.03766,59.96936],[-154.03881,59.97087],[-154.04223,59.97103]]]},"properties":{"cell":"890c5280d07ffff","res":9,"coarsened":false,"count":5,"hv":5,"mp":0,"y0":null,"y1":null,"sp":[[60,2,2,0,null,null],[7,1,1,0,null,null],[5,1,1,0,null,null],[3,1,1,0,null,null]]}},{"type":"Feature","geometry":{"type":"Polygon","coordinates":[[[-154.02329,60.96227],[-154.02565,60.9609],[-154.02445,60.95936],[-154.0209,60.9592],[-154.01854,60.96057],[-154.01974,60.9621],[-154.02329,60.96227]]]},"properties":{"cell":"890c568848fffff","res":9,"coarsened":false,"count":35,"hv":35,"mp":0,"y0":null,"y1":null,"sp":[[109,4,4,0,null,null],[110,4,4,0,null,null],[87,3,3,0,null,null],[63,2,2,0,null,null],[119,2,2,0,null,null],[59,2,2,0,null,null],[62,2,2,0,null,null],[126,2,2,0,null,null],[117,2,2,0,null,null],[21,2,2,0,null,null],[22,2,2,0,null,null],[115,1,1,0,null,null],[102,1,1,0,null,null],[124,1,1,0,null,null],[130,1,1,0,null,null],[39,1,1,0,null,null],[107,1,1,0,null,null],[90,1,1,0,null,null],[30,1,1,0,null,null]]}},{"type":"Feature","geometry":{"type":"Polygon","coordinates":[[[-154.01263,60.96177],[-154.01499,60.9604],[-154.01379,60.95887],[-154.01024,60.95871],[-154.00788,60.96008],[-154.00908,60.96161],[-154.01263,60.96177]]]},"properties":{"cell":"890c56884b3ffff","res":9,"coarsened":false,"count":32,"hv":32,"mp":0,"y0":null,"y1":null,"sp":[[110,7,7,0,null,null],[109,7,7,0,null,null],[30,3,3,0,null,null],[48,3,3,0,null,null],[19,2,2,0,null,null],[21,2,2,0,null,null],[90,2,2,0,null,null],[63,2,2,0,null,null],[59,1,1,0,null,null],[15,1,1,0,null,null],[66,1,1,0,null,null],[87,1,1,0,null,null]]}},{"type":"Feature","geometry":{"type":"Polygon","coordinates":[[[-154.00197,60.96128],[-154.00433,60.95991],[-154.00313,60.95838],[-153.99958,60.95821],[-153.99722,60.95958],[-153.99842,60.96112],[-154.00197,60.96128]]]},"properties":{"cell":"890c568a37bffff","res":9,"coarsened":false,"count":57,"hv":57,"mp":0,"y0":null,"y1":null,"sp":[[109,15,15,0,null,null],[110,9,9,0,null,null],[30,8,8,0,null,null],[19,7,7,0,null,null],[102,5,5,0,null,null],[87,5,5,0,null,null],[63,3,3,0,null,null],[95,1,1,0,null,null],[27,1,1,0,null,null],[59,1,1,0,null,null],[15,1,1,0,null,null],[21,1,1,0,null,null]]}},{"type":"Feature","geometry":{"type":"Polygon","coordinates":[[[-153.99131,60.96079],[-153.99367,60.95942],[-153.99248,60.95788],[-153.98892,60.95772],[-153.98656,60.95909],[-153.98776,60.96062],[-153.99131,60.96079]]]},"properties":{"cell":"890c568a377ffff","res":9,"coarsened":false,"count":24,"hv":24,"mp":0,"y0":null,"y1":null,"sp":[[110,6,6,0,null,null],[109,5,5,0,null,null],[90,2,2,0,null,null],[21,2,2,0,null,null],[48,2,2,0,null,null],[111,1,1,0,null,null],[3,1,1,0,null,null],[30,1,1,0,null,null],[107,1,1,0,null,null],[59,1,1,0,null,null],[63,1,1,0,null,null],[87,1,1,0,null,null]]}},{"type":"Feature","geometry":{"type":"Polygon","coordinates":[[[-153.98319,60.79214],[-153.98553,60.79077],[-153.98434,60.78924],[-153.98081,60.78908],[-153.97847,60.79045],[-153.97966,60.79198],[-153.98319,60.79214]]]},"properties":{"cell":"890c5612867ffff","res":9,"coarsened":false,"count":28,"hv":28,"mp":0,"y0":null,"y1":null,"sp":[[34,4,4,0,null,null],[110,3,3,0,null,null],[96,3,3,0,null,null],[142,2,2,0,null,null],[36,2,2,0,null,null],[16,2,2,0,null,null],[124,2,2,0,null,null],[43,1,1,0,null,null],[109,1,1,0,null,null],[5,1,1,0,null,null],[17,1,1,0,null,null],[62,1,1,0,null,null],[111,1,1,0,null,null],[147,1,1,0,null,null],[158,1,1,0,null,null],[25,1,1,0,null,null],[112,1,1,0,null,null]]}},{"type":"Feature","geometry":{"type":"Polygon","coordinates":[[[-153.97971,60.80083],[-153.98205,60.79946],[-153.98087,60.79793],[-153.97734,60.79777],[-153.97499,60.79913],[-153.97618,60.80066],[-153.97971,60.80083]]]},"properties":{"cell":"890c5612803ffff","res":9,"coarsened":false,"count":18,"hv":18,"mp":0,"y0":null,"y1":null,"sp":[[8,2,2,0,null,null],[109,2,2,0,null,null],[110,2,2,0,null,null],[92,2,2,0,null,null],[5,2,2,0,null,null],[116,1,1,0,null,null],[103,1,1,0,null,null],[7,1,1,0,null,null],[89,1,1,0,null,null],[21,1,1,0,null,null],[30,1,1,0,null,null],[91,1,1,0,null,null],[15,1,1,0,null,null]]}},{"type":"Feature","geometry":{"type":"Polygon","coordinates":[[[-153.98065,60.96029],[-153.98301,60.95892],[-153.98182,60.95739],[-153.97827,60.95723],[-153.97591,60.95859],[-153.9771,60.96013],[-153.98065,60.96029]]]},"properties":{"cell":"890c568a323ffff","res":9,"coarsened":false,"count":36,"hv":36,"mp":0,"y0":null,"y1":null,"sp":[[109,6,6,0,null,null],[110,5,5,0,null,null],[63,4,4,0,null,null],[87,4,4,0,null,null],[90,2,2,0,null,null],[22,2,2,0,null,null],[107,2,2,0,null,null],[44,2,2,0,null,null],[126,2,2,0,null,null],[117,1,1,0,null,null],[82,1,1,0,null,null],[45,1,1,0,null,null],[27,1,1,0,null,null],[15,1,1,0,null,null],[59,1,1,0,null,null],[51,1,1,0,null,null]]}},{"type":"Feature","geometry":{"type":"Polygon","coordinates":[[[-153.97013,60.7709],[-153.97247,60.76953],[-153.97129,60.768],[-153.96776,60.76784],[-153.96542,60.76921],[-153.9666,60.77073],[-153.97013,60.7709]]]},"properties":{"cell":"890c5617653ffff","res":9,"coarsened":false,"count":29,"hv":29,"mp":0,"y0":null,"y1":null,"sp":[[30,6,6,0,null,null],[110,5,5,0,null,null],[5,4,4,0,null,null],[89,4,4,0,null,null],[109,4,4,0,null,null],[8,2,2,0,null,null],[3,2,2,0,null,null],[93,1,1,0,null,null],[7,1,1,0,null,null]]}},{"type":"Feature","geometry":{"type":"Polygon","coordinates":[[[-153.97035,60.81071],[-153.9727,60.80935],[-153.97151,60.80782],[-153.96798,60.80765],[-153.96563,60.80902],[-153.96682,60.81055],[-153.97035,60.81071]]]},"properties":{"cell":"890c5612893ffff","res":9,"coarsened":false,"count":2,"hv":2,"mp":0,"y0":null,"y1":null,"sp":[[8,2,2,0,null,null]]}},{"type":"Feature","geometry":{"type":"Polygon","coordinates":[[[-153.96303,60.76173],[-153.96537,60.76036],[-153.96419,60.75883],[-153.96066,60.75867],[-153.95832,60.76003],[-153.9595,60.76156],[-153.96303,60.76173]]]},"properties":{"cell":"890c5617663ffff","res":9,"coarsened":false,"count":6,"hv":6,"mp":0,"y0":null,"y1":null,"sp":[[103,2,2,0,null,null],[93,1,1,0,null,null],[129,1,1,0,null,null],[27,1,1,0,null,null],[8,1,1,0,null,null]]}},{"type":"Feature","geometry":{"type":"Polygon","coordinates":[[[-153.95955,60.77041],[-153.96189,60.76904],[-153.96071,60.76751],[-153.95718,60.76735],[-153.95484,60.76871],[-153.95602,60.77024],[-153.95955,60.77041]]]},"properties":{"cell":"890c561761bffff","res":9,"coarsened":false,"count":31,"hv":31,"mp":0,"y0":null,"y1":null,"sp":[[5,6,6,0,null,null],[3,5,5,0,null,null],[109,5,5,0,null,null],[30,4,4,0,null,null],[89,3,3,0,null,null],[110,3,3,0,null,null],[8,2,2,0,null,null],[87,1,1,0,null,null],[21,1,1,0,null,null],[96,1,1,0,null,null]]}},{"type":"Feature","geometry":{"type":"Polygon","coordinates":[[[-154.43367,60.77093],[-154.436,60.76955],[-154.43478,60.76802],[-154.43125,60.76787],[-154.42892,60.76925],[-154.43014,60.77077],[-154.43367,60.77093]]]},"properties":{"cell":"890c561b02fffff","res":9,"coarsened":false,"count":4,"hv":4,"mp":0,"y0":null,"y1":null,"sp":[[103,2,2,0,null,null],[8,1,1,0,null,null],[107,1,1,0,null,null]]}},{"type":"Feature","geometry":{"type":"Polygon","coordinates":[[[-154.15076,60.64071],[-154.15308,60.63934],[-154.15189,60.63782],[-154.14838,60.63766],[-154.14606,60.63902],[-154.14724,60.64055],[-154.15076,60.64071]]]},"properties":{"cell":"890c5600383ffff","res":9,"coarsened":false,"count":2,"hv":2,"mp":0,"y0":null,"y1":null,"sp":[[8,2,2,0,null,null]]}},{"type":"Feature","geometry":{"type":"Polygon","coordinates":[[[-154.03754,60.96736],[-154.09541,60.94932],[-154.09509,60.91828],[-154.03704,60.90529],[-153.97925,60.92329],[-153.97943,60.95432],[-154.03754,60.96736]]]},"properties":{"cell":"860c56887ffffff","res":6,"coarsened":true,"count":2,"hv":2,"mp":0,"y0":null,"y1":null,"sp":[[12,2,2,0,null,null]]}},{"type":"Feature","geometry":{"type":"Polygon","coordinates":[[[-153.94888,60.50217],[-153.9512,60.50081],[-153.95003,60.49929],[-153.94654,60.49913],[-153.94422,60.50049],[-153.94539,60.50201],[-153.94888,60.50217]]]},"properties":{"cell":"890c5605967ffff","res":9,"coarsened":false,"count":7,"hv":7,"mp":0,"y0":null,"y1":null,"sp":[[19,3,3,0,null,null],[89,2,2,0,null,null],[22,1,1,0,null,null],[46,1,1,0,null,null]]}},{"type":"Feature","geometry":{"type":"Polygon","coordinates":[[[-153.94283,60.45052],[-153.94515,60.44916],[-153.94398,60.44764],[-153.9405,60.44748],[-153.93818,60.44884],[-153.93935,60.45036],[-153.94283,60.45052]]]},"properties":{"cell":"890c563a36bffff","res":9,"coarsened":false,"count":22,"hv":22,"mp":0,"y0":null,"y1":null,"sp":[[110,4,4,0,null,null],[5,3,3,0,null,null],[3,3,3,0,null,null],[93,2,2,0,null,null],[7,2,2,0,null,null],[94,2,2,0,null,null],[96,2,2,0,null,null],[21,1,1,0,null,null],[30,1,1,0,null,null],[109,1,1,0,null,null],[91,1,1,0,null,null]]}},{"type":"Feature","geometry":{"type":"Polygon","coordinates":[[[-153.94188,60.76074],[-153.94422,60.75938],[-153.94304,60.75785],[-153.93951,60.75769],[-153.93717,60.75905],[-153.93835,60.76058],[-153.94188,60.76074]]]},"properties":{"cell":"890c5617627ffff","res":9,"coarsened":false,"count":4,"hv":4,"mp":0,"y0":null,"y1":null,"sp":[[8,2,2,0,null,null],[105,1,1,0,null,null],[129,1,1,0,null,null]]}},{"type":"Feature","geometry":{"type":"Polygon","coordinates":[[[-153.92936,60.27112],[-153.93166,60.26976],[-153.9305,60.26824],[-153.92704,60.26808],[-153.92474,60.26944],[-153.9259,60.27096],[-153.92936,60.27112]]]},"properties":{"cell":"890c562ab0fffff","res":9,"coarsened":false,"count":8,"hv":8,"mp":0,"y0":null,"y1":null,"sp":[[19,3,3,0,null,null],[15,3,3,0,null,null],[66,1,1,0,null,null],[30,1,1,0,null,null]]}},{"type":"Feature","geometry":{"type":"Polygon","coordinates":[[[-153.93175,60.29172],[-153.93405,60.29036],[-153.93289,60.28884],[-153.92943,60.28868],[-153.92712,60.29004],[-153.92828,60.29156],[-153.93175,60.29172]]]},"properties":{"cell":"890c562a847ffff","res":9,"coarsened":false,"count":10,"hv":10,"mp":0,"y0":null,"y1":null,"sp":[[89,3,3,0,null,null],[19,3,3,0,null,null],[15,3,3,0,null,null],[66,1,1,0,null,null]]}},{"type":"Feature","geometry":{"type":"Polygon","coordinates":[[[-153.93123,60.45292],[-153.93355,60.45156],[-153.93238,60.45003],[-153.9289,60.44987],[-153.92658,60.45123],[-153.92775,60.45275],[-153.93123,60.45292]]]},"properties":{"cell":"890c563a377ffff","res":9,"coarsened":false,"count":23,"hv":23,"mp":0,"y0":null,"y1":null,"sp":[[7,4,4,0,null,null],[5,3,3,0,null,null],[91,3,3,0,null,null],[110,3,3,0,null,null],[87,3,3,0,null,null],[96,2,2,0,null,null],[93,2,2,0,null,null],[21,2,2,0,null,null],[40,1,1,0,null,null]]}},{"type":"Feature","geometry":{"type":"Polygon","coordinates":[[[-153.93268,60.81044],[-153.93503,60.80907],[-153.93385,60.80754],[-153.93032,60.80738],[-153.92797,60.80874],[-153.92915,60.81027],[-153.93268,60.81044]]]},"properties":{"cell":"890c5612d17ffff","res":9,"coarsened":false,"count":9,"hv":9,"mp":0,"y0":null,"y1":null,"sp":[[8,3,3,0,null,null],[100,2,2,0,null,null],[121,2,2,0,null,null],[103,1,1,0,null,null],[40,1,1,0,null,null]]}},{"type":"Feature","geometry":{"type":"Polygon","coordinates":[[[-153.92833,60.90172],[-153.93069,60.90035],[-153.9295,60.89882],[-153.92596,60.89866],[-153.9236,60.90002],[-153.92479,60.90155],[-153.92833,60.90172]]]},"properties":{"cell":"890c5688dabffff","res":9,"coarsened":false,"count":20,"hv":20,"mp":0,"y0":null,"y1":null,"sp":[[3,5,5,0,null,null],[110,3,3,0,null,null],[109,3,3,0,null,null],[8,2,2,0,null,null],[91,2,2,0,null,null],[87,2,2,0,null,null],[30,1,1,0,null,null],[19,1,1,0,null,null],[89,1,1,0,null,null]]}},{"type":"Feature","geometry":{"type":"Polygon","coordinates":[[[-153.92865,60.98151],[-153.93101,60.98014],[-153.92982,60.97861],[-153.92627,60.97844],[-153.9239,60.97981],[-153.9251,60.98135],[-153.92865,60.98151]]]},"properties":{"cell":"890c568124bffff","res":9,"coarsened":false,"count":43,"hv":43,"mp":0,"y0":null,"y1":null,"sp":[[46,7,7,0,null,null],[36,6,6,0,null,null],[109,5,5,0,null,null],[76,4,4,0,null,null],[15,4,4,0,null,null],[51,3,3,0,null,null],[19,3,3,0,null,null],[30,2,2,0,null,null],[3,2,2,0,null,null],[90,1,1,0,null,null],[115,1,1,0,null,null],[43,1,1,0,null,null],[126,1,1,0,null,null],[107,1,1,0,null,null],[41,1,1,0,null,null],[124,1,1,0,null,null]]}},{"type":"Feature","geometry":{"type":"Polygon","coordinates":[[[-153.91898,60.27064],[-153.92128,60.26928],[-153.92012,60.26776],[-153.91666,60.2676],[-153.91436,60.26896],[-153.91552,60.27048],[-153.91898,60.27064]]]},"properties":{"cell":"890c562ab33ffff","res":9,"coarsened":false,"count":9,"hv":9,"mp":0,"y0":null,"y1":null,"sp":[[19,3,3,0,null,null],[15,2,2,0,null,null],[102,2,2,0,null,null],[89,1,1,0,null,null],[66,1,1,0,null,null]]}},{"type":"Feature","geometry":{"type":"Polygon","coordinates":[[[-153.92136,60.29124],[-153.92366,60.28988],[-153.9225,60.28836],[-153.91904,60.2882],[-153.91674,60.28956],[-153.9179,60.29108],[-153.92136,60.29124]]]},"properties":{"cell":"890c562a80fffff","res":9,"coarsened":false,"count":13,"hv":13,"mp":0,"y0":null,"y1":null,"sp":[[89,3,3,0,null,null],[3,2,2,0,null,null],[15,2,2,0,null,null],[19,2,2,0,null,null],[94,2,2,0,null,null],[60,1,1,0,null,null],[101,1,1,0,null,null]]}},{"type":"Feature","geometry":{"type":"Polygon","coordinates":[[[-153.92078,60.45243],[-153.9231,60.45107],[-153.92193,60.44955],[-153.91845,60.44939],[-153.91613,60.45075],[-153.9173,60.45227],[-153.92078,60.45243]]]},"properties":{"cell":"890c563a323ffff","res":9,"coarsened":false,"count":18,"hv":18,"mp":0,"y0":null,"y1":null,"sp":[[91,5,5,0,null,null],[5,4,4,0,null,null],[21,2,2,0,null,null],[7,2,2,0,null,null],[3,1,1,0,null,null],[30,1,1,0,null,null],[110,1,1,0,null,null],[89,1,1,0,null,null],[93,1,1,0,null,null]]}},{"type":"Feature","geometry":{"type":"Polygon","coordinates":[[[-153.92213,60.5024],[-153.92445,60.50104],[-153.92328,60.49952],[-153.91979,60.49935],[-153.91747,60.50071],[-153.91864,60.50224],[-153.92213,60.5024]]]},"properties":{"cell":"890c563a4cfffff","res":9,"coarsened":false,"count":11,"hv":11,"mp":0,"y0":null,"y1":null,"sp":[[15,4,4,0,null,null],[19,3,3,0,null,null],[60,2,2,0,null,null],[120,1,1,0,null,null],[66,1,1,0,null,null]]}},{"type":"Feature","geometry":{"type":"Polygon","coordinates":[[[-153.91892,60.91162],[-153.92128,60.91025],[-153.92009,60.90872],[-153.91655,60.90855],[-153.91419,60.90992],[-153.91538,60.91145],[-153.91892,60.91162]]]},"properties":{"cell":"890c568f65bffff","res":9,"coarsened":false,"count":27,"hv":27,"mp":0,"y0":null,"y1":null,"sp":[[3,5,5,0,null,null],[19,4,4,0,null,null],[102,4,4,0,null,null],[91,3,3,0,null,null],[109,2,2,0,null,null],[94,2,2,0,null,null],[30,2,2,0,null,null],[89,2,2,0,null,null],[97,2,2,0,null,null],[5,1,1,0,null,null]]}},{"type":"Feature","geometry":{"type":"Polygon","coordinates":[[[-153.91921,60.99142],[-153.92157,60.99005],[-153.92038,60.98852],[-153.91683,60.98835],[-153.91446,60.98972],[-153.91565,60.99125],[-153.91921,60.99142]]]},"properties":{"cell":"890c56812dbffff","res":9,"coarsened":false,"count":21,"hv":21,"mp":0,"y0":null,"y1":null,"sp":[[109,4,4,0,null,null],[94,3,3,0,null,null],[15,3,3,0,null,null],[3,3,3,0,null,null],[19,2,2,0,null,null],[46,2,2,0,null,null],[60,1,1,0,null,null],[102,1,1,0,null,null],[63,1,1,0,null,null],[30,1,1,0,null,null]]}},{"type":"Feature","geometry":{"type":"Polygon","coordinates":[[[-153.91153,60.46227],[-153.91385,60.46091],[-153.91268,60.45939],[-153.9092,60.45923],[-153.90688,60.46059],[-153.90804,60.46211],[-153.91153,60.46227]]]},"properties":{"cell":"890c563a3b3ffff","res":9,"coarsened":false,"count":26,"hv":26,"mp":0,"y0":null,"y1":null,"sp":[[5,6,6,0,null,null],[110,3,3,0,null,null],[3,3,3,0,null,null],[93,2,2,0,null,null],[89,2,2,0,null,null],[91,2,2,0,null,null],[7,2,2,0,null,null],[109,2,2,0,null,null],[87,1,1,0,null,null],[96,1,1,0,null,null],[21,1,1,0,null,null],[39,1,1,0,null,null]]}},{"type":"Feature","geometry":{"type":"Polygon","coordinates":[[[-153.90829,60.91112],[-153.91065,60.90975],[-153.90946,60.90822],[-153.90592,60.90805],[-153.90356,60.90942],[-153.90474,60.91095],[-153.90829,60.91112]]]},"properties":{"cell":"890c568f657ffff","res":9,"coarsened":false,"count":15,"hv":15,"mp":0,"y0":null,"y1":null,"sp":[[5,2,2,0,null,null],[60,2,2,0,null,null],[91,2,2,0,null,null],[94,2,2,0,null,null],[109,2,2,0,null,null],[110,2,2,0,null,null],[15,1,1,0,null,null],[3,1,1,0,null,null],[30,1,1,0,null,null]]}},{"type":"Feature","geometry":{"type":"Polygon","coordinates":[[[-153.91207,60.98221],[-153.91443,60.98085],[-153.91324,60.97931],[-153.90969,60.97914],[-153.90732,60.98051],[-153.90851,60.98205],[-153.91207,60.98221]]]},"properties":{"cell":"890c568120bffff","res":9,"coarsened":false,"count":30,"hv":30,"mp":0,"y0":null,"y1":null,"sp":[[19,7,7,0,null,null],[102,4,4,0,null,null],[109,2,2,0,null,null],[63,2,2,0,null,null],[94,2,2,0,null,null],[107,2,2,0,null,null],[30,2,2,0,null,null],[3,2,2,0,null,null],[106,2,2,0,null,null],[14,2,2,0,null,null],[15,1,1,0,null,null],[4,1,1,0,null,null],[82,1,1,0,null,null]]}},{"type":"Feature","geometry":{"type":"Polygon","coordinates":[[[-153.90108,60.46179],[-153.90339,60.46043],[-153.90223,60.45891],[-153.89874,60.45874],[-153.89643,60.4601],[-153.89759,60.46163],[-153.90108,60.46179]]]},"properties":{"cell":"890c563a17bffff","res":9,"coarsened":false,"count":20,"hv":20,"mp":0,"y0":null,"y1":null,"sp":[[5,5,5,0,null,null],[91,3,3,0,null,null],[7,3,3,0,null,null],[96,2,2,0,null,null],[110,2,2,0,null,null],[93,2,2,0,null,null],[3,1,1,0,null,null],[89,1,1,0,null,null],[129,1,1,0,null,null]]}},{"type":"Feature","geometry":{"type":"Polygon","coordinates":[[[-153.90117,60.90192],[-153.90353,60.90056],[-153.90235,60.89903],[-153.8988,60.89886],[-153.89645,60.90022],[-153.89763,60.90176],[-153.90117,60.90192]]]},"properties":{"cell":"890c568f667ffff","res":9,"coarsened":false,"count":9,"hv":9,"mp":0,"y0":null,"y1":null,"sp":[[8,3,3,0,null,null],[103,2,2,0,null,null],[87,2,2,0,null,null],[109,1,1,0,null,null],[135,1,1,0,null,null]]}},{"type":"Feature","geometry":{"type":"Polygon","coordinates":[[[-153.90239,60.91232],[-153.90474,60.91095],[-153.90356,60.90942],[-153.90001,60.90925],[-153.89766,60.91062],[-153.89884,60.91215],[-153.90239,60.91232]]]},"properties":{"cell":"890c568f61bffff","res":9,"coarsened":false,"count":15,"hv":15,"mp":0,"y0":null,"y1":null,"sp":[[3,3,3,0,null,null],[110,3,3,0,null,null],[91,2,2,0,null,null],[30,2,2,0,null,null],[5,2,2,0,null,null],[109,2,2,0,null,null],[87,1,1,0,null,null]]}},{"type":"Feature","geometry":{"type":"Polygon","coordinates":[[[-153.89128,60.26057],[-153.89358,60.25922],[-153.89243,60.2577],[-153.88897,60.25754],[-153.88667,60.2589],[-153.88782,60.26041],[-153.89128,60.26057]]]},"properties":{"cell":"890c562f607ffff","res":9,"coarsened":false,"count":9,"hv":9,"mp":0,"y0":null,"y1":null,"sp":[[19,3,3,0,null,null],[15,2,2,0,null,null],[60,2,2,0,null,null],[94,1,1,0,null,null],[102,1,1,0,null,null]]}},{"type":"Feature","geometry":{"type":"Polygon","coordinates":[[[-153.89062,60.4613],[-153.89294,60.45994],[-153.89178,60.45842],[-153.88829,60.45826],[-153.88597,60.45962],[-153.88714,60.46114],[-153.89062,60.4613]]]},"properties":{"cell":"890c563a177ffff","res":9,"coarsened":false,"count":20,"hv":20,"mp":0,"y0":null,"y1":null,"sp":[[110,4,4,0,null,null],[5,4,4,0,null,null],[40,3,3,0,null,null],[91,2,2,0,null,null],[93,2,2,0,null,null],[7,2,2,0,null,null],[96,1,1,0,null,null],[87,1,1,0,null,null],[3,1,1,0,null,null]]}},{"type":"Feature","geometry":{"type":"Polygon","coordinates":[[[-153.89165,60.87195],[-153.89401,60.87059],[-153.89282,60.86905],[-153.88928,60.86889],[-153.88693,60.87025],[-153.88811,60.87178],[-153.89165,60.87195]]]},"properties":{"cell":"890c568d4b7ffff","res":9,"coarsened":false,"count":5,"hv":5,"mp":0,"y0":null,"y1":null,"sp":[[8,4,4,0,null,null],[105,1,1,0,null,null]]}},{"type":"Feature","geometry":{"type":"Polygon","coordinates":[[[-153.89054,60.90142],[-153.8929,60.90006],[-153.89172,60.89853],[-153.88818,60.89836],[-153.88582,60.89972],[-153.887,60.90126],[-153.89054,60.90142]]]},"properties":{"cell":"890c568f62fffff","res":9,"coarsened":false,"count":11,"hv":11,"mp":0,"y0":null,"y1":null,"sp":[[103,4,4,0,null,null],[109,2,2,0,null,null],[8,2,2,0,null,null],[5,1,1,0,null,null],[63,1,1,0,null,null],[87,1,1,0,null,null]]}},{"type":"Feature","geometry":{"type":"Polygon","coordinates":[[[-153.88017,60.46081],[-153.88249,60.45945],[-153.88133,60.45793],[-153.87784,60.45777],[-153.87552,60.45913],[-153.87669,60.46065],[-153.88017,60.46081]]]},"properties":{"cell":"890c563a123ffff","res":9,"coarsened":false,"count":18,"hv":18,"mp":0,"y0":null,"y1":null,"sp":[[5,6,6,0,null,null],[7,3,3,0,null,null],[93,2,2,0,null,null],[96,2,2,0,null,null],[91,2,2,0,null,null],[21,1,1,0,null,null],[89,1,1,0,null,null],[110,1,1,0,null,null]]}},{"type":"Feature","geometry":{"type":"Polygon","coordinates":[[[-153.87983,60.86106],[-153.88219,60.8597],[-153.88101,60.85817],[-153.87747,60.858],[-153.87512,60.85937],[-153.8763,60.8609],[-153.87983,60.86106]]]},"properties":{"cell":"890c568d513ffff","res":9,"coarsened":false,"count":14,"hv":14,"mp":0,"y0":null,"y1":null,"sp":[[121,4,4,0,null,null],[8,4,4,0,null,null],[105,3,3,0,null,null],[103,2,2,0,null,null],[41,1,1,0,null,null]]}},{"type":"Feature","geometry":{"type":"Polygon","coordinates":[[[-153.86939,60.26248],[-153.87169,60.26113],[-153.87054,60.25961],[-153.86708,60.25945],[-153.86478,60.26081],[-153.86593,60.26232],[-153.86939,60.26248]]]},"properties":{"cell":"890c562f46bffff","res":9,"coarsened":false,"count":17,"hv":17,"mp":0,"y0":null,"y1":null,"sp":[[19,6,6,0,null,null],[15,5,5,0,null,null],[94,2,2,0,null,null],[102,1,1,0,null,null],[40,1,1,0,null,null],[3,1,1,0,null,null],[14,1,1,0,null,null]]}},{"type":"Feature","geometry":{"type":"Polygon","coordinates":[[[-153.86972,60.46032],[-153.87204,60.45897],[-153.87088,60.45744],[-153.86739,60.45728],[-153.86507,60.45864],[-153.86624,60.46016],[-153.86972,60.46032]]]},"properties":{"cell":"890c563accbffff","res":9,"coarsened":false,"count":13,"hv":13,"mp":0,"y0":null,"y1":null,"sp":[[5,3,3,0,null,null],[110,2,2,0,null,null],[7,2,2,0,null,null],[94,2,2,0,null,null],[40,1,1,0,null,null],[93,1,1,0,null,null],[96,1,1,0,null,null],[89,1,1,0,null,null]]}},{"type":"Feature","geometry":{"type":"Polygon","coordinates":[[[-153.87274,60.85188],[-153.8751,60.85051],[-153.87392,60.84898],[-153.87038,60.84881],[-153.86803,60.85018],[-153.86921,60.85171],[-153.87274,60.85188]]]},"properties":{"cell":"890c568d523ffff","res":9,"coarsened":false,"count":17,"hv":17,"mp":0,"y0":null,"y1":null,"sp":[[8,4,4,0,null,null],[121,4,4,0,null,null],[103,4,4,0,null,null],[105,3,3,0,null,null],[93,2,2,0,null,null]]}},{"type":"Feature","geometry":{"type":"Polygon","coordinates":[[[-153.86339,60.90162],[-153.86575,60.90025],[-153.86456,60.89872],[-153.86102,60.89855],[-153.85866,60.89992],[-153.85985,60.90145],[-153.86339,60.90162]]]},"properties":{"cell":"890c568f013ffff","res":9,"coarsened":false,"count":10,"hv":10,"mp":0,"y0":null,"y1":null,"sp":[[118,2,2,0,null,null],[87,2,2,0,null,null],[5,2,2,0,null,null],[35,1,1,0,null,null],[30,1,1,0,null,null],[103,1,1,0,null,null],[8,1,1,0,null,null]]}},{"type":"Feature","geometry":{"type":"Polygon","coordinates":[[[-153.84072,60.49272],[-153.84304,60.49136],[-153.84188,60.48984],[-153.83839,60.48968],[-153.83607,60.49103],[-153.83723,60.49256],[-153.84072,60.49272]]]},"properties":{"cell":"890c563160fffff","res":9,"coarsened":false,"count":7,"hv":7,"mp":0,"y0":null,"y1":null,"sp":[[15,3,3,0,null,null],[89,2,2,0,null,null],[60,1,1,0,null,null],[21,1,1,0,null,null]]}},{"type":"Feature","geometry":{"type":"Polygon","coordinates":[[[-153.8384,60.5117],[-153.84073,60.51034],[-153.83956,60.50882],[-153.83607,60.50865],[-153.83375,60.51001],[-153.83491,60.51154],[-153.8384,60.5117]]]},"properties":{"cell":"890c5604973ffff","res":9,"coarsened":false,"count":13,"hv":13,"mp":0,"y0":null,"y1":null,"sp":[[5,3,3,0,null,null],[89,3,3,0,null,null],[91,3,3,0,null,null],[106,1,1,0,null,null],[40,1,1,0,null,null],[39,1,1,0,null,null],[15,1,1,0,null,null]]}},{"type":"Feature","geometry":{"type":"Polygon","coordinates":[[[-153.84445,60.84169],[-153.84681,60.84032],[-153.84563,60.83879],[-153.8421,60.83862],[-153.83974,60.83999],[-153.84092,60.84152],[-153.84445,60.84169]]]},"properties":{"cell":"890c568c23bffff","res":9,"coarsened":false,"count":12,"hv":12,"mp":0,"y0":null,"y1":null,"sp":[[8,4,4,0,null,null],[103,4,4,0,null,null],[121,2,2,0,null,null],[41,1,1,0,null,null],[35,1,1,0,null,null]]}},{"type":"Feature","geometry":{"type":"Polygon","coordinates":[[[-153.84095,60.89022],[-153.84331,60.88886],[-153.84213,60.88732],[-153.83859,60.88716],[-153.83623,60.88852],[-153.83741,60.89005],[-153.84095,60.89022]]]},"properties":{"cell":"890c568f1cfffff","res":9,"coarsened":false,"count":25,"hv":25,"mp":0,"y0":null,"y1":null,"sp":[[90,7,7,0,null,null],[17,5,5,0,null,null],[103,3,3,0,null,null],[8,2,2,0,null,null],[93,2,2,0,null,null],[87,2,2,0,null,null],[5,1,1,0,null,null],[129,1,1,0,null,null],[101,1,1,0,null,null],[110,1,1,0,null,null]]}},{"type":"Feature","geometry":{"type":"Polygon","coordinates":[[[-153.83387,60.88103],[-153.83623,60.87966],[-153.83505,60.87813],[-153.83151,60.87796],[-153.82915,60.87933],[-153.83033,60.88086],[-153.83387,60.88103]]]},"properties":{"cell":"890c568f177ffff","res":9,"coarsened":false,"count":24,"hv":24,"mp":0,"y0":null,"y1":null,"sp":[[5,4,4,0,null,null],[110,4,4,0,null,null],[109,4,4,0,null,null],[8,2,2,0,null,null],[103,2,2,0,null,null],[30,2,2,0,null,null],[87,2,2,0,null,null],[7,1,1,0,null,null],[116,1,1,0,null,null],[41,1,1,0,null,null],[35,1,1,0,null,null]]}},{"type":"Feature","geometry":{"type":"Polygon","coordinates":[[[-153.82211,60.55206],[-153.82444,60.5507],[-153.82328,60.54918],[-153.81978,60.54901],[-153.81745,60.55037],[-153.81862,60.5519],[-153.82211,60.55206]]]},"properties":{"cell":"890c5606b73ffff","res":9,"coarsened":false,"count":21,"hv":21,"mp":0,"y0":null,"y1":null,"sp":[[109,3,3,0,null,null],[19,2,2,0,null,null],[60,2,2,0,null,null],[21,2,2,0,null,null],[14,2,2,0,null,null],[15,2,2,0,null,null],[87,2,2,0,null,null],[5,2,2,0,null,null],[89,1,1,0,null,null],[91,1,1,0,null,null],[30,1,1,0,null,null],[7,1,1,0,null,null]]}},{"type":"Feature","geometry":{"type":"Polygon","coordinates":[[[-153.8023,60.56141],[-153.80463,60.56005],[-153.80347,60.55853],[-153.79998,60.55836],[-153.79764,60.55972],[-153.79881,60.56124],[-153.8023,60.56141]]]},"properties":{"cell":"890c5606b87ffff","res":9,"coarsened":false,"count":33,"hv":33,"mp":0,"y0":null,"y1":null,"sp":[[5,5,5,0,null,null],[15,4,4,0,null,null],[109,3,3,0,null,null],[91,3,3,0,null,null],[3,3,3,0,null,null],[19,3,3,0,null,null],[60,2,2,0,null,null],[102,2,2,0,null,null],[110,2,2,0,null,null],[94,1,1,0,null,null],[30,1,1,0,null,null],[87,1,1,0,null,null],[89,1,1,0,null,null],[93,1,1,0,null,null],[21,1,1,0,null,null]]}},{"type":"Feature","geometry":{"type":"Polygon","coordinates":[[[-153.78962,60.46095],[-153.79195,60.4596],[-153.79079,60.45807],[-153.78731,60.45791],[-153.78498,60.45927],[-153.78614,60.46079],[-153.78962,60.46095]]]},"properties":{"cell":"890c5631ed3ffff","res":9,"coarsened":false,"count":14,"hv":14,"mp":0,"y0":null,"y1":null,"sp":[[5,3,3,0,null,null],[60,2,2,0,null,null],[19,2,2,0,null,null],[3,1,1,0,null,null],[21,1,1,0,null,null],[109,1,1,0,null,null],[44,1,1,0,null,null],[94,1,1,0,null,null],[107,1,1,0,null,null],[59,1,1,0,null,null]]}},{"type":"Feature","geometry":{"type":"Polygon","coordinates":[[[-153.79307,60.49194],[-153.79539,60.49058],[-153.79423,60.48906],[-153.79075,60.48889],[-153.78842,60.49025],[-153.78958,60.49177],[-153.79307,60.49194]]]},"properties":{"cell":"890c5631097ffff","res":9,"coarsened":false,"count":6,"hv":6,"mp":0,"y0":null,"y1":null,"sp":[[15,3,3,0,null,null],[89,2,2,0,null,null],[21,1,1,0,null,null]]}},{"type":"Feature","geometry":{"type":"Polygon","coordinates":[[[-153.79182,60.56091],[-153.79415,60.55955],[-153.79299,60.55803],[-153.78949,60.55786],[-153.78716,60.55922],[-153.78832,60.56075],[-153.79182,60.56091]]]},"properties":{"cell":"890c560694fffff","res":9,"coarsened":false,"count":18,"hv":18,"mp":0,"y0":null,"y1":null,"sp":[[5,5,5,0,null,null],[15,3,3,0,null,null],[91,2,2,0,null,null],[30,2,2,0,null,null],[3,2,2,0,null,null],[60,1,1,0,null,null],[109,1,1,0,null,null],[89,1,1,0,null,null],[21,1,1,0,null,null]]}},{"type":"Feature","geometry":{"type":"Polygon","coordinates":[[[-153.78382,60.46215],[-153.78614,60.46079],[-153.78498,60.45927],[-153.7815,60.4591],[-153.77918,60.46046],[-153.78034,60.46198],[-153.78382,60.46215]]]},"properties":{"cell":"890c563116fffff","res":9,"coarsened":false,"count":31,"hv":31,"mp":0,"y0":null,"y1":null,"sp":[[5,5,5,0,null,null],[15,5,5,0,null,null],[60,4,4,0,null,null],[21,4,4,0,null,null],[19,3,3,0,null,null],[102,2,2,0,null,null],[3,2,2,0,null,null],[65,2,2,0,null,null],[41,2,2,0,null,null],[44,1,1,0,null,null],[51,1,1,0,null,null]]}},{"type":"Feature","geometry":{"type":"Polygon","coordinates":[[[-153.78369,60.54142],[-153.78602,60.54007],[-153.78486,60.53854],[-153.78137,60.53838],[-153.77904,60.53973],[-153.7802,60.54126],[-153.78369,60.54142]]]},"properties":{"cell":"890c563360fffff","res":9,"coarsened":false,"count":8,"hv":8,"mp":0,"y0":null,"y1":null,"sp":[[5,3,3,0,null,null],[8,3,3,0,null,null],[109,1,1,0,null,null],[21,1,1,0,null,null]]}},{"type":"Feature","geometry":{"type":"Polygon","coordinates":[[[-153.78248,60.57075],[-153.78481,60.5694],[-153.78365,60.56787],[-153.78016,60.5677],[-153.77782,60.56906],[-153.77898,60.57059],[-153.78248,60.57075]]]},"properties":{"cell":"890c56069c3ffff","res":9,"coarsened":false,"count":30,"hv":30,"mp":0,"y0":null,"y1":null,"sp":[[109,5,5,0,null,null],[5,4,4,0,null,null],[19,3,3,0,null,null],[15,3,3,0,null,null],[94,3,3,0,null,null],[3,2,2,0,null,null],[91,2,2,0,null,null],[21,2,2,0,null,null],[30,2,2,0,null,null],[40,1,1,0,null,null],[60,1,1,0,null,null],[89,1,1,0,null,null],[14,1,1,0,null,null]]}},{"type":"Feature","geometry":{"type":"Polygon","coordinates":[[[-153.76987,60.47029],[-153.7722,60.46893],[-153.77104,60.46741],[-153.76756,60.46724],[-153.76523,60.4686],[-153.76639,60.47012],[-153.76987,60.47029]]]},"properties":{"cell":"890c5631107ffff","res":9,"coarsened":false,"count":16,"hv":16,"mp":0,"y0":null,"y1":null,"sp":[[102,3,3,0,null,null],[19,3,3,0,null,null],[15,2,2,0,null,null],[109,2,2,0,null,null],[60,2,2,0,null,null],[43,1,1,0,null,null],[41,1,1,0,null,null],[5,1,1,0,null,null],[3,1,1,0,null,null]]}},{"type":"Feature","geometry":{"type":"Polygon","coordinates":[[[-153.77199,60.57026],[-153.77433,60.5689],[-153.77316,60.56737],[-153.76967,60.56721],[-153.76734,60.56856],[-153.7685,60.57009],[-153.77199,60.57026]]]},"properties":{"cell":"890c560698bffff","res":9,"coarsened":false,"count":9,"hv":9,"mp":0,"y0":null,"y1":null,"sp":[[109,3,3,0,null,null],[5,2,2,0,null,null],[110,2,2,0,null,null],[21,1,1,0,null,null],[15,1,1,0,null,null]]}},{"type":"Feature","geometry":{"type":"Polygon","coordinates":[[[-153.7616,60.53009],[-153.76393,60.52873],[-153.76277,60.52721],[-153.75928,60.52704],[-153.75695,60.5284],[-153.75811,60.52992],[-153.7616,60.53009]]]},"properties":{"cell":"890c5633047ffff","res":9,"coarsened":false,"count":8,"hv":8,"mp":0,"y0":null,"y1":null,"sp":[[8,4,4,0,null,null],[5,3,3,0,null,null],[93,1,1,0,null,null]]}},{"type":"Feature","geometry":{"type":"Polygon","coordinates":[[[-153.74985,60.57214],[-153.75218,60.57078],[-153.75102,60.56925],[-153.74752,60.56909],[-153.74519,60.57044],[-153.74635,60.57197],[-153.74985,60.57214]]]},"properties":{"cell":"890c56a9a43ffff","res":9,"coarsened":false,"count":9,"hv":9,"mp":0,"y0":null,"y1":null,"sp":[[3,3,3,0,null,null],[5,2,2,0,null,null],[15,2,2,0,null,null],[19,1,1,0,null,null],[91,1,1,0,null,null]]}},{"type":"Feature","geometry":{"type":"Polygon","coordinates":[[[-153.61237,60.14209],[-153.61467,60.14074],[-153.61354,60.13922],[-153.6101,60.13906],[-153.6078,60.14041],[-153.60893,60.14192],[-153.61237,60.14209]]]},"properties":{"cell":"890c505868bffff","res":9,"coarsened":false,"count":10,"hv":10,"mp":0,"y0":null,"y1":null,"sp":[[5,3,3,0,null,null],[91,3,3,0,null,null],[89,2,2,0,null,null],[21,1,1,0,null,null],[3,1,1,0,null,null]]}},{"type":"Feature","geometry":{"type":"Polygon","coordinates":[[[-153.60992,60.16096],[-153.61223,60.15961],[-153.61109,60.15809],[-153.60766,60.15793],[-153.60535,60.15928],[-153.60649,60.16079],[-153.60992,60.16096]]]},"properties":{"cell":"890c505b1c7ffff","res":9,"coarsened":false,"count":4,"hv":4,"mp":0,"y0":null,"y1":null,"sp":[[8,3,3,0,null,null],[5,1,1,0,null,null]]}},{"type":"Feature","geometry":{"type":"Polygon","coordinates":[[[-153.36935,60.42276],[-153.37168,60.42141],[-153.37055,60.41989],[-153.36708,60.41971],[-153.36475,60.42106],[-153.36588,60.42258],[-153.36935,60.42276]]]},"properties":{"cell":"890c5636ea3ffff","res":9,"coarsened":false,"count":6,"hv":6,"mp":0,"y0":null,"y1":null,"sp":[[93,3,3,0,null,null],[89,2,2,0,null,null],[21,1,1,0,null,null]]}},{"type":"Feature","geometry":{"type":"Polygon","coordinates":[[[-153.35894,60.42223],[-153.36128,60.42088],[-153.36015,60.41936],[-153.35668,60.41918],[-153.35435,60.42053],[-153.35548,60.42205],[-153.35894,60.42223]]]},"properties":{"cell":"890c5636c6bffff","res":9,"coarsened":false,"count":14,"hv":14,"mp":0,"y0":null,"y1":null,"sp":[[21,6,6,0,null,null],[5,4,4,0,null,null],[91,2,2,0,null,null],[93,1,1,0,null,null],[89,1,1,0,null,null]]}},{"type":"Feature","geometry":{"type":"Polygon","coordinates":[[[-153.2898,61.0402],[-153.29219,61.03885],[-153.29104,61.03731],[-153.28749,61.03712],[-153.2851,61.03848],[-153.28625,61.04002],[-153.2898,61.0402]]]},"properties":{"cell":"890c544b4cbffff","res":9,"coarsened":false,"count":14,"hv":14,"mp":0,"y0":null,"y1":null,"sp":[[3,4,4,0,null,null],[92,3,3,0,null,null],[19,3,3,0,null,null],[97,2,2,0,null,null],[110,1,1,0,null,null],[15,1,1,0,null,null]]}},{"type":"Feature","geometry":{"type":"Polygon","coordinates":[[[-153.28385,61.04137],[-153.28625,61.04002],[-153.2851,61.03848],[-153.28155,61.03829],[-153.27915,61.03965],[-153.2803,61.04119],[-153.28385,61.04137]]]},"properties":{"cell":"890c544b4c3ffff","res":9,"coarsened":false,"count":17,"hv":17,"mp":0,"y0":null,"y1":null,"sp":[[19,4,4,0,null,null],[3,3,3,0,null,null],[92,2,2,0,null,null],[30,2,2,0,null,null],[89,2,2,0,null,null],[49,1,1,0,null,null],[91,1,1,0,null,null],[110,1,1,0,null,null],[15,1,1,0,null,null]]}},{"type":"Feature","geometry":{"type":"Polygon","coordinates":[[[-153.27321,61.04082],[-153.2756,61.03947],[-153.27445,61.03793],[-153.2709,61.03774],[-153.26851,61.0391],[-153.26966,61.04064],[-153.27321,61.04082]]]},"properties":{"cell":"890c544b48bffff","res":9,"coarsened":false,"count":27,"hv":27,"mp":0,"y0":null,"y1":null,"sp":[[19,7,7,0,null,null],[15,5,5,0,null,null],[4,3,3,0,null,null],[66,2,2,0,null,null],[3,2,2,0,null,null],[94,2,2,0,null,null],[89,2,2,0,null,null],[109,1,1,0,null,null],[60,1,1,0,null,null],[91,1,1,0,null,null],[22,1,1,0,null,null]]}},{"type":"Feature","geometry":{"type":"Polygon","coordinates":[[[-153.26352,61.05067],[-153.26592,61.04932],[-153.26477,61.04778],[-153.26122,61.04759],[-153.25882,61.04895],[-153.25997,61.05049],[-153.26352,61.05067]]]},"properties":{"cell":"890c5459a3bffff","res":9,"coarsened":false,"count":16,"hv":16,"mp":0,"y0":null,"y1":null,"sp":[[19,6,6,0,null,null],[109,3,3,0,null,null],[4,3,3,0,null,null],[15,2,2,0,null,null],[89,1,1,0,null,null],[24,1,1,0,null,null]]}},{"type":"Feature","geometry":{"type":"Polygon","coordinates":[[[-153.97383,60.80203],[-153.97618,60.80066],[-153.97499,60.79913],[-153.97146,60.79897],[-153.96911,60.80033],[-153.9703,60.80186],[-153.97383,60.80203]]]},"properties":{"cell":"890c5612817ffff","res":9,"coarsened":false,"count":6,"hv":6,"mp":0,"y0":null,"y1":null,"sp":[[103,2,2,0,null,null],[109,1,1,0,null,null],[5,1,1,0,null,null],[8,1,1,0,null,null],[21,1,1,0,null,null]]}},{"type":"Feature","geometry":{"type":"Polygon","coordinates":[[[-153.94093,60.2819],[-153.94324,60.28054],[-153.94208,60.27902],[-153.93861,60.27886],[-153.93631,60.28022],[-153.93747,60.28174],[-153.94093,60.2819]]]},"properties":{"cell":"890c562abdbffff","res":9,"coarsened":false,"count":7,"hv":7,"mp":0,"y0":null,"y1":null,"sp":[[19,3,3,0,null,null],[102,2,2,0,null,null],[15,1,1,0,null,null],[60,1,1,0,null,null]]}},{"type":"Feature","geometry":{"type":"Polygon","coordinates":[[[-153.94328,60.81093],[-153.94563,60.80956],[-153.94444,60.80803],[-153.94091,60.80787],[-153.93856,60.80924],[-153.93975,60.81077],[-153.94328,60.81093]]]},"properties":{"cell":"890c5612d1bffff","res":9,"coarsened":false,"count":7,"hv":7,"mp":0,"y0":null,"y1":null,"sp":[[127,2,2,0,null,null],[155,2,2,0,null,null],[103,1,1,0,null,null],[8,1,1,0,null,null],[121,1,1,0,null,null]]}},{"type":"Feature","geometry":{"type":"Polygon","coordinates":[[[-153.93055,60.28142],[-153.93285,60.28006],[-153.93169,60.27854],[-153.92823,60.27838],[-153.92593,60.27974],[-153.92709,60.28126],[-153.93055,60.28142]]]},"properties":{"cell":"890c562abd7ffff","res":9,"coarsened":false,"count":8,"hv":8,"mp":0,"y0":null,"y1":null,"sp":[[19,3,3,0,null,null],[89,3,3,0,null,null],[15,2,2,0,null,null]]}},{"type":"Feature","geometry":{"type":"Polygon","coordinates":[[[-153.93294,60.30202],[-153.93524,60.30067],[-153.93408,60.29915],[-153.93062,60.29899],[-153.92832,60.30035],[-153.92948,60.30186],[-153.93294,60.30202]]]},"properties":{"cell":"890c562a8dbffff","res":9,"coarsened":false,"count":16,"hv":16,"mp":0,"y0":null,"y1":null,"sp":[[15,4,4,0,null,null],[89,3,3,0,null,null],[91,2,2,0,null,null],[19,2,2,0,null,null],[94,2,2,0,null,null],[3,2,2,0,null,null],[5,1,1,0,null,null]]}},{"type":"Feature","geometry":{"type":"Polygon","coordinates":[[[-153.93114,60.72047],[-153.93348,60.7191],[-153.9323,60.71757],[-153.92878,60.71741],[-153.92644,60.71877],[-153.92762,60.7203],[-153.93114,60.72047]]]},"properties":{"cell":"890c561558fffff","res":9,"coarsened":false,"count":3,"hv":3,"mp":0,"y0":null,"y1":null,"sp":[[112,2,2,0,null,null],[128,1,1,0,null,null]]}},{"type":"Feature","geometry":{"type":"Polygon","coordinates":[[[-153.92243,60.90292],[-153.92479,60.90155],[-153.9236,60.90002],[-153.92006,60.89986],[-153.9177,60.90122],[-153.91889,60.90275],[-153.92243,60.90292]]]},"properties":{"cell":"890c5688da3ffff","res":9,"coarsened":false,"count":9,"hv":9,"mp":0,"y0":null,"y1":null,"sp":[[87,4,4,0,null,null],[5,1,1,0,null,null],[109,1,1,0,null,null],[103,1,1,0,null,null],[8,1,1,0,null,null],[93,1,1,0,null,null]]}},{"type":"Feature","geometry":{"type":"Polygon","coordinates":[[[-153.9118,60.90242],[-153.91416,60.90106],[-153.91297,60.89952],[-153.90943,60.89936],[-153.90707,60.90072],[-153.90826,60.90226],[-153.9118,60.90242]]]},"properties":{"cell":"890c568f66bffff","res":9,"coarsened":false,"count":8,"hv":8,"mp":0,"y0":null,"y1":null,"sp":[[8,3,3,0,null,null],[109,2,2,0,null,null],[87,2,2,0,null,null],[103,1,1,0,null,null]]}},{"type":"Feature","geometry":{"type":"Polygon","coordinates":[[[-153.89246,60.27087],[-153.89476,60.26952],[-153.89361,60.268],[-153.89015,60.26784],[-153.88785,60.2692],[-153.889,60.27071],[-153.89246,60.27087]]]},"properties":{"cell":"890c562f69bffff","res":9,"coarsened":false,"count":5,"hv":5,"mp":0,"y0":null,"y1":null,"sp":[[19,3,3,0,null,null],[15,2,2,0,null,null]]}},{"type":"Feature","geometry":{"type":"Polygon","coordinates":[[[-153.87992,60.90092],[-153.88228,60.89956],[-153.88109,60.89802],[-153.87755,60.89786],[-153.87519,60.89922],[-153.87637,60.90076],[-153.87992,60.90092]]]},"properties":{"cell":"890c568f053ffff","res":9,"coarsened":false,"count":16,"hv":16,"mp":0,"y0":null,"y1":null,"sp":[[110,4,4,0,null,null],[5,3,3,0,null,null],[30,3,3,0,null,null],[3,2,2,0,null,null],[87,2,2,0,null,null],[91,1,1,0,null,null],[109,1,1,0,null,null]]}},{"type":"Feature","geometry":{"type":"Polygon","coordinates":[[[-153.84305,60.50017],[-153.84537,60.49881],[-153.84421,60.49729],[-153.84072,60.49713],[-153.83839,60.49848],[-153.83956,60.50001],[-153.84305,60.50017]]]},"properties":{"cell":"890c56316c7ffff","res":9,"coarsened":false,"count":12,"hv":12,"mp":0,"y0":null,"y1":null,"sp":[[15,3,3,0,null,null],[60,2,2,0,null,null],[89,2,2,0,null,null],[19,2,2,0,null,null],[5,2,2,0,null,null],[21,1,1,0,null,null]]}},{"type":"Feature","geometry":{"type":"Polygon","coordinates":[[[-153.80237,60.4821],[-153.8047,60.48075],[-153.80354,60.47922],[-153.80005,60.47906],[-153.79773,60.48042],[-153.79889,60.48194],[-153.80237,60.4821]]]},"properties":{"cell":"890c5631007ffff","res":9,"coarsened":false,"count":6,"hv":6,"mp":0,"y0":null,"y1":null,"sp":[[15,3,3,0,null,null],[19,2,2,0,null,null],[93,1,1,0,null,null]]}},{"type":"Feature","geometry":{"type":"Polygon","coordinates":[[[-153.79192,60.48161],[-153.79424,60.48025],[-153.79308,60.47873],[-153.7896,60.47856],[-153.78727,60.47992],[-153.78843,60.48144],[-153.79192,60.48161]]]},"properties":{"cell":"890c56310afffff","res":9,"coarsened":false,"count":10,"hv":10,"mp":0,"y0":null,"y1":null,"sp":[[15,3,3,0,null,null],[89,2,2,0,null,null],[60,2,2,0,null,null],[21,1,1,0,null,null],[46,1,1,0,null,null],[95,1,1,0,null,null]]}},{"type":"Feature","geometry":{"type":"Polygon","coordinates":[[[-153.79067,60.55057],[-153.793,60.54921],[-153.79183,60.54769],[-153.78834,60.54752],[-153.78601,60.54888],[-153.78717,60.55041],[-153.79067,60.55057]]]},"properties":{"cell":"890c56336c3ffff","res":9,"coarsened":false,"count":4,"hv":4,"mp":0,"y0":null,"y1":null,"sp":[[5,2,2,0,null,null],[109,1,1,0,null,null],[8,1,1,0,null,null]]}},{"type":"Feature","geometry":{"type":"Polygon","coordinates":[[[-153.77101,60.48062],[-153.77334,60.47926],[-153.77218,60.47774],[-153.7687,60.47757],[-153.76637,60.47893],[-153.76753,60.48045],[-153.77101,60.48062]]]},"properties":{"cell":"890c563119bffff","res":9,"coarsened":false,"count":1,"hv":1,"mp":0,"y0":null,"y1":null,"sp":[[48,1,1,0,null,null]]}},{"type":"Feature","geometry":{"type":"Polygon","coordinates":[[[-153.76407,60.47148],[-153.76639,60.47012],[-153.76523,60.4686],[-153.76175,60.46843],[-153.75943,60.46979],[-153.76058,60.47131],[-153.76407,60.47148]]]},"properties":{"cell":"890c56311abffff","res":9,"coarsened":false,"count":15,"hv":15,"mp":0,"y0":null,"y1":null,"sp":[[102,2,2,0,null,null],[60,2,2,0,null,null],[38,2,2,0,null,null],[62,2,2,0,null,null],[95,2,2,0,null,null],[46,2,2,0,null,null],[44,1,1,0,null,null],[59,1,1,0,null,null],[22,1,1,0,null,null]]}},{"type":"Feature","geometry":{"type":"Polygon","coordinates":[[[-153.62268,60.14259],[-153.62498,60.14124],[-153.62385,60.13972],[-153.62041,60.13956],[-153.61811,60.1409],[-153.61924,60.14242],[-153.62268,60.14259]]]},"properties":{"cell":"890c50586c3ffff","res":9,"coarsened":false,"count":16,"hv":16,"mp":0,"y0":null,"y1":null,"sp":[[91,5,5,0,null,null],[89,4,4,0,null,null],[8,3,3,0,null,null],[5,3,3,0,null,null],[3,1,1,0,null,null]]}},{"type":"Feature","geometry":{"type":"Polygon","coordinates":[[[-153.37153,60.4302],[-153.37387,60.42885],[-153.37274,60.42733],[-153.36927,60.42715],[-153.36693,60.4285],[-153.36806,60.43002],[-153.37153,60.4302]]]},"properties":{"cell":"890c5636e97ffff","res":9,"coarsened":false,"count":9,"hv":9,"mp":0,"y0":null,"y1":null,"sp":[[89,3,3,0,null,null],[5,2,2,0,null,null],[21,2,2,0,null,null],[91,2,2,0,null,null]]}},{"type":"Feature","geometry":{"type":"Polygon","coordinates":[[[-153.36377,60.41074],[-153.36611,60.4094],[-153.36498,60.40787],[-153.36151,60.4077],[-153.35918,60.40905],[-153.3603,60.41057],[-153.36377,60.41074]]]},"properties":{"cell":"890c5636857ffff","res":9,"coarsened":false,"count":14,"hv":14,"mp":0,"y0":null,"y1":null,"sp":[[21,7,7,0,null,null],[5,5,5,0,null,null],[91,2,2,0,null,null]]}},{"type":"Feature","geometry":{"type":"Polygon","coordinates":[[[-153.95245,60.76123],[-153.9548,60.75987],[-153.95361,60.75834],[-153.95009,60.75818],[-153.94775,60.75954],[-153.94893,60.76107],[-153.95245,60.76123]]]},"properties":{"cell":"890c561762bffff","res":9,"coarsened":false,"count":7,"hv":7,"mp":0,"y0":null,"y1":null,"sp":[[129,4,4,0,null,null],[103,1,1,0,null,null],[8,1,1,0,null,null],[105,1,1,0,null,null]]}},{"type":"Feature","geometry":{"type":"Polygon","coordinates":[[[-153.95368,60.77161],[-153.95602,60.77024],[-153.95484,60.76871],[-153.95131,60.76855],[-153.94897,60.76992],[-153.95015,60.77144],[-153.95368,60.77161]]]},"properties":{"cell":"890c5617613ffff","res":9,"coarsened":false,"count":13,"hv":13,"mp":0,"y0":null,"y1":null,"sp":[[89,3,3,0,null,null],[109,2,2,0,null,null],[5,2,2,0,null,null],[30,1,1,0,null,null],[21,1,1,0,null,null],[110,1,1,0,null,null],[129,1,1,0,null,null],[87,1,1,0,null,null],[8,1,1,0,null,null]]}},{"type":"Feature","geometry":{"type":"Polygon","coordinates":[[[-153.92017,60.28094],[-153.92247,60.27958],[-153.92131,60.27806],[-153.91785,60.2779],[-153.91555,60.27926],[-153.91671,60.28078],[-153.92017,60.28094]]]},"properties":{"cell":"890c562ab83ffff","res":9,"coarsened":false,"count":10,"hv":10,"mp":0,"y0":null,"y1":null,"sp":[[15,5,5,0,null,null],[19,4,4,0,null,null],[131,1,1,0,null,null]]}},{"type":"Feature","geometry":{"type":"Polygon","coordinates":[[[-153.92255,60.30154],[-153.92485,60.30019],[-153.92369,60.29867],[-153.92023,60.29851],[-153.91793,60.29987],[-153.91909,60.30138],[-153.92255,60.30154]]]},"properties":{"cell":"890c562a8d7ffff","res":9,"coarsened":false,"count":9,"hv":9,"mp":0,"y0":null,"y1":null,"sp":[[3,3,3,0,null,null],[5,2,2,0,null,null],[91,2,2,0,null,null],[89,2,2,0,null,null]]}},{"type":"Feature","geometry":{"type":"Polygon","coordinates":[[[-153.91322,60.27183],[-153.91552,60.27048],[-153.91436,60.26896],[-153.9109,60.2688],[-153.9086,60.27016],[-153.90976,60.27167],[-153.91322,60.27183]]]},"properties":{"cell":"890c562abafffff","res":9,"coarsened":false,"count":14,"hv":14,"mp":0,"y0":null,"y1":null,"sp":[[19,3,3,0,null,null],[15,2,2,0,null,null],[97,2,2,0,null,null],[102,2,2,0,null,null],[48,2,2,0,null,null],[14,1,1,0,null,null],[58,1,1,0,null,null],[60,1,1,0,null,null]]}},{"type":"Feature","geometry":{"type":"Polygon","coordinates":[[[-153.90854,60.99092],[-153.91091,60.98955],[-153.90972,60.98801],[-153.90616,60.98785],[-153.9038,60.98921],[-153.90499,60.99075],[-153.90854,60.99092]]]},"properties":{"cell":"890c56812d7ffff","res":9,"coarsened":false,"count":13,"hv":13,"mp":0,"y0":null,"y1":null,"sp":[[60,3,3,0,null,null],[19,3,3,0,null,null],[30,2,2,0,null,null],[3,2,2,0,null,null],[94,2,2,0,null,null],[15,1,1,0,null,null]]}},{"type":"Feature","geometry":{"type":"Polygon","coordinates":[[[-153.90284,60.27135],[-153.90514,60.27],[-153.90398,60.26848],[-153.90052,60.26832],[-153.89822,60.26968],[-153.89938,60.27119],[-153.90284,60.27135]]]},"properties":{"cell":"890c562f6d3ffff","res":9,"coarsened":false,"count":13,"hv":13,"mp":0,"y0":null,"y1":null,"sp":[[19,4,4,0,null,null],[102,3,3,0,null,null],[120,2,2,0,null,null],[15,2,2,0,null,null],[66,1,1,0,null,null],[60,1,1,0,null,null]]}},{"type":"Feature","geometry":{"type":"Polygon","coordinates":[[[-153.88091,60.26009],[-153.88321,60.25874],[-153.88206,60.25722],[-153.8786,60.25706],[-153.8763,60.25842],[-153.87745,60.25993],[-153.88091,60.26009]]]},"properties":{"cell":"890c562f6afffff","res":9,"coarsened":false,"count":6,"hv":6,"mp":0,"y0":null,"y1":null,"sp":[[19,3,3,0,null,null],[102,2,2,0,null,null],[15,1,1,0,null,null]]}},{"type":"Feature","geometry":{"type":"Polygon","coordinates":[[[-153.87056,60.27278],[-153.87286,60.27143],[-153.87171,60.26991],[-153.86825,60.26975],[-153.86595,60.2711],[-153.8671,60.27262],[-153.87056,60.27278]]]},"properties":{"cell":"890c562f453ffff","res":9,"coarsened":false,"count":5,"hv":5,"mp":0,"y0":null,"y1":null,"sp":[[19,3,3,0,null,null],[15,2,2,0,null,null]]}},{"type":"Feature","geometry":{"type":"Polygon","coordinates":[[[-153.86929,60.90042],[-153.87165,60.89906],[-153.87047,60.89752],[-153.86692,60.89736],[-153.86456,60.89872],[-153.86575,60.90025],[-153.86929,60.90042]]]},"properties":{"cell":"890c568f01bffff","res":9,"coarsened":false,"count":9,"hv":9,"mp":0,"y0":null,"y1":null,"sp":[[30,4,4,0,null,null],[8,2,2,0,null,null],[90,1,1,0,null,null],[103,1,1,0,null,null],[87,1,1,0,null,null]]}},{"type":"Feature","geometry":{"type":"Polygon","coordinates":[[[-153.86214,60.85138],[-153.86449,60.85001],[-153.86331,60.84848],[-153.85978,60.84831],[-153.85742,60.84968],[-153.8586,60.85121],[-153.86214,60.85138]]]},"properties":{"cell":"890c568c2cbffff","res":9,"coarsened":false,"count":5,"hv":5,"mp":0,"y0":null,"y1":null,"sp":[[8,2,2,0,null,null],[105,2,2,0,null,null],[121,1,1,0,null,null]]}},{"type":"Feature","geometry":{"type":"Polygon","coordinates":[[[-153.81163,60.55156],[-153.81396,60.55021],[-153.8128,60.54868],[-153.8093,60.54852],[-153.80697,60.54988],[-153.80814,60.5514],[-153.81163,60.55156]]]},"properties":{"cell":"890c5606b3bffff","res":9,"coarsened":false,"count":18,"hv":18,"mp":0,"y0":null,"y1":null,"sp":[[3,3,3,0,null,null],[60,3,3,0,null,null],[19,3,3,0,null,null],[5,3,3,0,null,null],[89,2,2,0,null,null],[91,1,1,0,null,null],[21,1,1,0,null,null],[14,1,1,0,null,null],[109,1,1,0,null,null]]}},{"type":"Feature","geometry":{"type":"Polygon","coordinates":[[[-153.78267,60.45182],[-153.785,60.45046],[-153.78384,60.44894],[-153.78036,60.44878],[-153.77804,60.45013],[-153.77919,60.45166],[-153.78267,60.45182]]]},"properties":{"cell":"890c5631e03ffff","res":9,"coarsened":false,"count":6,"hv":6,"mp":0,"y0":null,"y1":null,"sp":[[15,2,2,0,null,null],[19,2,2,0,null,null],[102,1,1,0,null,null],[21,1,1,0,null,null]]}},{"type":"Feature","geometry":{"type":"Polygon","coordinates":[[[-153.78147,60.48111],[-153.78379,60.47976],[-153.78263,60.47823],[-153.77915,60.47807],[-153.77682,60.47942],[-153.77798,60.48095],[-153.78147,60.48111]]]},"properties":{"cell":"890c56311d3ffff","res":9,"coarsened":false,"count":12,"hv":12,"mp":0,"y0":null,"y1":null,"sp":[[19,4,4,0,null,null],[21,1,1,0,null,null],[107,1,1,0,null,null],[95,1,1,0,null,null],[59,1,1,0,null,null],[34,1,1,0,null,null],[15,1,1,0,null,null],[60,1,1,0,null,null],[89,1,1,0,null,null]]}},{"type":"Feature","geometry":{"type":"Polygon","coordinates":[[[-153.77207,60.53059],[-153.7744,60.52923],[-153.77324,60.52771],[-153.76975,60.52754],[-153.76742,60.5289],[-153.76858,60.53042],[-153.77207,60.53059]]]},"properties":{"cell":"890c563304bffff","res":9,"coarsened":false,"count":9,"hv":9,"mp":0,"y0":null,"y1":null,"sp":[[5,6,6,0,null,null],[8,2,2,0,null,null],[109,1,1,0,null,null]]}},{"type":"Feature","geometry":{"type":"Polygon","coordinates":[[[-153.74996,60.53247],[-153.75229,60.53111],[-153.75113,60.52959],[-153.74764,60.52942],[-153.74531,60.53078],[-153.74647,60.53231],[-153.74996,60.53247]]]},"properties":{"cell":"890c5633003ffff","res":9,"coarsened":false,"count":4,"hv":4,"mp":0,"y0":null,"y1":null,"sp":[[5,3,3,0,null,null],[8,1,1,0,null,null]]}},{"type":"Feature","geometry":{"type":"Polygon","coordinates":[[[-153.62842,60.1414],[-153.63072,60.14005],[-153.62958,60.13854],[-153.62615,60.13837],[-153.62385,60.13972],[-153.62498,60.14124],[-153.62842,60.1414]]]},"properties":{"cell":"890c50586cbffff","res":9,"coarsened":false,"count":6,"hv":6,"mp":0,"y0":null,"y1":null,"sp":[[5,3,3,0,null,null],[91,2,2,0,null,null],[3,1,1,0,null,null]]}},{"type":"Feature","geometry":{"type":"Polygon","coordinates":[[[-153.60886,60.15068],[-153.61116,60.14933],[-153.61003,60.14782],[-153.60659,60.14765],[-153.60429,60.149],[-153.60542,60.15052],[-153.60886,60.15068]]]},"properties":{"cell":"890c505b177ffff","res":9,"coarsened":false,"count":9,"hv":9,"mp":0,"y0":null,"y1":null,"sp":[[8,7,7,0,null,null],[112,2,2,0,null,null]]}},{"type":"Feature","geometry":{"type":"Polygon","coordinates":[[[-153.60206,60.14159],[-153.60436,60.14024],[-153.60323,60.13872],[-153.59979,60.13856],[-153.59749,60.13991],[-153.59862,60.14142],[-153.60206,60.14159]]]},"properties":{"cell":"890c5058687ffff","res":9,"coarsened":false,"count":2,"hv":2,"mp":0,"y0":null,"y1":null,"sp":[[8,2,2,0,null,null]]}},{"type":"Feature","geometry":{"type":"Polygon","coordinates":[[[-154.40258,60.11075],[-154.40485,60.10939],[-154.40366,60.10788],[-154.40022,60.10773],[-154.39795,60.10909],[-154.39913,60.1106],[-154.40258,60.11075]]]},"properties":{"cell":"890c529b16fffff","res":9,"coarsened":false,"count":1,"hv":1,"mp":0,"y0":null,"y1":null,"sp":[[21,1,1,0,null,null]]}},{"type":"Feature","geometry":{"type":"Polygon","coordinates":[[[-153.95975,60.81022],[-153.9621,60.80886],[-153.96091,60.80733],[-153.95738,60.80716],[-153.95504,60.80853],[-153.95622,60.81006],[-153.95975,60.81022]]]},"properties":{"cell":"890c5612d5bffff","res":9,"coarsened":false,"count":2,"hv":2,"mp":0,"y0":null,"y1":null,"sp":[[8,1,1,0,null,null],[121,1,1,0,null,null]]}},{"type":"Feature","geometry":{"type":"Polygon","coordinates":[[[-153.95226,60.72145],[-153.9546,60.72008],[-153.95342,60.71856],[-153.9499,60.71839],[-153.94756,60.71976],[-153.94874,60.72128],[-153.95226,60.72145]]]},"properties":{"cell":"890c56155cbffff","res":9,"coarsened":false,"count":3,"hv":3,"mp":0,"y0":null,"y1":null,"sp":[[112,3,3,0,null,null]]}},{"type":"Feature","geometry":{"type":"Polygon","coordinates":[[[-153.92092,60.81284],[-153.92327,60.81147],[-153.92209,60.80994],[-153.91856,60.80978],[-153.91621,60.81114],[-153.91739,60.81267],[-153.92092,60.81284]]]},"properties":{"cell":"890c5612db3ffff","res":9,"coarsened":false,"count":5,"hv":5,"mp":0,"y0":null,"y1":null,"sp":[[103,3,3,0,null,null],[8,1,1,0,null,null],[104,1,1,0,null,null]]}},{"type":"Feature","geometry":{"type":"Polygon","coordinates":[[[-153.81283,60.4826],[-153.81515,60.48124],[-153.81399,60.47972],[-153.81051,60.47955],[-153.80818,60.48091],[-153.80934,60.48243],[-153.81283,60.4826]]]},"properties":{"cell":"890c563100bffff","res":9,"coarsened":false,"count":4,"hv":4,"mp":0,"y0":null,"y1":null,"sp":[[21,2,2,0,null,null],[93,1,1,0,null,null],[5,1,1,0,null,null]]}},{"type":"Feature","geometry":{"type":"Polygon","coordinates":[[[-153.95935,60.50265],[-153.96167,60.50129],[-153.9605,60.49977],[-153.95701,60.49961],[-153.95469,60.50097],[-153.95586,60.50249],[-153.95935,60.50265]]]},"properties":{"cell":"890c560596bffff","res":9,"coarsened":false,"count":1,"hv":1,"mp":0,"y0":null,"y1":null,"sp":[[109,1,1,0,null,null]]}},{"type":"Feature","geometry":{"type":"Polygon","coordinates":[[[-153.91166,60.50191],[-153.91398,60.50055],[-153.91281,60.49903],[-153.90932,60.49887],[-153.907,60.50023],[-153.90817,60.50175],[-153.91166,60.50191]]]},"properties":{"cell":"890c563a413ffff","res":9,"coarsened":false,"count":4,"hv":4,"mp":0,"y0":null,"y1":null,"sp":[[19,2,2,0,null,null],[60,2,2,0,null,null]]}},{"type":"Feature","geometry":{"type":"Polygon","coordinates":[[[-153.36182,60.39012],[-153.36415,60.38878],[-153.36303,60.38725],[-153.35956,60.38708],[-153.35723,60.38842],[-153.35836,60.38995],[-153.36182,60.39012]]]},"properties":{"cell":"890c5636b03ffff","res":9,"coarsened":false,"count":3,"hv":3,"mp":0,"y0":null,"y1":null,"sp":[[8,2,2,0,null,null],[116,1,1,0,null,null]]}},{"type":"Feature","geometry":{"type":"Polygon","coordinates":[[[-153.05252,60.70162],[-153.05489,60.70027],[-153.05377,60.69874],[-153.05027,60.69856],[-153.0479,60.6999],[-153.04902,60.70143],[-153.05252,60.70162]]]},"properties":{"cell":"890c56b4ad3ffff","res":9,"coarsened":false,"count":9,"hv":9,"mp":0,"y0":null,"y1":null,"sp":[[92,3,3,0,null,null],[3,2,2,0,null,null],[91,2,2,0,null,null],[89,1,1,0,null,null],[5,1,1,0,null,null]]}},{"type":"Feature","geometry":{"type":"Polygon","coordinates":[[[-153.04962,60.72061],[-153.052,60.71926],[-153.05087,60.71773],[-153.04737,60.71754],[-153.045,60.71889],[-153.04612,60.72042],[-153.04962,60.72061]]]},"properties":{"cell":"890c56b4edbffff","res":9,"coarsened":false,"count":9,"hv":9,"mp":0,"y0":null,"y1":null,"sp":[[8,5,5,0,null,null],[7,2,2,0,null,null],[87,1,1,0,null,null],[91,1,1,0,null,null]]}},{"type":"Feature","geometry":{"type":"Polygon","coordinates":[[[-153.03324,60.7212],[-153.03562,60.71986],[-153.0345,60.71833],[-153.031,60.71814],[-153.02862,60.71948],[-153.02974,60.72102],[-153.03324,60.7212]]]},"properties":{"cell":"890c56b4e9bffff","res":9,"coarsened":false,"count":12,"hv":12,"mp":0,"y0":null,"y1":null,"sp":[[5,3,3,0,null,null],[91,3,3,0,null,null],[89,2,2,0,null,null],[94,1,1,0,null,null],[87,1,1,0,null,null],[3,1,1,0,null,null],[30,1,1,0,null,null]]}},{"type":"Feature","geometry":{"type":"Polygon","coordinates":[[[-153.02274,60.72064],[-153.02512,60.7193],[-153.024,60.71776],[-153.0205,60.71758],[-153.01812,60.71892],[-153.01924,60.72045],[-153.02274,60.72064]]]},"properties":{"cell":"890c56b4e97ffff","res":9,"coarsened":false,"count":15,"hv":15,"mp":0,"y0":null,"y1":null,"sp":[[5,3,3,0,null,null],[87,3,3,0,null,null],[30,2,2,0,null,null],[91,2,2,0,null,null],[8,2,2,0,null,null],[3,2,2,0,null,null],[89,1,1,0,null,null]]}},{"type":"Feature","geometry":{"type":"Polygon","coordinates":[[[-152.92794,60.52144],[-152.9303,60.5201],[-152.92919,60.51857],[-152.92572,60.51839],[-152.92336,60.51973],[-152.92446,60.52126],[-152.92794,60.52144]]]},"properties":{"cell":"890c50d0293ffff","res":9,"coarsened":false,"count":6,"hv":6,"mp":0,"y0":null,"y1":null,"sp":[[110,2,2,0,null,null],[5,2,2,0,null,null],[109,1,1,0,null,null],[7,1,1,0,null,null]]}},{"type":"Feature","geometry":{"type":"Polygon","coordinates":[[[-152.92874,60.53177],[-152.93111,60.53043],[-152.93,60.5289],[-152.92653,60.52871],[-152.92416,60.53005],[-152.92527,60.53158],[-152.92874,60.53177]]]},"properties":{"cell":"890c50d0603ffff","res":9,"coarsened":false,"count":11,"hv":11,"mp":0,"y0":null,"y1":null,"sp":[[5,3,3,0,null,null],[7,2,2,0,null,null],[21,2,2,0,null,null],[30,1,1,0,null,null],[8,1,1,0,null,null],[91,1,1,0,null,null],[110,1,1,0,null,null]]}},{"type":"Feature","geometry":{"type":"Polygon","coordinates":[[[-152.90871,60.54096],[-152.91108,60.53962],[-152.90997,60.53809],[-152.9065,60.5379],[-152.90413,60.53924],[-152.90524,60.54077],[-152.90871,60.54096]]]},"properties":{"cell":"890c50d045bffff","res":9,"coarsened":false,"count":11,"hv":11,"mp":0,"y0":null,"y1":null,"sp":[[5,3,3,0,null,null],[7,2,2,0,null,null],[110,2,2,0,null,null],[21,2,2,0,null,null],[89,1,1,0,null,null],[91,1,1,0,null,null]]}},{"type":"Feature","geometry":{"type":"Polygon","coordinates":[[[-152.89325,60.55187],[-152.89562,60.55053],[-152.89451,60.549],[-152.89104,60.54881],[-152.88867,60.55015],[-152.88977,60.55168],[-152.89325,60.55187]]]},"properties":{"cell":"890c50d226bffff","res":9,"coarsened":false,"count":8,"hv":8,"mp":0,"y0":null,"y1":null,"sp":[[89,4,4,0,null,null],[5,2,2,0,null,null],[21,1,1,0,null,null],[7,1,1,0,null,null]]}},{"type":"Feature","geometry":{"type":"Polygon","coordinates":[[[-152.88283,60.55131],[-152.88519,60.54997],[-152.88409,60.54844],[-152.88062,60.54825],[-152.87825,60.54959],[-152.87935,60.55112],[-152.88283,60.55131]]]},"properties":{"cell":"890c50d2267ffff","res":9,"coarsened":false,"count":15,"hv":15,"mp":0,"y0":null,"y1":null,"sp":[[91,3,3,0,null,null],[5,2,2,0,null,null],[21,2,2,0,null,null],[7,2,2,0,null,null],[116,1,1,0,null,null],[89,1,1,0,null,null],[62,1,1,0,null,null],[59,1,1,0,null,null],[107,1,1,0,null,null],[90,1,1,0,null,null]]}},{"type":"Feature","geometry":{"type":"Polygon","coordinates":[[[-152.87241,60.55074],[-152.87477,60.5494],[-152.87367,60.54787],[-152.8702,60.54768],[-152.86783,60.54902],[-152.86893,60.55055],[-152.87241,60.55074]]]},"properties":{"cell":"890c50d222fffff","res":9,"coarsened":false,"count":12,"hv":12,"mp":0,"y0":null,"y1":null,"sp":[[7,2,2,0,null,null],[91,2,2,0,null,null],[5,2,2,0,null,null],[89,2,2,0,null,null],[30,1,1,0,null,null],[96,1,1,0,null,null],[116,1,1,0,null,null],[55,1,1,0,null,null]]}},{"type":"Feature","geometry":{"type":"Polygon","coordinates":[[[-152.83988,60.5519],[-152.84225,60.55056],[-152.84115,60.54903],[-152.83767,60.54884],[-152.8353,60.55018],[-152.83641,60.55171],[-152.83988,60.5519]]]},"properties":{"cell":"890c50d238fffff","res":9,"coarsened":false,"count":15,"hv":15,"mp":0,"y0":null,"y1":null,"sp":[[21,6,6,0,null,null],[7,3,3,0,null,null],[91,2,2,0,null,null],[5,2,2,0,null,null],[90,1,1,0,null,null],[110,1,1,0,null,null]]}},{"type":"Feature","geometry":{"type":"Polygon","coordinates":[[[-152.65112,60.3903],[-152.65349,60.38897],[-152.6524,60.38744],[-152.64896,60.38725],[-152.64659,60.38858],[-152.64768,60.39011],[-152.65112,60.3903]]]},"properties":{"cell":"890c50d4a83ffff","res":9,"coarsened":false,"count":19,"hv":19,"mp":0,"y0":null,"y1":null,"sp":[[21,6,6,0,null,null],[89,5,5,0,null,null],[5,2,2,0,null,null],[7,2,2,0,null,null],[8,1,1,0,null,null],[98,1,1,0,null,null],[41,1,1,0,null,null],[91,1,1,0,null,null]]}},{"type":"Feature","geometry":{"type":"Polygon","coordinates":[[[-152.60199,60.38167],[-152.60435,60.38034],[-152.60327,60.37882],[-152.59983,60.37862],[-152.59746,60.37995],[-152.59855,60.38148],[-152.60199,60.38167]]]},"properties":{"cell":"890c50d4953ffff","res":9,"coarsened":false,"count":12,"hv":12,"mp":0,"y0":null,"y1":null,"sp":[[89,3,3,0,null,null],[41,2,2,0,null,null],[5,2,2,0,null,null],[8,2,2,0,null,null],[21,2,2,0,null,null],[98,1,1,0,null,null]]}},{"type":"Feature","geometry":{"type":"Polygon","coordinates":[[[-152.54,60.40161],[-152.54237,60.40028],[-152.54129,60.39875],[-152.53785,60.39855],[-152.53548,60.39988],[-152.53656,60.40141],[-152.54,60.40161]]]},"properties":{"cell":"890c508b677ffff","res":9,"coarsened":false,"count":17,"hv":17,"mp":0,"y0":null,"y1":null,"sp":[[5,3,3,0,null,null],[60,3,3,0,null,null],[3,3,3,0,null,null],[91,2,2,0,null,null],[92,2,2,0,null,null],[21,2,2,0,null,null],[89,2,2,0,null,null]]}},{"type":"Feature","geometry":{"type":"Polygon","coordinates":[[[-153.10338,60.72052],[-153.10575,60.71917],[-153.10463,60.71764],[-153.10113,60.71745],[-153.09875,60.7188],[-153.09988,60.72033],[-153.10338,60.72052]]]},"properties":{"cell":"890c56b5c8fffff","res":9,"coarsened":false,"count":13,"hv":13,"mp":0,"y0":null,"y1":null,"sp":[[8,4,4,0,null,null],[127,2,2,0,null,null],[100,2,2,0,null,null],[103,2,2,0,null,null],[112,1,1,0,null,null],[101,1,1,0,null,null],[98,1,1,0,null,null]]}},{"type":"Feature","geometry":{"type":"Polygon","coordinates":[[[-153.05216,61.47121],[-153.0546,61.46986],[-153.05345,61.46831],[-153.04984,61.46811],[-153.0474,61.46947],[-153.04855,61.47102],[-153.05216,61.47121]]]},"properties":{"cell":"890c09adb1bffff","res":9,"coarsened":false,"count":5,"hv":5,"mp":0,"y0":null,"y1":null,"sp":[[112,5,5,0,null,null]]}},{"type":"Feature","geometry":{"type":"Polygon","coordinates":[[[-152.99985,61.45202],[-153.0023,61.45066],[-153.00114,61.44911],[-152.99755,61.44892],[-152.9951,61.45027],[-152.99625,61.45182],[-152.99985,61.45202]]]},"properties":{"cell":"890c0936637ffff","res":9,"coarsened":false,"count":31,"hv":31,"mp":0,"y0":null,"y1":null,"sp":[[110,11,11,0,null,null],[5,10,10,0,null,null],[109,5,5,0,null,null],[3,3,3,0,null,null],[101,1,1,0,null,null],[89,1,1,0,null,null]]}},{"type":"Feature","geometry":{"type":"Polygon","coordinates":[[[-152.93835,60.52201],[-152.94071,60.52067],[-152.9396,60.51914],[-152.93613,60.51895],[-152.93377,60.52029],[-152.93488,60.52182],[-152.93835,60.52201]]]},"properties":{"cell":"890c50d066fffff","res":9,"coarsened":false,"count":12,"hv":12,"mp":0,"y0":null,"y1":null,"sp":[[5,3,3,0,null,null],[91,2,2,0,null,null],[110,2,2,0,null,null],[21,2,2,0,null,null],[89,2,2,0,null,null],[7,1,1,0,null,null]]}},{"type":"Feature","geometry":{"type":"Polygon","coordinates":[[[-152.90287,60.54211],[-152.90524,60.54077],[-152.90413,60.53924],[-152.90066,60.53906],[-152.89829,60.5404],[-152.8994,60.54192],[-152.90287,60.54211]]]},"properties":{"cell":"890c50d0453ffff","res":9,"coarsened":false,"count":6,"hv":6,"mp":0,"y0":null,"y1":null,"sp":[[21,2,2,0,null,null],[5,2,2,0,null,null],[110,1,1,0,null,null],[90,1,1,0,null,null]]}},{"type":"Feature","geometry":{"type":"Polygon","coordinates":[[[-152.6395,60.39258],[-152.64187,60.39125],[-152.64078,60.38972],[-152.63733,60.38953],[-152.63497,60.39086],[-152.63605,60.39239],[-152.6395,60.39258]]]},"properties":{"cell":"890c50d485bffff","res":9,"coarsened":false,"count":5,"hv":5,"mp":0,"y0":null,"y1":null,"sp":[[91,2,2,0,null,null],[21,2,2,0,null,null],[7,1,1,0,null,null]]}},{"type":"Feature","geometry":{"type":"Polygon","coordinates":[[[-152.56068,60.40278],[-152.56305,60.40145],[-152.56197,60.39993],[-152.55853,60.39973],[-152.55616,60.40106],[-152.55724,60.40259],[-152.56068,60.40278]]]},"properties":{"cell":"890c50d4db3ffff","res":9,"coarsened":false,"count":20,"hv":20,"mp":0,"y0":null,"y1":null,"sp":[[91,6,6,0,null,null],[5,5,5,0,null,null],[87,3,3,0,null,null],[89,2,2,0,null,null],[21,2,2,0,null,null],[3,2,2,0,null,null]]}},{"type":"Feature","geometry":{"type":"Polygon","coordinates":[[[-153.76033,60.57264],[-153.76267,60.57128],[-153.76151,60.56975],[-153.75801,60.56959],[-153.75568,60.57095],[-153.75684,60.57247],[-153.76033,60.57264]]]},"properties":{"cell":"890c5606997ffff","res":9,"coarsened":false,"count":12,"hv":12,"mp":0,"y0":null,"y1":null,"sp":[[3,2,2,0,null,null],[15,2,2,0,null,null],[94,2,2,0,null,null],[91,2,2,0,null,null],[19,2,2,0,null,null],[21,1,1,0,null,null],[5,1,1,0,null,null]]}},{"type":"Feature","geometry":{"type":"Polygon","coordinates":[[[-153.05338,60.71197],[-153.05575,60.71063],[-153.05463,60.70909],[-153.05113,60.70891],[-153.04876,60.71025],[-153.04988,60.71178],[-153.05338,60.71197]]]},"properties":{"cell":"890c56b4e43ffff","res":9,"coarsened":false,"count":11,"hv":11,"mp":0,"y0":null,"y1":null,"sp":[[91,4,4,0,null,null],[92,2,2,0,null,null],[30,2,2,0,null,null],[89,1,1,0,null,null],[5,1,1,0,null,null],[7,1,1,0,null,null]]}},{"type":"Feature","geometry":{"type":"Polygon","coordinates":[[[-153.05304,61.48168],[-153.05549,61.48032],[-153.05434,61.47877],[-153.05073,61.47857],[-153.04828,61.47993],[-153.04944,61.48148],[-153.05304,61.48168]]]},"properties":{"cell":"890c09ad86bffff","res":9,"coarsened":false,"count":4,"hv":4,"mp":0,"y0":null,"y1":null,"sp":[[8,3,3,0,null,null],[112,1,1,0,null,null]]}},{"type":"Feature","geometry":{"type":"Polygon","coordinates":[[[-153.04202,60.70106],[-153.0444,60.69971],[-153.04328,60.69818],[-153.03978,60.698],[-153.0374,60.69934],[-153.03853,60.70087],[-153.04202,60.70106]]]},"properties":{"cell":"890c56b4a9bffff","res":9,"coarsened":false,"count":11,"hv":11,"mp":0,"y0":null,"y1":null,"sp":[[89,3,3,0,null,null],[92,3,3,0,null,null],[110,2,2,0,null,null],[94,2,2,0,null,null],[3,1,1,0,null,null]]}},{"type":"Feature","geometry":{"type":"Polygon","coordinates":[[[-153.03998,60.7304],[-153.04236,60.72905],[-153.04123,60.72752],[-153.03773,60.72733],[-153.03535,60.72868],[-153.03648,60.73021],[-153.03998,60.7304]]]},"properties":{"cell":"890c56b4147ffff","res":9,"coarsened":false,"count":4,"hv":4,"mp":0,"y0":null,"y1":null,"sp":[[8,4,4,0,null,null]]}},{"type":"Feature","geometry":{"type":"Polygon","coordinates":[[[-153.03239,60.71085],[-153.03476,60.70951],[-153.03364,60.70797],[-153.03014,60.70779],[-153.02777,60.70913],[-153.02889,60.71066],[-153.03239,60.71085]]]},"properties":{"cell":"890c56b4e07ffff","res":9,"coarsened":false,"count":6,"hv":6,"mp":0,"y0":null,"y1":null,"sp":[[91,3,3,0,null,null],[5,3,3,0,null,null]]}},{"type":"Feature","geometry":{"type":"Polygon","coordinates":[[[-152.91833,60.5312],[-152.92069,60.52986],[-152.91959,60.52833],[-152.91611,60.52815],[-152.91375,60.52949],[-152.91486,60.53101],[-152.91833,60.5312]]]},"properties":{"cell":"890c50d06abffff","res":9,"coarsened":false,"count":6,"hv":6,"mp":0,"y0":null,"y1":null,"sp":[[5,2,2,0,null,null],[91,2,2,0,null,null],[21,1,1,0,null,null],[110,1,1,0,null,null]]}},{"type":"Feature","geometry":{"type":"Polygon","coordinates":[[[-152.89909,60.55072],[-152.90146,60.54938],[-152.90035,60.54785],[-152.89688,60.54766],[-152.89451,60.549],[-152.89562,60.55053],[-152.89909,60.55072]]]},"properties":{"cell":"890c50d31a7ffff","res":9,"coarsened":false,"count":5,"hv":5,"mp":0,"y0":null,"y1":null,"sp":[[7,3,3,0,null,null],[89,1,1,0,null,null],[110,1,1,0,null,null]]}},{"type":"Feature","geometry":{"type":"Polygon","coordinates":[[[-152.62916,60.392],[-152.63152,60.39067],[-152.63044,60.38914],[-152.62699,60.38895],[-152.62463,60.39028],[-152.62571,60.39181],[-152.62916,60.392]]]},"properties":{"cell":"890c50d4857ffff","res":9,"coarsened":false,"count":5,"hv":5,"mp":0,"y0":null,"y1":null,"sp":[[91,2,2,0,null,null],[5,2,2,0,null,null],[8,1,1,0,null,null]]}},{"type":"Feature","geometry":{"type":"Polygon","coordinates":[[[-152.59166,60.38109],[-152.59402,60.37976],[-152.59294,60.37823],[-152.58949,60.37804],[-152.58713,60.37937],[-152.58821,60.3809],[-152.59166,60.38109]]]},"properties":{"cell":"890c50d491bffff","res":9,"coarsened":false,"count":8,"hv":8,"mp":0,"y0":null,"y1":null,"sp":[[91,2,2,0,null,null],[5,2,2,0,null,null],[89,2,2,0,null,null],[21,2,2,0,null,null]]}},{"type":"Feature","geometry":{"type":"Polygon","coordinates":[[[-152.57231,60.40051],[-152.57468,60.39918],[-152.5736,60.39765],[-152.57015,60.39746],[-152.56779,60.39879],[-152.56887,60.40032],[-152.57231,60.40051]]]},"properties":{"cell":"890c50d4d17ffff","res":9,"coarsened":false,"count":13,"hv":13,"mp":0,"y0":null,"y1":null,"sp":[[91,3,3,0,null,null],[21,3,3,0,null,null],[87,2,2,0,null,null],[5,2,2,0,null,null],[3,1,1,0,null,null],[104,1,1,0,null,null],[7,1,1,0,null,null]]}},{"type":"Feature","geometry":{"type":"Polygon","coordinates":[[[-152.54066,60.41191],[-152.54302,60.41057],[-152.54195,60.40905],[-152.5385,60.40885],[-152.53613,60.41018],[-152.53721,60.41171],[-152.54066,60.41191]]]},"properties":{"cell":"890c508b6c7ffff","res":9,"coarsened":false,"count":22,"hv":22,"mp":0,"y0":null,"y1":null,"sp":[[91,4,4,0,null,null],[3,4,4,0,null,null],[21,4,4,0,null,null],[5,3,3,0,null,null],[19,3,3,0,null,null],[89,2,2,0,null,null],[7,1,1,0,null,null],[41,1,1,0,null,null]]}},{"type":"Feature","geometry":{"type":"Polygon","coordinates":[[[-154.35106,60.76147],[-154.35339,60.76009],[-154.35218,60.75857],[-154.34864,60.75841],[-154.34632,60.75979],[-154.34753,60.76131],[-154.35106,60.76147]]]},"properties":{"cell":"890c561a34fffff","res":9,"coarsened":false,"count":5,"hv":5,"mp":0,"y0":null,"y1":null,"sp":[[8,3,3,0,null,null],[109,2,2,0,null,null]]}},{"type":"Feature","geometry":{"type":"Polygon","coordinates":[[[-152.52966,60.40102],[-152.53203,60.39969],[-152.53096,60.39816],[-152.52751,60.39796],[-152.52514,60.39929],[-152.52622,60.40082],[-152.52966,60.40102]]]},"properties":{"cell":"890c508b623ffff","res":9,"coarsened":false,"count":13,"hv":13,"mp":0,"y0":null,"y1":null,"sp":[[106,2,2,0,null,null],[3,2,2,0,null,null],[91,2,2,0,null,null],[5,2,2,0,null,null],[21,2,2,0,null,null],[60,1,1,0,null,null],[89,1,1,0,null,null],[19,1,1,0,null,null]]}},{"type":"Feature","geometry":{"type":"Polygon","coordinates":[[[-153.0341,60.73156],[-153.03648,60.73021],[-153.03535,60.72868],[-153.03185,60.72849],[-153.02947,60.72984],[-153.0306,60.73137],[-153.0341,60.73156]]]},"properties":{"cell":"890c56b410bffff","res":9,"coarsened":false,"count":3,"hv":3,"mp":0,"y0":null,"y1":null,"sp":[[32,3,3,0,null,null]]}},{"type":"Feature","geometry":{"type":"Polygon","coordinates":[[[-153.9798,61.01643],[-154.0378,60.99841],[-154.03754,60.96736],[-153.97943,60.95432],[-153.92151,60.97231],[-153.92162,61.00336],[-153.9798,61.01643]]]},"properties":{"cell":"860c568a7ffffff","res":6,"coarsened":true,"count":1,"hv":1,"mp":0,"y0":null,"y1":null,"sp":[[12,1,1,0,null,null]]}},{"type":"Feature","geometry":{"type":"Polygon","coordinates":[[[-153.92422,60.75108],[-153.92656,60.74971],[-153.92538,60.74819],[-153.92186,60.74802],[-153.91952,60.74939],[-153.9207,60.75091],[-153.92422,60.75108]]]},"properties":{"cell":"890c5617077ffff","res":9,"coarsened":false,"count":5,"hv":5,"mp":0,"y0":null,"y1":null,"sp":[[112,2,2,0,null,null],[8,2,2,0,null,null],[35,1,1,0,null,null]]}},{"type":"Feature","geometry":{"type":"Polygon","coordinates":[[[-153.83267,60.8308],[-153.83503,60.82944],[-153.83385,60.82791],[-153.83032,60.82774],[-153.82796,60.8291],[-153.82914,60.83063],[-153.83267,60.8308]]]},"properties":{"cell":"890c568c34fffff","res":9,"coarsened":false,"count":1,"hv":1,"mp":0,"y0":null,"y1":null,"sp":[[8,1,1,0,null,null]]}},{"type":"Feature","geometry":{"type":"Polygon","coordinates":[[[-153.05127,61.46075],[-153.05371,61.45939],[-153.05256,61.45784],[-153.04896,61.45765],[-153.04651,61.45901],[-153.04767,61.46056],[-153.05127,61.46075]]]},"properties":{"cell":"890c09adb67ffff","res":9,"coarsened":false,"count":2,"hv":2,"mp":0,"y0":null,"y1":null,"sp":[[112,2,2,0,null,null]]}},{"type":"Feature","geometry":{"type":"Polygon","coordinates":[[[-153.79312,60.45232],[-153.79544,60.45096],[-153.79428,60.44944],[-153.7908,60.44927],[-153.78848,60.45063],[-153.78963,60.45215],[-153.79312,60.45232]]]},"properties":{"cell":"890c5631e57ffff","res":9,"coarsened":false,"count":6,"hv":6,"mp":0,"y0":null,"y1":null,"sp":[[19,3,3,0,null,null],[15,2,2,0,null,null],[21,1,1,0,null,null]]}},{"type":"Feature","geometry":{"type":"Polygon","coordinates":[[[-154.55035,60.01036],[-154.55261,60.009],[-154.55142,60.00749],[-154.54798,60.00735],[-154.54573,60.00871],[-154.54691,60.01022],[-154.55035,60.01036]]]},"properties":{"cell":"890c52d6b73ffff","res":9,"coarsened":false,"count":9,"hv":9,"mp":0,"y0":null,"y1":null,"sp":[[102,3,3,0,null,null],[109,2,2,0,null,null],[19,2,2,0,null,null],[15,1,1,0,null,null],[89,1,1,0,null,null]]}},{"type":"Feature","geometry":{"type":"Polygon","coordinates":[[[-154.19161,60.63223],[-154.19393,60.63087],[-154.19274,60.62934],[-154.18923,60.62918],[-154.1869,60.63055],[-154.1881,60.63208],[-154.19161,60.63223]]]},"properties":{"cell":"890c5601c83ffff","res":9,"coarsened":false,"count":12,"hv":12,"mp":0,"y0":null,"y1":null,"sp":[[63,2,2,0,null,null],[108,2,2,0,null,null],[82,2,2,0,null,null],[110,2,2,0,null,null],[43,1,1,0,null,null],[62,1,1,0,null,null],[87,1,1,0,null,null],[119,1,1,0,null,null]]}},{"type":"Feature","geometry":{"type":"Polygon","coordinates":[[[-154.12027,60.01241],[-154.12254,60.01106],[-154.12138,60.00955],[-154.11795,60.00939],[-154.11568,60.01075],[-154.11684,60.01226],[-154.12027,60.01241]]]},"properties":{"cell":"890c528054fffff","res":9,"coarsened":false,"count":6,"hv":6,"mp":0,"y0":null,"y1":null,"sp":[[8,4,4,0,null,null],[103,1,1,0,null,null],[41,1,1,0,null,null]]}},{"type":"Feature","geometry":{"type":"Polygon","coordinates":[[[-154.0907,60.3722],[-154.093,60.37084],[-154.09183,60.36932],[-154.08835,60.36917],[-154.08605,60.37053],[-154.08722,60.37205],[-154.0907,60.3722]]]},"properties":{"cell":"890c5639a43ffff","res":9,"coarsened":false,"count":2,"hv":2,"mp":0,"y0":null,"y1":null,"sp":[[8,2,2,0,null,null]]}},{"type":"Feature","geometry":{"type":"Polygon","coordinates":[[[-154.07874,59.97121],[-154.08101,59.96985],[-154.07985,59.96834],[-154.07643,59.96819],[-154.07416,59.96954],[-154.07532,59.97105],[-154.07874,59.97121]]]},"properties":{"cell":"890c5280883ffff","res":9,"coarsened":false,"count":6,"hv":6,"mp":0,"y0":null,"y1":null,"sp":[[15,1,1,0,null,null],[89,1,1,0,null,null],[49,1,1,0,null,null],[110,1,1,0,null,null],[5,1,1,0,null,null],[19,1,1,0,null,null]]}},{"type":"Feature","geometry":{"type":"Polygon","coordinates":[[[-154.0525,59.97149],[-154.05477,59.97013],[-154.05362,59.96862],[-154.0502,59.96847],[-154.04793,59.96983],[-154.04908,59.97134],[-154.0525,59.97149]]]},"properties":{"cell":"890c5280d0bffff","res":9,"coarsened":false,"count":8,"hv":8,"mp":0,"y0":null,"y1":null,"sp":[[110,3,3,0,null,null],[5,2,2,0,null,null],[15,1,1,0,null,null],[7,1,1,0,null,null],[60,1,1,0,null,null]]}},{"type":"Feature","geometry":{"type":"Polygon","coordinates":[[[-153.93931,60.98201],[-153.94168,60.98064],[-153.94049,60.97911],[-153.93693,60.97894],[-153.93457,60.98031],[-153.93576,60.98185],[-153.93931,60.98201]]]},"properties":{"cell":"890c568a183ffff","res":9,"coarsened":false,"count":12,"hv":12,"mp":0,"y0":null,"y1":null,"sp":[[19,3,3,0,null,null],[94,2,2,0,null,null],[46,2,2,0,null,null],[4,2,2,0,null,null],[63,1,1,0,null,null],[109,1,1,0,null,null],[21,1,1,0,null,null]]}},{"type":"Feature","geometry":{"type":"Polygon","coordinates":[[[-153.9313,60.76025],[-153.93365,60.75889],[-153.93247,60.75736],[-153.92894,60.75719],[-153.9266,60.75856],[-153.92778,60.76009],[-153.9313,60.76025]]]},"properties":{"cell":"890c56170cfffff","res":9,"coarsened":false,"count":4,"hv":4,"mp":0,"y0":null,"y1":null,"sp":[[8,2,2,0,null,null],[129,1,1,0,null,null],[112,1,1,0,null,null]]}},{"type":"Feature","geometry":{"type":"Polygon","coordinates":[[[-153.80115,60.55107],[-153.80348,60.54971],[-153.80231,60.54819],[-153.79882,60.54802],[-153.79649,60.54938],[-153.79765,60.5509],[-153.80115,60.55107]]]},"properties":{"cell":"890c5606b37ffff","res":9,"coarsened":false,"count":6,"hv":6,"mp":0,"y0":null,"y1":null,"sp":[[89,2,2,0,null,null],[15,1,1,0,null,null],[5,1,1,0,null,null],[30,1,1,0,null,null],[21,1,1,0,null,null]]}},{"type":"Feature","geometry":{"type":"Polygon","coordinates":[[[-153.60312,60.15186],[-153.60542,60.15052],[-153.60429,60.149],[-153.60085,60.14883],[-153.59855,60.15018],[-153.59968,60.1517],[-153.60312,60.15186]]]},"properties":{"cell":"890c505b13bffff","res":9,"coarsened":false,"count":6,"hv":6,"mp":0,"y0":null,"y1":null,"sp":[[8,3,3,0,null,null],[104,1,1,0,null,null],[103,1,1,0,null,null],[112,1,1,0,null,null]]}},{"type":"Feature","geometry":{"type":"Polygon","coordinates":[[[-153.43139,60.45228],[-153.43372,60.45093],[-153.43259,60.44941],[-153.42911,60.44924],[-153.42678,60.45059],[-153.42791,60.45211],[-153.43139,60.45228]]]},"properties":{"cell":"890c563604bffff","res":9,"coarsened":false,"count":2,"hv":2,"mp":0,"y0":null,"y1":null,"sp":[[8,2,2,0,null,null]]}},{"type":"Feature","geometry":{"type":"Polygon","coordinates":[[[-153.37221,60.39065],[-153.37454,60.3893],[-153.37341,60.38778],[-153.36995,60.3876],[-153.36762,60.38895],[-153.36875,60.39047],[-153.37221,60.39065]]]},"properties":{"cell":"890c5636b57ffff","res":9,"coarsened":false,"count":4,"hv":4,"mp":0,"y0":null,"y1":null,"sp":[[32,2,2,0,null,null],[8,2,2,0,null,null]]}},{"type":"Feature","geometry":{"type":"Polygon","coordinates":[[[-154.48991,60.99184],[-154.49225,60.99046],[-154.49103,60.98893],[-154.48746,60.98878],[-154.48512,60.99016],[-154.48635,60.99169],[-154.48991,60.99184]]]},"properties":{"cell":"890c56c23b7ffff","res":9,"coarsened":false,"count":13,"hv":13,"mp":0,"y0":null,"y1":null,"sp":[[87,3,3,0,null,null],[5,3,3,0,null,null],[30,2,2,0,null,null],[8,2,2,0,null,null],[105,2,2,0,null,null],[109,1,1,0,null,null]]}},{"type":"Feature","geometry":{"type":"Polygon","coordinates":[[[-154.17062,60.37138],[-154.17292,60.37002],[-154.17174,60.3685],[-154.16827,60.36834],[-154.16597,60.36971],[-154.16715,60.37123],[-154.17062,60.37138]]]},"properties":{"cell":"890c5676ab3ffff","res":9,"coarsened":false,"count":5,"hv":5,"mp":0,"y0":null,"y1":null,"sp":[[15,2,2,0,null,null],[60,2,2,0,null,null],[19,1,1,0,null,null]]}},{"type":"Feature","geometry":{"type":"Polygon","coordinates":[[[-154.52969,60.05182],[-154.53195,60.05046],[-154.53076,60.04895],[-154.52732,60.04881],[-154.52506,60.05017],[-154.52625,60.05168],[-154.52969,60.05182]]]},"properties":{"cell":"890c52d6c0fffff","res":9,"coarsened":false,"count":2,"hv":2,"mp":0,"y0":null,"y1":null,"sp":[[30,1,1,0,null,null],[103,1,1,0,null,null]]}},{"type":"Feature","geometry":{"type":"Polygon","coordinates":[[[-154.16019,60.37092],[-154.16249,60.36955],[-154.16131,60.36803],[-154.15783,60.36788],[-154.15554,60.36924],[-154.15671,60.37076],[-154.16019,60.37092]]]},"properties":{"cell":"890c567687bffff","res":9,"coarsened":false,"count":3,"hv":3,"mp":0,"y0":null,"y1":null,"sp":[[15,1,1,0,null,null],[19,1,1,0,null,null],[60,1,1,0,null,null]]}},{"type":"Feature","geometry":{"type":"Polygon","coordinates":[[[-154.13355,60.37119],[-154.13585,60.36983],[-154.13467,60.36831],[-154.1312,60.36816],[-154.12889,60.36952],[-154.13007,60.37104],[-154.13355,60.37119]]]},"properties":{"cell":"890c5676837ffff","res":9,"coarsened":false,"count":4,"hv":4,"mp":0,"y0":null,"y1":null,"sp":[[30,4,4,0,null,null]]}},{"type":"Feature","geometry":{"type":"Polygon","coordinates":[[[-154.11415,60.61111],[-154.11647,60.60975],[-154.11529,60.60822],[-154.11178,60.60806],[-154.10946,60.60943],[-154.11064,60.61095],[-154.11415,60.61111]]]},"properties":{"cell":"890c560085bffff","res":9,"coarsened":false,"count":2,"hv":2,"mp":0,"y0":null,"y1":null,"sp":[[8,2,2,0,null,null]]}},{"type":"Feature","geometry":{"type":"Polygon","coordinates":[[[-153.02189,60.71029],[-153.02427,60.70894],[-153.02315,60.70741],[-153.01965,60.70723],[-153.01727,60.70857],[-153.01839,60.7101],[-153.02189,60.71029]]]},"properties":{"cell":"890c56b4eafffff","res":9,"coarsened":false,"count":5,"hv":5,"mp":0,"y0":null,"y1":null,"sp":[[5,2,2,0,null,null],[8,2,2,0,null,null],[93,1,1,0,null,null]]}},{"type":"Feature","geometry":{"type":"Polygon","coordinates":[[[-154.16,60.63082],[-154.16232,60.62946],[-154.16113,60.62793],[-154.15762,60.62777],[-154.15529,60.62914],[-154.15648,60.63067],[-154.16,60.63082]]]},"properties":{"cell":"890c560030fffff","res":9,"coarsened":false,"count":3,"hv":3,"mp":0,"y0":null,"y1":null,"sp":[[8,2,2,0,null,null],[103,1,1,0,null,null]]}},{"type":"Feature","geometry":{"type":"Polygon","coordinates":[[[-153.92988,60.99192],[-153.93224,60.99055],[-153.93105,60.98902],[-153.92749,60.98885],[-153.92513,60.99022],[-153.92632,60.99175],[-153.92988,60.99192]]]},"properties":{"cell":"890c568a533ffff","res":9,"coarsened":false,"count":6,"hv":6,"mp":0,"y0":null,"y1":null,"sp":[[19,4,4,0,null,null],[94,2,2,0,null,null]]}},{"type":"Feature","geometry":{"type":"Polygon","coordinates":[[[-153.91365,60.75058],[-153.916,60.74922],[-153.91482,60.74769],[-153.91129,60.74753],[-153.90895,60.74889],[-153.91013,60.75042],[-153.91365,60.75058]]]},"properties":{"cell":"890c5617023ffff","res":9,"coarsened":false,"count":4,"hv":4,"mp":0,"y0":null,"y1":null,"sp":[[112,4,4,0,null,null]]}},{"type":"Feature","geometry":{"type":"Polygon","coordinates":[[[-153.73949,60.53197],[-153.74182,60.53061],[-153.74066,60.52909],[-153.73717,60.52892],[-153.73484,60.53028],[-153.736,60.5318],[-153.73949,60.53197]]]},"properties":{"cell":"890c56330abffff","res":9,"coarsened":false,"count":5,"hv":5,"mp":0,"y0":null,"y1":null,"sp":[[5,2,2,0,null,null],[8,2,2,0,null,null],[98,1,1,0,null,null]]}},{"type":"Feature","geometry":{"type":"Polygon","coordinates":[[[-153.25163,61.05301],[-153.25402,61.05166],[-153.25287,61.05012],[-153.24932,61.04993],[-153.24693,61.05129],[-153.24808,61.05283],[-153.25163,61.05301]]]},"properties":{"cell":"890c5459aafffff","res":9,"coarsened":false,"count":2,"hv":2,"mp":0,"y0":null,"y1":null,"sp":[[109,1,1,0,null,null],[19,1,1,0,null,null]]}},{"type":"Feature","geometry":{"type":"Polygon","coordinates":[[[-153.24098,61.05246],[-153.24338,61.0511],[-153.24223,61.04956],[-153.23868,61.04938],[-153.23628,61.05073],[-153.23743,61.05227],[-153.24098,61.05246]]]},"properties":{"cell":"890c5459bd3ffff","res":9,"coarsened":false,"count":4,"hv":4,"mp":0,"y0":null,"y1":null,"sp":[[19,3,3,0,null,null],[15,1,1,0,null,null]]}},{"type":"Feature","geometry":{"type":"Polygon","coordinates":[[[-153.95387,60.81142],[-153.95622,60.81006],[-153.95504,60.80853],[-153.9515,60.80836],[-153.94916,60.80973],[-153.95034,60.81126],[-153.95387,60.81142]]]},"properties":{"cell":"890c5612d53ffff","res":9,"coarsened":false,"count":4,"hv":4,"mp":0,"y0":null,"y1":null,"sp":[[8,3,3,0,null,null],[103,1,1,0,null,null]]}},{"type":"Feature","geometry":{"type":"Polygon","coordinates":[[[-153.93841,60.50169],[-153.94073,60.50033],[-153.93956,60.4988],[-153.93607,60.49864],[-153.93375,60.5],[-153.93492,60.50152],[-153.93841,60.50169]]]},"properties":{"cell":"890c560592fffff","res":9,"coarsened":false,"count":4,"hv":4,"mp":0,"y0":null,"y1":null,"sp":[[19,2,2,0,null,null],[15,1,1,0,null,null],[66,1,1,0,null,null]]}},{"type":"Feature","geometry":{"type":"Polygon","coordinates":[[[-153.9326,60.50289],[-153.93492,60.50152],[-153.93375,60.5],[-153.93026,60.49984],[-153.92794,60.5012],[-153.92911,60.50272],[-153.9326,60.50289]]]},"properties":{"cell":"890c5605927ffff","res":9,"coarsened":false,"count":3,"hv":3,"mp":0,"y0":null,"y1":null,"sp":[[15,2,2,0,null,null],[109,1,1,0,null,null]]}},{"type":"Feature","geometry":{"type":"Polygon","coordinates":[[[-153.85034,60.84049],[-153.8527,60.83913],[-153.85152,60.8376],[-153.84798,60.83743],[-153.84563,60.83879],[-153.84681,60.84032],[-153.85034,60.84049]]]},"properties":{"cell":"890c568c277ffff","res":9,"coarsened":false,"count":5,"hv":5,"mp":0,"y0":null,"y1":null,"sp":[[103,2,2,0,null,null],[128,1,1,0,null,null],[8,1,1,0,null,null],[121,1,1,0,null,null]]}},{"type":"Feature","geometry":{"type":"Polygon","coordinates":[[[-153.61917,60.15118],[-153.62148,60.14983],[-153.62034,60.14832],[-153.61691,60.14815],[-153.6146,60.1495],[-153.61574,60.15101],[-153.61917,60.15118]]]},"properties":{"cell":"890c505b17bffff","res":9,"coarsened":false,"count":6,"hv":6,"mp":0,"y0":null,"y1":null,"sp":[[8,3,3,0,null,null],[5,2,2,0,null,null],[116,1,1,0,null,null]]}},{"type":"Feature","geometry":{"type":"Polygon","coordinates":[[[-153.59175,60.14109],[-153.59406,60.13974],[-153.59292,60.13822],[-153.58949,60.13806],[-153.58719,60.1394],[-153.58832,60.14092],[-153.59175,60.14109]]]},"properties":{"cell":"890c505844fffff","res":9,"coarsened":false,"count":3,"hv":3,"mp":0,"y0":null,"y1":null,"sp":[[8,3,3,0,null,null]]}},{"type":"Feature","geometry":{"type":"Polygon","coordinates":[[[-153.4382,60.46143],[-153.44054,60.46008],[-153.4394,60.45855],[-153.43593,60.45838],[-153.43359,60.45973],[-153.43473,60.46125],[-153.4382,60.46143]]]},"properties":{"cell":"890c563663bffff","res":9,"coarsened":false,"count":3,"hv":3,"mp":0,"y0":null,"y1":null,"sp":[[8,3,3,0,null,null]]}},{"type":"Feature","geometry":{"type":"Polygon","coordinates":[[[-153.88208,60.27039],[-153.88439,60.26903],[-153.88323,60.26752],[-153.87977,60.26736],[-153.87747,60.26871],[-153.87863,60.27023],[-153.88208,60.27039]]]},"properties":{"cell":"890c562f697ffff","res":9,"coarsened":false,"count":3,"hv":3,"mp":0,"y0":null,"y1":null,"sp":[[19,2,2,0,null,null],[15,1,1,0,null,null]]}},{"type":"Feature","geometry":{"type":"Polygon","coordinates":[[[-152.91249,60.53235],[-152.91486,60.53101],[-152.91375,60.52949],[-152.91028,60.5293],[-152.90791,60.53064],[-152.90902,60.53217],[-152.91249,60.53235]]]},"properties":{"cell":"890c50d06a3ffff","res":9,"coarsened":false,"count":7,"hv":7,"mp":0,"y0":null,"y1":null,"sp":[[21,3,3,0,null,null],[5,3,3,0,null,null],[7,1,1,0,null,null]]}},{"type":"Feature","geometry":{"type":"Polygon","coordinates":[[[-152.86199,60.55017],[-152.86435,60.54883],[-152.86325,60.5473],[-152.85978,60.54711],[-152.85741,60.54845],[-152.85851,60.54998],[-152.86199,60.55017]]]},"properties":{"cell":"890c50d2353ffff","res":9,"coarsened":false,"count":4,"hv":4,"mp":0,"y0":null,"y1":null,"sp":[[116,1,1,0,null,null],[5,1,1,0,null,null],[91,1,1,0,null,null],[7,1,1,0,null,null]]}},{"type":"Feature","geometry":{"type":"Polygon","coordinates":[[[-154.51936,60.0514],[-154.52162,60.05003],[-154.52043,60.04852],[-154.51699,60.04838],[-154.51473,60.04974],[-154.51592,60.05125],[-154.51936,60.0514]]]},"properties":{"cell":"890c52d6c33ffff","res":9,"coarsened":false,"count":1,"hv":1,"mp":0,"y0":null,"y1":null,"sp":[[5,1,1,0,null,null]]}},{"type":"Feature","geometry":{"type":"Polygon","coordinates":[[[-154.38162,60.15223],[-154.3839,60.15086],[-154.38271,60.14935],[-154.37926,60.14921],[-154.37699,60.15057],[-154.37817,60.15208],[-154.38162,60.15223]]]},"properties":{"cell":"890c5665b67ffff","res":9,"coarsened":false,"count":1,"hv":1,"mp":0,"y0":null,"y1":null,"sp":[[87,1,1,0,null,null]]}},{"type":"Feature","geometry":{"type":"Polygon","coordinates":[[[-153.04257,61.43053],[-153.04501,61.42918],[-153.04386,61.42763],[-153.04026,61.42743],[-153.03782,61.42879],[-153.03897,61.43034],[-153.04257,61.43053]]]},"properties":{"cell":"890c09371b7ffff","res":9,"coarsened":false,"count":3,"hv":3,"mp":0,"y0":null,"y1":null,"sp":[[112,2,2,0,null,null],[103,1,1,0,null,null]]}},{"type":"Feature","geometry":{"type":"Polygon","coordinates":[[[-152.32313,60.55046],[-152.32552,60.54913],[-152.32445,60.5476],[-152.32099,60.5474],[-152.3186,60.54873],[-152.31967,60.55026],[-152.32313,60.55046]]]},"properties":{"cell":"890c509a467ffff","res":9,"coarsened":false,"count":3,"hv":3,"mp":0,"y0":null,"y1":null,"sp":[[46,3,3,0,null,null]]}},{"type":"Feature","geometry":{"type":"Polygon","coordinates":[[[-152.21173,60.80138],[-152.21414,60.80005],[-152.21307,60.79851],[-152.20958,60.7983],[-152.20716,60.79963],[-152.20823,60.80117],[-152.21173,60.80138]]]},"properties":{"cell":"890c547631bffff","res":9,"coarsened":false,"count":2,"hv":2,"mp":0,"y0":null,"y1":null,"sp":[[46,2,2,0,null,null]]}},{"type":"Feature","geometry":{"type":"Polygon","coordinates":[[[-152.31898,60.58254],[-152.32137,60.58121],[-152.3203,60.57968],[-152.31684,60.57948],[-152.31444,60.5808],[-152.31551,60.58234],[-152.31898,60.58254]]]},"properties":{"cell":"890c5464acfffff","res":9,"coarsened":false,"count":3,"hv":3,"mp":0,"y0":null,"y1":null,"sp":[[36,3,3,0,null,null]]}},{"type":"Feature","geometry":{"type":"Polygon","coordinates":[[[-152.31955,60.59286],[-152.32194,60.59153],[-152.32087,60.59],[-152.3174,60.5898],[-152.31501,60.59113],[-152.31608,60.59266],[-152.31955,60.59286]]]},"properties":{"cell":"890c5465db7ffff","res":9,"coarsened":false,"count":2,"hv":2,"mp":0,"y0":null,"y1":null,"sp":[[36,2,2,0,null,null]]}},{"type":"Feature","geometry":{"type":"Polygon","coordinates":[[[-152.29232,60.80175],[-152.29474,60.80042],[-152.29366,60.79888],[-152.29017,60.79867],[-152.28775,60.80001],[-152.28883,60.80154],[-152.29232,60.80175]]]},"properties":{"cell":"890c5477147ffff","res":9,"coarsened":false,"count":1,"hv":1,"mp":0,"y0":null,"y1":null,"sp":[[36,1,1,0,null,null]]}},{"type":"Feature","geometry":{"type":"Polygon","coordinates":[[[-152.20928,60.84104],[-152.2117,60.83971],[-152.21062,60.83817],[-152.20713,60.83796],[-152.20471,60.83929],[-152.20578,60.84083],[-152.20928,60.84104]]]},"properties":{"cell":"890c547645bffff","res":9,"coarsened":false,"count":1,"hv":1,"mp":0,"y0":null,"y1":null,"sp":[[46,1,1,0,null,null]]}},{"type":"Feature","geometry":{"type":"Polygon","coordinates":[[[-152.26199,60.82059],[-152.2644,60.81926],[-152.26333,60.81772],[-152.25983,60.81751],[-152.25741,60.81885],[-152.25849,60.82038],[-152.26199,60.82059]]]},"properties":{"cell":"890c5477533ffff","res":9,"coarsened":false,"count":1,"hv":1,"mp":0,"y0":null,"y1":null,"sp":[[36,1,1,0,null,null]]}},{"type":"Feature","geometry":{"type":"Polygon","coordinates":[[[-152.28129,60.79078],[-152.2837,60.78945],[-152.28262,60.78791],[-152.27913,60.7877],[-152.27672,60.78903],[-152.27779,60.79057],[-152.28129,60.79078]]]},"properties":{"cell":"890c5474683ffff","res":9,"coarsened":false,"count":2,"hv":2,"mp":0,"y0":null,"y1":null,"sp":[[46,2,2,0,null,null]]}},{"type":"Feature","geometry":{"type":"Polygon","coordinates":[[[-152.34869,60.61074],[-152.35109,60.60941],[-152.35001,60.60788],[-152.34654,60.60768],[-152.34415,60.60901],[-152.34522,60.61054],[-152.34869,60.61074]]]},"properties":{"cell":"890c5464343ffff","res":9,"coarsened":false,"count":3,"hv":3,"mp":0,"y0":null,"y1":null,"sp":[[46,3,3,0,null,null]]}},{"type":"Feature","geometry":{"type":"Polygon","coordinates":[[[-152.30915,60.59225],[-152.31154,60.59092],[-152.31047,60.58939],[-152.30701,60.58918],[-152.30461,60.59051],[-152.30568,60.59205],[-152.30915,60.59225]]]},"properties":{"cell":"890c5464e63ffff","res":9,"coarsened":false,"count":2,"hv":2,"mp":0,"y0":null,"y1":null,"sp":[[46,2,2,0,null,null]]}},{"type":"Feature","geometry":{"type":"Polygon","coordinates":[[[-152.28184,60.80113],[-152.28426,60.7998],[-152.28318,60.79826],[-152.27969,60.79805],[-152.27727,60.79938],[-152.27835,60.80092],[-152.28184,60.80113]]]},"properties":{"cell":"890c547710fffff","res":9,"coarsened":false,"count":1,"hv":1,"mp":0,"y0":null,"y1":null,"sp":[[36,1,1,0,null,null]]}},{"type":"Feature","geometry":{"type":"Polygon","coordinates":[[[-152.56229,60.15267],[-152.56463,60.15135],[-152.56356,60.14983],[-152.56015,60.14963],[-152.5578,60.15096],[-152.55887,60.15248],[-152.56229,60.15267]]]},"properties":{"cell":"890c501195bffff","res":9,"coarsened":false,"count":2,"hv":2,"mp":0,"y0":null,"y1":null,"sp":[[136,2,2,0,null,null]]}},{"type":"Feature","geometry":{"type":"Polygon","coordinates":[[[-153.95019,60.78029],[-153.95254,60.77892],[-153.95136,60.7774],[-153.94783,60.77723],[-153.94548,60.7786],[-153.94667,60.78013],[-153.95019,60.78029]]]},"properties":{"cell":"890c5612967ffff","res":9,"coarsened":false,"count":2087,"hv":2087,"mp":0,"y0":null,"y1":null,"sp":[[110,147,147,0,null,null],[21,146,146,0,null,null],[30,146,146,0,null,null],[93,145,145,0,null,null],[7,145,145,0,null,null],[35,145,145,0,null,null],[121,145,145,0,null,null],[129,144,144,0,null,null],[5,140,140,0,null,null],[41,139,139,0,null,null],[87,132,132,0,null,null],[3,116,116,0,null,null],[100,112,112,0,null,null],[92,111,111,0,null,null],[117,72,72,0,null,null],[128,45,45,0,null,null],[8,4,4,0,null,null],[112,4,4,0,null,null],[109,4,4,0,null,null],[77,4,4,0,null,null],[76,3,3,0,null,null],[44,3,3,0,null,null],[98,3,3,0,null,null],[126,3,3,0,null,null],[101,2,2,0,null,null],[95,2,2,0,null,null],[114,2,2,0,null,null],[144,2,2,0,null,null],[22,2,2,0,null,null],[94,2,2,0,null,null],[107,2,2,0,null,null],[105,2,2,0,null,null],[103,2,2,0,null,null],[89,2,2,0,null,null],[135,2,2,0,null,null],[39,2,2,0,null,null],[49,2,2,0,null,null],[113,1,1,0,null,null],[124,1,1,0,null,null],[119,1,1,0,null,null]]}},{"type":"Feature","geometry":{"type":"Polygon","coordinates":[[[-154.06273,60.74126],[-154.06507,60.73989],[-154.06388,60.73837],[-154.06035,60.73821],[-154.05802,60.73957],[-154.0592,60.7411],[-154.06273,60.74126]]]},"properties":{"cell":"890c5610aafffff","res":9,"coarsened":false,"count":1,"hv":1,"mp":0,"y0":null,"y1":null,"sp":[[133,1,1,0,null,null]]}},{"type":"Feature","geometry":{"type":"Polygon","coordinates":[[[-154.01958,60.78202],[-154.02192,60.78066],[-154.02073,60.77913],[-154.01721,60.77897],[-154.01486,60.78033],[-154.01605,60.78186],[-154.01958,60.78202]]]},"properties":{"cell":"890c5610c93ffff","res":9,"coarsened":false,"count":577,"hv":577,"mp":0,"y0":null,"y1":null,"sp":[[63,145,145,0,null,null],[55,144,144,0,null,null],[137,141,141,0,null,null],[118,130,130,0,null,null],[130,5,5,0,null,null],[122,3,3,0,null,null],[95,2,2,0,null,null],[62,2,2,0,null,null],[59,2,2,0,null,null],[152,1,1,0,null,null],[150,1,1,0,null,null],[113,1,1,0,null,null]]}},{"type":"Feature","geometry":{"type":"Polygon","coordinates":[[[-154.06182,60.77069],[-154.06416,60.76933],[-154.06297,60.7678],[-154.05944,60.76764],[-154.0571,60.769],[-154.05829,60.77053],[-154.06182,60.77069]]]},"properties":{"cell":"890c5610e83ffff","res":9,"coarsened":false,"count":2,"hv":2,"mp":0,"y0":null,"y1":null,"sp":[[111,2,2,0,null,null]]}},{"type":"Feature","geometry":{"type":"Polygon","coordinates":[[[-154.0395,60.77262],[-154.04184,60.77125],[-154.04065,60.76972],[-154.03712,60.76956],[-154.03478,60.77093],[-154.03597,60.77246],[-154.0395,60.77262]]]},"properties":{"cell":"890c5610c57ffff","res":9,"coarsened":false,"count":6,"hv":6,"mp":0,"y0":null,"y1":null,"sp":[[37,4,4,0,null,null],[1,2,2,0,null,null]]}},{"type":"Feature","geometry":{"type":"Polygon","coordinates":[[[-154.01833,60.77165],[-154.02067,60.77028],[-154.01948,60.76875],[-154.01595,60.76859],[-154.01361,60.76996],[-154.0148,60.77149],[-154.01833,60.77165]]]},"properties":{"cell":"890c5610cabffff","res":9,"coarsened":false,"count":5,"hv":5,"mp":0,"y0":null,"y1":null,"sp":[[150,4,4,0,null,null],[49,1,1,0,null,null]]}},{"type":"Feature","geometry":{"type":"Polygon","coordinates":[[[-154.00899,60.78154],[-154.01133,60.78017],[-154.01015,60.77864],[-154.00662,60.77848],[-154.00428,60.77985],[-154.00546,60.78137],[-154.00899,60.78154]]]},"properties":{"cell":"890c5612b5bffff","res":9,"coarsened":false,"count":178,"hv":178,"mp":0,"y0":null,"y1":null,"sp":[[90,146,146,0,null,null],[45,6,6,0,null,null],[17,3,3,0,null,null],[154,3,3,0,null,null],[138,2,2,0,null,null],[139,2,2,0,null,null],[115,2,2,0,null,null],[108,2,2,0,null,null],[137,2,2,0,null,null],[13,1,1,0,null,null],[145,1,1,0,null,null],[111,1,1,0,null,null],[151,1,1,0,null,null],[156,1,1,0,null,null],[142,1,1,0,null,null],[25,1,1,0,null,null],[124,1,1,0,null,null],[119,1,1,0,null,null],[157,1,1,0,null,null]]}},{"type":"Feature","geometry":{"type":"Polygon","coordinates":[[[-153.99841,60.78105],[-154.00075,60.77968],[-153.99956,60.77815],[-153.99603,60.77799],[-153.99369,60.77936],[-153.99488,60.78089],[-153.99841,60.78105]]]},"properties":{"cell":"890c5612b57ffff","res":9,"coarsened":false,"count":135,"hv":135,"mp":0,"y0":null,"y1":null,"sp":[[116,135,135,0,null,null]]}},{"type":"Feature","geometry":{"type":"Polygon","coordinates":[[[-154.064,60.75163],[-154.06634,60.75027],[-154.06515,60.74874],[-154.06162,60.74858],[-154.05928,60.74995],[-154.06047,60.75147],[-154.064,60.75163]]]},"properties":{"cell":"890c5610a97ffff","res":9,"coarsened":false,"count":2,"hv":2,"mp":0,"y0":null,"y1":null,"sp":[[140,1,1,0,null,null],[116,1,1,0,null,null]]}},{"type":"Feature","geometry":{"type":"Polygon","coordinates":[[[-154.03017,60.78251],[-154.03251,60.78114],[-154.03132,60.77962],[-154.02779,60.77945],[-154.02545,60.78082],[-154.02664,60.78235],[-154.03017,60.78251]]]},"properties":{"cell":"890c5612a6fffff","res":9,"coarsened":false,"count":12,"hv":12,"mp":0,"y0":null,"y1":null,"sp":[[117,3,3,0,null,null],[46,2,2,0,null,null],[153,2,2,0,null,null],[137,1,1,0,null,null],[148,1,1,0,null,null],[150,1,1,0,null,null],[169,1,1,0,null,null],[62,1,1,0,null,null]]}},{"type":"Feature","geometry":{"type":"Polygon","coordinates":[[[-154.06055,60.76032],[-154.06289,60.75895],[-154.0617,60.75742],[-154.05817,60.75726],[-154.05584,60.75863],[-154.05702,60.76016],[-154.06055,60.76032]]]},"properties":{"cell":"890c5610e33ffff","res":9,"coarsened":false,"count":1,"hv":1,"mp":0,"y0":null,"y1":null,"sp":[[133,1,1,0,null,null]]}},{"type":"Feature","geometry":{"type":"Polygon","coordinates":[[[-153.98195,60.78176],[-153.98429,60.7804],[-153.98311,60.77887],[-153.97958,60.7787],[-153.97723,60.78007],[-153.97842,60.7816],[-153.98195,60.78176]]]},"properties":{"cell":"890c5612b17ffff","res":9,"coarsened":false,"count":13,"hv":13,"mp":0,"y0":null,"y1":null,"sp":[[141,4,4,0,null,null],[36,3,3,0,null,null],[129,3,3,0,null,null],[113,1,1,0,null,null],[77,1,1,0,null,null],[14,1,1,0,null,null]]}},{"type":"Feature","geometry":{"type":"Polygon","coordinates":[[[-153.98095,60.8112],[-153.98329,60.80984],[-153.98211,60.80831],[-153.97857,60.80815],[-153.97623,60.80951],[-153.97741,60.81104],[-153.98095,60.8112]]]},"properties":{"cell":"890c5612c6fffff","res":9,"coarsened":false,"count":14,"hv":14,"mp":0,"y0":null,"y1":null,"sp":[[19,3,3,0,null,null],[15,2,2,0,null,null],[146,2,2,0,null,null],[133,2,2,0,null,null],[102,2,2,0,null,null],[149,1,1,0,null,null],[14,1,1,0,null,null],[94,1,1,0,null,null]]}},{"type":"Feature","geometry":{"type":"Polygon","coordinates":[[[-153.92908,60.79257],[-153.93143,60.79121],[-153.93025,60.78968],[-153.92672,60.78951],[-153.92437,60.79088],[-153.92555,60.79241],[-153.92908,60.79257]]]},"properties":{"cell":"890c56129b3ffff","res":9,"coarsened":false,"count":285,"hv":285,"mp":0,"y0":null,"y1":null,"sp":[[43,142,142,0,null,null],[57,139,139,0,null,null],[13,1,1,0,null,null],[11,1,1,0,null,null],[122,1,1,0,null,null],[23,1,1,0,null,null]]}},{"type":"Feature","geometry":{"type":"Polygon","coordinates":[[[-153.98906,60.79094],[-153.9914,60.78957],[-153.99022,60.78804],[-153.98669,60.78788],[-153.98434,60.78924],[-153.98553,60.79077],[-153.98906,60.79094]]]},"properties":{"cell":"890c561286fffff","res":9,"coarsened":false,"count":5,"hv":5,"mp":0,"y0":null,"y1":null,"sp":[[143,3,3,0,null,null],[38,1,1,0,null,null],[25,1,1,0,null,null]]}},{"type":"Feature","geometry":{"type":"Polygon","coordinates":[[[-154.12909,60.79144],[-154.13143,60.79007],[-154.13023,60.78854],[-154.1267,60.78838],[-154.12436,60.78975],[-154.12556,60.79128],[-154.12909,60.79144]]]},"properties":{"cell":"890c561028fffff","res":9,"coarsened":false,"count":13,"hv":13,"mp":0,"y0":null,"y1":null,"sp":[[116,8,8,0,null,null],[136,1,1,0,null,null],[130,1,1,0,null,null],[121,1,1,0,null,null],[141,1,1,0,null,null],[55,1,1,0,null,null]]}},{"type":"Feature","geometry":{"type":"Polygon","coordinates":[[[-154.11262,60.79217],[-154.11496,60.7908],[-154.11376,60.78927],[-154.11023,60.78911],[-154.10789,60.79048],[-154.10909,60.79201],[-154.11262,60.79217]]]},"properties":{"cell":"890c561004fffff","res":9,"coarsened":false,"count":4,"hv":4,"mp":0,"y0":null,"y1":null,"sp":[[136,2,2,0,null,null],[154,2,2,0,null,null]]}},{"type":"Feature","geometry":{"type":"Polygon","coordinates":[[[-153.97361,60.76222],[-153.97595,60.76085],[-153.97476,60.75932],[-153.97124,60.75916],[-153.9689,60.76052],[-153.97008,60.76205],[-153.97361,60.76222]]]},"properties":{"cell":"890c5610db7ffff","res":9,"coarsened":false,"count":1,"hv":1,"mp":0,"y0":null,"y1":null,"sp":[[140,1,1,0,null,null]]}},{"type":"Feature","geometry":{"type":"Polygon","coordinates":[[[-153.9787,60.83027],[-154.03629,60.81228],[-154.03604,60.78131],[-153.97834,60.76833],[-153.92083,60.78629],[-153.92094,60.81726],[-153.9787,60.83027]]]},"properties":{"cell":"860c5612fffffff","res":6,"coarsened":true,"count":3,"hv":3,"mp":0,"y0":null,"y1":null,"sp":[[12,3,3,0,null,null]]}},{"type":"Feature","geometry":{"type":"Polygon","coordinates":[[[-153.96324,60.80154],[-153.96558,60.80017],[-153.9644,60.79864],[-153.96087,60.79848],[-153.95852,60.79984],[-153.95971,60.80137],[-153.96324,60.80154]]]},"properties":{"cell":"890c56128a3ffff","res":9,"coarsened":false,"count":2,"hv":2,"mp":0,"y0":null,"y1":null,"sp":[[155,2,2,0,null,null]]}},{"type":"Feature","geometry":{"type":"Polygon","coordinates":[[[-154.01024,60.79191],[-154.01258,60.79055],[-154.0114,60.78902],[-154.00787,60.78886],[-154.00552,60.79022],[-154.00671,60.79175],[-154.01024,60.79191]]]},"properties":{"cell":"890c5612aabffff","res":9,"coarsened":false,"count":2,"hv":2,"mp":0,"y0":null,"y1":null,"sp":[[82,2,2,0,null,null]]}},{"type":"Feature","geometry":{"type":"Polygon","coordinates":[[[-153.86327,60.82193],[-153.86562,60.82056],[-153.86445,60.81903],[-153.86091,60.81886],[-153.85856,60.82023],[-153.85974,60.82176],[-153.86327,60.82193]]]},"properties":{"cell":"890c568dc73ffff","res":9,"coarsened":false,"count":3,"hv":3,"mp":0,"y0":null,"y1":null,"sp":[[112,2,2,0,null,null],[98,1,1,0,null,null]]}},{"type":"Feature","geometry":{"type":"Polygon","coordinates":[[[-152.62053,60.32852],[-152.6776,60.31122],[-152.67893,60.28056],[-152.62332,60.26721],[-152.56632,60.28447],[-152.56487,60.31513],[-152.62053,60.32852]]]},"properties":{"cell":"860c50c6fffffff","res":6,"coarsened":true,"count":3,"hv":3,"mp":0,"y0":null,"y1":null,"sp":[[12,3,3,0,null,null]]}},{"type":"Feature","geometry":{"type":"Polygon","coordinates":[[[-154.02083,60.7924],[-154.02318,60.79103],[-154.02199,60.78951],[-154.01846,60.78934],[-154.01612,60.79071],[-154.0173,60.79224],[-154.02083,60.7924]]]},"properties":{"cell":"890c5612a03ffff","res":9,"coarsened":false,"count":2,"hv":2,"mp":0,"y0":null,"y1":null,"sp":[[157,2,2,0,null,null]]}},{"type":"Feature","geometry":{"type":"Polygon","coordinates":[[[-154.01246,60.77285],[-154.0148,60.77149],[-154.01361,60.76996],[-154.01009,60.7698],[-154.00774,60.77116],[-154.00893,60.77269],[-154.01246,60.77285]]]},"properties":{"cell":"890c5610ca3ffff","res":9,"coarsened":false,"count":5,"hv":5,"mp":0,"y0":null,"y1":null,"sp":[[151,2,2,0,null,null],[82,2,2,0,null,null],[114,1,1,0,null,null]]}},{"type":"Feature","geometry":{"type":"Polygon","coordinates":[[[-152.67494,60.37259],[-152.73208,60.35526],[-152.73334,60.32457],[-152.6776,60.31122],[-152.62053,60.32852],[-152.61914,60.3592],[-152.67494,60.37259]]]},"properties":{"cell":"860c50c67ffffff","res":6,"coarsened":true,"count":3,"hv":3,"mp":0,"y0":null,"y1":null,"sp":[[12,3,3,0,null,null]]}},{"type":"Feature","geometry":{"type":"Polygon","coordinates":[[[-154.09358,60.77214],[-154.09592,60.77077],[-154.09473,60.76924],[-154.0912,60.76908],[-154.08886,60.77045],[-154.09005,60.77198],[-154.09358,60.77214]]]},"properties":{"cell":"890c5610333ffff","res":9,"coarsened":false,"count":3,"hv":3,"mp":0,"y0":null,"y1":null,"sp":[[108,2,2,0,null,null],[137,1,1,0,null,null]]}},{"type":"Feature","geometry":{"type":"Polygon","coordinates":[[[-152.50775,60.33237],[-152.56487,60.31513],[-152.56632,60.28447],[-152.51079,60.27107],[-152.45374,60.28829],[-152.45216,60.31893],[-152.50775,60.33237]]]},"properties":{"cell":"860c5089fffffff","res":6,"coarsened":true,"count":1,"hv":1,"mp":0,"y0":null,"y1":null,"sp":[[12,1,1,0,null,null]]}},{"type":"Feature","geometry":{"type":"Polygon","coordinates":[[[-154.03604,60.78131],[-154.09349,60.76329],[-154.09318,60.73233],[-154.03554,60.7194],[-153.97816,60.73738],[-153.97834,60.76833],[-154.03604,60.78131]]]},"properties":{"cell":"860c5610fffffff","res":6,"coarsened":true,"count":1,"hv":1,"mp":0,"y0":null,"y1":null,"sp":[[12,1,1,0,null,null]]}},{"type":"Feature","geometry":{"type":"Polygon","coordinates":[[[-154.01149,60.80229],[-154.01384,60.80093],[-154.01265,60.7994],[-154.00912,60.79923],[-154.00677,60.8006],[-154.00796,60.80213],[-154.01149,60.80229]]]},"properties":{"cell":"890c5612a93ffff","res":9,"coarsened":false,"count":2,"hv":2,"mp":0,"y0":null,"y1":null,"sp":[[127,1,1,0,null,null],[135,1,1,0,null,null]]}},{"type":"Feature","geometry":{"type":"Polygon","coordinates":[[[-153.86208,60.81155],[-153.86443,60.81018],[-153.86325,60.80865],[-153.85972,60.80849],[-153.85737,60.80985],[-153.85855,60.81138],[-153.86208,60.81155]]]},"properties":{"cell":"890c568d88bffff","res":9,"coarsened":false,"count":3,"hv":3,"mp":0,"y0":null,"y1":null,"sp":[[129,2,2,0,null,null],[98,1,1,0,null,null]]}},{"type":"Feature","geometry":{"type":"Polygon","coordinates":[[[-153.9303,60.80295],[-153.93265,60.80159],[-153.93146,60.80006],[-153.92793,60.79989],[-153.92559,60.80126],[-153.92677,60.80279],[-153.9303,60.80295]]]},"properties":{"cell":"890c5612d23ffff","res":9,"coarsened":false,"count":3,"hv":3,"mp":0,"y0":null,"y1":null,"sp":[[129,2,2,0,null,null],[3,1,1,0,null,null]]}},{"type":"Feature","geometry":{"type":"Polygon","coordinates":[[[-153.83266,60.79099],[-153.83501,60.78962],[-153.83384,60.78809],[-153.83031,60.78793],[-153.82796,60.78929],[-153.82914,60.79082],[-153.83266,60.79099]]]},"properties":{"cell":"890c568d90fffff","res":9,"coarsened":false,"count":1,"hv":1,"mp":0,"y0":null,"y1":null,"sp":[[98,1,1,0,null,null]]}},{"type":"Feature","geometry":{"type":"Polygon","coordinates":[[[-153.99939,60.75162],[-154.00173,60.75025],[-154.00054,60.74872],[-153.99702,60.74856],[-153.99468,60.74993],[-153.99586,60.75146],[-153.99939,60.75162]]]},"properties":{"cell":"890c5610d67ffff","res":9,"coarsened":false,"count":2,"hv":2,"mp":0,"y0":null,"y1":null,"sp":[[140,1,1,0,null,null],[98,1,1,0,null,null]]}},{"type":"Feature","geometry":{"type":"Polygon","coordinates":[[[-152.8931,60.26161],[-152.89544,60.26027],[-152.89435,60.25875],[-152.89091,60.25857],[-152.88857,60.2599],[-152.88966,60.26143],[-152.8931,60.26161]]]},"properties":{"cell":"890c50cec07ffff","res":9,"coarsened":false,"count":2,"hv":2,"mp":0,"y0":null,"y1":null,"sp":[[45,2,2,0,null,null]]}},{"type":"Feature","geometry":{"type":"Polygon","coordinates":[[[-153.89035,60.82173],[-153.8927,60.82036],[-153.89152,60.81883],[-153.88798,60.81867],[-153.88563,60.82003],[-153.88681,60.82156],[-153.89035,60.82173]]]},"properties":{"cell":"890c568de8fffff","res":9,"coarsened":false,"count":3,"hv":3,"mp":0,"y0":null,"y1":null,"sp":[[129,3,3,0,null,null]]}},{"type":"Feature","geometry":{"type":"Polygon","coordinates":[[[-152.55902,60.10139],[-152.56136,60.10006],[-152.5603,60.09855],[-152.55689,60.09835],[-152.55455,60.09968],[-152.55561,60.1012],[-152.55902,60.10139]]]},"properties":{"cell":"890c5000493ffff","res":9,"coarsened":false,"count":27,"hv":27,"mp":0,"y0":null,"y1":null,"sp":[[45,9,9,0,null,null],[155,4,4,0,null,null],[165,3,3,0,null,null],[168,3,3,0,null,null],[8,2,2,0,null,null],[78,1,1,0,null,null],[145,1,1,0,null,null],[84,1,1,0,null,null],[161,1,1,0,null,null],[86,1,1,0,null,null],[166,1,1,0,null,null]]}},{"type":"Feature","geometry":{"type":"Polygon","coordinates":[[[-153.96037,60.70121],[-153.9627,60.69984],[-153.96152,60.69831],[-153.95801,60.69815],[-153.95567,60.69952],[-153.95685,60.70104],[-153.96037,60.70121]]]},"properties":{"cell":"890c56151cbffff","res":9,"coarsened":false,"count":1,"hv":1,"mp":0,"y0":null,"y1":null,"sp":[[155,1,1,0,null,null]]}},{"type":"Feature","geometry":{"type":"Polygon","coordinates":[[[-152.64956,60.19265],[-152.6519,60.19132],[-152.65083,60.1898],[-152.6474,60.1896],[-152.64506,60.19093],[-152.64613,60.19246],[-152.64956,60.19265]]]},"properties":{"cell":"890c50113cbffff","res":9,"coarsened":false,"count":8,"hv":8,"mp":0,"y0":null,"y1":null,"sp":[[17,5,5,0,null,null],[45,2,2,0,null,null],[174,1,1,0,null,null]]}},{"type":"Feature","geometry":{"type":"Polygon","coordinates":[[[-154.96254,60.16248],[-154.96479,60.1611],[-154.96357,60.15959],[-154.96011,60.15946],[-154.95786,60.16084],[-154.95908,60.16235],[-154.96254,60.16248]]]},"properties":{"cell":"890c52d3607ffff","res":9,"coarsened":false,"count":1,"hv":1,"mp":0,"y0":null,"y1":null,"sp":[[157,1,1,0,null,null]]}},{"type":"Feature","geometry":{"type":"Polygon","coordinates":[[[-154.11352,60.98118],[-154.11587,60.97981],[-154.11467,60.97827],[-154.11111,60.97811],[-154.10876,60.97948],[-154.10996,60.98102],[-154.11352,60.98118]]]},"properties":{"cell":"890c568b043ffff","res":9,"coarsened":false,"count":1,"hv":1,"mp":0,"y0":null,"y1":null,"sp":[[157,1,1,0,null,null]]}},{"type":"Feature","geometry":{"type":"Polygon","coordinates":[[[-154.25989,60.94046],[-154.26224,60.93908],[-154.26103,60.93755],[-154.25747,60.93739],[-154.25513,60.93877],[-154.25634,60.9403],[-154.25989,60.94046]]]},"properties":{"cell":"890c56c642bffff","res":9,"coarsened":false,"count":1,"hv":1,"mp":0,"y0":null,"y1":null,"sp":[[157,1,1,0,null,null]]}},{"type":"Feature","geometry":{"type":"Polygon","coordinates":[[[-154.06247,60.97293],[-154.06483,60.97156],[-154.06363,60.97003],[-154.06007,60.96987],[-154.05772,60.97124],[-154.05892,60.97277],[-154.06247,60.97293]]]},"properties":{"cell":"890c568b113ffff","res":9,"coarsened":false,"count":1,"hv":1,"mp":0,"y0":null,"y1":null,"sp":[[157,1,1,0,null,null]]}},{"type":"Feature","geometry":{"type":"Polygon","coordinates":[[[-154.65246,60.46085],[-154.65474,60.45947],[-154.65353,60.45795],[-154.65003,60.45781],[-154.64774,60.45919],[-154.64896,60.4607],[-154.65246,60.46085]]]},"properties":{"cell":"890c5671653ffff","res":9,"coarsened":false,"count":1,"hv":1,"mp":0,"y0":null,"y1":null,"sp":[[157,1,1,0,null,null]]}},{"type":"Feature","geometry":{"type":"Polygon","coordinates":[[[-154.98174,60.15297],[-154.98399,60.1516],[-154.98277,60.15009],[-154.97931,60.14996],[-154.97706,60.15133],[-154.97828,60.15284],[-154.98174,60.15297]]]},"properties":{"cell":"890c52d32d3ffff","res":9,"coarsened":false,"count":1,"hv":1,"mp":0,"y0":null,"y1":null,"sp":[[157,1,1,0,null,null]]}},{"type":"Feature","geometry":{"type":"Polygon","coordinates":[[[-154.28921,60.99053],[-154.29156,60.98915],[-154.29035,60.98762],[-154.28678,60.98746],[-154.28443,60.98884],[-154.28565,60.99037],[-154.28921,60.99053]]]},"properties":{"cell":"890c56d436fffff","res":9,"coarsened":false,"count":1,"hv":1,"mp":0,"y0":null,"y1":null,"sp":[[157,1,1,0,null,null]]}},{"type":"Feature","geometry":{"type":"Polygon","coordinates":[[[-154.20009,60.98213],[-154.20245,60.98076],[-154.20124,60.97922],[-154.19768,60.97906],[-154.19533,60.98044],[-154.19653,60.98197],[-154.20009,60.98213]]]},"properties":{"cell":"890c56d4887ffff","res":9,"coarsened":false,"count":1,"hv":1,"mp":0,"y0":null,"y1":null,"sp":[[157,1,1,0,null,null]]}},{"type":"Feature","geometry":{"type":"Polygon","coordinates":[[[-154.23193,60.97025],[-154.23428,60.96887],[-154.23307,60.96734],[-154.22951,60.96718],[-154.22716,60.96856],[-154.22837,60.97009],[-154.23193,60.97025]]]},"properties":{"cell":"890c56d4ab7ffff","res":9,"coarsened":false,"count":2,"hv":2,"mp":0,"y0":null,"y1":null,"sp":[[157,2,2,0,null,null]]}},{"type":"Feature","geometry":{"type":"Polygon","coordinates":[[[-154.33229,60.64283],[-154.3346,60.64146],[-154.3334,60.63994],[-154.32989,60.63979],[-154.32757,60.64116],[-154.32877,60.64268],[-154.33229,60.64283]]]},"properties":{"cell":"890c560a52fffff","res":9,"coarsened":false,"count":1,"hv":1,"mp":0,"y0":null,"y1":null,"sp":[[157,1,1,0,null,null]]}},{"type":"Feature","geometry":{"type":"Polygon","coordinates":[[[-154.91366,60.15184],[-154.91591,60.15046],[-154.91469,60.14895],[-154.91123,60.14882],[-154.90898,60.15019],[-154.91019,60.1517],[-154.91366,60.15184]]]},"properties":{"cell":"890c52d30a7ffff","res":9,"coarsened":false,"count":1,"hv":1,"mp":0,"y0":null,"y1":null,"sp":[[157,1,1,0,null,null]]}},{"type":"Feature","geometry":{"type":"Polygon","coordinates":[[[-152.90124,60.29132],[-152.90359,60.28998],[-152.90249,60.28846],[-152.89905,60.28827],[-152.89671,60.28961],[-152.8978,60.29113],[-152.90124,60.29132]]]},"properties":{"cell":"890c50c52dbffff","res":9,"coarsened":false,"count":1,"hv":1,"mp":0,"y0":null,"y1":null,"sp":[[159,1,1,0,null,null]]}},{"type":"Feature","geometry":{"type":"Polygon","coordinates":[[[-152.67993,60.23089],[-152.68227,60.22956],[-152.68119,60.22803],[-152.67777,60.22784],[-152.67542,60.22917],[-152.6765,60.2307],[-152.67993,60.23089]]]},"properties":{"cell":"890c50c4babffff","res":9,"coarsened":false,"count":1,"hv":1,"mp":0,"y0":null,"y1":null,"sp":[[82,1,1,0,null,null]]}},{"type":"Feature","geometry":{"type":"Polygon","coordinates":[[[-152.26295,60.53075],[-152.26534,60.52943],[-152.26428,60.5279],[-152.26082,60.52769],[-152.25843,60.52902],[-152.2595,60.53055],[-152.26295,60.53075]]]},"properties":{"cell":"890c5091273ffff","res":9,"coarsened":false,"count":1,"hv":1,"mp":0,"y0":null,"y1":null,"sp":[[82,1,1,0,null,null]]}},{"type":"Feature","geometry":{"type":"Polygon","coordinates":[[[-152.90183,60.24161],[-152.90417,60.24027],[-152.90307,60.23875],[-152.89964,60.23856],[-152.8973,60.2399],[-152.89839,60.24142],[-152.90183,60.24161]]]},"properties":{"cell":"890c50ce807ffff","res":9,"coarsened":false,"count":1,"hv":1,"mp":0,"y0":null,"y1":null,"sp":[[82,1,1,0,null,null]]}},{"type":"Feature","geometry":{"type":"Polygon","coordinates":[[[-152.54945,60.11107],[-152.55179,60.10974],[-152.55072,60.10822],[-152.54731,60.10803],[-152.54497,60.10935],[-152.54604,60.11087],[-152.54945,60.11107]]]},"properties":{"cell":"890c50022abffff","res":9,"coarsened":false,"count":8,"hv":8,"mp":0,"y0":null,"y1":null,"sp":[[111,2,2,0,null,null],[27,2,2,0,null,null],[91,2,2,0,null,null],[41,2,2,0,null,null]]}},{"type":"Feature","geometry":{"type":"Polygon","coordinates":[[[-152.55139,60.14184],[-152.55374,60.14051],[-152.55267,60.13899],[-152.54926,60.13879],[-152.54691,60.14012],[-152.54798,60.14164],[-152.55139,60.14184]]]},"properties":{"cell":"890c501196fffff","res":9,"coarsened":false,"count":38,"hv":38,"mp":0,"y0":null,"y1":null,"sp":[[80,8,8,0,null,null],[86,5,5,0,null,null],[161,4,4,0,null,null],[85,3,3,0,null,null],[41,3,3,0,null,null],[149,3,3,0,null,null],[88,3,3,0,null,null],[78,3,3,0,null,null],[45,2,2,0,null,null],[116,2,2,0,null,null],[162,1,1,0,null,null],[172,1,1,0,null,null]]}},{"type":"Feature","geometry":{"type":"Polygon","coordinates":[[[-153.89221,60.63033],[-153.89455,60.62897],[-153.89337,60.62745],[-153.88987,60.62728],[-153.88753,60.62864],[-153.88871,60.63017],[-153.89221,60.63033]]]},"properties":{"cell":"890c5606607ffff","res":9,"coarsened":false,"count":42,"hv":42,"mp":0,"y0":null,"y1":null,"sp":[[101,2,2,0,null,null],[35,2,2,0,null,null],[143,2,2,0,null,null],[21,1,1,0,null,null],[63,1,1,0,null,null],[95,1,1,0,null,null],[14,1,1,0,null,null],[109,1,1,0,null,null],[39,1,1,0,null,null],[8,1,1,0,null,null],[90,1,1,0,null,null],[38,1,1,0,null,null],[30,1,1,0,null,null],[116,1,1,0,null,null],[41,1,1,0,null,null],[7,1,1,0,null,null],[59,1,1,0,null,null],[160,1,1,0,null,null],[37,1,1,0,null,null],[5,1,1,0,null,null],[134,1,1,0,null,null],[51,1,1,0,null,null],[114,1,1,0,null,null],[110,1,1,0,null,null],[3,1,1,0,null,null],[36,1,1,0,null,null],[40,1,1,0,null,null],[91,1,1,0,null,null],[1,1,1,0,null,null],[124,1,1,0,null,null],[140,1,1,0,null,null],[49,1,1,0,null,null],[43,1,1,0,null,null],[44,1,1,0,null,null],[66,1,1,0,null,null],[123,1,1,0,null,null],[164,1,1,0,null,null],[17,1,1,0,null,null],[11,1,1,0,null,null]]}},{"type":"Feature","geometry":{"type":"Polygon","coordinates":[[[-153.86302,60.64956],[-153.92027,60.63164],[-153.92015,60.60075],[-153.86294,60.58779],[-153.80577,60.60567],[-153.80574,60.63656],[-153.86302,60.64956]]]},"properties":{"cell":"860c56067ffffff","res":6,"coarsened":true,"count":1,"hv":1,"mp":0,"y0":null,"y1":null,"sp":[[12,1,1,0,null,null]]}},{"type":"Feature","geometry":{"type":"Polygon","coordinates":[[[-153.85949,60.63174],[-153.86183,60.63038],[-153.86066,60.62885],[-153.85715,60.62869],[-153.85482,60.63005],[-153.85599,60.63158],[-153.85949,60.63174]]]},"properties":{"cell":"890c5606467ffff","res":9,"coarsened":false,"count":4,"hv":4,"mp":0,"y0":null,"y1":null,"sp":[[82,2,2,0,null,null],[17,2,2,0,null,null]]}},{"type":"Feature","geometry":{"type":"Polygon","coordinates":[[[-152.67136,60.19094],[-152.6737,60.18961],[-152.67262,60.18809],[-152.6692,60.1879],[-152.66686,60.18923],[-152.66793,60.19075],[-152.67136,60.19094]]]},"properties":{"cell":"890c5011267ffff","res":9,"coarsened":false,"count":58,"hv":58,"mp":0,"y0":null,"y1":null,"sp":[[43,15,15,0,null,null],[57,6,6,0,null,null],[77,4,4,0,null,null],[162,4,4,0,null,null],[81,3,3,0,null,null],[62,3,3,0,null,null],[117,3,3,0,null,null],[90,3,3,0,null,null],[37,3,3,0,null,null],[41,3,3,0,null,null],[76,2,2,0,null,null],[44,2,2,0,null,null],[51,2,2,0,null,null],[83,1,1,0,null,null],[78,1,1,0,null,null],[163,1,1,0,null,null],[108,1,1,0,null,null],[84,1,1,0,null,null]]}},{"type":"Feature","geometry":{"type":"Polygon","coordinates":[[[-152.56098,60.13216],[-152.56332,60.13083],[-152.56225,60.12931],[-152.55884,60.12912],[-152.5565,60.13044],[-152.55757,60.13196],[-152.56098,60.13216]]]},"properties":{"cell":"890c5002657ffff","res":9,"coarsened":false,"count":29,"hv":29,"mp":0,"y0":null,"y1":null,"sp":[[95,6,6,0,null,null],[161,6,6,0,null,null],[78,4,4,0,null,null],[36,2,2,0,null,null],[19,2,2,0,null,null],[85,2,2,0,null,null],[86,1,1,0,null,null],[45,1,1,0,null,null],[166,1,1,0,null,null],[83,1,1,0,null,null],[168,1,1,0,null,null],[88,1,1,0,null,null],[84,1,1,0,null,null]]}},{"type":"Feature","geometry":{"type":"Polygon","coordinates":[[[-152.58273,60.13047],[-152.58507,60.12914],[-152.584,60.12762],[-152.58059,60.12742],[-152.57825,60.12875],[-152.57931,60.13027],[-152.58273,60.13047]]]},"properties":{"cell":"890c5003583ffff","res":9,"coarsened":false,"count":237,"hv":237,"mp":0,"y0":null,"y1":null,"sp":[[21,64,64,0,null,null],[59,20,20,0,null,null],[141,19,19,0,null,null],[15,12,12,0,null,null],[55,10,10,0,null,null],[128,9,9,0,null,null],[24,7,7,0,null,null],[125,6,6,0,null,null],[7,4,4,0,null,null],[5,3,3,0,null,null],[92,3,3,0,null,null],[83,3,3,0,null,null],[41,3,3,0,null,null],[145,3,3,0,null,null],[91,3,3,0,null,null],[23,3,3,0,null,null],[49,3,3,0,null,null],[87,3,3,0,null,null],[109,3,3,0,null,null],[3,3,3,0,null,null],[35,3,3,0,null,null],[8,3,3,0,null,null],[166,3,3,0,null,null],[140,3,3,0,null,null],[149,3,3,0,null,null],[26,3,3,0,null,null],[104,2,2,0,null,null],[164,2,2,0,null,null],[114,2,2,0,null,null],[27,2,2,0,null,null],[111,2,2,0,null,null],[107,2,2,0,null,null],[84,2,2,0,null,null],[147,2,2,0,null,null],[94,2,2,0,null,null],[60,2,2,0,null,null],[129,2,2,0,null,null],[102,2,2,0,null,null],[82,1,1,0,null,null],[80,1,1,0,null,null],[167,1,1,0,null,null],[39,1,1,0,null,null],[127,1,1,0,null,null],[170,1,1,0,null,null],[65,1,1,0,null,null],[123,1,1,0,null,null],[11,1,1,0,null,null],[85,1,1,0,null,null],[120,1,1,0,null,null]]}},{"type":"Feature","geometry":{"type":"Polygon","coordinates":[[[-152.63012,60.14189],[-152.63246,60.14056],[-152.63139,60.13904],[-152.62797,60.13885],[-152.62563,60.14018],[-152.6267,60.1417],[-152.63012,60.14189]]]},"properties":{"cell":"890c50034c3ffff","res":9,"coarsened":false,"count":85,"hv":85,"mp":0,"y0":null,"y1":null,"sp":[[4,40,40,0,null,null],[89,36,36,0,null,null],[142,5,5,0,null,null],[130,4,4,0,null,null]]}},{"type":"Feature","geometry":{"type":"Polygon","coordinates":[[[-152.6032,60.13162],[-152.60554,60.13029],[-152.60447,60.12877],[-152.60106,60.12858],[-152.59872,60.12991],[-152.59979,60.13143],[-152.6032,60.13162]]]},"properties":{"cell":"890c50035dbffff","res":9,"coarsened":false,"count":11,"hv":11,"mp":0,"y0":null,"y1":null,"sp":[[96,5,5,0,null,null],[116,3,3,0,null,null],[124,2,2,0,null,null],[76,1,1,0,null,null]]}},{"type":"Feature","geometry":{"type":"Polygon","coordinates":[[[-152.62944,60.13163],[-152.63178,60.1303],[-152.6307,60.12878],[-152.62729,60.12859],[-152.62495,60.12992],[-152.62602,60.13144],[-152.62944,60.13163]]]},"properties":{"cell":"890c5003473ffff","res":9,"coarsened":false,"count":47,"hv":47,"mp":0,"y0":null,"y1":null,"sp":[[43,17,17,0,null,null],[13,7,7,0,null,null],[36,4,4,0,null,null],[118,3,3,0,null,null],[162,3,3,0,null,null],[90,3,3,0,null,null],[173,3,3,0,null,null],[38,2,2,0,null,null],[51,2,2,0,null,null],[131,1,1,0,null,null],[16,1,1,0,null,null],[119,1,1,0,null,null]]}},{"type":"Feature","geometry":{"type":"Polygon","coordinates":[[[-152.58013,60.1128],[-152.58247,60.11147],[-152.5814,60.10995],[-152.578,60.10976],[-152.57565,60.11109],[-152.57672,60.11261],[-152.58013,60.1128]]]},"properties":{"cell":"890c500225bffff","res":9,"coarsened":false,"count":3,"hv":3,"mp":0,"y0":null,"y1":null,"sp":[[40,1,1,0,null,null],[86,1,1,0,null,null],[31,1,1,0,null,null]]}},{"type":"Feature","geometry":{"type":"Polygon","coordinates":[[[-152.57947,60.10255],[-152.58181,60.10122],[-152.58074,60.0997],[-152.57734,60.09951],[-152.575,60.10083],[-152.57606,60.10235],[-152.57947,60.10255]]]},"properties":{"cell":"890c50031a7ffff","res":9,"coarsened":false,"count":32,"hv":32,"mp":0,"y0":null,"y1":null,"sp":[[15,9,9,0,null,null],[22,5,5,0,null,null],[30,5,5,0,null,null],[40,4,4,0,null,null],[1,2,2,0,null,null],[19,2,2,0,null,null],[87,2,2,0,null,null],[109,1,1,0,null,null],[38,1,1,0,null,null],[171,1,1,0,null,null]]}},{"type":"Feature","geometry":{"type":"Polygon","coordinates":[[[-152.62885,60.14474],[-152.68552,60.12746],[-152.68682,60.09688],[-152.63159,60.08359],[-152.575,60.10083],[-152.57356,60.13141],[-152.62885,60.14474]]]},"properties":{"cell":"860c50037ffffff","res":6,"coarsened":true,"count":3,"hv":3,"mp":0,"y0":null,"y1":null,"sp":[[12,3,3,0,null,null]]}},{"type":"Feature","geometry":{"type":"Polygon","coordinates":[[[-152.56925,60.10197],[-152.57159,60.10064],[-152.57052,60.09912],[-152.56711,60.09893],[-152.56477,60.10026],[-152.56584,60.10178],[-152.56925,60.10197]]]},"properties":{"cell":"890c500226fffff","res":9,"coarsened":false,"count":8,"hv":8,"mp":0,"y0":null,"y1":null,"sp":[[34,2,2,0,null,null],[32,2,2,0,null,null],[19,2,2,0,null,null],[97,2,2,0,null,null]]}},{"type":"Feature","geometry":{"type":"Polygon","coordinates":[[[-152.55837,60.09114],[-152.56071,60.08981],[-152.55965,60.08829],[-152.55624,60.0881],[-152.5539,60.08943],[-152.55496,60.09095],[-152.55837,60.09114]]]},"properties":{"cell":"890c50004abffff","res":9,"coarsened":false,"count":7,"hv":7,"mp":0,"y0":null,"y1":null,"sp":[[78,3,3,0,null,null],[161,3,3,0,null,null],[167,1,1,0,null,null]]}},{"type":"Feature","geometry":{"type":"Polygon","coordinates":[[[-152.55262,60.09227],[-152.55496,60.09095],[-152.5539,60.08943],[-152.55049,60.08923],[-152.54815,60.09056],[-152.54922,60.09208],[-152.55262,60.09227]]]},"properties":{"cell":"890c50004a3ffff","res":9,"coarsened":false,"count":3,"hv":3,"mp":0,"y0":null,"y1":null,"sp":[[85,2,2,0,null,null],[84,1,1,0,null,null]]}},{"type":"Feature","geometry":{"type":"Polygon","coordinates":[[[-152.59986,60.08035],[-152.6022,60.07902],[-152.60113,60.0775],[-152.59773,60.07731],[-152.59539,60.07864],[-152.59646,60.08016],[-152.59986,60.08035]]]},"properties":{"cell":"890c5000633ffff","res":9,"coarsened":false,"count":3,"hv":3,"mp":0,"y0":null,"y1":null,"sp":[[86,1,1,0,null,null],[78,1,1,0,null,null],[161,1,1,0,null,null]]}},{"type":"Feature","geometry":{"type":"Polygon","coordinates":[[[-153.9185,60.79208],[-153.92084,60.79071],[-153.91966,60.78919],[-153.91613,60.78902],[-153.91379,60.79038],[-153.91497,60.79191],[-153.9185,60.79208]]]},"properties":{"cell":"890c568da7bffff","res":9,"coarsened":false,"count":9,"hv":9,"mp":0,"y0":null,"y1":null,"sp":[[144,2,2,0,null,null],[101,1,1,0,null,null],[76,1,1,0,null,null],[36,1,1,0,null,null],[57,1,1,0,null,null],[103,1,1,0,null,null],[90,1,1,0,null,null],[116,1,1,0,null,null]]}},{"type":"Feature","geometry":{"type":"Polygon","coordinates":[[[-154.9019,60.83293],[-154.9042,60.83155],[-154.90296,60.83002],[-154.8994,60.82988],[-154.8971,60.83127],[-154.89834,60.83279],[-154.9019,60.83293]]]},"properties":{"cell":"890c56c9bbbffff","res":9,"coarsened":false,"count":2,"hv":2,"mp":0,"y0":null,"y1":null,"sp":[[104,1,1,0,null,null],[170,1,1,0,null,null]]}},{"type":"Feature","geometry":{"type":"Polygon","coordinates":[[[-154.86084,60.84164],[-154.86315,60.84026],[-154.86191,60.83873],[-154.85835,60.83859],[-154.85604,60.83998],[-154.85729,60.8415],[-154.86084,60.84164]]]},"properties":{"cell":"890c56c99bbffff","res":9,"coarsened":false,"count":9,"hv":9,"mp":0,"y0":null,"y1":null,"sp":[[16,1,1,0,null,null],[37,1,1,0,null,null],[97,1,1,0,null,null],[133,1,1,0,null,null],[57,1,1,0,null,null],[102,1,1,0,null,null],[49,1,1,0,null,null],[19,1,1,0,null,null],[147,1,1,0,null,null]]}},{"type":"Feature","geometry":{"type":"Polygon","coordinates":[[[-154.79413,60.86112],[-154.79645,60.85974],[-154.79521,60.85821],[-154.79165,60.85807],[-154.78934,60.85945],[-154.79058,60.86098],[-154.79413,60.86112]]]},"properties":{"cell":"890c56c88c7ffff","res":9,"coarsened":false,"count":6,"hv":6,"mp":0,"y0":null,"y1":null,"sp":[[107,1,1,0,null,null],[63,1,1,0,null,null],[109,1,1,0,null,null],[91,1,1,0,null,null],[44,1,1,0,null,null],[30,1,1,0,null,null]]}},{"type":"Feature","geometry":{"type":"Polygon","coordinates":[[[-154.31007,60.20179],[-154.31235,60.20043],[-154.31117,60.19892],[-154.30771,60.19877],[-154.30544,60.20013],[-154.30661,60.20164],[-154.31007,60.20179]]]},"properties":{"cell":"890c5664327ffff","res":9,"coarsened":false,"count":6,"hv":6,"mp":0,"y0":null,"y1":null,"sp":[[56,1,1,0,null,null],[145,1,1,0,null,null],[22,1,1,0,null,null],[82,1,1,0,null,null],[64,1,1,0,null,null],[114,1,1,0,null,null]]}},{"type":"Feature","geometry":{"type":"Polygon","coordinates":[[[-154.2292,60.26118],[-154.23149,60.25982],[-154.23031,60.25831],[-154.22684,60.25815],[-154.22456,60.25952],[-154.22573,60.26103],[-154.2292,60.26118]]]},"properties":{"cell":"890c5666177ffff","res":9,"coarsened":false,"count":23,"hv":23,"mp":0,"y0":null,"y1":null,"sp":[[4,1,1,0,null,null],[134,1,1,0,null,null],[36,1,1,0,null,null],[125,1,1,0,null,null],[120,1,1,0,null,null],[89,1,1,0,null,null],[83,1,1,0,null,null],[27,1,1,0,null,null],[97,1,1,0,null,null],[45,1,1,0,null,null],[102,1,1,0,null,null],[164,1,1,0,null,null],[43,1,1,0,null,null],[59,1,1,0,null,null],[124,1,1,0,null,null],[49,1,1,0,null,null],[34,1,1,0,null,null],[111,1,1,0,null,null],[61,1,1,0,null,null],[11,1,1,0,null,null],[133,1,1,0,null,null],[65,1,1,0,null,null],[26,1,1,0,null,null]]}},{"type":"Feature","geometry":{"type":"Polygon","coordinates":[[[-154.04395,60.18128],[-154.04624,60.17992],[-154.04508,60.1784],[-154.04163,60.17825],[-154.03934,60.17961],[-154.0405,60.18112],[-154.04395,60.18128]]]},"properties":{"cell":"890c52923c7ffff","res":9,"coarsened":false,"count":3,"hv":3,"mp":0,"y0":null,"y1":null,"sp":[[36,2,2,0,null,null],[171,1,1,0,null,null]]}},{"type":"Feature","geometry":{"type":"Polygon","coordinates":[[[-153.93374,60.781],[-153.93608,60.77963],[-153.9349,60.7781],[-153.93137,60.77794],[-153.92903,60.7793],[-153.93021,60.78083],[-153.93374,60.781]]]},"properties":{"cell":"890c5612927ffff","res":9,"coarsened":false,"count":7,"hv":7,"mp":0,"y0":null,"y1":null,"sp":[[17,1,1,0,null,null],[7,1,1,0,null,null],[100,1,1,0,null,null],[35,1,1,0,null,null],[121,1,1,0,null,null],[108,1,1,0,null,null],[92,1,1,0,null,null]]}},{"type":"Feature","geometry":{"type":"Polygon","coordinates":[[[-153.87409,60.942],[-153.87645,60.94064],[-153.87527,60.9391],[-153.87172,60.93893],[-153.86936,60.9403],[-153.87054,60.94183],[-153.87409,60.942]]]},"properties":{"cell":"890c568ad2fffff","res":9,"coarsened":false,"count":5,"hv":5,"mp":0,"y0":null,"y1":null,"sp":[[26,1,1,0,null,null],[38,1,1,0,null,null],[111,1,1,0,null,null],[126,1,1,0,null,null],[160,1,1,0,null,null]]}},{"type":"Feature","geometry":{"type":"Polygon","coordinates":[[[-152.68232,60.20178],[-152.68467,60.20045],[-152.68359,60.19893],[-152.68017,60.19874],[-152.67782,60.20007],[-152.6789,60.20159],[-152.68232,60.20178]]]},"properties":{"cell":"890c5011253ffff","res":9,"coarsened":false,"count":2,"hv":2,"mp":0,"y0":null,"y1":null,"sp":[[166,1,1,0,null,null],[77,1,1,0,null,null]]}},{"type":"Feature","geometry":{"type":"Polygon","coordinates":[[[-154.56001,60.11147],[-154.56227,60.1101],[-154.56108,60.10859],[-154.55762,60.10845],[-154.55536,60.10982],[-154.55655,60.11133],[-154.56001,60.11147]]]},"properties":{"cell":"890c566cbcbffff","res":9,"coarsened":false,"count":1,"hv":1,"mp":0,"y0":null,"y1":null,"sp":[[119,1,1,0,null,null]]}},{"type":"Feature","geometry":{"type":"Polygon","coordinates":[[[-152.88279,60.26105],[-152.88513,60.25972],[-152.88404,60.25819],[-152.8806,60.25801],[-152.87826,60.25934],[-152.87935,60.26087],[-152.88279,60.26105]]]},"properties":{"cell":"890c50cecafffff","res":9,"coarsened":false,"count":1,"hv":1,"mp":0,"y0":null,"y1":null,"sp":[[45,1,1,0,null,null]]}},{"type":"Feature","geometry":{"type":"Polygon","coordinates":[[[-152.58339,60.14072],[-152.58573,60.1394],[-152.58466,60.13788],[-152.58125,60.13768],[-152.57891,60.13901],[-152.57997,60.14053],[-152.58339,60.14072]]]},"properties":{"cell":"890c5011b0fffff","res":9,"coarsened":false,"count":106,"hv":106,"mp":0,"y0":null,"y1":null,"sp":[[56,16,16,0,null,null],[128,9,9,0,null,null],[4,8,8,0,null,null],[125,6,6,0,null,null],[24,6,6,0,null,null],[59,6,6,0,null,null],[142,4,4,0,null,null],[116,3,3,0,null,null],[26,3,3,0,null,null],[49,2,2,0,null,null],[32,2,2,0,null,null],[129,2,2,0,null,null],[3,2,2,0,null,null],[27,2,2,0,null,null],[86,2,2,0,null,null],[89,2,2,0,null,null],[78,2,2,0,null,null],[94,2,2,0,null,null],[84,2,2,0,null,null],[5,2,2,0,null,null],[91,2,2,0,null,null],[107,2,2,0,null,null],[21,2,2,0,null,null],[87,2,2,0,null,null],[83,2,2,0,null,null],[35,2,2,0,null,null],[65,1,1,0,null,null],[39,1,1,0,null,null],[11,1,1,0,null,null],[98,1,1,0,null,null],[127,1,1,0,null,null],[30,1,1,0,null,null],[41,1,1,0,null,null],[170,1,1,0,null,null],[134,1,1,0,null,null],[140,1,1,0,null,null],[149,1,1,0,null,null]]}},{"type":"Feature","geometry":{"type":"Polygon","coordinates":[[[-152.50916,60.14236],[-152.51151,60.14103],[-152.51044,60.13951],[-152.50703,60.13931],[-152.50468,60.14064],[-152.50575,60.14216],[-152.50916,60.14236]]]},"properties":{"cell":"890c5002413ffff","res":9,"coarsened":false,"count":1,"hv":1,"mp":0,"y0":null,"y1":null,"sp":[[163,1,1,0,null,null]]}},{"type":"Feature","geometry":{"type":"Polygon","coordinates":[[[-152.67922,60.22061],[-152.68157,60.21928],[-152.68049,60.21776],[-152.67707,60.21757],[-152.67472,60.2189],[-152.6758,60.22042],[-152.67922,60.22061]]]},"properties":{"cell":"890c501165bffff","res":9,"coarsened":false,"count":1,"hv":1,"mp":0,"y0":null,"y1":null,"sp":[[23,1,1,0,null,null]]}},{"type":"Feature","geometry":{"type":"Polygon","coordinates":[[[-152.93909,60.36218],[-152.94144,60.36084],[-152.94034,60.35932],[-152.93689,60.35913],[-152.93454,60.36047],[-152.93564,60.36199],[-152.93909,60.36218]]]},"properties":{"cell":"890c50c017bffff","res":9,"coarsened":false,"count":2,"hv":2,"mp":0,"y0":null,"y1":null,"sp":[[40,1,1,0,null,null],[16,1,1,0,null,null]]}},{"type":"Feature","geometry":{"type":"Polygon","coordinates":[[[-152.69048,60.17155],[-152.69282,60.17022],[-152.69174,60.1687],[-152.68833,60.16851],[-152.68598,60.16984],[-152.68706,60.17136],[-152.69048,60.17155]]]},"properties":{"cell":"890c501ac6bffff","res":9,"coarsened":false,"count":1,"hv":1,"mp":0,"y0":null,"y1":null,"sp":[[80,1,1,0,null,null]]}},{"type":"Feature","geometry":{"type":"Polygon","coordinates":[[[-154.99072,60.78181],[-154.99302,60.78042],[-154.99178,60.7789],[-154.98823,60.77876],[-154.98593,60.78015],[-154.98717,60.78167],[-154.99072,60.78181]]]},"properties":{"cell":"890c565335bffff","res":9,"coarsened":false,"count":2,"hv":2,"mp":0,"y0":null,"y1":null,"sp":[[61,1,1,0,null,null],[145,1,1,0,null,null]]}},{"type":"Feature","geometry":{"type":"Polygon","coordinates":[[[-154.29129,60.18197],[-154.29357,60.18061],[-154.2924,60.1791],[-154.28894,60.17895],[-154.28666,60.18031],[-154.28784,60.18183],[-154.29129,60.18197]]]},"properties":{"cell":"890c5664a8fffff","res":9,"coarsened":false,"count":1,"hv":1,"mp":0,"y0":null,"y1":null,"sp":[[38,1,1,0,null,null]]}},{"type":"Feature","geometry":{"type":"Polygon","coordinates":[[[-153.95049,60.35117],[-153.9528,60.34981],[-153.95163,60.34829],[-153.94816,60.34813],[-153.94586,60.34949],[-153.94702,60.35101],[-153.95049,60.35117]]]},"properties":{"cell":"890c562a5cbffff","res":9,"coarsened":false,"count":2,"hv":2,"mp":0,"y0":null,"y1":null,"sp":[[39,1,1,0,null,null],[117,1,1,0,null,null]]}},{"type":"Feature","geometry":{"type":"Polygon","coordinates":[[[-152.6529,60.22061],[-152.65524,60.21928],[-152.65417,60.21775],[-152.65074,60.21756],[-152.64839,60.21889],[-152.64947,60.22041],[-152.6529,60.22061]]]},"properties":{"cell":"890c5011617ffff","res":9,"coarsened":false,"count":1,"hv":1,"mp":0,"y0":null,"y1":null,"sp":[[45,1,1,0,null,null]]}},{"type":"Feature","geometry":{"type":"Polygon","coordinates":[[[-152.57999,60.04277],[-152.58233,60.04144],[-152.58126,60.03992],[-152.57786,60.03973],[-152.57553,60.04106],[-152.57659,60.04257],[-152.57999,60.04277]]]},"properties":{"cell":"890c500032fffff","res":9,"coarsened":false,"count":1,"hv":1,"mp":0,"y0":null,"y1":null,"sp":[[45,1,1,0,null,null]]}},{"type":"Feature","geometry":{"type":"Polygon","coordinates":[[[-153.86398,60.50115],[-153.8663,60.4998],[-153.86513,60.49827],[-153.86165,60.49811],[-153.85932,60.49947],[-153.86049,60.50099],[-153.86398,60.50115]]]},"properties":{"cell":"890c5604b23ffff","res":9,"coarsened":false,"count":1,"hv":1,"mp":0,"y0":null,"y1":null,"sp":[[157,1,1,0,null,null]]}},{"type":"Feature","geometry":{"type":"Polygon","coordinates":[[[-152.86917,60.35253],[-152.87152,60.3512],[-152.87042,60.34967],[-152.86698,60.34949],[-152.86462,60.35082],[-152.86572,60.35235],[-152.86917,60.35253]]]},"properties":{"cell":"890c50c0dd3ffff","res":9,"coarsened":false,"count":1,"hv":1,"mp":0,"y0":null,"y1":null,"sp":[[23,1,1,0,null,null]]}},{"type":"Feature","geometry":{"type":"Polygon","coordinates":[[[-152.76201,60.21204],[-152.76435,60.21071],[-152.76326,60.20919],[-152.75984,60.209],[-152.75749,60.21033],[-152.75858,60.21186],[-152.76201,60.21204]]]},"properties":{"cell":"890c501a633ffff","res":9,"coarsened":false,"count":8,"hv":8,"mp":0,"y0":null,"y1":null,"sp":[[77,2,2,0,null,null],[76,2,2,0,null,null],[108,2,2,0,null,null],[85,1,1,0,null,null],[83,1,1,0,null,null]]}},{"type":"Feature","geometry":{"type":"Polygon","coordinates":[[[-153.57365,60.48135],[-153.57598,60.48],[-153.57483,60.47848],[-153.57136,60.4783],[-153.56902,60.47966],[-153.57017,60.48118],[-153.57365,60.48135]]]},"properties":{"cell":"890c5632b97ffff","res":9,"coarsened":false,"count":1,"hv":1,"mp":0,"y0":null,"y1":null,"sp":[[155,1,1,0,null,null]]}},{"type":"Feature","geometry":{"type":"Polygon","coordinates":[[[-154.58008,60.17075],[-154.58234,60.16938],[-154.58115,60.16787],[-154.57769,60.16773],[-154.57542,60.1691],[-154.57662,60.17061],[-154.58008,60.17075]]]},"properties":{"cell":"890c566c0a3ffff","res":9,"coarsened":false,"count":1,"hv":1,"mp":0,"y0":null,"y1":null,"sp":[[155,1,1,0,null,null]]}},{"type":"Feature","geometry":{"type":"Polygon","coordinates":[[[-152.60053,60.0906],[-152.60287,60.08927],[-152.6018,60.08775],[-152.59839,60.08756],[-152.59605,60.08889],[-152.59712,60.09041],[-152.60053,60.0906]]]},"properties":{"cell":"890c5000683ffff","res":9,"coarsened":false,"count":2,"hv":2,"mp":0,"y0":null,"y1":null,"sp":[[166,2,2,0,null,null]]}},{"type":"Feature","geometry":{"type":"Polygon","coordinates":[[[-152.67376,60.16186],[-152.6761,60.16053],[-152.67503,60.15901],[-152.67161,60.15882],[-152.66927,60.16015],[-152.67034,60.16167],[-152.67376,60.16186]]]},"properties":{"cell":"890c501a8bbffff","res":9,"coarsened":false,"count":3,"hv":3,"mp":0,"y0":null,"y1":null,"sp":[[124,3,3,0,null,null]]}},{"type":"Feature","geometry":{"type":"Polygon","coordinates":[[[-152.61344,60.13219],[-152.61578,60.13087],[-152.61471,60.12935],[-152.6113,60.12915],[-152.60896,60.13048],[-152.61003,60.132],[-152.61344,60.13219]]]},"properties":{"cell":"890c5003433ffff","res":9,"coarsened":false,"count":11,"hv":11,"mp":0,"y0":null,"y1":null,"sp":[[130,8,8,0,null,null],[60,2,2,0,null,null],[109,1,1,0,null,null]]}},{"type":"Feature","geometry":{"type":"Polygon","coordinates":[[[-152.54115,60.14125],[-152.5435,60.13993],[-152.54243,60.13841],[-152.53902,60.13821],[-152.53667,60.13954],[-152.53774,60.14106],[-152.54115,60.14125]]]},"properties":{"cell":"890c5002693ffff","res":9,"coarsened":false,"count":23,"hv":23,"mp":0,"y0":null,"y1":null,"sp":[[88,4,4,0,null,null],[86,3,3,0,null,null],[78,2,2,0,null,null],[116,2,2,0,null,null],[168,2,2,0,null,null],[84,2,2,0,null,null],[85,2,2,0,null,null],[161,2,2,0,null,null],[175,2,2,0,null,null],[172,1,1,0,null,null],[98,1,1,0,null,null]]}},{"type":"Feature","geometry":{"type":"Polygon","coordinates":[[[-152.62073,60.02173],[-152.62306,60.0204],[-152.62199,60.01888],[-152.61859,60.01869],[-152.61626,60.02002],[-152.61733,60.02154],[-152.62073,60.02173]]]},"properties":{"cell":"890c50018afffff","res":9,"coarsened":false,"count":4,"hv":4,"mp":0,"y0":null,"y1":null,"sp":[[57,2,2,0,null,null],[39,2,2,0,null,null]]}},{"type":"Feature","geometry":{"type":"Polygon","coordinates":[[[-152.61097,60.16126],[-152.61332,60.15993],[-152.61225,60.15841],[-152.60883,60.15822],[-152.60649,60.15955],[-152.60756,60.16107],[-152.61097,60.16126]]]},"properties":{"cell":"890c5011a8bffff","res":9,"coarsened":false,"count":2,"hv":2,"mp":0,"y0":null,"y1":null,"sp":[[139,1,1,0,null,null],[115,1,1,0,null,null]]}},{"type":"Feature","geometry":{"type":"Polygon","coordinates":[[[-152.60139,60.17095],[-152.60374,60.16962],[-152.60267,60.1681],[-152.59925,60.16791],[-152.5969,60.16924],[-152.59798,60.17076],[-152.60139,60.17095]]]},"properties":{"cell":"890c5011e3bffff","res":9,"coarsened":false,"count":3,"hv":3,"mp":0,"y0":null,"y1":null,"sp":[[171,2,2,0,null,null],[2,1,1,0,null,null]]}},{"type":"Feature","geometry":{"type":"Polygon","coordinates":[[[-152.7494,60.24059],[-152.75175,60.23926],[-152.75066,60.23774],[-152.74723,60.23755],[-152.74489,60.23888],[-152.74597,60.2404],[-152.7494,60.24059]]]},"properties":{"cell":"890c50c5987ffff","res":9,"coarsened":false,"count":1,"hv":1,"mp":0,"y0":null,"y1":null,"sp":[[134,1,1,0,null,null]]}},{"type":"Feature","geometry":{"type":"Polygon","coordinates":[[[-152.61165,60.17153],[-152.61399,60.1702],[-152.61292,60.16868],[-152.6095,60.16848],[-152.60716,60.16981],[-152.60823,60.17133],[-152.61165,60.17153]]]},"properties":{"cell":"890c5011e73ffff","res":9,"coarsened":false,"count":9,"hv":9,"mp":0,"y0":null,"y1":null,"sp":[[102,2,2,0,null,null],[171,1,1,0,null,null],[123,1,1,0,null,null],[167,1,1,0,null,null],[2,1,1,0,null,null],[109,1,1,0,null,null],[120,1,1,0,null,null],[15,1,1,0,null,null]]}},{"type":"Feature","geometry":{"type":"Polygon","coordinates":[[[-152.6192,60.13106],[-152.62154,60.12973],[-152.62047,60.12821],[-152.61705,60.12802],[-152.61471,60.12935],[-152.61578,60.13087],[-152.6192,60.13106]]]},"properties":{"cell":"890c500343bffff","res":9,"coarsened":false,"count":1,"hv":1,"mp":0,"y0":null,"y1":null,"sp":[[82,1,1,0,null,null]]}},{"type":"Feature","geometry":{"type":"Polygon","coordinates":[[[-152.65878,60.11283],[-152.66112,60.11151],[-152.66004,60.10999],[-152.65663,60.1098],[-152.65429,60.11112],[-152.65537,60.11264],[-152.65878,60.11283]]]},"properties":{"cell":"890c5003287ffff","res":9,"coarsened":false,"count":7,"hv":7,"mp":0,"y0":null,"y1":null,"sp":[[59,2,2,0,null,null],[35,2,2,0,null,null],[119,1,1,0,null,null],[113,1,1,0,null,null],[140,1,1,0,null,null]]}},{"type":"Feature","geometry":{"type":"Polygon","coordinates":[[[-152.68191,60.13164],[-152.68425,60.13031],[-152.68318,60.12879],[-152.67976,60.1286],[-152.67742,60.12993],[-152.6785,60.13145],[-152.68191,60.13164]]]},"properties":{"cell":"890c501ab27ffff","res":9,"coarsened":false,"count":2,"hv":2,"mp":0,"y0":null,"y1":null,"sp":[[115,1,1,0,null,null],[172,1,1,0,null,null]]}},{"type":"Feature","geometry":{"type":"Polygon","coordinates":[[[-152.67167,60.13107],[-152.67401,60.12974],[-152.67293,60.12822],[-152.66952,60.12803],[-152.66718,60.12936],[-152.66826,60.13088],[-152.67167,60.13107]]]},"properties":{"cell":"890c50036cfffff","res":9,"coarsened":false,"count":1,"hv":1,"mp":0,"y0":null,"y1":null,"sp":[[113,1,1,0,null,null]]}},{"type":"Feature","geometry":{"type":"Polygon","coordinates":[[[-152.58192,60.05017],[-152.58426,60.04884],[-152.58319,60.04732],[-152.57979,60.04713],[-152.57745,60.04846],[-152.57852,60.04997],[-152.58192,60.05017]]]},"properties":{"cell":"890c5000307ffff","res":9,"coarsened":false,"count":1,"hv":1,"mp":0,"y0":null,"y1":null,"sp":[[166,1,1,0,null,null]]}},{"type":"Feature","geometry":{"type":"Polygon","coordinates":[[[-152.62258,60.18237],[-152.62493,60.18104],[-152.62385,60.17952],[-152.62043,60.17933],[-152.61809,60.18065],[-152.61916,60.18218],[-152.62258,60.18237]]]},"properties":{"cell":"890c5011337ffff","res":9,"coarsened":false,"count":1,"hv":1,"mp":0,"y0":null,"y1":null,"sp":[[95,1,1,0,null,null]]}},{"type":"Feature","geometry":{"type":"Polygon","coordinates":[[[-152.67059,60.05076],[-152.67293,60.04943],[-152.67186,60.04791],[-152.66845,60.04772],[-152.66612,60.04905],[-152.66719,60.05057],[-152.67059,60.05076]]]},"properties":{"cell":"890c500117bffff","res":9,"coarsened":false,"count":1,"hv":1,"mp":0,"y0":null,"y1":null,"sp":[[39,1,1,0,null,null]]}},{"type":"Feature","geometry":{"type":"Polygon","coordinates":[[[-154.84217,59.97096],[-154.84441,59.96959],[-154.84321,59.96809],[-154.83977,59.96795],[-154.83753,59.96932],[-154.83873,59.97083],[-154.84217,59.97096]]]},"properties":{"cell":"890c52c2a87ffff","res":9,"coarsened":false,"count":1,"hv":1,"mp":0,"y0":null,"y1":null,"sp":[[115,1,1,0,null,null]]}},{"type":"Feature","geometry":{"type":"Polygon","coordinates":[[[-152.58787,60.14244],[-152.59022,60.14111],[-152.58915,60.13959],[-152.58573,60.1394],[-152.58339,60.14072],[-152.58446,60.14224],[-152.58787,60.14244]]]},"properties":{"cell":"890c5011b0bffff","res":9,"coarsened":false,"count":1,"hv":1,"mp":0,"y0":null,"y1":null,"sp":[[41,1,1,0,null,null]]}},{"type":"Feature","geometry":{"type":"Polygon","coordinates":[[[-154.38054,60.21066],[-154.38282,60.2093],[-154.38163,60.20778],[-154.37817,60.20764],[-154.3759,60.209],[-154.37708,60.21052],[-154.38054,60.21066]]]},"properties":{"cell":"890c56651afffff","res":9,"coarsened":false,"count":3,"hv":3,"mp":0,"y0":null,"y1":null,"sp":[[93,2,2,0,null,null],[142,1,1,0,null,null]]}},{"type":"Feature","geometry":{"type":"Polygon","coordinates":[[[-154.42763,60.25363],[-154.48378,60.2355],[-154.48301,60.20475],[-154.42624,60.19213],[-154.37016,60.21022],[-154.37079,60.24097],[-154.42763,60.25363]]]},"properties":{"cell":"860c56657ffffff","res":6,"coarsened":true,"count":2,"hv":2,"mp":0,"y0":null,"y1":null,"sp":[[12,2,2,0,null,null]]}},{"type":"Feature","geometry":{"type":"Polygon","coordinates":[[[-152.34266,60.08168],[-152.345,60.08035],[-152.34395,60.07883],[-152.34055,60.07864],[-152.3382,60.07996],[-152.33926,60.08148],[-152.34266,60.08168]]]},"properties":{"cell":"890c50158bbffff","res":9,"coarsened":false,"count":2,"hv":2,"mp":0,"y0":null,"y1":null,"sp":[[78,1,1,0,null,null],[161,1,1,0,null,null]]}}],"park":"lake_clark","h3_res":9,"species_index":[{"n":"Ursus arctos","c":"Brown Bear","k":"Mammalia"},{"n":"Mergus merganser","c":"Common Merganser","k":"Aves"},{"n":"Canachites canadensis","c":"Spruce Grouse","k":"Aves"},{"n":"Cardellina pusilla","c":"Wilson's Warbler","k":"Aves"},{"n":"Catharus ustulatus","c":"Swainson's Thrush","k":"Aves"},{"n":"Zonotrichia atricapilla","c":"Golden-crowned Sparrow","k":"Aves"},{"n":"Urocitellus parryii","c":"Arctic Ground Squirrel","k":"Mammalia"},{"n":"Lagopus lagopus","c":"Willow Ptarmigan","k":"Aves"},{"n":"Anthus rubescens","c":"American Pipit","k":"Aves"},{"n":"Circus hudsonius","c":"Northern Harrier","k":"Aves"},{"n":"Rangifer tarandus","c":"Caribou","k":"Mammalia"},{"n":"Accipiter striatus","c":"Sharp-shinned Hawk","k":"Aves"},{"n":"Haliaeetus leucocephalus","c":"Bald Eagle","k":"Aves"},{"n":"Podiceps auritus","c":"Horned Grebe","k":"Aves"},{"n":"Perisoreus canadensis","c":"Canada Jay","k":"Aves"},{"n":"Junco hyemalis","c":"Dark-eyed Junco","k":"Aves"},{"n":"Pandion haliaetus","c":"Osprey","k":"Aves"},{"n":"Clangula hyemalis","c":"Long-tailed Duck","k":"Aves"},{"n":"Castor canadensis","c":"American Beaver","k":"Mammalia"},{"n":"Setophaga coronata","c":"Yellow-rumped Warbler","k":"Aves"},{"n":"Ursus americanus","c":"American Black Bear","k":"Mammalia"},{"n":"Acanthis flammea","c":"Redpoll","k":"Aves"},{"n":"Tachycineta bicolor","c":"Tree Swallow","k":"Aves"},{"n":"Falco peregrinus","c":"Peregrine Falcon","k":"Aves"},{"n":"Pinicola enucleator","c":"Pine Grosbeak","k":"Aves"},{"n":"Bucephala islandica","c":"Barrow's Goldeneye","k":"Aves"},{"n":"Bombycilla garrulus","c":"Bohemian Waxwing","k":"Aves"},{"n":"Tachycineta thalassina","c":"Violet-green Swallow","k":"Aves"},{"n":"Vulpes vulpes","c":"Red Fox","k":"Mammalia"},{"n":"Erethizon dorsatum","c":"North American Porcupine","k":"Mammalia"},{"n":"Turdus migratorius","c":"American Robin","k":"Aves"},{"n":"Megaceryle alcyon","c":"Belted Kingfisher","k":"Aves"},{"n":"Lagopus leucura","c":"White-tailed Ptarmigan","k":"Aves"},{"n":"Sitta canadensis","c":"Red-breasted Nuthatch","k":"Aves"},{"n":"Setophaga striata","c":"Blackpoll Warbler","k":"Aves"},{"n":"Charadrius semipalmatus","c":"Semipalmated Plover","k":"Aves"},{"n":"Gavia immer","c":"Common Loon","k":"Aves"},{"n":"Histrionicus histrionicus","c":"Harlequin Duck","k":"Aves"},{"n":"Bucephala clangula","c":"Common Goldeneye","k":"Aves"},{"n":"Falco columbarius","c":"Merlin","k":"Aves"},{"n":"Pica hudsonia","c":"Black-billed Magpie","k":"Aves"},{"n":"Corvus corax","c":"Common Raven","k":"Aves"},{"n":"Clethrionomys rutilus","c":"Northern Red-backed Vole","k":"Mammalia"},{"n":"Sterna paradisaea","c":"Arctic Tern","k":"Aves"},{"n":"Anas platyrhynchos","c":"Mallard","k":"Aves"},{"n":"Larus glaucescens","c":"Glaucous-winged Gull","k":"Aves"},{"n":"Cygnus buccinator","c":"Trumpeter Swan","k":"Aves"},{"n":"Alces alces","c":"Moose","k":"Mammalia"},{"n":"Melospiza lincolnii","c":"Lincoln's Sparrow","k":"Aves"},{"n":"Actitis macularius","c":"Spotted Sandpiper","k":"Aves"},{"n":"Tamiasciurus hudsonicus","c":"American Red Squirrel","k":"Mammalia"},{"n":"Mergus serrator","c":"Red-breasted Merganser","k":"Aves"},{"n":"Ovis dalli","c":"Thinhorn Sheep","k":"Mammalia"},{"n":"Mustela erminea","c":"Eurasian Stoat","k":"Mammalia"},{"n":"Melanitta deglandi","c":"White-winged Scoter","k":"Aves"},{"n":"Calidris minutilla","c":"Least Sandpiper","k":"Aves"},{"n":"Asio flammeus","c":"Short-eared Owl","k":"Aves"},{"n":"Gavia stellata","c":"Red-throated Loon","k":"Aves"},{"n":"Spinus pinus","c":"Pine Siskin","k":"Aves"},{"n":"Tringa melanoleuca","c":"Greater Yellowlegs","k":"Aves"},{"n":"Ixoreus naevius","c":"Varied Thrush","k":"Aves"},{"n":"Bubo virginianus","c":"Great Horned Owl","k":"Aves"},{"n":"Anas crecca","c":"Green-winged Teal","k":"Aves"},{"n":"Tringa flavipes","c":"Lesser Yellowlegs","k":"Aves"},{"n":"Tringa solitaria","c":"Solitary Sandpiper","k":"Aves"},{"n":"Poecile atricapillus","c":"Black-capped Chickadee","k":"Aves"},{"n":"Poecile hudsonicus","c":"Boreal Chickadee","k":"Aves"},{"n":"Corthylio calendula","c":"Ruby-crowned Kinglet","k":"Aves"},{"n":"Setophaga townsendi","c":"Townsend's Warbler","k":"Aves"},{"n":"Oreamnos americanus","c":"Mountain Goat","k":"Mammalia"},{"n":"Phoca vitulina","c":"Harbor Seal","k":"Mammalia"},{"n":"Megaptera novaeangliae","c":"Humpback whale","k":"Mammalia"},{"n":"Phocoena phocoena","c":"Harbor porpoise","k":"Mammalia"},{"n":"Delphinapterus leucas","c":"Beluga","k":"Mammalia"},{"n":"Balaenoptera physalus","c":null,"k":"Mammalia"},{"n":"Actitis hypoleucos","c":null,"k":"Aves"},{"n":"Melanitta fusca","c":"Whitewinged Scoter","k":"Aves"},{"n":"Melanitta perspicillata","c":"Surf Scoter","k":"Aves"},{"n":"Rissa tridactyla","c":"Blacklegged Kittiwake","k":"Aves"},{"n":"Corvus caurinus","c":"Northwestern Crow","k":"Aves"},{"n":"Somateria mollissima","c":"Common Eider","k":"Aves"},{"n":"Melanitta americana","c":"Black Scoter","k":"Aves"},{"n":"Anas acuta","c":"Northern Pintail","k":"Aves"},{"n":"Phalacrocorax auritus","c":"Doublecrested Cormorant","k":"Aves"},{"n":"Cepphus columba","c":"Pigeon Guillemot","k":"Aves"},{"n":"Haematopus bachmani","c":"Black Oystercatcher","k":"Aves"},{"n":"Fratercula corniculata","c":"Horned Puffin","k":"Aves"},{"n":"Passerculus sandwichensis","c":"Savannah Sparrow","k":"Aves"},{"n":"Aethia psittacula","c":"Parakeet Auklet","k":"Aves"},{"n":"Catharus guttatus","c":"Hermit Thrush","k":"Aves"},{"n":"Larus canus","c":"Mew Gull","k":"Aves"},{"n":"Passerella iliaca","c":"Fox Sparrow","k":"Aves"},{"n":"Setophaga petechia","c":"Yellow Warbler","k":"Aves"},{"n":"Lagopus muta","c":"Rock Ptarmigan","k":"Aves"},{"n":"Leiothlypis celata","c":"Orangecrowned Warbler","k":"Aves"},{"n":"Gavia pacifica","c":"Pacific Loon","k":"Aves"},{"n":"Catharus minimus","c":"Graycheeked Thrush","k":"Aves"},{"n":"Parkesia noveboracensis","c":"Northern Waterthrush","k":"Aves"},{"n":"Leucosticte tephrocotis","c":"Graycrowned RosyFinch","k":"Aves"},{"n":"Puffinus griseus","c":"Sooty shearwater","k":"Aves"},{"n":"Oenanthe oenanthe","c":"Northern Wheatear","k":"Aves"},{"n":"Aquila chrysaetos","c":"Golden Eagle","k":"Aves"},{"n":"Regulus calendula","c":"Rubycrowned Kinglet","k":"Aves"},{"n":"Eremophila alpestris","c":"Horned Lark","k":"Aves"},{"n":"Buteo lagopus","c":"Roughlegged Hawk","k":"Aves"},{"n":"Calcarius lapponicus","c":"Lapland Longspur","k":"Aves"},{"n":"Contopus cooperi","c":"Olivesided Flycatcher","k":"Aves"},{"n":"Gallinago delicata","c":"Wilsons Snipe","k":"Aves"},{"n":"Aythya marila","c":"Greater Scaup","k":"Aves"},{"n":"Zonotrichia leucophrys","c":"Whitecrowned Sparrow","k":"Aves"},{"n":"Spizelloides arborea","c":"American Tree Sparrow","k":"Aves"},{"n":"Riparia riparia","c":"Bank Swallow","k":"Aves"},{"n":"Plectrophenax nivalis","c":"Snow Bunting","k":"Aves"},{"n":"Numenius phaeopus","c":"Whimbrel","k":"Aves"},{"n":"Circus cyaneus","c":"Northern Harrier","k":"Aves"},{"n":"Euphagus carolinus","c":"Rusty Blackbird","k":"Aves"},{"n":"Tringa incana","c":"Wandering Tattler","k":"Aves"},{"n":"Mareca americana","c":"American Wigeon","k":"Aves"},{"n":"Phalaropus lobatus","c":"Rednecked Phalarope","k":"Aves"},{"n":"Spatula clypeata","c":"Northern Shoveler","k":"Aves"},{"n":"Picoides dorsalis","c":"American Threetoed Woodpecker","k":"Aves"},{"n":"Pluvialis dominica","c":"American Goldenplover","k":"Aves"},{"n":"Aythya collaris","c":"Ringnecked Duck","k":"Aves"},{"n":"Loxia leucoptera","c":"Whitewinged Crossbill","k":"Aves"},{"n":"Chroicocephalus philadelphia","c":"Bonapartes Gull","k":"Aves"},{"n":"Regulus satrapa","c":"Goldencrowned Kinglet","k":"Aves"},{"n":"Larus argentatus","c":"Herring Gull","k":"Aves"},{"n":"Sayornis saya","c":"Says Phoebe","k":"Aves"},{"n":"Calidris bairdii","c":"Bairds Sandpiper","k":"Aves"},{"n":"Calidris virgata","c":"Surfbird","k":"Aves"},{"n":"Limnodromus griseus","c":"Shortbilled Dowitcher","k":"Aves"},{"n":"Grus canadensis","c":"Sandhill Crane","k":"Aves"},{"n":"Empidonax alnorum","c":"Alder Flycatcher","k":"Aves"},{"n":"Lanius excubitor","c":"Northern Shrike","k":"Aves"},{"n":"Branta canadensis","c":"Canada Goose","k":"Aves"},{"n":"Stercorarius longicaudus","c":"Longtailed Jaeger","k":"Aves"},{"n":"Pluvialis fulva","c":"Pacific Goldenplover","k":"Aves"},{"n":"Aythya affinis","c":"Lesser Scaup","k":"Aves"},{"n":"Calidris ptilocnemis","c":"Rock Sandpiper","k":"Aves"},{"n":"Calidris alpina","c":"Dunlin","k":"Aves"},{"n":"Cinclus mexicanus","c":"American Dipper","k":"Aves"},{"n":"Calidris mauri","c":"Western Sandpiper","k":"Aves"},{"n":"Arenaria melanocephala","c":"Black Turnstone","k":"Aves"},{"n":"Calidris melanotos","c":"Pectoral Sandpiper","k":"Aves"},{"n":"Calidris pusilla","c":"Semipalmated Sandpiper","k":"Aves"},{"n":"Petrochelidon pyrrhonota","c":"Cliff Swallow","k":"Aves"},{"n":"Acanthis hornemanni","c":"Hoary Redpoll","k":"Aves"},{"n":"Anser albifrons","c":"Greater Whitefronted Goose","k":"Aves"},{"n":"Aythya americana","c":"Redhead","k":"Aves"},{"n":"Melospiza melodia","c":"Song Sparrow","k":"Aves"},{"n":"Bucephala albeola","c":"Bufflehead","k":"Aves"},{"n":"Calidris alba","c":"Sanderling","k":"Aves"},{"n":"Stercorarius pomarinus","c":"Pomarine Jaeger","k":"Aves"},{"n":"Mareca penelope","c":"Eurasian Wigeon","k":"Aves"},{"n":"Limnodromus scolopaceus","c":"Longbilled Dowitcher","k":"Aves"},{"n":"Falco rusticolus","c":"Gyrfalcon","k":"Aves"},{"n":"Limosa haemastica","c":"Hudsonian Godwit","k":"Aves"},{"n":"Cygnus columbianus","c":"Tundra Swan","k":"Aves"},{"n":"Motacilla tschutschensis","c":"Eastern Yellow Wagtail","k":"Aves"},{"n":"Branta hutchinsii","c":"Taverners Cackling Goose","k":"Aves"},{"n":"Falco sparverius","c":"American Kestrel","k":"Aves"},{"n":"Uria aalge","c":"Common Murre","k":"Aves"},{"n":"Brachyramphus marmoratus","c":"Marbled Murrelet","k":"Aves"},{"n":"Stercorarius parasiticus","c":"Parasitic Jaeger","k":"Aves"},{"n":"Accipiter gentilis","c":"Northern Goshawk","k":"Aves"},{"n":"Larus hyperboreus","c":"Glaucous Gull","k":"Aves"},{"n":"Phalacrocorax pelagicus","c":"Pelagic Cormorant","k":"Aves"},{"n":"Dryobates pubescens","c":"Downy Woodpecker","k":"Aves"},{"n":"Fratercula cirrhata","c":"Tufted Puffin","k":"Aves"},{"n":"Phalaropus fulicarius","c":"Red Phalarope","k":"Aves"},{"n":"Buteo jamaicensis","c":"Redtailed Hawk","k":"Aves"},{"n":"Certhia americana","c":"Brown Creeper","k":"Aves"},{"n":"Branta bernicla","c":"Brant","k":"Aves"},{"n":"Podiceps grisegena","c":"Rednecked Grebe","k":"Aves"},{"n":"Brachyramphus brevirostris","c":"Kittlitzs Murrelet","k":"Aves"},{"n":"Cerorhinca monocerata","c":"Rhinoceros Auklet","k":"Aves"}],"entry":["species_index","count","human_verified","model_predicted","first_year","last_year"],"suppressed":{"excluded":{"Canis lupus":1,"Gulo gulo":2},"coarsened":{"Ursus arctos":162,"Haliaeetus leucocephalus":70}},"merged_names":{"Rangifer tarandus granti":"Rangifer tarandus","Ursus arctos horribilis":"Ursus arctos","Gulo gulo luscus":"Gulo gulo","Alces alces gigas":"Alces alces","Ovis dalli dalli":"Ovis dalli","Haliaeetus leucocephalus washingtoniensis":"Haliaeetus leucocephalus"}}