{"type":"FeatureCollection","features":[{"type":"Feature","geometry":{"type":"Polygon","coordinates":[[[-92.79822,48.52213],[-92.80014,48.52077],[-92.79925,48.51897],[-92.79643,48.51853],[-92.79451,48.51989],[-92.7954,48.52168],[-92.79822,48.52213]]]},"properties":{"cell":"89270884c37ffff","res":9,"coarsened":false,"count":1,"hv":1,"mp":0,"y0":2016,"y1":2016,"sp":[[0,1,1,0,2016,2016]]}},{"type":"Feature","geometry":{"type":"Polygon","coordinates":[[[-92.8439,48.43645],[-92.84582,48.4351],[-92.84493,48.4333],[-92.84212,48.43286],[-92.8402,48.43421],[-92.84109,48.43601],[-92.8439,48.43645]]]},"properties":{"cell":"892708ba173ffff","res":9,"coarsened":false,"count":26,"hv":26,"mp":0,"y0":2016,"y1":2023,"sp":[[47,2,2,0,2021,2021],[52,2,2,0,2021,2021],[58,2,2,0,2021,2021],[30,2,2,0,2021,2021],[1,1,1,0,2016,2016],[4,1,1,0,2019,2019],[45,1,1,0,2021,2021],[41,1,1,0,2023,2023],[23,1,1,0,2021,2021],[39,1,1,0,2021,2021],[40,1,1,0,2021,2021],[77,1,1,0,2021,2021],[80,1,1,0,2021,2021],[83,1,1,0,2021,2021],[84,1,1,0,2021,2021],[88,1,1,0,2021,2021],[89,1,1,0,2021,2021],[91,1,1,0,2021,2021],[38,1,1,0,2021,2021],[63,1,1,0,2021,2021],[92,1,1,0,2021,2021],[94,1,1,0,2021,2021]]}},{"type":"Feature","geometry":{"type":"Polygon","coordinates":[[[-93.19236,48.59345],[-93.19427,48.59208],[-93.19336,48.59029],[-93.19054,48.58985],[-93.18863,48.59122],[-93.18954,48.59301],[-93.19236,48.59345]]]},"properties":{"cell":"8927088ab77ffff","res":9,"coarsened":false,"count":1,"hv":1,"mp":0,"y0":2016,"y1":2016,"sp":[[2,1,1,0,2016,2016]]}},{"type":"Feature","geometry":{"type":"Polygon","coordinates":[[[-92.86036,48.45396],[-92.86227,48.45261],[-92.86138,48.45081],[-92.85857,48.45037],[-92.85665,48.45172],[-92.85755,48.45352],[-92.86036,48.45396]]]},"properties":{"cell":"892708ba007ffff","res":9,"coarsened":false,"count":2,"hv":2,"mp":0,"y0":2017,"y1":2017,"sp":[[3,1,1,0,2017,2017],[7,1,1,0,2017,2017]]}},{"type":"Feature","geometry":{"type":"Polygon","coordinates":[[[-92.61081,48.431],[-92.61273,48.42964],[-92.61185,48.42784],[-92.60904,48.42739],[-92.60712,48.42875],[-92.608,48.43055],[-92.61081,48.431]]]},"properties":{"cell":"892708b2a27ffff","res":9,"coarsened":false,"count":2,"hv":2,"mp":0,"y0":2017,"y1":2018,"sp":[[4,1,1,0,2017,2017],[1,1,1,0,2018,2018]]}},{"type":"Feature","geometry":{"type":"Polygon","coordinates":[[[-93.06308,48.47076],[-93.06499,48.4694],[-93.06409,48.4676],[-93.06128,48.46716],[-93.05937,48.46852],[-93.06027,48.47032],[-93.06308,48.47076]]]},"properties":{"cell":"8927088ce37ffff","res":9,"coarsened":false,"count":1,"hv":1,"mp":0,"y0":2017,"y1":2017,"sp":[[5,1,1,0,2017,2017]]}},{"type":"Feature","geometry":{"type":"Polygon","coordinates":[[[-93.05634,48.47799],[-93.05825,48.47663],[-93.05735,48.47483],[-93.05454,48.4744],[-93.05263,48.47576],[-93.05353,48.47755],[-93.05634,48.47799]]]},"properties":{"cell":"8927088ceb7ffff","res":9,"coarsened":false,"count":1,"hv":1,"mp":0,"y0":2017,"y1":2017,"sp":[[6,1,1,0,2017,2017]]}},{"type":"Feature","geometry":{"type":"Polygon","coordinates":[[[-92.83939,48.46393],[-92.84131,48.46257],[-92.84042,48.46077],[-92.83761,48.46033],[-92.83569,48.46169],[-92.83658,48.46349],[-92.83939,48.46393]]]},"properties":{"cell":"892708ba557ffff","res":9,"coarsened":false,"count":1,"hv":1,"mp":0,"y0":2015,"y1":2015,"sp":[[7,1,1,0,2015,2015]]}},{"type":"Feature","geometry":{"type":"Polygon","coordinates":[[[-92.86201,48.46251],[-92.86392,48.46116],[-92.86303,48.45936],[-92.86022,48.45892],[-92.8583,48.46027],[-92.8592,48.46207],[-92.86201,48.46251]]]},"properties":{"cell":"892708ba08bffff","res":9,"coarsened":false,"count":1,"hv":1,"mp":0,"y0":2015,"y1":2015,"sp":[[8,1,1,0,2015,2015]]}},{"type":"Feature","geometry":{"type":"Polygon","coordinates":[[[-92.5313,48.39005],[-92.53323,48.3887],[-92.53235,48.3869],[-92.52955,48.38645],[-92.52762,48.3878],[-92.5285,48.3896],[-92.5313,48.39005]]]},"properties":{"cell":"892708b70afffff","res":9,"coarsened":false,"count":1,"hv":1,"mp":0,"y0":2014,"y1":2014,"sp":[[8,1,1,0,2014,2014]]}},{"type":"Feature","geometry":{"type":"Polygon","coordinates":[[[-92.86673,48.4616],[-92.86865,48.46024],[-92.86776,48.45844],[-92.86495,48.458],[-92.86303,48.45936],[-92.86392,48.46116],[-92.86673,48.4616]]]},"properties":{"cell":"892708ba0c7ffff","res":9,"coarsened":false,"count":2,"hv":2,"mp":0,"y0":2014,"y1":2018,"sp":[[7,1,1,0,2014,2014],[1,1,1,0,2018,2018]]}},{"type":"Feature","geometry":{"type":"Polygon","coordinates":[[[-92.69079,48.43046],[-92.69271,48.42911],[-92.69182,48.42731],[-92.68902,48.42686],[-92.68709,48.42822],[-92.68798,48.43002],[-92.69079,48.43046]]]},"properties":{"cell":"892708b031bffff","res":9,"coarsened":false,"count":2,"hv":2,"mp":0,"y0":2018,"y1":2020,"sp":[[9,1,1,0,2018,2018],[38,1,1,0,2020,2020]]}},{"type":"Feature","geometry":{"type":"Polygon","coordinates":[[[-92.46922,48.41659],[-92.47115,48.41524],[-92.47027,48.41344],[-92.46747,48.41299],[-92.46554,48.41434],[-92.46641,48.41614],[-92.46922,48.41659]]]},"properties":{"cell":"892708b6693ffff","res":9,"coarsened":false,"count":2,"hv":2,"mp":0,"y0":2018,"y1":2023,"sp":[[10,1,1,0,2018,2018],[8,1,1,0,2023,2023]]}},{"type":"Feature","geometry":{"type":"Polygon","coordinates":[[[-93.14302,48.60905],[-93.14493,48.60769],[-93.14403,48.60589],[-93.14121,48.60545],[-93.13929,48.60682],[-93.1402,48.60861],[-93.14302,48.60905]]]},"properties":{"cell":"8927088a9b3ffff","res":9,"coarsened":false,"count":2,"hv":2,"mp":0,"y0":2018,"y1":2018,"sp":[[11,1,1,0,2018,2018],[10,1,1,0,2018,2018]]}},{"type":"Feature","geometry":{"type":"Polygon","coordinates":[[[-93.14201,48.61221],[-93.14393,48.61084],[-93.14302,48.60905],[-93.1402,48.60861],[-93.13829,48.60997],[-93.13919,48.61177],[-93.14201,48.61221]]]},"properties":{"cell":"89270881a4bffff","res":9,"coarsened":false,"count":4,"hv":4,"mp":0,"y0":2018,"y1":2021,"sp":[[2,2,2,0,2018,2021],[8,1,1,0,2021,2021],[50,1,1,0,2021,2021]]}},{"type":"Feature","geometry":{"type":"Polygon","coordinates":[[[-93.13657,48.60142],[-93.18309,48.58539],[-93.18376,48.55071],[-93.13799,48.53206],[-93.09151,48.54806],[-93.09077,48.58274],[-93.13657,48.60142]]]},"properties":{"cell":"8627088f7ffffff","res":6,"coarsened":true,"count":4,"hv":4,"mp":0,"y0":2018,"y1":2026,"sp":[[12,4,4,0,2018,2026]]}},{"type":"Feature","geometry":{"type":"Polygon","coordinates":[[[-93.07161,48.59636],[-93.07353,48.595],[-93.07262,48.5932],[-93.0698,48.59276],[-93.06789,48.59412],[-93.06879,48.59592],[-93.07161,48.59636]]]},"properties":{"cell":"89270881963ffff","res":9,"coarsened":false,"count":1,"hv":1,"mp":0,"y0":2018,"y1":2018,"sp":[[1,1,1,0,2018,2018]]}},{"type":"Feature","geometry":{"type":"Polygon","coordinates":[[[-93.08927,48.65215],[-93.13587,48.63612],[-93.13657,48.60142],[-93.09077,48.58274],[-93.04421,48.59874],[-93.04342,48.63344],[-93.08927,48.65215]]]},"properties":{"cell":"86270881fffffff","res":6,"coarsened":true,"count":4,"hv":4,"mp":0,"y0":2015,"y1":2025,"sp":[[12,4,4,0,2015,2025]]}},{"type":"Feature","geometry":{"type":"Polygon","coordinates":[[[-92.92243,48.45377],[-92.92435,48.45241],[-92.92345,48.45062],[-92.92064,48.45017],[-92.91873,48.45153],[-92.91962,48.45333],[-92.92243,48.45377]]]},"properties":{"cell":"892708bb193ffff","res":9,"coarsened":false,"count":3,"hv":3,"mp":0,"y0":2018,"y1":2026,"sp":[[6,2,2,0,2018,2026],[13,1,1,0,2018,2018]]}},{"type":"Feature","geometry":{"type":"Polygon","coordinates":[[[-92.93698,48.43617],[-92.93889,48.43481],[-92.938,48.43301],[-92.93519,48.43257],[-92.93328,48.43393],[-92.93417,48.43573],[-92.93698,48.43617]]]},"properties":{"cell":"892708bb163ffff","res":9,"coarsened":false,"count":1,"hv":1,"mp":0,"y0":2004,"y1":2004,"sp":[[14,1,1,0,2004,2004]]}},{"type":"Feature","geometry":{"type":"Polygon","coordinates":[[[-92.87966,48.43545],[-92.88157,48.4341],[-92.88068,48.4323],[-92.87787,48.43186],[-92.87596,48.43321],[-92.87685,48.43501],[-92.87966,48.43545]]]},"properties":{"cell":"892708ba357ffff","res":9,"coarsened":false,"count":1,"hv":1,"mp":0,"y0":2004,"y1":2004,"sp":[[13,1,1,0,2004,2004]]}},{"type":"Feature","geometry":{"type":"Polygon","coordinates":[[[-92.87279,48.5521],[-92.87471,48.55075],[-92.87382,48.54895],[-92.871,48.54851],[-92.86908,48.54986],[-92.86997,48.55166],[-92.87279,48.5521]]]},"properties":{"cell":"8927088406bffff","res":9,"coarsened":false,"count":1,"hv":1,"mp":0,"y0":2006,"y1":2006,"sp":[[11,1,1,0,2006,2006]]}},{"type":"Feature","geometry":{"type":"Polygon","coordinates":[[[-93.16799,48.58638],[-93.1699,48.58502],[-93.16899,48.58322],[-93.16617,48.58279],[-93.16426,48.58415],[-93.16517,48.58595],[-93.16799,48.58638]]]},"properties":{"cell":"8927088f61bffff","res":9,"coarsened":false,"count":23,"hv":23,"mp":0,"y0":2019,"y1":2026,"sp":[[11,8,8,0,2019,2024],[39,3,3,0,2021,2026],[2,2,2,0,2019,2026],[31,2,2,0,2021,2021],[23,2,2,0,2024,2024],[15,1,1,0,2019,2019],[40,1,1,0,2021,2021],[0,1,1,0,2021,2021],[51,1,1,0,2021,2021],[54,1,1,0,2022,2022],[27,1,1,0,2026,2026]]}},{"type":"Feature","geometry":{"type":"Polygon","coordinates":[[[-92.85335,48.43463],[-92.85527,48.43327],[-92.85438,48.43147],[-92.85157,48.43103],[-92.84965,48.43239],[-92.85055,48.43419],[-92.85335,48.43463]]]},"properties":{"cell":"892708ba3b7ffff","res":9,"coarsened":false,"count":9,"hv":9,"mp":0,"y0":2019,"y1":2025,"sp":[[11,3,3,0,2021,2025],[64,2,2,0,2025,2025],[7,1,1,0,2019,2019],[25,1,1,0,2022,2022],[23,1,1,0,2022,2022],[74,1,1,0,2024,2024]]}},{"type":"Feature","geometry":{"type":"Polygon","coordinates":[[[-93.01985,48.59164],[-93.02176,48.59028],[-93.02086,48.58848],[-93.01804,48.58805],[-93.01613,48.58941],[-93.01703,48.59121],[-93.01985,48.59164]]]},"properties":{"cell":"89270880b4fffff","res":9,"coarsened":false,"count":2,"hv":2,"mp":0,"y0":2019,"y1":2019,"sp":[[16,1,1,0,2019,2019],[21,1,1,0,2019,2019]]}},{"type":"Feature","geometry":{"type":"Polygon","coordinates":[[[-93.09327,48.59805],[-93.09518,48.59669],[-93.09428,48.59489],[-93.09146,48.59445],[-93.08954,48.59582],[-93.09045,48.59761],[-93.09327,48.59805]]]},"properties":{"cell":"89270881b17ffff","res":9,"coarsened":false,"count":1,"hv":1,"mp":0,"y0":2019,"y1":2019,"sp":[[17,1,1,0,2019,2019]]}},{"type":"Feature","geometry":{"type":"Polygon","coordinates":[[[-93.05571,48.59058],[-93.05762,48.58922],[-93.05672,48.58742],[-93.0539,48.58698],[-93.05199,48.58834],[-93.05289,48.59014],[-93.05571,48.59058]]]},"properties":{"cell":"8927088e45bffff","res":9,"coarsened":false,"count":1,"hv":1,"mp":0,"y0":2019,"y1":2019,"sp":[[3,1,1,0,2019,2019]]}},{"type":"Feature","geometry":{"type":"Polygon","coordinates":[[[-92.98668,48.59809],[-92.9886,48.59674],[-92.9877,48.59494],[-92.98488,48.5945],[-92.98296,48.59586],[-92.98386,48.59766],[-92.98668,48.59809]]]},"properties":{"cell":"8927088094fffff","res":9,"coarsened":false,"count":2,"hv":2,"mp":0,"y0":2019,"y1":2024,"sp":[[16,1,1,0,2019,2019],[17,1,1,0,2024,2024]]}},{"type":"Feature","geometry":{"type":"Polygon","coordinates":[[[-92.97552,48.59138],[-92.97744,48.59002],[-92.97654,48.58822],[-92.97372,48.58778],[-92.9718,48.58914],[-92.9727,48.59094],[-92.97552,48.59138]]]},"properties":{"cell":"89270880967ffff","res":9,"coarsened":false,"count":2,"hv":2,"mp":0,"y0":2019,"y1":2019,"sp":[[18,1,1,0,2019,2019],[13,1,1,0,2019,2019]]}},{"type":"Feature","geometry":{"type":"Polygon","coordinates":[[[-92.97924,48.59362],[-92.98116,48.59226],[-92.98026,48.59046],[-92.97744,48.59002],[-92.97552,48.59138],[-92.97642,48.59318],[-92.97924,48.59362]]]},"properties":{"cell":"89270880963ffff","res":9,"coarsened":false,"count":1,"hv":1,"mp":0,"y0":2019,"y1":2019,"sp":[[7,1,1,0,2019,2019]]}},{"type":"Feature","geometry":{"type":"Polygon","coordinates":[[[-92.97654,48.58822],[-92.97846,48.58686],[-92.97756,48.58507],[-92.97474,48.58463],[-92.97282,48.58599],[-92.97372,48.58778],[-92.97654,48.58822]]]},"properties":{"cell":"8927088569bffff","res":9,"coarsened":false,"count":2,"hv":2,"mp":0,"y0":2019,"y1":2019,"sp":[[19,1,1,0,2019,2019],[28,1,1,0,2019,2019]]}},{"type":"Feature","geometry":{"type":"Polygon","coordinates":[[[-92.96028,48.5973],[-92.9622,48.59594],[-92.9613,48.59414],[-92.95849,48.5937],[-92.95656,48.59506],[-92.95746,48.59686],[-92.96028,48.5973]]]},"properties":{"cell":"892708809afffff","res":9,"coarsened":false,"count":2,"hv":2,"mp":0,"y0":2019,"y1":2019,"sp":[[20,1,1,0,2019,2019],[21,1,1,0,2019,2019]]}},{"type":"Feature","geometry":{"type":"Polygon","coordinates":[[[-93.16326,48.58731],[-93.16517,48.58595],[-93.16426,48.58415],[-93.16144,48.58372],[-93.15953,48.58508],[-93.16044,48.58688],[-93.16326,48.58731]]]},"properties":{"cell":"8927088f613ffff","res":9,"coarsened":false,"count":33,"hv":33,"mp":0,"y0":2015,"y1":2026,"sp":[[39,11,11,0,2015,2026],[11,7,7,0,2020,2026],[23,3,3,0,2023,2024],[40,2,2,0,2021,2021],[22,1,1,0,2019,2019],[26,1,1,0,2019,2019],[48,1,1,0,2021,2021],[49,1,1,0,2021,2021],[2,1,1,0,2023,2023],[69,1,1,0,2023,2023],[70,1,1,0,2023,2023],[41,1,1,0,2024,2024],[4,1,1,0,2025,2025],[76,1,1,0,2026,2026]]}},{"type":"Feature","geometry":{"type":"Polygon","coordinates":[[[-93.02357,48.59388],[-93.02549,48.59252],[-93.02458,48.59072],[-93.02176,48.59028],[-93.01985,48.59164],[-93.02075,48.59344],[-93.02357,48.59388]]]},"properties":{"cell":"89270880b4bffff","res":9,"coarsened":false,"count":1,"hv":1,"mp":0,"y0":2019,"y1":2019,"sp":[[3,1,1,0,2019,2019]]}},{"type":"Feature","geometry":{"type":"Polygon","coordinates":[[[-92.96874,48.59862],[-92.97066,48.59726],[-92.96976,48.59546],[-92.96694,48.59502],[-92.96502,48.59638],[-92.96592,48.59818],[-92.96874,48.59862]]]},"properties":{"cell":"89270880907ffff","res":9,"coarsened":false,"count":1,"hv":1,"mp":0,"y0":2019,"y1":2019,"sp":[[2,1,1,0,2019,2019]]}},{"type":"Feature","geometry":{"type":"Polygon","coordinates":[[[-93.15279,48.59232],[-93.1547,48.59096],[-93.15379,48.58917],[-93.15097,48.58873],[-93.14906,48.59009],[-93.14997,48.59189],[-93.15279,48.59232]]]},"properties":{"cell":"8927088f697ffff","res":9,"coarsened":false,"count":4,"hv":4,"mp":0,"y0":2019,"y1":2026,"sp":[[23,1,1,0,2019,2019],[7,1,1,0,2021,2021],[10,1,1,0,2021,2021],[8,1,1,0,2026,2026]]}},{"type":"Feature","geometry":{"type":"Polygon","coordinates":[[[-93.11019,48.60067],[-93.1121,48.5993],[-93.11119,48.59751],[-93.10837,48.59707],[-93.10646,48.59843],[-93.10737,48.60023],[-93.11019,48.60067]]]},"properties":{"cell":"89270881b53ffff","res":9,"coarsened":false,"count":1,"hv":1,"mp":0,"y0":2019,"y1":2019,"sp":[[14,1,1,0,2019,2019]]}},{"type":"Feature","geometry":{"type":"Polygon","coordinates":[[[-92.85152,48.4675],[-92.85344,48.46614],[-92.85255,48.46434],[-92.84974,48.4639],[-92.84782,48.46526],[-92.84871,48.46705],[-92.85152,48.4675]]]},"properties":{"cell":"892708ba42fffff","res":9,"coarsened":false,"count":1,"hv":1,"mp":0,"y0":2019,"y1":2019,"sp":[[24,1,1,0,2019,2019]]}},{"type":"Feature","geometry":{"type":"Polygon","coordinates":[[[-92.9103,48.45021],[-92.91221,48.44885],[-92.91132,48.44706],[-92.90851,48.44661],[-92.9066,48.44797],[-92.90749,48.44977],[-92.9103,48.45021]]]},"properties":{"cell":"892708ba243ffff","res":9,"coarsened":false,"count":1,"hv":1,"mp":0,"y0":2019,"y1":2019,"sp":[[6,1,1,0,2019,2019]]}},{"type":"Feature","geometry":{"type":"Polygon","coordinates":[[[-92.71101,48.47681],[-92.71293,48.47546],[-92.71205,48.47366],[-92.70923,48.47321],[-92.70731,48.47457],[-92.7082,48.47637],[-92.71101,48.47681]]]},"properties":{"cell":"892708b06d3ffff","res":9,"coarsened":false,"count":3,"hv":3,"mp":0,"y0":2019,"y1":2023,"sp":[[25,1,1,0,2019,2019],[65,1,1,0,2023,2023],[66,1,1,0,2023,2023]]}},{"type":"Feature","geometry":{"type":"Polygon","coordinates":[[[-93.16899,48.58322],[-93.1709,48.58186],[-93.17,48.58006],[-93.16718,48.57963],[-93.16527,48.58099],[-93.16617,48.58279],[-93.16899,48.58322]]]},"properties":{"cell":"8927088f60bffff","res":9,"coarsened":false,"count":2,"hv":2,"mp":0,"y0":2019,"y1":2021,"sp":[[22,1,1,0,2019,2019],[42,1,1,0,2021,2021]]}},{"type":"Feature","geometry":{"type":"Polygon","coordinates":[[[-92.46185,48.41209],[-92.46379,48.41074],[-92.46291,48.40893],[-92.4601,48.40848],[-92.45817,48.40983],[-92.45905,48.41163],[-92.46185,48.41209]]]},"properties":{"cell":"892708b644bffff","res":9,"coarsened":false,"count":1,"hv":1,"mp":0,"y0":2019,"y1":2019,"sp":[[8,1,1,0,2019,2019]]}},{"type":"Feature","geometry":{"type":"Polygon","coordinates":[[[-93.01714,48.58625],[-93.01906,48.58489],[-93.01816,48.58309],[-93.01534,48.58265],[-93.01342,48.58401],[-93.01432,48.58581],[-93.01714,48.58625]]]},"properties":{"cell":"89270880b6bffff","res":9,"coarsened":false,"count":1,"hv":1,"mp":0,"y0":2019,"y1":2019,"sp":[[27,1,1,0,2019,2019]]}},{"type":"Feature","geometry":{"type":"Polygon","coordinates":[[[-93.16426,48.58415],[-93.16617,48.58279],[-93.16527,48.58099],[-93.16245,48.58056],[-93.16054,48.58192],[-93.16144,48.58372],[-93.16426,48.58415]]]},"properties":{"cell":"8927088f603ffff","res":9,"coarsened":false,"count":7,"hv":7,"mp":0,"y0":2019,"y1":2026,"sp":[[11,2,2,0,2023,2025],[29,1,1,0,2019,2019],[39,1,1,0,2023,2023],[54,1,1,0,2023,2023],[78,1,1,0,2024,2024],[6,1,1,0,2026,2026]]}},{"type":"Feature","geometry":{"type":"Polygon","coordinates":[[[-92.85233,48.43778],[-92.85425,48.43643],[-92.85335,48.43463],[-92.85055,48.43419],[-92.84863,48.43554],[-92.84952,48.43734],[-92.85233,48.43778]]]},"properties":{"cell":"892708ba14fffff","res":9,"coarsened":false,"count":32,"hv":32,"mp":0,"y0":2019,"y1":2026,"sp":[[11,8,8,0,2019,2026],[1,4,4,0,2026,2026],[73,3,3,0,2024,2024],[30,2,2,0,2019,2022],[42,2,2,0,2025,2026],[31,1,1,0,2019,2019],[4,1,1,0,2019,2019],[32,1,1,0,2019,2019],[57,1,1,0,2022,2022],[60,1,1,0,2026,2026],[40,1,1,0,2026,2026],[21,1,1,0,2026,2026],[64,1,1,0,2026,2026],[61,1,1,0,2026,2026],[49,1,1,0,2026,2026],[41,1,1,0,2026,2026],[71,1,1,0,2026,2026],[9,1,1,0,2026,2026]]}},{"type":"Feature","geometry":{"type":"Polygon","coordinates":[[[-93.05904,48.48338],[-93.06095,48.48202],[-93.06005,48.48022],[-93.05724,48.47979],[-93.05533,48.48115],[-93.05623,48.48294],[-93.05904,48.48338]]]},"properties":{"cell":"8927088cc4bffff","res":9,"coarsened":false,"count":14,"hv":14,"mp":0,"y0":2017,"y1":2026,"sp":[[6,11,11,0,2017,2026],[10,1,1,0,2023,2023],[60,1,1,0,2025,2025],[1,1,1,0,2025,2025]]}},{"type":"Feature","geometry":{"type":"Polygon","coordinates":[[[-92.98128,48.5873],[-92.9832,48.58594],[-92.9823,48.58414],[-92.97948,48.58371],[-92.97756,48.58507],[-92.97846,48.58686],[-92.98128,48.5873]]]},"properties":{"cell":"892708856d7ffff","res":9,"coarsened":false,"count":1,"hv":1,"mp":0,"y0":2019,"y1":2019,"sp":[[33,1,1,0,2019,2019]]}},{"type":"Feature","geometry":{"type":"Polygon","coordinates":[[[-92.99835,48.42423],[-93.00026,48.42288],[-92.99937,48.42108],[-92.99656,48.42064],[-92.99465,48.422],[-92.99554,48.4238],[-92.99835,48.42423]]]},"properties":{"cell":"892708b9477ffff","res":9,"coarsened":false,"count":2,"hv":2,"mp":0,"y0":2019,"y1":2022,"sp":[[34,1,1,0,2019,2019],[5,1,1,0,2022,2022]]}},{"type":"Feature","geometry":{"type":"Polygon","coordinates":[[[-92.97475,48.42883],[-92.97667,48.42747],[-92.97577,48.42567],[-92.97296,48.42523],[-92.97105,48.42659],[-92.97194,48.42839],[-92.97475,48.42883]]]},"properties":{"cell":"892708bb36bffff","res":9,"coarsened":false,"count":1,"hv":1,"mp":0,"y0":2019,"y1":2019,"sp":[[0,1,1,0,2019,2019]]}},{"type":"Feature","geometry":{"type":"Polygon","coordinates":[[[-93.00101,48.47103],[-93.00292,48.46967],[-93.00202,48.46787],[-92.99921,48.46744],[-92.9973,48.46879],[-92.9982,48.47059],[-93.00101,48.47103]]]},"properties":{"cell":"8927088cdb3ffff","res":9,"coarsened":false,"count":1,"hv":1,"mp":0,"y0":2019,"y1":2019,"sp":[[35,1,1,0,2019,2019]]}},{"type":"Feature","geometry":{"type":"Polygon","coordinates":[[[-93.17644,48.58768],[-93.17836,48.58632],[-93.17745,48.58453],[-93.17463,48.58409],[-93.17272,48.58545],[-93.17363,48.58725],[-93.17644,48.58768]]]},"properties":{"cell":"8927088f653ffff","res":9,"coarsened":false,"count":3,"hv":3,"mp":0,"y0":2018,"y1":2022,"sp":[[23,1,1,0,2019,2019],[2,1,1,0,2018,2018],[55,1,1,0,2022,2022]]}},{"type":"Feature","geometry":{"type":"Polygon","coordinates":[[[-92.76455,48.4488],[-92.76647,48.44744],[-92.76558,48.44564],[-92.76277,48.4452],[-92.76085,48.44655],[-92.76174,48.44835],[-92.76455,48.4488]]]},"properties":{"cell":"892708b1033ffff","res":9,"coarsened":false,"count":1,"hv":1,"mp":0,"y0":2019,"y1":2019,"sp":[[7,1,1,0,2019,2019]]}},{"type":"Feature","geometry":{"type":"Polygon","coordinates":[[[-92.97499,48.4968],[-92.9769,48.49544],[-92.97601,48.49364],[-92.97319,48.4932],[-92.97128,48.49456],[-92.97218,48.49636],[-92.97499,48.4968]]]},"properties":{"cell":"8927088e903ffff","res":9,"coarsened":false,"count":1,"hv":1,"mp":0,"y0":2019,"y1":2019,"sp":[[9,1,1,0,2019,2019]]}},{"type":"Feature","geometry":{"type":"Polygon","coordinates":[[[-92.84925,48.44724],[-92.85117,48.44589],[-92.85028,48.44409],[-92.84747,48.44365],[-92.84555,48.445],[-92.84644,48.4468],[-92.84925,48.44724]]]},"properties":{"cell":"892708ba1cbffff","res":9,"coarsened":false,"count":1,"hv":1,"mp":0,"y0":2019,"y1":2019,"sp":[[36,1,1,0,2019,2019]]}},{"type":"Feature","geometry":{"type":"Polygon","coordinates":[[[-93.0307,48.4475],[-93.03261,48.44614],[-93.03171,48.44434],[-93.0289,48.44391],[-93.02699,48.44526],[-93.02789,48.44706],[-93.0307,48.4475]]]},"properties":{"cell":"8927088c957ffff","res":9,"coarsened":false,"count":16,"hv":16,"mp":0,"y0":2003,"y1":2026,"sp":[[10,4,4,0,2019,2025],[9,3,3,0,2023,2026],[11,1,1,0,2020,2020],[43,1,1,0,2020,2020],[14,1,1,0,2012,2012],[39,1,1,0,2003,2003],[36,1,1,0,2022,2022],[2,1,1,0,2015,2015],[68,1,1,0,2023,2023],[50,1,1,0,2025,2025],[35,1,1,0,2025,2025]]}},{"type":"Feature","geometry":{"type":"Polygon","coordinates":[[[-92.85028,48.44409],[-92.85219,48.44273],[-92.8513,48.44094],[-92.84849,48.44049],[-92.84658,48.44185],[-92.84747,48.44365],[-92.85028,48.44409]]]},"properties":{"cell":"892708ba153ffff","res":9,"coarsened":false,"count":1,"hv":1,"mp":0,"y0":2019,"y1":2019,"sp":[[1,1,1,0,2019,2019]]}},{"type":"Feature","geometry":{"type":"Polygon","coordinates":[[[-92.85438,48.43147],[-92.8563,48.43012],[-92.85541,48.42832],[-92.8526,48.42788],[-92.85068,48.42923],[-92.85157,48.43103],[-92.85438,48.43147]]]},"properties":{"cell":"892708ba3a7ffff","res":9,"coarsened":false,"count":8,"hv":8,"mp":0,"y0":2019,"y1":2025,"sp":[[11,3,3,0,2019,2025],[53,1,1,0,2022,2022],[58,1,1,0,2022,2022],[59,1,1,0,2022,2022],[80,1,1,0,2024,2024],[23,1,1,0,2024,2024]]}},{"type":"Feature","geometry":{"type":"Polygon","coordinates":[[[-92.76558,48.44564],[-92.7675,48.44429],[-92.76662,48.44249],[-92.76381,48.44205],[-92.76189,48.4434],[-92.76277,48.4452],[-92.76558,48.44564]]]},"properties":{"cell":"892708b1023ffff","res":9,"coarsened":false,"count":3,"hv":3,"mp":0,"y0":2013,"y1":2013,"sp":[[13,1,1,0,2013,2013],[28,1,1,0,2013,2013],[7,1,1,0,2013,2013]]}},{"type":"Feature","geometry":{"type":"Polygon","coordinates":[[[-93.06959,48.60267],[-93.0715,48.60131],[-93.0706,48.59951],[-93.06778,48.59908],[-93.06586,48.60044],[-93.06677,48.60224],[-93.06959,48.60267]]]},"properties":{"cell":"8927088190bffff","res":9,"coarsened":false,"count":1,"hv":1,"mp":0,"y0":2020,"y1":2020,"sp":[[36,1,1,0,2020,2020]]}},{"type":"Feature","geometry":{"type":"Polygon","coordinates":[[[-92.85665,48.45172],[-92.85857,48.45037],[-92.85768,48.44857],[-92.85487,48.44813],[-92.85295,48.44948],[-92.85384,48.45128],[-92.85665,48.45172]]]},"properties":{"cell":"892708ba033ffff","res":9,"coarsened":false,"count":1,"hv":1,"mp":0,"y0":2020,"y1":2020,"sp":[[3,1,1,0,2020,2020]]}},{"type":"Feature","geometry":{"type":"Polygon","coordinates":[[[-92.49555,48.31128],[-92.49748,48.30993],[-92.4966,48.30813],[-92.4938,48.30768],[-92.49188,48.30903],[-92.49275,48.31083],[-92.49555,48.31128]]]},"properties":{"cell":"892708b4337ffff","res":9,"coarsened":false,"count":1,"hv":1,"mp":0,"y0":2020,"y1":2020,"sp":[[37,1,1,0,2020,2020]]}},{"type":"Feature","geometry":{"type":"Polygon","coordinates":[[[-92.58344,48.43326],[-92.58537,48.43191],[-92.58449,48.43011],[-92.58168,48.42966],[-92.57975,48.43101],[-92.58063,48.43281],[-92.58344,48.43326]]]},"properties":{"cell":"892708b2b97ffff","res":9,"coarsened":false,"count":1,"hv":1,"mp":0,"y0":2020,"y1":2020,"sp":[[1,1,1,0,2020,2020]]}},{"type":"Feature","geometry":{"type":"Polygon","coordinates":[[[-93.02057,48.47905],[-93.02248,48.47769],[-93.02159,48.47589],[-93.01877,48.47546],[-93.01686,48.47681],[-93.01776,48.47861],[-93.02057,48.47905]]]},"properties":{"cell":"8927088cdd3ffff","res":9,"coarsened":false,"count":1,"hv":1,"mp":0,"y0":2020,"y1":2020,"sp":[[1,1,1,0,2020,2020]]}},{"type":"Feature","geometry":{"type":"Polygon","coordinates":[[[-93.01889,48.4705],[-93.0208,48.46915],[-93.0199,48.46735],[-93.01709,48.46691],[-93.01518,48.46827],[-93.01608,48.47007],[-93.01889,48.4705]]]},"properties":{"cell":"8927088cd1bffff","res":9,"coarsened":false,"count":1,"hv":1,"mp":0,"y0":2020,"y1":2020,"sp":[[6,1,1,0,2020,2020]]}},{"type":"Feature","geometry":{"type":"Polygon","coordinates":[[[-92.87517,48.46292],[-92.87708,48.46157],[-92.87619,48.45977],[-92.87338,48.45933],[-92.87146,48.46068],[-92.87236,48.46248],[-92.87517,48.46292]]]},"properties":{"cell":"892708ba0cbffff","res":9,"coarsened":false,"count":1,"hv":1,"mp":0,"y0":2020,"y1":2020,"sp":[[7,1,1,0,2020,2020]]}},{"type":"Feature","geometry":{"type":"Polygon","coordinates":[[[-93.04386,48.4893],[-93.04577,48.48794],[-93.04487,48.48615],[-93.04205,48.48571],[-93.04014,48.48707],[-93.04104,48.48886],[-93.04386,48.4893]]]},"properties":{"cell":"8927088ccc7ffff","res":9,"coarsened":false,"count":1,"hv":1,"mp":0,"y0":2020,"y1":2020,"sp":[[10,1,1,0,2020,2020]]}},{"type":"Feature","geometry":{"type":"Polygon","coordinates":[[[-92.47817,48.40309],[-92.4801,48.40174],[-92.47923,48.39994],[-92.47642,48.39949],[-92.47449,48.40084],[-92.47537,48.40264],[-92.47817,48.40309]]]},"properties":{"cell":"892708b660fffff","res":9,"coarsened":false,"count":1,"hv":1,"mp":0,"y0":2020,"y1":2020,"sp":[[1,1,1,0,2020,2020]]}},{"type":"Feature","geometry":{"type":"Polygon","coordinates":[[[-92.46028,48.40353],[-92.46222,48.40218],[-92.46134,48.40038],[-92.45853,48.39993],[-92.4566,48.40128],[-92.45748,48.40308],[-92.46028,48.40353]]]},"properties":{"cell":"892708b66a7ffff","res":9,"coarsened":false,"count":1,"hv":1,"mp":0,"y0":2020,"y1":2020,"sp":[[11,1,1,0,2020,2020]]}},{"type":"Feature","geometry":{"type":"Polygon","coordinates":[[[-92.81677,48.46534],[-92.81869,48.46398],[-92.8178,48.46218],[-92.81499,48.46174],[-92.81307,48.4631],[-92.81396,48.46489],[-92.81677,48.46534]]]},"properties":{"cell":"892708ba5b3ffff","res":9,"coarsened":false,"count":1,"hv":1,"mp":0,"y0":2020,"y1":2020,"sp":[[40,1,1,0,2020,2020]]}},{"type":"Feature","geometry":{"type":"Polygon","coordinates":[[[-92.81574,48.46849],[-92.81766,48.46714],[-92.81677,48.46534],[-92.81396,48.46489],[-92.81204,48.46625],[-92.81293,48.46805],[-92.81574,48.46849]]]},"properties":{"cell":"892708b164bffff","res":9,"coarsened":false,"count":1,"hv":1,"mp":0,"y0":2020,"y1":2020,"sp":[[41,1,1,0,2020,2020]]}},{"type":"Feature","geometry":{"type":"Polygon","coordinates":[[[-92.82417,48.46982],[-92.82609,48.46847],[-92.8252,48.46667],[-92.82239,48.46622],[-92.82047,48.46758],[-92.82136,48.46938],[-92.82417,48.46982]]]},"properties":{"cell":"892708ba583ffff","res":9,"coarsened":false,"count":1,"hv":1,"mp":0,"y0":2020,"y1":2020,"sp":[[42,1,1,0,2020,2020]]}},{"type":"Feature","geometry":{"type":"Polygon","coordinates":[[[-92.54291,48.43507],[-92.54484,48.43372],[-92.54396,48.43192],[-92.54116,48.43147],[-92.53923,48.43282],[-92.54011,48.43462],[-92.54291,48.43507]]]},"properties":{"cell":"89270d4da4fffff","res":9,"coarsened":false,"count":1,"hv":1,"mp":0,"y0":2020,"y1":2020,"sp":[[17,1,1,0,2020,2020]]}},{"type":"Feature","geometry":{"type":"Polygon","coordinates":[[[-93.00875,48.50206],[-93.01066,48.5007],[-93.00976,48.4989],[-93.00695,48.49847],[-93.00503,48.49982],[-93.00593,48.50162],[-93.00875,48.50206]]]},"properties":{"cell":"8927088e86fffff","res":9,"coarsened":false,"count":2,"hv":2,"mp":0,"y0":2020,"y1":2025,"sp":[[6,1,1,0,2020,2020],[14,1,1,0,2025,2025]]}},{"type":"Feature","geometry":{"type":"Polygon","coordinates":[[[-92.86776,48.45844],[-92.86968,48.45709],[-92.86878,48.45529],[-92.86597,48.45485],[-92.86406,48.4562],[-92.86495,48.458],[-92.86776,48.45844]]]},"properties":{"cell":"892708ba01bffff","res":9,"coarsened":false,"count":7,"hv":7,"mp":0,"y0":2019,"y1":2023,"sp":[[24,3,3,0,2019,2019],[46,1,1,0,2021,2021],[3,1,1,0,2021,2021],[14,1,1,0,2023,2023],[64,1,1,0,2023,2023]]}},{"type":"Feature","geometry":{"type":"Polygon","coordinates":[[[-92.8476,48.4387],[-92.84952,48.43734],[-92.84863,48.43554],[-92.84582,48.4351],[-92.8439,48.43645],[-92.84479,48.43825],[-92.8476,48.4387]]]},"properties":{"cell":"892708ba147ffff","res":9,"coarsened":false,"count":1,"hv":1,"mp":0,"y0":2020,"y1":2020,"sp":[[11,1,1,0,2020,2020]]}},{"type":"Feature","geometry":{"type":"Polygon","coordinates":[[[-93.01755,48.44711],[-93.01946,48.44575],[-93.01856,48.44395],[-93.01575,48.44351],[-93.01384,48.44487],[-93.01474,48.44667],[-93.01755,48.44711]]]},"properties":{"cell":"8927088c917ffff","res":9,"coarsened":false,"count":1,"hv":1,"mp":0,"y0":2020,"y1":2020,"sp":[[23,1,1,0,2020,2020]]}},{"type":"Feature","geometry":{"type":"Polygon","coordinates":[[[-92.67659,48.43318],[-92.67852,48.43183],[-92.67763,48.43003],[-92.67482,48.42958],[-92.6729,48.43094],[-92.67378,48.43274],[-92.67659,48.43318]]]},"properties":{"cell":"892708b0387ffff","res":9,"coarsened":false,"count":1,"hv":1,"mp":0,"y0":2007,"y1":2007,"sp":[[44,1,1,0,2007,2007]]}},{"type":"Feature","geometry":{"type":"Polygon","coordinates":[[[-93.14564,48.57299],[-93.14755,48.57163],[-93.14664,48.56984],[-93.14382,48.5694],[-93.14191,48.57076],[-93.14282,48.57256],[-93.14564,48.57299]]]},"properties":{"cell":"8927088f0cfffff","res":9,"coarsened":false,"count":2,"hv":2,"mp":0,"y0":2021,"y1":2024,"sp":[[8,1,1,0,2021,2021],[2,1,1,0,2024,2024]]}},{"type":"Feature","geometry":{"type":"Polygon","coordinates":[[[-92.86303,48.45936],[-92.86495,48.458],[-92.86406,48.4562],[-92.86125,48.45576],[-92.85933,48.45712],[-92.86022,48.45892],[-92.86303,48.45936]]]},"properties":{"cell":"892708ba013ffff","res":9,"coarsened":false,"count":1,"hv":1,"mp":0,"y0":2021,"y1":2021,"sp":[[6,1,1,0,2021,2021]]}},{"type":"Feature","geometry":{"type":"Polygon","coordinates":[[[-92.51238,48.44678],[-92.51431,48.44543],[-92.51343,48.44363],[-92.51063,48.44318],[-92.5087,48.44453],[-92.50957,48.44633],[-92.51238,48.44678]]]},"properties":{"cell":"89270d4d85bffff","res":9,"coarsened":false,"count":1,"hv":1,"mp":0,"y0":2021,"y1":2021,"sp":[[8,1,1,0,2021,2021]]}},{"type":"Feature","geometry":{"type":"Polygon","coordinates":[[[-92.82993,48.46575],[-92.83185,48.4644],[-92.83096,48.4626],[-92.82815,48.46216],[-92.82623,48.46351],[-92.82712,48.46531],[-92.82993,48.46575]]]},"properties":{"cell":"892708ba513ffff","res":9,"coarsened":false,"count":1,"hv":1,"mp":0,"y0":2021,"y1":2021,"sp":[[17,1,1,0,2021,2021]]}},{"type":"Feature","geometry":{"type":"Polygon","coordinates":[[[-92.998,48.43909],[-92.99991,48.43773],[-92.99902,48.43593],[-92.99621,48.43549],[-92.99429,48.43685],[-92.99519,48.43865],[-92.998,48.43909]]]},"properties":{"cell":"892708b94d7ffff","res":9,"coarsened":false,"count":1,"hv":1,"mp":0,"y0":2021,"y1":2021,"sp":[[6,1,1,0,2021,2021]]}},{"type":"Feature","geometry":{"type":"Polygon","coordinates":[[[-92.93081,48.60598],[-92.93274,48.60462],[-92.93184,48.60282],[-92.92902,48.60238],[-92.9271,48.60374],[-92.92799,48.60554],[-92.93081,48.60598]]]},"properties":{"cell":"892708872abffff","res":9,"coarsened":false,"count":1,"hv":1,"mp":0,"y0":2021,"y1":2021,"sp":[[1,1,1,0,2021,2021]]}},{"type":"Feature","geometry":{"type":"Polygon","coordinates":[[[-92.99925,48.54533],[-93.04577,48.52936],[-93.04656,48.49469],[-93.00089,48.47598],[-92.9544,48.49192],[-92.95354,48.5266],[-92.99925,48.54533]]]},"properties":{"cell":"8627088efffffff","res":6,"coarsened":true,"count":3,"hv":3,"mp":0,"y0":2021,"y1":2025,"sp":[[12,3,3,0,2021,2025]]}},{"type":"Feature","geometry":{"type":"Polygon","coordinates":[[[-93.07223,48.52519],[-93.07414,48.52383],[-93.07324,48.52203],[-93.07043,48.52159],[-93.06851,48.52295],[-93.06942,48.52475],[-93.07223,48.52519]]]},"properties":{"cell":"8927088c553ffff","res":9,"coarsened":false,"count":1,"hv":1,"mp":0,"y0":2021,"y1":2021,"sp":[[1,1,1,0,2021,2021]]}},{"type":"Feature","geometry":{"type":"Polygon","coordinates":[[[-92.99678,48.64943],[-93.04342,48.63344],[-93.04421,48.59874],[-92.99843,48.58002],[-92.95182,48.59598],[-92.95096,48.63069],[-92.99678,48.64943]]]},"properties":{"cell":"86270880fffffff","res":6,"coarsened":true,"count":1,"hv":1,"mp":0,"y0":2021,"y1":2021,"sp":[[12,1,1,0,2021,2021]]}},{"type":"Feature","geometry":{"type":"Polygon","coordinates":[[[-93.08145,48.62109],[-93.08337,48.61973],[-93.08246,48.61793],[-93.07964,48.61749],[-93.07772,48.61885],[-93.07863,48.62065],[-93.08145,48.62109]]]},"properties":{"cell":"892708818bbffff","res":9,"coarsened":false,"count":1,"hv":1,"mp":0,"y0":2021,"y1":2021,"sp":[[1,1,1,0,2021,2021]]}},{"type":"Feature","geometry":{"type":"Polygon","coordinates":[[[-93.07595,48.52742],[-93.07786,48.52606],[-93.07696,48.52426],[-93.07414,48.52383],[-93.07223,48.52519],[-93.07313,48.52698],[-93.07595,48.52742]]]},"properties":{"cell":"8927088c427ffff","res":9,"coarsened":false,"count":1,"hv":1,"mp":0,"y0":2021,"y1":2021,"sp":[[14,1,1,0,2021,2021]]}},{"type":"Feature","geometry":{"type":"Polygon","coordinates":[[[-92.48923,48.38329],[-92.49116,48.38194],[-92.49028,48.38013],[-92.48748,48.37968],[-92.48555,48.38103],[-92.48642,48.38283],[-92.48923,48.38329]]]},"properties":{"cell":"892708b620bffff","res":9,"coarsened":false,"count":1,"hv":1,"mp":0,"y0":2021,"y1":2021,"sp":[[17,1,1,0,2021,2021]]}},{"type":"Feature","geometry":{"type":"Polygon","coordinates":[[[-93.04656,48.49469],[-93.093,48.47872],[-93.09374,48.44406],[-93.04812,48.42537],[-93.00171,48.44132],[-93.00089,48.47598],[-93.04656,48.49469]]]},"properties":{"cell":"8627088cfffffff","res":6,"coarsened":true,"count":3,"hv":3,"mp":0,"y0":2021,"y1":2026,"sp":[[12,3,3,0,2021,2026]]}},{"type":"Feature","geometry":{"type":"Polygon","coordinates":[[[-93.15953,48.58508],[-93.16144,48.58372],[-93.16054,48.58192],[-93.15772,48.58149],[-93.1558,48.58285],[-93.15671,48.58464],[-93.15953,48.58508]]]},"properties":{"cell":"8927088f617ffff","res":9,"coarsened":false,"count":6,"hv":6,"mp":0,"y0":2021,"y1":2026,"sp":[[11,2,2,0,2021,2025],[39,1,1,0,2021,2021],[17,1,1,0,2021,2021],[13,1,1,0,2023,2023],[9,1,1,0,2026,2026]]}},{"type":"Feature","geometry":{"type":"Polygon","coordinates":[[[-93.17171,48.58861],[-93.17363,48.58725],[-93.17272,48.58545],[-93.1699,48.58502],[-93.16799,48.58638],[-93.16889,48.58818],[-93.17171,48.58861]]]},"properties":{"cell":"8927088f6cfffff","res":9,"coarsened":false,"count":6,"hv":6,"mp":0,"y0":2021,"y1":2026,"sp":[[39,3,3,0,2021,2021],[43,1,1,0,2021,2021],[22,1,1,0,2021,2021],[102,1,1,0,2026,2026]]}},{"type":"Feature","geometry":{"type":"Polygon","coordinates":[[[-93.17272,48.58545],[-93.17463,48.58409],[-93.17372,48.58229],[-93.1709,48.58186],[-93.16899,48.58322],[-93.1699,48.58502],[-93.17272,48.58545]]]},"properties":{"cell":"8927088f657ffff","res":9,"coarsened":false,"count":2,"hv":2,"mp":0,"y0":2021,"y1":2024,"sp":[[11,1,1,0,2021,2021],[23,1,1,0,2024,2024]]}},{"type":"Feature","geometry":{"type":"Polygon","coordinates":[[[-93.01781,48.59796],[-93.01973,48.5966],[-93.01883,48.5948],[-93.01601,48.59436],[-93.01409,48.59572],[-93.01499,48.59752],[-93.01781,48.59796]]]},"properties":{"cell":"89270880b53ffff","res":9,"coarsened":false,"count":1,"hv":1,"mp":0,"y0":2021,"y1":2021,"sp":[[8,1,1,0,2021,2021]]}},{"type":"Feature","geometry":{"type":"Polygon","coordinates":[[[-92.96255,48.46668],[-92.96446,48.46532],[-92.96357,48.46352],[-92.96076,48.46309],[-92.95884,48.46444],[-92.95974,48.46624],[-92.96255,48.46668]]]},"properties":{"cell":"892708bb0c3ffff","res":9,"coarsened":false,"count":1,"hv":1,"mp":0,"y0":2021,"y1":2021,"sp":[[1,1,1,0,2021,2021]]}},{"type":"Feature","geometry":{"type":"Polygon","coordinates":[[[-92.87123,48.43413],[-92.87315,48.43277],[-92.87225,48.43097],[-92.86945,48.43053],[-92.86753,48.43189],[-92.86842,48.43369],[-92.87123,48.43413]]]},"properties":{"cell":"892708ba303ffff","res":9,"coarsened":false,"count":5,"hv":5,"mp":0,"y0":2021,"y1":2025,"sp":[[30,2,2,0,2025,2025],[11,1,1,0,2021,2021],[65,1,1,0,2021,2021],[58,1,1,0,2025,2025]]}},{"type":"Feature","geometry":{"type":"Polygon","coordinates":[[[-92.76031,48.52942],[-92.76223,48.52807],[-92.76134,48.52627],[-92.75853,48.52582],[-92.7566,48.52718],[-92.75749,48.52898],[-92.76031,48.52942]]]},"properties":{"cell":"892708b36dbffff","res":9,"coarsened":false,"count":1,"hv":1,"mp":0,"y0":2021,"y1":2021,"sp":[[11,1,1,0,2021,2021]]}},{"type":"Feature","geometry":{"type":"Polygon","coordinates":[[[-92.76134,48.52627],[-92.76327,48.52491],[-92.76238,48.52311],[-92.75956,48.52267],[-92.75764,48.52402],[-92.75853,48.52582],[-92.76134,48.52627]]]},"properties":{"cell":"892708b36cbffff","res":9,"coarsened":false,"count":1,"hv":1,"mp":0,"y0":2021,"y1":2021,"sp":[[23,1,1,0,2021,2021]]}},{"type":"Feature","geometry":{"type":"Polygon","coordinates":[[[-92.68975,48.43362],[-92.69167,48.43226],[-92.69079,48.43046],[-92.68798,48.43002],[-92.68606,48.43137],[-92.68694,48.43317],[-92.68975,48.43362]]]},"properties":{"cell":"892708b03c7ffff","res":9,"coarsened":false,"count":3,"hv":3,"mp":0,"y0":2021,"y1":2024,"sp":[[19,1,1,0,2021,2021],[4,1,1,0,2024,2024],[36,1,1,0,2024,2024]]}},{"type":"Feature","geometry":{"type":"Polygon","coordinates":[[[-92.85808,48.43371],[-92.86,48.43236],[-92.85911,48.43056],[-92.8563,48.43012],[-92.85438,48.43147],[-92.85527,48.43327],[-92.85808,48.43371]]]},"properties":{"cell":"892708ba3a3ffff","res":9,"coarsened":false,"count":4,"hv":4,"mp":0,"y0":2021,"y1":2026,"sp":[[11,1,1,0,2021,2021],[57,1,1,0,2021,2021],[76,1,1,0,2025,2025],[23,1,1,0,2026,2026]]}},{"type":"Feature","geometry":{"type":"Polygon","coordinates":[[[-93.02999,48.60151],[-93.03191,48.60015],[-93.03101,48.59835],[-93.02819,48.59791],[-93.02627,48.59927],[-93.02718,48.60107],[-93.02999,48.60151]]]},"properties":{"cell":"89270880a2bffff","res":9,"coarsened":false,"count":1,"hv":1,"mp":0,"y0":2021,"y1":2021,"sp":[[1,1,1,0,2021,2021]]}},{"type":"Feature","geometry":{"type":"Polygon","coordinates":[[[-92.63577,48.50304],[-92.6377,48.50168],[-92.63681,48.49988],[-92.634,48.49943],[-92.63207,48.50079],[-92.63295,48.50259],[-92.63577,48.50304]]]},"properties":{"cell":"892708b201bffff","res":9,"coarsened":false,"count":6,"hv":6,"mp":0,"y0":2020,"y1":2025,"sp":[[23,2,2,0,2024,2024],[13,1,1,0,2020,2020],[8,1,1,0,2025,2025],[92,1,1,0,2025,2025],[81,1,1,0,2025,2025]]}},{"type":"Feature","geometry":{"type":"Polygon","coordinates":[[[-92.84636,48.41529],[-92.84828,48.41394],[-92.84739,48.41214],[-92.84458,48.4117],[-92.84266,48.41305],[-92.84355,48.41485],[-92.84636,48.41529]]]},"properties":{"cell":"892708bae0fffff","res":9,"coarsened":false,"count":2,"hv":2,"mp":0,"y0":2022,"y1":2026,"sp":[[3,2,2,0,2022,2026]]}},{"type":"Feature","geometry":{"type":"Polygon","coordinates":[[[-93.07725,48.46799],[-93.07916,48.46663],[-93.07825,48.46483],[-93.07544,48.4644],[-93.07353,48.46576],[-93.07443,48.46755],[-93.07725,48.46799]]]},"properties":{"cell":"8927088ce67ffff","res":9,"coarsened":false,"count":2,"hv":2,"mp":0,"y0":2022,"y1":2026,"sp":[[38,1,1,0,2022,2022],[22,1,1,0,2026,2026]]}},{"type":"Feature","geometry":{"type":"Polygon","coordinates":[[[-92.54133,48.42652],[-92.58796,48.41075],[-92.58911,48.37609],[-92.54371,48.35719],[-92.49712,48.37294],[-92.49589,48.4076],[-92.54133,48.42652]]]},"properties":{"cell":"862708b77ffffff","res":6,"coarsened":true,"count":4,"hv":4,"mp":0,"y0":2021,"y1":2022,"sp":[[12,4,4,0,2021,2022]]}},{"type":"Feature","geometry":{"type":"Polygon","coordinates":[[[-92.98988,48.46432],[-92.99179,48.46296],[-92.9909,48.46117],[-92.98809,48.46073],[-92.98617,48.46209],[-92.98707,48.46388],[-92.98988,48.46432]]]},"properties":{"cell":"892708bb66fffff","res":9,"coarsened":false,"count":2,"hv":2,"mp":0,"y0":2022,"y1":2023,"sp":[[11,1,1,0,2022,2022],[64,1,1,0,2023,2023]]}},{"type":"Feature","geometry":{"type":"Polygon","coordinates":[[[-92.84431,48.4216],[-92.84622,48.42024],[-92.84533,48.41845],[-92.84253,48.418],[-92.84061,48.41936],[-92.8415,48.42116],[-92.84431,48.4216]]]},"properties":{"cell":"892708bae13ffff","res":9,"coarsened":false,"count":4,"hv":4,"mp":0,"y0":2022,"y1":2026,"sp":[[2,1,1,0,2022,2022],[72,1,1,0,2024,2024],[36,1,1,0,2024,2024],[103,1,1,0,2026,2026]]}},{"type":"Feature","geometry":{"type":"Polygon","coordinates":[[[-92.54186,48.43823],[-92.54379,48.43688],[-92.54291,48.43507],[-92.54011,48.43462],[-92.53818,48.43598],[-92.53906,48.43778],[-92.54186,48.43823]]]},"properties":{"cell":"89270d4da43ffff","res":9,"coarsened":false,"count":1,"hv":1,"mp":0,"y0":2022,"y1":2022,"sp":[[45,1,1,0,2022,2022]]}},{"type":"Feature","geometry":{"type":"Polygon","coordinates":[[[-92.49923,48.31353],[-92.50115,48.31218],[-92.50028,48.31038],[-92.49748,48.30993],[-92.49555,48.31128],[-92.49643,48.31308],[-92.49923,48.31353]]]},"properties":{"cell":"892708b4333ffff","res":9,"coarsened":false,"count":1,"hv":1,"mp":0,"y0":2022,"y1":2022,"sp":[[51,1,1,0,2022,2022]]}},{"type":"Feature","geometry":{"type":"Polygon","coordinates":[[[-93.05196,48.50547],[-93.05387,48.50411],[-93.05297,48.50231],[-93.05016,48.50188],[-93.04825,48.50324],[-93.04915,48.50503],[-93.05196,48.50547]]]},"properties":{"cell":"8927088ea4bffff","res":9,"coarsened":false,"count":2,"hv":2,"mp":0,"y0":2022,"y1":2022,"sp":[[45,2,2,0,2022,2022]]}},{"type":"Feature","geometry":{"type":"Polygon","coordinates":[[[-92.51184,48.38194],[-92.51377,48.38059],[-92.51289,48.37879],[-92.51009,48.37834],[-92.50816,48.37969],[-92.50904,48.38149],[-92.51184,48.38194]]]},"properties":{"cell":"892708b718fffff","res":9,"coarsened":false,"count":2,"hv":2,"mp":0,"y0":2022,"y1":2022,"sp":[[51,1,1,0,2022,2022],[15,1,1,0,2022,2022]]}},{"type":"Feature","geometry":{"type":"Polygon","coordinates":[[[-92.53025,48.3932],[-92.53218,48.39185],[-92.5313,48.39005],[-92.5285,48.3896],[-92.52657,48.39095],[-92.52745,48.39275],[-92.53025,48.3932]]]},"properties":{"cell":"892708b70a3ffff","res":9,"coarsened":false,"count":2,"hv":2,"mp":0,"y0":2022,"y1":2022,"sp":[[15,1,1,0,2022,2022],[61,1,1,0,2022,2022]]}},{"type":"Feature","geometry":{"type":"Polygon","coordinates":[[[-92.86223,48.48908],[-92.90877,48.47317],[-92.90966,48.43851],[-92.8641,48.41975],[-92.8176,48.43562],[-92.81663,48.47029],[-92.86223,48.48908]]]},"properties":{"cell":"862708ba7ffffff","res":6,"coarsened":true,"count":8,"hv":8,"mp":0,"y0":2022,"y1":2026,"sp":[[12,8,8,0,2022,2026]]}},{"type":"Feature","geometry":{"type":"Polygon","coordinates":[[[-92.87619,48.45977],[-92.87811,48.45841],[-92.87721,48.45662],[-92.8744,48.45617],[-92.87249,48.45753],[-92.87338,48.45933],[-92.87619,48.45977]]]},"properties":{"cell":"892708ba053ffff","res":9,"coarsened":false,"count":1,"hv":1,"mp":0,"y0":2022,"y1":2022,"sp":[[28,1,1,0,2022,2022]]}},{"type":"Feature","geometry":{"type":"Polygon","coordinates":[[[-93.00973,48.54033],[-93.01165,48.53897],[-93.01075,48.53718],[-93.00793,48.53674],[-93.00602,48.5381],[-93.00692,48.5399],[-93.00973,48.54033]]]},"properties":{"cell":"8927088e127ffff","res":9,"coarsened":false,"count":1,"hv":1,"mp":0,"y0":2022,"y1":2022,"sp":[[11,1,1,0,2022,2022]]}},{"type":"Feature","geometry":{"type":"Polygon","coordinates":[[[-92.79663,48.44558],[-92.79855,48.44422],[-92.79766,48.44242],[-92.79485,48.44198],[-92.79293,48.44333],[-92.79382,48.44513],[-92.79663,48.44558]]]},"properties":{"cell":"892708b12abffff","res":9,"coarsened":false,"count":1,"hv":1,"mp":0,"y0":2022,"y1":2022,"sp":[[11,1,1,0,2022,2022]]}},{"type":"Feature","geometry":{"type":"Polygon","coordinates":[[[-92.51449,48.44048],[-92.51642,48.43913],[-92.51554,48.43733],[-92.51273,48.43687],[-92.5108,48.43823],[-92.51168,48.44003],[-92.51449,48.44048]]]},"properties":{"cell":"89270d4dab3ffff","res":9,"coarsened":false,"count":1,"hv":1,"mp":0,"y0":2022,"y1":2022,"sp":[[11,1,1,0,2022,2022]]}},{"type":"Feature","geometry":{"type":"Polygon","coordinates":[[[-92.47662,48.36797],[-92.47855,48.36662],[-92.47767,48.36482],[-92.47487,48.36437],[-92.47294,48.36572],[-92.47381,48.36752],[-92.47662,48.36797]]]},"properties":{"cell":"892708b634bffff","res":9,"coarsened":false,"count":1,"hv":1,"mp":0,"y0":2022,"y1":2022,"sp":[[56,1,1,0,2022,2022]]}},{"type":"Feature","geometry":{"type":"Polygon","coordinates":[[[-92.44921,48.42334],[-92.49589,48.4076],[-92.49712,48.37294],[-92.45175,48.354],[-92.40511,48.36971],[-92.4038,48.40438],[-92.44921,48.42334]]]},"properties":{"cell":"862708b67ffffff","res":6,"coarsened":true,"count":1,"hv":1,"mp":0,"y0":2022,"y1":2022,"sp":[[12,1,1,0,2022,2022]]}},{"type":"Feature","geometry":{"type":"Polygon","coordinates":[[[-92.84801,48.42384],[-92.84992,48.42249],[-92.84903,48.42069],[-92.84622,48.42024],[-92.84431,48.4216],[-92.8452,48.4234],[-92.84801,48.42384]]]},"properties":{"cell":"892708baec7ffff","res":9,"coarsened":false,"count":21,"hv":21,"mp":0,"y0":2011,"y1":2026,"sp":[[37,6,6,0,2025,2026],[23,3,3,0,2022,2026],[11,3,3,0,2025,2026],[2,2,2,0,2011,2022],[7,2,2,0,2025,2026],[59,1,1,0,2024,2024],[82,1,1,0,2026,2026],[3,1,1,0,2026,2026],[45,1,1,0,2026,2026],[104,1,1,0,2026,2026]]}},{"type":"Feature","geometry":{"type":"Polygon","coordinates":[[[-92.52499,48.3824],[-92.52691,48.38105],[-92.52604,48.37924],[-92.52323,48.37879],[-92.5213,48.38014],[-92.52218,48.38195],[-92.52499,48.3824]]]},"properties":{"cell":"892708b71cfffff","res":9,"coarsened":false,"count":1,"hv":1,"mp":0,"y0":2022,"y1":2022,"sp":[[35,1,1,0,2022,2022]]}},{"type":"Feature","geometry":{"type":"Polygon","coordinates":[[[-92.49712,48.37294],[-92.54371,48.35719],[-92.54491,48.32254],[-92.49958,48.30363],[-92.45302,48.31935],[-92.45175,48.354],[-92.49712,48.37294]]]},"properties":{"cell":"862708b47ffffff","res":6,"coarsened":true,"count":2,"hv":2,"mp":0,"y0":2022,"y1":2023,"sp":[[12,2,2,0,2022,2023]]}},{"type":"Feature","geometry":{"type":"Polygon","coordinates":[[[-92.51867,48.37474],[-92.5206,48.37339],[-92.51972,48.37159],[-92.51692,48.37114],[-92.51499,48.37249],[-92.51587,48.37429],[-92.51867,48.37474]]]},"properties":{"cell":"892708b710fffff","res":9,"coarsened":false,"count":1,"hv":1,"mp":0,"y0":2022,"y1":2022,"sp":[[1,1,1,0,2022,2022]]}},{"type":"Feature","geometry":{"type":"Polygon","coordinates":[[[-92.85705,48.43687],[-92.85897,48.43551],[-92.85808,48.43371],[-92.85527,48.43327],[-92.85335,48.43463],[-92.85425,48.43643],[-92.85705,48.43687]]]},"properties":{"cell":"892708ba3b3ffff","res":9,"coarsened":false,"count":2,"hv":2,"mp":0,"y0":2022,"y1":2022,"sp":[[60,1,1,0,2022,2022],[19,1,1,0,2022,2022]]}},{"type":"Feature","geometry":{"type":"Polygon","coordinates":[[[-93.06412,48.50902],[-93.06603,48.50766],[-93.06513,48.50586],[-93.06231,48.50542],[-93.0604,48.50678],[-93.0613,48.50858],[-93.06412,48.50902]]]},"properties":{"cell":"8927088c19bffff","res":9,"coarsened":false,"count":1,"hv":1,"mp":0,"y0":2017,"y1":2017,"sp":[[7,1,1,0,2017,2017]]}},{"type":"Feature","geometry":{"type":"Polygon","coordinates":[[[-92.51499,48.37249],[-92.51692,48.37114],[-92.51604,48.36934],[-92.51324,48.36889],[-92.51131,48.37024],[-92.51219,48.37204],[-92.51499,48.37249]]]},"properties":{"cell":"892708b713bffff","res":9,"coarsened":false,"count":1,"hv":1,"mp":0,"y0":2022,"y1":2022,"sp":[[51,1,1,0,2022,2022]]}},{"type":"Feature","geometry":{"type":"Polygon","coordinates":[[[-93.07805,48.60398],[-93.07996,48.60262],[-93.07906,48.60082],[-93.07624,48.60039],[-93.07432,48.60175],[-93.07523,48.60355],[-93.07805,48.60398]]]},"properties":{"cell":"89270881943ffff","res":9,"coarsened":false,"count":1,"hv":1,"mp":0,"y0":2015,"y1":2015,"sp":[[50,1,1,0,2015,2015]]}},{"type":"Feature","geometry":{"type":"Polygon","coordinates":[[[-92.9787,48.49903],[-92.98061,48.49767],[-92.97972,48.49588],[-92.9769,48.49544],[-92.97499,48.4968],[-92.97589,48.49859],[-92.9787,48.49903]]]},"properties":{"cell":"8927088e91bffff","res":9,"coarsened":false,"count":4,"hv":4,"mp":0,"y0":2023,"y1":2026,"sp":[[23,1,1,0,2023,2023],[24,1,1,0,2023,2023],[11,1,1,0,2025,2025],[22,1,1,0,2026,2026]]}},{"type":"Feature","geometry":{"type":"Polygon","coordinates":[[[-92.99491,48.48996],[-92.99683,48.4886],[-92.99593,48.48681],[-92.99312,48.48637],[-92.9912,48.48773],[-92.9921,48.48952],[-92.99491,48.48996]]]},"properties":{"cell":"8927088eba3ffff","res":9,"coarsened":false,"count":2,"hv":2,"mp":0,"y0":2023,"y1":2023,"sp":[[8,1,1,0,2023,2023],[36,1,1,0,2023,2023]]}},{"type":"Feature","geometry":{"type":"Polygon","coordinates":[[[-92.84863,48.43554],[-92.85055,48.43419],[-92.84965,48.43239],[-92.84685,48.43195],[-92.84493,48.4333],[-92.84582,48.4351],[-92.84863,48.43554]]]},"properties":{"cell":"892708ba17bffff","res":9,"coarsened":false,"count":6,"hv":6,"mp":0,"y0":2011,"y1":2025,"sp":[[23,2,2,0,2025,2025],[22,1,1,0,2023,2023],[39,1,1,0,2011,2011],[25,1,1,0,2023,2023],[82,1,1,0,2021,2021]]}},{"type":"Feature","geometry":{"type":"Polygon","coordinates":[[[-92.94096,48.46496],[-92.94287,48.4636],[-92.94198,48.4618],[-92.93917,48.46136],[-92.93725,48.46272],[-92.93815,48.46452],[-92.94096,48.46496]]]},"properties":{"cell":"892708bb54bffff","res":9,"coarsened":false,"count":2,"hv":2,"mp":0,"y0":2023,"y1":2023,"sp":[[14,1,1,0,2023,2023],[15,1,1,0,2023,2023]]}},{"type":"Feature","geometry":{"type":"Polygon","coordinates":[[[-92.86406,48.4562],[-92.86597,48.45485],[-92.86508,48.45305],[-92.86227,48.45261],[-92.86036,48.45396],[-92.86125,48.45576],[-92.86406,48.4562]]]},"properties":{"cell":"892708ba003ffff","res":9,"coarsened":false,"count":1,"hv":1,"mp":0,"y0":2023,"y1":2023,"sp":[[1,1,1,0,2023,2023]]}},{"type":"Feature","geometry":{"type":"Polygon","coordinates":[[[-92.58449,48.43011],[-92.58642,48.42876],[-92.58554,48.42696],[-92.58273,48.42651],[-92.5808,48.42786],[-92.58168,48.42966],[-92.58449,48.43011]]]},"properties":{"cell":"892708b2b87ffff","res":9,"coarsened":false,"count":1,"hv":1,"mp":0,"y0":2023,"y1":2023,"sp":[[24,1,1,0,2023,2023]]}},{"type":"Feature","geometry":{"type":"Polygon","coordinates":[[[-92.4729,48.41885],[-92.47483,48.4175],[-92.47396,48.4157],[-92.47115,48.41524],[-92.46922,48.41659],[-92.47009,48.4184],[-92.4729,48.41885]]]},"properties":{"cell":"89270d4d967ffff","res":9,"coarsened":false,"count":1,"hv":1,"mp":0,"y0":2023,"y1":2023,"sp":[[8,1,1,0,2023,2023]]}},{"type":"Feature","geometry":{"type":"Polygon","coordinates":[[[-93.10865,48.49439],[-93.11056,48.49303],[-93.10966,48.49124],[-93.10685,48.4908],[-93.10494,48.49216],[-93.10584,48.49396],[-93.10865,48.49439]]]},"properties":{"cell":"8927088c357ffff","res":9,"coarsened":false,"count":1,"hv":1,"mp":0,"y0":2023,"y1":2023,"sp":[[6,1,1,0,2023,2023]]}},{"type":"Feature","geometry":{"type":"Polygon","coordinates":[[[-92.60343,48.4265],[-92.60535,48.42515],[-92.60447,48.42335],[-92.60166,48.4229],[-92.59974,48.42425],[-92.60062,48.42605],[-92.60343,48.4265]]]},"properties":{"cell":"892708b2b57ffff","res":9,"coarsened":false,"count":1,"hv":1,"mp":0,"y0":2023,"y1":2023,"sp":[[62,1,1,0,2023,2023]]}},{"type":"Feature","geometry":{"type":"Polygon","coordinates":[[[-92.84947,48.47381],[-92.85139,48.47245],[-92.8505,48.47065],[-92.84768,48.47021],[-92.84577,48.47156],[-92.84666,48.47336],[-92.84947,48.47381]]]},"properties":{"cell":"892708ba433ffff","res":9,"coarsened":false,"count":2,"hv":2,"mp":0,"y0":2023,"y1":2026,"sp":[[63,1,1,0,2023,2023],[23,1,1,0,2026,2026]]}},{"type":"Feature","geometry":{"type":"Polygon","coordinates":[[[-92.85317,48.47605],[-92.85509,48.47469],[-92.8542,48.47289],[-92.85139,48.47245],[-92.84947,48.47381],[-92.85036,48.4756],[-92.85317,48.47605]]]},"properties":{"cell":"892708ba407ffff","res":9,"coarsened":false,"count":1,"hv":1,"mp":0,"y0":2023,"y1":2023,"sp":[[41,1,1,0,2023,2023]]}},{"type":"Feature","geometry":{"type":"Polygon","coordinates":[[[-93.02969,48.45065],[-93.0316,48.4493],[-93.0307,48.4475],[-93.02789,48.44706],[-93.02598,48.44842],[-93.02688,48.45022],[-93.02969,48.45065]]]},"properties":{"cell":"8927088c9cfffff","res":9,"coarsened":false,"count":1,"hv":1,"mp":0,"y0":2012,"y1":2012,"sp":[[16,1,1,0,2012,2012]]}},{"type":"Feature","geometry":{"type":"Polygon","coordinates":[[[-92.744,48.44388],[-92.74592,48.44253],[-92.74503,48.44073],[-92.74222,48.44029],[-92.7403,48.44164],[-92.74119,48.44344],[-92.744,48.44388]]]},"properties":{"cell":"892708b118bffff","res":9,"coarsened":false,"count":1,"hv":1,"mp":0,"y0":2023,"y1":2023,"sp":[[1,1,1,0,2023,2023]]}},{"type":"Feature","geometry":{"type":"Polygon","coordinates":[[[-92.47874,48.33512],[-92.48066,48.33377],[-92.47979,48.33197],[-92.47699,48.33152],[-92.47506,48.33287],[-92.47594,48.33467],[-92.47874,48.33512]]]},"properties":{"cell":"892708b41d3ffff","res":9,"coarsened":false,"count":1,"hv":1,"mp":0,"y0":2023,"y1":2023,"sp":[[23,1,1,0,2023,2023]]}},{"type":"Feature","geometry":{"type":"Polygon","coordinates":[[[-93.04284,48.49246],[-93.04476,48.4911],[-93.04386,48.4893],[-93.04104,48.48886],[-93.03913,48.49022],[-93.04003,48.49202],[-93.04284,48.49246]]]},"properties":{"cell":"8927088ccd7ffff","res":9,"coarsened":false,"count":1,"hv":1,"mp":0,"y0":2023,"y1":2023,"sp":[[1,1,1,0,2023,2023]]}},{"type":"Feature","geometry":{"type":"Polygon","coordinates":[[[-92.75449,48.43891],[-92.75641,48.43756],[-92.75553,48.43576],[-92.75272,48.43531],[-92.7508,48.43667],[-92.75168,48.43847],[-92.75449,48.43891]]]},"properties":{"cell":"892708b1157ffff","res":9,"coarsened":false,"count":1,"hv":1,"mp":0,"y0":2023,"y1":2023,"sp":[[67,1,1,0,2023,2023]]}},{"type":"Feature","geometry":{"type":"Polygon","coordinates":[[[-92.89305,48.46242],[-92.89497,48.46106],[-92.89408,48.45926],[-92.89127,48.45882],[-92.88935,48.46018],[-92.89024,48.46198],[-92.89305,48.46242]]]},"properties":{"cell":"892708ba667ffff","res":9,"coarsened":false,"count":1,"hv":1,"mp":0,"y0":2023,"y1":2023,"sp":[[8,1,1,0,2023,2023]]}},{"type":"Feature","geometry":{"type":"Polygon","coordinates":[[[-92.99187,48.49943],[-92.99378,48.49807],[-92.99288,48.49627],[-92.99007,48.49583],[-92.98815,48.49719],[-92.98905,48.49899],[-92.99187,48.49943]]]},"properties":{"cell":"8927088e95bffff","res":9,"coarsened":false,"count":1,"hv":1,"mp":0,"y0":2023,"y1":2023,"sp":[[1,1,1,0,2023,2023]]}},{"type":"Feature","geometry":{"type":"Polygon","coordinates":[[[-93.07256,48.51033],[-93.07447,48.50897],[-93.07357,48.50717],[-93.07075,48.50673],[-93.06884,48.50809],[-93.06974,48.50989],[-93.07256,48.51033]]]},"properties":{"cell":"8927088c1d3ffff","res":9,"coarsened":false,"count":1,"hv":1,"mp":0,"y0":2023,"y1":2023,"sp":[[2,1,1,0,2023,2023]]}},{"type":"Feature","geometry":{"type":"Polygon","coordinates":[[[-93.07793,48.47969],[-93.07984,48.47833],[-93.07894,48.47653],[-93.07613,48.4761],[-93.07422,48.47746],[-93.07512,48.47925],[-93.07793,48.47969]]]},"properties":{"cell":"8927088ce1bffff","res":9,"coarsened":false,"count":1,"hv":1,"mp":0,"y0":2023,"y1":2023,"sp":[[2,1,1,0,2023,2023]]}},{"type":"Feature","geometry":{"type":"Polygon","coordinates":[[[-93.07321,48.48061],[-93.07512,48.47925],[-93.07422,48.47746],[-93.07141,48.47702],[-93.0695,48.47838],[-93.0704,48.48017],[-93.07321,48.48061]]]},"properties":{"cell":"8927088ce13ffff","res":9,"coarsened":false,"count":1,"hv":1,"mp":0,"y0":2023,"y1":2023,"sp":[[2,1,1,0,2023,2023]]}},{"type":"Feature","geometry":{"type":"Polygon","coordinates":[[[-93.05533,48.48115],[-93.05724,48.47979],[-93.05634,48.47799],[-93.05353,48.47755],[-93.05161,48.47891],[-93.05251,48.48071],[-93.05533,48.48115]]]},"properties":{"cell":"8927088cc4fffff","res":9,"coarsened":false,"count":2,"hv":2,"mp":0,"y0":2023,"y1":2025,"sp":[[6,2,2,0,2023,2025]]}},{"type":"Feature","geometry":{"type":"Polygon","coordinates":[[[-93.0226,48.47274],[-93.02451,48.47138],[-93.02361,48.46958],[-93.0208,48.46915],[-93.01889,48.4705],[-93.01979,48.4723],[-93.0226,48.47274]]]},"properties":{"cell":"8927088cdcfffff","res":9,"coarsened":false,"count":1,"hv":1,"mp":0,"y0":2023,"y1":2023,"sp":[[1,1,1,0,2023,2023]]}},{"type":"Feature","geometry":{"type":"Polygon","coordinates":[[[-92.75083,48.53124],[-92.75275,48.52989],[-92.75186,48.52809],[-92.74905,48.52764],[-92.74712,48.529],[-92.74801,48.5308],[-92.75083,48.53124]]]},"properties":{"cell":"8927088696fffff","res":9,"coarsened":false,"count":1,"hv":1,"mp":0,"y0":2023,"y1":2023,"sp":[[44,1,1,0,2023,2023]]}},{"type":"Feature","geometry":{"type":"Polygon","coordinates":[[[-92.84369,48.4099],[-92.8456,48.40855],[-92.84471,48.40675],[-92.84191,48.40631],[-92.83999,48.40766],[-92.84088,48.40946],[-92.84369,48.4099]]]},"properties":{"cell":"892708bae2bffff","res":9,"coarsened":false,"count":3,"hv":3,"mp":0,"y0":2023,"y1":2025,"sp":[[11,1,1,0,2023,2023],[97,1,1,0,2025,2025],[74,1,1,0,2025,2025]]}},{"type":"Feature","geometry":{"type":"Polygon","coordinates":[[[-92.83383,48.42658],[-92.83575,48.42522],[-92.83486,48.42343],[-92.83205,48.42298],[-92.83013,48.42434],[-92.83102,48.42614],[-92.83383,48.42658]]]},"properties":{"cell":"892708bae97ffff","res":9,"coarsened":false,"count":4,"hv":4,"mp":0,"y0":2021,"y1":2024,"sp":[[71,1,1,0,2024,2024],[23,1,1,0,2024,2024],[75,1,1,0,2024,2024],[1,1,1,0,2021,2021]]}},{"type":"Feature","geometry":{"type":"Polygon","coordinates":[[[-92.84698,48.42699],[-92.8489,48.42564],[-92.84801,48.42384],[-92.8452,48.4234],[-92.84328,48.42475],[-92.84417,48.42655],[-92.84698,48.42699]]]},"properties":{"cell":"892708baed7ffff","res":9,"coarsened":false,"count":2,"hv":2,"mp":0,"y0":2024,"y1":2024,"sp":[[59,1,1,0,2024,2024],[7,1,1,0,2024,2024]]}},{"type":"Feature","geometry":{"type":"Polygon","coordinates":[[[-92.84226,48.42791],[-92.84417,48.42655],[-92.84328,48.42475],[-92.84047,48.42431],[-92.83856,48.42567],[-92.83945,48.42746],[-92.84226,48.42791]]]},"properties":{"cell":"892708bae9bffff","res":9,"coarsened":false,"count":2,"hv":2,"mp":0,"y0":2021,"y1":2024,"sp":[[59,1,1,0,2024,2024],[90,1,1,0,2021,2021]]}},{"type":"Feature","geometry":{"type":"Polygon","coordinates":[[[-92.84328,48.42475],[-92.8452,48.4234],[-92.84431,48.4216],[-92.8415,48.42116],[-92.83958,48.42251],[-92.84047,48.42431],[-92.84328,48.42475]]]},"properties":{"cell":"892708bae8bffff","res":9,"coarsened":false,"count":2,"hv":2,"mp":0,"y0":2024,"y1":2026,"sp":[[59,1,1,0,2024,2024],[41,1,1,0,2026,2026]]}},{"type":"Feature","geometry":{"type":"Polygon","coordinates":[[[-92.85943,48.59315],[-92.90608,48.57723],[-92.90698,48.54253],[-92.8613,48.52376],[-92.81468,48.53966],[-92.81371,48.57435],[-92.85943,48.59315]]]},"properties":{"cell":"862708847ffffff","res":6,"coarsened":true,"count":1,"hv":1,"mp":0,"y0":2024,"y1":2024,"sp":[[12,1,1,0,2024,2024]]}},{"type":"Feature","geometry":{"type":"Polygon","coordinates":[[[-92.63946,48.50529],[-92.64139,48.50393],[-92.64051,48.50213],[-92.6377,48.50168],[-92.63577,48.50304],[-92.63665,48.50484],[-92.63946,48.50529]]]},"properties":{"cell":"892708b20cfffff","res":9,"coarsened":false,"count":5,"hv":5,"mp":0,"y0":2024,"y1":2026,"sp":[[76,1,1,0,2024,2024],[23,1,1,0,2024,2024],[53,1,1,0,2025,2025],[63,1,1,0,2026,2026],[91,1,1,0,2026,2026]]}},{"type":"Feature","geometry":{"type":"Polygon","coordinates":[[[-93.13325,48.62577],[-93.13516,48.62441],[-93.13425,48.62261],[-93.13143,48.62218],[-93.12952,48.62354],[-93.13042,48.62534],[-93.13325,48.62577]]]},"properties":{"cell":"8927088ada7ffff","res":9,"coarsened":false,"count":1,"hv":1,"mp":0,"y0":2024,"y1":2024,"sp":[[13,1,1,0,2024,2024]]}},{"type":"Feature","geometry":{"type":"Polygon","coordinates":[[[-92.84903,48.42069],[-92.85095,48.41933],[-92.85006,48.41753],[-92.84725,48.41709],[-92.84533,48.41845],[-92.84622,48.42024],[-92.84903,48.42069]]]},"properties":{"cell":"892708bae1bffff","res":9,"coarsened":false,"count":1,"hv":1,"mp":0,"y0":2024,"y1":2024,"sp":[[77,1,1,0,2024,2024]]}},{"type":"Feature","geometry":{"type":"Polygon","coordinates":[[[-93.09656,48.53227],[-93.09847,48.53091],[-93.09757,48.52911],[-93.09475,48.52868],[-93.09284,48.53004],[-93.09374,48.53184],[-93.09656,48.53227]]]},"properties":{"cell":"8927088c47bffff","res":9,"coarsened":false,"count":4,"hv":4,"mp":0,"y0":2024,"y1":2024,"sp":[[79,2,2,0,2024,2024],[60,1,1,0,2024,2024],[51,1,1,0,2024,2024]]}},{"type":"Feature","geometry":{"type":"Polygon","coordinates":[[[-93.04318,48.4776],[-93.04509,48.47624],[-93.04419,48.47444],[-93.04138,48.47401],[-93.03947,48.47537],[-93.04037,48.47716],[-93.04318,48.4776]]]},"properties":{"cell":"8927088cc77ffff","res":9,"coarsened":false,"count":1,"hv":1,"mp":0,"y0":2024,"y1":2024,"sp":[[1,1,1,0,2024,2024]]}},{"type":"Feature","geometry":{"type":"Polygon","coordinates":[[[-92.72238,48.53671],[-92.76904,48.52084],[-92.77005,48.48616],[-92.72448,48.46733],[-92.67785,48.48317],[-92.67677,48.51786],[-92.72238,48.53671]]]},"properties":{"cell":"862708b37ffffff","res":6,"coarsened":true,"count":2,"hv":2,"mp":0,"y0":2024,"y1":2025,"sp":[[12,2,2,0,2024,2025]]}},{"type":"Feature","geometry":{"type":"Polygon","coordinates":[[[-92.64421,48.50438],[-92.64613,48.50303],[-92.64525,48.50123],[-92.64244,48.50078],[-92.64051,48.50213],[-92.64139,48.50393],[-92.64421,48.50438]]]},"properties":{"cell":"892708b2053ffff","res":9,"coarsened":false,"count":3,"hv":3,"mp":0,"y0":2024,"y1":2026,"sp":[[9,1,1,0,2024,2024],[81,1,1,0,2024,2024],[11,1,1,0,2026,2026]]}},{"type":"Feature","geometry":{"type":"Polygon","coordinates":[[[-92.73675,48.46596],[-92.73868,48.46461],[-92.73779,48.46281],[-92.73498,48.46236],[-92.73306,48.46372],[-92.73394,48.46552],[-92.73675,48.46596]]]},"properties":{"cell":"892708b158bffff","res":9,"coarsened":false,"count":2,"hv":2,"mp":0,"y0":2024,"y1":2025,"sp":[[1,1,1,0,2024,2024],[35,1,1,0,2025,2025]]}},{"type":"Feature","geometry":{"type":"Polygon","coordinates":[[[-93.03271,48.52402],[-93.03463,48.52266],[-93.03373,48.52086],[-93.03091,48.52043],[-93.029,48.52178],[-93.0299,48.52358],[-93.03271,48.52402]]]},"properties":{"cell":"8927088ee73ffff","res":9,"coarsened":false,"count":1,"hv":1,"mp":0,"y0":2024,"y1":2024,"sp":[[2,1,1,0,2024,2024]]}},{"type":"Feature","geometry":{"type":"Polygon","coordinates":[[[-93.03643,48.52625],[-93.03834,48.5249],[-93.03744,48.5231],[-93.03463,48.52266],[-93.03271,48.52402],[-93.03361,48.52582],[-93.03643,48.52625]]]},"properties":{"cell":"8927088ee47ffff","res":9,"coarsened":false,"count":2,"hv":2,"mp":0,"y0":2024,"y1":2024,"sp":[[7,1,1,0,2024,2024],[36,1,1,0,2024,2024]]}},{"type":"Feature","geometry":{"type":"Polygon","coordinates":[[[-92.85358,48.46119],[-92.85549,48.45983],[-92.8546,48.45803],[-92.85179,48.45759],[-92.84987,48.45895],[-92.85076,48.46074],[-92.85358,48.46119]]]},"properties":{"cell":"892708ba087ffff","res":9,"coarsened":false,"count":1,"hv":1,"mp":0,"y0":2017,"y1":2017,"sp":[[6,1,1,0,2017,2017]]}},{"type":"Feature","geometry":{"type":"Polygon","coordinates":[[[-92.45302,48.31935],[-92.49958,48.30363],[-92.5008,48.269],[-92.45554,48.25008],[-92.40902,48.26576],[-92.40772,48.3004],[-92.45302,48.31935]]]},"properties":{"cell":"862708b4fffffff","res":6,"coarsened":true,"count":1,"hv":1,"mp":0,"y0":2024,"y1":2024,"sp":[[12,1,1,0,2024,2024]]}},{"type":"Feature","geometry":{"type":"Polygon","coordinates":[[[-92.9544,48.49192],[-93.00089,48.47598],[-93.00171,48.44132],[-92.95611,48.4226],[-92.90966,48.43851],[-92.90877,48.47317],[-92.9544,48.49192]]]},"properties":{"cell":"862708bb7ffffff","res":6,"coarsened":true,"count":1,"hv":1,"mp":0,"y0":2024,"y1":2024,"sp":[[12,1,1,0,2024,2024]]}},{"type":"Feature","geometry":{"type":"Polygon","coordinates":[[[-92.74873,48.44298],[-92.75065,48.44162],[-92.74976,48.43982],[-92.74695,48.43938],[-92.74503,48.44073],[-92.74592,48.44253],[-92.74873,48.44298]]]},"properties":{"cell":"892708b11c7ffff","res":9,"coarsened":false,"count":2,"hv":2,"mp":0,"y0":2024,"y1":2025,"sp":[[81,2,2,0,2024,2025]]}},{"type":"Feature","geometry":{"type":"Polygon","coordinates":[[[-93.18017,48.58991],[-93.18208,48.58855],[-93.18118,48.58676],[-93.17836,48.58632],[-93.17644,48.58768],[-93.17735,48.58948],[-93.18017,48.58991]]]},"properties":{"cell":"8927088ab27ffff","res":9,"coarsened":false,"count":1,"hv":1,"mp":0,"y0":2024,"y1":2024,"sp":[[2,1,1,0,2024,2024]]}},{"type":"Feature","geometry":{"type":"Polygon","coordinates":[[[-93.02699,48.44526],[-93.0289,48.44391],[-93.028,48.44211],[-93.0252,48.44167],[-93.02328,48.44303],[-93.02418,48.44483],[-93.02699,48.44526]]]},"properties":{"cell":"8927088c90bffff","res":9,"coarsened":false,"count":1,"hv":1,"mp":0,"y0":2024,"y1":2024,"sp":[[1,1,1,0,2024,2024]]}},{"type":"Feature","geometry":{"type":"Polygon","coordinates":[[[-92.83732,48.40227],[-92.83924,48.40091],[-92.83835,48.39911],[-92.83554,48.39867],[-92.83362,48.40003],[-92.83451,48.40182],[-92.83732,48.40227]]]},"properties":{"cell":"892708ba84bffff","res":9,"coarsened":false,"count":2,"hv":2,"mp":0,"y0":2021,"y1":2025,"sp":[[21,1,1,0,2021,2021],[96,1,1,0,2025,2025]]}},{"type":"Feature","geometry":{"type":"Polygon","coordinates":[[[-92.86651,48.43504],[-92.86842,48.43369],[-92.86753,48.43189],[-92.86472,48.43145],[-92.86281,48.4328],[-92.8637,48.4346],[-92.86651,48.43504]]]},"properties":{"cell":"892708ba317ffff","res":9,"coarsened":false,"count":3,"hv":3,"mp":0,"y0":2021,"y1":2021,"sp":[[38,1,1,0,2021,2021],[81,1,1,0,2021,2021],[41,1,1,0,2021,2021]]}},{"type":"Feature","geometry":{"type":"Polygon","coordinates":[[[-93.00675,48.46695],[-93.00866,48.4656],[-93.00776,48.4638],[-93.00495,48.46336],[-93.00304,48.46472],[-93.00393,48.46652],[-93.00675,48.46695]]]},"properties":{"cell":"8927088cdabffff","res":9,"coarsened":false,"count":1,"hv":1,"mp":0,"y0":2021,"y1":2021,"sp":[[85,1,1,0,2021,2021]]}},{"type":"Feature","geometry":{"type":"Polygon","coordinates":[[[-92.93735,48.42131],[-92.93927,48.41996],[-92.93837,48.41816],[-92.93556,48.41772],[-92.93365,48.41908],[-92.93455,48.42087],[-92.93735,48.42131]]]},"properties":{"cell":"892708b8603ffff","res":9,"coarsened":false,"count":1,"hv":1,"mp":0,"y0":2021,"y1":2021,"sp":[[86,1,1,0,2021,2021]]}},{"type":"Feature","geometry":{"type":"Polygon","coordinates":[[[-92.96633,48.42751],[-92.96824,48.42615],[-92.96734,48.42435],[-92.96454,48.42391],[-92.96262,48.42527],[-92.96352,48.42707],[-92.96633,48.42751]]]},"properties":{"cell":"892708bb367ffff","res":9,"coarsened":false,"count":1,"hv":1,"mp":0,"y0":2021,"y1":2021,"sp":[[87,1,1,0,2021,2021]]}},{"type":"Feature","geometry":{"type":"Polygon","coordinates":[[[-92.93902,48.42986],[-92.94093,48.4285],[-92.94004,48.4267],[-92.93723,48.42626],[-92.93532,48.42762],[-92.93621,48.42942],[-92.93902,48.42986]]]},"properties":{"cell":"892708b86d7ffff","res":9,"coarsened":false,"count":1,"hv":1,"mp":0,"y0":2021,"y1":2021,"sp":[[5,1,1,0,2021,2021]]}},{"type":"Feature","geometry":{"type":"Polygon","coordinates":[[[-92.86178,48.43595],[-92.8637,48.4346],[-92.86281,48.4328],[-92.86,48.43236],[-92.85808,48.43371],[-92.85897,48.43551],[-92.86178,48.43595]]]},"properties":{"cell":"892708ba3bbffff","res":9,"coarsened":false,"count":1,"hv":1,"mp":0,"y0":2021,"y1":2021,"sp":[[59,1,1,0,2021,2021]]}},{"type":"Feature","geometry":{"type":"Polygon","coordinates":[[[-93.07624,48.47114],[-93.07815,48.46979],[-93.07725,48.46799],[-93.07443,48.46755],[-93.07252,48.46891],[-93.07342,48.47071],[-93.07624,48.47114]]]},"properties":{"cell":"8927088ce77ffff","res":9,"coarsened":false,"count":5,"hv":5,"mp":0,"y0":2021,"y1":2026,"sp":[[93,1,1,0,2021,2021],[2,1,1,0,2026,2026],[22,1,1,0,2026,2026],[7,1,1,0,2026,2026],[76,1,1,0,2026,2026]]}},{"type":"Feature","geometry":{"type":"Polygon","coordinates":[[[-93.07252,48.46891],[-93.07443,48.46755],[-93.07353,48.46576],[-93.07072,48.46532],[-93.06881,48.46668],[-93.06971,48.46848],[-93.07252,48.46891]]]},"properties":{"cell":"8927088ce2bffff","res":9,"coarsened":false,"count":5,"hv":5,"mp":0,"y0":2025,"y1":2026,"sp":[[40,3,3,0,2026,2026],[76,1,1,0,2025,2025],[7,1,1,0,2026,2026]]}},{"type":"Feature","geometry":{"type":"Polygon","coordinates":[[[-92.86753,48.43189],[-92.86945,48.43053],[-92.86855,48.42873],[-92.86575,48.42829],[-92.86383,48.42965],[-92.86472,48.43145],[-92.86753,48.43189]]]},"properties":{"cell":"892708ba307ffff","res":9,"coarsened":false,"count":1,"hv":1,"mp":0,"y0":2025,"y1":2025,"sp":[[42,1,1,0,2025,2025]]}},{"type":"Feature","geometry":{"type":"Polygon","coordinates":[[[-93.05432,48.4843],[-93.05623,48.48294],[-93.05533,48.48115],[-93.05251,48.48071],[-93.0506,48.48207],[-93.0515,48.48386],[-93.05432,48.4843]]]},"properties":{"cell":"8927088cc43ffff","res":9,"coarsened":false,"count":1,"hv":1,"mp":0,"y0":2025,"y1":2025,"sp":[[6,1,1,0,2025,2025]]}},{"type":"Feature","geometry":{"type":"Polygon","coordinates":[[[-93.04959,48.48522],[-93.0515,48.48386],[-93.0506,48.48207],[-93.04779,48.48163],[-93.04588,48.48299],[-93.04678,48.48479],[-93.04959,48.48522]]]},"properties":{"cell":"8927088cc57ffff","res":9,"coarsened":false,"count":2,"hv":2,"mp":0,"y0":2025,"y1":2025,"sp":[[95,1,1,0,2025,2025],[6,1,1,0,2025,2025]]}},{"type":"Feature","geometry":{"type":"Polygon","coordinates":[[[-92.96473,48.5698],[-92.96665,48.56844],[-92.96575,48.56664],[-92.96293,48.5662],[-92.96102,48.56756],[-92.96191,48.56936],[-92.96473,48.5698]]]},"properties":{"cell":"892708850cbffff","res":9,"coarsened":false,"count":1,"hv":1,"mp":0,"y0":2025,"y1":2025,"sp":[[25,1,1,0,2025,2025]]}},{"type":"Feature","geometry":{"type":"Polygon","coordinates":[[[-92.97672,48.46392],[-92.97864,48.46257],[-92.97774,48.46077],[-92.97493,48.46033],[-92.97302,48.46169],[-92.97391,48.46349],[-92.97672,48.46392]]]},"properties":{"cell":"892708bb62fffff","res":9,"coarsened":false,"count":1,"hv":1,"mp":0,"y0":2025,"y1":2025,"sp":[[1,1,1,0,2025,2025]]}},{"type":"Feature","geometry":{"type":"Polygon","coordinates":[[[-93.08076,48.60938],[-93.08268,48.60802],[-93.08177,48.60622],[-93.07895,48.60578],[-93.07703,48.60714],[-93.07794,48.60894],[-93.08076,48.60938]]]},"properties":{"cell":"89270881827ffff","res":9,"coarsened":false,"count":1,"hv":1,"mp":0,"y0":2025,"y1":2025,"sp":[[1,1,1,0,2025,2025]]}},{"type":"Feature","geometry":{"type":"Polygon","coordinates":[[[-93.06444,48.49416],[-93.06636,48.4928],[-93.06545,48.491],[-93.06264,48.49056],[-93.06073,48.49192],[-93.06163,48.49372],[-93.06444,48.49416]]]},"properties":{"cell":"8927088c13bffff","res":9,"coarsened":false,"count":1,"hv":1,"mp":0,"y0":2025,"y1":2025,"sp":[[1,1,1,0,2025,2025]]}},{"type":"Feature","geometry":{"type":"Polygon","coordinates":[[[-92.73188,48.4403],[-92.7338,48.43895],[-92.73291,48.43715],[-92.7301,48.43671],[-92.72818,48.43806],[-92.72907,48.43986],[-92.73188,48.4403]]]},"properties":{"cell":"892708b11b3ffff","res":9,"coarsened":false,"count":1,"hv":1,"mp":0,"y0":2025,"y1":2025,"sp":[[1,1,1,0,2025,2025]]}},{"type":"Feature","geometry":{"type":"Polygon","coordinates":[[[-92.90187,48.44889],[-92.90379,48.44753],[-92.90289,48.44573],[-92.90008,48.44529],[-92.89817,48.44665],[-92.89906,48.44845],[-92.90187,48.44889]]]},"properties":{"cell":"892708ba20bffff","res":9,"coarsened":false,"count":2,"hv":2,"mp":0,"y0":2025,"y1":2025,"sp":[[14,1,1,0,2025,2025],[71,1,1,0,2025,2025]]}},{"type":"Feature","geometry":{"type":"Polygon","coordinates":[[[-92.88029,48.44715],[-92.8822,48.4458],[-92.88131,48.444],[-92.8785,48.44356],[-92.87659,48.44491],[-92.87748,48.44671],[-92.88029,48.44715]]]},"properties":{"cell":"892708ba2a7ffff","res":9,"coarsened":false,"count":1,"hv":1,"mp":0,"y0":2025,"y1":2025,"sp":[[1,1,1,0,2025,2025]]}},{"type":"Feature","geometry":{"type":"Polygon","coordinates":[[[-92.86446,48.44135],[-92.86637,48.43999],[-92.86548,48.43819],[-92.86267,48.43775],[-92.86076,48.43911],[-92.86165,48.44091],[-92.86446,48.44135]]]},"properties":{"cell":"892708ba383ffff","res":9,"coarsened":false,"count":2,"hv":2,"mp":0,"y0":2025,"y1":2025,"sp":[[8,1,1,0,2025,2025],[10,1,1,0,2025,2025]]}},{"type":"Feature","geometry":{"type":"Polygon","coordinates":[[[-92.89714,48.4498],[-92.89906,48.44845],[-92.89817,48.44665],[-92.89536,48.44621],[-92.89344,48.44756],[-92.89433,48.44936],[-92.89714,48.4498]]]},"properties":{"cell":"892708ba203ffff","res":9,"coarsened":false,"count":1,"hv":1,"mp":0,"y0":2025,"y1":2025,"sp":[[60,1,1,0,2025,2025]]}},{"type":"Feature","geometry":{"type":"Polygon","coordinates":[[[-92.85171,48.42608],[-92.85362,48.42473],[-92.85273,48.42293],[-92.84992,48.42249],[-92.84801,48.42384],[-92.8489,48.42564],[-92.85171,48.42608]]]},"properties":{"cell":"892708baec3ffff","res":9,"coarsened":false,"count":1,"hv":1,"mp":0,"y0":2025,"y1":2025,"sp":[[37,1,1,0,2025,2025]]}},{"type":"Feature","geometry":{"type":"Polygon","coordinates":[[[-92.97972,48.49588],[-92.98163,48.49452],[-92.98073,48.49272],[-92.97792,48.49228],[-92.97601,48.49364],[-92.9769,48.49544],[-92.97972,48.49588]]]},"properties":{"cell":"8927088e90bffff","res":9,"coarsened":false,"count":1,"hv":1,"mp":0,"y0":2025,"y1":2025,"sp":[[14,1,1,0,2025,2025]]}},{"type":"Feature","geometry":{"type":"Polygon","coordinates":[[[-92.91566,48.46099],[-92.91758,48.45964],[-92.91669,48.45784],[-92.91388,48.4574],[-92.91196,48.45876],[-92.91285,48.46055],[-92.91566,48.46099]]]},"properties":{"cell":"892708bb533ffff","res":9,"coarsened":false,"count":1,"hv":1,"mp":0,"y0":2025,"y1":2025,"sp":[[8,1,1,0,2025,2025]]}},{"type":"Feature","geometry":{"type":"Polygon","coordinates":[[[-92.98714,48.50035],[-92.98905,48.49899],[-92.98815,48.49719],[-92.98534,48.49675],[-92.98343,48.49811],[-92.98432,48.49991],[-92.98714,48.50035]]]},"properties":{"cell":"8927088e953ffff","res":9,"coarsened":false,"count":1,"hv":1,"mp":0,"y0":2025,"y1":2025,"sp":[[76,1,1,0,2025,2025]]}},{"type":"Feature","geometry":{"type":"Polygon","coordinates":[[[-92.92512,48.45916],[-92.92703,48.45781],[-92.92614,48.45601],[-92.92333,48.45557],[-92.92141,48.45692],[-92.92231,48.45872],[-92.92512,48.45916]]]},"properties":{"cell":"892708bb577ffff","res":9,"coarsened":false,"count":1,"hv":1,"mp":0,"y0":2025,"y1":2025,"sp":[[10,1,1,0,2025,2025]]}},{"type":"Feature","geometry":{"type":"Polygon","coordinates":[[[-92.8914,48.45387],[-92.89331,48.45251],[-92.89242,48.45072],[-92.88961,48.45028],[-92.88769,48.45163],[-92.88859,48.45343],[-92.8914,48.45387]]]},"properties":{"cell":"892708ba28fffff","res":9,"coarsened":false,"count":1,"hv":1,"mp":0,"y0":2025,"y1":2025,"sp":[[98,1,1,0,2025,2025]]}},{"type":"Feature","geometry":{"type":"Polygon","coordinates":[[[-92.77005,48.48616],[-92.81663,48.47029],[-92.8176,48.43562],[-92.77206,48.41682],[-92.72552,48.43266],[-92.72448,48.46733],[-92.77005,48.48616]]]},"properties":{"cell":"862708b17ffffff","res":6,"coarsened":true,"count":2,"hv":2,"mp":0,"y0":2025,"y1":2025,"sp":[[12,2,2,0,2025,2025]]}},{"type":"Feature","geometry":{"type":"Polygon","coordinates":[[[-92.9241,48.46232],[-92.92601,48.46096],[-92.92512,48.45916],[-92.92231,48.45872],[-92.92039,48.46008],[-92.92129,48.46188],[-92.9241,48.46232]]]},"properties":{"cell":"892708bb50fffff","res":9,"coarsened":false,"count":3,"hv":3,"mp":0,"y0":2025,"y1":2026,"sp":[[10,2,2,0,2025,2025],[105,1,1,0,2026,2026]]}},{"type":"Feature","geometry":{"type":"Polygon","coordinates":[[[-93.00031,48.50075],[-93.00222,48.49939],[-93.00132,48.49759],[-92.99851,48.49715],[-92.99659,48.49851],[-92.99749,48.50031],[-93.00031,48.50075]]]},"properties":{"cell":"8927088eb93ffff","res":9,"coarsened":false,"count":1,"hv":1,"mp":0,"y0":2025,"y1":2025,"sp":[[1,1,1,0,2025,2025]]}},{"type":"Feature","geometry":{"type":"Polygon","coordinates":[[[-93.01516,48.50969],[-93.01707,48.50833],[-93.01617,48.50653],[-93.01336,48.50609],[-93.01144,48.50745],[-93.01234,48.50925],[-93.01516,48.50969]]]},"properties":{"cell":"8927088e84fffff","res":9,"coarsened":false,"count":1,"hv":1,"mp":0,"y0":2025,"y1":2025,"sp":[[14,1,1,0,2025,2025]]}},{"type":"Feature","geometry":{"type":"Polygon","coordinates":[[[-93.02157,48.51731],[-93.02348,48.51596],[-93.02258,48.51416],[-93.01977,48.51372],[-93.01785,48.51508],[-93.01875,48.51688],[-93.02157,48.51731]]]},"properties":{"cell":"8927088ee2fffff","res":9,"coarsened":false,"count":1,"hv":1,"mp":0,"y0":2025,"y1":2025,"sp":[[60,1,1,0,2025,2025]]}},{"type":"Feature","geometry":{"type":"Polygon","coordinates":[[[-93.02528,48.51955],[-93.0272,48.51819],[-93.0263,48.51639],[-93.02348,48.51596],[-93.02157,48.51731],[-93.02247,48.51911],[-93.02528,48.51955]]]},"properties":{"cell":"8927088ee2bffff","res":9,"coarsened":false,"count":2,"hv":2,"mp":0,"y0":2025,"y1":2025,"sp":[[46,1,1,0,2025,2025],[43,1,1,0,2025,2025]]}},{"type":"Feature","geometry":{"type":"Polygon","coordinates":[[[-93.05433,48.52572],[-93.05624,48.52436],[-93.05534,48.52257],[-93.05253,48.52213],[-93.05061,48.52349],[-93.05152,48.52529],[-93.05433,48.52572]]]},"properties":{"cell":"8927088c58fffff","res":9,"coarsened":false,"count":1,"hv":1,"mp":0,"y0":2025,"y1":2025,"sp":[[6,1,1,0,2025,2025]]}},{"type":"Feature","geometry":{"type":"Polygon","coordinates":[[[-93.09151,48.54806],[-93.13799,48.53206],[-93.13869,48.49739],[-93.093,48.47872],[-93.04656,48.49469],[-93.04577,48.52936],[-93.09151,48.54806]]]},"properties":{"cell":"8627088c7ffffff","res":6,"coarsened":true,"count":4,"hv":4,"mp":0,"y0":2025,"y1":2026,"sp":[[12,4,4,0,2025,2026]]}},{"type":"Feature","geometry":{"type":"Polygon","coordinates":[[[-93.07967,48.52965],[-93.08158,48.52829],[-93.08068,48.5265],[-93.07786,48.52606],[-93.07595,48.52742],[-93.07685,48.52922],[-93.07967,48.52965]]]},"properties":{"cell":"8927088c423ffff","res":9,"coarsened":false,"count":1,"hv":1,"mp":0,"y0":2025,"y1":2025,"sp":[[14,1,1,0,2025,2025]]}},{"type":"Feature","geometry":{"type":"Polygon","coordinates":[[[-93.08439,48.52873],[-93.08631,48.52737],[-93.0854,48.52557],[-93.08259,48.52514],[-93.08068,48.5265],[-93.08158,48.52829],[-93.08439,48.52873]]]},"properties":{"cell":"8927088c42bffff","res":9,"coarsened":false,"count":1,"hv":1,"mp":0,"y0":2025,"y1":2025,"sp":[[99,1,1,0,2025,2025]]}},{"type":"Feature","geometry":{"type":"Polygon","coordinates":[[[-93.0871,48.53412],[-93.08902,48.53276],[-93.08811,48.53096],[-93.0853,48.53053],[-93.08338,48.53189],[-93.08429,48.53368],[-93.0871,48.53412]]]},"properties":{"cell":"8927088c40fffff","res":9,"coarsened":false,"count":1,"hv":1,"mp":0,"y0":2025,"y1":2025,"sp":[[99,1,1,0,2025,2025]]}},{"type":"Feature","geometry":{"type":"Polygon","coordinates":[[[-93.09082,48.53635],[-93.09273,48.53499],[-93.09183,48.5332],[-93.08902,48.53276],[-93.0871,48.53412],[-93.08801,48.53592],[-93.09082,48.53635]]]},"properties":{"cell":"8927088c40bffff","res":9,"coarsened":false,"count":1,"hv":1,"mp":0,"y0":2025,"y1":2025,"sp":[[6,1,1,0,2025,2025]]}},{"type":"Feature","geometry":{"type":"Polygon","coordinates":[[[-93.09454,48.53859],[-93.09645,48.53723],[-93.09555,48.53543],[-93.09273,48.53499],[-93.09082,48.53635],[-93.09172,48.53815],[-93.09454,48.53859]]]},"properties":{"cell":"8927088c457ffff","res":9,"coarsened":false,"count":1,"hv":1,"mp":0,"y0":2025,"y1":2025,"sp":[[99,1,1,0,2025,2025]]}},{"type":"Feature","geometry":{"type":"Polygon","coordinates":[[[-93.09826,48.54082],[-93.10017,48.53946],[-93.09927,48.53766],[-93.09645,48.53723],[-93.09454,48.53859],[-93.09544,48.54038],[-93.09826,48.54082]]]},"properties":{"cell":"8927088c453ffff","res":9,"coarsened":false,"count":1,"hv":1,"mp":0,"y0":2025,"y1":2025,"sp":[[99,1,1,0,2025,2025]]}},{"type":"Feature","geometry":{"type":"Polygon","coordinates":[[[-92.84965,48.43239],[-92.85157,48.43103],[-92.85068,48.42923],[-92.84787,48.42879],[-92.84595,48.43015],[-92.84685,48.43195],[-92.84965,48.43239]]]},"properties":{"cell":"892708ba16bffff","res":9,"coarsened":false,"count":2,"hv":2,"mp":0,"y0":2025,"y1":2026,"sp":[[21,1,1,0,2025,2025],[10,1,1,0,2026,2026]]}},{"type":"Feature","geometry":{"type":"Polygon","coordinates":[[[-93.07353,48.46576],[-93.07544,48.4644],[-93.07454,48.4626],[-93.07173,48.46216],[-93.06982,48.46352],[-93.07072,48.46532],[-93.07353,48.46576]]]},"properties":{"cell":"8927088ca93ffff","res":9,"coarsened":false,"count":1,"hv":1,"mp":0,"y0":2025,"y1":2025,"sp":[[49,1,1,0,2025,2025]]}},{"type":"Feature","geometry":{"type":"Polygon","coordinates":[[[-92.87659,48.44491],[-92.8785,48.44356],[-92.87761,48.44176],[-92.8748,48.44132],[-92.87288,48.44267],[-92.87378,48.44447],[-92.87659,48.44491]]]},"properties":{"cell":"892708ba3d3ffff","res":9,"coarsened":false,"count":1,"hv":1,"mp":0,"y0":2025,"y1":2025,"sp":[[100,1,1,0,2025,2025]]}},{"type":"Feature","geometry":{"type":"Polygon","coordinates":[[[-92.82787,48.47206],[-92.82979,48.47071],[-92.8289,48.46891],[-92.82609,48.46847],[-92.82417,48.46982],[-92.82506,48.47162],[-92.82787,48.47206]]]},"properties":{"cell":"892708ba59bffff","res":9,"coarsened":false,"count":2,"hv":2,"mp":0,"y0":2025,"y1":2025,"sp":[[1,1,1,0,2025,2025],[7,1,1,0,2025,2025]]}},{"type":"Feature","geometry":{"type":"Polygon","coordinates":[[[-93.18174,48.65479],[-93.22829,48.63873],[-93.22893,48.60403],[-93.18309,48.58539],[-93.13657,48.60142],[-93.13587,48.63612],[-93.18174,48.65479]]]},"properties":{"cell":"8627088afffffff","res":6,"coarsened":true,"count":1,"hv":1,"mp":0,"y0":2025,"y1":2025,"sp":[[12,1,1,0,2025,2025]]}},{"type":"Feature","geometry":{"type":"Polygon","coordinates":[[[-93.03101,48.59835],[-93.03293,48.59699],[-93.03203,48.59519],[-93.02921,48.59475],[-93.02729,48.59612],[-93.02819,48.59791],[-93.03101,48.59835]]]},"properties":{"cell":"8927088e493ffff","res":9,"coarsened":false,"count":1,"hv":1,"mp":0,"y0":2025,"y1":2025,"sp":[[28,1,1,0,2025,2025]]}},{"type":"Feature","geometry":{"type":"Polygon","coordinates":[[[-92.98938,48.60349],[-92.9913,48.60213],[-92.9904,48.60033],[-92.98758,48.59989],[-92.98566,48.60125],[-92.98656,48.60305],[-92.98938,48.60349]]]},"properties":{"cell":"8927088095bffff","res":9,"coarsened":false,"count":2,"hv":2,"mp":0,"y0":2025,"y1":2025,"sp":[[10,1,1,0,2025,2025],[36,1,1,0,2025,2025]]}},{"type":"Feature","geometry":{"type":"Polygon","coordinates":[[[-93.10444,48.60475],[-93.10636,48.60339],[-93.10545,48.60159],[-93.10263,48.60116],[-93.10072,48.60252],[-93.10162,48.60431],[-93.10444,48.60475]]]},"properties":{"cell":"89270881bc3ffff","res":9,"coarsened":false,"count":1,"hv":1,"mp":0,"y0":2025,"y1":2025,"sp":[[7,1,1,0,2025,2025]]}},{"type":"Feature","geometry":{"type":"Polygon","coordinates":[[[-92.64051,48.50213],[-92.64244,48.50078],[-92.64155,48.49898],[-92.63874,48.49853],[-92.63681,48.49988],[-92.6377,48.50168],[-92.64051,48.50213]]]},"properties":{"cell":"892708b2057ffff","res":9,"coarsened":false,"count":4,"hv":4,"mp":0,"y0":2025,"y1":2026,"sp":[[23,2,2,0,2025,2025],[36,1,1,0,2026,2026],[13,1,1,0,2026,2026]]}},{"type":"Feature","geometry":{"type":"Polygon","coordinates":[[[-93.01345,48.54257],[-93.01536,48.54121],[-93.01446,48.53941],[-93.01165,48.53897],[-93.00973,48.54033],[-93.01063,48.54213],[-93.01345,48.54257]]]},"properties":{"cell":"8927088e123ffff","res":9,"coarsened":false,"count":1,"hv":1,"mp":0,"y0":2025,"y1":2025,"sp":[[2,1,1,0,2025,2025]]}},{"type":"Feature","geometry":{"type":"Polygon","coordinates":[[[-93.03069,48.53033],[-93.0326,48.52897],[-93.0317,48.52718],[-93.02888,48.52674],[-93.02697,48.5281],[-93.02787,48.5299],[-93.03069,48.53033]]]},"properties":{"cell":"8927088ee1bffff","res":9,"coarsened":false,"count":1,"hv":1,"mp":0,"y0":2025,"y1":2025,"sp":[[21,1,1,0,2025,2025]]}},{"type":"Feature","geometry":{"type":"Polygon","coordinates":[[[-93.08197,48.46707],[-93.08388,48.46571],[-93.08297,48.46391],[-93.08016,48.46347],[-93.07825,48.46483],[-93.07916,48.46663],[-93.08197,48.46707]]]},"properties":{"cell":"8927088ce6fffff","res":9,"coarsened":false,"count":1,"hv":1,"mp":0,"y0":2026,"y1":2026,"sp":[[36,1,1,0,2026,2026]]}},{"type":"Feature","geometry":{"type":"Polygon","coordinates":[[[-92.79602,48.43387],[-92.79794,48.43252],[-92.79705,48.43072],[-92.79424,48.43028],[-92.79232,48.43163],[-92.79321,48.43343],[-92.79602,48.43387]]]},"properties":{"cell":"892708b135bffff","res":9,"coarsened":false,"count":2,"hv":2,"mp":0,"y0":2026,"y1":2026,"sp":[[8,2,2,0,2026,2026]]}},{"type":"Feature","geometry":{"type":"Polygon","coordinates":[[[-92.97469,48.47023],[-92.9766,48.46888],[-92.97571,48.46708],[-92.9729,48.46664],[-92.97098,48.468],[-92.97188,48.4698],[-92.97469,48.47023]]]},"properties":{"cell":"892708bb633ffff","res":9,"coarsened":false,"count":2,"hv":2,"mp":0,"y0":2026,"y1":2026,"sp":[[8,2,2,0,2026,2026]]}},{"type":"Feature","geometry":{"type":"Polygon","coordinates":[[[-92.97618,48.6031],[-92.9781,48.60174],[-92.9772,48.59994],[-92.97438,48.5995],[-92.97246,48.60086],[-92.97336,48.60266],[-92.97618,48.6031]]]},"properties":{"cell":"8927088091bffff","res":9,"coarsened":false,"count":2,"hv":2,"mp":0,"y0":2025,"y1":2025,"sp":[[10,1,1,0,2025,2025],[101,1,1,0,2025,2025]]}},{"type":"Feature","geometry":{"type":"Polygon","coordinates":[[[-92.72549,48.52724],[-92.72742,48.52588],[-92.72653,48.52408],[-92.72372,48.52364],[-92.72179,48.52499],[-92.72268,48.52679],[-92.72549,48.52724]]]},"properties":{"cell":"892708b3457ffff","res":9,"coarsened":false,"count":1,"hv":1,"mp":0,"y0":2025,"y1":2025,"sp":[[1,1,1,0,2025,2025]]}},{"type":"Feature","geometry":{"type":"Polygon","coordinates":[[[-92.75879,48.45286],[-92.76071,48.45151],[-92.75982,48.44971],[-92.75701,48.44926],[-92.75509,48.45062],[-92.75598,48.45242],[-92.75879,48.45286]]]},"properties":{"cell":"892708b10a3ffff","res":9,"coarsened":false,"count":1,"hv":1,"mp":0,"y0":2025,"y1":2025,"sp":[[8,1,1,0,2025,2025]]}},{"type":"Feature","geometry":{"type":"Polygon","coordinates":[[[-93.17544,48.59084],[-93.17735,48.58948],[-93.17644,48.58768],[-93.17363,48.58725],[-93.17171,48.58861],[-93.17262,48.59041],[-93.17544,48.59084]]]},"properties":{"cell":"8927088f6cbffff","res":9,"coarsened":false,"count":1,"hv":1,"mp":0,"y0":2026,"y1":2026,"sp":[[2,1,1,0,2026,2026]]}},{"type":"Feature","geometry":{"type":"Polygon","coordinates":[[[-93.00744,48.43725],[-93.00935,48.43589],[-93.00846,48.43409],[-93.00565,48.43365],[-93.00374,48.43501],[-93.00463,48.43681],[-93.00744,48.43725]]]},"properties":{"cell":"892708b94cbffff","res":9,"coarsened":false,"count":1,"hv":1,"mp":0,"y0":2026,"y1":2026,"sp":[[1,1,1,0,2026,2026]]}},{"type":"Feature","geometry":{"type":"Polygon","coordinates":[[[-93.04116,48.52533],[-93.04307,48.52397],[-93.04217,48.52218],[-93.03936,48.52174],[-93.03744,48.5231],[-93.03834,48.5249],[-93.04116,48.52533]]]},"properties":{"cell":"8927088ee4fffff","res":9,"coarsened":false,"count":1,"hv":1,"mp":0,"y0":2026,"y1":2026,"sp":[[30,1,1,0,2026,2026]]}},{"type":"Feature","geometry":{"type":"Polygon","coordinates":[[[-92.83692,48.4851],[-92.83884,48.48374],[-92.83795,48.48194],[-92.83514,48.4815],[-92.83322,48.48286],[-92.83411,48.48465],[-92.83692,48.4851]]]},"properties":{"cell":"89270884b43ffff","res":9,"coarsened":false,"count":3,"hv":3,"mp":0,"y0":2026,"y1":2026,"sp":[[14,1,1,0,2026,2026],[10,1,1,0,2026,2026],[1,1,1,0,2026,2026]]}},{"type":"Feature","geometry":{"type":"Polygon","coordinates":[[[-93.01144,48.50745],[-93.01336,48.50609],[-93.01246,48.5043],[-93.00964,48.50386],[-93.00773,48.50522],[-93.00863,48.50701],[-93.01144,48.50745]]]},"properties":{"cell":"8927088e87bffff","res":9,"coarsened":false,"count":1,"hv":1,"mp":0,"y0":2026,"y1":2026,"sp":[[10,1,1,0,2026,2026]]}},{"type":"Feature","geometry":{"type":"Polygon","coordinates":[[[-92.62292,48.43459],[-92.62485,48.43324],[-92.62396,48.43144],[-92.62116,48.43099],[-92.61923,48.43234],[-92.62011,48.43414],[-92.62292,48.43459]]]},"properties":{"cell":"892708b2a77ffff","res":9,"coarsened":false,"count":1,"hv":1,"mp":0,"y0":2026,"y1":2026,"sp":[[1,1,1,0,2026,2026]]}},{"type":"Feature","geometry":{"type":"Polygon","coordinates":[[[-93.05601,48.49285],[-93.05792,48.49149],[-93.05702,48.48969],[-93.0542,48.48925],[-93.05229,48.49061],[-93.05319,48.49241],[-93.05601,48.49285]]]},"properties":{"cell":"8927088c137ffff","res":9,"coarsened":false,"count":1,"hv":1,"mp":0,"y0":2026,"y1":2026,"sp":[[50,1,1,0,2026,2026]]}},{"type":"Feature","geometry":{"type":"Polygon","coordinates":[[[-92.88764,48.56107],[-92.88956,48.55971],[-92.88866,48.55791],[-92.88585,48.55747],[-92.88393,48.55883],[-92.88482,48.56063],[-92.88764,48.56107]]]},"properties":{"cell":"89270884283ffff","res":9,"coarsened":false,"count":3,"hv":3,"mp":0,"y0":2026,"y1":2026,"sp":[[44,2,2,0,2026,2026],[13,1,1,0,2026,2026]]}},{"type":"Feature","geometry":{"type":"Polygon","coordinates":[[[-93.04115,48.48391],[-93.04307,48.48255],[-93.04217,48.48076],[-93.03935,48.48032],[-93.03744,48.48168],[-93.03834,48.48347],[-93.04115,48.48391]]]},"properties":{"cell":"8927088cc03ffff","res":9,"coarsened":false,"count":1,"hv":1,"mp":0,"y0":2026,"y1":2026,"sp":[[50,1,1,0,2026,2026]]}},{"type":"Feature","geometry":{"type":"Polygon","coordinates":[[[-92.82767,48.4455],[-92.82959,48.44414],[-92.82869,48.44235],[-92.82589,48.4419],[-92.82397,48.44326],[-92.82486,48.44506],[-92.82767,48.4455]]]},"properties":{"cell":"892708ba187ffff","res":9,"coarsened":false,"count":1,"hv":1,"mp":0,"y0":2026,"y1":2026,"sp":[[1,1,1,0,2026,2026]]}},{"type":"Feature","geometry":{"type":"Polygon","coordinates":[[[-93.10463,48.50702],[-93.10654,48.50566],[-93.10563,48.50386],[-93.10282,48.50342],[-93.10091,48.50478],[-93.10181,48.50658],[-93.10463,48.50702]]]},"properties":{"cell":"8927088c06bffff","res":9,"coarsened":false,"count":1,"hv":1,"mp":0,"y0":2026,"y1":2026,"sp":[[31,1,1,0,2026,2026]]}},{"type":"Feature","geometry":{"type":"Polygon","coordinates":[[[-92.84266,48.41305],[-92.84458,48.4117],[-92.84369,48.4099],[-92.84088,48.40946],[-92.83896,48.41081],[-92.83985,48.41261],[-92.84266,48.41305]]]},"properties":{"cell":"892708bae3bffff","res":9,"coarsened":false,"count":2,"hv":2,"mp":0,"y0":2026,"y1":2026,"sp":[[2,1,1,0,2026,2026],[37,1,1,0,2026,2026]]}},{"type":"Feature","geometry":{"type":"Polygon","coordinates":[[[-92.92054,48.52807],[-92.92246,48.52671],[-92.92156,48.52491],[-92.91875,48.52447],[-92.91683,48.52583],[-92.91772,48.52763],[-92.92054,48.52807]]]},"properties":{"cell":"89270885eb3ffff","res":9,"coarsened":false,"count":2,"hv":2,"mp":0,"y0":2026,"y1":2026,"sp":[[19,1,1,0,2026,2026],[23,1,1,0,2026,2026]]}},{"type":"Feature","geometry":{"type":"Polygon","coordinates":[[[-92.65605,48.42825],[-92.65798,48.4269],[-92.65709,48.4251],[-92.65428,48.42466],[-92.65236,48.42601],[-92.65324,48.42781],[-92.65605,48.42825]]]},"properties":{"cell":"892708b0177ffff","res":9,"coarsened":false,"count":1,"hv":1,"mp":0,"y0":2026,"y1":2026,"sp":[[23,1,1,0,2026,2026]]}},{"type":"Feature","geometry":{"type":"Polygon","coordinates":[[[-92.4687,48.40489],[-92.47063,48.40354],[-92.46976,48.40173],[-92.46695,48.40128],[-92.46502,48.40263],[-92.4659,48.40443],[-92.4687,48.40489]]]},"properties":{"cell":"892708b66abffff","res":9,"coarsened":false,"count":1,"hv":1,"mp":0,"y0":2026,"y1":2026,"sp":[[13,1,1,0,2026,2026]]}},{"type":"Feature","geometry":{"type":"Polygon","coordinates":[[[-93.07151,48.47207],[-93.07342,48.47071],[-93.07252,48.46891],[-93.06971,48.46848],[-93.0678,48.46983],[-93.0687,48.47163],[-93.07151,48.47207]]]},"properties":{"cell":"8927088ce3bffff","res":9,"coarsened":false,"count":2,"hv":2,"mp":0,"y0":2026,"y1":2026,"sp":[[40,2,2,0,2026,2026]]}},{"type":"Feature","geometry":{"type":"Polygon","coordinates":[[[-92.46291,48.40893],[-92.46484,48.40758],[-92.46397,48.40578],[-92.46116,48.40533],[-92.45923,48.40668],[-92.4601,48.40848],[-92.46291,48.40893]]]},"properties":{"cell":"892708b66b3ffff","res":9,"coarsened":false,"count":2,"hv":2,"mp":0,"y0":2026,"y1":2026,"sp":[[36,1,1,0,2026,2026],[60,1,1,0,2026,2026]]}},{"type":"Feature","geometry":{"type":"Polygon","coordinates":[[[-93.0705,48.47522],[-93.07242,48.47386],[-93.07151,48.47207],[-93.0687,48.47163],[-93.06679,48.47299],[-93.06769,48.47479],[-93.0705,48.47522]]]},"properties":{"cell":"8927088ce07ffff","res":9,"coarsened":false,"count":1,"hv":1,"mp":0,"y0":2026,"y1":2026,"sp":[[64,1,1,0,2026,2026]]}},{"type":"Feature","geometry":{"type":"Polygon","coordinates":[[[-92.53713,48.43913],[-92.53906,48.43778],[-92.53818,48.43598],[-92.53537,48.43553],[-92.53344,48.43688],[-92.53432,48.43868],[-92.53713,48.43913]]]},"properties":{"cell":"89270d4da57ffff","res":9,"coarsened":false,"count":1,"hv":1,"mp":0,"y0":2026,"y1":2026,"sp":[[1,1,1,0,2026,2026]]}},{"type":"Feature","geometry":{"type":"Polygon","coordinates":[[[-92.5666,48.43057],[-92.56852,48.42922],[-92.56764,48.42741],[-92.56484,48.42697],[-92.56291,48.42832],[-92.56379,48.43012],[-92.5666,48.43057]]]},"properties":{"cell":"892708b290bffff","res":9,"coarsened":false,"count":1,"hv":1,"mp":0,"y0":2026,"y1":2026,"sp":[[1,1,1,0,2026,2026]]}},{"type":"Feature","geometry":{"type":"Polygon","coordinates":[[[-92.6145,48.43324],[-92.61642,48.43189],[-92.61554,48.43009],[-92.61273,48.42964],[-92.61081,48.431],[-92.61169,48.4328],[-92.6145,48.43324]]]},"properties":{"cell":"892708b2a23ffff","res":9,"coarsened":false,"count":1,"hv":1,"mp":0,"y0":2026,"y1":2026,"sp":[[1,1,1,0,2026,2026]]}},{"type":"Feature","geometry":{"type":"Polygon","coordinates":[[[-92.92235,48.60466],[-92.92428,48.6033],[-92.92338,48.6015],[-92.92056,48.60106],[-92.91864,48.60242],[-92.91953,48.60422],[-92.92235,48.60466]]]},"properties":{"cell":"892708872a7ffff","res":9,"coarsened":false,"count":1,"hv":1,"mp":0,"y0":2026,"y1":2026,"sp":[[28,1,1,0,2026,2026]]}},{"type":"Feature","geometry":{"type":"Polygon","coordinates":[[[-93.0678,48.46983],[-93.06971,48.46848],[-93.06881,48.46668],[-93.066,48.46624],[-93.06409,48.4676],[-93.06499,48.4694],[-93.0678,48.46983]]]},"properties":{"cell":"8927088ce23ffff","res":9,"coarsened":false,"count":1,"hv":1,"mp":0,"y0":2026,"y1":2026,"sp":[[7,1,1,0,2026,2026]]}},{"type":"Feature","geometry":{"type":"Polygon","coordinates":[[[-92.8505,48.47065],[-92.85241,48.46929],[-92.85152,48.4675],[-92.84871,48.46705],[-92.84679,48.46841],[-92.84768,48.47021],[-92.8505,48.47065]]]},"properties":{"cell":"892708ba423ffff","res":9,"coarsened":false,"count":1,"hv":1,"mp":0,"y0":2026,"y1":2026,"sp":[[63,1,1,0,2026,2026]]}},{"type":"Feature","geometry":{"type":"Polygon","coordinates":[[[-93.09077,48.49493],[-93.09268,48.49357],[-93.09178,48.49178],[-93.08897,48.49134],[-93.08705,48.4927],[-93.08796,48.4945],[-93.09077,48.49493]]]},"properties":{"cell":"8927088c3bbffff","res":9,"coarsened":false,"count":1,"hv":1,"mp":0,"y0":2026,"y1":2026,"sp":[[36,1,1,0,2026,2026]]}},{"type":"Feature","geometry":{"type":"Polygon","coordinates":[[[-93.18118,48.58676],[-93.18309,48.58539],[-93.18218,48.5836],[-93.17936,48.58316],[-93.17745,48.58453],[-93.17836,48.58632],[-93.18118,48.58676]]]},"properties":{"cell":"8927088f65bffff","res":9,"coarsened":false,"count":1,"hv":1,"mp":0,"y0":2026,"y1":2026,"sp":[[9,1,1,0,2026,2026]]}},{"type":"Feature","geometry":{"type":"Polygon","coordinates":[[[-93.1396,48.59195],[-93.14151,48.59058],[-93.1406,48.58879],[-93.13778,48.58835],[-93.13587,48.58971],[-93.13678,48.59151],[-93.1396,48.59195]]]},"properties":{"cell":"8927088f457ffff","res":9,"coarsened":false,"count":2,"hv":2,"mp":0,"y0":2026,"y1":2026,"sp":[[37,1,1,0,2026,2026],[11,1,1,0,2026,2026]]}},{"type":"Feature","geometry":{"type":"Polygon","coordinates":[[[-93.14805,48.59325],[-93.14997,48.59189],[-93.14906,48.59009],[-93.14624,48.58966],[-93.14433,48.59102],[-93.14524,48.59282],[-93.14805,48.59325]]]},"properties":{"cell":"8927088f45bffff","res":9,"coarsened":false,"count":1,"hv":1,"mp":0,"y0":2026,"y1":2026,"sp":[[103,1,1,0,2026,2026]]}},{"type":"Feature","geometry":{"type":"Polygon","coordinates":[[[-93.14534,48.58786],[-93.14725,48.5865],[-93.14634,48.5847],[-93.14352,48.58427],[-93.14161,48.58563],[-93.14252,48.58743],[-93.14534,48.58786]]]},"properties":{"cell":"8927088f44fffff","res":9,"coarsened":false,"count":2,"hv":2,"mp":0,"y0":2026,"y1":2026,"sp":[[106,1,1,0,2026,2026],[107,1,1,0,2026,2026]]}},{"type":"Feature","geometry":{"type":"Polygon","coordinates":[[[-93.1406,48.58879],[-93.14252,48.58743],[-93.14161,48.58563],[-93.13879,48.58519],[-93.13688,48.58656],[-93.13778,48.58835],[-93.1406,48.58879]]]},"properties":{"cell":"8927088f447ffff","res":9,"coarsened":false,"count":1,"hv":1,"mp":0,"y0":2026,"y1":2026,"sp":[[108,1,1,0,2026,2026]]}},{"type":"Feature","geometry":{"type":"Polygon","coordinates":[[[-93.0128,48.48944],[-93.01472,48.48808],[-93.01382,48.48628],[-93.01101,48.48584],[-93.00909,48.4872],[-93.00999,48.489],[-93.0128,48.48944]]]},"properties":{"cell":"8927088eb0bffff","res":9,"coarsened":false,"count":1,"hv":1,"mp":0,"y0":2026,"y1":2026,"sp":[[109,1,1,0,2026,2026]]}},{"type":"Feature","geometry":{"type":"Polygon","coordinates":[[[-93.03103,48.51547],[-93.03294,48.51411],[-93.03204,48.51232],[-93.02923,48.51188],[-93.02731,48.51324],[-93.02821,48.51503],[-93.03103,48.51547]]]},"properties":{"cell":"8927088ea9bffff","res":9,"coarsened":false,"count":1,"hv":1,"mp":0,"y0":2026,"y1":2026,"sp":[[110,1,1,0,2026,2026]]}},{"type":"Feature","geometry":{"type":"Polygon","coordinates":[[[-92.88769,48.45163],[-92.88961,48.45028],[-92.88872,48.44848],[-92.88591,48.44804],[-92.88399,48.44939],[-92.88488,48.45119],[-92.88769,48.45163]]]},"properties":{"cell":"892708ba2bbffff","res":9,"coarsened":false,"count":1,"hv":1,"mp":0,"y0":2026,"y1":2026,"sp":[[8,1,1,0,2026,2026]]}},{"type":"Feature","geometry":{"type":"Polygon","coordinates":[[[-92.89612,48.45296],[-92.89804,48.4516],[-92.89714,48.4498],[-92.89433,48.44936],[-92.89242,48.45072],[-92.89331,48.45251],[-92.89612,48.45296]]]},"properties":{"cell":"892708ba213ffff","res":9,"coarsened":false,"count":1,"hv":1,"mp":0,"y0":2026,"y1":2026,"sp":[[60,1,1,0,2026,2026]]}},{"type":"Feature","geometry":{"type":"Polygon","coordinates":[[[-93.00171,48.44132],[-93.04812,48.42537],[-93.04889,48.39073],[-93.00334,48.37203],[-92.95697,48.38795],[-92.95611,48.4226],[-93.00171,48.44132]]]},"properties":{"cell":"862708b97ffffff","res":6,"coarsened":true,"count":1,"hv":1,"mp":0,"y0":2025,"y1":2025,"sp":[[12,1,1,0,2025,2025]]}},{"type":"Feature","geometry":{"type":"Polygon","coordinates":[[[-92.97846,48.43106],[-92.98037,48.4297],[-92.97947,48.42791],[-92.97667,48.42747],[-92.97475,48.42883],[-92.97565,48.43062],[-92.97846,48.43106]]]},"properties":{"cell":"892708b94b7ffff","res":9,"coarsened":false,"count":1,"hv":1,"mp":0,"y0":2025,"y1":2025,"sp":[[10,1,1,0,2025,2025]]}},{"type":"Feature","geometry":{"type":"Polygon","coordinates":[[[-92.85581,48.41347],[-92.85772,48.41211],[-92.85683,48.41031],[-92.85402,48.40987],[-92.85211,48.41123],[-92.853,48.41303],[-92.85581,48.41347]]]},"properties":{"cell":"892708bae7bffff","res":9,"coarsened":false,"count":1,"hv":1,"mp":0,"y0":2017,"y1":2017,"sp":[[1,1,1,0,2017,2017]]}},{"type":"Feature","geometry":{"type":"Polygon","coordinates":[[[-93.05707,48.614],[-93.05899,48.61264],[-93.05809,48.61084],[-93.05527,48.6104],[-93.05335,48.61176],[-93.05425,48.61356],[-93.05707,48.614]]]},"properties":{"cell":"89270881993ffff","res":9,"coarsened":false,"count":1,"hv":1,"mp":0,"y0":2016,"y1":2016,"sp":[[1,1,1,0,2016,2016]]}}],"park":"voyageurs","h3_res":9,"species_index":[{"n":"Lophodytes cucullatus","c":"Hooded Merganser","k":"Aves"},{"n":"Gavia immer","c":"Common Loon","k":"Aves"},{"n":"Odocoileus virginianus","c":"White-tailed Deer","k":"Mammalia"},{"n":"Aythya collaris","c":"Ring-necked Duck","k":"Aves"},{"n":"Neotamias minimus","c":"Least Chipmunk","k":"Mammalia"},{"n":"Podiceps grisegena","c":"Red-necked Grebe","k":"Aves"},{"n":"Pelecanus erythrorhynchos","c":"American White Pelican","k":"Aves"},{"n":"Castor canadensis","c":"American Beaver","k":"Mammalia"},{"n":"Mergus merganser","c":"Common Merganser","k":"Aves"},{"n":"Branta canadensis","c":"Canada Goose","k":"Aves"},{"n":"Anas platyrhynchos","c":"Mallard","k":"Aves"},{"n":"Tamiasciurus hudsonicus","c":"American Red Squirrel","k":"Mammalia"},{"n":"Haliaeetus leucocephalus","c":"Bald Eagle","k":"Aves"},{"n":"Larus smithsonianus","c":"American Herring Gull","k":"Aves"},{"n":"Bucephala clangula","c":"Common Goldeneye","k":"Aves"},{"n":"Colaptes auratus","c":"Northern Flicker","k":"Aves"},{"n":"Ondatra zibethicus","c":"Muskrat","k":"Mammalia"},{"n":"Neogale vison","c":"American Mink","k":"Mammalia"},{"n":"Bombycilla cedrorum","c":"Cedar Waxwing","k":"Aves"},{"n":"Cathartes aura","c":"Turkey Vulture","k":"Aves"},{"n":"Botaurus lentiginosus","c":"American Bittern","k":"Aves"},{"n":"Buteo platypterus","c":"Broad-winged Hawk","k":"Aves"},{"n":"Sayornis phoebe","c":"Eastern Phoebe","k":"Aves"},{"n":"Bonasa umbellus","c":"Ruffed Grouse","k":"Aves"},{"n":"Melospiza melodia","c":"Song Sparrow","k":"Aves"},{"n":"Dryocopus pileatus","c":"Pileated Woodpecker","k":"Aves"},{"n":"Synaptomys cooperi","c":"Southern Bog Lemming","k":"Mammalia"},{"n":"Aix sponsa","c":"Wood Duck","k":"Aves"},{"n":"Nannopterum auritum","c":"Double-crested Cormorant","k":"Aves"},{"n":"Geothlypis trichas","c":"Common Yellowthroat","k":"Aves"},{"n":"Setophaga coronata","c":"Yellow-rumped Warbler","k":"Aves"},{"n":"Falco columbarius","c":"Merlin","k":"Aves"},{"n":"Microtus drummondii","c":"Western Meadow Vole","k":"Mammalia"},{"n":"Corthylio calendula","c":"Ruby-crowned Kinglet","k":"Aves"},{"n":"Chlidonias niger","c":"Black Tern","k":"Aves"},{"n":"Megaceryle alcyon","c":"Belted Kingfisher","k":"Aves"},{"n":"Lontra canadensis","c":"North American River Otter","k":"Mammalia"},{"n":"Cygnus buccinator","c":"Trumpeter Swan","k":"Aves"},{"n":"Setophaga magnolia","c":"Magnolia Warbler","k":"Aves"},{"n":"Tamias striatus","c":"Eastern Chipmunk","k":"Mammalia"},{"n":"Poecile atricapillus","c":"Black-capped Chickadee","k":"Aves"},{"n":"Mniotilta varia","c":"Black-and-white Warbler","k":"Aves"},{"n":"Sitta canadensis","c":"Red-breasted Nuthatch","k":"Aves"},{"n":"Corvus brachyrhynchos","c":"American Crow","k":"Aves"},{"n":"Canachites canadensis","c":"Spruce Grouse","k":"Aves"},{"n":"Zonotrichia albicollis","c":"White-throated Sparrow","k":"Aves"},{"n":"Setophaga aestiva","c":"Northern Yellow Warbler","k":"Aves"},{"n":"Turdus migratorius","c":"American Robin","k":"Aves"},{"n":"Poecile hudsonicus","c":"Boreal Chickadee","k":"Aves"},{"n":"Leuconotopicus villosus","c":"Hairy Woodpecker","k":"Aves"},{"n":"Ardea herodias","c":"Great Blue Heron","k":"Aves"},{"n":"Cyanocitta cristata","c":"Blue Jay","k":"Aves"},{"n":"Seiurus aurocapilla","c":"Ovenbird","k":"Aves"},{"n":"Certhia americana","c":"Brown Creeper","k":"Aves"},{"n":"Blarina brevicauda","c":"Northern Short-tailed Shrew","k":"Mammalia"},{"n":"Sorex cinereus","c":"Masked Shrew","k":"Mammalia"},{"n":"Podiceps auritus","c":"Horned Grebe","k":"Aves"},{"n":"Setophaga tigrina","c":"Cape May Warbler","k":"Aves"},{"n":"Spizella passerina","c":"Chipping Sparrow","k":"Aves"},{"n":"Picoides arcticus","c":"Black-backed Woodpecker","k":"Aves"},{"n":"Larus delawarensis","c":"Ring-billed Gull","k":"Aves"},{"n":"Contopus virens","c":"Eastern Wood-Pewee","k":"Aves"},{"n":"Setophaga americana","c":"Northern Parula","k":"Aves"},{"n":"Leiothlypis ruficapilla","c":"Nashville Warbler","k":"Aves"},{"n":"Vireo olivaceus","c":"Red-eyed Vireo","k":"Aves"},{"n":"Setophaga pensylvanica","c":"Chestnut-sided Warbler","k":"Aves"},{"n":"Setophaga pinus","c":"Pine Warbler","k":"Aves"},{"n":"Clethrionomys gapperi","c":"Southern Red-backed Vole","k":"Mammalia"},{"n":"Anser caerulescens","c":"Snow Goose","k":"Aves"},{"n":"Calcarius lapponicus","c":"Lapland Longspur","k":"Aves"},{"n":"Spizelloides arborea","c":"American Tree Sparrow","k":"Aves"},{"n":"Corvus corax","c":"Common Raven","k":"Aves"},{"n":"Acanthis flammea","c":"Redpoll","k":"Aves"},{"n":"Pinicola enucleator","c":"Pine Grosbeak","k":"Aves"},{"n":"Lepus americanus","c":"Snowshoe Hare","k":"Mammalia"},{"n":"Procyon lotor","c":"Common Raccoon","k":"Mammalia"},{"n":"Sphyrapicus varius","c":"Yellow-bellied Sapsucker","k":"Aves"},{"n":"Setophaga virens","c":"Black-throated Green Warbler","k":"Aves"},{"n":"Melospiza georgiana","c":"Swamp Sparrow","k":"Aves"},{"n":"Archilochus colubris","c":"Ruby-throated Hummingbird","k":"Aves"},{"n":"Setophaga fusca","c":"Blackburnian Warbler","k":"Aves"},{"n":"Perisoreus canadensis","c":"Canada Jay","k":"Aves"},{"n":"Pheucticus ludovicianus","c":"Rose-breasted Grosbeak","k":"Aves"},{"n":"Vireo solitarius","c":"Blue-headed Vireo","k":"Aves"},{"n":"Cardellina canadensis","c":"Canada Warbler","k":"Aves"},{"n":"Rallus limicola","c":"Virginia Rail","k":"Aves"},{"n":"Xanthocephalus xanthocephalus","c":"Yellow-headed Blackbird","k":"Aves"},{"n":"Cistothorus palustris","c":"Marsh Wren","k":"Aves"},{"n":"Empidonax minimus","c":"Least Flycatcher","k":"Aves"},{"n":"Marmota monax","c":"Groundhog","k":"Mammalia"},{"n":"Hylocichla mustelina","c":"Wood Thrush","k":"Aves"},{"n":"Piranga olivacea","c":"Scarlet Tanager","k":"Aves"},{"n":"Catharus ustulatus","c":"Swainson's Thrush","k":"Aves"},{"n":"Catharus guttatus","c":"Hermit Thrush","k":"Aves"},{"n":"Zonotrichia leucophrys","c":"White-crowned Sparrow","k":"Aves"},{"n":"Charadrius vociferus","c":"Killdeer","k":"Aves"},{"n":"Leiothlypis peregrina","c":"Tennessee Warbler","k":"Aves"},{"n":"Passerina cyanea","c":"Indigo Bunting","k":"Aves"},{"n":"Actitis macularius","c":"Spotted Sandpiper","k":"Aves"},{"n":"Agelaius phoeniceus","c":"Red-winged Blackbird","k":"Aves"},{"n":"Bucephala albeola","c":"Bufflehead","k":"Aves"},{"n":"Falco peregrinus","c":"Peregrine Falcon","k":"Aves"},{"n":"Mephitis mephitis","c":"Striped Skunk","k":"Mammalia"},{"n":"Strix varia","c":"Barred Owl","k":"Aves"},{"n":"Contopus cooperi","c":"Olive-sided Flycatcher","k":"Aves"},{"n":"Tringa solitaria","c":"Solitary Sandpiper","k":"Aves"},{"n":"Quiscalus quiscula","c":"Common Grackle","k":"Aves"},{"n":"Tachycineta bicolor","c":"Tree Swallow","k":"Aves"},{"n":"Spatula discors","c":"Blue-winged Teal","k":"Aves"},{"n":"Aechmophorus occidentalis","c":"Western Grebe","k":"Aves"},{"n":"Phalaropus lobatus","c":"Red-necked Phalarope","k":"Aves"}],"entry":["species_index","count","human_verified","model_predicted","first_year","last_year"],"suppressed":{"excluded":{},"coarsened":{"Haliaeetus leucocephalus":43}},"merged_names":{"Haliaeetus leucocephalus washingtoniensis":"Haliaeetus leucocephalus"}}