{"type":"FeatureCollection","features":[{"type":"Feature","geometry":{"type":"Polygon","coordinates":[[[-148.98373,63.75749],[-149.05067,63.74162],[-149.05694,63.70987],[-148.99643,63.69401],[-148.9296,63.70985],[-148.92317,63.74159],[-148.98373,63.75749]]]},"properties":{"cell":"860c74d5fffffff","res":6,"coarsened":true,"count":13,"hv":13,"mp":0,"y0":1993,"y1":2024,"sp":[[0,11,11,0,1993,2024],[173,1,1,0,2015,2015],[158,1,1,0,null,null]]}},{"type":"Feature","geometry":{"type":"Polygon","coordinates":[[[-148.99002,63.71959],[-148.99288,63.7183],[-148.9919,63.71668],[-148.98807,63.71635],[-148.98521,63.71765],[-148.98618,63.71927],[-148.99002,63.71959]]]},"properties":{"cell":"890c74d582bffff","res":9,"coarsened":false,"count":16,"hv":16,"mp":0,"y0":2000,"y1":2025,"sp":[[2,9,9,0,2000,2025],[1,2,2,0,2005,2022],[11,2,2,0,2017,2025],[115,1,1,0,2022,2022],[85,1,1,0,2008,2008],[20,1,1,0,2008,2008]]}},{"type":"Feature","geometry":{"type":"Polygon","coordinates":[[[-148.92117,63.73219],[-148.92404,63.7309],[-148.92306,63.72928],[-148.91923,63.72895],[-148.91637,63.73025],[-148.91734,63.73187],[-148.92117,63.73219]]]},"properties":{"cell":"890c74d5da7ffff","res":9,"coarsened":false,"count":94,"hv":94,"mp":0,"y0":1989,"y1":2026,"sp":[[36,26,26,0,2018,2026],[2,16,16,0,1989,2026],[43,12,12,0,2018,2026],[10,6,6,0,2018,2026],[45,5,5,0,2019,2026],[29,4,4,0,2019,2024],[6,4,4,0,2021,2024],[14,3,3,0,2016,2026],[13,3,3,0,2016,2026],[4,2,2,0,2012,2018],[44,2,2,0,2018,2019],[31,2,2,0,2011,2024],[70,2,2,0,2019,2025],[48,2,2,0,2026,2026],[8,1,1,0,2012,2012],[1,1,1,0,2012,2012],[16,1,1,0,2021,2021],[126,1,1,0,2023,2023],[67,1,1,0,2024,2024]]}},{"type":"Feature","geometry":{"type":"Polygon","coordinates":[[[-151.19137,63.11749],[-151.19406,63.11615],[-151.19295,63.11455],[-151.18916,63.11429],[-151.18646,63.11563],[-151.18756,63.11723],[-151.19137,63.11749]]]},"properties":{"cell":"890c761a92bffff","res":9,"coarsened":false,"count":211,"hv":211,"mp":0,"y0":1995,"y1":2023,"sp":[[1,42,42,0,1995,2021],[2,33,33,0,2005,2020],[4,25,25,0,1995,2021],[7,24,24,0,2005,2020],[11,16,16,0,2005,2023],[5,11,11,0,2005,2019],[10,10,10,0,2009,2019],[31,6,6,0,2005,2017],[8,5,5,0,2003,2019],[43,5,5,0,2012,2021],[3,4,4,0,2006,2018],[26,3,3,0,2015,2018],[56,3,3,0,2017,2017],[15,3,3,0,1995,2018],[16,2,2,0,2015,2018],[9,1,1,0,2016,2016],[60,1,1,0,2017,2017],[61,1,1,0,2017,2017],[23,1,1,0,2017,2017],[58,1,1,0,2010,2010],[65,1,1,0,2017,2017],[66,1,1,0,2017,2017],[67,1,1,0,2018,2018],[32,1,1,0,2018,2018],[68,1,1,0,2017,2017],[51,1,1,0,2018,2018],[19,1,1,0,2016,2016],[14,1,1,0,2016,2016],[47,1,1,0,2016,2016],[12,1,1,0,2012,2012],[36,1,1,0,2010,2010],[64,1,1,0,2023,2023],[82,1,1,0,2019,2019],[102,1,1,0,2008,2008]]}},{"type":"Feature","geometry":{"type":"Polygon","coordinates":[[[-148.98585,63.6885],[-148.9887,63.68721],[-148.98773,63.68559],[-148.9839,63.68526],[-148.98104,63.68656],[-148.98202,63.68818],[-148.98585,63.6885]]]},"properties":{"cell":"890c74c667bffff","res":9,"coarsened":false,"count":1,"hv":1,"mp":0,"y0":2012,"y1":2012,"sp":[[4,1,1,0,2012,2012]]}},{"type":"Feature","geometry":{"type":"Polygon","coordinates":[[[-148.96324,63.72347],[-148.9661,63.72218],[-148.96513,63.72056],[-148.96129,63.72023],[-148.95843,63.72153],[-148.95941,63.72315],[-148.96324,63.72347]]]},"properties":{"cell":"890c74d59d3ffff","res":9,"coarsened":false,"count":27,"hv":27,"mp":0,"y0":2009,"y1":2026,"sp":[[36,5,5,0,2011,2025],[10,2,2,0,2018,2022],[11,2,2,0,2016,2024],[47,2,2,0,2017,2022],[2,2,2,0,2018,2024],[5,1,1,0,2012,2012],[31,1,1,0,2017,2017],[32,1,1,0,2014,2014],[1,1,1,0,2009,2009],[6,1,1,0,2014,2014],[119,1,1,0,2022,2022],[48,1,1,0,2018,2018],[19,1,1,0,2009,2009],[44,1,1,0,2024,2024],[45,1,1,0,2024,2024],[14,1,1,0,2024,2024],[28,1,1,0,2024,2024],[51,1,1,0,2025,2025],[16,1,1,0,2026,2026]]}},{"type":"Feature","geometry":{"type":"Polygon","coordinates":[[[-149.47822,63.6955],[-149.48106,63.6942],[-149.48005,63.69258],[-149.4762,63.69227],[-149.47337,63.69357],[-149.47438,63.69519],[-149.47822,63.6955]]]},"properties":{"cell":"890c74cae13ffff","res":9,"coarsened":false,"count":1,"hv":1,"mp":0,"y0":2012,"y1":2012,"sp":[[1,1,1,0,2012,2012]]}},{"type":"Feature","geometry":{"type":"Polygon","coordinates":[[[-149.26076,63.65621],[-149.2636,63.65491],[-149.2626,63.65329],[-149.25877,63.65298],[-149.25593,63.65428],[-149.25692,63.65589],[-149.26076,63.65621]]]},"properties":{"cell":"890c74ce4cfffff","res":9,"coarsened":false,"count":1,"hv":1,"mp":0,"y0":2012,"y1":2012,"sp":[[6,1,1,0,2012,2012]]}},{"type":"Feature","geometry":{"type":"Polygon","coordinates":[[[-151.47871,63.95198],[-151.48149,63.95062],[-151.48032,63.94901],[-151.47638,63.94875],[-151.47361,63.9501],[-151.47477,63.95172],[-151.47871,63.95198]]]},"properties":{"cell":"890c294e0cbffff","res":9,"coarsened":false,"count":1,"hv":1,"mp":0,"y0":2012,"y1":2012,"sp":[[2,1,1,0,2012,2012]]}},{"type":"Feature","geometry":{"type":"Polygon","coordinates":[[[-149.95888,63.56183],[-149.96168,63.56052],[-149.96064,63.5589],[-149.95681,63.55861],[-149.95401,63.55992],[-149.95504,63.56153],[-149.95888,63.56183]]]},"properties":{"cell":"890c2925bb7ffff","res":9,"coarsened":false,"count":2,"hv":2,"mp":0,"y0":2012,"y1":2012,"sp":[[7,1,1,0,2012,2012],[1,1,1,0,2012,2012]]}},{"type":"Feature","geometry":{"type":"Polygon","coordinates":[[[-150.40118,63.73339],[-150.40398,63.73206],[-150.4029,63.73044],[-150.39902,63.73016],[-150.39622,63.73148],[-150.3973,63.7331],[-150.40118,63.73339]]]},"properties":{"cell":"890c292a46bffff","res":9,"coarsened":false,"count":1,"hv":1,"mp":0,"y0":2012,"y1":2012,"sp":[[3,1,1,0,2012,2012]]}},{"type":"Feature","geometry":{"type":"Polygon","coordinates":[[[-150.40441,63.73823],[-150.40721,63.7369],[-150.40613,63.73529],[-150.40226,63.735],[-150.39946,63.73633],[-150.40053,63.73794],[-150.40441,63.73823]]]},"properties":{"cell":"890c292a44fffff","res":9,"coarsened":false,"count":1,"hv":1,"mp":0,"y0":2012,"y1":2012,"sp":[[3,1,1,0,2012,2012]]}},{"type":"Feature","geometry":{"type":"Polygon","coordinates":[[[-150.4208,63.75172],[-150.4236,63.75039],[-150.42252,63.74878],[-150.41864,63.74849],[-150.41584,63.74982],[-150.41692,63.75143],[-150.4208,63.75172]]]},"properties":{"cell":"890c293990fffff","res":9,"coarsened":false,"count":1,"hv":1,"mp":0,"y0":2012,"y1":2012,"sp":[[3,1,1,0,2012,2012]]}},{"type":"Feature","geometry":{"type":"Polygon","coordinates":[[[-150.52055,63.98808],[-150.52337,63.98675],[-150.52227,63.98513],[-150.51835,63.98484],[-150.51553,63.98617],[-150.51663,63.98779],[-150.52055,63.98808]]]},"properties":{"cell":"890c2900b5bffff","res":9,"coarsened":false,"count":1,"hv":1,"mp":0,"y0":2012,"y1":2012,"sp":[[3,1,1,0,2012,2012]]}},{"type":"Feature","geometry":{"type":"Polygon","coordinates":[[[-150.41046,63.76938],[-150.41326,63.76805],[-150.41218,63.76643],[-150.4083,63.76614],[-150.4055,63.76747],[-150.40658,63.76909],[-150.41046,63.76938]]]},"properties":{"cell":"890c2939d77ffff","res":9,"coarsened":false,"count":1,"hv":1,"mp":0,"y0":2012,"y1":2012,"sp":[[3,1,1,0,2012,2012]]}},{"type":"Feature","geometry":{"type":"Polygon","coordinates":[[[-148.91739,63.73802],[-148.92025,63.73673],[-148.91928,63.73511],[-148.91545,63.73478],[-148.91258,63.73608],[-148.91355,63.7377],[-148.91739,63.73802]]]},"properties":{"cell":"890c74d4e4fffff","res":9,"coarsened":false,"count":52,"hv":52,"mp":0,"y0":2008,"y1":2026,"sp":[[2,10,10,0,2008,2025],[43,8,8,0,2016,2025],[36,5,5,0,2019,2026],[10,4,4,0,2009,2026],[67,4,4,0,2016,2026],[45,3,3,0,2016,2019],[44,3,3,0,2016,2019],[70,2,2,0,2009,2019],[54,2,2,0,2023,2026],[29,2,2,0,2024,2025],[4,1,1,0,2008,2008],[48,1,1,0,2016,2016],[76,1,1,0,2019,2019],[6,1,1,0,2019,2019],[59,1,1,0,2019,2019],[16,1,1,0,2022,2022],[75,1,1,0,2024,2024],[13,1,1,0,2024,2024],[28,1,1,0,2024,2024]]}},{"type":"Feature","geometry":{"type":"Polygon","coordinates":[[[-148.89526,63.72537],[-148.89812,63.72408],[-148.89715,63.72246],[-148.89332,63.72213],[-148.89046,63.72343],[-148.89143,63.72505],[-148.89526,63.72537]]]},"properties":{"cell":"890c74d4a87ffff","res":9,"coarsened":false,"count":2,"hv":2,"mp":0,"y0":2008,"y1":2023,"sp":[[9,1,1,0,2008,2008],[2,1,1,0,2023,2023]]}},{"type":"Feature","geometry":{"type":"Polygon","coordinates":[[[-148.89627,63.73315],[-148.89914,63.73185],[-148.89817,63.73023],[-148.89433,63.72991],[-148.89147,63.7312],[-148.89244,63.73282],[-148.89627,63.73315]]]},"properties":{"cell":"890c74d4e2bffff","res":9,"coarsened":false,"count":33,"hv":33,"mp":0,"y0":2008,"y1":2026,"sp":[[2,10,10,0,2008,2021],[36,5,5,0,2021,2026],[43,5,5,0,2016,2026],[10,5,5,0,2022,2026],[33,2,2,0,2021,2021],[6,1,1,0,2008,2008],[11,1,1,0,2021,2021],[4,1,1,0,2008,2008],[54,1,1,0,2008,2008],[46,1,1,0,2026,2026],[45,1,1,0,2026,2026]]}},{"type":"Feature","geometry":{"type":"Polygon","coordinates":[[[-148.89147,63.7312],[-148.89433,63.72991],[-148.89336,63.72829],[-148.88953,63.72796],[-148.88667,63.72925],[-148.88763,63.73087],[-148.89147,63.7312]]]},"properties":{"cell":"890c74d4e2fffff","res":9,"coarsened":false,"count":19,"hv":19,"mp":0,"y0":2008,"y1":2026,"sp":[[2,10,10,0,2016,2026],[43,3,3,0,2017,2026],[10,2,2,0,2008,2026],[36,2,2,0,2023,2024],[11,1,1,0,2024,2024],[26,1,1,0,2024,2024]]}},{"type":"Feature","geometry":{"type":"Polygon","coordinates":[[[-148.94315,63.72638],[-148.94602,63.72508],[-148.94504,63.72346],[-148.94121,63.72314],[-148.93835,63.72443],[-148.93932,63.72605],[-148.94315,63.72638]]]},"properties":{"cell":"890c74d5d2bffff","res":9,"coarsened":false,"count":15,"hv":15,"mp":0,"y0":2006,"y1":2025,"sp":[[2,7,7,0,2008,2019],[11,2,2,0,2008,2025],[10,1,1,0,2018,2018],[43,1,1,0,2006,2006],[6,1,1,0,2006,2006],[36,1,1,0,2022,2022],[26,1,1,0,2024,2024],[16,1,1,0,2024,2024]]}},{"type":"Feature","geometry":{"type":"Polygon","coordinates":[[[-149.2122,63.71362],[-149.21505,63.71232],[-149.21406,63.7107],[-149.21022,63.71039],[-149.20737,63.71169],[-149.20836,63.7133],[-149.2122,63.71362]]]},"properties":{"cell":"890c74c0103ffff","res":9,"coarsened":false,"count":7,"hv":7,"mp":0,"y0":2008,"y1":2025,"sp":[[2,3,3,0,2021,2025],[12,1,1,0,2008,2008],[11,1,1,0,2022,2022],[1,1,1,0,2022,2022],[31,1,1,0,2024,2024]]}},{"type":"Feature","geometry":{"type":"Polygon","coordinates":[[[-150.70218,63.32539],[-150.70492,63.32406],[-150.70384,63.32246],[-150.70002,63.32218],[-150.69728,63.32351],[-150.69836,63.32512],[-150.70218,63.32539]]]},"properties":{"cell":"890c7681b93ffff","res":9,"coarsened":false,"count":1,"hv":1,"mp":0,"y0":2008,"y1":2008,"sp":[[7,1,1,0,2008,2008]]}},{"type":"Feature","geometry":{"type":"Polygon","coordinates":[[[-150.50066,63.33361],[-150.50341,63.33229],[-150.50235,63.33068],[-150.49853,63.3304],[-150.49578,63.33172],[-150.49685,63.33333],[-150.50066,63.33361]]]},"properties":{"cell":"890c768721bffff","res":9,"coarsened":false,"count":23,"hv":23,"mp":0,"y0":1993,"y1":2013,"sp":[[1,2,2,0,2002,2013],[10,2,2,0,2008,2013],[11,2,2,0,2002,2008],[6,2,2,0,1993,2008],[13,1,1,0,2008,2008],[14,1,1,0,2008,2008],[2,1,1,0,2013,2013],[12,1,1,0,2013,2013],[7,1,1,0,2013,2013],[17,1,1,0,2013,2013],[18,1,1,0,2013,2013],[19,1,1,0,2013,2013],[20,1,1,0,2013,2013],[21,1,1,0,2013,2013],[22,1,1,0,2013,2013],[23,1,1,0,2013,2013],[24,1,1,0,2013,2013],[25,1,1,0,2013,2013],[4,1,1,0,2008,2008]]}},{"type":"Feature","geometry":{"type":"Polygon","coordinates":[[[-148.85656,63.65445],[-148.85942,63.65316],[-148.85845,63.65154],[-148.85463,63.65121],[-148.85177,63.6525],[-148.85274,63.65412],[-148.85656,63.65445]]]},"properties":{"cell":"890c74c6cbbffff","res":9,"coarsened":false,"count":8,"hv":8,"mp":0,"y0":2013,"y1":2026,"sp":[[15,3,3,0,2013,2021],[26,2,2,0,2023,2026],[11,1,1,0,2014,2014],[36,1,1,0,2021,2021],[93,1,1,0,2023,2023]]}},{"type":"Feature","geometry":{"type":"Polygon","coordinates":[[[-148.8786,63.66709],[-148.88146,63.6658],[-148.88049,63.66418],[-148.87667,63.66385],[-148.87381,63.66514],[-148.87478,63.66676],[-148.8786,63.66709]]]},"properties":{"cell":"890c74c61b7ffff","res":9,"coarsened":false,"count":4,"hv":4,"mp":0,"y0":2013,"y1":2023,"sp":[[16,3,3,0,2013,2023],[36,1,1,0,2023,2023]]}},{"type":"Feature","geometry":{"type":"Polygon","coordinates":[[[-148.9404,63.73998],[-148.94327,63.73869],[-148.94229,63.73707],[-148.93846,63.73674],[-148.93559,63.73803],[-148.93657,63.73965],[-148.9404,63.73998]]]},"properties":{"cell":"890c74d5d8bffff","res":9,"coarsened":false,"count":1,"hv":1,"mp":0,"y0":2013,"y1":2013,"sp":[[9,1,1,0,2013,2013]]}},{"type":"Feature","geometry":{"type":"Polygon","coordinates":[[[-149.00822,63.71959],[-149.01107,63.7183],[-149.0101,63.71668],[-149.00626,63.71635],[-149.0034,63.71765],[-149.00438,63.71927],[-149.00822,63.71959]]]},"properties":{"cell":"890c74d586bffff","res":9,"coarsened":false,"count":1,"hv":1,"mp":0,"y0":2013,"y1":2013,"sp":[[2,1,1,0,2013,2013]]}},{"type":"Feature","geometry":{"type":"Polygon","coordinates":[[[-149.27694,63.73588],[-149.27979,63.73458],[-149.27879,63.73296],[-149.27495,63.73264],[-149.2721,63.73395],[-149.27309,63.73556],[-149.27694,63.73588]]]},"properties":{"cell":"890c74c063bffff","res":9,"coarsened":false,"count":3,"hv":3,"mp":0,"y0":2013,"y1":2025,"sp":[[11,2,2,0,2013,2024],[1,1,1,0,2025,2025]]}},{"type":"Feature","geometry":{"type":"Polygon","coordinates":[[[-149.63898,63.66085],[-149.70539,63.64466],[-149.71079,63.61288],[-149.64994,63.5973],[-149.58364,63.61346],[-149.57808,63.64523],[-149.63898,63.66085]]]},"properties":{"cell":"860c74c9fffffff","res":6,"coarsened":true,"count":2,"hv":2,"mp":0,"y0":2013,"y1":2016,"sp":[[0,2,2,0,2013,2016]]}},{"type":"Feature","geometry":{"type":"Polygon","coordinates":[[[-150.44437,63.36916],[-150.50965,63.35259],[-150.51395,63.32085],[-150.45313,63.30568],[-150.38795,63.32222],[-150.38349,63.35395],[-150.44437,63.36916]]]},"properties":{"cell":"860c76877ffffff","res":6,"coarsened":true,"count":5,"hv":5,"mp":0,"y0":2002,"y1":2015,"sp":[[0,5,5,0,2002,2015]]}},{"type":"Feature","geometry":{"type":"Polygon","coordinates":[[[-150.13781,63.48372],[-150.14059,63.48241],[-150.13954,63.4808],[-150.13571,63.4805],[-150.13293,63.48182],[-150.13398,63.48343],[-150.13781,63.48372]]]},"properties":{"cell":"890c745904bffff","res":9,"coarsened":false,"count":3,"hv":3,"mp":0,"y0":2002,"y1":2019,"sp":[[1,3,3,0,2002,2019]]}},{"type":"Feature","geometry":{"type":"Polygon","coordinates":[[[-150.30444,63.46573],[-150.37004,63.44922],[-150.37453,63.41745],[-150.31359,63.4022],[-150.24809,63.41867],[-150.24343,63.45043],[-150.30444,63.46573]]]},"properties":{"cell":"860c76947ffffff","res":6,"coarsened":true,"count":51,"hv":51,"mp":0,"y0":1974,"y1":2024,"sp":[[0,50,50,0,1974,2024],[173,1,1,0,null,null]]}},{"type":"Feature","geometry":{"type":"Polygon","coordinates":[[[-150.7803,63.45166],[-150.78305,63.45033],[-150.78196,63.44872],[-150.77812,63.44845],[-150.77537,63.44978],[-150.77646,63.45138],[-150.7803,63.45166]]]},"properties":{"cell":"890c7698cb7ffff","res":9,"coarsened":false,"count":2,"hv":2,"mp":0,"y0":2011,"y1":2025,"sp":[[2,1,1,0,2011,2011],[15,1,1,0,2025,2025]]}},{"type":"Feature","geometry":{"type":"Polygon","coordinates":[[[-150.24554,63.45365],[-150.24832,63.45233],[-150.24726,63.45072],[-150.24343,63.45043],[-150.24066,63.45175],[-150.24171,63.45336],[-150.24554,63.45365]]]},"properties":{"cell":"890c769632fffff","res":9,"coarsened":false,"count":8,"hv":8,"mp":0,"y0":2011,"y1":2025,"sp":[[5,2,2,0,2011,2021],[1,2,2,0,2019,2021],[2,1,1,0,2013,2013],[33,1,1,0,2025,2025],[71,1,1,0,2025,2025],[11,1,1,0,2019,2019]]}},{"type":"Feature","geometry":{"type":"Polygon","coordinates":[[[-149.84121,63.53734],[-149.84401,63.53603],[-149.84298,63.53441],[-149.83915,63.53411],[-149.83635,63.53543],[-149.83738,63.53704],[-149.84121,63.53734]]]},"properties":{"cell":"890c74512d3ffff","res":9,"coarsened":false,"count":2,"hv":2,"mp":0,"y0":2011,"y1":2021,"sp":[[7,1,1,0,2011,2011],[1,1,1,0,2021,2021]]}},{"type":"Feature","geometry":{"type":"Polygon","coordinates":[[[-149.40223,63.72004],[-149.40507,63.71874],[-149.40406,63.71712],[-149.40022,63.7168],[-149.39738,63.71811],[-149.39838,63.71973],[-149.40223,63.72004]]]},"properties":{"cell":"890c74c12a3ffff","res":9,"coarsened":false,"count":12,"hv":12,"mp":0,"y0":2009,"y1":2026,"sp":[[1,5,5,0,2009,2026],[11,3,3,0,2014,2025],[2,2,2,0,2017,2021],[4,1,1,0,2023,2023],[7,1,1,0,2026,2026]]}},{"type":"Feature","geometry":{"type":"Polygon","coordinates":[[[-149.38885,63.72202],[-149.39169,63.72072],[-149.39069,63.7191],[-149.38684,63.71878],[-149.384,63.72009],[-149.385,63.72171],[-149.38885,63.72202]]]},"properties":{"cell":"890c74c107bffff","res":9,"coarsened":false,"count":10,"hv":10,"mp":0,"y0":2011,"y1":2026,"sp":[[1,5,5,0,2011,2026],[11,4,4,0,2023,2026],[7,1,1,0,2017,2017]]}},{"type":"Feature","geometry":{"type":"Polygon","coordinates":[[[-149.62828,63.58024],[-149.63109,63.57893],[-149.63008,63.57732],[-149.62625,63.57701],[-149.62343,63.57832],[-149.62445,63.57993],[-149.62828,63.58024]]]},"properties":{"cell":"890c745228fffff","res":9,"coarsened":false,"count":12,"hv":12,"mp":0,"y0":2011,"y1":2026,"sp":[[7,4,4,0,2011,2024],[4,3,3,0,2023,2026],[1,2,2,0,2022,2023],[2,1,1,0,2016,2016],[31,1,1,0,2024,2024],[11,1,1,0,2026,2026]]}},{"type":"Feature","geometry":{"type":"Polygon","coordinates":[[[-150.81488,63.45413],[-150.81763,63.45279],[-150.81654,63.45119],[-150.81269,63.45091],[-150.80994,63.45225],[-150.81104,63.45385],[-150.81488,63.45413]]]},"properties":{"cell":"890c7698ccfffff","res":9,"coarsened":false,"count":2,"hv":2,"mp":0,"y0":2011,"y1":2016,"sp":[[26,1,1,0,2011,2011],[40,1,1,0,2016,2016]]}},{"type":"Feature","geometry":{"type":"Polygon","coordinates":[[[-149.85624,63.53239],[-149.85904,63.53108],[-149.85801,63.52947],[-149.85418,63.52917],[-149.85138,63.53048],[-149.85241,63.53209],[-149.85624,63.53239]]]},"properties":{"cell":"890c745a527ffff","res":9,"coarsened":false,"count":9,"hv":9,"mp":0,"y0":2011,"y1":2019,"sp":[[5,4,4,0,2011,2019],[7,2,2,0,2015,2016],[2,1,1,0,2016,2016],[1,1,1,0,2018,2018],[4,1,1,0,2011,2011]]}},{"type":"Feature","geometry":{"type":"Polygon","coordinates":[[[-149.88762,63.53025],[-149.89042,63.52893],[-149.88938,63.52732],[-149.88555,63.52702],[-149.88276,63.52834],[-149.88379,63.52995],[-149.88762,63.53025]]]},"properties":{"cell":"890c745a1d3ffff","res":9,"coarsened":false,"count":6,"hv":6,"mp":0,"y0":2011,"y1":2021,"sp":[[1,3,3,0,2016,2021],[11,1,1,0,2011,2011],[4,1,1,0,2021,2021],[2,1,1,0,2021,2021]]}},{"type":"Feature","geometry":{"type":"Polygon","coordinates":[[[-150.64701,63.44359],[-150.64976,63.44226],[-150.64868,63.44065],[-150.64484,63.44038],[-150.64209,63.44171],[-150.64317,63.44331],[-150.64701,63.44359]]]},"properties":{"cell":"890c76835c7ffff","res":9,"coarsened":false,"count":16,"hv":16,"mp":0,"y0":2011,"y1":2026,"sp":[[103,2,2,0,2025,2026],[20,1,1,0,2011,2011],[19,1,1,0,2026,2026],[69,1,1,0,2026,2026],[84,1,1,0,2026,2026],[78,1,1,0,2026,2026],[21,1,1,0,2026,2026],[5,1,1,0,2026,2026],[1,1,1,0,2026,2026],[11,1,1,0,2026,2026],[130,1,1,0,2026,2026],[57,1,1,0,2026,2026],[129,1,1,0,2026,2026],[71,1,1,0,2026,2026],[65,1,1,0,2026,2026]]}},{"type":"Feature","geometry":{"type":"Polygon","coordinates":[[[-150.65193,63.44548],[-150.65468,63.44415],[-150.6536,63.44254],[-150.64976,63.44226],[-150.64701,63.44359],[-150.64809,63.4452],[-150.65193,63.44548]]]},"properties":{"cell":"890c76835c3ffff","res":9,"coarsened":false,"count":4,"hv":4,"mp":0,"y0":2011,"y1":2019,"sp":[[27,1,1,0,2011,2011],[35,1,1,0,2019,2019],[34,1,1,0,2019,2019],[61,1,1,0,2019,2019]]}},{"type":"Feature","geometry":{"type":"Polygon","coordinates":[[[-149.56691,63.7088],[-149.63348,63.69264],[-149.63898,63.66085],[-149.57808,63.64523],[-149.51162,63.66136],[-149.50595,63.69314],[-149.56691,63.7088]]]},"properties":{"cell":"860c74c87ffffff","res":6,"coarsened":true,"count":31,"hv":31,"mp":0,"y0":1974,"y1":2026,"sp":[[0,31,31,0,1974,2026]]}},{"type":"Feature","geometry":{"type":"Polygon","coordinates":[[[-150.43343,63.42947],[-150.4362,63.42815],[-150.43513,63.42654],[-150.4313,63.42625],[-150.42854,63.42758],[-150.4296,63.42919],[-150.43343,63.42947]]]},"properties":{"cell":"890c769503bffff","res":9,"coarsened":false,"count":1,"hv":1,"mp":0,"y0":2011,"y1":2011,"sp":[[22,1,1,0,2011,2011]]}},{"type":"Feature","geometry":{"type":"Polygon","coordinates":[[[-150.31179,63.43264],[-150.31456,63.43131],[-150.3135,63.42971],[-150.30967,63.42942],[-150.3069,63.43074],[-150.30796,63.43235],[-150.31179,63.43264]]]},"properties":{"cell":"890c769400fffff","res":9,"coarsened":false,"count":101,"hv":101,"mp":0,"y0":1978,"y1":2025,"sp":[[4,63,63,0,1998,2025],[31,6,6,0,1978,2012],[6,5,5,0,2012,2020],[14,4,4,0,2016,2017],[8,4,4,0,2019,2024],[1,4,4,0,1994,2021],[12,3,3,0,2019,2025],[11,3,3,0,2000,2019],[7,2,2,0,2004,2013],[32,1,1,0,2012,2012],[33,1,1,0,2012,2012],[34,1,1,0,2004,2004],[58,1,1,0,2019,2019],[97,1,1,0,2019,2019],[71,1,1,0,2019,2019],[16,1,1,0,2025,2025]]}},{"type":"Feature","geometry":{"type":"Polygon","coordinates":[[[-150.26218,63.44573],[-150.26495,63.44441],[-150.2639,63.4428],[-150.26007,63.44251],[-150.2573,63.44383],[-150.25835,63.44544],[-150.26218,63.44573]]]},"properties":{"cell":"890c7694513ffff","res":9,"coarsened":false,"count":2,"hv":2,"mp":0,"y0":2012,"y1":2025,"sp":[[1,1,1,0,2012,2012],[11,1,1,0,2025,2025]]}},{"type":"Feature","geometry":{"type":"Polygon","coordinates":[[[-150.45471,63.4341],[-150.45748,63.43278],[-150.45641,63.43117],[-150.45258,63.43089],[-150.44982,63.43221],[-150.45088,63.43382],[-150.45471,63.4341]]]},"properties":{"cell":"890c7695043ffff","res":9,"coarsened":false,"count":4,"hv":4,"mp":0,"y0":2005,"y1":2019,"sp":[[2,1,1,0,2012,2012],[35,1,1,0,2019,2019],[99,1,1,0,2011,2011],[1,1,1,0,2005,2005]]}},{"type":"Feature","geometry":{"type":"Polygon","coordinates":[[[-150.23894,63.45468],[-150.24171,63.45336],[-150.24066,63.45175],[-150.23683,63.45146],[-150.23406,63.45278],[-150.23511,63.45439],[-150.23894,63.45468]]]},"properties":{"cell":"890c7696327ffff","res":9,"coarsened":false,"count":4,"hv":4,"mp":0,"y0":2012,"y1":2019,"sp":[[5,1,1,0,2012,2012],[1,1,1,0,2019,2019],[31,1,1,0,2019,2019],[4,1,1,0,2019,2019]]}},{"type":"Feature","geometry":{"type":"Polygon","coordinates":[[[-150.1072,63.51506],[-150.17302,63.49864],[-150.17778,63.46688],[-150.11688,63.45153],[-150.05117,63.46791],[-150.04625,63.49967],[-150.1072,63.51506]]]},"properties":{"cell":"860c74597ffffff","res":6,"coarsened":true,"count":50,"hv":50,"mp":0,"y0":1980,"y1":2025,"sp":[[0,50,50,0,1980,2025]]}},{"type":"Feature","geometry":{"type":"Polygon","coordinates":[[[-149.94063,63.52212],[-149.94343,63.52081],[-149.94239,63.5192],[-149.93856,63.5189],[-149.93577,63.52022],[-149.9368,63.52183],[-149.94063,63.52212]]]},"properties":{"cell":"890c745a3dbffff","res":9,"coarsened":false,"count":3,"hv":3,"mp":0,"y0":2010,"y1":2019,"sp":[[11,2,2,0,2012,2019],[7,1,1,0,2010,2010]]}},{"type":"Feature","geometry":{"type":"Polygon","coordinates":[[[-149.63367,63.57147],[-149.63649,63.57017],[-149.63547,63.56855],[-149.63164,63.56825],[-149.62883,63.56955],[-149.62984,63.57117],[-149.63367,63.57147]]]},"properties":{"cell":"890c745223bffff","res":9,"coarsened":false,"count":4,"hv":4,"mp":0,"y0":2012,"y1":2023,"sp":[[26,1,1,0,2012,2012],[28,1,1,0,2012,2012],[4,1,1,0,2022,2022],[7,1,1,0,2023,2023]]}},{"type":"Feature","geometry":{"type":"Polygon","coordinates":[[[-149.61859,63.5764],[-149.6214,63.57509],[-149.62039,63.57348],[-149.61656,63.57317],[-149.61374,63.57448],[-149.61476,63.57609],[-149.61859,63.5764]]]},"properties":{"cell":"890c74522a3ffff","res":9,"coarsened":false,"count":2,"hv":2,"mp":0,"y0":2012,"y1":2026,"sp":[[13,1,1,0,2012,2012],[4,1,1,0,2026,2026]]}},{"type":"Feature","geometry":{"type":"Polygon","coordinates":[[[-149.58545,63.61054],[-149.58827,63.60923],[-149.58725,63.60762],[-149.58342,63.60731],[-149.5806,63.60862],[-149.58161,63.61023],[-149.58545,63.61054]]]},"properties":{"cell":"890c74524c3ffff","res":9,"coarsened":false,"count":17,"hv":17,"mp":0,"y0":1967,"y1":2026,"sp":[[4,3,3,0,1967,2010],[7,3,3,0,2025,2026],[8,3,3,0,2026,2026],[29,1,1,0,2012,2012],[30,1,1,0,2012,2012],[44,1,1,0,2010,2010],[10,1,1,0,2010,2010],[16,1,1,0,2015,2015],[47,1,1,0,2015,2015],[13,1,1,0,2025,2025],[2,1,1,0,2025,2025]]}},{"type":"Feature","geometry":{"type":"Polygon","coordinates":[[[-148.89918,63.73801],[-148.90205,63.73672],[-148.90108,63.7351],[-148.89724,63.73477],[-148.89438,63.73606],[-148.89535,63.73768],[-148.89918,63.73801]]]},"properties":{"cell":"890c74d4e0fffff","res":9,"coarsened":false,"count":52,"hv":52,"mp":0,"y0":2001,"y1":2026,"sp":[[2,14,14,0,2016,2026],[36,9,9,0,2005,2026],[43,8,8,0,2017,2026],[11,4,4,0,2001,2026],[13,4,4,0,2016,2022],[78,2,2,0,2019,2023],[29,2,2,0,2024,2025],[4,1,1,0,2024,2024],[1,1,1,0,2024,2024],[7,1,1,0,2024,2024],[26,1,1,0,2025,2025],[70,1,1,0,2025,2025],[31,1,1,0,2026,2026],[8,1,1,0,2026,2026],[10,1,1,0,2026,2026],[19,1,1,0,2026,2026]]}},{"type":"Feature","geometry":{"type":"Polygon","coordinates":[[[-149.29147,63.74169],[-149.29432,63.74039],[-149.29332,63.73877],[-149.28948,63.73845],[-149.28663,63.73975],[-149.28763,63.74137],[-149.29147,63.74169]]]},"properties":{"cell":"890c74c0657ffff","res":9,"coarsened":false,"count":406,"hv":406,"mp":0,"y0":1990,"y1":2026,"sp":[[11,120,120,0,2003,2026],[31,87,87,0,2008,2026],[4,55,55,0,2009,2026],[14,43,43,0,2005,2026],[3,34,34,0,1990,2026],[6,20,20,0,2004,2026],[1,6,6,0,2012,2026],[59,5,5,0,2017,2025],[10,5,5,0,2017,2026],[7,4,4,0,2017,2026],[29,4,4,0,2017,2024],[58,3,3,0,2017,2019],[41,3,3,0,2024,2025],[2,3,3,0,2026,2026],[8,2,2,0,2003,2008],[64,2,2,0,2023,2023],[47,2,2,0,2025,2025],[12,2,2,0,2025,2026],[81,1,1,0,2004,2004],[16,1,1,0,2022,2022],[51,1,1,0,2022,2022],[84,1,1,0,2026,2026],[66,1,1,0,2007,2007],[76,1,1,0,2007,2007]]}},{"type":"Feature","geometry":{"type":"Polygon","coordinates":[[[-149.09498,63.75457],[-149.09784,63.75327],[-149.09686,63.75165],[-149.09301,63.75133],[-149.09015,63.75262],[-149.09114,63.75424],[-149.09498,63.75457]]]},"properties":{"cell":"890c74c2c83ffff","res":9,"coarsened":false,"count":1,"hv":1,"mp":0,"y0":2014,"y1":2014,"sp":[[34,1,1,0,2014,2014]]}},{"type":"Feature","geometry":{"type":"Polygon","coordinates":[[[-148.91447,63.73316],[-148.91734,63.73187],[-148.91637,63.73025],[-148.91253,63.72992],[-148.90967,63.73121],[-148.91064,63.73284],[-148.91447,63.73316]]]},"properties":{"cell":"890c74d4e6bffff","res":9,"coarsened":false,"count":106,"hv":106,"mp":0,"y0":1999,"y1":2026,"sp":[[43,25,25,0,2017,2026],[36,25,25,0,2021,2026],[6,11,11,0,2014,2026],[29,11,11,0,2019,2026],[2,9,9,0,2013,2025],[14,6,6,0,2019,2025],[13,3,3,0,2018,2025],[31,3,3,0,1999,2022],[19,2,2,0,2020,2020],[54,2,2,0,2021,2024],[10,2,2,0,2025,2026],[44,1,1,0,2018,2018],[58,1,1,0,2019,2019],[67,1,1,0,2019,2019],[91,1,1,0,2019,2019],[107,1,1,0,2021,2021],[70,1,1,0,2024,2024],[163,1,1,0,null,null]]}},{"type":"Feature","geometry":{"type":"Polygon","coordinates":[[[-148.89336,63.72829],[-148.89623,63.72699],[-148.89526,63.72537],[-148.89143,63.72505],[-148.88856,63.72634],[-148.88953,63.72796],[-148.89336,63.72829]]]},"properties":{"cell":"890c74d4a97ffff","res":9,"coarsened":false,"count":4,"hv":4,"mp":0,"y0":2014,"y1":2026,"sp":[[35,1,1,0,2014,2014],[2,1,1,0,2025,2025],[70,1,1,0,2026,2026],[43,1,1,0,2024,2024]]}},{"type":"Feature","geometry":{"type":"Polygon","coordinates":[[[-149.43639,63.67522],[-149.43923,63.67391],[-149.43822,63.6723],[-149.43438,63.67198],[-149.43155,63.67329],[-149.43255,63.67491],[-149.43639,63.67522]]]},"properties":{"cell":"890c74ca833ffff","res":9,"coarsened":false,"count":2,"hv":2,"mp":0,"y0":2014,"y1":2023,"sp":[[31,1,1,0,2014,2014],[12,1,1,0,2023,2023]]}},{"type":"Feature","geometry":{"type":"Polygon","coordinates":[[[-149.29447,63.74655],[-149.29732,63.74524],[-149.29632,63.74363],[-149.29247,63.74331],[-149.28962,63.74461],[-149.29062,63.74623],[-149.29447,63.74655]]]},"properties":{"cell":"890c74c06cbffff","res":9,"coarsened":false,"count":75,"hv":75,"mp":0,"y0":2005,"y1":2026,"sp":[[4,29,29,0,2005,2026],[11,13,13,0,2019,2026],[6,8,8,0,2022,2026],[14,3,3,0,2014,2026],[1,3,3,0,2011,2021],[31,3,3,0,2019,2022],[8,3,3,0,2006,2026],[64,2,2,0,2020,2023],[59,2,2,0,2022,2024],[55,2,2,0,2024,2025],[84,1,1,0,2019,2019],[32,1,1,0,2022,2022],[41,1,1,0,2022,2022],[7,1,1,0,2025,2025],[45,1,1,0,2025,2025],[5,1,1,0,2025,2025],[156,1,1,0,2023,2023]]}},{"type":"Feature","geometry":{"type":"Polygon","coordinates":[[[-149.15758,63.71369],[-149.16043,63.71239],[-149.15944,63.71077],[-149.15561,63.71045],[-149.15275,63.71175],[-149.15374,63.71337],[-149.15758,63.71369]]]},"properties":{"cell":"890c74c2a23ffff","res":9,"coarsened":false,"count":10,"hv":10,"mp":0,"y0":2013,"y1":2025,"sp":[[2,5,5,0,2014,2025],[1,2,2,0,2013,2016],[7,1,1,0,2018,2018],[43,1,1,0,2021,2021],[11,1,1,0,2022,2022]]}},{"type":"Feature","geometry":{"type":"Polygon","coordinates":[[[-149.4795,63.64495],[-149.48233,63.64365],[-149.48132,63.64203],[-149.47749,63.64172],[-149.47466,63.64302],[-149.47566,63.64464],[-149.4795,63.64495]]]},"properties":{"cell":"890c74c8dc3ffff","res":9,"coarsened":false,"count":5,"hv":5,"mp":0,"y0":2014,"y1":2014,"sp":[[1,4,4,0,2014,2014],[7,1,1,0,2014,2014]]}},{"type":"Feature","geometry":{"type":"Polygon","coordinates":[[[-149.51162,63.66136],[-149.57808,63.64523],[-149.58364,63.61346],[-149.5229,63.59784],[-149.45655,63.61394],[-149.45082,63.64569],[-149.51162,63.66136]]]},"properties":{"cell":"860c74c8fffffff","res":6,"coarsened":true,"count":27,"hv":27,"mp":0,"y0":1981,"y1":2026,"sp":[[0,27,27,0,1981,2026]]}},{"type":"Feature","geometry":{"type":"Polygon","coordinates":[[[-149.25644,63.72036],[-149.25929,63.71906],[-149.2583,63.71744],[-149.25445,63.71712],[-149.25161,63.71842],[-149.2526,63.72004],[-149.25644,63.72036]]]},"properties":{"cell":"890c74c0063ffff","res":9,"coarsened":false,"count":21,"hv":21,"mp":0,"y0":1969,"y1":2026,"sp":[[10,5,5,0,2008,2026],[43,4,4,0,1969,2025],[26,2,2,0,2018,2025],[2,2,2,0,2018,2022],[11,2,2,0,2025,2025],[36,1,1,0,2014,2014],[4,1,1,0,2012,2012],[1,1,1,0,2012,2012],[45,1,1,0,2024,2024],[14,1,1,0,2026,2026],[16,1,1,0,2026,2026]]}},{"type":"Feature","geometry":{"type":"Polygon","coordinates":[[[-149.11635,63.71178],[-149.1192,63.71048],[-149.11822,63.70886],[-149.11438,63.70854],[-149.11153,63.70984],[-149.11251,63.71146],[-149.11635,63.71178]]]},"properties":{"cell":"890c74c2b87ffff","res":9,"coarsened":false,"count":15,"hv":15,"mp":0,"y0":2010,"y1":2026,"sp":[[2,8,8,0,2014,2025],[1,3,3,0,2010,2025],[16,2,2,0,2022,2026],[11,1,1,0,2023,2023],[58,1,1,0,2021,2021]]}},{"type":"Feature","geometry":{"type":"Polygon","coordinates":[[[-149.71079,63.61288],[-149.77704,63.59665],[-149.78233,63.56488],[-149.72154,63.54935],[-149.6554,63.56554],[-149.64994,63.5973],[-149.71079,63.61288]]]},"properties":{"cell":"860c74537ffffff","res":6,"coarsened":true,"count":13,"hv":13,"mp":0,"y0":2011,"y1":2026,"sp":[[0,13,13,0,2011,2026]]}},{"type":"Feature","geometry":{"type":"Polygon","coordinates":[[[-149.58527,63.55227],[-149.58808,63.55096],[-149.58707,63.54935],[-149.58324,63.54904],[-149.58043,63.55035],[-149.58144,63.55196],[-149.58527,63.55227]]]},"properties":{"cell":"890c7452e53ffff","res":9,"coarsened":false,"count":1,"hv":1,"mp":0,"y0":2014,"y1":2014,"sp":[[2,1,1,0,2014,2014]]}},{"type":"Feature","geometry":{"type":"Polygon","coordinates":[[[-149.81182,63.45695],[-149.81461,63.45564],[-149.81359,63.45403],[-149.80977,63.45373],[-149.80698,63.45504],[-149.808,63.45665],[-149.81182,63.45695]]]},"properties":{"cell":"890c744344fffff","res":9,"coarsened":false,"count":1,"hv":1,"mp":0,"y0":2014,"y1":2014,"sp":[[1,1,1,0,2014,2014]]}},{"type":"Feature","geometry":{"type":"Polygon","coordinates":[[[-149.84115,63.57717],[-149.84396,63.57586],[-149.84293,63.57424],[-149.83909,63.57394],[-149.83628,63.57525],[-149.83731,63.57687],[-149.84115,63.57717]]]},"properties":{"cell":"890c292483bffff","res":9,"coarsened":false,"count":1,"hv":1,"mp":0,"y0":2014,"y1":2014,"sp":[[37,1,1,0,2014,2014]]}},{"type":"Feature","geometry":{"type":"Polygon","coordinates":[[[-150.88739,63.49597],[-150.89014,63.49463],[-150.88904,63.49303],[-150.88519,63.49275],[-150.88244,63.49409],[-150.88354,63.49569],[-150.88739,63.49597]]]},"properties":{"cell":"890c769844bffff","res":9,"coarsened":false,"count":13,"hv":13,"mp":0,"y0":1974,"y1":2025,"sp":[[15,2,2,0,2007,2025],[93,2,2,0,2019,2019],[38,1,1,0,2014,2014],[2,1,1,0,2016,2016],[85,1,1,0,2019,2019],[94,1,1,0,2019,2019],[95,1,1,0,2019,2019],[23,1,1,0,2019,2019],[61,1,1,0,1980,1980],[4,1,1,0,1974,1974],[40,1,1,0,2021,2021]]}},{"type":"Feature","geometry":{"type":"Polygon","coordinates":[[[-150.90557,63.51713],[-150.90832,63.5158],[-150.90722,63.51419],[-150.90337,63.51392],[-150.90061,63.51525],[-150.90172,63.51686],[-150.90557,63.51713]]]},"properties":{"cell":"890c769b1c3ffff","res":9,"coarsened":false,"count":2,"hv":2,"mp":0,"y0":2012,"y1":2014,"sp":[[39,1,1,0,2014,2014],[2,1,1,0,2012,2012]]}},{"type":"Feature","geometry":{"type":"Polygon","coordinates":[[[-150.89896,63.50749],[-150.90171,63.50615],[-150.9006,63.50455],[-150.89675,63.50427],[-150.894,63.50561],[-150.8951,63.50722],[-150.89896,63.50749]]]},"properties":{"cell":"890c769b10fffff","res":9,"coarsened":false,"count":1,"hv":1,"mp":0,"y0":2014,"y1":2014,"sp":[[40,1,1,0,2014,2014]]}},{"type":"Feature","geometry":{"type":"Polygon","coordinates":[[[-150.42854,63.42758],[-150.4313,63.42625],[-150.43024,63.42465],[-150.42641,63.42436],[-150.42364,63.42569],[-150.42471,63.42729],[-150.42854,63.42758]]]},"properties":{"cell":"890c7695023ffff","res":9,"coarsened":false,"count":6,"hv":6,"mp":0,"y0":2014,"y1":2021,"sp":[[4,2,2,0,2016,2021],[33,1,1,0,2014,2014],[85,1,1,0,2019,2019],[11,1,1,0,2019,2019],[1,1,1,0,2019,2019]]}},{"type":"Feature","geometry":{"type":"Polygon","coordinates":[[[-150.292,63.43574],[-150.29477,63.43442],[-150.29372,63.43281],[-150.28989,63.43252],[-150.28712,63.43384],[-150.28818,63.43545],[-150.292,63.43574]]]},"properties":{"cell":"890c76940a3ffff","res":9,"coarsened":false,"count":4,"hv":4,"mp":0,"y0":2012,"y1":2014,"sp":[[12,1,1,0,2014,2014],[41,1,1,0,2014,2014],[14,1,1,0,2014,2014],[1,1,1,0,2012,2012]]}},{"type":"Feature","geometry":{"type":"Polygon","coordinates":[[[-148.86324,63.65348],[-148.86609,63.65219],[-148.86513,63.65057],[-148.86131,63.65025],[-148.85845,63.65154],[-148.85942,63.65316],[-148.86324,63.65348]]]},"properties":{"cell":"890c74c6c17ffff","res":9,"coarsened":false,"count":6,"hv":6,"mp":0,"y0":2014,"y1":2019,"sp":[[27,2,2,0,2019,2019],[42,1,1,0,2014,2014],[77,1,1,0,2019,2019],[79,1,1,0,2019,2019],[35,1,1,0,2019,2019]]}},{"type":"Feature","geometry":{"type":"Polygon","coordinates":[[[-149.58082,63.26738],[-149.5836,63.26608],[-149.5826,63.26447],[-149.57882,63.26417],[-149.57604,63.26547],[-149.57704,63.26708],[-149.58082,63.26738]]]},"properties":{"cell":"890c7445c73ffff","res":9,"coarsened":false,"count":1,"hv":1,"mp":0,"y0":2014,"y1":2014,"sp":[[1,1,1,0,2014,2014]]}},{"type":"Feature","geometry":{"type":"Polygon","coordinates":[[[-149.36677,63.75709],[-149.43355,63.74103],[-149.43932,63.70924],[-149.37848,63.69353],[-149.3118,63.70956],[-149.30586,63.74134],[-149.36677,63.75709]]]},"properties":{"cell":"860c74c17ffffff","res":6,"coarsened":true,"count":39,"hv":39,"mp":0,"y0":2005,"y1":2026,"sp":[[0,39,39,0,2005,2026]]}},{"type":"Feature","geometry":{"type":"Polygon","coordinates":[[[-149.24194,63.71455],[-149.24478,63.71325],[-149.24379,63.71163],[-149.23995,63.71131],[-149.2371,63.71261],[-149.23809,63.71423],[-149.24194,63.71455]]]},"properties":{"cell":"890c74c0397ffff","res":9,"coarsened":false,"count":7,"hv":7,"mp":0,"y0":2009,"y1":2024,"sp":[[1,3,3,0,2023,2024],[2,2,2,0,2014,2023],[5,1,1,0,2009,2009],[10,1,1,0,2021,2021]]}},{"type":"Feature","geometry":{"type":"Polygon","coordinates":[[[-149.41495,63.72876],[-149.41779,63.72745],[-149.41679,63.72584],[-149.41294,63.72552],[-149.4101,63.72683],[-149.4111,63.72845],[-149.41495,63.72876]]]},"properties":{"cell":"890c74c129bffff","res":9,"coarsened":false,"count":9,"hv":9,"mp":0,"y0":2014,"y1":2025,"sp":[[11,4,4,0,2021,2025],[5,2,2,0,2014,2025],[1,2,2,0,2014,2021],[29,1,1,0,2014,2014]]}},{"type":"Feature","geometry":{"type":"Polygon","coordinates":[[[-149.43804,63.73064],[-149.44089,63.72933],[-149.43988,63.72772],[-149.43603,63.7274],[-149.43319,63.72871],[-149.4342,63.73033],[-149.43804,63.73064]]]},"properties":{"cell":"890c74ca5afffff","res":9,"coarsened":false,"count":2,"hv":2,"mp":0,"y0":2014,"y1":2025,"sp":[[7,1,1,0,2014,2014],[12,1,1,0,2025,2025]]}},{"type":"Feature","geometry":{"type":"Polygon","coordinates":[[[-149.32679,63.73384],[-149.32964,63.73254],[-149.32864,63.73092],[-149.32479,63.7306],[-149.32194,63.7319],[-149.32294,63.73352],[-149.32679,63.73384]]]},"properties":{"cell":"890c74c1503ffff","res":9,"coarsened":false,"count":1,"hv":1,"mp":0,"y0":2014,"y1":2014,"sp":[[1,1,1,0,2014,2014]]}},{"type":"Feature","geometry":{"type":"Polygon","coordinates":[[[-149.0829,63.71666],[-149.08575,63.71536],[-149.08477,63.71374],[-149.08093,63.71342],[-149.07808,63.71472],[-149.07906,63.71634],[-149.0829,63.71666]]]},"properties":{"cell":"890c74c2913ffff","res":9,"coarsened":false,"count":9,"hv":9,"mp":0,"y0":2002,"y1":2025,"sp":[[2,3,3,0,2017,2025],[1,2,2,0,2002,2010],[11,2,2,0,2025,2025],[16,1,1,0,2019,2019],[14,1,1,0,2023,2023]]}},{"type":"Feature","geometry":{"type":"Polygon","coordinates":[[[-149.08959,63.71568],[-149.09244,63.71439],[-149.09146,63.71277],[-149.08762,63.71245],[-149.08477,63.71374],[-149.08575,63.71536],[-149.08959,63.71568]]]},"properties":{"cell":"890c74c291bffff","res":9,"coarsened":false,"count":7,"hv":7,"mp":0,"y0":2015,"y1":2026,"sp":[[2,4,4,0,2015,2026],[5,1,1,0,2017,2017],[1,1,1,0,2025,2025],[4,1,1,0,2025,2025]]}},{"type":"Feature","geometry":{"type":"Polygon","coordinates":[[[-149.91413,63.52619],[-149.91692,63.52488],[-149.91589,63.52326],[-149.91206,63.52297],[-149.90926,63.52428],[-149.9103,63.52589],[-149.91413,63.52619]]]},"properties":{"cell":"890c745a02bffff","res":9,"coarsened":false,"count":2,"hv":2,"mp":0,"y0":2015,"y1":2021,"sp":[[2,1,1,0,2015,2015],[1,1,1,0,2021,2021]]}},{"type":"Feature","geometry":{"type":"Polygon","coordinates":[[[-150.19099,63.46482],[-150.19377,63.4635],[-150.19272,63.46189],[-150.18889,63.4616],[-150.18611,63.46292],[-150.18716,63.46453],[-150.19099,63.46482]]]},"properties":{"cell":"890c7696137ffff","res":9,"coarsened":false,"count":1,"hv":1,"mp":0,"y0":2015,"y1":2015,"sp":[[1,1,1,0,2015,2015]]}},{"type":"Feature","geometry":{"type":"Polygon","coordinates":[[[-150.31496,63.43746],[-150.31773,63.43614],[-150.31667,63.43453],[-150.31285,63.43424],[-150.31008,63.43557],[-150.31113,63.43717],[-150.31496,63.43746]]]},"properties":{"cell":"890c769401bffff","res":9,"coarsened":false,"count":10,"hv":10,"mp":0,"y0":2015,"y1":2021,"sp":[[4,9,9,0,2015,2021],[1,1,1,0,2018,2018]]}},{"type":"Feature","geometry":{"type":"Polygon","coordinates":[[[-150.22545,63.46743],[-150.22822,63.46611],[-150.22717,63.4645],[-150.22334,63.46421],[-150.22057,63.46553],[-150.22162,63.46714],[-150.22545,63.46743]]]},"properties":{"cell":"890c769614fffff","res":9,"coarsened":false,"count":1,"hv":1,"mp":0,"y0":2015,"y1":2015,"sp":[[7,1,1,0,2015,2015]]}},{"type":"Feature","geometry":{"type":"Polygon","coordinates":[[[-149.2583,63.71744],[-149.26114,63.71614],[-149.26015,63.71452],[-149.25631,63.7142],[-149.25346,63.7155],[-149.25445,63.71712],[-149.2583,63.71744]]]},"properties":{"cell":"890c74c006fffff","res":9,"coarsened":false,"count":92,"hv":92,"mp":0,"y0":1982,"y1":2026,"sp":[[43,14,14,0,1982,2026],[4,7,7,0,2019,2026],[44,7,7,0,2019,2026],[47,6,6,0,2006,2019],[6,6,6,0,1982,2026],[36,5,5,0,1982,2025],[2,5,5,0,2019,2024],[13,5,5,0,2023,2024],[14,3,3,0,2021,2026],[12,3,3,0,2026,2026],[26,2,2,0,2017,2026],[83,2,2,0,2019,2024],[45,2,2,0,2022,2024],[82,2,2,0,2023,2024],[53,2,2,0,2023,2024],[29,2,2,0,2024,2025],[10,2,2,0,2018,2026],[162,2,2,0,null,null],[71,2,2,0,null,null],[1,1,1,0,2022,2022],[59,1,1,0,2023,2023],[76,1,1,0,2023,2023],[11,1,1,0,2024,2024],[5,1,1,0,1990,1990],[98,1,1,0,2024,2024],[31,1,1,0,2025,2025],[97,1,1,0,2025,2025],[90,1,1,0,2026,2026],[25,1,1,0,2026,2026],[107,1,1,0,2024,2024],[38,1,1,0,null,null],[32,1,1,0,null,null]]}},{"type":"Feature","geometry":{"type":"Polygon","coordinates":[[[-149.058,63.71764],[-149.06086,63.71635],[-149.05988,63.71473],[-149.05604,63.7144],[-149.05319,63.7157],[-149.05417,63.71732],[-149.058,63.71764]]]},"properties":{"cell":"890c74d5a4fffff","res":9,"coarsened":false,"count":14,"hv":14,"mp":0,"y0":2010,"y1":2025,"sp":[[2,6,6,0,2013,2025],[16,3,3,0,2024,2024],[11,2,2,0,2012,2019],[7,1,1,0,2010,2010],[4,1,1,0,2019,2019],[1,1,1,0,2025,2025]]}},{"type":"Feature","geometry":{"type":"Polygon","coordinates":[[[-149.30346,63.76112],[-149.30631,63.75982],[-149.30531,63.7582],[-149.30146,63.75788],[-149.29861,63.75918],[-149.29961,63.7608],[-149.30346,63.76112]]]},"properties":{"cell":"890c74c3383ffff","res":9,"coarsened":false,"count":1,"hv":1,"mp":0,"y0":2010,"y1":2010,"sp":[[7,1,1,0,2010,2010]]}},{"type":"Feature","geometry":{"type":"Polygon","coordinates":[[[-149.19399,63.71365],[-149.19684,63.71235],[-149.19585,63.71073],[-149.19201,63.71041],[-149.18916,63.71171],[-149.19015,63.71333],[-149.19399,63.71365]]]},"properties":{"cell":"890c74c01a3ffff","res":9,"coarsened":false,"count":7,"hv":7,"mp":0,"y0":2010,"y1":2026,"sp":[[2,4,4,0,2010,2026],[11,2,2,0,2022,2025],[26,1,1,0,2024,2024]]}},{"type":"Feature","geometry":{"type":"Polygon","coordinates":[[[-148.92306,63.72928],[-148.92593,63.72799],[-148.92496,63.72637],[-148.92112,63.72604],[-148.91826,63.72733],[-148.91923,63.72895],[-148.92306,63.72928]]]},"properties":{"cell":"890c74d4adbffff","res":9,"coarsened":false,"count":19,"hv":19,"mp":0,"y0":2002,"y1":2026,"sp":[[2,7,7,0,2002,2025],[16,2,2,0,2019,2023],[11,2,2,0,2002,2002],[10,2,2,0,2021,2023],[43,1,1,0,2018,2018],[64,1,1,0,2002,2002],[36,1,1,0,2025,2025],[4,1,1,0,2019,2019],[45,1,1,0,2026,2026],[13,1,1,0,2026,2026]]}},{"type":"Feature","geometry":{"type":"Polygon","coordinates":[[[-149.82972,63.53644],[-149.83252,63.53513],[-149.8315,63.53351],[-149.82767,63.53321],[-149.82486,63.53452],[-149.82589,63.53614],[-149.82972,63.53644]]]},"properties":{"cell":"890c745129bffff","res":9,"coarsened":false,"count":42,"hv":42,"mp":0,"y0":1993,"y1":2025,"sp":[[4,21,21,0,2014,2021],[1,7,7,0,1993,2021],[11,4,4,0,2012,2019],[12,3,3,0,2016,2019],[7,2,2,0,2015,2021],[43,1,1,0,2009,2009],[33,1,1,0,2019,2019],[2,1,1,0,2017,2017],[76,1,1,0,2019,2019],[104,1,1,0,2025,2025]]}},{"type":"Feature","geometry":{"type":"Polygon","coordinates":[[[-150.23722,63.45761],[-150.23999,63.45629],[-150.23894,63.45468],[-150.23511,63.45439],[-150.23234,63.45571],[-150.23339,63.45732],[-150.23722,63.45761]]]},"properties":{"cell":"890c7696337ffff","res":9,"coarsened":false,"count":4,"hv":4,"mp":0,"y0":2013,"y1":2019,"sp":[[1,2,2,0,2013,2019],[11,1,1,0,2014,2014],[12,1,1,0,2019,2019]]}},{"type":"Feature","geometry":{"type":"Polygon","coordinates":[[[-150.43114,63.46447],[-150.49669,63.4479],[-150.50102,63.41612],[-150.43997,63.40092],[-150.37453,63.41745],[-150.37004,63.44922],[-150.43114,63.46447]]]},"properties":{"cell":"860c76957ffffff","res":6,"coarsened":true,"count":14,"hv":14,"mp":0,"y0":2005,"y1":2025,"sp":[[0,14,14,0,2005,2025]]}},{"type":"Feature","geometry":{"type":"Polygon","coordinates":[[[-150.74573,63.44918],[-150.74848,63.44785],[-150.74739,63.44624],[-150.74355,63.44597],[-150.7408,63.4473],[-150.74189,63.44891],[-150.74573,63.44918]]]},"properties":{"cell":"890c769ab27ffff","res":9,"coarsened":false,"count":2,"hv":2,"mp":0,"y0":2014,"y1":2014,"sp":[[40,1,1,0,2014,2014],[2,1,1,0,2014,2014]]}},{"type":"Feature","geometry":{"type":"Polygon","coordinates":[[[-150.11276,63.49558],[-150.11554,63.49427],[-150.11449,63.49266],[-150.11066,63.49236],[-150.10788,63.49368],[-150.10893,63.49529],[-150.11276,63.49558]]]},"properties":{"cell":"890c745946fffff","res":9,"coarsened":false,"count":2,"hv":2,"mp":0,"y0":2014,"y1":2019,"sp":[[1,1,1,0,2014,2014],[11,1,1,0,2019,2019]]}},{"type":"Feature","geometry":{"type":"Polygon","coordinates":[[[-150.0532,63.5048],[-150.05599,63.50348],[-150.05495,63.50187],[-150.05112,63.50157],[-150.04833,63.50289],[-150.04937,63.5045],[-150.0532,63.5048]]]},"properties":{"cell":"890c745b32bffff","res":9,"coarsened":false,"count":1,"hv":1,"mp":0,"y0":2014,"y1":2014,"sp":[[2,1,1,0,2014,2014]]}},{"type":"Feature","geometry":{"type":"Polygon","coordinates":[[[-149.58381,63.67178],[-149.58664,63.67047],[-149.58563,63.66886],[-149.58178,63.66855],[-149.57896,63.66985],[-149.57997,63.67147],[-149.58381,63.67178]]]},"properties":{"cell":"890c74c8063ffff","res":9,"coarsened":false,"count":55,"hv":55,"mp":0,"y0":1979,"y1":2026,"sp":[[43,10,10,0,2012,2025],[36,7,7,0,2010,2025],[10,5,5,0,2009,2022],[4,5,5,0,2023,2026],[6,4,4,0,2012,2023],[29,4,4,0,2012,2021],[70,2,2,0,2010,2023],[75,2,2,0,2021,2023],[96,2,2,0,2022,2023],[67,2,2,0,2023,2023],[1,2,2,0,2009,2026],[44,1,1,0,2013,2013],[58,1,1,0,2013,2013],[11,1,1,0,2010,2010],[5,1,1,0,2012,2012],[54,1,1,0,2021,2021],[13,1,1,0,2022,2022],[31,1,1,0,2024,2024],[47,1,1,0,2006,2006],[26,1,1,0,1979,1979],[45,1,1,0,2026,2026]]}},{"type":"Feature","geometry":{"type":"Polygon","coordinates":[[[-149.582,63.6747],[-149.58483,63.6734],[-149.58381,63.67178],[-149.57997,63.67147],[-149.57714,63.67278],[-149.57816,63.6744],[-149.582,63.6747]]]},"properties":{"cell":"890c74c8073ffff","res":9,"coarsened":false,"count":5,"hv":5,"mp":0,"y0":2014,"y1":2025,"sp":[[2,2,2,0,2022,2025],[17,1,1,0,2014,2014],[55,1,1,0,2021,2021],[78,1,1,0,2023,2023]]}},{"type":"Feature","geometry":{"type":"Polygon","coordinates":[[[-149.90932,63.56411],[-149.97535,63.54779],[-149.98038,63.51602],[-149.91953,63.50058],[-149.85361,63.51687],[-149.84842,63.54863],[-149.90932,63.56411]]]},"properties":{"cell":"860c745a7ffffff","res":6,"coarsened":true,"count":28,"hv":28,"mp":0,"y0":1998,"y1":2025,"sp":[[0,26,26,0,1998,2025],[63,1,1,0,2017,2017],[173,1,1,0,null,null]]}},{"type":"Feature","geometry":{"type":"Polygon","coordinates":[[[-148.9069,63.74482],[-148.90976,63.74352],[-148.90879,63.7419],[-148.90496,63.74158],[-148.90209,63.74287],[-148.90306,63.74449],[-148.9069,63.74482]]]},"properties":{"cell":"890c74d4ecfffff","res":9,"coarsened":false,"count":67,"hv":67,"mp":0,"y0":2014,"y1":2026,"sp":[[36,26,26,0,2014,2026],[2,9,9,0,2015,2025],[35,6,6,0,2024,2026],[15,4,4,0,2014,2025],[43,3,3,0,2018,2026],[28,3,3,0,2022,2022],[131,3,3,0,2025,2026],[19,2,2,0,2016,2024],[109,1,1,0,2021,2021],[102,1,1,0,2022,2022],[44,1,1,0,2022,2022],[13,1,1,0,2022,2022],[107,1,1,0,2024,2024],[17,1,1,0,2024,2024],[31,1,1,0,2025,2025],[124,1,1,0,2026,2026],[99,1,1,0,2026,2026],[141,1,1,0,2026,2026],[81,1,1,0,2026,2026]]}},{"type":"Feature","geometry":{"type":"Polygon","coordinates":[[[-149.10297,63.71373],[-149.10582,63.71244],[-149.10484,63.71082],[-149.101,63.7105],[-149.09815,63.71179],[-149.09913,63.71341],[-149.10297,63.71373]]]},"properties":{"cell":"890c74c2943ffff","res":9,"coarsened":false,"count":12,"hv":12,"mp":0,"y0":2010,"y1":2026,"sp":[[2,5,5,0,2010,2026],[1,4,4,0,2018,2026],[11,1,1,0,2015,2015],[26,1,1,0,2015,2015],[19,1,1,0,2015,2015]]}},{"type":"Feature","geometry":{"type":"Polygon","coordinates":[[[-149.87171,63.51675],[-149.87451,63.51544],[-149.87348,63.51383],[-149.86965,63.51353],[-149.86686,63.51484],[-149.86789,63.51646],[-149.87171,63.51675]]]},"properties":{"cell":"890c745a133ffff","res":9,"coarsened":false,"count":1,"hv":1,"mp":0,"y0":2015,"y1":2015,"sp":[[12,1,1,0,2015,2015]]}},{"type":"Feature","geometry":{"type":"Polygon","coordinates":[[[-148.89248,63.73897],[-148.89535,63.73768],[-148.89438,63.73606],[-148.89054,63.73573],[-148.88768,63.73703],[-148.88865,63.73865],[-148.89248,63.73897]]]},"properties":{"cell":"890c74d4e07ffff","res":9,"coarsened":false,"count":7,"hv":7,"mp":0,"y0":2015,"y1":2026,"sp":[[2,4,4,0,2024,2026],[13,1,1,0,2015,2015],[7,1,1,0,2023,2023],[44,1,1,0,2025,2025]]}},{"type":"Feature","geometry":{"type":"Polygon","coordinates":[[[-151.223,63.16835],[-151.28742,63.15142],[-151.29069,63.11969],[-151.2297,63.10489],[-151.16538,63.12179],[-151.16195,63.15352],[-151.223,63.16835]]]},"properties":{"cell":"860c761afffffff","res":6,"coarsened":true,"count":52,"hv":52,"mp":0,"y0":1993,"y1":2020,"sp":[[0,52,52,0,1993,2020]]}},{"type":"Feature","geometry":{"type":"Polygon","coordinates":[[[-149.84784,63.53633],[-149.85064,63.53501],[-149.84961,63.5334],[-149.84578,63.5331],[-149.84298,63.53441],[-149.84401,63.53603],[-149.84784,63.53633]]]},"properties":{"cell":"890c74512dbffff","res":9,"coarsened":false,"count":1,"hv":1,"mp":0,"y0":2010,"y1":2010,"sp":[[7,1,1,0,2010,2010]]}},{"type":"Feature","geometry":{"type":"Polygon","coordinates":[[[-151.07261,63.32412],[-151.07533,63.32279],[-151.07423,63.32119],[-151.0704,63.32092],[-151.06768,63.32226],[-151.06878,63.32386],[-151.07261,63.32412]]]},"properties":{"cell":"890c7689023ffff","res":9,"coarsened":false,"count":1,"hv":1,"mp":0,"y0":2010,"y1":2010,"sp":[[2,1,1,0,2010,2010]]}},{"type":"Feature","geometry":{"type":"Polygon","coordinates":[[[-149.57764,63.63292],[-149.58046,63.63161],[-149.57945,63.63],[-149.57561,63.62969],[-149.57279,63.631],[-149.5738,63.63261],[-149.57764,63.63292]]]},"properties":{"cell":"890c74c8adbffff","res":9,"coarsened":false,"count":3,"hv":3,"mp":0,"y0":2010,"y1":2026,"sp":[[26,1,1,0,2010,2010],[1,1,1,0,2018,2018],[11,1,1,0,2026,2026]]}},{"type":"Feature","geometry":{"type":"Polygon","coordinates":[[[-149.5921,63.60954],[-149.59492,63.60823],[-149.59391,63.60662],[-149.59007,63.60631],[-149.58725,63.60762],[-149.58827,63.60923],[-149.5921,63.60954]]]},"properties":{"cell":"890c74524cbffff","res":9,"coarsened":false,"count":1,"hv":1,"mp":0,"y0":2010,"y1":2010,"sp":[[45,1,1,0,2010,2010]]}},{"type":"Feature","geometry":{"type":"Polygon","coordinates":[[[-149.88673,63.5118],[-149.88952,63.51049],[-149.88849,63.50888],[-149.88467,63.50858],[-149.88187,63.50989],[-149.8829,63.5115],[-149.88673,63.5118]]]},"properties":{"cell":"890c745a167ffff","res":9,"coarsened":false,"count":1,"hv":1,"mp":0,"y0":2010,"y1":2010,"sp":[[29,1,1,0,2010,2010]]}},{"type":"Feature","geometry":{"type":"Polygon","coordinates":[[[-149.25346,63.7155],[-149.25631,63.7142],[-149.25531,63.71258],[-149.25147,63.71227],[-149.24862,63.71357],[-149.24962,63.71519],[-149.25346,63.7155]]]},"properties":{"cell":"890c74c039bffff","res":9,"coarsened":false,"count":17,"hv":17,"mp":0,"y0":2006,"y1":2026,"sp":[[11,3,3,0,2024,2026],[6,3,3,0,2025,2026],[2,2,2,0,2019,2021],[1,2,2,0,2023,2025],[14,1,1,0,2016,2016],[36,1,1,0,2006,2006],[70,1,1,0,2024,2024],[16,1,1,0,2022,2022],[43,1,1,0,2025,2025],[10,1,1,0,2026,2026],[83,1,1,0,2024,2024]]}},{"type":"Feature","geometry":{"type":"Polygon","coordinates":[[[-148.9136,63.74385],[-148.91647,63.74256],[-148.91549,63.74094],[-148.91166,63.74061],[-148.90879,63.7419],[-148.90976,63.74352],[-148.9136,63.74385]]]},"properties":{"cell":"890c74d4e53ffff","res":9,"coarsened":false,"count":173,"hv":173,"mp":0,"y0":1998,"y1":2026,"sp":[[15,35,35,0,2003,2026],[2,19,19,0,2010,2026],[36,11,11,0,2017,2026],[17,9,9,0,2019,2026],[81,8,8,0,2022,2025],[31,8,8,0,2023,2026],[43,6,6,0,2021,2025],[55,6,6,0,2019,2026],[10,5,5,0,2018,2025],[29,5,5,0,2019,2024],[35,5,5,0,2017,2025],[44,5,5,0,2022,2026],[28,3,3,0,2022,2022],[30,3,3,0,2023,2024],[124,3,3,0,2023,2024],[19,3,3,0,2023,2026],[20,3,3,0,2024,2025],[131,3,3,0,2024,2025],[64,3,3,0,2025,2026],[13,2,2,0,2019,2022],[26,2,2,0,2019,2024],[70,2,2,0,2015,2026],[45,2,2,0,2014,2016],[78,2,2,0,2019,2023],[21,2,2,0,2023,2026],[79,2,2,0,2021,2024],[102,2,2,0,2024,2026],[73,1,1,0,2019,2019],[54,1,1,0,2019,2019],[112,1,1,0,2021,2021],[67,1,1,0,2023,2023],[75,1,1,0,2023,2023],[83,1,1,0,2023,2023],[14,1,1,0,2024,2024],[47,1,1,0,2019,2019],[77,1,1,0,2018,2018],[32,1,1,0,2019,2019],[68,1,1,0,2018,2018],[140,1,1,0,1998,1998],[101,1,1,0,2026,2026],[38,1,1,0,2026,2026]]}},{"type":"Feature","geometry":{"type":"Polygon","coordinates":[[[-150.77371,63.45272],[-150.77646,63.45138],[-150.77537,63.44978],[-150.77153,63.4495],[-150.76877,63.45083],[-150.76987,63.45244],[-150.77371,63.45272]]]},"properties":{"cell":"890c769ab7bffff","res":9,"coarsened":false,"count":1,"hv":1,"mp":0,"y0":2011,"y1":2011,"sp":[[2,1,1,0,2011,2011]]}},{"type":"Feature","geometry":{"type":"Polygon","coordinates":[[[-149.74,63.3091],[-149.74278,63.30779],[-149.74176,63.30619],[-149.73797,63.30589],[-149.73519,63.30719],[-149.73621,63.3088],[-149.74,63.3091]]]},"properties":{"cell":"890c744e427ffff","res":9,"coarsened":false,"count":1,"hv":1,"mp":0,"y0":2015,"y1":2015,"sp":[[11,1,1,0,2015,2015]]}},{"type":"Feature","geometry":{"type":"Polygon","coordinates":[[[-149.38298,63.68315],[-149.38582,63.68184],[-149.38482,63.68022],[-149.38098,63.67991],[-149.37814,63.68121],[-149.37914,63.68283],[-149.38298,63.68315]]]},"properties":{"cell":"890c74cadafffff","res":9,"coarsened":false,"count":1,"hv":1,"mp":0,"y0":2015,"y1":2015,"sp":[[4,1,1,0,2015,2015]]}},{"type":"Feature","geometry":{"type":"Polygon","coordinates":[[[-150.70079,62.8445],[-150.76458,62.82785],[-150.76847,62.79629],[-150.70872,62.78139],[-150.64502,62.79801],[-150.64098,62.82956],[-150.70079,62.8445]]]},"properties":{"cell":"860c7631fffffff","res":6,"coarsened":true,"count":1,"hv":1,"mp":0,"y0":2015,"y1":2015,"sp":[[0,1,1,0,2015,2015]]}},{"type":"Feature","geometry":{"type":"Polygon","coordinates":[[[-149.23902,63.75734],[-149.30586,63.74134],[-149.3118,63.70956],[-149.25106,63.6938],[-149.18434,63.70977],[-149.17823,63.74153],[-149.23902,63.75734]]]},"properties":{"cell":"860c74c07ffffff","res":6,"coarsened":true,"count":49,"hv":49,"mp":0,"y0":1985,"y1":2026,"sp":[[0,45,45,0,1985,2026],[158,3,3,0,null,null],[63,1,1,0,2019,2019]]}},{"type":"Feature","geometry":{"type":"Polygon","coordinates":[[[-149.76776,63.55914],[-149.77056,63.55783],[-149.76954,63.55621],[-149.76571,63.55591],[-149.7629,63.55722],[-149.76393,63.55883],[-149.76776,63.55914]]]},"properties":{"cell":"890c745148fffff","res":9,"coarsened":false,"count":5,"hv":5,"mp":0,"y0":2016,"y1":2026,"sp":[[1,2,2,0,2016,2026],[12,1,1,0,2021,2021],[59,1,1,0,2023,2023],[2,1,1,0,2026,2026]]}},{"type":"Feature","geometry":{"type":"Polygon","coordinates":[[[-150.96014,63.52709],[-150.96289,63.52576],[-150.96178,63.52415],[-150.95792,63.52388],[-150.95517,63.52521],[-150.95628,63.52682],[-150.96014,63.52709]]]},"properties":{"cell":"890c769b62fffff","res":9,"coarsened":false,"count":13,"hv":13,"mp":0,"y0":2005,"y1":2021,"sp":[[79,2,2,0,null,null],[40,1,1,0,2016,2016],[41,1,1,0,2005,2005],[2,1,1,0,2019,2019],[10,1,1,0,2019,2019],[4,1,1,0,2014,2014],[111,1,1,0,2021,2021],[34,1,1,0,2013,2013],[14,1,1,0,2011,2011],[154,1,1,0,null,null],[45,1,1,0,null,null],[103,1,1,0,null,null]]}},{"type":"Feature","geometry":{"type":"Polygon","coordinates":[[[-149.12988,63.66222],[-149.1965,63.64628],[-149.20255,63.61455],[-149.14215,63.59878],[-149.07565,63.61469],[-149.06943,63.6464],[-149.12988,63.66222]]]},"properties":{"cell":"860c74c57ffffff","res":6,"coarsened":true,"count":1,"hv":1,"mp":0,"y0":2016,"y1":2016,"sp":[[0,1,1,0,2016,2016]]}},{"type":"Feature","geometry":{"type":"Polygon","coordinates":[[[-149.66742,63.55578],[-149.67023,63.55447],[-149.66921,63.55285],[-149.66539,63.55255],[-149.66258,63.55386],[-149.66359,63.55547],[-149.66742,63.55578]]]},"properties":{"cell":"890c7450443ffff","res":9,"coarsened":false,"count":42,"hv":42,"mp":0,"y0":2011,"y1":2026,"sp":[[1,22,22,0,2021,2026],[4,9,9,0,2016,2026],[7,4,4,0,2018,2026],[11,4,4,0,2023,2026],[12,2,2,0,2023,2026],[3,1,1,0,2011,2011]]}},{"type":"Feature","geometry":{"type":"Polygon","coordinates":[[[-149.262,63.7116],[-149.26485,63.7103],[-149.26385,63.70868],[-149.26001,63.70836],[-149.25716,63.70966],[-149.25816,63.71128],[-149.262,63.7116]]]},"properties":{"cell":"890c74c03c7ffff","res":9,"coarsened":false,"count":8,"hv":8,"mp":0,"y0":2010,"y1":2026,"sp":[[4,3,3,0,2022,2026],[1,1,1,0,2010,2010],[125,1,1,0,2023,2023],[2,1,1,0,2025,2025],[14,1,1,0,2025,2025],[32,1,1,0,2024,2024]]}},{"type":"Feature","geometry":{"type":"Polygon","coordinates":[[[-150.87749,63.4708],[-150.88024,63.46947],[-150.87914,63.46786],[-150.87529,63.46759],[-150.87254,63.46892],[-150.87364,63.47053],[-150.87749,63.4708]]]},"properties":{"cell":"890c7698077ffff","res":9,"coarsened":false,"count":1,"hv":1,"mp":0,"y0":2016,"y1":2016,"sp":[[6,1,1,0,2016,2016]]}},{"type":"Feature","geometry":{"type":"Polygon","coordinates":[[[-150.87254,63.46892],[-150.87529,63.46759],[-150.87419,63.46598],[-150.87034,63.46571],[-150.8676,63.46705],[-150.8687,63.46865],[-150.87254,63.46892]]]},"properties":{"cell":"890c769802bffff","res":9,"coarsened":false,"count":2,"hv":2,"mp":0,"y0":2012,"y1":2016,"sp":[[10,1,1,0,2016,2016],[103,1,1,0,2012,2012]]}},{"type":"Feature","geometry":{"type":"Polygon","coordinates":[[[-149.82309,63.53745],[-149.82589,63.53614],[-149.82486,63.53452],[-149.82104,63.53422],[-149.81823,63.53554],[-149.81926,63.53715],[-149.82309,63.53745]]]},"properties":{"cell":"890c7451293ffff","res":9,"coarsened":false,"count":9,"hv":9,"mp":0,"y0":2007,"y1":2021,"sp":[[1,3,3,0,2019,2020],[7,2,2,0,2010,2017],[12,1,1,0,2007,2007],[43,1,1,0,2021,2021],[8,1,1,0,2013,2013],[3,1,1,0,2014,2014]]}},{"type":"Feature","geometry":{"type":"Polygon","coordinates":[[[-149.26313,63.71938],[-149.26598,63.71807],[-149.26499,63.71646],[-149.26114,63.71614],[-149.2583,63.71744],[-149.25929,63.71906],[-149.26313,63.71938]]]},"properties":{"cell":"890c74c006bffff","res":9,"coarsened":false,"count":22,"hv":22,"mp":0,"y0":2006,"y1":2026,"sp":[[10,6,6,0,2006,2026],[43,6,6,0,2013,2024],[2,3,3,0,2019,2022],[36,2,2,0,2006,2019],[4,1,1,0,2011,2011],[16,1,1,0,2006,2006],[26,1,1,0,2024,2024],[11,1,1,0,2025,2025],[45,1,1,0,2026,2026]]}},{"type":"Feature","geometry":{"type":"Polygon","coordinates":[[[-149.58364,63.61346],[-149.58646,63.61216],[-149.58545,63.61054],[-149.58161,63.61023],[-149.57879,63.61154],[-149.5798,63.61316],[-149.58364,63.61346]]]},"properties":{"cell":"890c74524d3ffff","res":9,"coarsened":false,"count":3,"hv":3,"mp":0,"y0":2016,"y1":2022,"sp":[[2,1,1,0,2016,2016],[7,1,1,0,2016,2016],[1,1,1,0,2022,2022]]}},{"type":"Feature","geometry":{"type":"Polygon","coordinates":[[[-150.26878,63.4447],[-150.27155,63.44338],[-150.2705,63.44177],[-150.26667,63.44148],[-150.2639,63.4428],[-150.26495,63.44441],[-150.26878,63.4447]]]},"properties":{"cell":"890c769451bffff","res":9,"coarsened":false,"count":5,"hv":5,"mp":0,"y0":2016,"y1":2021,"sp":[[1,3,3,0,2019,2021],[5,1,1,0,2016,2016],[7,1,1,0,2019,2019]]}},{"type":"Feature","geometry":{"type":"Polygon","coordinates":[[[-148.9222,63.73997],[-148.92506,63.73868],[-148.92409,63.73706],[-148.92025,63.73673],[-148.91739,63.73802],[-148.91836,63.73964],[-148.9222,63.73997]]]},"properties":{"cell":"890c74d4e4bffff","res":9,"coarsened":false,"count":9,"hv":9,"mp":0,"y0":2016,"y1":2026,"sp":[[26,2,2,0,2021,2026],[36,2,2,0,2024,2025],[46,1,1,0,2016,2016],[2,1,1,0,2019,2019],[44,1,1,0,2019,2019],[54,1,1,0,2021,2021],[43,1,1,0,2025,2025]]}},{"type":"Feature","geometry":{"type":"Polygon","coordinates":[[[-149.12304,63.7108],[-149.12589,63.70951],[-149.12491,63.70789],[-149.12107,63.70757],[-149.11822,63.70886],[-149.1192,63.71048],[-149.12304,63.7108]]]},"properties":{"cell":"890c74c2b8fffff","res":9,"coarsened":false,"count":9,"hv":9,"mp":0,"y0":2009,"y1":2026,"sp":[[11,3,3,0,2023,2024],[2,2,2,0,2016,2022],[10,2,2,0,2009,2017],[1,2,2,0,2025,2026]]}},{"type":"Feature","geometry":{"type":"Polygon","coordinates":[[[-150.20937,63.45398],[-150.21215,63.45266],[-150.2111,63.45105],[-150.20727,63.45076],[-150.2045,63.45208],[-150.20555,63.45369],[-150.20937,63.45398]]]},"properties":{"cell":"890c7696e8fffff","res":9,"coarsened":false,"count":1,"hv":1,"mp":0,"y0":2016,"y1":2016,"sp":[[1,1,1,0,2016,2016]]}},{"type":"Feature","geometry":{"type":"Polygon","coordinates":[[[-149.29817,63.7407],[-149.30102,63.7394],[-149.30002,63.73778],[-149.29617,63.73747],[-149.29332,63.73877],[-149.29432,63.74039],[-149.29817,63.7407]]]},"properties":{"cell":"890c74c0643ffff","res":9,"coarsened":false,"count":89,"hv":89,"mp":0,"y0":1980,"y1":2026,"sp":[[11,19,19,0,1980,2026],[31,15,15,0,2011,2025],[1,10,10,0,2013,2024],[6,8,8,0,2019,2025],[4,7,7,0,2023,2026],[14,6,6,0,2019,2025],[64,6,6,0,2022,2026],[10,5,5,0,2009,2026],[68,2,2,0,2019,2019],[16,2,2,0,2025,2026],[59,2,2,0,2024,2025],[80,1,1,0,2019,2019],[2,1,1,0,1985,1985],[7,1,1,0,2024,2024],[55,1,1,0,2024,2024],[29,1,1,0,2025,2025],[5,1,1,0,2025,2025],[58,1,1,0,2025,2025]]}},{"type":"Feature","geometry":{"type":"Polygon","coordinates":[[[-149.56982,63.65531],[-149.57264,63.654],[-149.57163,63.65239],[-149.56779,63.65208],[-149.56496,63.65338],[-149.56598,63.655],[-149.56982,63.65531]]]},"properties":{"cell":"890c74c83afffff","res":9,"coarsened":false,"count":53,"hv":53,"mp":0,"y0":2006,"y1":2026,"sp":[[31,11,11,0,2006,2026],[43,9,9,0,2019,2026],[29,5,5,0,2021,2026],[4,4,4,0,2006,2025],[45,3,3,0,2019,2026],[2,3,3,0,2021,2026],[1,3,3,0,2021,2024],[11,3,3,0,2022,2026],[36,2,2,0,2025,2025],[53,1,1,0,2019,2019],[14,1,1,0,2018,2018],[12,1,1,0,2018,2018],[74,1,1,0,2023,2023],[88,1,1,0,2011,2011],[13,1,1,0,2024,2024],[78,1,1,0,2019,2019],[6,1,1,0,2026,2026],[10,1,1,0,2026,2026],[157,1,1,0,2023,2023]]}},{"type":"Feature","geometry":{"type":"Polygon","coordinates":[[[-149.81646,63.53846],[-149.81926,63.53715],[-149.81823,63.53554],[-149.81441,63.53523],[-149.8116,63.53655],[-149.81263,63.53816],[-149.81646,63.53846]]]},"properties":{"cell":"890c745162fffff","res":9,"coarsened":false,"count":12,"hv":12,"mp":0,"y0":1974,"y1":2022,"sp":[[7,6,6,0,1974,2019],[1,2,2,0,2017,2022],[12,2,2,0,2018,2019],[5,1,1,0,2012,2012],[3,1,1,0,2022,2022]]}},{"type":"Feature","geometry":{"type":"Polygon","coordinates":[[[-149.69861,63.76079],[-149.70145,63.75948],[-149.70042,63.75786],[-149.69656,63.75756],[-149.69373,63.75887],[-149.69475,63.76049],[-149.69861,63.76079]]]},"properties":{"cell":"890c2936bd7ffff","res":9,"coarsened":false,"count":1,"hv":1,"mp":0,"y0":2016,"y1":2016,"sp":[[11,1,1,0,2016,2016]]}},{"type":"Feature","geometry":{"type":"Polygon","coordinates":[[[-149.0283,63.71668],[-149.03115,63.71538],[-149.03017,63.71376],[-149.02634,63.71344],[-149.02348,63.71473],[-149.02446,63.71635],[-149.0283,63.71668]]]},"properties":{"cell":"890c74d5a33ffff","res":9,"coarsened":false,"count":7,"hv":7,"mp":0,"y0":2006,"y1":2026,"sp":[[16,3,3,0,2025,2026],[2,2,2,0,2025,2025],[1,1,1,0,2006,2006],[11,1,1,0,2024,2024]]}},{"type":"Feature","geometry":{"type":"Polygon","coordinates":[[[-148.88667,63.72925],[-148.88953,63.72796],[-148.88856,63.72634],[-148.88473,63.72601],[-148.88186,63.72731],[-148.88283,63.72893],[-148.88667,63.72925]]]},"properties":{"cell":"890c74d485bffff","res":9,"coarsened":false,"count":5,"hv":5,"mp":0,"y0":2006,"y1":2025,"sp":[[2,5,5,0,2006,2025]]}},{"type":"Feature","geometry":{"type":"Polygon","coordinates":[[[-149.80983,63.53947],[-149.81263,63.53816],[-149.8116,63.53655],[-149.80777,63.53624],[-149.80497,63.53756],[-149.806,63.53917],[-149.80983,63.53947]]]},"properties":{"cell":"890c7451627ffff","res":9,"coarsened":false,"count":2,"hv":2,"mp":0,"y0":2006,"y1":2013,"sp":[[8,1,1,0,2006,2006],[7,1,1,0,2013,2013]]}},{"type":"Feature","geometry":{"type":"Polygon","coordinates":[[[-149.65844,63.66854],[-149.66127,63.66723],[-149.66025,63.66561],[-149.6564,63.66531],[-149.65358,63.66662],[-149.6546,63.66823],[-149.65844,63.66854]]]},"properties":{"cell":"890c74c918fffff","res":9,"coarsened":false,"count":1,"hv":1,"mp":0,"y0":2016,"y1":2016,"sp":[[11,1,1,0,2016,2016]]}},{"type":"Feature","geometry":{"type":"Polygon","coordinates":[[[-149.40577,63.74338],[-149.40861,63.74207],[-149.40761,63.74045],[-149.40376,63.74014],[-149.40091,63.74144],[-149.40192,63.74306],[-149.40577,63.74338]]]},"properties":{"cell":"890c74c1613ffff","res":9,"coarsened":false,"count":1,"hv":1,"mp":0,"y0":2016,"y1":2016,"sp":[[1,1,1,0,2016,2016]]}},{"type":"Feature","geometry":{"type":"Polygon","coordinates":[[[-150.40127,63.22709],[-150.46619,63.21056],[-150.47052,63.17887],[-150.41009,63.16373],[-150.34527,63.18024],[-150.34078,63.21191],[-150.40127,63.22709]]]},"properties":{"cell":"860c76ba7ffffff","res":6,"coarsened":true,"count":1,"hv":1,"mp":0,"y0":2015,"y1":2015,"sp":[[0,1,1,0,2015,2015]]}},{"type":"Feature","geometry":{"type":"Polygon","coordinates":[[[-151.32564,63.42998],[-151.32837,63.42864],[-151.32724,63.42703],[-151.32338,63.42677],[-151.32066,63.42812],[-151.32179,63.42972],[-151.32564,63.42998]]]},"properties":{"cell":"890c76d50d7ffff","res":9,"coarsened":false,"count":1,"hv":1,"mp":0,"y0":2014,"y1":2014,"sp":[[1,1,1,0,2014,2014]]}},{"type":"Feature","geometry":{"type":"Polygon","coordinates":[[[-150.32909,63.24916],[-150.33183,63.24784],[-150.33078,63.24623],[-150.32699,63.24595],[-150.32424,63.24727],[-150.32529,63.24887],[-150.32909,63.24916]]]},"properties":{"cell":"890c768488fffff","res":9,"coarsened":false,"count":1,"hv":1,"mp":0,"y0":2015,"y1":2015,"sp":[[1,1,1,0,2015,2015]]}},{"type":"Feature","geometry":{"type":"Polygon","coordinates":[[[-148.92841,63.45962],[-148.93124,63.45833],[-148.93028,63.45671],[-148.92648,63.45639],[-148.92365,63.45768],[-148.92461,63.45929],[-148.92841,63.45962]]]},"properties":{"cell":"890c740344fffff","res":9,"coarsened":false,"count":1,"hv":1,"mp":0,"y0":2007,"y1":2007,"sp":[[2,1,1,0,2007,2007]]}},{"type":"Feature","geometry":{"type":"Polygon","coordinates":[[[-150.08142,63.49778],[-150.0842,63.49646],[-150.08316,63.49485],[-150.07933,63.49456],[-150.07654,63.49587],[-150.07759,63.49748],[-150.08142,63.49778]]]},"properties":{"cell":"890c74595cbffff","res":9,"coarsened":false,"count":3,"hv":3,"mp":0,"y0":2012,"y1":2012,"sp":[[2,2,2,0,2012,2012],[1,1,1,0,2012,2012]]}},{"type":"Feature","geometry":{"type":"Polygon","coordinates":[[[-150.92706,63.52171],[-150.92981,63.52037],[-150.92871,63.51876],[-150.92485,63.51849],[-150.9221,63.51983],[-150.9232,63.52144],[-150.92706,63.52171]]]},"properties":{"cell":"890c769b007ffff","res":9,"coarsened":false,"count":3,"hv":3,"mp":0,"y0":2012,"y1":2012,"sp":[[1,1,1,0,2012,2012],[49,1,1,0,2012,2012],[50,1,1,0,2012,2012]]}},{"type":"Feature","geometry":{"type":"Polygon","coordinates":[[[-149.01491,63.71862],[-149.01777,63.71733],[-149.01679,63.71571],[-149.01296,63.71538],[-149.0101,63.71668],[-149.01107,63.7183],[-149.01491,63.71862]]]},"properties":{"cell":"890c74d5aa7ffff","res":9,"coarsened":false,"count":10,"hv":10,"mp":0,"y0":2000,"y1":2025,"sp":[[2,5,5,0,2003,2025],[4,2,2,0,2018,2021],[11,1,1,0,2000,2000],[16,1,1,0,2023,2023],[14,1,1,0,2019,2019]]}},{"type":"Feature","geometry":{"type":"Polygon","coordinates":[[[-148.92976,63.72831],[-148.93262,63.72702],[-148.93165,63.7254],[-148.92782,63.72507],[-148.92496,63.72637],[-148.92593,63.72799],[-148.92976,63.72831]]]},"properties":{"cell":"890c74d5d37ffff","res":9,"coarsened":false,"count":7,"hv":7,"mp":0,"y0":2012,"y1":2024,"sp":[[2,2,2,0,2012,2022],[43,2,2,0,2018,2019],[16,1,1,0,2021,2021],[36,1,1,0,2024,2024],[67,1,1,0,2024,2024]]}},{"type":"Feature","geometry":{"type":"Polygon","coordinates":[[[-149.40826,63.72975],[-149.4111,63.72845],[-149.4101,63.72683],[-149.40625,63.72651],[-149.40341,63.72782],[-149.40441,63.72944],[-149.40826,63.72975]]]},"properties":{"cell":"890c74c1293ffff","res":9,"coarsened":false,"count":2,"hv":2,"mp":0,"y0":2008,"y1":2023,"sp":[[7,1,1,0,2008,2008],[11,1,1,0,2023,2023]]}},{"type":"Feature","geometry":{"type":"Polygon","coordinates":[[[-150.1611,63.47479],[-150.16388,63.47347],[-150.16283,63.47186],[-150.159,63.47157],[-150.15623,63.47289],[-150.15727,63.4745],[-150.1611,63.47479]]]},"properties":{"cell":"890c745920fffff","res":9,"coarsened":false,"count":1,"hv":1,"mp":0,"y0":2012,"y1":2012,"sp":[[26,1,1,0,2012,2012]]}},{"type":"Feature","geometry":{"type":"Polygon","coordinates":[[[-150.68471,63.46161],[-150.75014,63.44491],[-150.75415,63.41311],[-150.69289,63.39801],[-150.62756,63.41467],[-150.62339,63.44646],[-150.68471,63.46161]]]},"properties":{"cell":"860c76837ffffff","res":6,"coarsened":true,"count":10,"hv":10,"mp":0,"y0":1991,"y1":2024,"sp":[[0,10,10,0,1991,2024]]}},{"type":"Feature","geometry":{"type":"Polygon","coordinates":[[[-148.92409,63.73706],[-148.92695,63.73576],[-148.92598,63.73414],[-148.92214,63.73381],[-148.91928,63.73511],[-148.92025,63.73673],[-148.92409,63.73706]]]},"properties":{"cell":"890c74d5db3ffff","res":9,"coarsened":false,"count":19,"hv":19,"mp":0,"y0":2016,"y1":2026,"sp":[[26,6,6,0,2019,2025],[36,4,4,0,2016,2024],[43,3,3,0,2019,2026],[2,2,2,0,2022,2023],[19,1,1,0,2016,2016],[46,1,1,0,2021,2021],[70,1,1,0,2023,2023],[13,1,1,0,2018,2018]]}},{"type":"Feature","geometry":{"type":"Polygon","coordinates":[[[-149.23564,63.73401],[-149.23849,63.7327],[-149.2375,63.73109],[-149.23365,63.73077],[-149.2308,63.73207],[-149.2318,63.73369],[-149.23564,63.73401]]]},"properties":{"cell":"890c74c0083ffff","res":9,"coarsened":false,"count":1,"hv":1,"mp":0,"y0":2016,"y1":2016,"sp":[[7,1,1,0,2016,2016]]}},{"type":"Feature","geometry":{"type":"Polygon","coordinates":[[[-149.25871,63.73591],[-149.26156,63.73461],[-149.26056,63.73299],[-149.25672,63.73268],[-149.25387,63.73398],[-149.25486,63.7356],[-149.25871,63.73591]]]},"properties":{"cell":"890c74c00dbffff","res":9,"coarsened":false,"count":1,"hv":1,"mp":0,"y0":2016,"y1":2016,"sp":[[4,1,1,0,2016,2016]]}},{"type":"Feature","geometry":{"type":"Polygon","coordinates":[[[-149.27993,63.74074],[-149.28278,63.73944],[-149.28178,63.73782],[-149.27794,63.7375],[-149.27509,63.7388],[-149.27609,63.74042],[-149.27993,63.74074]]]},"properties":{"cell":"890c74c0603ffff","res":9,"coarsened":false,"count":56,"hv":56,"mp":0,"y0":2016,"y1":2026,"sp":[[3,20,20,0,2016,2026],[8,15,15,0,2023,2026],[4,11,11,0,2021,2025],[6,4,4,0,2022,2023],[14,3,3,0,2019,2021],[29,1,1,0,2019,2019],[71,1,1,0,2025,2025],[105,1,1,0,2025,2025]]}},{"type":"Feature","geometry":{"type":"Polygon","coordinates":[[[-149.10779,63.71567],[-149.11064,63.71438],[-149.10966,63.71276],[-149.10582,63.71244],[-149.10297,63.71373],[-149.10395,63.71535],[-149.10779,63.71567]]]},"properties":{"cell":"890c74c295bffff","res":9,"coarsened":false,"count":2,"hv":2,"mp":0,"y0":2016,"y1":2023,"sp":[[2,2,2,0,2016,2023]]}},{"type":"Feature","geometry":{"type":"Polygon","coordinates":[[[-148.91069,63.73899],[-148.91355,63.7377],[-148.91258,63.73608],[-148.90875,63.73575],[-148.90588,63.73704],[-148.90685,63.73866],[-148.91069,63.73899]]]},"properties":{"cell":"890c74d4e47ffff","res":9,"coarsened":false,"count":39,"hv":39,"mp":0,"y0":2016,"y1":2026,"sp":[[2,15,15,0,2017,2026],[36,6,6,0,2017,2025],[26,4,4,0,2016,2024],[19,2,2,0,2017,2023],[43,2,2,0,2018,2018],[10,2,2,0,2017,2025],[35,1,1,0,2017,2017],[79,1,1,0,2019,2019],[20,1,1,0,2019,2019],[54,1,1,0,2017,2017],[44,1,1,0,2022,2022],[6,1,1,0,2023,2023],[16,1,1,0,2023,2023],[13,1,1,0,2024,2024]]}},{"type":"Feature","geometry":{"type":"Polygon","coordinates":[[[-151.16538,63.12179],[-151.2297,63.10489],[-151.23304,63.07318],[-151.17222,63.05838],[-151.10799,63.07524],[-151.1045,63.10695],[-151.16538,63.12179]]]},"properties":{"cell":"860c76037ffffff","res":6,"coarsened":true,"count":2,"hv":2,"mp":0,"y0":2016,"y1":2016,"sp":[[0,2,2,0,2016,2016]]}},{"type":"Feature","geometry":{"type":"Polygon","coordinates":[[[-149.17579,63.71367],[-149.17864,63.71237],[-149.17765,63.71075],[-149.17381,63.71043],[-149.17096,63.71173],[-149.17195,63.71335],[-149.17579,63.71367]]]},"properties":{"cell":"890c74c2a63ffff","res":9,"coarsened":false,"count":7,"hv":7,"mp":0,"y0":2016,"y1":2025,"sp":[[2,5,5,0,2016,2025],[1,1,1,0,2020,2020],[43,1,1,0,2024,2024]]}},{"type":"Feature","geometry":{"type":"Polygon","coordinates":[[[-149.14465,63.68649],[-149.14749,63.68519],[-149.14651,63.68358],[-149.14267,63.68326],[-149.13983,63.68455],[-149.14081,63.68617],[-149.14465,63.68649]]]},"properties":{"cell":"890c74c0d03ffff","res":9,"coarsened":false,"count":2,"hv":2,"mp":0,"y0":2007,"y1":2007,"sp":[[1,1,1,0,2007,2007],[7,1,1,0,2007,2007]]}},{"type":"Feature","geometry":{"type":"Polygon","coordinates":[[[-149.78233,63.56488],[-149.84842,63.54863],[-149.85361,63.51687],[-149.79287,63.50138],[-149.72689,63.51761],[-149.72154,63.54935],[-149.78233,63.56488]]]},"properties":{"cell":"860c74517ffffff","res":6,"coarsened":true,"count":54,"hv":54,"mp":0,"y0":2002,"y1":2026,"sp":[[0,54,54,0,2002,2026]]}},{"type":"Feature","geometry":{"type":"Polygon","coordinates":[[[-149.64571,63.56171],[-149.64852,63.5604],[-149.6475,63.55878],[-149.64368,63.55848],[-149.64086,63.55979],[-149.64188,63.5614],[-149.64571,63.56171]]]},"properties":{"cell":"890c745048bffff","res":9,"coarsened":false,"count":13,"hv":13,"mp":0,"y0":2007,"y1":2026,"sp":[[7,5,5,0,2007,2026],[4,4,4,0,2024,2024],[1,3,3,0,2015,2022],[14,1,1,0,2024,2024]]}},{"type":"Feature","geometry":{"type":"Polygon","coordinates":[[[-149.36896,63.69582],[-149.37179,63.69452],[-149.37079,63.6929],[-149.36695,63.69258],[-149.36411,63.69389],[-149.36511,63.6955],[-149.36896,63.69582]]]},"properties":{"cell":"890c74c1e53ffff","res":9,"coarsened":false,"count":1,"hv":1,"mp":0,"y0":2009,"y1":2009,"sp":[[41,1,1,0,2009,2009]]}},{"type":"Feature","geometry":{"type":"Polygon","coordinates":[[[-149.59029,63.61246],[-149.59311,63.61116],[-149.5921,63.60954],[-149.58827,63.60923],[-149.58545,63.61054],[-149.58646,63.61216],[-149.59029,63.61246]]]},"properties":{"cell":"890c74524dbffff","res":9,"coarsened":false,"count":1,"hv":1,"mp":0,"y0":2015,"y1":2015,"sp":[[1,1,1,0,2015,2015]]}},{"type":"Feature","geometry":{"type":"Polygon","coordinates":[[[-149.58364,63.61346],[-149.64994,63.5973],[-149.6554,63.56554],[-149.59472,63.54996],[-149.52852,63.56609],[-149.5229,63.59784],[-149.58364,63.61346]]]},"properties":{"cell":"860c74527ffffff","res":6,"coarsened":true,"count":73,"hv":73,"mp":0,"y0":1980,"y1":2026,"sp":[[0,73,73,0,1980,2026]]}},{"type":"Feature","geometry":{"type":"Polygon","coordinates":[[[-149.11261,63.71761],[-149.11547,63.71632],[-149.11448,63.7147],[-149.11064,63.71438],[-149.10779,63.71567],[-149.10878,63.71729],[-149.11261,63.71761]]]},"properties":{"cell":"890c74c282fffff","res":9,"coarsened":false,"count":14,"hv":14,"mp":0,"y0":2008,"y1":2015,"sp":[[93,2,2,0,2008,2008],[103,2,2,0,2008,2008],[2,1,1,0,2015,2015],[36,1,1,0,2008,2008],[5,1,1,0,2008,2008],[7,1,1,0,2008,2008],[4,1,1,0,2008,2008],[99,1,1,0,2008,2008],[74,1,1,0,2008,2008],[153,1,1,0,2008,2008],[61,1,1,0,2008,2008],[12,1,1,0,2008,2008]]}},{"type":"Feature","geometry":{"type":"Polygon","coordinates":[[[-150.86594,63.49139],[-150.86869,63.49006],[-150.86759,63.48845],[-150.86374,63.48818],[-150.86099,63.48951],[-150.86208,63.49112],[-150.86594,63.49139]]]},"properties":{"cell":"890c7698477ffff","res":9,"coarsened":false,"count":4,"hv":4,"mp":0,"y0":2009,"y1":2025,"sp":[[2,2,2,0,2013,2025],[15,1,1,0,2009,2009],[20,1,1,0,2025,2025]]}},{"type":"Feature","geometry":{"type":"Polygon","coordinates":[[[-150.73754,63.44248],[-150.74029,63.44115],[-150.7392,63.43954],[-150.73536,63.43927],[-150.73261,63.4406],[-150.7337,63.4422],[-150.73754,63.44248]]]},"properties":{"cell":"890c7683647ffff","res":9,"coarsened":false,"count":1,"hv":1,"mp":0,"y0":2009,"y1":2009,"sp":[[2,1,1,0,2009,2009]]}},{"type":"Feature","geometry":{"type":"Polygon","coordinates":[[[-150.30092,63.8211],[-150.30374,63.81978],[-150.30266,63.81816],[-150.29878,63.81787],[-150.29596,63.81919],[-150.29704,63.82081],[-150.30092,63.8211]]]},"properties":{"cell":"890c293ae6fffff","res":9,"coarsened":false,"count":1,"hv":1,"mp":0,"y0":2009,"y1":2009,"sp":[[4,1,1,0,2009,2009]]}},{"type":"Feature","geometry":{"type":"Polygon","coordinates":[[[-148.96805,63.72542],[-148.97091,63.72412],[-148.96994,63.7225],[-148.9661,63.72218],[-148.96324,63.72347],[-148.96422,63.72509],[-148.96805,63.72542]]]},"properties":{"cell":"890c74d58a7ffff","res":9,"coarsened":false,"count":9,"hv":9,"mp":0,"y0":2009,"y1":2022,"sp":[[36,2,2,0,2021,2022],[47,1,1,0,2009,2009],[53,1,1,0,2009,2009],[44,1,1,0,2009,2009],[43,1,1,0,2018,2018],[28,1,1,0,2021,2021],[67,1,1,0,2021,2021],[48,1,1,0,2022,2022]]}},{"type":"Feature","geometry":{"type":"Polygon","coordinates":[[[-149.6554,63.56554],[-149.72154,63.54935],[-149.72689,63.51761],[-149.66627,63.50207],[-149.60024,63.51823],[-149.59472,63.54996],[-149.6554,63.56554]]]},"properties":{"cell":"860c74507ffffff","res":6,"coarsened":true,"count":84,"hv":84,"mp":0,"y0":1978,"y1":2026,"sp":[[0,84,84,0,1978,2026]]}},{"type":"Feature","geometry":{"type":"Polygon","coordinates":[[[-150.66836,63.44819],[-150.67111,63.44686],[-150.67003,63.44526],[-150.66619,63.44498],[-150.66344,63.44631],[-150.66452,63.44792],[-150.66836,63.44819]]]},"properties":{"cell":"890c7683433ffff","res":9,"coarsened":false,"count":1,"hv":1,"mp":0,"y0":2009,"y1":2009,"sp":[[5,1,1,0,2009,2009]]}},{"type":"Feature","geometry":{"type":"Polygon","coordinates":[[[-149.31271,63.74651],[-149.31556,63.74521],[-149.31456,63.74359],[-149.31071,63.74327],[-149.30786,63.74458],[-149.30886,63.7462],[-149.31271,63.74651]]]},"properties":{"cell":"890c74c332bffff","res":9,"coarsened":false,"count":1,"hv":1,"mp":0,"y0":2009,"y1":2009,"sp":[[7,1,1,0,2009,2009]]}},{"type":"Feature","geometry":{"type":"Polygon","coordinates":[[[-148.96513,63.72056],[-148.96799,63.71926],[-148.96701,63.71764],[-148.96318,63.71732],[-148.96032,63.71861],[-148.96129,63.72023],[-148.96513,63.72056]]]},"properties":{"cell":"890c74d59c3ffff","res":9,"coarsened":false,"count":10,"hv":10,"mp":0,"y0":2008,"y1":2025,"sp":[[36,2,2,0,2009,2022],[54,1,1,0,2008,2008],[43,1,1,0,2022,2022],[6,1,1,0,2025,2025],[47,1,1,0,2025,2025],[31,1,1,0,2016,2016],[176,1,1,0,2011,2011],[67,1,1,0,2011,2011],[44,1,1,0,2011,2011]]}},{"type":"Feature","geometry":{"type":"Polygon","coordinates":[[[-149.05131,63.71862],[-149.05417,63.71732],[-149.05319,63.7157],[-149.04935,63.71538],[-149.04649,63.71667],[-149.04747,63.71829],[-149.05131,63.71862]]]},"properties":{"cell":"890c74d5a47ffff","res":9,"coarsened":false,"count":7,"hv":7,"mp":0,"y0":2009,"y1":2026,"sp":[[2,5,5,0,2009,2021],[16,1,1,0,2023,2023],[26,1,1,0,2026,2026]]}},{"type":"Feature","geometry":{"type":"Polygon","coordinates":[[[-148.95655,63.72444],[-148.95941,63.72315],[-148.95843,63.72153],[-148.9546,63.7212],[-148.95174,63.72249],[-148.95271,63.72411],[-148.95655,63.72444]]]},"properties":{"cell":"890c74d5d6fffff","res":9,"coarsened":false,"count":34,"hv":34,"mp":0,"y0":2009,"y1":2026,"sp":[[2,7,7,0,2018,2025],[10,6,6,0,2018,2025],[11,3,3,0,2018,2026],[16,3,3,0,2019,2021],[36,3,3,0,2024,2024],[43,2,2,0,2025,2025],[1,2,2,0,2025,2026],[51,1,1,0,2009,2009],[54,1,1,0,2009,2009],[7,1,1,0,2011,2011],[28,1,1,0,2019,2019],[22,1,1,0,2022,2022],[46,1,1,0,2024,2024],[47,1,1,0,2025,2025],[6,1,1,0,2024,2024]]}},{"type":"Feature","geometry":{"type":"Polygon","coordinates":[[[-149.50858,63.71485],[-149.51141,63.71354],[-149.5104,63.71193],[-149.50655,63.71162],[-149.50372,63.71292],[-149.50473,63.71454],[-149.50858,63.71485]]]},"properties":{"cell":"890c74ca39bffff","res":9,"coarsened":false,"count":1,"hv":1,"mp":0,"y0":2009,"y1":2009,"sp":[[52,1,1,0,2009,2009]]}},{"type":"Feature","geometry":{"type":"Polygon","coordinates":[[[-150.23408,63.51398],[-150.29984,63.49751],[-150.30444,63.46573],[-150.24343,63.45043],[-150.17778,63.46688],[-150.17302,63.49864],[-150.23408,63.51398]]]},"properties":{"cell":"860c76967ffffff","res":6,"coarsened":true,"count":39,"hv":39,"mp":0,"y0":2003,"y1":2025,"sp":[[0,39,39,0,2003,2025]]}},{"type":"Feature","geometry":{"type":"Polygon","coordinates":[[[-149.30187,63.73486],[-149.30471,63.73356],[-149.30371,63.73194],[-149.29987,63.73162],[-149.29702,63.73293],[-149.29802,63.73455],[-149.30187,63.73486]]]},"properties":{"cell":"890c74c15b7ffff","res":9,"coarsened":false,"count":2,"hv":2,"mp":0,"y0":2009,"y1":2016,"sp":[[14,1,1,0,2009,2009],[64,1,1,0,2016,2016]]}},{"type":"Feature","geometry":{"type":"Polygon","coordinates":[[[-149.30002,63.73778],[-149.30286,63.73648],[-149.30187,63.73486],[-149.29802,63.73455],[-149.29517,63.73585],[-149.29617,63.73747],[-149.30002,63.73778]]]},"properties":{"cell":"890c74c064fffff","res":9,"coarsened":false,"count":3,"hv":3,"mp":0,"y0":2009,"y1":2024,"sp":[[55,1,1,0,2009,2009],[7,1,1,0,2019,2019],[1,1,1,0,2024,2024]]}},{"type":"Feature","geometry":{"type":"Polygon","coordinates":[[[-149.29403,63.72807],[-149.29687,63.72677],[-149.29588,63.72515],[-149.29203,63.72483],[-149.28918,63.72613],[-149.29018,63.72775],[-149.29403,63.72807]]]},"properties":{"cell":"890c74c02d7ffff","res":9,"coarsened":false,"count":2,"hv":2,"mp":0,"y0":2009,"y1":2024,"sp":[[37,1,1,0,2009,2009],[11,1,1,0,2024,2024]]}},{"type":"Feature","geometry":{"type":"Polygon","coordinates":[[[-150.38517,62.89573],[-150.44922,62.87923],[-150.45352,62.84768],[-150.39391,62.83264],[-150.32995,62.84911],[-150.3255,62.88065],[-150.38517,62.89573]]]},"properties":{"cell":"860c76adfffffff","res":6,"coarsened":true,"count":1,"hv":1,"mp":0,"y0":2008,"y1":2008,"sp":[[0,1,1,0,2008,2008]]}},{"type":"Feature","geometry":{"type":"Polygon","coordinates":[[[-149.29332,63.73877],[-149.29617,63.73747],[-149.29517,63.73585],[-149.29133,63.73553],[-149.28848,63.73683],[-149.28948,63.73845],[-149.29332,63.73877]]]},"properties":{"cell":"890c74c0647ffff","res":9,"coarsened":false,"count":39,"hv":39,"mp":0,"y0":2013,"y1":2026,"sp":[[1,13,13,0,2013,2026],[11,8,8,0,2023,2026],[31,4,4,0,2019,2025],[10,2,2,0,2017,2019],[4,2,2,0,2019,2021],[14,2,2,0,2024,2026],[64,1,1,0,2013,2013],[2,1,1,0,2023,2023],[57,1,1,0,2024,2024],[12,1,1,0,2025,2025],[52,1,1,0,2025,2025],[83,1,1,0,2022,2022],[32,1,1,0,2022,2022],[45,1,1,0,2024,2024]]}},{"type":"Feature","geometry":{"type":"Polygon","coordinates":[[[-148.86034,63.64863],[-148.8632,63.64734],[-148.86224,63.64572],[-148.85842,63.64539],[-148.85556,63.64668],[-148.85652,63.6483],[-148.86034,63.64863]]]},"properties":{"cell":"890c74c6c33ffff","res":9,"coarsened":false,"count":1,"hv":1,"mp":0,"y0":2017,"y1":2017,"sp":[[2,1,1,0,2017,2017]]}},{"type":"Feature","geometry":{"type":"Polygon","coordinates":[[[-148.86702,63.64766],[-148.86987,63.64637],[-148.86891,63.64475],[-148.86509,63.64443],[-148.86224,63.64572],[-148.8632,63.64734],[-148.86702,63.64766]]]},"properties":{"cell":"890c74c6c3bffff","res":9,"coarsened":false,"count":1,"hv":1,"mp":0,"y0":2017,"y1":2017,"sp":[[26,1,1,0,2017,2017]]}},{"type":"Feature","geometry":{"type":"Polygon","coordinates":[[[-149.23041,63.7136],[-149.23326,63.7123],[-149.23227,63.71068],[-149.22843,63.71036],[-149.22558,63.71166],[-149.22657,63.71328],[-149.23041,63.7136]]]},"properties":{"cell":"890c74c0143ffff","res":9,"coarsened":false,"count":5,"hv":5,"mp":0,"y0":2017,"y1":2025,"sp":[[2,3,3,0,2022,2025],[10,1,1,0,2017,2017],[59,1,1,0,2022,2022]]}},{"type":"Feature","geometry":{"type":"Polygon","coordinates":[[[-149.21889,63.71264],[-149.22174,63.71134],[-149.22075,63.70972],[-149.21691,63.7094],[-149.21406,63.7107],[-149.21505,63.71232],[-149.21889,63.71264]]]},"properties":{"cell":"890c74c010bffff","res":9,"coarsened":false,"count":9,"hv":9,"mp":0,"y0":2017,"y1":2026,"sp":[[2,3,3,0,2021,2026],[26,2,2,0,2024,2026],[10,1,1,0,2017,2017],[36,1,1,0,2025,2025],[16,1,1,0,2026,2026],[1,1,1,0,2026,2026]]}},{"type":"Feature","geometry":{"type":"Polygon","coordinates":[[[-149.88145,63.64011],[-149.88426,63.6388],[-149.88322,63.63718],[-149.87938,63.63688],[-149.87657,63.6382],[-149.8776,63.63981],[-149.88145,63.64011]]]},"properties":{"cell":"890c292442fffff","res":9,"coarsened":false,"count":1,"hv":1,"mp":0,"y0":2017,"y1":2017,"sp":[[9,1,1,0,2017,2017]]}},{"type":"Feature","geometry":{"type":"Polygon","coordinates":[[[-150.36462,63.18778],[-150.36736,63.18646],[-150.36631,63.18486],[-150.36252,63.18457],[-150.35978,63.18589],[-150.36083,63.1875],[-150.36462,63.18778]]]},"properties":{"cell":"890c76ba18fffff","res":9,"coarsened":false,"count":1,"hv":1,"mp":0,"y0":2017,"y1":2017,"sp":[[6,1,1,0,2017,2017]]}},{"type":"Feature","geometry":{"type":"Polygon","coordinates":[[[-149.33728,63.54439],[-149.3401,63.54309],[-149.33911,63.54148],[-149.33529,63.54116],[-149.33247,63.54247],[-149.33346,63.54408],[-149.33728,63.54439]]]},"properties":{"cell":"890c74cddb7ffff","res":9,"coarsened":false,"count":1,"hv":1,"mp":0,"y0":2017,"y1":2017,"sp":[[57,1,1,0,2017,2017]]}},{"type":"Feature","geometry":{"type":"Polygon","coordinates":[[[-149.90087,63.52822],[-149.90367,63.52691],[-149.90264,63.52529],[-149.89881,63.525],[-149.89601,63.52631],[-149.89704,63.52792],[-149.90087,63.52822]]]},"properties":{"cell":"890c745a037ffff","res":9,"coarsened":false,"count":3,"hv":3,"mp":0,"y0":2013,"y1":2019,"sp":[[1,2,2,0,2013,2019],[7,1,1,0,2019,2019]]}},{"type":"Feature","geometry":{"type":"Polygon","coordinates":[[[-149.32864,63.73092],[-149.33148,63.72961],[-149.33048,63.728],[-149.32664,63.72768],[-149.32379,63.72898],[-149.32479,63.7306],[-149.32864,63.73092]]]},"properties":{"cell":"890c74c150fffff","res":9,"coarsened":false,"count":9,"hv":9,"mp":0,"y0":2013,"y1":2026,"sp":[[11,5,5,0,2013,2026],[2,2,2,0,2025,2025],[16,1,1,0,2025,2025],[5,1,1,0,2019,2019]]}},{"type":"Feature","geometry":{"type":"Polygon","coordinates":[[[-150.05808,63.5067],[-150.06087,63.50538],[-150.05982,63.50377],[-150.05599,63.50348],[-150.0532,63.5048],[-150.05425,63.50641],[-150.05808,63.5067]]]},"properties":{"cell":"890c745b377ffff","res":9,"coarsened":false,"count":6,"hv":6,"mp":0,"y0":2013,"y1":2019,"sp":[[1,2,2,0,2013,2019],[10,2,2,0,2019,2019],[2,1,1,0,2019,2019],[7,1,1,0,2014,2014]]}},{"type":"Feature","geometry":{"type":"Polygon","coordinates":[[[-150.07306,63.50173],[-150.07585,63.50041],[-150.0748,63.4988],[-150.07097,63.49851],[-150.06818,63.49982],[-150.06923,63.50143],[-150.07306,63.50173]]]},"properties":{"cell":"890c74595d3ffff","res":9,"coarsened":false,"count":2,"hv":2,"mp":0,"y0":2013,"y1":2025,"sp":[[1,2,2,0,2013,2025]]}},{"type":"Feature","geometry":{"type":"Polygon","coordinates":[[[-150.46127,63.33987],[-150.46402,63.33854],[-150.46295,63.33694],[-150.45914,63.33666],[-150.45639,63.33798],[-150.45745,63.33958],[-150.46127,63.33987]]]},"properties":{"cell":"890c7687057ffff","res":9,"coarsened":false,"count":1,"hv":1,"mp":0,"y0":2017,"y1":2017,"sp":[[31,1,1,0,2017,2017]]}},{"type":"Feature","geometry":{"type":"Polygon","coordinates":[[[-149.69218,63.55468],[-149.69499,63.55337],[-149.69397,63.55176],[-149.69014,63.55145],[-149.68734,63.55276],[-149.68835,63.55438],[-149.69218,63.55468]]]},"properties":{"cell":"890c745068bffff","res":9,"coarsened":false,"count":9,"hv":9,"mp":0,"y0":2017,"y1":2026,"sp":[[1,5,5,0,2019,2026],[2,2,2,0,2017,2023],[11,1,1,0,2017,2017],[4,1,1,0,2025,2025]]}},{"type":"Feature","geometry":{"type":"Polygon","coordinates":[[[-150.22057,63.46553],[-150.22334,63.46421],[-150.22229,63.4626],[-150.21846,63.46231],[-150.21568,63.46363],[-150.21674,63.46524],[-150.22057,63.46553]]]},"properties":{"cell":"890c769617bffff","res":9,"coarsened":false,"count":5,"hv":5,"mp":0,"y0":2014,"y1":2021,"sp":[[1,2,2,0,2017,2021],[5,1,1,0,2018,2018],[33,1,1,0,2021,2021],[7,1,1,0,2014,2014]]}},{"type":"Feature","geometry":{"type":"Polygon","coordinates":[[[-148.89438,63.73606],[-148.89724,63.73477],[-148.89627,63.73315],[-148.89244,63.73282],[-148.88957,63.73411],[-148.89054,63.73573],[-148.89438,63.73606]]]},"properties":{"cell":"890c74d4e3bffff","res":9,"coarsened":false,"count":13,"hv":13,"mp":0,"y0":2009,"y1":2026,"sp":[[2,9,9,0,2016,2026],[36,1,1,0,2009,2009],[43,1,1,0,2021,2021],[28,1,1,0,2021,2021],[67,1,1,0,2016,2016]]}},{"type":"Feature","geometry":{"type":"Polygon","coordinates":[[[-150.4783,63.29991],[-150.48104,63.29859],[-150.47998,63.29698],[-150.47617,63.2967],[-150.47343,63.29802],[-150.47449,63.29963],[-150.4783,63.29991]]]},"properties":{"cell":"890c768551bffff","res":9,"coarsened":false,"count":1,"hv":1,"mp":0,"y0":2017,"y1":2017,"sp":[[8,1,1,0,2017,2017]]}},{"type":"Feature","geometry":{"type":"Polygon","coordinates":[[[-150.49107,63.31917],[-150.49382,63.31784],[-150.49275,63.31624],[-150.48894,63.31596],[-150.48619,63.31728],[-150.48726,63.31888],[-150.49107,63.31917]]]},"properties":{"cell":"890c7685497ffff","res":9,"coarsened":false,"count":1,"hv":1,"mp":0,"y0":2017,"y1":2017,"sp":[[2,1,1,0,2017,2017]]}},{"type":"Feature","geometry":{"type":"Polygon","coordinates":[[[-150.51395,63.32085],[-150.57908,63.30425],[-150.58328,63.27252],[-150.52252,63.2574],[-150.4575,63.27396],[-150.45313,63.30568],[-150.51395,63.32085]]]},"properties":{"cell":"860c76857ffffff","res":6,"coarsened":true,"count":2,"hv":2,"mp":0,"y0":2017,"y1":2017,"sp":[[0,2,2,0,2017,2017]]}},{"type":"Feature","geometry":{"type":"Polygon","coordinates":[[[-150.50284,63.29867],[-150.50559,63.29734],[-150.50452,63.29574],[-150.50071,63.29546],[-150.49797,63.29678],[-150.49903,63.29839],[-150.50284,63.29867]]]},"properties":{"cell":"890c7685097ffff","res":9,"coarsened":false,"count":1,"hv":1,"mp":0,"y0":2017,"y1":2017,"sp":[[1,1,1,0,2017,2017]]}},{"type":"Feature","geometry":{"type":"Polygon","coordinates":[[[-149.0216,63.71765],[-149.02446,63.71635],[-149.02348,63.71473],[-149.01965,63.71441],[-149.01679,63.71571],[-149.01777,63.71733],[-149.0216,63.71765]]]},"properties":{"cell":"890c74d5aafffff","res":9,"coarsened":false,"count":9,"hv":9,"mp":0,"y0":2007,"y1":2026,"sp":[[2,3,3,0,2017,2026],[11,3,3,0,2007,2024],[26,1,1,0,2025,2025],[16,1,1,0,2025,2025],[1,1,1,0,2026,2026]]}},{"type":"Feature","geometry":{"type":"Polygon","coordinates":[[[-148.85618,63.7574],[-148.92317,63.74159],[-148.9296,63.70985],[-148.86921,63.69394],[-148.80233,63.70973],[-148.79573,63.74145],[-148.85618,63.7574]]]},"properties":{"cell":"860c74d4fffffff","res":6,"coarsened":true,"count":10,"hv":10,"mp":0,"y0":2004,"y1":2026,"sp":[[0,7,7,0,2004,2026],[63,3,3,0,2021,2026]]}},{"type":"Feature","geometry":{"type":"Polygon","coordinates":[[[-149.63312,63.58216],[-149.63594,63.58085],[-149.63492,63.57924],[-149.63109,63.57893],[-149.62828,63.58024],[-149.62929,63.58185],[-149.63312,63.58216]]]},"properties":{"cell":"890c745228bffff","res":9,"coarsened":false,"count":1,"hv":1,"mp":0,"y0":2017,"y1":2017,"sp":[[7,1,1,0,2017,2017]]}},{"type":"Feature","geometry":{"type":"Polygon","coordinates":[[[-149.72358,63.55258],[-149.72639,63.55127],[-149.72537,63.54965],[-149.72154,63.54935],[-149.71873,63.55066],[-149.71975,63.55227],[-149.72358,63.55258]]]},"properties":{"cell":"890c745332fffff","res":9,"coarsened":false,"count":10,"hv":10,"mp":0,"y0":2017,"y1":2026,"sp":[[1,3,3,0,2019,2026],[4,2,2,0,2023,2024],[11,2,2,0,2025,2026],[29,1,1,0,2017,2017],[58,1,1,0,2022,2022],[12,1,1,0,2025,2025]]}},{"type":"Feature","geometry":{"type":"Polygon","coordinates":[[[-150.22889,63.46157],[-150.23167,63.46025],[-150.23062,63.45864],[-150.22679,63.45835],[-150.22401,63.45967],[-150.22506,63.46128],[-150.22889,63.46157]]]},"properties":{"cell":"890c76963a7ffff","res":9,"coarsened":false,"count":2,"hv":2,"mp":0,"y0":1980,"y1":2017,"sp":[[60,1,1,0,2017,2017],[1,1,1,0,1980,1980]]}},{"type":"Feature","geometry":{"type":"Polygon","coordinates":[[[-150.07968,63.5007],[-150.08246,63.49939],[-150.08142,63.49778],[-150.07759,63.49748],[-150.0748,63.4988],[-150.07585,63.50041],[-150.07968,63.5007]]]},"properties":{"cell":"890c74595dbffff","res":9,"coarsened":false,"count":2,"hv":2,"mp":0,"y0":2017,"y1":2020,"sp":[[1,2,2,0,2017,2020]]}},{"type":"Feature","geometry":{"type":"Polygon","coordinates":[[[-150.21884,63.46846],[-150.22162,63.46714],[-150.22057,63.46553],[-150.21674,63.46524],[-150.21396,63.46656],[-150.21501,63.46817],[-150.21884,63.46846]]]},"properties":{"cell":"890c7696147ffff","res":9,"coarsened":false,"count":1,"hv":1,"mp":0,"y0":2017,"y1":2017,"sp":[[5,1,1,0,2017,2017]]}},{"type":"Feature","geometry":{"type":"Polygon","coordinates":[[[-150.13012,63.46631],[-150.1329,63.46499],[-150.13185,63.46338],[-150.12803,63.46309],[-150.12525,63.46441],[-150.12629,63.46602],[-150.13012,63.46631]]]},"properties":{"cell":"890c745931bffff","res":9,"coarsened":false,"count":1,"hv":1,"mp":0,"y0":2017,"y1":2017,"sp":[[7,1,1,0,2017,2017]]}},{"type":"Feature","geometry":{"type":"Polygon","coordinates":[[[-149.62107,63.59193],[-149.62389,63.59062],[-149.62288,63.58901],[-149.61904,63.5887],[-149.61623,63.59001],[-149.61724,63.59162],[-149.62107,63.59193]]]},"properties":{"cell":"890c745263bffff","res":9,"coarsened":false,"count":4,"hv":4,"mp":0,"y0":2017,"y1":2026,"sp":[[7,3,3,0,2025,2026],[2,1,1,0,2017,2017]]}},{"type":"Feature","geometry":{"type":"Polygon","coordinates":[[[-150.6355,63.44276],[-150.63825,63.44143],[-150.63717,63.43982],[-150.63334,63.43954],[-150.63058,63.44087],[-150.63166,63.44248],[-150.6355,63.44276]]]},"properties":{"cell":"890c768358fffff","res":9,"coarsened":false,"count":1,"hv":1,"mp":0,"y0":2017,"y1":2017,"sp":[[61,1,1,0,2017,2017]]}},{"type":"Feature","geometry":{"type":"Polygon","coordinates":[[[-149.26128,63.7223],[-149.26413,63.72099],[-149.26313,63.71938],[-149.25929,63.71906],[-149.25644,63.72036],[-149.25744,63.72198],[-149.26128,63.7223]]]},"properties":{"cell":"890c74c007bffff","res":9,"coarsened":false,"count":21,"hv":21,"mp":0,"y0":2017,"y1":2026,"sp":[[26,5,5,0,2021,2024],[10,4,4,0,2024,2026],[43,3,3,0,2017,2024],[44,3,3,0,2022,2024],[2,2,2,0,2022,2026],[36,1,1,0,2021,2021],[6,1,1,0,2022,2022],[19,1,1,0,2026,2026],[77,1,1,0,2024,2024]]}},{"type":"Feature","geometry":{"type":"Polygon","coordinates":[[[-148.98144,63.72348],[-148.9843,63.72218],[-148.98332,63.72056],[-148.97949,63.72024],[-148.97663,63.72153],[-148.97761,63.72315],[-148.98144,63.72348]]]},"properties":{"cell":"890c74d5833ffff","res":9,"coarsened":false,"count":5,"hv":5,"mp":0,"y0":2017,"y1":2023,"sp":[[43,2,2,0,2018,2019],[62,1,1,0,2017,2017],[78,1,1,0,2019,2019],[11,1,1,0,2023,2023]]}},{"type":"Feature","geometry":{"type":"Polygon","coordinates":[[[-150.57064,63.36775],[-150.63587,63.35112],[-150.64,63.31937],[-150.57908,63.30425],[-150.51395,63.32085],[-150.50965,63.35259],[-150.57064,63.36775]]]},"properties":{"cell":"860c7680fffffff","res":6,"coarsened":true,"count":2,"hv":2,"mp":0,"y0":2017,"y1":2017,"sp":[[0,2,2,0,2017,2017]]}},{"type":"Feature","geometry":{"type":"Polygon","coordinates":[[[-149.61443,63.59293],[-149.61724,63.59162],[-149.61623,63.59001],[-149.6124,63.5897],[-149.60958,63.59101],[-149.61059,63.59262],[-149.61443,63.59293]]]},"properties":{"cell":"890c7452633ffff","res":9,"coarsened":false,"count":10,"hv":10,"mp":0,"y0":2010,"y1":2026,"sp":[[4,4,4,0,2017,2026],[1,3,3,0,2010,2026],[7,3,3,0,2023,2025]]}},{"type":"Feature","geometry":{"type":"Polygon","coordinates":[[[-149.26797,63.72131],[-149.27082,63.72001],[-149.26982,63.71839],[-149.26598,63.71807],[-149.26313,63.71938],[-149.26413,63.72099],[-149.26797,63.72131]]]},"properties":{"cell":"890c74c02b7ffff","res":9,"coarsened":false,"count":7,"hv":7,"mp":0,"y0":2012,"y1":2026,"sp":[[10,3,3,0,2012,2026],[2,2,2,0,2024,2026],[26,1,1,0,2017,2017],[1,1,1,0,2023,2023]]}},{"type":"Feature","geometry":{"type":"Polygon","coordinates":[[[-149.29632,63.74363],[-149.29917,63.74232],[-149.29817,63.7407],[-149.29432,63.74039],[-149.29147,63.74169],[-149.29247,63.74331],[-149.29632,63.74363]]]},"properties":{"cell":"890c74c0653ffff","res":9,"coarsened":false,"count":67,"hv":67,"mp":0,"y0":2007,"y1":2026,"sp":[[4,23,23,0,2011,2026],[11,21,21,0,2007,2026],[6,9,9,0,2012,2026],[2,4,4,0,2018,2026],[14,4,4,0,2012,2026],[7,2,2,0,2013,2023],[10,2,2,0,2018,2019],[31,2,2,0,2022,2025]]}},{"type":"Feature","geometry":{"type":"Polygon","coordinates":[[[-149.29262,63.74947],[-149.29547,63.74817],[-149.29447,63.74655],[-149.29062,63.74623],[-149.28777,63.74753],[-149.28877,63.74915],[-149.29262,63.74947]]]},"properties":{"cell":"890c74c06dbffff","res":9,"coarsened":false,"count":29,"hv":29,"mp":0,"y0":2006,"y1":2026,"sp":[[4,12,12,0,2015,2026],[8,4,4,0,2006,2025],[11,3,3,0,2011,2024],[7,3,3,0,2025,2026],[33,2,2,0,2011,2019],[6,2,2,0,2022,2026],[31,1,1,0,2019,2019],[38,1,1,0,2021,2021],[12,1,1,0,2022,2022]]}},{"type":"Feature","geometry":{"type":"Polygon","coordinates":[[[-149.44473,63.72965],[-149.44758,63.72834],[-149.44657,63.72672],[-149.44272,63.72641],[-149.43988,63.72772],[-149.44089,63.72933],[-149.44473,63.72965]]]},"properties":{"cell":"890c74ca533ffff","res":9,"coarsened":false,"count":1,"hv":1,"mp":0,"y0":2017,"y1":2017,"sp":[[11,1,1,0,2017,2017]]}},{"type":"Feature","geometry":{"type":"Polygon","coordinates":[[[-148.91928,63.73511],[-148.92214,63.73381],[-148.92117,63.73219],[-148.91734,63.73187],[-148.91447,63.73316],[-148.91545,63.73478],[-148.91928,63.73511]]]},"properties":{"cell":"890c74d5db7ffff","res":9,"coarsened":false,"count":50,"hv":50,"mp":0,"y0":2014,"y1":2026,"sp":[[2,20,20,0,2014,2026],[36,5,5,0,2014,2024],[10,4,4,0,2019,2026],[43,3,3,0,2019,2023],[19,3,3,0,2016,2023],[67,2,2,0,2019,2019],[14,2,2,0,2023,2023],[26,1,1,0,2017,2017],[70,1,1,0,2019,2019],[39,1,1,0,2019,2019],[102,1,1,0,2023,2023],[13,1,1,0,2023,2023],[37,1,1,0,2025,2025],[29,1,1,0,2025,2025],[1,1,1,0,2026,2026],[131,1,1,0,2026,2026],[11,1,1,0,2025,2025],[57,1,1,0,2024,2024]]}},{"type":"Feature","geometry":{"type":"Polygon","coordinates":[[[-148.95843,63.72153],[-148.96129,63.72023],[-148.96032,63.71861],[-148.95649,63.71829],[-148.95363,63.71958],[-148.9546,63.7212],[-148.95843,63.72153]]]},"properties":{"cell":"890c74d59d7ffff","res":9,"coarsened":false,"count":3,"hv":3,"mp":0,"y0":2005,"y1":2017,"sp":[[2,2,2,0,2017,2017],[36,1,1,0,2005,2005]]}},{"type":"Feature","geometry":{"type":"Polygon","coordinates":[[[-149.47212,63.71497],[-149.47495,63.71367],[-149.47394,63.71205],[-149.4701,63.71174],[-149.46726,63.71304],[-149.46827,63.71466],[-149.47212,63.71497]]]},"properties":{"cell":"890c74ca11bffff","res":9,"coarsened":false,"count":4,"hv":4,"mp":0,"y0":2017,"y1":2026,"sp":[[1,4,4,0,2017,2026]]}},{"type":"Feature","geometry":{"type":"Polygon","coordinates":[[[-150.12111,63.49163],[-150.12389,63.49031],[-150.12285,63.4887],[-150.11902,63.48841],[-150.11623,63.48973],[-150.11728,63.49134],[-150.12111,63.49163]]]},"properties":{"cell":"890c74590c3ffff","res":9,"coarsened":false,"count":2,"hv":2,"mp":0,"y0":2016,"y1":2017,"sp":[[1,2,2,0,2016,2017]]}},{"type":"Feature","geometry":{"type":"Polygon","coordinates":[[[-150.27709,63.44073],[-150.27986,63.43941],[-150.27881,63.4378],[-150.27498,63.43752],[-150.27221,63.43884],[-150.27327,63.44045],[-150.27709,63.44073]]]},"properties":{"cell":"890c7694547ffff","res":9,"coarsened":false,"count":4,"hv":4,"mp":0,"y0":2016,"y1":2019,"sp":[[1,2,2,0,2016,2017],[60,1,1,0,2017,2017],[5,1,1,0,2019,2019]]}},{"type":"Feature","geometry":{"type":"Polygon","coordinates":[[[-149.80142,63.5434],[-149.80422,63.54209],[-149.8032,63.54048],[-149.79937,63.54018],[-149.79656,63.54149],[-149.79759,63.5431],[-149.80142,63.5434]]]},"properties":{"cell":"890c74510dbffff","res":9,"coarsened":false,"count":6,"hv":6,"mp":0,"y0":2014,"y1":2025,"sp":[[3,3,3,0,2014,2021],[4,1,1,0,2022,2022],[7,1,1,0,2019,2019],[96,1,1,0,2025,2025]]}},{"type":"Feature","geometry":{"type":"Polygon","coordinates":[[[-150.26046,63.44866],[-150.26323,63.44734],[-150.26218,63.44573],[-150.25835,63.44544],[-150.25558,63.44676],[-150.25664,63.44837],[-150.26046,63.44866]]]},"properties":{"cell":"890c769458bffff","res":9,"coarsened":false,"count":5,"hv":5,"mp":0,"y0":2012,"y1":2019,"sp":[[60,2,2,0,2017,2017],[1,2,2,0,2012,2012],[5,1,1,0,2019,2019]]}},{"type":"Feature","geometry":{"type":"Polygon","coordinates":[[[-149.62648,63.58316],[-149.62929,63.58185],[-149.62828,63.58024],[-149.62445,63.57993],[-149.62163,63.58124],[-149.62265,63.58286],[-149.62648,63.58316]]]},"properties":{"cell":"890c7452283ffff","res":9,"coarsened":false,"count":5,"hv":5,"mp":0,"y0":2017,"y1":2024,"sp":[[1,2,2,0,2019,2022],[2,1,1,0,2017,2017],[4,1,1,0,2023,2023],[66,1,1,0,2024,2024]]}},{"type":"Feature","geometry":{"type":"Polygon","coordinates":[[[-150.08629,63.49968],[-150.08908,63.49836],[-150.08803,63.49675],[-150.0842,63.49646],[-150.08142,63.49778],[-150.08246,63.49939],[-150.08629,63.49968]]]},"properties":{"cell":"890c7459437ffff","res":9,"coarsened":false,"count":2,"hv":2,"mp":0,"y0":2017,"y1":2019,"sp":[[10,1,1,0,2017,2017],[2,1,1,0,2019,2019]]}},{"type":"Feature","geometry":{"type":"Polygon","coordinates":[[[-150.88574,63.49891],[-150.88849,63.49757],[-150.88739,63.49597],[-150.88354,63.49569],[-150.88079,63.49703],[-150.88189,63.49864],[-150.88574,63.49891]]]},"properties":{"cell":"890c769845bffff","res":9,"coarsened":false,"count":8,"hv":8,"mp":0,"y0":2014,"y1":2026,"sp":[[2,4,4,0,2015,2025],[6,2,2,0,2017,2021],[36,1,1,0,2014,2014],[40,1,1,0,2026,2026]]}},{"type":"Feature","geometry":{"type":"Polygon","coordinates":[[[-150.88079,63.46492],[-150.88353,63.46359],[-150.88243,63.46198],[-150.87859,63.46171],[-150.87584,63.46304],[-150.87694,63.46465],[-150.88079,63.46492]]]},"properties":{"cell":"890c769839bffff","res":9,"coarsened":false,"count":1,"hv":1,"mp":0,"y0":2017,"y1":2017,"sp":[[19,1,1,0,2017,2017]]}},{"type":"Feature","geometry":{"type":"Polygon","coordinates":[[[-149.4648,63.72667],[-149.46764,63.72536],[-149.46663,63.72374],[-149.46278,63.72343],[-149.45994,63.72474],[-149.46095,63.72635],[-149.4648,63.72667]]]},"properties":{"cell":"890c74ca563ffff","res":9,"coarsened":false,"count":4,"hv":4,"mp":0,"y0":2017,"y1":2025,"sp":[[7,1,1,0,2017,2017],[59,1,1,0,2021,2021],[11,1,1,0,2023,2023],[5,1,1,0,2025,2025]]}},{"type":"Feature","geometry":{"type":"Polygon","coordinates":[[[-149.49457,63.75673],[-149.56131,63.74061],[-149.56691,63.7088],[-149.50595,63.69314],[-149.43932,63.70924],[-149.43355,63.74103],[-149.49457,63.75673]]]},"properties":{"cell":"860c74ca7ffffff","res":6,"coarsened":true,"count":20,"hv":20,"mp":0,"y0":2004,"y1":2026,"sp":[[0,20,20,0,2004,2026]]}},{"type":"Feature","geometry":{"type":"Polygon","coordinates":[[[-148.96221,63.7157],[-148.96506,63.7144],[-148.96409,63.71278],[-148.96026,63.71246],[-148.9574,63.71375],[-148.95837,63.71537],[-148.96221,63.7157]]]},"properties":{"cell":"890c74d591bffff","res":9,"coarsened":false,"count":3,"hv":3,"mp":0,"y0":2017,"y1":2017,"sp":[[10,1,1,0,2017,2017],[43,1,1,0,2017,2017],[36,1,1,0,2017,2017]]}},{"type":"Feature","geometry":{"type":"Polygon","coordinates":[[[-150.98498,63.53648],[-150.98773,63.53515],[-150.98662,63.53354],[-150.98276,63.53327],[-150.98001,63.5346],[-150.98112,63.53621],[-150.98498,63.53648]]]},"properties":{"cell":"890c769b643ffff","res":9,"coarsened":false,"count":8,"hv":8,"mp":0,"y0":2012,"y1":2026,"sp":[[130,3,3,0,2024,2025],[64,2,2,0,2025,2026],[11,1,1,0,2012,2012],[10,1,1,0,2025,2025],[70,1,1,0,2026,2026]]}},{"type":"Feature","geometry":{"type":"Polygon","coordinates":[[[-149.03311,63.71862],[-149.03597,63.71732],[-149.03499,63.7157],[-149.03115,63.71538],[-149.0283,63.71668],[-149.02927,63.7183],[-149.03311,63.71862]]]},"properties":{"cell":"890c74d5a07ffff","res":9,"coarsened":false,"count":2,"hv":2,"mp":0,"y0":2017,"y1":2023,"sp":[[31,1,1,0,2017,2017],[16,1,1,0,2023,2023]]}},{"type":"Feature","geometry":{"type":"Polygon","coordinates":[[[-149.23339,63.71845],[-149.23624,63.71715],[-149.23525,63.71553],[-149.23141,63.71521],[-149.22856,63.71652],[-149.22955,63.71813],[-149.23339,63.71845]]]},"properties":{"cell":"890c74c0027ffff","res":9,"coarsened":false,"count":2,"hv":2,"mp":0,"y0":2017,"y1":2019,"sp":[[7,1,1,0,2017,2017],[2,1,1,0,2019,2019]]}},{"type":"Feature","geometry":{"type":"Polygon","coordinates":[[[-150.7977,63.66564],[-150.80048,63.66431],[-150.79937,63.6627],[-150.7955,63.66242],[-150.79272,63.66376],[-150.79383,63.66537],[-150.7977,63.66564]]]},"properties":{"cell":"890c296752fffff","res":9,"coarsened":false,"count":1,"hv":1,"mp":0,"y0":2015,"y1":2015,"sp":[[8,1,1,0,2015,2015]]}},{"type":"Feature","geometry":{"type":"Polygon","coordinates":[[[-149.61983,63.58416],[-149.62265,63.58286],[-149.62163,63.58124],[-149.6178,63.58093],[-149.61498,63.58224],[-149.616,63.58386],[-149.61983,63.58416]]]},"properties":{"cell":"890c7452297ffff","res":9,"coarsened":false,"count":5,"hv":5,"mp":0,"y0":1971,"y1":2026,"sp":[[4,2,2,0,2024,2026],[7,1,1,0,2017,2017],[2,1,1,0,2023,2023],[82,1,1,0,1971,1971]]}},{"type":"Feature","geometry":{"type":"Polygon","coordinates":[[[-149.67891,63.55669],[-149.68172,63.55538],[-149.6807,63.55377],[-149.67687,63.55346],[-149.67406,63.55477],[-149.67508,63.55639],[-149.67891,63.55669]]]},"properties":{"cell":"890c7450697ffff","res":9,"coarsened":false,"count":17,"hv":17,"mp":0,"y0":2017,"y1":2026,"sp":[[1,10,10,0,2021,2026],[4,3,3,0,2024,2026],[12,1,1,0,2017,2017],[11,1,1,0,2024,2024],[7,1,1,0,2025,2025],[29,1,1,0,2026,2026]]}},{"type":"Feature","geometry":{"type":"Polygon","coordinates":[[[-149.86287,63.53138],[-149.86567,63.53006],[-149.86464,63.52845],[-149.86081,63.52815],[-149.85801,63.52947],[-149.85904,63.53108],[-149.86287,63.53138]]]},"properties":{"cell":"890c745a52fffff","res":9,"coarsened":false,"count":3,"hv":3,"mp":0,"y0":2017,"y1":2019,"sp":[[1,1,1,0,2017,2017],[4,1,1,0,2017,2017],[2,1,1,0,2019,2019]]}},{"type":"Feature","geometry":{"type":"Polygon","coordinates":[[[-150.3135,63.42971],[-150.31627,63.42839],[-150.31521,63.42678],[-150.31138,63.42649],[-150.30862,63.42781],[-150.30967,63.42942],[-150.3135,63.42971]]]},"properties":{"cell":"890c7694077ffff","res":9,"coarsened":false,"count":7,"hv":7,"mp":0,"y0":2016,"y1":2021,"sp":[[4,6,6,0,2016,2021],[11,1,1,0,2017,2017]]}},{"type":"Feature","geometry":{"type":"Polygon","coordinates":[[[-149.3651,63.73083],[-149.36795,63.72953],[-149.36694,63.72791],[-149.3631,63.7276],[-149.36025,63.7289],[-149.36125,63.73052],[-149.3651,63.73083]]]},"properties":{"cell":"890c74c108fffff","res":9,"coarsened":false,"count":15,"hv":15,"mp":0,"y0":2011,"y1":2026,"sp":[[11,6,6,0,2011,2025],[2,4,4,0,2017,2026],[1,3,3,0,2021,2025],[7,1,1,0,2011,2011],[16,1,1,0,2025,2025]]}},{"type":"Feature","geometry":{"type":"Polygon","coordinates":[[[-149.16427,63.71271],[-149.16712,63.71141],[-149.16613,63.70979],[-149.16229,63.70947],[-149.15944,63.71077],[-149.16043,63.71239],[-149.16427,63.71271]]]},"properties":{"cell":"890c74c2a2bffff","res":9,"coarsened":false,"count":12,"hv":12,"mp":0,"y0":2002,"y1":2026,"sp":[[2,5,5,0,2024,2026],[11,2,2,0,2002,2022],[1,2,2,0,2022,2024],[7,1,1,0,2022,2022],[16,1,1,0,2024,2024],[131,1,1,0,2026,2026]]}},{"type":"Feature","geometry":{"type":"Polygon","coordinates":[[[-149.06951,63.71861],[-149.07237,63.71731],[-149.07139,63.71569],[-149.06755,63.71537],[-149.06469,63.71667],[-149.06568,63.71829],[-149.06951,63.71861]]]},"properties":{"cell":"890c74c2987ffff","res":9,"coarsened":false,"count":11,"hv":11,"mp":0,"y0":2014,"y1":2025,"sp":[[2,3,3,0,2022,2024],[31,2,2,0,2017,2022],[16,2,2,0,2024,2024],[26,1,1,0,2018,2018],[9,1,1,0,2014,2014],[11,1,1,0,2025,2025],[142,1,1,0,2024,2024]]}},{"type":"Feature","geometry":{"type":"Polygon","coordinates":[[[-149.39333,63.67631],[-149.39616,63.67501],[-149.39516,63.67339],[-149.39132,63.67308],[-149.38849,63.67438],[-149.38949,63.676],[-149.39333,63.67631]]]},"properties":{"cell":"890c74cad2fffff","res":9,"coarsened":false,"count":1,"hv":1,"mp":0,"y0":2015,"y1":2015,"sp":[[1,1,1,0,2015,2015]]}},{"type":"Feature","geometry":{"type":"Polygon","coordinates":[[[-150.89565,63.50267],[-150.8984,63.50133],[-150.8973,63.49973],[-150.89345,63.49945],[-150.89069,63.50079],[-150.8918,63.5024],[-150.89565,63.50267]]]},"properties":{"cell":"890c769b12bffff","res":9,"coarsened":false,"count":2,"hv":2,"mp":0,"y0":2009,"y1":2015,"sp":[[2,1,1,0,2015,2015],[11,1,1,0,2009,2009]]}},{"type":"Feature","geometry":{"type":"Polygon","coordinates":[[[-150.89071,63.53291],[-150.89347,63.53158],[-150.89236,63.52997],[-150.8885,63.52969],[-150.88575,63.53103],[-150.88685,63.53264],[-150.89071,63.53291]]]},"properties":{"cell":"890c769b51bffff","res":9,"coarsened":false,"count":2,"hv":2,"mp":0,"y0":2015,"y1":2019,"sp":[[4,2,2,0,2015,2019]]}},{"type":"Feature","geometry":{"type":"Polygon","coordinates":[[[-150.20824,63.43554],[-150.21101,63.43422],[-150.20996,63.43261],[-150.20614,63.43232],[-150.20337,63.43364],[-150.20442,63.43525],[-150.20824,63.43554]]]},"properties":{"cell":"890c769684bffff","res":9,"coarsened":false,"count":1,"hv":1,"mp":0,"y0":2015,"y1":2015,"sp":[[1,1,1,0,2015,2015]]}},{"type":"Feature","geometry":{"type":"Polygon","coordinates":[[[-150.15276,63.47874],[-150.15554,63.47742],[-150.15449,63.47581],[-150.15066,63.47552],[-150.14788,63.47684],[-150.14893,63.47845],[-150.15276,63.47874]]]},"properties":{"cell":"890c7459217ffff","res":9,"coarsened":false,"count":2,"hv":2,"mp":0,"y0":2015,"y1":2021,"sp":[[2,1,1,0,2015,2015],[1,1,1,0,2021,2021]]}},{"type":"Feature","geometry":{"type":"Polygon","coordinates":[[[-149.96051,63.51907],[-149.9633,63.51776],[-149.96226,63.51615],[-149.95843,63.51585],[-149.95564,63.51717],[-149.95667,63.51878],[-149.96051,63.51907]]]},"properties":{"cell":"890c745a22bffff","res":9,"coarsened":false,"count":2,"hv":2,"mp":0,"y0":2015,"y1":2021,"sp":[[1,1,1,0,2015,2015],[7,1,1,0,2021,2021]]}},{"type":"Feature","geometry":{"type":"Polygon","coordinates":[[[-150.52036,63.33048],[-150.5231,63.32915],[-150.52204,63.32755],[-150.51822,63.32727],[-150.51547,63.32859],[-150.51654,63.3302],[-150.52036,63.33048]]]},"properties":{"cell":"890c768724bffff","res":9,"coarsened":false,"count":1,"hv":1,"mp":0,"y0":2017,"y1":2017,"sp":[[10,1,1,0,2017,2017]]}},{"type":"Feature","geometry":{"type":"Polygon","coordinates":[[[-150.50723,63.33257],[-150.50998,63.33124],[-150.50891,63.32964],[-150.50509,63.32936],[-150.50235,63.33068],[-150.50341,63.33229],[-150.50723,63.33257]]]},"properties":{"cell":"890c7687257ffff","res":9,"coarsened":false,"count":1,"hv":1,"mp":0,"y0":2017,"y1":2017,"sp":[[1,1,1,0,2017,2017]]}},{"type":"Feature","geometry":{"type":"Polygon","coordinates":[[[-150.51836,63.35476],[-150.52111,63.35343],[-150.52004,63.35183],[-150.51622,63.35155],[-150.51347,63.35287],[-150.51454,63.35448],[-150.51836,63.35476]]]},"properties":{"cell":"890c7680d93ffff","res":9,"coarsened":false,"count":1,"hv":1,"mp":0,"y0":2017,"y1":2017,"sp":[[11,1,1,0,2017,2017]]}},{"type":"Feature","geometry":{"type":"Polygon","coordinates":[[[-148.90879,63.7419],[-148.91166,63.74061],[-148.91069,63.73899],[-148.90685,63.73866],[-148.90399,63.73996],[-148.90496,63.74158],[-148.90879,63.7419]]]},"properties":{"cell":"890c74d4e57ffff","res":9,"coarsened":false,"count":142,"hv":142,"mp":0,"y0":1978,"y1":2026,"sp":[[36,26,26,0,2013,2026],[2,25,25,0,2017,2026],[43,14,14,0,2008,2025],[26,14,14,0,2015,2026],[15,10,10,0,2006,2025],[35,5,5,0,2019,2026],[20,5,5,0,2024,2026],[131,5,5,0,2024,2026],[79,4,4,0,2021,2026],[102,4,4,0,2026,2026],[10,3,3,0,2019,2023],[75,3,3,0,2018,2024],[28,3,3,0,2024,2025],[30,2,2,0,2019,2019],[13,2,2,0,2016,2021],[81,2,2,0,1978,2021],[44,2,2,0,2023,2023],[67,2,2,0,2016,2025],[11,2,2,0,2008,2008],[21,1,1,0,2022,2022],[76,1,1,0,2023,2023],[45,1,1,0,2024,2024],[16,1,1,0,2025,2025],[73,1,1,0,2026,2026],[155,1,1,0,2024,2024],[70,1,1,0,2016,2016],[124,1,1,0,2008,2008],[134,1,1,0,2008,2008]]}},{"type":"Feature","geometry":{"type":"Polygon","coordinates":[[[-149.07621,63.71764],[-149.07906,63.71634],[-149.07808,63.71472],[-149.07424,63.7144],[-149.07139,63.71569],[-149.07237,63.71731],[-149.07621,63.71764]]]},"properties":{"cell":"890c74c298fffff","res":9,"coarsened":false,"count":15,"hv":15,"mp":0,"y0":2007,"y1":2026,"sp":[[2,8,8,0,2013,2026],[1,3,3,0,2011,2022],[11,2,2,0,2007,2025],[4,1,1,0,2022,2022],[16,1,1,0,2024,2024]]}},{"type":"Feature","geometry":{"type":"Polygon","coordinates":[[[-150.38798,63.23983],[-150.39072,63.23851],[-150.38967,63.2369],[-150.38587,63.23662],[-150.38312,63.23794],[-150.38418,63.23954],[-150.38798,63.23983]]]},"properties":{"cell":"890c7684a1bffff","res":9,"coarsened":false,"count":1,"hv":1,"mp":0,"y0":2017,"y1":2017,"sp":[[8,1,1,0,2017,2017]]}},{"type":"Feature","geometry":{"type":"Polygon","coordinates":[[[-149.2147,63.46226],[-149.21752,63.46096],[-149.21654,63.45935],[-149.21274,63.45903],[-149.20992,63.46033],[-149.2109,63.46194],[-149.2147,63.46226]]]},"properties":{"cell":"890c7419ec3ffff","res":9,"coarsened":false,"count":1,"hv":1,"mp":0,"y0":2015,"y1":2015,"sp":[[2,1,1,0,2015,2015]]}},{"type":"Feature","geometry":{"type":"Polygon","coordinates":[[[-150.59922,63.30725],[-150.60196,63.30592],[-150.60089,63.30432],[-150.59707,63.30404],[-150.59433,63.30536],[-150.5954,63.30697],[-150.59922,63.30725]]]},"properties":{"cell":"890c7680b6fffff","res":9,"coarsened":false,"count":1,"hv":1,"mp":0,"y0":2009,"y1":2009,"sp":[[4,1,1,0,2009,2009]]}},{"type":"Feature","geometry":{"type":"Polygon","coordinates":[[[-150.18257,63.35717],[-150.18534,63.35586],[-150.18429,63.35425],[-150.18048,63.35396],[-150.17772,63.35528],[-150.17876,63.35689],[-150.18257,63.35717]]]},"properties":{"cell":"890c744943bffff","res":9,"coarsened":false,"count":1,"hv":1,"mp":0,"y0":2014,"y1":2014,"sp":[[7,1,1,0,2014,2014]]}},{"type":"Feature","geometry":{"type":"Polygon","coordinates":[[[-148.93646,63.72735],[-148.93932,63.72605],[-148.93835,63.72443],[-148.93451,63.72411],[-148.93165,63.7254],[-148.93262,63.72702],[-148.93646,63.72735]]]},"properties":{"cell":"890c74d5d23ffff","res":9,"coarsened":false,"count":17,"hv":17,"mp":0,"y0":2008,"y1":2026,"sp":[[2,4,4,0,2017,2026],[36,4,4,0,2021,2026],[11,2,2,0,2008,2008],[26,2,2,0,2025,2026],[43,1,1,0,2017,2017],[16,1,1,0,2021,2021],[31,1,1,0,2008,2008],[76,1,1,0,2008,2008],[4,1,1,0,2026,2026]]}},{"type":"Feature","geometry":{"type":"Polygon","coordinates":[[[-148.89817,63.73023],[-148.90103,63.72894],[-148.90006,63.72732],[-148.89623,63.72699],[-148.89336,63.72829],[-148.89433,63.72991],[-148.89817,63.73023]]]},"properties":{"cell":"890c74d4a93ffff","res":9,"coarsened":false,"count":22,"hv":22,"mp":0,"y0":2004,"y1":2026,"sp":[[36,11,11,0,2019,2026],[43,4,4,0,2017,2026],[29,2,2,0,2019,2026],[67,1,1,0,2019,2019],[14,1,1,0,2026,2026],[10,1,1,0,2026,2026],[75,1,1,0,2026,2026],[1,1,1,0,2004,2004]]}},{"type":"Feature","geometry":{"type":"Polygon","coordinates":[[[-148.91549,63.74094],[-148.91836,63.73964],[-148.91739,63.73802],[-148.91355,63.7377],[-148.91069,63.73899],[-148.91166,63.74061],[-148.91549,63.74094]]]},"properties":{"cell":"890c74d4e43ffff","res":9,"coarsened":false,"count":58,"hv":58,"mp":0,"y0":2011,"y1":2026,"sp":[[15,14,14,0,2015,2026],[43,8,8,0,2016,2025],[36,7,7,0,2019,2025],[44,4,4,0,2022,2025],[2,3,3,0,2011,2026],[70,3,3,0,2024,2026],[81,2,2,0,2022,2025],[13,2,2,0,2022,2025],[31,2,2,0,2024,2024],[20,2,2,0,2024,2025],[131,2,2,0,2024,2025],[26,2,2,0,2025,2026],[17,2,2,0,2026,2026],[35,1,1,0,2018,2018],[19,1,1,0,2022,2022],[28,1,1,0,2022,2022],[54,1,1,0,2024,2024],[47,1,1,0,2016,2016]]}},{"type":"Feature","geometry":{"type":"Polygon","coordinates":[[[-148.90778,63.73413],[-148.91064,63.73284],[-148.90967,63.73121],[-148.90583,63.73089],[-148.90297,63.73218],[-148.90394,63.7338],[-148.90778,63.73413]]]},"properties":{"cell":"890c74d4e63ffff","res":9,"coarsened":false,"count":8,"hv":8,"mp":0,"y0":2008,"y1":2026,"sp":[[43,2,2,0,2017,2026],[116,1,1,0,2008,2008],[10,1,1,0,2008,2008],[48,1,1,0,2019,2019],[2,1,1,0,2025,2025],[76,1,1,0,2026,2026],[70,1,1,0,2008,2008]]}},{"type":"Feature","geometry":{"type":"Polygon","coordinates":[[[-150.81019,63.36672],[-150.81293,63.36539],[-150.81184,63.36378],[-150.80801,63.36351],[-150.80527,63.36484],[-150.80636,63.36644],[-150.81019,63.36672]]]},"properties":{"cell":"890c7681267ffff","res":9,"coarsened":false,"count":7,"hv":7,"mp":0,"y0":2010,"y1":2010,"sp":[[7,1,1,0,2010,2010],[5,1,1,0,2010,2010],[2,1,1,0,2010,2010],[12,1,1,0,2010,2010],[43,1,1,0,2010,2010],[11,1,1,0,2010,2010],[8,1,1,0,2010,2010]]}},{"type":"Feature","geometry":{"type":"Polygon","coordinates":[[[-150.75415,63.41311],[-150.81942,63.39639],[-150.82332,63.3646],[-150.76213,63.34954],[-150.69696,63.36623],[-150.69289,63.39801],[-150.75415,63.41311]]]},"properties":{"cell":"860c76817ffffff","res":6,"coarsened":true,"count":7,"hv":7,"mp":0,"y0":1989,"y1":2026,"sp":[[0,7,7,0,1989,2026]]}},{"type":"Feature","geometry":{"type":"Polygon","coordinates":[[[-148.96014,63.70015],[-148.96299,63.69886],[-148.96202,63.69724],[-148.95819,63.69691],[-148.95533,63.69821],[-148.95631,63.69983],[-148.96014,63.70015]]]},"properties":{"cell":"890c74c6683ffff","res":9,"coarsened":false,"count":1,"hv":1,"mp":0,"y0":2018,"y1":2018,"sp":[[2,1,1,0,2018,2018]]}},{"type":"Feature","geometry":{"type":"Polygon","coordinates":[[[-148.96994,63.7225],[-148.9728,63.72121],[-148.97182,63.71959],[-148.96799,63.71926],[-148.96513,63.72056],[-148.9661,63.72218],[-148.96994,63.7225]]]},"properties":{"cell":"890c74d59dbffff","res":9,"coarsened":false,"count":94,"hv":94,"mp":0,"y0":2012,"y1":2026,"sp":[[43,20,20,0,2012,2026],[36,5,5,0,2012,2024],[2,5,5,0,2021,2026],[14,5,5,0,2022,2024],[44,3,3,0,2018,2018],[10,3,3,0,2012,2025],[26,3,3,0,2019,2022],[75,2,2,0,2022,2022],[16,2,2,0,2023,2025],[47,2,2,0,2019,2025],[11,2,2,0,2024,2024],[19,2,2,0,2018,2018],[6,2,2,0,2026,2026],[48,1,1,0,2019,2019],[139,1,1,0,2018,2018],[22,1,1,0,2018,2018],[31,1,1,0,2026,2026],[1,1,1,0,2026,2026],[30,1,1,0,null,null],[163,1,1,0,null,null],[32,1,1,0,null,null],[98,1,1,0,null,null],[180,1,1,0,null,null],[171,1,1,0,null,null],[70,1,1,0,null,null],[67,1,1,0,null,null],[28,1,1,0,null,null],[13,1,1,0,null,null],[100,1,1,0,null,null],[33,1,1,0,null,null],[82,1,1,0,null,null],[162,1,1,0,null,null],[140,1,1,0,null,null],[105,1,1,0,null,null],[88,1,1,0,null,null],[77,1,1,0,null,null],[76,1,1,0,null,null],[83,1,1,0,null,null],[59,1,1,0,null,null],[49,1,1,0,null,null],[58,1,1,0,null,null],[81,1,1,0,null,null],[29,1,1,0,null,null],[157,1,1,0,null,null],[66,1,1,0,null,null],[45,1,1,0,null,null],[50,1,1,0,null,null],[41,1,1,0,null,null],[90,1,1,0,null,null],[97,1,1,0,null,null],[168,1,1,0,null,null]]}},{"type":"Feature","geometry":{"type":"Polygon","coordinates":[[[-149.04649,63.71667],[-149.04935,63.71538],[-149.04837,63.71376],[-149.04454,63.71343],[-149.04168,63.71473],[-149.04266,63.71635],[-149.04649,63.71667]]]},"properties":{"cell":"890c74d5a73ffff","res":9,"coarsened":false,"count":5,"hv":5,"mp":0,"y0":1990,"y1":2022,"sp":[[2,3,3,0,1990,2018],[16,1,1,0,2022,2022],[28,1,1,0,2019,2019]]}},{"type":"Feature","geometry":{"type":"Polygon","coordinates":[[[-149.39069,63.7191],[-149.39353,63.71779],[-149.39252,63.71618],[-149.38868,63.71586],[-149.38584,63.71717],[-149.38684,63.71878],[-149.39069,63.7191]]]},"properties":{"cell":"890c74c106bffff","res":9,"coarsened":false,"count":13,"hv":13,"mp":0,"y0":2007,"y1":2026,"sp":[[1,8,8,0,2019,2026],[11,3,3,0,2025,2026],[5,2,2,0,2007,2024]]}},{"type":"Feature","geometry":{"type":"Polygon","coordinates":[[[-149.68554,63.55569],[-149.68835,63.55438],[-149.68734,63.55276],[-149.68351,63.55246],[-149.6807,63.55377],[-149.68172,63.55538],[-149.68554,63.55569]]]},"properties":{"cell":"890c7450683ffff","res":9,"coarsened":false,"count":28,"hv":28,"mp":0,"y0":2007,"y1":2026,"sp":[[1,13,13,0,2007,2026],[11,6,6,0,2015,2026],[4,5,5,0,2019,2025],[2,2,2,0,2024,2024],[7,1,1,0,2015,2015],[29,1,1,0,2024,2024]]}},{"type":"Feature","geometry":{"type":"Polygon","coordinates":[[[-150.15449,63.47581],[-150.15727,63.4745],[-150.15623,63.47289],[-150.1524,63.47259],[-150.14962,63.47391],[-150.15066,63.47552],[-150.15449,63.47581]]]},"properties":{"cell":"890c7459207ffff","res":9,"coarsened":false,"count":2,"hv":2,"mp":0,"y0":2007,"y1":2021,"sp":[[1,2,2,0,2007,2021]]}},{"type":"Feature","geometry":{"type":"Polygon","coordinates":[[[-149.84298,63.53441],[-149.84578,63.5331],[-149.84475,63.53149],[-149.84093,63.53119],[-149.83812,63.5325],[-149.83915,63.53411],[-149.84298,63.53441]]]},"properties":{"cell":"890c74512c3ffff","res":9,"coarsened":false,"count":5,"hv":5,"mp":0,"y0":1980,"y1":2019,"sp":[[8,1,1,0,2007,2007],[4,1,1,0,2007,2007],[5,1,1,0,2019,2019],[104,1,1,0,1980,1980],[7,1,1,0,2011,2011]]}},{"type":"Feature","geometry":{"type":"Polygon","coordinates":[[[-150.58609,63.03818],[-150.5888,63.03685],[-150.58774,63.03526],[-150.58397,63.03498],[-150.58126,63.0363],[-150.58232,63.0379],[-150.58609,63.03818]]]},"properties":{"cell":"890c76ab10bffff","res":9,"coarsened":false,"count":1,"hv":1,"mp":0,"y0":2014,"y1":2014,"sp":[[2,1,1,0,2014,2014]]}},{"type":"Feature","geometry":{"type":"Polygon","coordinates":[[[-150.10127,63.49471],[-150.10405,63.49339],[-150.103,63.49178],[-150.09917,63.49148],[-150.09639,63.4928],[-150.09743,63.49441],[-150.10127,63.49471]]]},"properties":{"cell":"890c7459093ffff","res":9,"coarsened":false,"count":1,"hv":1,"mp":0,"y0":2014,"y1":2014,"sp":[[7,1,1,0,2014,2014]]}},{"type":"Feature","geometry":{"type":"Polygon","coordinates":[[[-149.18248,63.71269],[-149.18533,63.71139],[-149.18434,63.70977],[-149.1805,63.70945],[-149.17765,63.71075],[-149.17864,63.71237],[-149.18248,63.71269]]]},"properties":{"cell":"890c74c2a6bffff","res":9,"coarsened":false,"count":8,"hv":8,"mp":0,"y0":2008,"y1":2026,"sp":[[2,5,5,0,2022,2026],[11,1,1,0,2014,2014],[4,1,1,0,2008,2008],[5,1,1,0,2008,2008]]}},{"type":"Feature","geometry":{"type":"Polygon","coordinates":[[[-148.97956,63.72639],[-148.98242,63.7251],[-148.98144,63.72348],[-148.97761,63.72315],[-148.97475,63.72445],[-148.97572,63.72607],[-148.97956,63.72639]]]},"properties":{"cell":"890c74d58abffff","res":9,"coarsened":false,"count":1,"hv":1,"mp":0,"y0":2018,"y1":2018,"sp":[[43,1,1,0,2018,2018]]}},{"type":"Feature","geometry":{"type":"Polygon","coordinates":[[[-150.04447,63.51943],[-150.04726,63.51812],[-150.04622,63.51651],[-150.04239,63.51621],[-150.0396,63.51753],[-150.04064,63.51914],[-150.04447,63.51943]]]},"properties":{"cell":"890c745b383ffff","res":9,"coarsened":false,"count":2,"hv":2,"mp":0,"y0":2012,"y1":2018,"sp":[[11,1,1,0,2018,2018],[7,1,1,0,2012,2012]]}},{"type":"Feature","geometry":{"type":"Polygon","coordinates":[[[-149.0034,63.71765],[-149.00626,63.71635],[-149.00529,63.71473],[-149.00145,63.71441],[-148.99859,63.71571],[-148.99957,63.71732],[-149.0034,63.71765]]]},"properties":{"cell":"890c74d586fffff","res":9,"coarsened":false,"count":12,"hv":12,"mp":0,"y0":1979,"y1":2025,"sp":[[2,6,6,0,1979,2025],[1,3,3,0,2018,2023],[16,2,2,0,2019,2024],[36,1,1,0,2024,2024]]}},{"type":"Feature","geometry":{"type":"Polygon","coordinates":[[[-149.41377,63.72098],[-149.41661,63.71968],[-149.4156,63.71806],[-149.41176,63.71775],[-149.40891,63.71905],[-149.40992,63.72067],[-149.41377,63.72098]]]},"properties":{"cell":"890c74c1217ffff","res":9,"coarsened":false,"count":15,"hv":15,"mp":0,"y0":2013,"y1":2026,"sp":[[11,8,8,0,2023,2026],[1,5,5,0,2013,2022],[4,2,2,0,2022,2022]]}},{"type":"Feature","geometry":{"type":"Polygon","coordinates":[[[-149.55824,63.62523],[-149.56106,63.62392],[-149.56005,63.6223],[-149.55621,63.622],[-149.55339,63.6233],[-149.5544,63.62492],[-149.55824,63.62523]]]},"properties":{"cell":"890c74c8a17ffff","res":9,"coarsened":false,"count":1,"hv":1,"mp":0,"y0":2018,"y1":2018,"sp":[[11,1,1,0,2018,2018]]}},{"type":"Feature","geometry":{"type":"Polygon","coordinates":[[[-149.45628,63.73058],[-149.45912,63.72928],[-149.45811,63.72766],[-149.45426,63.72735],[-149.45142,63.72865],[-149.45243,63.73027],[-149.45628,63.73058]]]},"properties":{"cell":"890c74ca50fffff","res":9,"coarsened":false,"count":4,"hv":4,"mp":0,"y0":2014,"y1":2019,"sp":[[1,1,1,0,2018,2018],[11,1,1,0,2019,2019],[37,1,1,0,2014,2014],[104,1,1,0,2017,2017]]}},{"type":"Feature","geometry":{"type":"Polygon","coordinates":[[[-149.24677,63.71649],[-149.24962,63.71519],[-149.24862,63.71357],[-149.24478,63.71325],[-149.24194,63.71455],[-149.24293,63.71617],[-149.24677,63.71649]]]},"properties":{"cell":"890c74c0393ffff","res":9,"coarsened":false,"count":12,"hv":12,"mp":0,"y0":2009,"y1":2026,"sp":[[1,4,4,0,2020,2025],[2,4,4,0,2024,2026],[7,1,1,0,2013,2013],[8,1,1,0,2009,2009],[11,1,1,0,2019,2019],[14,1,1,0,2023,2023]]}},{"type":"Feature","geometry":{"type":"Polygon","coordinates":[[[-149.12786,63.71274],[-149.13071,63.71145],[-149.12973,63.70983],[-149.12589,63.70951],[-149.12304,63.7108],[-149.12402,63.71242],[-149.12786,63.71274]]]},"properties":{"cell":"890c74c2b8bffff","res":9,"coarsened":false,"count":8,"hv":8,"mp":0,"y0":2008,"y1":2025,"sp":[[11,3,3,0,2015,2025],[16,2,2,0,2019,2021],[10,1,1,0,2008,2008],[12,1,1,0,2015,2015],[4,1,1,0,2012,2012]]}},{"type":"Feature","geometry":{"type":"Polygon","coordinates":[[[-151.19786,63.11641],[-151.20055,63.11507],[-151.19945,63.11348],[-151.19565,63.11322],[-151.19295,63.11455],[-151.19406,63.11615],[-151.19786,63.11641]]]},"properties":{"cell":"890c761a967ffff","res":9,"coarsened":false,"count":6,"hv":6,"mp":0,"y0":2017,"y1":2019,"sp":[[1,3,3,0,2017,2019],[7,2,2,0,2018,2018],[11,1,1,0,2018,2018]]}},{"type":"Feature","geometry":{"type":"Polygon","coordinates":[[[-149.57896,63.66985],[-149.58178,63.66855],[-149.58077,63.66693],[-149.57692,63.66662],[-149.5741,63.66793],[-149.57511,63.66955],[-149.57896,63.66985]]]},"properties":{"cell":"890c74c8067ffff","res":9,"coarsened":false,"count":16,"hv":16,"mp":0,"y0":2018,"y1":2026,"sp":[[10,4,4,0,2018,2022],[26,3,3,0,2022,2026],[2,2,2,0,2018,2021],[4,2,2,0,2021,2026],[36,1,1,0,2022,2022],[45,1,1,0,2022,2022],[59,1,1,0,2023,2023],[75,1,1,0,2023,2023],[44,1,1,0,2023,2023]]}},{"type":"Feature","geometry":{"type":"Polygon","coordinates":[[[-149.48001,63.72176],[-149.48285,63.72045],[-149.48183,63.71883],[-149.47799,63.71852],[-149.47515,63.71983],[-149.47616,63.72144],[-149.48001,63.72176]]]},"properties":{"cell":"890c74ca1dbffff","res":9,"coarsened":false,"count":5,"hv":5,"mp":0,"y0":2018,"y1":2024,"sp":[[2,3,3,0,2018,2022],[1,1,1,0,2019,2019],[4,1,1,0,2024,2024]]}},{"type":"Feature","geometry":{"type":"Polygon","coordinates":[[[-149.34735,63.74936],[-149.3502,63.74805],[-149.34919,63.74643],[-149.34534,63.74612],[-149.3425,63.74742],[-149.3435,63.74904],[-149.34735,63.74936]]]},"properties":{"cell":"890c74c14bbffff","res":9,"coarsened":false,"count":2,"hv":2,"mp":0,"y0":2013,"y1":2018,"sp":[[7,2,2,0,2013,2018]]}},{"type":"Feature","geometry":{"type":"Polygon","coordinates":[[[-149.36142,63.73668],[-149.36426,63.73537],[-149.36326,63.73376],[-149.35941,63.73344],[-149.35657,63.73474],[-149.35757,63.73636],[-149.36142,63.73668]]]},"properties":{"cell":"890c74c1093ffff","res":9,"coarsened":false,"count":1,"hv":1,"mp":0,"y0":2018,"y1":2018,"sp":[[4,1,1,0,2018,2018]]}},{"type":"Feature","geometry":{"type":"Polygon","coordinates":[[[-149.64696,63.56947],[-149.64977,63.56816],[-149.64876,63.56655],[-149.64493,63.56624],[-149.64211,63.56755],[-149.64313,63.56916],[-149.64696,63.56947]]]},"properties":{"cell":"890c7452263ffff","res":9,"coarsened":false,"count":1,"hv":1,"mp":0,"y0":2018,"y1":2018,"sp":[[11,1,1,0,2018,2018]]}},{"type":"Feature","geometry":{"type":"Polygon","coordinates":[[[-148.90588,63.73704],[-148.90875,63.73575],[-148.90778,63.73413],[-148.90394,63.7338],[-148.90108,63.7351],[-148.90205,63.73672],[-148.90588,63.73704]]]},"properties":{"cell":"890c74d4e73ffff","res":9,"coarsened":false,"count":7,"hv":7,"mp":0,"y0":2013,"y1":2025,"sp":[[2,2,2,0,2013,2025],[36,2,2,0,2023,2023],[78,1,1,0,2019,2019],[13,1,1,0,2024,2024],[44,1,1,0,2022,2022]]}},{"type":"Feature","geometry":{"type":"Polygon","coordinates":[[[-150.9428,63.2251],[-150.94552,63.22376],[-150.94443,63.22216],[-150.94062,63.2219],[-150.9379,63.22323],[-150.93899,63.22483],[-150.9428,63.2251]]]},"properties":{"cell":"890c7612157ffff","res":9,"coarsened":false,"count":1,"hv":1,"mp":0,"y0":2009,"y1":2009,"sp":[[11,1,1,0,2009,2009]]}},{"type":"Feature","geometry":{"type":"Polygon","coordinates":[[[-148.92874,63.72054],[-148.9316,63.71925],[-148.93063,63.71763],[-148.92679,63.7173],[-148.92393,63.71859],[-148.9249,63.72021],[-148.92874,63.72054]]]},"properties":{"cell":"890c74d4a43ffff","res":9,"coarsened":false,"count":1,"hv":1,"mp":0,"y0":2018,"y1":2018,"sp":[[8,1,1,0,2018,2018]]}},{"type":"Feature","geometry":{"type":"Polygon","coordinates":[[[-148.9471,63.73901],[-148.94997,63.73772],[-148.94899,63.7361],[-148.94516,63.73577],[-148.94229,63.73707],[-148.94327,63.73869],[-148.9471,63.73901]]]},"properties":{"cell":"890c74d5dc7ffff","res":9,"coarsened":false,"count":14,"hv":14,"mp":0,"y0":2012,"y1":2026,"sp":[[36,5,5,0,2012,2024],[26,4,4,0,2016,2025],[2,2,2,0,2026,2026],[76,1,1,0,2019,2019],[10,1,1,0,2019,2019],[14,1,1,0,2026,2026]]}},{"type":"Feature","geometry":{"type":"Polygon","coordinates":[[[-150.30519,63.43367],[-150.30796,63.43235],[-150.3069,63.43074],[-150.30308,63.43045],[-150.30031,63.43178],[-150.30137,63.43338],[-150.30519,63.43367]]]},"properties":{"cell":"890c7694007ffff","res":9,"coarsened":false,"count":9,"hv":9,"mp":0,"y0":2016,"y1":2019,"sp":[[4,3,3,0,2019,2019],[31,1,1,0,2017,2017],[57,1,1,0,2017,2017],[14,1,1,0,2017,2017],[60,1,1,0,2017,2017],[5,1,1,0,2016,2016],[8,1,1,0,2019,2019]]}},{"type":"Feature","geometry":{"type":"Polygon","coordinates":[[[-150.03647,63.51269],[-150.03926,63.51138],[-150.03822,63.50977],[-150.03439,63.50947],[-150.0316,63.51079],[-150.03264,63.5124],[-150.03647,63.51269]]]},"properties":{"cell":"890c745b3a3ffff","res":9,"coarsened":false,"count":2,"hv":2,"mp":0,"y0":2017,"y1":2017,"sp":[[1,1,1,0,2017,2017],[7,1,1,0,2017,2017]]}},{"type":"Feature","geometry":{"type":"Polygon","coordinates":[[[-148.91258,63.73608],[-148.91545,63.73478],[-148.91447,63.73316],[-148.91064,63.73284],[-148.90778,63.73413],[-148.90875,63.73575],[-148.91258,63.73608]]]},"properties":{"cell":"890c74d4e7bffff","res":9,"coarsened":false,"count":7,"hv":7,"mp":0,"y0":2018,"y1":2025,"sp":[[43,2,2,0,2018,2025],[10,1,1,0,2019,2019],[45,1,1,0,2018,2018],[11,1,1,0,2021,2021],[6,1,1,0,2021,2021],[78,1,1,0,2023,2023]]}},{"type":"Feature","geometry":{"type":"Polygon","coordinates":[[[-148.90297,63.73218],[-148.90583,63.73089],[-148.90486,63.72927],[-148.90103,63.72894],[-148.89817,63.73023],[-148.89914,63.73185],[-148.90297,63.73218]]]},"properties":{"cell":"890c74d4e67ffff","res":9,"coarsened":false,"count":23,"hv":23,"mp":0,"y0":2008,"y1":2026,"sp":[[36,7,7,0,2008,2026],[43,3,3,0,2018,2026],[44,3,3,0,2019,2023],[67,2,2,0,2022,2023],[2,1,1,0,2022,2022],[31,1,1,0,2023,2023],[75,1,1,0,2023,2023],[7,1,1,0,2025,2025],[18,1,1,0,2018,2018],[28,1,1,0,2018,2018],[26,1,1,0,2019,2019],[13,1,1,0,2016,2016]]}},{"type":"Feature","geometry":{"type":"Polygon","coordinates":[[[-150.04097,63.52529],[-150.04377,63.52397],[-150.04272,63.52236],[-150.03889,63.52207],[-150.0361,63.52338],[-150.03714,63.52499],[-150.04097,63.52529]]]},"properties":{"cell":"890c745b02bffff","res":9,"coarsened":false,"count":2,"hv":2,"mp":0,"y0":2018,"y1":2019,"sp":[[1,2,2,0,2018,2019]]}},{"type":"Feature","geometry":{"type":"Polygon","coordinates":[[[-150.14062,63.49924],[-150.14341,63.49792],[-150.14236,63.49631],[-150.13853,63.49602],[-150.13574,63.49734],[-150.13679,63.49895],[-150.14062,63.49924]]]},"properties":{"cell":"890c7459617ffff","res":9,"coarsened":false,"count":1,"hv":1,"mp":0,"y0":2018,"y1":2018,"sp":[[7,1,1,0,2018,2018]]}},{"type":"Feature","geometry":{"type":"Polygon","coordinates":[[[-148.91171,63.74676],[-148.91457,63.74547],[-148.9136,63.74385],[-148.90976,63.74352],[-148.9069,63.74482],[-148.90787,63.74644],[-148.91171,63.74676]]]},"properties":{"cell":"890c74d4ecbffff","res":9,"coarsened":false,"count":18,"hv":18,"mp":0,"y0":2016,"y1":2026,"sp":[[10,5,5,0,2023,2025],[36,3,3,0,2018,2023],[15,3,3,0,2022,2025],[31,3,3,0,2025,2025],[44,1,1,0,2022,2022],[78,1,1,0,2016,2016],[64,1,1,0,2024,2024],[2,1,1,0,2026,2026]]}},{"type":"Feature","geometry":{"type":"Polygon","coordinates":[[[-148.88287,63.73508],[-148.88574,63.73379],[-148.88477,63.73217],[-148.88094,63.73184],[-148.87807,63.73313],[-148.87904,63.73475],[-148.88287,63.73508]]]},"properties":{"cell":"890c74d4e37ffff","res":9,"coarsened":false,"count":1,"hv":1,"mp":0,"y0":2018,"y1":2018,"sp":[[2,1,1,0,2018,2018]]}},{"type":"Feature","geometry":{"type":"Polygon","coordinates":[[[-150.24711,63.2674],[-150.24986,63.26609],[-150.24881,63.26448],[-150.24502,63.2642],[-150.24226,63.26551],[-150.24331,63.26712],[-150.24711,63.2674]]]},"properties":{"cell":"890c76b36d7ffff","res":9,"coarsened":false,"count":1,"hv":1,"mp":0,"y0":2018,"y1":2018,"sp":[[2,1,1,0,2018,2018]]}},{"type":"Feature","geometry":{"type":"Polygon","coordinates":[[[-150.93622,63.20483],[-150.93894,63.20349],[-150.93785,63.20189],[-150.93404,63.20163],[-150.93133,63.20296],[-150.93242,63.20456],[-150.93622,63.20483]]]},"properties":{"cell":"890c7612e17ffff","res":9,"coarsened":false,"count":1,"hv":1,"mp":0,"y0":2018,"y1":2018,"sp":[[11,1,1,0,2018,2018]]}},{"type":"Feature","geometry":{"type":"Polygon","coordinates":[[[-148.96739,63.75457],[-148.97025,63.75328],[-148.96928,63.75166],[-148.96544,63.75133],[-148.96258,63.75263],[-148.96355,63.75425],[-148.96739,63.75457]]]},"properties":{"cell":"890c74d5c83ffff","res":9,"coarsened":false,"count":1,"hv":1,"mp":0,"y0":2018,"y1":2018,"sp":[[8,1,1,0,2018,2018]]}},{"type":"Feature","geometry":{"type":"Polygon","coordinates":[[[-149.11134,63.75747],[-149.17823,63.74153],[-149.18434,63.70977],[-149.12372,63.69396],[-149.05694,63.70987],[-149.05067,63.74162],[-149.11134,63.75747]]]},"properties":{"cell":"860c74c2fffffff","res":6,"coarsened":true,"count":18,"hv":18,"mp":0,"y0":2008,"y1":2026,"sp":[[0,16,16,0,2008,2026],[63,1,1,0,2025,2025],[158,1,1,0,null,null]]}},{"type":"Feature","geometry":{"type":"Polygon","coordinates":[[[-149.08102,63.71958],[-149.08388,63.71828],[-149.0829,63.71666],[-149.07906,63.71634],[-149.07621,63.71764],[-149.07719,63.71925],[-149.08102,63.71958]]]},"properties":{"cell":"890c74c298bffff","res":9,"coarsened":false,"count":1,"hv":1,"mp":0,"y0":2018,"y1":2018,"sp":[[2,1,1,0,2018,2018]]}},{"type":"Feature","geometry":{"type":"Polygon","coordinates":[[[-149.09923,63.71957],[-149.10208,63.71827],[-149.1011,63.71665],[-149.09726,63.71633],[-149.09441,63.71763],[-149.09539,63.71925],[-149.09923,63.71957]]]},"properties":{"cell":"890c74c29cbffff","res":9,"coarsened":false,"count":1,"hv":1,"mp":0,"y0":2018,"y1":2018,"sp":[[1,1,1,0,2018,2018]]}},{"type":"Feature","geometry":{"type":"Polygon","coordinates":[[[-149.20217,63.73891],[-149.20502,63.73761],[-149.20403,63.73599],[-149.20018,63.73567],[-149.19733,63.73697],[-149.19832,63.73859],[-149.20217,63.73891]]]},"properties":{"cell":"890c74c05c7ffff","res":9,"coarsened":false,"count":1,"hv":1,"mp":0,"y0":2018,"y1":2018,"sp":[[2,1,1,0,2018,2018]]}},{"type":"Feature","geometry":{"type":"Polygon","coordinates":[[[-149.23379,63.73692],[-149.23664,63.73562],[-149.23564,63.73401],[-149.2318,63.73369],[-149.22895,63.73499],[-149.22994,63.73661],[-149.23379,63.73692]]]},"properties":{"cell":"890c74c0093ffff","res":9,"coarsened":false,"count":1,"hv":1,"mp":0,"y0":2018,"y1":2018,"sp":[[11,1,1,0,2018,2018]]}},{"type":"Feature","geometry":{"type":"Polygon","coordinates":[[[-149.23862,63.73886],[-149.24148,63.73756],[-149.24048,63.73594],[-149.23664,63.73562],[-149.23379,63.73692],[-149.23478,63.73854],[-149.23862,63.73886]]]},"properties":{"cell":"890c74c0467ffff","res":9,"coarsened":false,"count":1,"hv":1,"mp":0,"y0":2018,"y1":2018,"sp":[[3,1,1,0,2018,2018]]}},{"type":"Feature","geometry":{"type":"Polygon","coordinates":[[[-149.26469,63.74563],[-149.26754,63.74433],[-149.26654,63.74271],[-149.26269,63.74239],[-149.25984,63.74369],[-149.26084,63.74531],[-149.26469,63.74563]]]},"properties":{"cell":"890c74c0687ffff","res":9,"coarsened":false,"count":26,"hv":26,"mp":0,"y0":2018,"y1":2026,"sp":[[4,21,21,0,2018,2026],[29,1,1,0,2018,2018],[11,1,1,0,2018,2018],[2,1,1,0,2018,2018],[6,1,1,0,2022,2022],[8,1,1,0,2023,2023]]}},{"type":"Feature","geometry":{"type":"Polygon","coordinates":[[[-148.91637,63.73025],[-148.91923,63.72895],[-148.91826,63.72733],[-148.91442,63.72701],[-148.91156,63.7283],[-148.91253,63.72992],[-148.91637,63.73025]]]},"properties":{"cell":"890c74d4ad3ffff","res":9,"coarsened":false,"count":28,"hv":28,"mp":0,"y0":2018,"y1":2026,"sp":[[36,11,11,0,2019,2026],[2,7,7,0,2018,2026],[13,2,2,0,2019,2024],[43,2,2,0,2019,2024],[10,1,1,0,2018,2018],[82,1,1,0,2019,2019],[98,1,1,0,2019,2019],[45,1,1,0,2022,2022],[67,1,1,0,2022,2022],[47,1,1,0,2026,2026]]}},{"type":"Feature","geometry":{"type":"Polygon","coordinates":[[[-150.22229,63.4626],[-150.22506,63.46128],[-150.22401,63.45967],[-150.22018,63.45938],[-150.21741,63.4607],[-150.21846,63.46231],[-150.22229,63.4626]]]},"properties":{"cell":"890c769616bffff","res":9,"coarsened":false,"count":7,"hv":7,"mp":0,"y0":2011,"y1":2018,"sp":[[1,2,2,0,2011,2018],[7,2,2,0,2011,2011],[2,1,1,0,2011,2011],[5,1,1,0,2011,2011],[4,1,1,0,2011,2011]]}},{"type":"Feature","geometry":{"type":"Polygon","coordinates":[[[-148.91345,63.72539],[-148.91632,63.72409],[-148.91535,63.72247],[-148.91151,63.72215],[-148.90865,63.72344],[-148.90962,63.72506],[-148.91345,63.72539]]]},"properties":{"cell":"890c74d4ac7ffff","res":9,"coarsened":false,"count":1,"hv":1,"mp":0,"y0":2018,"y1":2018,"sp":[[2,1,1,0,2018,2018]]}},{"type":"Feature","geometry":{"type":"Polygon","coordinates":[[[-148.94796,63.72832],[-148.95082,63.72703],[-148.94985,63.72541],[-148.94602,63.72508],[-148.94315,63.72638],[-148.94413,63.728],[-148.94796,63.72832]]]},"properties":{"cell":"890c74d5d77ffff","res":9,"coarsened":false,"count":1,"hv":1,"mp":0,"y0":2018,"y1":2018,"sp":[[36,1,1,0,2018,2018]]}},{"type":"Feature","geometry":{"type":"Polygon","coordinates":[[[-149.65594,63.55486],[-149.65875,63.55355],[-149.65773,63.55194],[-149.65391,63.55163],[-149.65109,63.55294],[-149.65211,63.55455],[-149.65594,63.55486]]]},"properties":{"cell":"890c745040bffff","res":9,"coarsened":false,"count":16,"hv":16,"mp":0,"y0":2015,"y1":2025,"sp":[[11,6,6,0,2018,2025],[4,4,4,0,2021,2025],[12,3,3,0,2023,2025],[1,1,1,0,2023,2023],[2,1,1,0,2015,2015],[26,1,1,0,2025,2025]]}},{"type":"Feature","geometry":{"type":"Polygon","coordinates":[[[-149.1691,63.71465],[-149.17195,63.71335],[-149.17096,63.71173],[-149.16712,63.71141],[-149.16427,63.71271],[-149.16526,63.71433],[-149.1691,63.71465]]]},"properties":{"cell":"890c74c2a77ffff","res":9,"coarsened":false,"count":10,"hv":10,"mp":0,"y0":2018,"y1":2025,"sp":[[2,7,7,0,2018,2025],[10,2,2,0,2019,2019],[1,1,1,0,2025,2025]]}},{"type":"Feature","geometry":{"type":"Polygon","coordinates":[[[-149.78411,63.56196],[-149.78692,63.56065],[-149.78589,63.55903],[-149.78206,63.55873],[-149.77925,63.56004],[-149.78028,63.56166],[-149.78411,63.56196]]]},"properties":{"cell":"890c74514c3ffff","res":9,"coarsened":false,"count":5,"hv":5,"mp":0,"y0":2018,"y1":2026,"sp":[[4,3,3,0,2024,2026],[11,1,1,0,2018,2018],[19,1,1,0,2024,2024]]}},{"type":"Feature","geometry":{"type":"Polygon","coordinates":[[[-148.9655,63.75749],[-148.96837,63.75619],[-148.96739,63.75457],[-148.96355,63.75425],[-148.96069,63.75554],[-148.96166,63.75716],[-148.9655,63.75749]]]},"properties":{"cell":"890c74d5c93ffff","res":9,"coarsened":false,"count":1,"hv":1,"mp":0,"y0":2018,"y1":2018,"sp":[[8,1,1,0,2018,2018]]}},{"type":"Feature","geometry":{"type":"Polygon","coordinates":[[[-148.96258,63.75263],[-148.96544,63.75133],[-148.96446,63.74971],[-148.96062,63.74939],[-148.95776,63.75068],[-148.95874,63.7523],[-148.96258,63.75263]]]},"properties":{"cell":"890c74d5c87ffff","res":9,"coarsened":false,"count":7,"hv":7,"mp":0,"y0":2005,"y1":2024,"sp":[[8,2,2,0,2022,2022],[3,2,2,0,2024,2024],[4,1,1,0,2018,2018],[7,1,1,0,2005,2005],[11,1,1,0,2024,2024]]}},{"type":"Feature","geometry":{"type":"Polygon","coordinates":[[[-148.95484,63.74582],[-148.9577,63.74452],[-148.95673,63.7429],[-148.95289,63.74258],[-148.95003,63.74387],[-148.951,63.74549],[-148.95484,63.74582]]]},"properties":{"cell":"890c74d5ca7ffff","res":9,"coarsened":false,"count":8,"hv":8,"mp":0,"y0":2018,"y1":2026,"sp":[[4,5,5,0,2018,2023],[3,1,1,0,2021,2021],[6,1,1,0,2023,2023],[8,1,1,0,2026,2026]]}},{"type":"Feature","geometry":{"type":"Polygon","coordinates":[[[-149.75012,63.54855],[-149.75293,63.54724],[-149.75191,63.54563],[-149.74808,63.54532],[-149.74527,63.54663],[-149.7463,63.54825],[-149.75012,63.54855]]]},"properties":{"cell":"890c74515c3ffff","res":9,"coarsened":false,"count":1,"hv":1,"mp":0,"y0":2012,"y1":2012,"sp":[[1,1,1,0,2012,2012]]}},{"type":"Feature","geometry":{"type":"Polygon","coordinates":[[[-149.74477,63.55732],[-149.74758,63.55601],[-149.74656,63.5544],[-149.74273,63.55409],[-149.73992,63.5554],[-149.74094,63.55702],[-149.74477,63.55732]]]},"properties":{"cell":"890c745337bffff","res":9,"coarsened":false,"count":16,"hv":16,"mp":0,"y0":2017,"y1":2026,"sp":[[1,4,4,0,2018,2025],[11,4,4,0,2026,2026],[4,3,3,0,2022,2026],[2,2,2,0,2017,2022],[7,1,1,0,2019,2019],[31,1,1,0,2025,2025],[76,1,1,0,2026,2026]]}},{"type":"Feature","geometry":{"type":"Polygon","coordinates":[[[-149.57772,63.66208],[-149.58055,63.66077],[-149.57953,63.65916],[-149.57569,63.65885],[-149.57286,63.66016],[-149.57388,63.66177],[-149.57772,63.66208]]]},"properties":{"cell":"890c74c838fffff","res":9,"coarsened":false,"count":2,"hv":2,"mp":0,"y0":2018,"y1":2025,"sp":[[10,1,1,0,2018,2018],[1,1,1,0,2025,2025]]}},{"type":"Feature","geometry":{"type":"Polygon","coordinates":[[[-149.57591,63.66501],[-149.57874,63.6637],[-149.57772,63.66208],[-149.57388,63.66177],[-149.57105,63.66308],[-149.57207,63.6647],[-149.57591,63.66501]]]},"properties":{"cell":"890c74c8383ffff","res":9,"coarsened":false,"count":10,"hv":10,"mp":0,"y0":2018,"y1":2026,"sp":[[26,7,7,0,2022,2026],[45,2,2,0,2023,2023],[10,1,1,0,2018,2018]]}},{"type":"Feature","geometry":{"type":"Polygon","coordinates":[[[-149.26015,63.71452],[-149.263,63.71322],[-149.262,63.7116],[-149.25816,63.71128],[-149.25531,63.71258],[-149.25631,63.7142],[-149.26015,63.71452]]]},"properties":{"cell":"890c74c03d7ffff","res":9,"coarsened":false,"count":30,"hv":30,"mp":0,"y0":2018,"y1":2026,"sp":[[10,8,8,0,2018,2026],[4,4,4,0,2025,2026],[32,2,2,0,2019,2023],[76,2,2,0,2019,2024],[59,2,2,0,2026,2026],[82,1,1,0,2019,2019],[33,1,1,0,2019,2019],[14,1,1,0,2023,2023],[36,1,1,0,2024,2024],[43,1,1,0,2024,2024],[52,1,1,0,2024,2024],[6,1,1,0,2025,2025],[1,1,1,0,2022,2022],[26,1,1,0,2025,2025],[2,1,1,0,2026,2026],[11,1,1,0,2026,2026],[29,1,1,0,2026,2026]]}},{"type":"Feature","geometry":{"type":"Polygon","coordinates":[[[-150.31325,63.44039],[-150.31602,63.43907],[-150.31496,63.43746],[-150.31113,63.43717],[-150.30837,63.4385],[-150.30942,63.4401],[-150.31325,63.44039]]]},"properties":{"cell":"890c76940c7ffff","res":9,"coarsened":false,"count":2,"hv":2,"mp":0,"y0":2018,"y1":2018,"sp":[[52,1,1,0,2018,2018],[1,1,1,0,2018,2018]]}},{"type":"Feature","geometry":{"type":"Polygon","coordinates":[[[-149.75498,63.55047],[-149.75778,63.54916],[-149.75676,63.54754],[-149.75293,63.54724],[-149.75012,63.54855],[-149.75115,63.55016],[-149.75498,63.55047]]]},"properties":{"cell":"890c74515dbffff","res":9,"coarsened":false,"count":1,"hv":1,"mp":0,"y0":2018,"y1":2018,"sp":[[1,1,1,0,2018,2018]]}},{"type":"Feature","geometry":{"type":"Polygon","coordinates":[[[-150.95853,63.54075],[-150.96128,63.53941],[-150.96017,63.5378],[-150.95631,63.53753],[-150.95356,63.53887],[-150.95467,63.54048],[-150.95853,63.54075]]]},"properties":{"cell":"890c769b68fffff","res":9,"coarsened":false,"count":3,"hv":3,"mp":0,"y0":2001,"y1":2018,"sp":[[26,2,2,0,2018,2018],[4,1,1,0,2001,2001]]}},{"type":"Feature","geometry":{"type":"Polygon","coordinates":[[[-150.24066,63.45175],[-150.24343,63.45043],[-150.24238,63.44882],[-150.23855,63.44853],[-150.23578,63.44985],[-150.23683,63.45146],[-150.24066,63.45175]]]},"properties":{"cell":"890c7696e5bffff","res":9,"coarsened":false,"count":1,"hv":1,"mp":0,"y0":2018,"y1":2018,"sp":[[11,1,1,0,2018,2018]]}},{"type":"Feature","geometry":{"type":"Polygon","coordinates":[[[-150.17778,63.46688],[-150.24343,63.45043],[-150.24809,63.41867],[-150.18726,63.40337],[-150.12171,63.41978],[-150.11688,63.45153],[-150.17778,63.46688]]]},"properties":{"cell":"860c7696fffffff","res":6,"coarsened":true,"count":7,"hv":7,"mp":0,"y0":2007,"y1":2025,"sp":[[0,7,7,0,2007,2025]]}},{"type":"Feature","geometry":{"type":"Polygon","coordinates":[[[-150.19587,63.46672],[-150.19865,63.4654],[-150.19759,63.46379],[-150.19377,63.4635],[-150.19099,63.46482],[-150.19204,63.46643],[-150.19587,63.46672]]]},"properties":{"cell":"890c7696133ffff","res":9,"coarsened":false,"count":1,"hv":1,"mp":0,"y0":2018,"y1":2018,"sp":[[56,1,1,0,2018,2018]]}},{"type":"Feature","geometry":{"type":"Polygon","coordinates":[[[-150.92831,63.32624],[-150.93104,63.32491],[-150.92995,63.32331],[-150.92612,63.32304],[-150.92339,63.32437],[-150.92449,63.32598],[-150.92831,63.32624]]]},"properties":{"cell":"890c76881c3ffff","res":9,"coarsened":false,"count":1,"hv":1,"mp":0,"y0":2018,"y1":2018,"sp":[[36,1,1,0,2018,2018]]}},{"type":"Feature","geometry":{"type":"Polygon","coordinates":[[[-149.83819,63.49269],[-149.84099,63.49138],[-149.83996,63.48977],[-149.83614,63.48947],[-149.83334,63.49078],[-149.83437,63.49239],[-149.83819,63.49269]]]},"properties":{"cell":"890c745ad4bffff","res":9,"coarsened":false,"count":1,"hv":1,"mp":0,"y0":2013,"y1":2013,"sp":[[1,1,1,0,2013,2013]]}},{"type":"Feature","geometry":{"type":"Polygon","coordinates":[[[-150.28119,63.47469],[-150.28396,63.47337],[-150.2829,63.47176],[-150.27907,63.47147],[-150.2763,63.47279],[-150.27736,63.4744],[-150.28119,63.47469]]]},"properties":{"cell":"890c7696207ffff","res":9,"coarsened":false,"count":1,"hv":1,"mp":0,"y0":2013,"y1":2013,"sp":[[2,1,1,0,2013,2013]]}},{"type":"Feature","geometry":{"type":"Polygon","coordinates":[[[-149.28962,63.74461],[-149.29247,63.74331],[-149.29147,63.74169],[-149.28763,63.74137],[-149.28478,63.74267],[-149.28577,63.74429],[-149.28962,63.74461]]]},"properties":{"cell":"890c74c06cfffff","res":9,"coarsened":false,"count":68,"hv":68,"mp":0,"y0":2002,"y1":2026,"sp":[[11,19,19,0,2010,2026],[6,11,11,0,2010,2026],[4,11,11,0,2010,2026],[59,4,4,0,2019,2023],[64,3,3,0,2010,2021],[31,3,3,0,2018,2025],[10,2,2,0,2019,2019],[88,1,1,0,2019,2019],[58,1,1,0,2019,2019],[32,1,1,0,2019,2019],[77,1,1,0,2019,2019],[8,1,1,0,2002,2002],[3,1,1,0,2010,2010],[1,1,1,0,2021,2021],[14,1,1,0,2022,2022],[13,1,1,0,2022,2022],[57,1,1,0,2023,2023],[16,1,1,0,2015,2015],[97,1,1,0,2025,2025],[81,1,1,0,2025,2025],[2,1,1,0,2026,2026],[33,1,1,0,2024,2024]]}},{"type":"Feature","geometry":{"type":"Polygon","coordinates":[[[-150.83462,63.47235],[-150.83737,63.47101],[-150.83627,63.46941],[-150.83243,63.46913],[-150.82968,63.47047],[-150.83077,63.47207],[-150.83462,63.47235]]]},"properties":{"cell":"890c769819bffff","res":9,"coarsened":false,"count":1,"hv":1,"mp":0,"y0":2018,"y1":2018,"sp":[[5,1,1,0,2018,2018]]}},{"type":"Feature","geometry":{"type":"Polygon","coordinates":[[[-150.89731,63.52114],[-150.90007,63.5198],[-150.89896,63.5182],[-150.89511,63.51792],[-150.89236,63.51926],[-150.89346,63.52087],[-150.89731,63.52114]]]},"properties":{"cell":"890c769b56fffff","res":9,"coarsened":false,"count":10,"hv":10,"mp":0,"y0":1974,"y1":2026,"sp":[[54,1,1,0,2018,2018],[48,1,1,0,2018,2018],[2,1,1,0,2017,2017],[16,1,1,0,2017,2017],[58,1,1,0,2019,2019],[8,1,1,0,2023,2023],[3,1,1,0,2023,2023],[51,1,1,0,1974,1974],[14,1,1,0,2009,2009],[19,1,1,0,2026,2026]]}},{"type":"Feature","geometry":{"type":"Polygon","coordinates":[[[-150.76384,63.44895],[-150.76659,63.44762],[-150.7655,63.44601],[-150.76166,63.44574],[-150.75891,63.44707],[-150.76,63.44868],[-150.76384,63.44895]]]},"properties":{"cell":"890c769ab67ffff","res":9,"coarsened":false,"count":2,"hv":2,"mp":0,"y0":2018,"y1":2019,"sp":[[9,1,1,0,2018,2018],[102,1,1,0,2019,2019]]}},{"type":"Feature","geometry":{"type":"Polygon","coordinates":[[[-150.84441,63.54034],[-150.84717,63.53901],[-150.84607,63.5374],[-150.84221,63.53712],[-150.83946,63.53846],[-150.84056,63.54007],[-150.84441,63.54034]]]},"properties":{"cell":"890c769a61bffff","res":9,"coarsened":false,"count":2,"hv":2,"mp":0,"y0":2018,"y1":2018,"sp":[[3,1,1,0,2018,2018],[1,1,1,0,2018,2018]]}},{"type":"Feature","geometry":{"type":"Polygon","coordinates":[[[-150.69965,63.44587],[-150.70241,63.44454],[-150.70132,63.44293],[-150.69748,63.44265],[-150.69473,63.44398],[-150.69581,63.44559],[-150.69965,63.44587]]]},"properties":{"cell":"890c76836b7ffff","res":9,"coarsened":false,"count":2,"hv":2,"mp":0,"y0":2017,"y1":2024,"sp":[[1,1,1,0,2017,2017],[16,1,1,0,2024,2024]]}},{"type":"Feature","geometry":{"type":"Polygon","coordinates":[[[-150.26905,63.43401],[-150.27182,63.43269],[-150.27076,63.43108],[-150.26694,63.4308],[-150.26417,63.43212],[-150.26522,63.43372],[-150.26905,63.43401]]]},"properties":{"cell":"890c7694567ffff","res":9,"coarsened":false,"count":1,"hv":1,"mp":0,"y0":2017,"y1":2017,"sp":[[69,1,1,0,2017,2017]]}},{"type":"Feature","geometry":{"type":"Polygon","coordinates":[[[-150.80335,63.45331],[-150.8061,63.45197],[-150.80501,63.45037],[-150.80117,63.45009],[-150.79842,63.45142],[-150.79951,63.45303],[-150.80335,63.45331]]]},"properties":{"cell":"890c7698c13ffff","res":9,"coarsened":false,"count":2,"hv":2,"mp":0,"y0":2017,"y1":2021,"sp":[[1,2,2,0,2017,2021]]}},{"type":"Feature","geometry":{"type":"Polygon","coordinates":[[[-150.9006,63.50455],[-150.90336,63.50321],[-150.90225,63.5016],[-150.8984,63.50133],[-150.89565,63.50267],[-150.89675,63.50427],[-150.9006,63.50455]]]},"properties":{"cell":"890c769b177ffff","res":9,"coarsened":false,"count":1,"hv":1,"mp":0,"y0":2017,"y1":2017,"sp":[[11,1,1,0,2017,2017]]}},{"type":"Feature","geometry":{"type":"Polygon","coordinates":[[[-150.91053,63.51901],[-150.91328,63.51768],[-150.91218,63.51607],[-150.90832,63.5158],[-150.90557,63.51713],[-150.90668,63.51874],[-150.91053,63.51901]]]},"properties":{"cell":"890c769b1dbffff","res":9,"coarsened":false,"count":1,"hv":1,"mp":0,"y0":2017,"y1":2017,"sp":[[51,1,1,0,2017,2017]]}},{"type":"Feature","geometry":{"type":"Polygon","coordinates":[[[-149.61082,63.59877],[-149.61364,63.59747],[-149.61262,63.59585],[-149.60879,63.59554],[-149.60597,63.59685],[-149.60699,63.59847],[-149.61082,63.59877]]]},"properties":{"cell":"890c74526bbffff","res":9,"coarsened":false,"count":6,"hv":6,"mp":0,"y0":2007,"y1":2024,"sp":[[7,2,2,0,2017,2023],[2,2,2,0,2022,2023],[4,1,1,0,2007,2007],[1,1,1,0,2024,2024]]}},{"type":"Feature","geometry":{"type":"Polygon","coordinates":[[[-149.79075,63.56095],[-149.79355,63.55964],[-149.79253,63.55802],[-149.7887,63.55772],[-149.78589,63.55903],[-149.78692,63.56065],[-149.79075,63.56095]]]},"properties":{"cell":"890c74514cbffff","res":9,"coarsened":false,"count":15,"hv":15,"mp":0,"y0":2007,"y1":2026,"sp":[[11,3,3,0,2023,2026],[6,3,3,0,2023,2023],[4,3,3,0,2023,2023],[1,2,2,0,2007,2025],[29,1,1,0,2023,2023],[33,1,1,0,2023,2023],[14,1,1,0,2021,2021],[32,1,1,0,2025,2025]]}},{"type":"Feature","geometry":{"type":"Polygon","coordinates":[[[-149.73328,63.55641],[-149.73609,63.5551],[-149.73507,63.55349],[-149.73124,63.55318],[-149.72843,63.55449],[-149.72945,63.55611],[-149.73328,63.55641]]]},"properties":{"cell":"890c7453377ffff","res":9,"coarsened":false,"count":23,"hv":23,"mp":0,"y0":2007,"y1":2026,"sp":[[1,17,17,0,2019,2026],[4,2,2,0,2007,2022],[11,2,2,0,2022,2022],[2,2,2,0,2016,2019]]}},{"type":"Feature","geometry":{"type":"Polygon","coordinates":[[[-149.93753,63.51729],[-149.94032,63.51598],[-149.93929,63.51436],[-149.93546,63.51407],[-149.93266,63.51538],[-149.9337,63.51699],[-149.93753,63.51729]]]},"properties":{"cell":"890c745a3cfffff","res":9,"coarsened":false,"count":2,"hv":2,"mp":0,"y0":2018,"y1":2021,"sp":[[1,2,2,0,2018,2021]]}},{"type":"Feature","geometry":{"type":"Polygon","coordinates":[[[-150.85933,63.50315],[-150.86208,63.50182],[-150.86098,63.50021],[-150.85713,63.49994],[-150.85437,63.50127],[-150.85547,63.50288],[-150.85933,63.50315]]]},"properties":{"cell":"890c769848bffff","res":9,"coarsened":false,"count":1,"hv":1,"mp":0,"y0":2018,"y1":2018,"sp":[[16,1,1,0,2018,2018]]}},{"type":"Feature","geometry":{"type":"Polygon","coordinates":[[[-150.59929,63.44318],[-150.60205,63.44185],[-150.60097,63.44025],[-150.59714,63.43997],[-150.59438,63.44129],[-150.59546,63.4429],[-150.59929,63.44318]]]},"properties":{"cell":"890c768260fffff","res":9,"coarsened":false,"count":1,"hv":1,"mp":0,"y0":2018,"y1":2018,"sp":[[2,1,1,0,2018,2018]]}},{"type":"Feature","geometry":{"type":"Polygon","coordinates":[[[-150.745,62.98583],[-150.80914,62.96915],[-150.81299,62.93753],[-150.75286,62.9226],[-150.68882,62.93925],[-150.6848,62.97086],[-150.745,62.98583]]]},"properties":{"cell":"860c7606fffffff","res":6,"coarsened":true,"count":1,"hv":1,"mp":0,"y0":2018,"y1":2018,"sp":[[0,1,1,0,2018,2018]]}},{"type":"Feature","geometry":{"type":"Polygon","coordinates":[[[-150.89069,63.50079],[-150.89345,63.49945],[-150.89234,63.49785],[-150.88849,63.49757],[-150.88574,63.49891],[-150.88684,63.50052],[-150.89069,63.50079]]]},"properties":{"cell":"890c769b12fffff","res":9,"coarsened":false,"count":1,"hv":1,"mp":0,"y0":2008,"y1":2008,"sp":[[15,1,1,0,2008,2008]]}},{"type":"Feature","geometry":{"type":"Polygon","coordinates":[[[-148.94229,63.73707],[-148.94516,63.73577],[-148.94418,63.73415],[-148.94035,63.73383],[-148.93749,63.73512],[-148.93846,63.73674],[-148.94229,63.73707]]]},"properties":{"cell":"890c74d5d13ffff","res":9,"coarsened":false,"count":6,"hv":6,"mp":0,"y0":2008,"y1":2023,"sp":[[2,3,3,0,2008,2023],[5,1,1,0,2011,2011],[71,1,1,0,2022,2022],[43,1,1,0,2022,2022]]}},{"type":"Feature","geometry":{"type":"Polygon","coordinates":[[[-150.37261,63.43107],[-150.37537,63.42974],[-150.37431,63.42814],[-150.37048,63.42785],[-150.36772,63.42917],[-150.36878,63.43078],[-150.37261,63.43107]]]},"properties":{"cell":"890c7694253ffff","res":9,"coarsened":false,"count":3,"hv":3,"mp":0,"y0":2008,"y1":2008,"sp":[[5,1,1,0,2008,2008],[11,1,1,0,2008,2008],[1,1,1,0,2008,2008]]}},{"type":"Feature","geometry":{"type":"Polygon","coordinates":[[[-150.95027,63.54476],[-150.95302,63.54342],[-150.95191,63.54181],[-150.94805,63.54154],[-150.9453,63.54288],[-150.94641,63.54449],[-150.95027,63.54476]]]},"properties":{"cell":"890c769b697ffff","res":9,"coarsened":false,"count":4,"hv":4,"mp":0,"y0":2000,"y1":2008,"sp":[[8,3,3,0,2000,2000],[1,1,1,0,2008,2008]]}},{"type":"Feature","geometry":{"type":"Polygon","coordinates":[[[-150.74153,63.31907],[-150.74426,63.31774],[-150.74318,63.31613],[-150.73936,63.31586],[-150.73662,63.31719],[-150.73771,63.31879],[-150.74153,63.31907]]]},"properties":{"cell":"890c7681a2fffff","res":9,"coarsened":false,"count":1,"hv":1,"mp":0,"y0":1989,"y1":1989,"sp":[[1,1,1,0,1989,1989]]}},{"type":"Feature","geometry":{"type":"Polygon","coordinates":[[[-151.15506,63.217],[-151.21964,63.2001],[-151.223,63.16835],[-151.16195,63.15352],[-151.09747,63.17039],[-151.09395,63.20212],[-151.15506,63.217]]]},"properties":{"cell":"860c76117ffffff","res":6,"coarsened":true,"count":2,"hv":2,"mp":0,"y0":2003,"y1":2003,"sp":[[0,2,2,0,2003,2003]]}},{"type":"Feature","geometry":{"type":"Polygon","coordinates":[[[-151.10759,63.20611],[-151.1103,63.20478],[-151.10919,63.20318],[-151.10538,63.20291],[-151.10268,63.20425],[-151.10378,63.20585],[-151.10759,63.20611]]]},"properties":{"cell":"890c7613367ffff","res":9,"coarsened":false,"count":1,"hv":1,"mp":0,"y0":2003,"y1":2003,"sp":[[7,1,1,0,2003,2003]]}},{"type":"Feature","geometry":{"type":"Polygon","coordinates":[[[-149.99537,63.42078],[-150.06098,63.40443],[-150.06587,63.37271],[-150.00531,63.35735],[-149.93981,63.37367],[-149.93476,63.40538],[-149.99537,63.42078]]]},"properties":{"cell":"860c744a7ffffff","res":6,"coarsened":true,"count":1,"hv":1,"mp":0,"y0":1986,"y1":1986,"sp":[[0,1,1,0,1986,1986]]}},{"type":"Feature","geometry":{"type":"Polygon","coordinates":[[[-150.84617,63.46247],[-150.84892,63.46113],[-150.84782,63.45953],[-150.84398,63.45925],[-150.84123,63.46059],[-150.84233,63.46219],[-150.84617,63.46247]]]},"properties":{"cell":"890c769810bffff","res":9,"coarsened":false,"count":1,"hv":1,"mp":0,"y0":2009,"y1":2009,"sp":[[41,1,1,0,2009,2009]]}},{"type":"Feature","geometry":{"type":"Polygon","coordinates":[[[-150.31838,63.4316],[-150.32115,63.43028],[-150.32009,63.42867],[-150.31627,63.42839],[-150.3135,63.42971],[-150.31456,63.43131],[-150.31838,63.4316]]]},"properties":{"cell":"890c7694073ffff","res":9,"coarsened":false,"count":5,"hv":5,"mp":0,"y0":2009,"y1":2021,"sp":[[5,1,1,0,2009,2009],[76,1,1,0,2021,2021],[58,1,1,0,2021,2021],[32,1,1,0,2021,2021],[6,1,1,0,2021,2021]]}},{"type":"Feature","geometry":{"type":"Polygon","coordinates":[[[-149.70546,63.55267],[-149.70827,63.55136],[-149.70725,63.54975],[-149.70342,63.54945],[-149.70061,63.55075],[-149.70163,63.55237],[-149.70546,63.55267]]]},"properties":{"cell":"890c74506cfffff","res":9,"coarsened":false,"count":5,"hv":5,"mp":0,"y0":2009,"y1":2025,"sp":[[11,2,2,0,2009,2025],[1,2,2,0,2022,2023],[7,1,1,0,2012,2012]]}},{"type":"Feature","geometry":{"type":"Polygon","coordinates":[[[-149.03499,63.7157],[-149.03784,63.71441],[-149.03686,63.71279],[-149.03303,63.71247],[-149.03017,63.71376],[-149.03115,63.71538],[-149.03499,63.7157]]]},"properties":{"cell":"890c74d5a3bffff","res":9,"coarsened":false,"count":4,"hv":4,"mp":0,"y0":2009,"y1":2025,"sp":[[2,1,1,0,2009,2009],[47,1,1,0,2019,2019],[11,1,1,0,2023,2023],[1,1,1,0,2025,2025]]}},{"type":"Feature","geometry":{"type":"Polygon","coordinates":[[[-151.01055,63.07],[-151.01325,63.06866],[-151.01216,63.06707],[-151.00837,63.0668],[-151.00567,63.06814],[-151.00676,63.06973],[-151.01055,63.07]]]},"properties":{"cell":"890c7602e93ffff","res":9,"coarsened":false,"count":21,"hv":21,"mp":0,"y0":1994,"y1":2024,"sp":[[1,5,5,0,1994,2024],[2,3,3,0,2007,2022],[11,3,3,0,2014,2024],[4,3,3,0,2004,2024],[31,1,1,0,2019,2019],[12,1,1,0,2019,2019],[57,1,1,0,2017,2017],[83,1,1,0,2008,2008],[6,1,1,0,2008,2008],[134,1,1,0,2008,2008],[82,1,1,0,2008,2008]]}},{"type":"Feature","geometry":{"type":"Polygon","coordinates":[[[-148.93079,63.73609],[-148.93365,63.73479],[-148.93268,63.73317],[-148.92884,63.73285],[-148.92598,63.73414],[-148.92695,63.73576],[-148.93079,63.73609]]]},"properties":{"cell":"890c74d5dbbffff","res":9,"coarsened":false,"count":8,"hv":8,"mp":0,"y0":2011,"y1":2026,"sp":[[43,2,2,0,2019,2024],[11,2,2,0,2022,2025],[89,1,1,0,2011,2011],[36,1,1,0,2025,2025],[10,1,1,0,2025,2025],[28,1,1,0,2026,2026]]}},{"type":"Feature","geometry":{"type":"Polygon","coordinates":[[[-148.95191,63.74096],[-148.95478,63.73966],[-148.9538,63.73804],[-148.94997,63.73772],[-148.9471,63.73901],[-148.94808,63.74063],[-148.95191,63.74096]]]},"properties":{"cell":"890c74d5dc3ffff","res":9,"coarsened":false,"count":7,"hv":7,"mp":0,"y0":2017,"y1":2022,"sp":[[43,2,2,0,2019,2019],[4,1,1,0,2017,2017],[11,1,1,0,2017,2017],[36,1,1,0,2019,2019],[13,1,1,0,2022,2022],[100,1,1,0,2022,2022]]}},{"type":"Feature","geometry":{"type":"Polygon","coordinates":[[[-149.32927,63.56673],[-149.3321,63.56543],[-149.33111,63.56382],[-149.32729,63.5635],[-149.32446,63.5648],[-149.32545,63.56642],[-149.32927,63.56673]]]},"properties":{"cell":"890c74cc3b3ffff","res":9,"coarsened":false,"count":1,"hv":1,"mp":0,"y0":2004,"y1":2004,"sp":[[1,1,1,0,2004,2004]]}},{"type":"Feature","geometry":{"type":"Polygon","coordinates":[[[-150.04272,63.52236],[-150.04551,63.52104],[-150.04447,63.51943],[-150.04064,63.51914],[-150.03785,63.52045],[-150.03889,63.52207],[-150.04272,63.52236]]]},"properties":{"cell":"890c745b393ffff","res":9,"coarsened":false,"count":15,"hv":15,"mp":0,"y0":2011,"y1":2021,"sp":[[1,7,7,0,2018,2021],[14,3,3,0,2018,2019],[4,2,2,0,2018,2021],[2,1,1,0,2011,2011],[7,1,1,0,2019,2019],[5,1,1,0,2021,2021]]}},{"type":"Feature","geometry":{"type":"Polygon","coordinates":[[[-149.56496,63.65338],[-149.56779,63.65208],[-149.56678,63.65046],[-149.56294,63.65015],[-149.56011,63.65146],[-149.56112,63.65307],[-149.56496,63.65338]]]},"properties":{"cell":"890c74c8edbffff","res":9,"coarsened":false,"count":6,"hv":6,"mp":0,"y0":2011,"y1":2024,"sp":[[4,1,1,0,2011,2011],[45,1,1,0,2019,2019],[13,1,1,0,2022,2022],[1,1,1,0,2023,2023],[26,1,1,0,2024,2024],[44,1,1,0,2016,2016]]}},{"type":"Feature","geometry":{"type":"Polygon","coordinates":[[[-149.5902,63.58332],[-149.59302,63.58201],[-149.592,63.5804],[-149.58817,63.58009],[-149.58536,63.5814],[-149.58637,63.58301],[-149.5902,63.58332]]]},"properties":{"cell":"890c7452003ffff","res":9,"coarsened":false,"count":1,"hv":1,"mp":0,"y0":2017,"y1":2017,"sp":[[7,1,1,0,2017,2017]]}},{"type":"Feature","geometry":{"type":"Polygon","coordinates":[[[-150.03785,63.52045],[-150.04064,63.51914],[-150.0396,63.51753],[-150.03576,63.51723],[-150.03297,63.51855],[-150.03401,63.52016],[-150.03785,63.52045]]]},"properties":{"cell":"890c745b397ffff","res":9,"coarsened":false,"count":8,"hv":8,"mp":0,"y0":1988,"y1":2019,"sp":[[4,2,2,0,2008,2019],[7,2,2,0,2019,2019],[1,1,1,0,2017,2017],[5,1,1,0,2008,2008],[14,1,1,0,2019,2019],[11,1,1,0,1988,1988]]}},{"type":"Feature","geometry":{"type":"Polygon","coordinates":[[[-150.27668,63.65659],[-150.34281,63.64009],[-150.34738,63.60825],[-150.28598,63.59292],[-150.21995,63.6094],[-150.21522,63.64123],[-150.27668,63.65659]]]},"properties":{"cell":"860c292f7ffffff","res":6,"coarsened":true,"count":1,"hv":1,"mp":0,"y0":2009,"y1":2009,"sp":[[0,1,1,0,2009,2009]]}},{"type":"Feature","geometry":{"type":"Polygon","coordinates":[[[-150.71595,63.46997],[-150.71871,63.46864],[-150.71762,63.46704],[-150.71378,63.46676],[-150.71102,63.46809],[-150.71211,63.4697],[-150.71595,63.46997]]]},"properties":{"cell":"890c769a9c7ffff","res":9,"coarsened":false,"count":1,"hv":1,"mp":0,"y0":2009,"y1":2009,"sp":[[5,1,1,0,2009,2009]]}},{"type":"Feature","geometry":{"type":"Polygon","coordinates":[[[-150.39111,63.40952],[-150.39388,63.40819],[-150.39281,63.40659],[-150.38899,63.4063],[-150.38623,63.40762],[-150.38729,63.40923],[-150.39111,63.40952]]]},"properties":{"cell":"890c7695c5bffff","res":9,"coarsened":false,"count":1,"hv":1,"mp":0,"y0":2009,"y1":2009,"sp":[[4,1,1,0,2009,2009]]}},{"type":"Feature","geometry":{"type":"Polygon","coordinates":[[[-148.96399,63.79735],[-148.96685,63.79606],[-148.96588,63.79444],[-148.96203,63.79411],[-148.95916,63.79541],[-148.96014,63.79703],[-148.96399,63.79735]]]},"properties":{"cell":"890c74d46dbffff","res":9,"coarsened":false,"count":1,"hv":1,"mp":0,"y0":2017,"y1":2017,"sp":[[8,1,1,0,2017,2017]]}},{"type":"Feature","geometry":{"type":"Polygon","coordinates":[[[-150.02014,63.7414],[-150.02296,63.74008],[-150.02191,63.73847],[-150.01804,63.73817],[-150.01523,63.73949],[-150.01628,63.7411],[-150.02014,63.7414]]]},"properties":{"cell":"890c2922c4fffff","res":9,"coarsened":false,"count":1,"hv":1,"mp":0,"y0":2016,"y1":2016,"sp":[[1,1,1,0,2016,2016]]}},{"type":"Feature","geometry":{"type":"Polygon","coordinates":[[[-150.2042,63.46276],[-150.20698,63.46144],[-150.20592,63.45983],[-150.2021,63.45954],[-150.19932,63.46086],[-150.20037,63.46247],[-150.2042,63.46276]]]},"properties":{"cell":"890c769612bffff","res":9,"coarsened":false,"count":2,"hv":2,"mp":0,"y0":2016,"y1":2016,"sp":[[4,1,1,0,2016,2016],[71,1,1,0,2016,2016]]}},{"type":"Feature","geometry":{"type":"Polygon","coordinates":[[[-150.86428,63.49433],[-150.86703,63.493],[-150.86594,63.49139],[-150.86208,63.49112],[-150.85933,63.49245],[-150.86043,63.49406],[-150.86428,63.49433]]]},"properties":{"cell":"890c769840fffff","res":9,"coarsened":false,"count":1,"hv":1,"mp":0,"y0":2016,"y1":2016,"sp":[[2,1,1,0,2016,2016]]}},{"type":"Feature","geometry":{"type":"Polygon","coordinates":[[[-150.44662,63.42739],[-150.44938,63.42606],[-150.44831,63.42446],[-150.44448,63.42417],[-150.44172,63.4255],[-150.44279,63.42711],[-150.44662,63.42739]]]},"properties":{"cell":"890c7695063ffff","res":9,"coarsened":false,"count":1,"hv":1,"mp":0,"y0":2016,"y1":2016,"sp":[[1,1,1,0,2016,2016]]}},{"type":"Feature","geometry":{"type":"Polygon","coordinates":[[[-150.26561,63.43987],[-150.26839,63.43855],[-150.26733,63.43694],[-150.26351,63.43665],[-150.26073,63.43797],[-150.26179,63.43958],[-150.26561,63.43987]]]},"properties":{"cell":"890c769450fffff","res":9,"coarsened":false,"count":2,"hv":2,"mp":0,"y0":2016,"y1":2026,"sp":[[1,1,1,0,2016,2016],[11,1,1,0,2026,2026]]}},{"type":"Feature","geometry":{"type":"Polygon","coordinates":[[[-150.03636,63.56322],[-150.10234,63.54684],[-150.1072,63.51506],[-150.04625,63.49967],[-149.98038,63.51602],[-149.97535,63.54779],[-150.03636,63.56322]]]},"properties":{"cell":"860c745b7ffffff","res":6,"coarsened":true,"count":26,"hv":26,"mp":0,"y0":2008,"y1":2026,"sp":[[0,19,19,0,2008,2026],[173,7,7,0,null,null]]}},{"type":"Feature","geometry":{"type":"Polygon","coordinates":[[[-149.43502,63.72578],[-149.43786,63.72448],[-149.43685,63.72286],[-149.433,63.72255],[-149.43016,63.72385],[-149.43117,63.72547],[-149.43502,63.72578]]]},"properties":{"cell":"890c74c12cbffff","res":9,"coarsened":false,"count":12,"hv":12,"mp":0,"y0":2018,"y1":2026,"sp":[[11,9,9,0,2021,2026],[1,2,2,0,2023,2024],[4,1,1,0,2018,2018]]}},{"type":"Feature","geometry":{"type":"Polygon","coordinates":[[[-149.48366,63.71591],[-149.4865,63.7146],[-149.48549,63.71298],[-149.48164,63.71267],[-149.4788,63.71398],[-149.47981,63.7156],[-149.48366,63.71591]]]},"properties":{"cell":"890c74ca153ffff","res":9,"coarsened":false,"count":2,"hv":2,"mp":0,"y0":2018,"y1":2024,"sp":[[2,1,1,0,2018,2018],[14,1,1,0,2024,2024]]}},{"type":"Feature","geometry":{"type":"Polygon","coordinates":[[[-149.65899,63.5597],[-149.6618,63.55839],[-149.66078,63.55678],[-149.65695,63.55647],[-149.65414,63.55778],[-149.65516,63.5594],[-149.65899,63.5597]]]},"properties":{"cell":"890c74504cfffff","res":9,"coarsened":false,"count":2,"hv":2,"mp":0,"y0":2018,"y1":2022,"sp":[[7,2,2,0,2018,2022]]}},{"type":"Feature","geometry":{"type":"Polygon","coordinates":[[[-149.28363,63.7349],[-149.28648,63.7336],[-149.28548,63.73198],[-149.28164,63.73166],[-149.27879,63.73296],[-149.27979,63.73458],[-149.28363,63.7349]]]},"properties":{"cell":"890c74c0677ffff","res":9,"coarsened":false,"count":15,"hv":15,"mp":0,"y0":2018,"y1":2026,"sp":[[11,4,4,0,2024,2025],[31,3,3,0,2024,2024],[14,2,2,0,2024,2026],[2,1,1,0,2018,2018],[77,1,1,0,2024,2024],[33,1,1,0,2024,2024],[16,1,1,0,2026,2026],[1,1,1,0,2026,2026],[29,1,1,0,2026,2026]]}},{"type":"Feature","geometry":{"type":"Polygon","coordinates":[[[-150.31985,63.43936],[-150.32262,63.43803],[-150.32156,63.43643],[-150.31773,63.43614],[-150.31496,63.43746],[-150.31602,63.43907],[-150.31985,63.43936]]]},"properties":{"cell":"890c76940cfffff","res":9,"coarsened":false,"count":3,"hv":3,"mp":0,"y0":2017,"y1":2020,"sp":[[72,1,1,0,2017,2017],[4,1,1,0,2018,2018],[8,1,1,0,2020,2020]]}},{"type":"Feature","geometry":{"type":"Polygon","coordinates":[[[-150.04797,63.51358],[-150.05075,63.51226],[-150.04971,63.51065],[-150.04588,63.51036],[-150.04309,63.51167],[-150.04413,63.51328],[-150.04797,63.51358]]]},"properties":{"cell":"890c745b317ffff","res":9,"coarsened":false,"count":2,"hv":2,"mp":0,"y0":2017,"y1":2021,"sp":[[1,1,1,0,2017,2017],[11,1,1,0,2021,2021]]}},{"type":"Feature","geometry":{"type":"Polygon","coordinates":[[[-148.83652,63.65734],[-148.83938,63.65605],[-148.83842,63.65443],[-148.8346,63.6541],[-148.83174,63.65539],[-148.8327,63.65701],[-148.83652,63.65734]]]},"properties":{"cell":"890c7489347ffff","res":9,"coarsened":false,"count":13,"hv":13,"mp":0,"y0":2008,"y1":2024,"sp":[[43,4,4,0,2015,2015],[10,1,1,0,2019,2019],[78,1,1,0,2019,2019],[47,1,1,0,2019,2019],[36,1,1,0,2024,2024],[2,1,1,0,2008,2008],[13,1,1,0,2015,2015],[39,1,1,0,2015,2015],[70,1,1,0,2015,2015],[6,1,1,0,2015,2015]]}},{"type":"Feature","geometry":{"type":"Polygon","coordinates":[[[-148.81839,63.65732],[-148.82124,63.65603],[-148.82028,63.65441],[-148.81646,63.65408],[-148.81361,63.65537],[-148.81457,63.65699],[-148.81839,63.65732]]]},"properties":{"cell":"890c7489307ffff","res":9,"coarsened":false,"count":6,"hv":6,"mp":0,"y0":2019,"y1":2023,"sp":[[36,1,1,0,2019,2019],[26,1,1,0,2019,2019],[43,1,1,0,2019,2019],[13,1,1,0,2019,2019],[81,1,1,0,2019,2019],[2,1,1,0,2023,2023]]}},{"type":"Feature","geometry":{"type":"Polygon","coordinates":[[[-150.7661,63.31778],[-150.83111,63.30106],[-150.83498,63.2693],[-150.77401,63.25428],[-150.70911,63.27097],[-150.70507,63.30271],[-150.7661,63.31778]]]},"properties":{"cell":"860c768f7ffffff","res":6,"coarsened":true,"count":28,"hv":28,"mp":0,"y0":2006,"y1":2026,"sp":[[0,28,28,0,2006,2026]]}},{"type":"Feature","geometry":{"type":"Polygon","coordinates":[[[-150.9184,63.27978],[-150.92113,63.27845],[-150.92003,63.27685],[-150.91621,63.27658],[-150.91349,63.27791],[-150.91458,63.27951],[-150.9184,63.27978]]]},"properties":{"cell":"890c7688ab7ffff","res":9,"coarsened":false,"count":1,"hv":1,"mp":0,"y0":2018,"y1":2018,"sp":[[11,1,1,0,2018,2018]]}},{"type":"Feature","geometry":{"type":"Polygon","coordinates":[[[-148.95673,63.7429],[-148.95959,63.74161],[-148.95861,63.73999],[-148.95478,63.73966],[-148.95191,63.74096],[-148.95289,63.74258],[-148.95673,63.7429]]]},"properties":{"cell":"890c74d5ddbffff","res":9,"coarsened":false,"count":12,"hv":12,"mp":0,"y0":2019,"y1":2026,"sp":[[4,8,8,0,2019,2026],[3,2,2,0,2023,2024],[10,1,1,0,2019,2019],[14,1,1,0,2024,2024]]}},{"type":"Feature","geometry":{"type":"Polygon","coordinates":[[[-149.52195,63.71286],[-149.52478,63.71155],[-149.52377,63.70993],[-149.51992,63.70962],[-149.51708,63.71093],[-149.5181,63.71255],[-149.52195,63.71286]]]},"properties":{"cell":"890c74ca3c3ffff","res":9,"coarsened":false,"count":2,"hv":2,"mp":0,"y0":2019,"y1":2019,"sp":[[2,1,1,0,2019,2019],[11,1,1,0,2019,2019]]}},{"type":"Feature","geometry":{"type":"Polygon","coordinates":[[[-149.64211,63.56755],[-149.64493,63.56624],[-149.64391,63.56463],[-149.64008,63.56432],[-149.63727,63.56563],[-149.63829,63.56724],[-149.64211,63.56755]]]},"properties":{"cell":"890c7452267ffff","res":9,"coarsened":false,"count":12,"hv":12,"mp":0,"y0":2019,"y1":2026,"sp":[[7,4,4,0,2019,2026],[11,3,3,0,2022,2025],[1,2,2,0,2025,2026],[12,1,1,0,2022,2022],[14,1,1,0,2024,2024],[26,1,1,0,2024,2024]]}},{"type":"Feature","geometry":{"type":"Polygon","coordinates":[[[-150.69444,63.26533],[-150.69717,63.26401],[-150.6961,63.2624],[-150.69229,63.26213],[-150.68955,63.26346],[-150.69063,63.26506],[-150.69444,63.26533]]]},"properties":{"cell":"890c768c48fffff","res":9,"coarsened":false,"count":1,"hv":1,"mp":0,"y0":2018,"y1":2018,"sp":[[8,1,1,0,2018,2018]]}},{"type":"Feature","geometry":{"type":"Polygon","coordinates":[[[-148.98332,63.72056],[-148.98618,63.71927],[-148.98521,63.71765],[-148.98137,63.71732],[-148.97851,63.71862],[-148.97949,63.72024],[-148.98332,63.72056]]]},"properties":{"cell":"890c74d5823ffff","res":9,"coarsened":false,"count":44,"hv":44,"mp":0,"y0":2019,"y1":2026,"sp":[[2,7,7,0,2019,2026],[11,3,3,0,2025,2026],[26,2,2,0,2024,2024],[28,1,1,0,null,null],[70,1,1,0,null,null],[76,1,1,0,null,null],[97,1,1,0,null,null],[82,1,1,0,null,null],[88,1,1,0,null,null],[49,1,1,0,null,null],[98,1,1,0,null,null],[83,1,1,0,null,null],[13,1,1,0,null,null],[77,1,1,0,null,null],[6,1,1,0,null,null],[41,1,1,0,null,null],[43,1,1,0,null,null],[67,1,1,0,null,null],[50,1,1,0,null,null],[18,1,1,0,null,null],[32,1,1,0,null,null],[180,1,1,0,null,null],[58,1,1,0,null,null],[171,1,1,0,null,null],[59,1,1,0,null,null],[90,1,1,0,null,null],[100,1,1,0,null,null],[66,1,1,0,null,null],[191,1,1,0,null,null],[19,1,1,0,null,null],[44,1,1,0,null,null],[75,1,1,0,null,null],[45,1,1,0,null,null],[176,1,1,0,null,null],[157,1,1,0,null,null]]}},{"type":"Feature","geometry":{"type":"Polygon","coordinates":[[[-149.51526,63.71386],[-149.5181,63.71255],[-149.51708,63.71093],[-149.51324,63.71062],[-149.5104,63.71193],[-149.51141,63.71354],[-149.51526,63.71386]]]},"properties":{"cell":"890c74ca3d7ffff","res":9,"coarsened":false,"count":3,"hv":3,"mp":0,"y0":2019,"y1":2024,"sp":[[11,2,2,0,2024,2024],[2,1,1,0,2019,2019]]}},{"type":"Feature","geometry":{"type":"Polygon","coordinates":[[[-149.57994,63.59016],[-149.58276,63.58886],[-149.58175,63.58724],[-149.57792,63.58694],[-149.5751,63.58824],[-149.57611,63.58986],[-149.57994,63.59016]]]},"properties":{"cell":"890c7452083ffff","res":9,"coarsened":false,"count":1,"hv":1,"mp":0,"y0":2019,"y1":2019,"sp":[[7,1,1,0,2019,2019]]}},{"type":"Feature","geometry":{"type":"Polygon","coordinates":[[[-149.63852,63.57339],[-149.64133,63.57209],[-149.64032,63.57047],[-149.63649,63.57017],[-149.63367,63.57147],[-149.63469,63.57309],[-149.63852,63.57339]]]},"properties":{"cell":"890c745220fffff","res":9,"coarsened":false,"count":7,"hv":7,"mp":0,"y0":2013,"y1":2026,"sp":[[4,2,2,0,2019,2026],[1,2,2,0,2023,2026],[7,1,1,0,2013,2013],[37,1,1,0,2022,2022],[88,1,1,0,2024,2024]]}},{"type":"Feature","geometry":{"type":"Polygon","coordinates":[[[-150.14442,63.4827],[-150.1472,63.48138],[-150.14615,63.47977],[-150.14232,63.47948],[-150.13954,63.4808],[-150.14059,63.48241],[-150.14442,63.4827]]]},"properties":{"cell":"890c7459287ffff","res":9,"coarsened":false,"count":1,"hv":1,"mp":0,"y0":2019,"y1":2019,"sp":[[1,1,1,0,2019,2019]]}},{"type":"Feature","geometry":{"type":"Polygon","coordinates":[[[-150.14615,63.47977],[-150.14893,63.47845],[-150.14788,63.47684],[-150.14406,63.47655],[-150.14127,63.47787],[-150.14232,63.47948],[-150.14615,63.47977]]]},"properties":{"cell":"890c74592bbffff","res":9,"coarsened":false,"count":7,"hv":7,"mp":0,"y0":1979,"y1":2019,"sp":[[1,5,5,0,2015,2019],[60,1,1,0,1979,1979],[29,1,1,0,1983,1983]]}},{"type":"Feature","geometry":{"type":"Polygon","coordinates":[[[-150.13607,63.48665],[-150.13885,63.48533],[-150.13781,63.48372],[-150.13398,63.48343],[-150.13119,63.48475],[-150.13224,63.48636],[-150.13607,63.48665]]]},"properties":{"cell":"890c745905bffff","res":9,"coarsened":false,"count":1,"hv":1,"mp":0,"y0":2019,"y1":2019,"sp":[[5,1,1,0,2019,2019]]}},{"type":"Feature","geometry":{"type":"Polygon","coordinates":[[[-149.75626,63.55823],[-149.75907,63.55692],[-149.75805,63.5553],[-149.75422,63.555],[-149.75141,63.55631],[-149.75243,63.55793],[-149.75626,63.55823]]]},"properties":{"cell":"890c74514b3ffff","res":9,"coarsened":false,"count":37,"hv":37,"mp":0,"y0":2014,"y1":2026,"sp":[[29,19,19,0,2014,2026],[4,8,8,0,2017,2026],[1,2,2,0,2017,2025],[7,2,2,0,2023,2024],[11,2,2,0,2026,2026],[3,1,1,0,2023,2023],[84,1,1,0,2023,2023],[2,1,1,0,2025,2025],[10,1,1,0,2026,2026]]}},{"type":"Feature","geometry":{"type":"Polygon","coordinates":[[[-150.18926,63.46775],[-150.19204,63.46643],[-150.19099,63.46482],[-150.18716,63.46453],[-150.18438,63.46585],[-150.18543,63.46746],[-150.18926,63.46775]]]},"properties":{"cell":"890c76961afffff","res":9,"coarsened":false,"count":4,"hv":4,"mp":0,"y0":1980,"y1":2019,"sp":[[1,2,2,0,1980,2019],[7,1,1,0,2005,2005],[60,1,1,0,1980,1980]]}},{"type":"Feature","geometry":{"type":"Polygon","coordinates":[[[-149.8695,63.53036],[-149.8723,63.52905],[-149.87127,63.52744],[-149.86744,63.52714],[-149.86464,63.52845],[-149.86567,63.53006],[-149.8695,63.53036]]]},"properties":{"cell":"890c745a193ffff","res":9,"coarsened":false,"count":7,"hv":7,"mp":0,"y0":2012,"y1":2019,"sp":[[11,2,2,0,2016,2019],[2,1,1,0,2019,2019],[1,1,1,0,2019,2019],[58,1,1,0,2012,2012],[82,1,1,0,2012,2012],[6,1,1,0,2012,2012]]}},{"type":"Feature","geometry":{"type":"Polygon","coordinates":[[[-149.73992,63.5554],[-149.74273,63.55409],[-149.7417,63.55248],[-149.73788,63.55218],[-149.73507,63.55349],[-149.73609,63.5551],[-149.73992,63.5554]]]},"properties":{"cell":"890c7453363ffff","res":9,"coarsened":false,"count":7,"hv":7,"mp":0,"y0":2019,"y1":2026,"sp":[[4,3,3,0,2024,2025],[1,2,2,0,2023,2026],[7,1,1,0,2019,2019],[31,1,1,0,2024,2024]]}},{"type":"Feature","geometry":{"type":"Polygon","coordinates":[[[-150.43833,63.43136],[-150.44109,63.43004],[-150.44002,63.42843],[-150.4362,63.42815],[-150.43343,63.42947],[-150.4345,63.43108],[-150.43833,63.43136]]]},"properties":{"cell":"890c769500fffff","res":9,"coarsened":false,"count":2,"hv":2,"mp":0,"y0":2018,"y1":2021,"sp":[[2,2,2,0,2018,2021]]}},{"type":"Feature","geometry":{"type":"Polygon","coordinates":[[[-149.41679,63.72584],[-149.41963,63.72453],[-149.41862,63.72291],[-149.41477,63.7226],[-149.41193,63.7239],[-149.41294,63.72552],[-149.41679,63.72584]]]},"properties":{"cell":"890c74c128bffff","res":9,"coarsened":false,"count":5,"hv":5,"mp":0,"y0":2019,"y1":2024,"sp":[[11,3,3,0,2024,2024],[8,1,1,0,2019,2019],[12,1,1,0,2024,2024]]}},{"type":"Feature","geometry":{"type":"Polygon","coordinates":[[[-148.82985,63.6583],[-148.8327,63.65701],[-148.83174,63.65539],[-148.82792,63.65507],[-148.82506,63.65636],[-148.82603,63.65797],[-148.82985,63.6583]]]},"properties":{"cell":"890c748930bffff","res":9,"coarsened":false,"count":7,"hv":7,"mp":0,"y0":2019,"y1":2026,"sp":[[45,3,3,0,2019,2019],[67,1,1,0,2019,2019],[41,1,1,0,2019,2019],[90,1,1,0,2019,2019],[13,1,1,0,2026,2026]]}},{"type":"Feature","geometry":{"type":"Polygon","coordinates":[[[-148.8432,63.65638],[-148.84606,63.65509],[-148.8451,63.65347],[-148.84128,63.65314],[-148.83842,63.65443],[-148.83938,63.65605],[-148.8432,63.65638]]]},"properties":{"cell":"890c748934fffff","res":9,"coarsened":false,"count":2,"hv":2,"mp":0,"y0":2014,"y1":2019,"sp":[[36,1,1,0,2019,2019],[44,1,1,0,2014,2014]]}},{"type":"Feature","geometry":{"type":"Polygon","coordinates":[[[-148.89007,63.66807],[-148.89293,63.66678],[-148.89196,63.66516],[-148.88814,63.66483],[-148.88528,63.66612],[-148.88625,63.66774],[-148.89007,63.66807]]]},"properties":{"cell":"890c74c61bbffff","res":9,"coarsened":false,"count":4,"hv":4,"mp":0,"y0":2008,"y1":2019,"sp":[[27,1,1,0,2019,2019],[74,1,1,0,2019,2019],[33,1,1,0,2019,2019],[15,1,1,0,2008,2008]]}},{"type":"Feature","geometry":{"type":"Polygon","coordinates":[[[-148.87381,63.66514],[-148.87667,63.66385],[-148.8757,63.66223],[-148.87188,63.6619],[-148.86902,63.6632],[-148.86999,63.66482],[-148.87381,63.66514]]]},"properties":{"cell":"890c748926bffff","res":9,"coarsened":false,"count":3,"hv":3,"mp":0,"y0":2009,"y1":2019,"sp":[[43,2,2,0,2009,2019],[13,1,1,0,2019,2019]]}},{"type":"Feature","geometry":{"type":"Polygon","coordinates":[[[-148.87759,63.65932],[-148.88045,63.65803],[-148.87948,63.65641],[-148.87566,63.65608],[-148.87281,63.65738],[-148.87377,63.65899],[-148.87759,63.65932]]]},"properties":{"cell":"890c74c6cc3ffff","res":9,"coarsened":false,"count":2,"hv":2,"mp":0,"y0":2018,"y1":2019,"sp":[[15,1,1,0,2019,2019],[42,1,1,0,2018,2018]]}},{"type":"Feature","geometry":{"type":"Polygon","coordinates":[[[-150.44087,62.74668],[-150.44355,62.74536],[-150.44252,62.74377],[-150.43879,62.74349],[-150.43611,62.74481],[-150.43714,62.7464],[-150.44087,62.74668]]]},"properties":{"cell":"890c7635cb3ffff","res":9,"coarsened":false,"count":1,"hv":1,"mp":0,"y0":2019,"y1":2019,"sp":[[2,1,1,0,2019,2019]]}},{"type":"Feature","geometry":{"type":"Polygon","coordinates":[[[-150.31008,63.43557],[-150.31285,63.43424],[-150.31179,63.43264],[-150.30796,63.43235],[-150.30519,63.43367],[-150.30625,63.43528],[-150.31008,63.43557]]]},"properties":{"cell":"890c7694003ffff","res":9,"coarsened":false,"count":11,"hv":11,"mp":0,"y0":1989,"y1":2021,"sp":[[8,1,1,0,2019,2019],[4,1,1,0,2019,2019],[32,1,1,0,2019,2019],[7,1,1,0,2011,2011],[43,1,1,0,2012,2012],[14,1,1,0,2012,2012],[3,1,1,0,2015,2015],[6,1,1,0,2021,2021],[16,1,1,0,1989,1989],[12,1,1,0,2013,2013],[60,1,1,0,2013,2013]]}},{"type":"Feature","geometry":{"type":"Polygon","coordinates":[[[-150.11937,63.49456],[-150.12216,63.49324],[-150.12111,63.49163],[-150.11728,63.49134],[-150.11449,63.49266],[-150.11554,63.49427],[-150.11937,63.49456]]]},"properties":{"cell":"890c74590d3ffff","res":9,"coarsened":false,"count":3,"hv":3,"mp":0,"y0":2013,"y1":2019,"sp":[[5,1,1,0,2019,2019],[1,1,1,0,2014,2014],[11,1,1,0,2013,2013]]}},{"type":"Feature","geometry":{"type":"Polygon","coordinates":[[[-150.0476,63.52427],[-150.05039,63.52295],[-150.04935,63.52134],[-150.04551,63.52104],[-150.04272,63.52236],[-150.04377,63.52397],[-150.0476,63.52427]]]},"properties":{"cell":"890c745b067ffff","res":9,"coarsened":false,"count":9,"hv":9,"mp":0,"y0":2018,"y1":2021,"sp":[[4,2,2,0,2019,2021],[1,2,2,0,2021,2021],[41,1,1,0,2019,2019],[78,1,1,0,2018,2018],[31,1,1,0,2019,2019],[7,1,1,0,2021,2021],[11,1,1,0,2018,2018]]}},{"type":"Feature","geometry":{"type":"Polygon","coordinates":[[[-148.83463,63.66025],[-148.83749,63.65896],[-148.83652,63.65734],[-148.8327,63.65701],[-148.82985,63.6583],[-148.83081,63.65992],[-148.83463,63.66025]]]},"properties":{"cell":"890c7489357ffff","res":9,"coarsened":false,"count":7,"hv":7,"mp":0,"y0":2019,"y1":2026,"sp":[[44,2,2,0,2019,2019],[75,1,1,0,2019,2019],[70,1,1,0,2019,2019],[67,1,1,0,2019,2019],[82,1,1,0,2019,2019],[2,1,1,0,2026,2026]]}},{"type":"Feature","geometry":{"type":"Polygon","coordinates":[[[-148.93559,63.73803],[-148.93846,63.73674],[-148.93749,63.73512],[-148.93365,63.73479],[-148.93079,63.73609],[-148.93176,63.73771],[-148.93559,63.73803]]]},"properties":{"cell":"890c74d5d8fffff","res":9,"coarsened":false,"count":7,"hv":7,"mp":0,"y0":2019,"y1":2025,"sp":[[43,3,3,0,2019,2025],[67,1,1,0,2021,2021],[36,1,1,0,2024,2024],[8,1,1,0,2022,2022],[156,1,1,0,2024,2024]]}},{"type":"Feature","geometry":{"type":"Polygon","coordinates":[[[-148.92598,63.73414],[-148.92884,63.73285],[-148.92787,63.73123],[-148.92404,63.7309],[-148.92117,63.73219],[-148.92214,63.73381],[-148.92598,63.73414]]]},"properties":{"cell":"890c74d5da3ffff","res":9,"coarsened":false,"count":20,"hv":20,"mp":0,"y0":1993,"y1":2025,"sp":[[36,5,5,0,2012,2025],[4,3,3,0,1993,2022],[43,3,3,0,2019,2025],[26,2,2,0,2022,2024],[29,1,1,0,2019,2019],[1,1,1,0,2011,2011],[76,1,1,0,2019,2019],[67,1,1,0,2022,2022],[2,1,1,0,2019,2019],[16,1,1,0,2024,2024],[28,1,1,0,2024,2024]]}},{"type":"Feature","geometry":{"type":"Polygon","coordinates":[[[-149.25531,63.71258],[-149.25816,63.71128],[-149.25716,63.70966],[-149.25332,63.70935],[-149.25048,63.71065],[-149.25147,63.71227],[-149.25531,63.71258]]]},"properties":{"cell":"890c74c038bffff","res":9,"coarsened":false,"count":7,"hv":7,"mp":0,"y0":2019,"y1":2026,"sp":[[1,2,2,0,2021,2024],[33,1,1,0,2019,2019],[2,1,1,0,2021,2021],[6,1,1,0,2022,2022],[59,1,1,0,2026,2026],[10,1,1,0,2026,2026]]}},{"type":"Feature","geometry":{"type":"Polygon","coordinates":[[[-149.99362,63.51398],[-149.99641,63.51267],[-149.99537,63.51106],[-149.99154,63.51076],[-149.98875,63.51207],[-149.98979,63.51369],[-149.99362,63.51398]]]},"properties":{"cell":"890c745b137ffff","res":9,"coarsened":false,"count":1,"hv":1,"mp":0,"y0":2019,"y1":2019,"sp":[[1,1,1,0,2019,2019]]}},{"type":"Feature","geometry":{"type":"Polygon","coordinates":[[[-148.8451,63.65347],[-148.84795,63.65218],[-148.84699,63.65056],[-148.84317,63.65023],[-148.84032,63.65152],[-148.84128,63.65314],[-148.8451,63.65347]]]},"properties":{"cell":"890c74c6cb7ffff","res":9,"coarsened":false,"count":4,"hv":4,"mp":0,"y0":2019,"y1":2026,"sp":[[67,1,1,0,2019,2019],[2,1,1,0,2025,2025],[45,1,1,0,2026,2026],[10,1,1,0,2025,2025]]}},{"type":"Feature","geometry":{"type":"Polygon","coordinates":[[[-149.15089,63.71467],[-149.15374,63.71337],[-149.15275,63.71175],[-149.14892,63.71143],[-149.14607,63.71273],[-149.14705,63.71435],[-149.15089,63.71467]]]},"properties":{"cell":"890c74c2a37ffff","res":9,"coarsened":false,"count":10,"hv":10,"mp":0,"y0":2018,"y1":2026,"sp":[[2,3,3,0,2018,2026],[10,2,2,0,2019,2019],[11,2,2,0,2022,2025],[58,1,1,0,2021,2021],[3,1,1,0,2024,2024],[1,1,1,0,2025,2025]]}},{"type":"Feature","geometry":{"type":"Polygon","coordinates":[[[-148.85177,63.6525],[-148.85463,63.65121],[-148.85367,63.64959],[-148.84985,63.64927],[-148.84699,63.65056],[-148.84795,63.65218],[-148.85177,63.6525]]]},"properties":{"cell":"890c74c6ca3ffff","res":9,"coarsened":false,"count":3,"hv":3,"mp":0,"y0":2019,"y1":2020,"sp":[[36,2,2,0,2019,2020],[19,1,1,0,2019,2019]]}},{"type":"Feature","geometry":{"type":"Polygon","coordinates":[[[-148.86613,63.65834],[-148.86899,63.65705],[-148.86802,63.65543],[-148.8642,63.6551],[-148.86134,63.65639],[-148.86231,63.65801],[-148.86613,63.65834]]]},"properties":{"cell":"890c74c6c8bffff","res":9,"coarsened":false,"count":3,"hv":3,"mp":0,"y0":2019,"y1":2025,"sp":[[13,1,1,0,2019,2019],[26,1,1,0,2025,2025],[97,1,1,0,2025,2025]]}},{"type":"Feature","geometry":{"type":"Polygon","coordinates":[[[-148.93457,63.73026],[-148.93743,63.72897],[-148.93646,63.72735],[-148.93262,63.72702],[-148.92976,63.72831],[-148.93073,63.72993],[-148.93457,63.73026]]]},"properties":{"cell":"890c74d5d33ffff","res":9,"coarsened":false,"count":8,"hv":8,"mp":0,"y0":2019,"y1":2026,"sp":[[36,2,2,0,2019,2024],[78,2,2,0,2019,2019],[2,1,1,0,2021,2021],[13,1,1,0,2019,2019],[11,1,1,0,2024,2024],[26,1,1,0,2026,2026]]}},{"type":"Feature","geometry":{"type":"Polygon","coordinates":[[[-149.36995,63.73277],[-149.3728,63.73146],[-149.37179,63.72984],[-149.36795,63.72953],[-149.3651,63.73083],[-149.3661,63.73245],[-149.36995,63.73277]]]},"properties":{"cell":"890c74c108bffff","res":9,"coarsened":false,"count":10,"hv":10,"mp":0,"y0":2019,"y1":2026,"sp":[[11,3,3,0,2019,2026],[1,2,2,0,2021,2021],[2,2,2,0,2024,2024],[7,1,1,0,2022,2022],[5,1,1,0,2025,2025],[57,1,1,0,2025,2025]]}},{"type":"Feature","geometry":{"type":"Polygon","coordinates":[[[-149.64391,63.56463],[-149.64672,63.56332],[-149.64571,63.56171],[-149.64188,63.5614],[-149.63907,63.56271],[-149.64008,63.56432],[-149.64391,63.56463]]]},"properties":{"cell":"890c745049bffff","res":9,"coarsened":false,"count":4,"hv":4,"mp":0,"y0":2012,"y1":2024,"sp":[[1,1,1,0,2019,2019],[14,1,1,0,2012,2012],[7,1,1,0,2022,2022],[4,1,1,0,2024,2024]]}},{"type":"Feature","geometry":{"type":"Polygon","coordinates":[[[-149.63547,63.56855],[-149.63829,63.56724],[-149.63727,63.56563],[-149.63344,63.56532],[-149.63063,63.56663],[-149.63164,63.56825],[-149.63547,63.56855]]]},"properties":{"cell":"890c745222bffff","res":9,"coarsened":false,"count":2,"hv":2,"mp":0,"y0":2019,"y1":2024,"sp":[[7,1,1,0,2019,2019],[14,1,1,0,2024,2024]]}},{"type":"Feature","geometry":{"type":"Polygon","coordinates":[[[-148.82317,63.65927],[-148.82603,63.65797],[-148.82506,63.65636],[-148.82124,63.65603],[-148.81839,63.65732],[-148.81935,63.65894],[-148.82317,63.65927]]]},"properties":{"cell":"890c7489303ffff","res":9,"coarsened":false,"count":1,"hv":1,"mp":0,"y0":2019,"y1":2019,"sp":[[67,1,1,0,2019,2019]]}},{"type":"Feature","geometry":{"type":"Polygon","coordinates":[[[-150.2355,63.46054],[-150.23827,63.45922],[-150.23722,63.45761],[-150.23339,63.45732],[-150.23062,63.45864],[-150.23167,63.46025],[-150.2355,63.46054]]]},"properties":{"cell":"890c76963afffff","res":9,"coarsened":false,"count":1,"hv":1,"mp":0,"y0":2019,"y1":2019,"sp":[[12,1,1,0,2019,2019]]}},{"type":"Feature","geometry":{"type":"Polygon","coordinates":[[[-150.23062,63.45864],[-150.23339,63.45732],[-150.23234,63.45571],[-150.22851,63.45542],[-150.22573,63.45674],[-150.22679,63.45835],[-150.23062,63.45864]]]},"properties":{"cell":"890c7696edbffff","res":9,"coarsened":false,"count":6,"hv":6,"mp":0,"y0":2009,"y1":2021,"sp":[[4,4,4,0,2009,2019],[1,2,2,0,2021,2021]]}},{"type":"Feature","geometry":{"type":"Polygon","coordinates":[[[-149.28548,63.73198],[-149.28833,63.73067],[-149.28733,63.72906],[-149.28349,63.72874],[-149.28064,63.73004],[-149.28164,63.73166],[-149.28548,63.73198]]]},"properties":{"cell":"890c74c0667ffff","res":9,"coarsened":false,"count":6,"hv":6,"mp":0,"y0":2016,"y1":2026,"sp":[[1,2,2,0,2016,2026],[58,1,1,0,2019,2019],[32,1,1,0,2019,2019],[11,1,1,0,2024,2024],[16,1,1,0,2026,2026]]}},{"type":"Feature","geometry":{"type":"Polygon","coordinates":[[[-148.90865,63.72344],[-148.91151,63.72215],[-148.91054,63.72053],[-148.90671,63.7202],[-148.90385,63.72149],[-148.90482,63.72311],[-148.90865,63.72344]]]},"properties":{"cell":"890c74d4a13ffff","res":9,"coarsened":false,"count":3,"hv":3,"mp":0,"y0":2019,"y1":2024,"sp":[[16,1,1,0,2019,2019],[1,1,1,0,2019,2019],[2,1,1,0,2024,2024]]}},{"type":"Feature","geometry":{"type":"Polygon","coordinates":[[[-149.80805,63.54239],[-149.81085,63.54108],[-149.80983,63.53947],[-149.806,63.53917],[-149.8032,63.54048],[-149.80422,63.54209],[-149.80805,63.54239]]]},"properties":{"cell":"890c7451637ffff","res":9,"coarsened":false,"count":8,"hv":8,"mp":0,"y0":2018,"y1":2022,"sp":[[8,6,6,0,2021,2022],[1,1,1,0,2019,2019],[7,1,1,0,2018,2018]]}},{"type":"Feature","geometry":{"type":"Polygon","coordinates":[[[-149.30556,63.72902],[-149.30841,63.72772],[-149.30741,63.7261],[-149.30356,63.72578],[-149.30072,63.72708],[-149.30172,63.7287],[-149.30556,63.72902]]]},"properties":{"cell":"890c74c02dbffff","res":9,"coarsened":false,"count":1,"hv":1,"mp":0,"y0":2019,"y1":2019,"sp":[[1,1,1,0,2019,2019]]}},{"type":"Feature","geometry":{"type":"Polygon","coordinates":[[[-149.29887,63.73001],[-149.30172,63.7287],[-149.30072,63.72708],[-149.29687,63.72677],[-149.29403,63.72807],[-149.29502,63.72969],[-149.29887,63.73001]]]},"properties":{"cell":"890c74c02d3ffff","res":9,"coarsened":false,"count":2,"hv":2,"mp":0,"y0":2019,"y1":2023,"sp":[[1,1,1,0,2019,2019],[11,1,1,0,2023,2023]]}},{"type":"Feature","geometry":{"type":"Polygon","coordinates":[[[-149.26499,63.71646],[-149.26783,63.71515],[-149.26684,63.71354],[-149.263,63.71322],[-149.26015,63.71452],[-149.26114,63.71614],[-149.26499,63.71646]]]},"properties":{"cell":"890c74c03d3ffff","res":9,"coarsened":false,"count":22,"hv":22,"mp":0,"y0":2006,"y1":2026,"sp":[[2,3,3,0,2019,2025],[47,3,3,0,2019,2024],[45,2,2,0,2019,2026],[83,2,2,0,2019,2022],[58,2,2,0,2022,2022],[59,2,2,0,2022,2022],[43,2,2,0,2023,2026],[44,1,1,0,2019,2019],[70,1,1,0,2019,2019],[36,1,1,0,2019,2019],[10,1,1,0,2006,2006],[6,1,1,0,2022,2022],[26,1,1,0,2025,2025]]}},{"type":"Feature","geometry":{"type":"Polygon","coordinates":[[[-149.56263,63.69617],[-149.56546,63.69487],[-149.56445,63.69325],[-149.5606,63.69294],[-149.55777,63.69425],[-149.55878,63.69586],[-149.56263,63.69617]]]},"properties":{"cell":"890c74c840fffff","res":9,"coarsened":false,"count":4,"hv":4,"mp":0,"y0":2000,"y1":2023,"sp":[[31,1,1,0,2019,2019],[5,1,1,0,2000,2000],[1,1,1,0,2016,2016],[11,1,1,0,2023,2023]]}},{"type":"Feature","geometry":{"type":"Polygon","coordinates":[[[-150.31667,63.43453],[-150.31944,63.43321],[-150.31838,63.4316],[-150.31456,63.43131],[-150.31179,63.43264],[-150.31285,63.43424],[-150.31667,63.43453]]]},"properties":{"cell":"890c769400bffff","res":9,"coarsened":false,"count":3,"hv":3,"mp":0,"y0":2004,"y1":2021,"sp":[[4,2,2,0,2019,2021],[25,1,1,0,2004,2004]]}},{"type":"Feature","geometry":{"type":"Polygon","coordinates":[[[-149.90707,63.53789],[-149.90987,63.53658],[-149.90884,63.53497],[-149.90501,63.53467],[-149.90221,63.53598],[-149.90324,63.53759],[-149.90707,63.53789]]]},"properties":{"cell":"890c745a08fffff","res":9,"coarsened":false,"count":2,"hv":2,"mp":0,"y0":2019,"y1":2019,"sp":[[7,2,2,0,2019,2019]]}},{"type":"Feature","geometry":{"type":"Polygon","coordinates":[[[-149.87436,63.53228],[-149.87716,63.53096],[-149.87613,63.52935],[-149.8723,63.52905],[-149.8695,63.53036],[-149.87053,63.53198],[-149.87436,63.53228]]]},"properties":{"cell":"890c745a567ffff","res":9,"coarsened":false,"count":4,"hv":4,"mp":0,"y0":2013,"y1":2024,"sp":[[1,2,2,0,2019,2020],[11,1,1,0,2013,2013],[4,1,1,0,2024,2024]]}},{"type":"Feature","geometry":{"type":"Polygon","coordinates":[[[-149.2617,63.74077],[-149.26455,63.73947],[-149.26355,63.73785],[-149.25971,63.73753],[-149.25686,63.73883],[-149.25785,63.74045],[-149.2617,63.74077]]]},"properties":{"cell":"890c74c06a3ffff","res":9,"coarsened":false,"count":19,"hv":19,"mp":0,"y0":2019,"y1":2026,"sp":[[4,9,9,0,2019,2026],[3,7,7,0,2020,2025],[71,1,1,0,2019,2019],[8,1,1,0,2023,2023],[25,1,1,0,2025,2025]]}},{"type":"Feature","geometry":{"type":"Polygon","coordinates":[[[-149.27509,63.7388],[-149.27794,63.7375],[-149.27694,63.73588],[-149.27309,63.73556],[-149.27025,63.73687],[-149.27124,63.73848],[-149.27509,63.7388]]]},"properties":{"cell":"890c74c0607ffff","res":9,"coarsened":false,"count":2,"hv":2,"mp":0,"y0":2019,"y1":2019,"sp":[[12,1,1,0,2019,2019],[2,1,1,0,2019,2019]]}},{"type":"Feature","geometry":{"type":"Polygon","coordinates":[[[-149.255,63.74175],[-149.25785,63.74045],[-149.25686,63.73883],[-149.25301,63.73852],[-149.25016,63.73982],[-149.25116,63.74144],[-149.255,63.74175]]]},"properties":{"cell":"890c74c06b7ffff","res":9,"coarsened":false,"count":30,"hv":30,"mp":0,"y0":2017,"y1":2026,"sp":[[4,26,26,0,2017,2026],[7,3,3,0,2017,2025],[76,1,1,0,2019,2019]]}},{"type":"Feature","geometry":{"type":"Polygon","coordinates":[[[-148.94985,63.72541],[-148.95271,63.72411],[-148.95174,63.72249],[-148.9479,63.72217],[-148.94504,63.72346],[-148.94602,63.72508],[-148.94985,63.72541]]]},"properties":{"cell":"890c74d5d67ffff","res":9,"coarsened":false,"count":4,"hv":4,"mp":0,"y0":2019,"y1":2024,"sp":[[2,2,2,0,2019,2023],[11,1,1,0,2021,2021],[26,1,1,0,2024,2024]]}},{"type":"Feature","geometry":{"type":"Polygon","coordinates":[[[-149.26684,63.71354],[-149.26968,63.71224],[-149.26869,63.71062],[-149.26485,63.7103],[-149.262,63.7116],[-149.263,63.71322],[-149.26684,63.71354]]]},"properties":{"cell":"890c74c03c3ffff","res":9,"coarsened":false,"count":10,"hv":10,"mp":0,"y0":2019,"y1":2026,"sp":[[4,3,3,0,2019,2025],[10,2,2,0,2025,2026],[16,1,1,0,2021,2021],[14,1,1,0,2023,2023],[1,1,1,0,2023,2023],[6,1,1,0,2025,2025],[11,1,1,0,2024,2024]]}},{"type":"Feature","geometry":{"type":"Polygon","coordinates":[[[-149.25459,63.72328],[-149.25744,63.72198],[-149.25644,63.72036],[-149.2526,63.72004],[-149.24975,63.72134],[-149.25075,63.72296],[-149.25459,63.72328]]]},"properties":{"cell":"890c74c0073ffff","res":9,"coarsened":false,"count":8,"hv":8,"mp":0,"y0":2019,"y1":2026,"sp":[[10,2,2,0,2021,2026],[13,1,1,0,2019,2019],[6,1,1,0,2019,2019],[58,1,1,0,2019,2019],[11,1,1,0,2024,2024],[26,1,1,0,2025,2025],[88,1,1,0,2026,2026]]}},{"type":"Feature","geometry":{"type":"Polygon","coordinates":[[[-149.25274,63.7262],[-149.25559,63.7249],[-149.25459,63.72328],[-149.25075,63.72296],[-149.2479,63.72426],[-149.24889,63.72588],[-149.25274,63.7262]]]},"properties":{"cell":"890c74c000bffff","res":9,"coarsened":false,"count":14,"hv":14,"mp":0,"y0":2019,"y1":2026,"sp":[[2,5,5,0,2019,2026],[59,2,2,0,2019,2019],[36,2,2,0,2024,2024],[82,1,1,0,2019,2019],[43,1,1,0,2025,2025],[11,1,1,0,2025,2025],[10,1,1,0,2025,2025],[6,1,1,0,2025,2025]]}},{"type":"Feature","geometry":{"type":"Polygon","coordinates":[[[-149.25016,63.73982],[-149.25301,63.73852],[-149.25202,63.7369],[-149.24817,63.73658],[-149.24532,63.73788],[-149.24632,63.7395],[-149.25016,63.73982]]]},"properties":{"cell":"890c74c046bffff","res":9,"coarsened":false,"count":28,"hv":28,"mp":0,"y0":2017,"y1":2026,"sp":[[4,14,14,0,2019,2026],[7,3,3,0,2017,2026],[2,3,3,0,2018,2026],[12,1,1,0,2019,2019],[58,1,1,0,2022,2022],[6,1,1,0,2022,2022],[43,1,1,0,2019,2019],[97,1,1,0,2023,2023],[82,1,1,0,2025,2025],[8,1,1,0,2025,2025],[11,1,1,0,2025,2025]]}},{"type":"Feature","geometry":{"type":"Polygon","coordinates":[[[-151.14352,63.35802],[-151.14624,63.35668],[-151.14513,63.35508],[-151.1413,63.35481],[-151.13857,63.35615],[-151.13968,63.35775],[-151.14352,63.35802]]]},"properties":{"cell":"890c76d4b17ffff","res":9,"coarsened":false,"count":1,"hv":1,"mp":0,"y0":2019,"y1":2019,"sp":[[2,1,1,0,2019,2019]]}},{"type":"Feature","geometry":{"type":"Polygon","coordinates":[[[-149.38216,63.72301],[-149.385,63.72171],[-149.384,63.72009],[-149.38015,63.71977],[-149.37731,63.72108],[-149.37831,63.7227],[-149.38216,63.72301]]]},"properties":{"cell":"890c74c1073ffff","res":9,"coarsened":false,"count":6,"hv":6,"mp":0,"y0":2015,"y1":2026,"sp":[[1,2,2,0,2015,2024],[5,1,1,0,2019,2019],[7,1,1,0,2019,2019],[59,1,1,0,2026,2026],[4,1,1,0,2026,2026]]}},{"type":"Feature","geometry":{"type":"Polygon","coordinates":[[[-149.09628,63.71471],[-149.09913,63.71341],[-149.09815,63.71179],[-149.09431,63.71147],[-149.09146,63.71277],[-149.09244,63.71439],[-149.09628,63.71471]]]},"properties":{"cell":"890c74c2957ffff","res":9,"coarsened":false,"count":15,"hv":15,"mp":0,"y0":1997,"y1":2026,"sp":[[2,4,4,0,2019,2025],[1,3,3,0,2018,2026],[6,3,3,0,2019,2019],[16,2,2,0,2025,2025],[15,1,1,0,2019,2019],[26,1,1,0,2023,2023],[11,1,1,0,1997,1997]]}},{"type":"Feature","geometry":{"type":"Polygon","coordinates":[[[-149.65468,63.5471],[-149.65749,63.54579],[-149.65648,63.54418],[-149.65265,63.54387],[-149.64984,63.54518],[-149.65086,63.54679],[-149.65468,63.5471]]]},"properties":{"cell":"890c7450467ffff","res":9,"coarsened":false,"count":2,"hv":2,"mp":0,"y0":2019,"y1":2019,"sp":[[7,1,1,0,2019,2019],[1,1,1,0,2019,2019]]}},{"type":"Feature","geometry":{"type":"Polygon","coordinates":[[[-150.01485,63.51868],[-150.01765,63.51737],[-150.01661,63.51576],[-150.01277,63.51546],[-150.00998,63.51678],[-150.01102,63.51839],[-150.01485,63.51868]]]},"properties":{"cell":"890c745b10bffff","res":9,"coarsened":false,"count":3,"hv":3,"mp":0,"y0":2019,"y1":2019,"sp":[[1,2,2,0,2019,2019],[12,1,1,0,2019,2019]]}},{"type":"Feature","geometry":{"type":"Polygon","coordinates":[[[-148.97475,63.72445],[-148.97761,63.72315],[-148.97663,63.72153],[-148.9728,63.72121],[-148.96994,63.7225],[-148.97091,63.72412],[-148.97475,63.72445]]]},"properties":{"cell":"890c74d58afffff","res":9,"coarsened":false,"count":3,"hv":3,"mp":0,"y0":2019,"y1":2026,"sp":[[2,2,2,0,2019,2026],[36,1,1,0,2019,2019]]}},{"type":"Feature","geometry":{"type":"Polygon","coordinates":[[[-150.09751,63.71357],[-150.10032,63.71225],[-150.09927,63.71064],[-150.0954,63.71034],[-150.09259,63.71166],[-150.09365,63.71327],[-150.09751,63.71357]]]},"properties":{"cell":"890c292018fffff","res":9,"coarsened":false,"count":1,"hv":1,"mp":0,"y0":2019,"y1":2019,"sp":[[11,1,1,0,2019,2019]]}},{"type":"Feature","geometry":{"type":"Polygon","coordinates":[[[-149.23631,63.67568],[-149.23915,63.67438],[-149.23816,63.67277],[-149.23433,63.67245],[-149.23148,63.67375],[-149.23248,63.67537],[-149.23631,63.67568]]]},"properties":{"cell":"890c74c0a13ffff","res":9,"coarsened":false,"count":1,"hv":1,"mp":0,"y0":2019,"y1":2019,"sp":[[45,1,1,0,2019,2019]]}},{"type":"Feature","geometry":{"type":"Polygon","coordinates":[[[-149.5183,63.71871],[-149.52114,63.7174],[-149.52012,63.71578],[-149.51628,63.71547],[-149.51344,63.71678],[-149.51445,63.7184],[-149.5183,63.71871]]]},"properties":{"cell":"890c74ca06bffff","res":9,"coarsened":false,"count":2,"hv":2,"mp":0,"y0":2019,"y1":2022,"sp":[[53,1,1,0,2019,2019],[1,1,1,0,2022,2022]]}},{"type":"Feature","geometry":{"type":"Polygon","coordinates":[[[-149.26654,63.74271],[-149.26939,63.74141],[-149.26839,63.73979],[-149.26455,63.73947],[-149.2617,63.74077],[-149.26269,63.74239],[-149.26654,63.74271]]]},"properties":{"cell":"890c74c06bbffff","res":9,"coarsened":false,"count":2,"hv":2,"mp":0,"y0":2019,"y1":2025,"sp":[[4,2,2,0,2019,2025]]}},{"type":"Feature","geometry":{"type":"Polygon","coordinates":[[[-149.65126,63.58208],[-149.65408,63.58077],[-149.65306,63.57915],[-149.64923,63.57885],[-149.64642,63.58016],[-149.64743,63.58177],[-149.65126,63.58208]]]},"properties":{"cell":"890c74522cbffff","res":9,"coarsened":false,"count":1,"hv":1,"mp":0,"y0":2019,"y1":2019,"sp":[[1,1,1,0,2019,2019]]}},{"type":"Feature","geometry":{"type":"Polygon","coordinates":[[[-150.17259,63.47566],[-150.17537,63.47434],[-150.17432,63.47273],[-150.17049,63.47244],[-150.16771,63.47376],[-150.16876,63.47537],[-150.17259,63.47566]]]},"properties":{"cell":"890c7459247ffff","res":9,"coarsened":false,"count":2,"hv":2,"mp":0,"y0":2019,"y1":2025,"sp":[[1,2,2,0,2019,2025]]}},{"type":"Feature","geometry":{"type":"Polygon","coordinates":[[[-150.11102,63.49851],[-150.1138,63.49719],[-150.11276,63.49558],[-150.10893,63.49529],[-150.10614,63.49661],[-150.10719,63.49822],[-150.11102,63.49851]]]},"properties":{"cell":"890c7459463ffff","res":9,"coarsened":false,"count":3,"hv":3,"mp":0,"y0":2012,"y1":2019,"sp":[[1,2,2,0,2019,2019],[3,1,1,0,2012,2012]]}},{"type":"Feature","geometry":{"type":"Polygon","coordinates":[[[-149.28478,63.74267],[-149.28763,63.74137],[-149.28663,63.73975],[-149.28278,63.73944],[-149.27993,63.74074],[-149.28093,63.74236],[-149.28478,63.74267]]]},"properties":{"cell":"890c74c061bffff","res":9,"coarsened":false,"count":25,"hv":25,"mp":0,"y0":2019,"y1":2026,"sp":[[3,14,14,0,2019,2026],[4,5,5,0,2019,2026],[6,2,2,0,2019,2019],[31,1,1,0,2019,2019],[70,1,1,0,2019,2019],[14,1,1,0,2025,2025],[11,1,1,0,2026,2026]]}},{"type":"Feature","geometry":{"type":"Polygon","coordinates":[[[-149.28663,63.73975],[-149.28948,63.73845],[-149.28848,63.73683],[-149.28463,63.73652],[-149.28178,63.73782],[-149.28278,63.73944],[-149.28663,63.73975]]]},"properties":{"cell":"890c74c060bffff","res":9,"coarsened":false,"count":8,"hv":8,"mp":0,"y0":2012,"y1":2026,"sp":[[2,3,3,0,2021,2026],[3,2,2,0,2025,2026],[76,1,1,0,2019,2019],[4,1,1,0,2022,2022],[7,1,1,0,2012,2012]]}},{"type":"Feature","geometry":{"type":"Polygon","coordinates":[[[-149.94239,63.5192],[-149.94519,63.51788],[-149.94415,63.51627],[-149.94032,63.51598],[-149.93753,63.51729],[-149.93856,63.5189],[-149.94239,63.5192]]]},"properties":{"cell":"890c745a3cbffff","res":9,"coarsened":false,"count":1,"hv":1,"mp":0,"y0":2019,"y1":2019,"sp":[[11,1,1,0,2019,2019]]}},{"type":"Feature","geometry":{"type":"Polygon","coordinates":[[[-149.22372,63.71458],[-149.22657,63.71328],[-149.22558,63.71166],[-149.22174,63.71134],[-149.21889,63.71264],[-149.21988,63.71426],[-149.22372,63.71458]]]},"properties":{"cell":"890c74c0157ffff","res":9,"coarsened":false,"count":8,"hv":8,"mp":0,"y0":2018,"y1":2026,"sp":[[2,4,4,0,2019,2026],[1,2,2,0,2018,2025],[10,1,1,0,2023,2023],[11,1,1,0,2024,2024]]}},{"type":"Feature","geometry":{"type":"Polygon","coordinates":[[[-149.30301,63.74264],[-149.30586,63.74134],[-149.30486,63.73972],[-149.30102,63.7394],[-149.29817,63.7407],[-149.29917,63.74232],[-149.30301,63.74264]]]},"properties":{"cell":"890c74c065bffff","res":9,"coarsened":false,"count":3,"hv":3,"mp":0,"y0":2019,"y1":2023,"sp":[[7,2,2,0,2019,2023],[11,1,1,0,2022,2022]]}},{"type":"Feature","geometry":{"type":"Polygon","coordinates":[[[-150.3792,63.43003],[-150.38197,63.42871],[-150.3809,63.4271],[-150.37708,63.42681],[-150.37431,63.42814],[-150.37537,63.42974],[-150.3792,63.43003]]]},"properties":{"cell":"890c769425bffff","res":9,"coarsened":false,"count":3,"hv":3,"mp":0,"y0":2011,"y1":2019,"sp":[[2,1,1,0,2019,2019],[57,1,1,0,2011,2011],[5,1,1,0,2018,2018]]}},{"type":"Feature","geometry":{"type":"Polygon","coordinates":[[[-150.55159,63.44276],[-150.55435,63.44143],[-150.55328,63.43982],[-150.54944,63.43954],[-150.54668,63.44087],[-150.54776,63.44247],[-150.55159,63.44276]]]},"properties":{"cell":"890c7682093ffff","res":9,"coarsened":false,"count":2,"hv":2,"mp":0,"y0":2019,"y1":2019,"sp":[[85,1,1,0,2019,2019],[27,1,1,0,2019,2019]]}},{"type":"Feature","geometry":{"type":"Polygon","coordinates":[[[-150.04935,63.52134],[-150.05214,63.52002],[-150.05109,63.51841],[-150.04726,63.51812],[-150.04447,63.51943],[-150.04551,63.52104],[-150.04935,63.52134]]]},"properties":{"cell":"890c745b39bffff","res":9,"coarsened":false,"count":4,"hv":4,"mp":0,"y0":2015,"y1":2019,"sp":[[7,2,2,0,2019,2019],[11,1,1,0,2015,2015],[4,1,1,0,2015,2015]]}},{"type":"Feature","geometry":{"type":"Polygon","coordinates":[[[-149.96226,63.51615],[-149.96506,63.51483],[-149.96402,63.51322],[-149.96019,63.51292],[-149.9574,63.51424],[-149.95843,63.51585],[-149.96226,63.51615]]]},"properties":{"cell":"890c7458493ffff","res":9,"coarsened":false,"count":4,"hv":4,"mp":0,"y0":2015,"y1":2025,"sp":[[4,2,2,0,2019,2025],[11,1,1,0,2019,2019],[7,1,1,0,2015,2015]]}},{"type":"Feature","geometry":{"type":"Polygon","coordinates":[[[-149.19064,63.73796],[-149.19349,63.73666],[-149.1925,63.73504],[-149.18865,63.73472],[-149.1858,63.73602],[-149.18679,63.73764],[-149.19064,63.73796]]]},"properties":{"cell":"890c74c058fffff","res":9,"coarsened":false,"count":1,"hv":1,"mp":0,"y0":2019,"y1":2019,"sp":[[2,1,1,0,2019,2019]]}},{"type":"Feature","geometry":{"type":"Polygon","coordinates":[[[-149.0389,63.79445],[-149.04177,63.79316],[-149.04078,63.79154],[-149.03694,63.79121],[-149.03407,63.79251],[-149.03505,63.79413],[-149.0389,63.79445]]]},"properties":{"cell":"890c74d540bffff","res":9,"coarsened":false,"count":1,"hv":1,"mp":0,"y0":2019,"y1":2019,"sp":[[1,1,1,0,2019,2019]]}},{"type":"Feature","geometry":{"type":"Polygon","coordinates":[[[-150.3735,63.38834],[-150.37626,63.38702],[-150.3752,63.38541],[-150.37138,63.38513],[-150.36862,63.38645],[-150.36968,63.38805],[-150.3735,63.38834]]]},"properties":{"cell":"890c7695817ffff","res":9,"coarsened":false,"count":2,"hv":2,"mp":0,"y0":2017,"y1":2019,"sp":[[12,1,1,0,2019,2019],[13,1,1,0,2017,2017]]}},{"type":"Feature","geometry":{"type":"Polygon","coordinates":[[[-148.90486,63.72927],[-148.90773,63.72797],[-148.90676,63.72635],[-148.90292,63.72603],[-148.90006,63.72732],[-148.90103,63.72894],[-148.90486,63.72927]]]},"properties":{"cell":"890c74d4a9bffff","res":9,"coarsened":false,"count":9,"hv":9,"mp":0,"y0":2019,"y1":2024,"sp":[[13,3,3,0,2019,2024],[44,2,2,0,2022,2024],[36,2,2,0,2023,2024],[45,1,1,0,2024,2024],[91,1,1,0,2024,2024]]}},{"type":"Feature","geometry":{"type":"Polygon","coordinates":[[[-150.57717,63.50273],[-150.57993,63.50141],[-150.57885,63.4998],[-150.57501,63.49952],[-150.57225,63.50085],[-150.57332,63.50245],[-150.57717,63.50273]]]},"properties":{"cell":"890c769037bffff","res":9,"coarsened":false,"count":1,"hv":1,"mp":0,"y0":2018,"y1":2018,"sp":[[1,1,1,0,2018,2018]]}},{"type":"Feature","geometry":{"type":"Polygon","coordinates":[[[-150.60841,63.51113],[-150.61117,63.5098],[-150.61009,63.50819],[-150.60625,63.50791],[-150.60348,63.50924],[-150.60456,63.51085],[-150.60841,63.51113]]]},"properties":{"cell":"890c769026fffff","res":9,"coarsened":false,"count":1,"hv":1,"mp":0,"y0":2018,"y1":2018,"sp":[[2,1,1,0,2018,2018]]}},{"type":"Feature","geometry":{"type":"Polygon","coordinates":[[[-150.65971,63.49497],[-150.66247,63.49364],[-150.66138,63.49203],[-150.65754,63.49175],[-150.65478,63.49308],[-150.65586,63.49469],[-150.65971,63.49497]]]},"properties":{"cell":"890c7691e1bffff","res":9,"coarsened":false,"count":1,"hv":1,"mp":0,"y0":2018,"y1":2018,"sp":[[56,1,1,0,2018,2018]]}},{"type":"Feature","geometry":{"type":"Polygon","coordinates":[[[-150.86265,63.47587],[-150.86539,63.47453],[-150.8643,63.47293],[-150.86045,63.47265],[-150.8577,63.47399],[-150.8588,63.47559],[-150.86265,63.47587]]]},"properties":{"cell":"890c76980abffff","res":9,"coarsened":false,"count":1,"hv":1,"mp":0,"y0":2018,"y1":2018,"sp":[[86,1,1,0,2018,2018]]}},{"type":"Feature","geometry":{"type":"Polygon","coordinates":[[[-150.85277,63.46141],[-150.85551,63.46007],[-150.85442,63.45847],[-150.85057,63.45819],[-150.84782,63.45953],[-150.84892,63.46113],[-150.85277,63.46141]]]},"properties":{"cell":"890c7698147ffff","res":9,"coarsened":false,"count":2,"hv":2,"mp":0,"y0":2018,"y1":2023,"sp":[[78,1,1,0,2018,2018],[16,1,1,0,2023,2023]]}},{"type":"Feature","geometry":{"type":"Polygon","coordinates":[[[-150.88409,63.49115],[-150.88684,63.48981],[-150.88574,63.4882],[-150.88189,63.48793],[-150.87914,63.48927],[-150.88024,63.49087],[-150.88409,63.49115]]]},"properties":{"cell":"890c76986b7ffff","res":9,"coarsened":false,"count":1,"hv":1,"mp":0,"y0":2018,"y1":2018,"sp":[[10,1,1,0,2018,2018]]}},{"type":"Feature","geometry":{"type":"Polygon","coordinates":[[[-150.56057,63.5107],[-150.56334,63.50937],[-150.56226,63.50777],[-150.55842,63.50748],[-150.55565,63.50881],[-150.55673,63.51042],[-150.56057,63.5107]]]},"properties":{"cell":"890c7690313ffff","res":9,"coarsened":false,"count":1,"hv":1,"mp":0,"y0":2018,"y1":2018,"sp":[[1,1,1,0,2018,2018]]}},{"type":"Feature","geometry":{"type":"Polygon","coordinates":[[[-150.71915,63.48549],[-150.7219,63.48416],[-150.72081,63.48256],[-150.71697,63.48228],[-150.71421,63.48361],[-150.7153,63.48522],[-150.71915,63.48549]]]},"properties":{"cell":"890c769ad43ffff","res":9,"coarsened":false,"count":1,"hv":1,"mp":0,"y0":2018,"y1":2018,"sp":[[12,1,1,0,2018,2018]]}},{"type":"Feature","geometry":{"type":"Polygon","coordinates":[[[-150.04971,63.51065],[-150.0525,63.50933],[-150.05146,63.50772],[-150.04763,63.50743],[-150.04484,63.50874],[-150.04588,63.51036],[-150.04971,63.51065]]]},"properties":{"cell":"890c745b307ffff","res":9,"coarsened":false,"count":1,"hv":1,"mp":0,"y0":2018,"y1":2018,"sp":[[12,1,1,0,2018,2018]]}},{"type":"Feature","geometry":{"type":"Polygon","coordinates":[[[-150.05182,63.49704],[-150.05461,63.49572],[-150.05357,63.49411],[-150.04974,63.49382],[-150.04695,63.49513],[-150.04799,63.49674],[-150.05182,63.49704]]]},"properties":{"cell":"890c7459587ffff","res":9,"coarsened":false,"count":1,"hv":1,"mp":0,"y0":2018,"y1":2018,"sp":[[7,1,1,0,2018,2018]]}},{"type":"Feature","geometry":{"type":"Polygon","coordinates":[[[-149.61542,63.54243],[-149.61823,63.54112],[-149.61721,63.53951],[-149.61339,63.5392],[-149.61058,63.54051],[-149.61159,63.54212],[-149.61542,63.54243]]]},"properties":{"cell":"890c7450503ffff","res":9,"coarsened":false,"count":1,"hv":1,"mp":0,"y0":2018,"y1":2018,"sp":[[7,1,1,0,2018,2018]]}},{"type":"Feature","geometry":{"type":"Polygon","coordinates":[[[-149.19771,63.70781],[-149.20056,63.70651],[-149.19957,63.70489],[-149.19573,63.70457],[-149.19288,63.70587],[-149.19387,63.70749],[-149.19771,63.70781]]]},"properties":{"cell":"890c74c0137ffff","res":9,"coarsened":false,"count":1,"hv":1,"mp":0,"y0":2019,"y1":2019,"sp":[[2,1,1,0,2019,2019]]}},{"type":"Feature","geometry":{"type":"Polygon","coordinates":[[[-149.11448,63.7147],[-149.11733,63.7134],[-149.11635,63.71178],[-149.11251,63.71146],[-149.10966,63.71276],[-149.11064,63.71438],[-149.11448,63.7147]]]},"properties":{"cell":"890c74c2b97ffff","res":9,"coarsened":false,"count":7,"hv":7,"mp":0,"y0":2017,"y1":2026,"sp":[[2,3,3,0,2017,2026],[87,1,1,0,2019,2019],[10,1,1,0,2017,2017],[1,1,1,0,2017,2017],[16,1,1,0,2021,2021]]}},{"type":"Feature","geometry":{"type":"Polygon","coordinates":[[[-150.1292,63.1243],[-150.13194,63.12299],[-150.13091,63.12139],[-150.12714,63.1211],[-150.1244,63.12241],[-150.12543,63.12402],[-150.1292,63.1243]]]},"properties":{"cell":"890c76b0b6bffff","res":9,"coarsened":false,"count":1,"hv":1,"mp":0,"y0":2010,"y1":2010,"sp":[[1,1,1,0,2010,2010]]}},{"type":"Feature","geometry":{"type":"Polygon","coordinates":[[[-148.90108,63.7351],[-148.90394,63.7338],[-148.90297,63.73218],[-148.89914,63.73185],[-148.89627,63.73315],[-148.89724,63.73477],[-148.90108,63.7351]]]},"properties":{"cell":"890c74d4e77ffff","res":9,"coarsened":false,"count":7,"hv":7,"mp":0,"y0":2019,"y1":2025,"sp":[[36,2,2,0,2024,2025],[13,1,1,0,2019,2019],[67,1,1,0,2022,2022],[43,1,1,0,2022,2022],[10,1,1,0,2022,2022],[2,1,1,0,2025,2025]]}},{"type":"Feature","geometry":{"type":"Polygon","coordinates":[[[-150.06827,63.39888],[-150.07105,63.39756],[-150.07001,63.39595],[-150.06619,63.39566],[-150.06342,63.39698],[-150.06446,63.39858],[-150.06827,63.39888]]]},"properties":{"cell":"890c744b5bbffff","res":9,"coarsened":false,"count":1,"hv":1,"mp":0,"y0":2018,"y1":2018,"sp":[[7,1,1,0,2018,2018]]}},{"type":"Feature","geometry":{"type":"Polygon","coordinates":[[[-149.4484,63.7238],[-149.45124,63.72249],[-149.45023,63.72088],[-149.44638,63.72056],[-149.44354,63.72187],[-149.44455,63.72349],[-149.4484,63.7238]]]},"properties":{"cell":"890c74ca52fffff","res":9,"coarsened":false,"count":1,"hv":1,"mp":0,"y0":2019,"y1":2019,"sp":[[2,1,1,0,2019,2019]]}},{"type":"Feature","geometry":{"type":"Polygon","coordinates":[[[-149.54059,63.55634],[-149.54341,63.55503],[-149.5424,63.55342],[-149.53858,63.55311],[-149.53576,63.55442],[-149.53677,63.55603],[-149.54059,63.55634]]]},"properties":{"cell":"890c7452c43ffff","res":9,"coarsened":false,"count":1,"hv":1,"mp":0,"y0":2019,"y1":2019,"sp":[[7,1,1,0,2019,2019]]}},{"type":"Feature","geometry":{"type":"Polygon","coordinates":[[[-150.30665,63.44142],[-150.30942,63.4401],[-150.30837,63.4385],[-150.30454,63.43821],[-150.30177,63.43953],[-150.30283,63.44114],[-150.30665,63.44142]]]},"properties":{"cell":"890c769408bffff","res":9,"coarsened":false,"count":1,"hv":1,"mp":0,"y0":2019,"y1":2019,"sp":[[1,1,1,0,2019,2019]]}},{"type":"Feature","geometry":{"type":"Polygon","coordinates":[[[-150.32644,63.43832],[-150.32921,63.437],[-150.32815,63.43539],[-150.32433,63.4351],[-150.32156,63.43643],[-150.32262,63.43803],[-150.32644,63.43832]]]},"properties":{"cell":"890c7694053ffff","res":9,"coarsened":false,"count":3,"hv":3,"mp":0,"y0":2017,"y1":2021,"sp":[[25,1,1,0,2019,2019],[12,1,1,0,2017,2017],[4,1,1,0,2021,2021]]}},{"type":"Feature","geometry":{"type":"Polygon","coordinates":[[[-148.86134,63.65639],[-148.8642,63.6551],[-148.86324,63.65348],[-148.85942,63.65316],[-148.85656,63.65445],[-148.85752,63.65607],[-148.86134,63.65639]]]},"properties":{"cell":"890c74c6c8fffff","res":9,"coarsened":false,"count":10,"hv":10,"mp":0,"y0":2014,"y1":2025,"sp":[[26,2,2,0,2019,2021],[36,2,2,0,2018,2018],[43,2,2,0,2022,2025],[27,1,1,0,2019,2019],[46,1,1,0,2019,2019],[1,1,1,0,2014,2014],[28,1,1,0,2025,2025]]}},{"type":"Feature","geometry":{"type":"Polygon","coordinates":[[[-149.29376,63.75725],[-149.29661,63.75595],[-149.29561,63.75433],[-149.29176,63.75401],[-149.28891,63.75531],[-149.28991,63.75693],[-149.29376,63.75725]]]},"properties":{"cell":"890c74c33b3ffff","res":9,"coarsened":false,"count":2,"hv":2,"mp":0,"y0":2019,"y1":2019,"sp":[[13,1,1,0,2019,2019],[33,1,1,0,2019,2019]]}},{"type":"Feature","geometry":{"type":"Polygon","coordinates":[[[-150.00024,63.51296],[-150.00303,63.51165],[-150.00199,63.51004],[-149.99816,63.50974],[-149.99537,63.51106],[-149.99641,63.51267],[-150.00024,63.51296]]]},"properties":{"cell":"890c745b123ffff","res":9,"coarsened":false,"count":1,"hv":1,"mp":0,"y0":2019,"y1":2019,"sp":[[1,1,1,0,2019,2019]]}},{"type":"Feature","geometry":{"type":"Polygon","coordinates":[[[-149.24452,63.70094],[-149.24736,63.69964],[-149.24637,63.69802],[-149.24253,63.6977],[-149.23968,63.699],[-149.24068,63.70062],[-149.24452,63.70094]]]},"properties":{"cell":"890c74c0337ffff","res":9,"coarsened":false,"count":1,"hv":1,"mp":0,"y0":2018,"y1":2018,"sp":[[1,1,1,0,2018,2018]]}},{"type":"Feature","geometry":{"type":"Polygon","coordinates":[[[-149.47149,63.72567],[-149.47433,63.72437],[-149.47332,63.72275],[-149.46947,63.72244],[-149.46663,63.72374],[-149.46764,63.72536],[-149.47149,63.72567]]]},"properties":{"cell":"890c74ca56bffff","res":9,"coarsened":false,"count":6,"hv":6,"mp":0,"y0":2019,"y1":2026,"sp":[[26,2,2,0,2022,2023],[1,1,1,0,2019,2019],[4,1,1,0,2019,2019],[10,1,1,0,2019,2019],[11,1,1,0,2026,2026]]}},{"type":"Feature","geometry":{"type":"Polygon","coordinates":[[[-150.08803,63.49675],[-150.09082,63.49544],[-150.08977,63.49383],[-150.08595,63.49353],[-150.08316,63.49485],[-150.0842,63.49646],[-150.08803,63.49675]]]},"properties":{"cell":"890c7459427ffff","res":9,"coarsened":false,"count":2,"hv":2,"mp":0,"y0":2019,"y1":2021,"sp":[[1,2,2,0,2019,2021]]}},{"type":"Feature","geometry":{"type":"Polygon","coordinates":[[[-150.0361,63.52338],[-150.03889,63.52207],[-150.03785,63.52045],[-150.03401,63.52016],[-150.03122,63.52148],[-150.03227,63.52309],[-150.0361,63.52338]]]},"properties":{"cell":"890c745b02fffff","res":9,"coarsened":false,"count":2,"hv":2,"mp":0,"y0":2019,"y1":2019,"sp":[[1,2,2,0,2019,2019]]}},{"type":"Feature","geometry":{"type":"Polygon","coordinates":[[[-150.39068,63.43088],[-150.39345,63.42956],[-150.39239,63.42795],[-150.38856,63.42767],[-150.38579,63.42899],[-150.38686,63.4306],[-150.39068,63.43088]]]},"properties":{"cell":"890c7695193ffff","res":9,"coarsened":false,"count":3,"hv":3,"mp":0,"y0":1985,"y1":2019,"sp":[[8,1,1,0,2019,2019],[2,1,1,0,2019,2019],[1,1,1,0,1985,1985]]}},{"type":"Feature","geometry":{"type":"Polygon","coordinates":[[[-150.84287,63.46835],[-150.84562,63.46701],[-150.84452,63.46541],[-150.84067,63.46513],[-150.83792,63.46647],[-150.83902,63.46807],[-150.84287,63.46835]]]},"properties":{"cell":"890c76981c7ffff","res":9,"coarsened":false,"count":3,"hv":3,"mp":0,"y0":2019,"y1":2019,"sp":[[16,1,1,0,2019,2019],[4,1,1,0,2019,2019],[1,1,1,0,2019,2019]]}},{"type":"Feature","geometry":{"type":"Polygon","coordinates":[[[-150.20247,63.46569],[-150.20525,63.46437],[-150.2042,63.46276],[-150.20037,63.46247],[-150.19759,63.46379],[-150.19865,63.4654],[-150.20247,63.46569]]]},"properties":{"cell":"890c769613bffff","res":9,"coarsened":false,"count":3,"hv":3,"mp":0,"y0":2016,"y1":2021,"sp":[[1,2,2,0,2016,2021],[2,1,1,0,2019,2019]]}},{"type":"Feature","geometry":{"type":"Polygon","coordinates":[[[-150.07723,63.52501],[-150.08002,63.52369],[-150.07897,63.52208],[-150.07514,63.52179],[-150.07235,63.5231],[-150.07339,63.52472],[-150.07723,63.52501]]]},"properties":{"cell":"890c745b2abffff","res":9,"coarsened":false,"count":1,"hv":1,"mp":0,"y0":2019,"y1":2019,"sp":[[7,1,1,0,2019,2019]]}},{"type":"Feature","geometry":{"type":"Polygon","coordinates":[[[-150.7161,63.44858],[-150.71885,63.44725],[-150.71776,63.44564],[-150.71392,63.44537],[-150.71117,63.4467],[-150.71226,63.4483],[-150.7161,63.44858]]]},"properties":{"cell":"890c768368fffff","res":9,"coarsened":false,"count":13,"hv":13,"mp":0,"y0":2012,"y1":2012,"sp":[[1,4,4,0,2012,2012],[4,3,3,0,2012,2012],[7,1,1,0,2012,2012],[31,1,1,0,2012,2012],[2,1,1,0,2012,2012],[61,1,1,0,2012,2012],[3,1,1,0,2012,2012],[12,1,1,0,2012,2012]]}},{"type":"Feature","geometry":{"type":"Polygon","coordinates":[[[-149.31525,63.73289],[-149.3181,63.73159],[-149.3171,63.72997],[-149.31325,63.72965],[-149.31041,63.73096],[-149.31141,63.73257],[-149.31525,63.73289]]]},"properties":{"cell":"890c74c15abffff","res":9,"coarsened":false,"count":14,"hv":14,"mp":0,"y0":2009,"y1":2026,"sp":[[11,6,6,0,2018,2026],[1,3,3,0,2015,2025],[2,3,3,0,2026,2026],[5,2,2,0,2009,2025]]}},{"type":"Feature","geometry":{"type":"Polygon","coordinates":[[[-149.85138,63.53048],[-149.85418,63.52917],[-149.85315,63.52755],[-149.84933,63.52725],[-149.84653,63.52857],[-149.84755,63.53018],[-149.85138,63.53048]]]},"properties":{"cell":"890c7451253ffff","res":9,"coarsened":false,"count":1,"hv":1,"mp":0,"y0":2018,"y1":2018,"sp":[[7,1,1,0,2018,2018]]}},{"type":"Feature","geometry":{"type":"Polygon","coordinates":[[[-150.70187,63.36811],[-150.70461,63.36678],[-150.70353,63.36518],[-150.6997,63.3649],[-150.69696,63.36623],[-150.69804,63.36784],[-150.70187,63.36811]]]},"properties":{"cell":"890c76811a7ffff","res":9,"coarsened":false,"count":1,"hv":1,"mp":0,"y0":2019,"y1":2019,"sp":[[4,1,1,0,2019,2019]]}},{"type":"Feature","geometry":{"type":"Polygon","coordinates":[[[-148.94418,63.73415],[-148.94705,63.73286],[-148.94607,63.73124],[-148.94224,63.73091],[-148.93938,63.73221],[-148.94035,63.73383],[-148.94418,63.73415]]]},"properties":{"cell":"890c74d5d03ffff","res":9,"coarsened":false,"count":2,"hv":2,"mp":0,"y0":2011,"y1":2011,"sp":[[4,1,1,0,2011,2011],[3,1,1,0,2011,2011]]}},{"type":"Feature","geometry":{"type":"Polygon","coordinates":[[[-149.0398,63.71765],[-149.04266,63.71635],[-149.04168,63.71473],[-149.03784,63.71441],[-149.03499,63.7157],[-149.03597,63.71732],[-149.0398,63.71765]]]},"properties":{"cell":"890c74d5a0fffff","res":9,"coarsened":false,"count":10,"hv":10,"mp":0,"y0":2009,"y1":2026,"sp":[[2,4,4,0,2019,2026],[16,2,2,0,2022,2025],[26,1,1,0,2022,2022],[28,1,1,0,2009,2009],[43,1,1,0,2024,2024],[29,1,1,0,2023,2023]]}},{"type":"Feature","geometry":{"type":"Polygon","coordinates":[[[-149.63246,63.69102],[-149.63529,63.68972],[-149.63427,63.6881],[-149.63042,63.68779],[-149.62759,63.6891],[-149.62861,63.69072],[-149.63246,63.69102]]]},"properties":{"cell":"890c74c864bffff","res":9,"coarsened":false,"count":1,"hv":1,"mp":0,"y0":2019,"y1":2019,"sp":[[15,1,1,0,2019,2019]]}},{"type":"Feature","geometry":{"type":"Polygon","coordinates":[[[-148.96135,63.72639],[-148.96422,63.72509],[-148.96324,63.72347],[-148.95941,63.72315],[-148.95655,63.72444],[-148.95752,63.72606],[-148.96135,63.72639]]]},"properties":{"cell":"890c74d5d6bffff","res":9,"coarsened":false,"count":12,"hv":12,"mp":0,"y0":1984,"y1":2025,"sp":[[2,3,3,0,1984,2025],[43,2,2,0,1984,2024],[36,2,2,0,1984,2024],[10,1,1,0,2019,2019],[29,1,1,0,2019,2019],[14,1,1,0,2024,2024],[47,1,1,0,2024,2024],[131,1,1,0,2025,2025]]}},{"type":"Feature","geometry":{"type":"Polygon","coordinates":[[[-149.88099,63.53126],[-149.88379,63.52995],[-149.88276,63.52834],[-149.87893,63.52804],[-149.87613,63.52935],[-149.87716,63.53096],[-149.88099,63.53126]]]},"properties":{"cell":"890c745a56fffff","res":9,"coarsened":false,"count":18,"hv":18,"mp":0,"y0":2011,"y1":2021,"sp":[[59,4,4,0,2012,2012],[6,3,3,0,2012,2012],[82,2,2,0,2012,2012],[58,2,2,0,2012,2012],[5,1,1,0,2017,2017],[1,1,1,0,2021,2021],[14,1,1,0,2012,2012],[11,1,1,0,2012,2012],[32,1,1,0,2012,2012],[66,1,1,0,2012,2012],[45,1,1,0,2011,2011]]}},{"type":"Feature","geometry":{"type":"Polygon","coordinates":[[[-149.12226,63.7215],[-149.12511,63.7202],[-149.12413,63.71858],[-149.12029,63.71826],[-149.11744,63.71955],[-149.11842,63.72117],[-149.12226,63.7215]]]},"properties":{"cell":"890c74c2877ffff","res":9,"coarsened":false,"count":1,"hv":1,"mp":0,"y0":2017,"y1":2017,"sp":[[43,1,1,0,2017,2017]]}},{"type":"Feature","geometry":{"type":"Polygon","coordinates":[[[-149.45142,63.72865],[-149.45426,63.72735],[-149.45326,63.72573],[-149.44941,63.72542],[-149.44657,63.72672],[-149.44758,63.72834],[-149.45142,63.72865]]]},"properties":{"cell":"890c74ca53bffff","res":9,"coarsened":false,"count":5,"hv":5,"mp":0,"y0":2009,"y1":2023,"sp":[[11,2,2,0,2009,2009],[1,2,2,0,2021,2023],[7,1,1,0,2009,2009]]}},{"type":"Feature","geometry":{"type":"Polygon","coordinates":[[[-150.13954,63.4808],[-150.14232,63.47948],[-150.14127,63.47787],[-150.13745,63.47758],[-150.13466,63.47889],[-150.13571,63.4805],[-150.13954,63.4808]]]},"properties":{"cell":"890c74592b3ffff","res":9,"coarsened":false,"count":1,"hv":1,"mp":0,"y0":2019,"y1":2019,"sp":[[7,1,1,0,2019,2019]]}},{"type":"Feature","geometry":{"type":"Polygon","coordinates":[[[-149.31086,63.74943],[-149.31371,63.74813],[-149.31271,63.74651],[-149.30886,63.7462],[-149.30601,63.7475],[-149.30701,63.74912],[-149.31086,63.74943]]]},"properties":{"cell":"890c74c333bffff","res":9,"coarsened":false,"count":1,"hv":1,"mp":0,"y0":2019,"y1":2019,"sp":[[7,1,1,0,2019,2019]]}},{"type":"Feature","geometry":{"type":"Polygon","coordinates":[[[-149.29077,63.75239],[-149.29362,63.75109],[-149.29262,63.74947],[-149.28877,63.74915],[-149.28592,63.75045],[-149.28692,63.75207],[-149.29077,63.75239]]]},"properties":{"cell":"890c74c33a7ffff","res":9,"coarsened":false,"count":52,"hv":52,"mp":0,"y0":2011,"y1":2026,"sp":[[4,24,24,0,2011,2026],[7,7,7,0,2021,2025],[6,7,7,0,2021,2026],[11,5,5,0,2024,2025],[14,4,4,0,2019,2026],[105,1,1,0,2021,2021],[2,1,1,0,2021,2021],[59,1,1,0,2022,2022],[8,1,1,0,2026,2026],[12,1,1,0,2026,2026]]}},{"type":"Feature","geometry":{"type":"Polygon","coordinates":[[[-149.1011,63.71665],[-149.10395,63.71535],[-149.10297,63.71373],[-149.09913,63.71341],[-149.09628,63.71471],[-149.09726,63.71633],[-149.1011,63.71665]]]},"properties":{"cell":"890c74c2953ffff","res":9,"coarsened":false,"count":2,"hv":2,"mp":0,"y0":2019,"y1":2019,"sp":[[2,1,1,0,2019,2019],[44,1,1,0,2019,2019]]}},{"type":"Feature","geometry":{"type":"Polygon","coordinates":[[[-149.56568,63.70103],[-149.56851,63.69972],[-149.56749,63.6981],[-149.56365,63.69779],[-149.56081,63.6991],[-149.56183,63.70072],[-149.56568,63.70103]]]},"properties":{"cell":"890c74c841bffff","res":9,"coarsened":false,"count":1,"hv":1,"mp":0,"y0":2019,"y1":2019,"sp":[[92,1,1,0,2019,2019]]}},{"type":"Feature","geometry":{"type":"Polygon","coordinates":[[[-149.75934,63.56307],[-149.76214,63.56176],[-149.76112,63.56014],[-149.75729,63.55984],[-149.75448,63.56115],[-149.7555,63.56277],[-149.75934,63.56307]]]},"properties":{"cell":"890c7451497ffff","res":9,"coarsened":false,"count":1,"hv":1,"mp":0,"y0":2019,"y1":2019,"sp":[[7,1,1,0,2019,2019]]}},{"type":"Feature","geometry":{"type":"Polygon","coordinates":[[[-150.99328,63.54318],[-150.99603,63.54185],[-150.99492,63.54024],[-150.99106,63.53997],[-150.98831,63.54131],[-150.98942,63.54291],[-150.99328,63.54318]]]},"properties":{"cell":"890c296eb23ffff","res":9,"coarsened":false,"count":5,"hv":5,"mp":0,"y0":2019,"y1":2019,"sp":[[26,2,2,0,null,null],[43,1,1,0,2019,2019],[22,1,1,0,2019,2019],[127,1,1,0,null,null]]}},{"type":"Feature","geometry":{"type":"Polygon","coordinates":[[[-150.94689,63.51851],[-150.94964,63.51718],[-150.94853,63.51557],[-150.94467,63.5153],[-150.94192,63.51664],[-150.94303,63.51824],[-150.94689,63.51851]]]},"properties":{"cell":"890c769b07bffff","res":9,"coarsened":false,"count":1,"hv":1,"mp":0,"y0":2019,"y1":2019,"sp":[[9,1,1,0,2019,2019]]}},{"type":"Feature","geometry":{"type":"Polygon","coordinates":[[[-150.14788,63.47684],[-150.15066,63.47552],[-150.14962,63.47391],[-150.14579,63.47362],[-150.14301,63.47494],[-150.14406,63.47655],[-150.14788,63.47684]]]},"properties":{"cell":"890c74592abffff","res":9,"coarsened":false,"count":6,"hv":6,"mp":0,"y0":1979,"y1":2019,"sp":[[55,1,1,0,2019,2019],[4,1,1,0,2019,2019],[2,1,1,0,2019,2019],[5,1,1,0,2019,2019],[7,1,1,0,2019,2019],[60,1,1,0,1979,1979]]}},{"type":"Feature","geometry":{"type":"Polygon","coordinates":[[[-150.71776,63.44564],[-150.72051,63.44431],[-150.71943,63.44271],[-150.71559,63.44243],[-150.71284,63.44376],[-150.71392,63.44537],[-150.71776,63.44564]]]},"properties":{"cell":"890c7683617ffff","res":9,"coarsened":false,"count":1,"hv":1,"mp":0,"y0":2019,"y1":2019,"sp":[[96,1,1,0,2019,2019]]}},{"type":"Feature","geometry":{"type":"Polygon","coordinates":[[[-148.99671,63.71862],[-148.99957,63.71732],[-148.99859,63.71571],[-148.99476,63.71538],[-148.9919,63.71668],[-148.99288,63.7183],[-148.99671,63.71862]]]},"properties":{"cell":"890c74d5867ffff","res":9,"coarsened":false,"count":7,"hv":7,"mp":0,"y0":2011,"y1":2026,"sp":[[2,5,5,0,2011,2026],[10,1,1,0,2019,2019],[26,1,1,0,2024,2024]]}},{"type":"Feature","geometry":{"type":"Polygon","coordinates":[[[-149.19585,63.71073],[-149.1987,63.70943],[-149.19771,63.70781],[-149.19387,63.70749],[-149.19102,63.70879],[-149.19201,63.71041],[-149.19585,63.71073]]]},"properties":{"cell":"890c74c01afffff","res":9,"coarsened":false,"count":2,"hv":2,"mp":0,"y0":2018,"y1":2022,"sp":[[11,1,1,0,2018,2018],[2,1,1,0,2022,2022]]}},{"type":"Feature","geometry":{"type":"Polygon","coordinates":[[[-150.90392,63.52008],[-150.90668,63.51874],[-150.90557,63.51713],[-150.90172,63.51686],[-150.89896,63.5182],[-150.90007,63.5198],[-150.90392,63.52008]]]},"properties":{"cell":"890c769b1d3ffff","res":9,"coarsened":false,"count":4,"hv":4,"mp":0,"y0":2019,"y1":2025,"sp":[[98,1,1,0,2019,2019],[58,1,1,0,2019,2019],[43,1,1,0,2025,2025],[36,1,1,0,2025,2025]]}},{"type":"Feature","geometry":{"type":"Polygon","coordinates":[[[-149.24008,63.71747],[-149.24293,63.71617],[-149.24194,63.71455],[-149.23809,63.71423],[-149.23525,63.71553],[-149.23624,63.71715],[-149.24008,63.71747]]]},"properties":{"cell":"890c74c002fffff","res":9,"coarsened":false,"count":5,"hv":5,"mp":0,"y0":2009,"y1":2025,"sp":[[7,1,1,0,2009,2009],[1,1,1,0,2009,2009],[12,1,1,0,2009,2009],[16,1,1,0,2023,2023],[2,1,1,0,2025,2025]]}},{"type":"Feature","geometry":{"type":"Polygon","coordinates":[[[-149.51582,63.441],[-149.51862,63.4397],[-149.51762,63.43809],[-149.51381,63.43778],[-149.51101,63.43908],[-149.51201,63.44069],[-149.51582,63.441]]]},"properties":{"cell":"890c7455563ffff","res":9,"coarsened":false,"count":1,"hv":1,"mp":0,"y0":2017,"y1":2017,"sp":[[2,1,1,0,2017,2017]]}},{"type":"Feature","geometry":{"type":"Polygon","coordinates":[[[-149.44959,63.73158],[-149.45243,63.73027],[-149.45142,63.72865],[-149.44758,63.72834],[-149.44473,63.72965],[-149.44574,63.73126],[-149.44959,63.73158]]]},"properties":{"cell":"890c74ca507ffff","res":9,"coarsened":false,"count":1,"hv":1,"mp":0,"y0":2009,"y1":2009,"sp":[[2,1,1,0,2009,2009]]}},{"type":"Feature","geometry":{"type":"Polygon","coordinates":[[[-148.96105,63.79249],[-148.96392,63.79119],[-148.96295,63.78957],[-148.9591,63.78925],[-148.95623,63.79054],[-148.95721,63.79216],[-148.96105,63.79249]]]},"properties":{"cell":"890c74d46cfffff","res":9,"coarsened":false,"count":1,"hv":1,"mp":0,"y0":2019,"y1":2019,"sp":[[20,1,1,0,2019,2019]]}},{"type":"Feature","geometry":{"type":"Polygon","coordinates":[[[-151.17837,63.11964],[-151.18107,63.1183],[-151.17997,63.11671],[-151.17617,63.11645],[-151.17347,63.11778],[-151.17457,63.11938],[-151.17837,63.11964]]]},"properties":{"cell":"890c761a937ffff","res":9,"coarsened":false,"count":17,"hv":17,"mp":0,"y0":2012,"y1":2012,"sp":[[1,5,5,0,2012,2012],[11,5,5,0,2012,2012],[12,2,2,0,2012,2012],[2,1,1,0,2012,2012],[7,1,1,0,2012,2012],[4,1,1,0,2012,2012],[13,1,1,0,2012,2012],[31,1,1,0,2012,2012]]}},{"type":"Feature","geometry":{"type":"Polygon","coordinates":[[[-149.24831,63.74274],[-149.25116,63.74144],[-149.25016,63.73982],[-149.24632,63.7395],[-149.24346,63.7408],[-149.24446,63.74242],[-149.24831,63.74274]]]},"properties":{"cell":"890c74c047bffff","res":9,"coarsened":false,"count":1,"hv":1,"mp":0,"y0":2019,"y1":2019,"sp":[[7,1,1,0,2019,2019]]}},{"type":"Feature","geometry":{"type":"Polygon","coordinates":[[[-150.16283,63.47186],[-150.16561,63.47054],[-150.16456,63.46893],[-150.16074,63.46864],[-150.15796,63.46996],[-150.159,63.47157],[-150.16283,63.47186]]]},"properties":{"cell":"890c7459277ffff","res":9,"coarsened":false,"count":4,"hv":4,"mp":0,"y0":2003,"y1":2025,"sp":[[1,3,3,0,2003,2025],[11,1,1,0,2019,2019]]}},{"type":"Feature","geometry":{"type":"Polygon","coordinates":[[[-150.85605,63.47693],[-150.8588,63.47559],[-150.8577,63.47399],[-150.85385,63.47371],[-150.8511,63.47505],[-150.8522,63.47665],[-150.85605,63.47693]]]},"properties":{"cell":"890c76980a3ffff","res":9,"coarsened":false,"count":1,"hv":1,"mp":0,"y0":2007,"y1":2007,"sp":[[43,1,1,0,2007,2007]]}},{"type":"Feature","geometry":{"type":"Polygon","coordinates":[[[-149.28777,63.74753],[-149.29062,63.74623],[-149.28962,63.74461],[-149.28577,63.74429],[-149.28292,63.7456],[-149.28392,63.74722],[-149.28777,63.74753]]]},"properties":{"cell":"890c74c06c3ffff","res":9,"coarsened":false,"count":6,"hv":6,"mp":0,"y0":2007,"y1":2026,"sp":[[11,1,1,0,2007,2007],[8,1,1,0,2017,2017],[3,1,1,0,2024,2024],[4,1,1,0,2024,2024],[7,1,1,0,2025,2025],[6,1,1,0,2026,2026]]}},{"type":"Feature","geometry":{"type":"Polygon","coordinates":[[[-149.09815,63.71179],[-149.101,63.7105],[-149.10002,63.70888],[-149.09618,63.70855],[-149.09333,63.70985],[-149.09431,63.71147],[-149.09815,63.71179]]]},"properties":{"cell":"890c74c2947ffff","res":9,"coarsened":false,"count":1,"hv":1,"mp":0,"y0":2007,"y1":2007,"sp":[[2,1,1,0,2007,2007]]}},{"type":"Feature","geometry":{"type":"Polygon","coordinates":[[[-149.71694,63.55358],[-149.71975,63.55227],[-149.71873,63.55066],[-149.7149,63.55036],[-149.71209,63.55167],[-149.71311,63.55328],[-149.71694,63.55358]]]},"properties":{"cell":"890c7453327ffff","res":9,"coarsened":false,"count":12,"hv":12,"mp":0,"y0":2011,"y1":2026,"sp":[[1,5,5,0,2022,2026],[12,2,2,0,2017,2024],[5,1,1,0,2011,2011],[59,1,1,0,2016,2016],[132,1,1,0,2024,2024],[7,1,1,0,2025,2025],[11,1,1,0,2024,2024]]}},{"type":"Feature","geometry":{"type":"Polygon","coordinates":[[[-150.44982,63.43221],[-150.45258,63.43089],[-150.45151,63.42928],[-150.44768,63.429],[-150.44492,63.43032],[-150.44599,63.43193],[-150.44982,63.43221]]]},"properties":{"cell":"890c7695047ffff","res":9,"coarsened":false,"count":1,"hv":1,"mp":0,"y0":2011,"y1":2011,"sp":[[11,1,1,0,2011,2011]]}},{"type":"Feature","geometry":{"type":"Polygon","coordinates":[[[-150.84453,63.45471],[-150.84728,63.45338],[-150.84619,63.45177],[-150.84234,63.4515],[-150.8396,63.45283],[-150.84069,63.45444],[-150.84453,63.45471]]]},"properties":{"cell":"890c7698167ffff","res":9,"coarsened":false,"count":4,"hv":4,"mp":0,"y0":2015,"y1":2026,"sp":[[51,1,1,0,2019,2019],[1,1,1,0,2015,2015],[2,1,1,0,2015,2015],[78,1,1,0,2026,2026]]}},{"type":"Feature","geometry":{"type":"Polygon","coordinates":[[[-149.93401,63.52314],[-149.9368,63.52183],[-149.93577,63.52022],[-149.93194,63.51992],[-149.92914,63.52123],[-149.93018,63.52284],[-149.93401,63.52314]]]},"properties":{"cell":"890c745a3d3ffff","res":9,"coarsened":false,"count":1,"hv":1,"mp":0,"y0":2007,"y1":2007,"sp":[[29,1,1,0,2007,2007]]}},{"type":"Feature","geometry":{"type":"Polygon","coordinates":[[[-150.78226,63.37388],[-150.785,63.37255],[-150.78391,63.37095],[-150.78008,63.37067],[-150.77734,63.37201],[-150.77843,63.37361],[-150.78226,63.37388]]]},"properties":{"cell":"890c76812a7ffff","res":9,"coarsened":false,"count":1,"hv":1,"mp":0,"y0":2013,"y1":2013,"sp":[[45,1,1,0,2013,2013]]}},{"type":"Feature","geometry":{"type":"Polygon","coordinates":[[[-150.85293,63.31176],[-150.85566,63.31043],[-150.85457,63.30882],[-150.85074,63.30855],[-150.84801,63.30989],[-150.8491,63.31149],[-150.85293,63.31176]]]},"properties":{"cell":"890c768ab47ffff","res":9,"coarsened":false,"count":1,"hv":1,"mp":0,"y0":2013,"y1":2013,"sp":[[13,1,1,0,2013,2013]]}},{"type":"Feature","geometry":{"type":"Polygon","coordinates":[[[-149.53349,63.71379],[-149.53633,63.71248],[-149.53531,63.71087],[-149.53147,63.71056],[-149.52863,63.71186],[-149.52964,63.71348],[-149.53349,63.71379]]]},"properties":{"cell":"890c74ca237ffff","res":9,"coarsened":false,"count":2,"hv":2,"mp":0,"y0":2013,"y1":2024,"sp":[[2,1,1,0,2013,2013],[52,1,1,0,2024,2024]]}},{"type":"Feature","geometry":{"type":"Polygon","coordinates":[[[-150.0014,63.48091],[-150.00419,63.47959],[-150.00315,63.47798],[-149.99933,63.47769],[-149.99654,63.479],[-149.99758,63.48061],[-150.0014,63.48091]]]},"properties":{"cell":"890c745807bffff","res":9,"coarsened":false,"count":1,"hv":1,"mp":0,"y0":2019,"y1":2019,"sp":[[11,1,1,0,2019,2019]]}},{"type":"Feature","geometry":{"type":"Polygon","coordinates":[[[-149.99304,63.48485],[-149.99583,63.48354],[-149.99479,63.48193],[-149.99097,63.48163],[-149.98818,63.48295],[-149.98921,63.48456],[-149.99304,63.48485]]]},"properties":{"cell":"890c745800bffff","res":9,"coarsened":false,"count":1,"hv":1,"mp":0,"y0":2019,"y1":2019,"sp":[[7,1,1,0,2019,2019]]}},{"type":"Feature","geometry":{"type":"Polygon","coordinates":[[[-149.97591,63.50343],[-149.9787,63.50211],[-149.97766,63.5005],[-149.97383,63.5002],[-149.97104,63.50152],[-149.97208,63.50313],[-149.97591,63.50343]]]},"properties":{"cell":"890c745840fffff","res":9,"coarsened":false,"count":1,"hv":1,"mp":0,"y0":2019,"y1":2019,"sp":[[1,1,1,0,2019,2019]]}},{"type":"Feature","geometry":{"type":"Polygon","coordinates":[[[-149.96402,63.51322],[-149.96681,63.51191],[-149.96578,63.5103],[-149.96195,63.51],[-149.95915,63.51131],[-149.96019,63.51292],[-149.96402,63.51322]]]},"properties":{"cell":"890c7458483ffff","res":9,"coarsened":false,"count":2,"hv":2,"mp":0,"y0":2018,"y1":2019,"sp":[[10,1,1,0,2019,2019],[1,1,1,0,2018,2018]]}},{"type":"Feature","geometry":{"type":"Polygon","coordinates":[[[-151.0109,63.13392],[-151.0136,63.13259],[-151.01251,63.13099],[-151.00871,63.13072],[-151.006,63.13206],[-151.0071,63.13366],[-151.0109,63.13392]]]},"properties":{"cell":"890c7610aabffff","res":9,"coarsened":false,"count":1,"hv":1,"mp":0,"y0":2019,"y1":2019,"sp":[[14,1,1,0,2019,2019]]}},{"type":"Feature","geometry":{"type":"Polygon","coordinates":[[[-149.47006,63.49548],[-149.47287,63.49417],[-149.47187,63.49256],[-149.46806,63.49225],[-149.46525,63.49355],[-149.46625,63.49517],[-149.47006,63.49548]]]},"properties":{"cell":"890c7457083ffff","res":9,"coarsened":false,"count":1,"hv":1,"mp":0,"y0":2019,"y1":2019,"sp":[[47,1,1,0,2019,2019]]}},{"type":"Feature","geometry":{"type":"Polygon","coordinates":[[[-150.38795,63.32222],[-150.45313,63.30568],[-150.4575,63.27396],[-150.39684,63.25879],[-150.33176,63.27529],[-150.32724,63.307],[-150.38795,63.32222]]]},"properties":{"cell":"860c76847ffffff","res":6,"coarsened":true,"count":2,"hv":2,"mp":0,"y0":2016,"y1":2019,"sp":[[0,2,2,0,2016,2019]]}},{"type":"Feature","geometry":{"type":"Polygon","coordinates":[[[-149.58249,63.63485],[-149.58532,63.63354],[-149.5843,63.63192],[-149.58046,63.63161],[-149.57764,63.63292],[-149.57865,63.63454],[-149.58249,63.63485]]]},"properties":{"cell":"890c74c9dafffff","res":9,"coarsened":false,"count":1,"hv":1,"mp":0,"y0":2019,"y1":2019,"sp":[[1,1,1,0,2019,2019]]}},{"type":"Feature","geometry":{"type":"Polygon","coordinates":[[[-150.6289,63.44381],[-150.63166,63.44248],[-150.63058,63.44087],[-150.62674,63.44059],[-150.62399,63.44192],[-150.62507,63.44353],[-150.6289,63.44381]]]},"properties":{"cell":"890c7683587ffff","res":9,"coarsened":false,"count":1,"hv":1,"mp":0,"y0":2019,"y1":2019,"sp":[[1,1,1,0,2019,2019]]}},{"type":"Feature","geometry":{"type":"Polygon","coordinates":[[[-150.96178,63.52415],[-150.96453,63.52281],[-150.96342,63.5212],[-150.95956,63.52093],[-150.95681,63.52227],[-150.95792,63.52388],[-150.96178,63.52415]]]},"properties":{"cell":"890c769b297ffff","res":9,"coarsened":false,"count":3,"hv":3,"mp":0,"y0":2011,"y1":2021,"sp":[[14,1,1,0,2011,2011],[2,1,1,0,2021,2021],[64,1,1,0,2011,2011]]}},{"type":"Feature","geometry":{"type":"Polygon","coordinates":[[[-150.89224,63.31607],[-150.95719,63.29929],[-150.96091,63.26753],[-150.89983,63.25255],[-150.83498,63.2693],[-150.83111,63.30106],[-150.89224,63.31607]]]},"properties":{"cell":"860c7688fffffff","res":6,"coarsened":true,"count":1,"hv":1,"mp":0,"y0":2019,"y1":2019,"sp":[[0,1,1,0,2019,2019]]}},{"type":"Feature","geometry":{"type":"Polygon","coordinates":[[[-150.30253,63.40748],[-150.3053,63.40616],[-150.30424,63.40456],[-150.30042,63.40427],[-150.29765,63.40559],[-150.29871,63.4072],[-150.30253,63.40748]]]},"properties":{"cell":"890c7694ecbffff","res":9,"coarsened":false,"count":1,"hv":1,"mp":0,"y0":2009,"y1":2009,"sp":[[1,1,1,0,2009,2009]]}},{"type":"Feature","geometry":{"type":"Polygon","coordinates":[[[-151.08687,63.26564],[-151.15161,63.24876],[-151.15506,63.217],[-151.09395,63.20212],[-151.02932,63.21896],[-151.0257,63.25071],[-151.08687,63.26564]]]},"properties":{"cell":"860c76137ffffff","res":6,"coarsened":true,"count":2,"hv":2,"mp":0,"y0":2014,"y1":2021,"sp":[[63,1,1,0,2014,2014],[0,1,1,0,2021,2021]]}},{"type":"Feature","geometry":{"type":"Polygon","coordinates":[[[-151.04251,63.23817],[-151.04522,63.23683],[-151.04412,63.23523],[-151.04031,63.23497],[-151.03759,63.2363],[-151.03869,63.2379],[-151.04251,63.23817]]]},"properties":{"cell":"890c761353bffff","res":9,"coarsened":false,"count":1,"hv":1,"mp":0,"y0":2014,"y1":2014,"sp":[[7,1,1,0,2014,2014]]}},{"type":"Feature","geometry":{"type":"Polygon","coordinates":[[[-149.82226,63.70759],[-149.88872,63.6913],[-149.89389,63.65949],[-149.83276,63.64397],[-149.76641,63.66023],[-149.76107,63.69203],[-149.82226,63.70759]]]},"properties":{"cell":"860c29267ffffff","res":6,"coarsened":true,"count":2,"hv":2,"mp":0,"y0":2011,"y1":2011,"sp":[[0,2,2,0,2011,2011]]}},{"type":"Feature","geometry":{"type":"Polygon","coordinates":[[[-149.769,63.67577],[-149.77182,63.67446],[-149.77079,63.67285],[-149.76694,63.67254],[-149.76412,63.67385],[-149.76515,63.67547],[-149.769,63.67577]]]},"properties":{"cell":"890c2926527ffff","res":9,"coarsened":false,"count":2,"hv":2,"mp":0,"y0":2011,"y1":2011,"sp":[[7,1,1,0,2011,2011],[1,1,1,0,2011,2011]]}},{"type":"Feature","geometry":{"type":"Polygon","coordinates":[[[-149.57641,63.62515],[-149.57923,63.62385],[-149.57822,63.62223],[-149.57438,63.62192],[-149.57156,63.62323],[-149.57257,63.62484],[-149.57641,63.62515]]]},"properties":{"cell":"890c74c8a57ffff","res":9,"coarsened":false,"count":1,"hv":1,"mp":0,"y0":2009,"y1":2009,"sp":[[14,1,1,0,2009,2009]]}},{"type":"Feature","geometry":{"type":"Polygon","coordinates":[[[-149.58183,63.61639],[-149.58465,63.61508],[-149.58364,63.61346],[-149.5798,63.61316],[-149.57698,63.61446],[-149.578,63.61608],[-149.58183,63.61639]]]},"properties":{"cell":"890c74c8a6bffff","res":9,"coarsened":false,"count":5,"hv":5,"mp":0,"y0":1982,"y1":2023,"sp":[[6,2,2,0,1982,1982],[14,1,1,0,2009,2009],[26,1,1,0,2023,2023],[7,1,1,0,2022,2022]]}},{"type":"Feature","geometry":{"type":"Polygon","coordinates":[[[-148.91826,63.72733],[-148.92112,63.72604],[-148.92015,63.72442],[-148.91632,63.72409],[-148.91345,63.72539],[-148.91442,63.72701],[-148.91826,63.72733]]]},"properties":{"cell":"890c74d4ac3ffff","res":9,"coarsened":false,"count":10,"hv":10,"mp":0,"y0":2013,"y1":2026,"sp":[[36,3,3,0,2021,2024],[45,2,2,0,2022,2026],[100,1,1,0,2019,2019],[44,1,1,0,2021,2021],[29,1,1,0,2022,2022],[70,1,1,0,2022,2022],[13,1,1,0,2013,2013]]}},{"type":"Feature","geometry":{"type":"Polygon","coordinates":[[[-150.75232,63.44813],[-150.75507,63.4468],[-150.75398,63.44519],[-150.75014,63.44491],[-150.74739,63.44624],[-150.74848,63.44785],[-150.75232,63.44813]]]},"properties":{"cell":"890c769ab2fffff","res":9,"coarsened":false,"count":2,"hv":2,"mp":0,"y0":2019,"y1":2025,"sp":[[101,1,1,0,2019,2019],[27,1,1,0,2025,2025]]}},{"type":"Feature","geometry":{"type":"Polygon","coordinates":[[[-150.73421,63.44836],[-150.73696,63.44702],[-150.73587,63.44542],[-150.73203,63.44514],[-150.72928,63.44647],[-150.73037,63.44808],[-150.73421,63.44836]]]},"properties":{"cell":"890c76836cfffff","res":9,"coarsened":false,"count":2,"hv":2,"mp":0,"y0":2019,"y1":2021,"sp":[[2,1,1,0,2019,2019],[61,1,1,0,2021,2021]]}},{"type":"Feature","geometry":{"type":"Polygon","coordinates":[[[-150.98831,63.54131],[-150.99106,63.53997],[-150.98995,63.53836],[-150.98609,63.53809],[-150.98334,63.53943],[-150.98445,63.54104],[-150.98831,63.54131]]]},"properties":{"cell":"890c296eb27ffff","res":9,"coarsened":false,"count":3,"hv":3,"mp":0,"y0":2012,"y1":2019,"sp":[[13,1,1,0,2019,2019],[32,1,1,0,2012,2012],[90,1,1,0,2012,2012]]}},{"type":"Feature","geometry":{"type":"Polygon","coordinates":[[[-149.494,63.70907],[-149.49683,63.70776],[-149.49582,63.70614],[-149.49197,63.70583],[-149.48914,63.70714],[-149.49015,63.70875],[-149.494,63.70907]]]},"properties":{"cell":"890c74ca3b3ffff","res":9,"coarsened":false,"count":1,"hv":1,"mp":0,"y0":2019,"y1":2019,"sp":[[1,1,1,0,2019,2019]]}},{"type":"Feature","geometry":{"type":"Polygon","coordinates":[[[-149.65235,63.5607],[-149.65516,63.5594],[-149.65414,63.55778],[-149.65032,63.55748],[-149.6475,63.55878],[-149.64852,63.5604],[-149.65235,63.5607]]]},"properties":{"cell":"890c74504c7ffff","res":9,"coarsened":false,"count":3,"hv":3,"mp":0,"y0":2019,"y1":2022,"sp":[[7,2,2,0,2019,2022],[6,1,1,0,2022,2022]]}},{"type":"Feature","geometry":{"type":"Polygon","coordinates":[[[-148.92291,63.71082],[-148.92577,63.70953],[-148.9248,63.70791],[-148.92097,63.70758],[-148.91811,63.70888],[-148.91908,63.71049],[-148.92291,63.71082]]]},"properties":{"cell":"890c74d4a6fffff","res":9,"coarsened":false,"count":8,"hv":8,"mp":0,"y0":2019,"y1":2024,"sp":[[13,2,2,0,2019,2019],[32,2,2,0,2019,2019],[43,1,1,0,2019,2019],[44,1,1,0,2019,2019],[67,1,1,0,2024,2024],[54,1,1,0,2024,2024]]}},{"type":"Feature","geometry":{"type":"Polygon","coordinates":[[[-148.92015,63.72442],[-148.92301,63.72313],[-148.92204,63.72151],[-148.91821,63.72118],[-148.91535,63.72247],[-148.91632,63.72409],[-148.92015,63.72442]]]},"properties":{"cell":"890c74d4acfffff","res":9,"coarsened":false,"count":4,"hv":4,"mp":0,"y0":2019,"y1":2025,"sp":[[28,2,2,0,2022,2025],[45,1,1,0,2019,2019],[2,1,1,0,2022,2022]]}},{"type":"Feature","geometry":{"type":"Polygon","coordinates":[[[-149.78589,63.55903],[-149.7887,63.55772],[-149.78767,63.55611],[-149.78384,63.55581],[-149.78103,63.55712],[-149.78206,63.55873],[-149.78589,63.55903]]]},"properties":{"cell":"890c74514cfffff","res":9,"coarsened":false,"count":4,"hv":4,"mp":0,"y0":2015,"y1":2026,"sp":[[4,3,3,0,2024,2026],[58,1,1,0,2015,2015]]}},{"type":"Feature","geometry":{"type":"Polygon","coordinates":[[[-150.85764,63.53822],[-150.8604,63.53688],[-150.8593,63.53528],[-150.85544,63.535],[-150.85269,63.53634],[-150.85379,63.53794],[-150.85764,63.53822]]]},"properties":{"cell":"890c769a643ffff","res":9,"coarsened":false,"count":1,"hv":1,"mp":0,"y0":2015,"y1":2015,"sp":[[11,1,1,0,2015,2015]]}},{"type":"Feature","geometry":{"type":"Polygon","coordinates":[[[-149.77925,63.56004],[-149.78206,63.55873],[-149.78103,63.55712],[-149.7772,63.55682],[-149.7744,63.55813],[-149.77542,63.55974],[-149.77925,63.56004]]]},"properties":{"cell":"890c74514c7ffff","res":9,"coarsened":false,"count":6,"hv":6,"mp":0,"y0":2012,"y1":2026,"sp":[[11,2,2,0,2026,2026],[6,1,1,0,2015,2015],[4,1,1,0,2023,2023],[7,1,1,0,2012,2012],[1,1,1,0,2025,2025]]}},{"type":"Feature","geometry":{"type":"Polygon","coordinates":[[[-149.59391,63.60662],[-149.59673,63.60531],[-149.59571,63.6037],[-149.59188,63.60339],[-149.58906,63.6047],[-149.59007,63.60631],[-149.59391,63.60662]]]},"properties":{"cell":"890c7452453ffff","res":9,"coarsened":false,"count":16,"hv":16,"mp":0,"y0":2017,"y1":2026,"sp":[[7,10,10,0,2017,2026],[2,2,2,0,2021,2022],[4,2,2,0,2024,2025],[41,1,1,0,2021,2021],[5,1,1,0,2024,2024]]}},{"type":"Feature","geometry":{"type":"Polygon","coordinates":[[[-149.0101,63.71668],[-149.01296,63.71538],[-149.01198,63.71376],[-149.00814,63.71344],[-149.00529,63.71473],[-149.00626,63.71635],[-149.0101,63.71668]]]},"properties":{"cell":"890c74d5bd3ffff","res":9,"coarsened":false,"count":3,"hv":3,"mp":0,"y0":1978,"y1":2025,"sp":[[16,1,1,0,2012,2012],[2,1,1,0,1978,1978],[11,1,1,0,2025,2025]]}},{"type":"Feature","geometry":{"type":"Polygon","coordinates":[[[-150.7408,63.4473],[-150.74355,63.44597],[-150.74246,63.44436],[-150.73862,63.44409],[-150.73587,63.44542],[-150.73696,63.44702],[-150.7408,63.4473]]]},"properties":{"cell":"890c7683653ffff","res":9,"coarsened":false,"count":2,"hv":2,"mp":0,"y0":2012,"y1":2012,"sp":[[99,1,1,0,2012,2012],[85,1,1,0,2012,2012]]}},{"type":"Feature","geometry":{"type":"Polygon","coordinates":[[[-150.37431,63.42814],[-150.37708,63.42681],[-150.37601,63.42521],[-150.37219,63.42492],[-150.36942,63.42624],[-150.37048,63.42785],[-150.37431,63.42814]]]},"properties":{"cell":"890c7694243ffff","res":9,"coarsened":false,"count":1,"hv":1,"mp":0,"y0":2012,"y1":2012,"sp":[[1,1,1,0,2012,2012]]}},{"type":"Feature","geometry":{"type":"Polygon","coordinates":[[[-150.84945,63.47799],[-150.8522,63.47665],[-150.8511,63.47505],[-150.84725,63.47477],[-150.8445,63.47611],[-150.8456,63.47771],[-150.84945,63.47799]]]},"properties":{"cell":"890c76980b7ffff","res":9,"coarsened":false,"count":18,"hv":18,"mp":0,"y0":2012,"y1":2019,"sp":[[22,2,2,0,2012,2012],[33,2,2,0,2012,2012],[32,2,2,0,2012,2012],[39,2,2,0,2012,2012],[59,1,1,0,2012,2012],[74,1,1,0,2012,2012],[35,1,1,0,2012,2012],[27,1,1,0,2012,2012],[45,1,1,0,2012,2012],[43,1,1,0,2012,2012],[84,1,1,0,2012,2012],[58,1,1,0,2012,2012],[2,1,1,0,2013,2013],[23,1,1,0,2019,2019]]}},{"type":"Feature","geometry":{"type":"Polygon","coordinates":[[[-150.85934,63.48175],[-150.86209,63.48041],[-150.86099,63.47881],[-150.85715,63.47853],[-150.8544,63.47987],[-150.85549,63.48147],[-150.85934,63.48175]]]},"properties":{"cell":"890c7698087ffff","res":9,"coarsened":false,"count":2,"hv":2,"mp":0,"y0":2012,"y1":2012,"sp":[[102,1,1,0,2012,2012],[93,1,1,0,2012,2012]]}},{"type":"Feature","geometry":{"type":"Polygon","coordinates":[[[-149.30486,63.73972],[-149.30771,63.73842],[-149.30671,63.7368],[-149.30286,63.73648],[-149.30002,63.73778],[-149.30102,63.7394],[-149.30486,63.73972]]]},"properties":{"cell":"890c74c064bffff","res":9,"coarsened":false,"count":14,"hv":14,"mp":0,"y0":2008,"y1":2026,"sp":[[11,6,6,0,2012,2025],[1,4,4,0,2008,2025],[10,2,2,0,2026,2026],[14,1,1,0,2022,2022],[2,1,1,0,2023,2023]]}},{"type":"Feature","geometry":{"type":"Polygon","coordinates":[[[-150.37736,63.04256],[-150.38008,63.04124],[-150.37904,63.03964],[-150.37527,63.03936],[-150.37255,63.04068],[-150.37359,63.04228],[-150.37736,63.04256]]]},"properties":{"cell":"890c76a13d7ffff","res":9,"coarsened":false,"count":1,"hv":1,"mp":0,"y0":1996,"y1":1996,"sp":[[11,1,1,0,1996,1996]]}},{"type":"Feature","geometry":{"type":"Polygon","coordinates":[[[-150.50105,62.88761],[-150.50375,62.88629],[-150.5027,62.88469],[-150.49896,62.88442],[-150.49626,62.88574],[-150.4973,62.88733],[-150.50105,62.88761]]]},"properties":{"cell":"890c7632c13ffff","res":9,"coarsened":false,"count":1,"hv":1,"mp":0,"y0":1996,"y1":1996,"sp":[[1,1,1,0,1996,1996]]}},{"type":"Feature","geometry":{"type":"Polygon","coordinates":[[[-149.18916,63.71171],[-149.19201,63.71041],[-149.19102,63.70879],[-149.18719,63.70847],[-149.18434,63.70977],[-149.18533,63.71139],[-149.18916,63.71171]]]},"properties":{"cell":"890c74c01a7ffff","res":9,"coarsened":false,"count":13,"hv":13,"mp":0,"y0":2014,"y1":2026,"sp":[[2,7,7,0,2014,2026],[1,2,2,0,2018,2024],[10,1,1,0,2017,2017],[76,1,1,0,2021,2021],[11,1,1,0,2014,2014],[29,1,1,0,2025,2025]]}},{"type":"Feature","geometry":{"type":"Polygon","coordinates":[[[-150.42036,63.33837],[-150.42312,63.33704],[-150.42206,63.33544],[-150.41824,63.33515],[-150.41549,63.33648],[-150.41655,63.33808],[-150.42036,63.33837]]]},"properties":{"cell":"890c768756bffff","res":9,"coarsened":false,"count":1,"hv":1,"mp":0,"y0":2016,"y1":2016,"sp":[[4,1,1,0,2016,2016]]}},{"type":"Feature","geometry":{"type":"Polygon","coordinates":[[[-151.70665,63.22944],[-151.70933,63.22809],[-151.70818,63.22649],[-151.70435,63.22625],[-151.70167,63.22759],[-151.70282,63.22919],[-151.70665,63.22944]]]},"properties":{"cell":"890c76cd087ffff","res":9,"coarsened":false,"count":1,"hv":1,"mp":0,"y0":2019,"y1":2019,"sp":[[36,1,1,0,2019,2019]]}},{"type":"Feature","geometry":{"type":"Polygon","coordinates":[[[-151.00122,63.15151],[-151.00393,63.15018],[-151.00283,63.14858],[-150.99903,63.14831],[-150.99633,63.14965],[-150.99742,63.15125],[-151.00122,63.15151]]]},"properties":{"cell":"890c7610e33ffff","res":9,"coarsened":false,"count":1,"hv":1,"mp":0,"y0":2019,"y1":2019,"sp":[[22,1,1,0,2019,2019]]}},{"type":"Feature","geometry":{"type":"Polygon","coordinates":[[[-149.714,63.92349],[-149.71686,63.92218],[-149.71582,63.92055],[-149.71193,63.92025],[-149.70908,63.92156],[-149.71012,63.92318],[-149.714,63.92349]]]},"properties":{"cell":"890c29ac083ffff","res":9,"coarsened":false,"count":1,"hv":1,"mp":0,"y0":1981,"y1":1981,"sp":[[1,1,1,0,1981,1981]]}},{"type":"Feature","geometry":{"type":"Polygon","coordinates":[[[-149.83812,63.5325],[-149.84093,63.53119],[-149.8399,63.52958],[-149.83607,63.52928],[-149.83327,63.53059],[-149.8343,63.5322],[-149.83812,63.5325]]]},"properties":{"cell":"890c74512c7ffff","res":9,"coarsened":false,"count":3,"hv":3,"mp":0,"y0":2011,"y1":2015,"sp":[[7,2,2,0,2011,2015],[1,1,1,0,2015,2015]]}},{"type":"Feature","geometry":{"type":"Polygon","coordinates":[[[-151.19295,63.11455],[-151.19565,63.11322],[-151.19454,63.11162],[-151.19074,63.11136],[-151.18805,63.1127],[-151.18916,63.11429],[-151.19295,63.11455]]]},"properties":{"cell":"890c7603693ffff","res":9,"coarsened":false,"count":1,"hv":1,"mp":0,"y0":2016,"y1":2016,"sp":[[43,1,1,0,2016,2016]]}},{"type":"Feature","geometry":{"type":"Polygon","coordinates":[[[-149.13269,63.71468],[-149.13554,63.71339],[-149.13455,63.71177],[-149.13071,63.71145],[-149.12786,63.71274],[-149.12885,63.71436],[-149.13269,63.71468]]]},"properties":{"cell":"890c74c2bd7ffff","res":9,"coarsened":false,"count":2,"hv":2,"mp":0,"y0":2019,"y1":2026,"sp":[[7,1,1,0,2019,2019],[1,1,1,0,2026,2026]]}},{"type":"Feature","geometry":{"type":"Polygon","coordinates":[[[-149.99849,63.51589],[-150.00128,63.51457],[-150.00024,63.51296],[-149.99641,63.51267],[-149.99362,63.51398],[-149.99466,63.51559],[-149.99849,63.51589]]]},"properties":{"cell":"890c745b133ffff","res":9,"coarsened":false,"count":1,"hv":1,"mp":0,"y0":1985,"y1":1985,"sp":[[1,1,1,0,1985,1985]]}},{"type":"Feature","geometry":{"type":"Polygon","coordinates":[[[-148.94607,63.73124],[-148.94894,63.72994],[-148.94796,63.72832],[-148.94413,63.728],[-148.94126,63.72929],[-148.94224,63.73091],[-148.94607,63.73124]]]},"properties":{"cell":"890c74d5d0fffff","res":9,"coarsened":false,"count":1,"hv":1,"mp":0,"y0":2019,"y1":2019,"sp":[[26,1,1,0,2019,2019]]}},{"type":"Feature","geometry":{"type":"Polygon","coordinates":[[[-149.70367,63.55559],[-149.70648,63.55428],[-149.70546,63.55267],[-149.70163,63.55237],[-149.69882,63.55368],[-149.69984,63.55529],[-149.70367,63.55559]]]},"properties":{"cell":"890c74506c3ffff","res":9,"coarsened":false,"count":8,"hv":8,"mp":0,"y0":2019,"y1":2026,"sp":[[4,3,3,0,2025,2026],[7,2,2,0,2019,2024],[11,1,1,0,2021,2021],[31,1,1,0,2024,2024],[2,1,1,0,2026,2026]]}},{"type":"Feature","geometry":{"type":"Polygon","coordinates":[[[-149.9075,63.5272],[-149.9103,63.52589],[-149.90926,63.52428],[-149.90543,63.52398],[-149.90264,63.52529],[-149.90367,63.52691],[-149.9075,63.5272]]]},"properties":{"cell":"890c745a023ffff","res":9,"coarsened":false,"count":2,"hv":2,"mp":0,"y0":2019,"y1":2021,"sp":[[1,1,1,0,2019,2019],[2,1,1,0,2021,2021]]}},{"type":"Feature","geometry":{"type":"Polygon","coordinates":[[[-149.24975,63.72134],[-149.2526,63.72004],[-149.25161,63.71842],[-149.24777,63.71811],[-149.24492,63.71941],[-149.24591,63.72103],[-149.24975,63.72134]]]},"properties":{"cell":"890c74c0077ffff","res":9,"coarsened":false,"count":13,"hv":13,"mp":0,"y0":2011,"y1":2024,"sp":[[2,3,3,0,2011,2011],[36,2,2,0,2011,2011],[45,2,2,0,2022,2024],[26,1,1,0,2019,2019],[16,1,1,0,2011,2011],[13,1,1,0,2022,2022],[6,1,1,0,2022,2022],[105,1,1,0,2022,2022],[10,1,1,0,2023,2023]]}},{"type":"Feature","geometry":{"type":"Polygon","coordinates":[[[-148.95802,63.58173],[-148.96086,63.58044],[-148.95989,63.57882],[-148.95608,63.5785],[-148.95324,63.57979],[-148.9542,63.58141],[-148.95802,63.58173]]]},"properties":{"cell":"890c74c480fffff","res":9,"coarsened":false,"count":1,"hv":1,"mp":0,"y0":2015,"y1":2015,"sp":[[2,1,1,0,2015,2015]]}},{"type":"Feature","geometry":{"type":"Polygon","coordinates":[[[-152.41978,63.50714],[-152.42246,63.50577],[-152.42125,63.50417],[-152.41736,63.50394],[-152.41467,63.50531],[-152.41588,63.50691],[-152.41978,63.50714]]]},"properties":{"cell":"890c2b315c7ffff","res":9,"coarsened":false,"count":1,"hv":1,"mp":0,"y0":2011,"y1":2011,"sp":[[2,1,1,0,2011,2011]]}},{"type":"Feature","geometry":{"type":"Polygon","coordinates":[[[-150.64041,63.44464],[-150.64317,63.44331],[-150.64209,63.44171],[-150.63825,63.44143],[-150.6355,63.44276],[-150.63658,63.44436],[-150.64041,63.44464]]]},"properties":{"cell":"890c768358bffff","res":9,"coarsened":false,"count":6,"hv":6,"mp":0,"y0":2009,"y1":2025,"sp":[[61,1,1,0,2014,2014],[15,1,1,0,2021,2021],[23,1,1,0,2025,2025],[52,1,1,0,2025,2025],[20,1,1,0,2009,2009],[133,1,1,0,2009,2009]]}},{"type":"Feature","geometry":{"type":"Polygon","coordinates":[[[-150.41535,63.42966],[-150.41812,63.42833],[-150.41705,63.42673],[-150.41323,63.42644],[-150.41046,63.42777],[-150.41153,63.42937],[-150.41535,63.42966]]]},"properties":{"cell":"890c76951dbffff","res":9,"coarsened":false,"count":1,"hv":1,"mp":0,"y0":2019,"y1":2019,"sp":[[1,1,1,0,2019,2019]]}},{"type":"Feature","geometry":{"type":"Polygon","coordinates":[[[-150.48799,63.5115],[-150.55364,63.4949],[-150.5579,63.46309],[-150.49669,63.4479],[-150.43114,63.46447],[-150.42671,63.49626],[-150.48799,63.5115]]]},"properties":{"cell":"860c7690fffffff","res":6,"coarsened":true,"count":1,"hv":1,"mp":0,"y0":2019,"y1":2019,"sp":[[0,1,1,0,2019,2019]]}},{"type":"Feature","geometry":{"type":"Polygon","coordinates":[[[-149.39738,63.71811],[-149.40022,63.7168],[-149.39921,63.71519],[-149.39537,63.71487],[-149.39252,63.71618],[-149.39353,63.71779],[-149.39738,63.71811]]]},"properties":{"cell":"890c74c12a7ffff","res":9,"coarsened":false,"count":11,"hv":11,"mp":0,"y0":2019,"y1":2026,"sp":[[1,5,5,0,2024,2026],[2,3,3,0,2019,2025],[11,3,3,0,2023,2025]]}},{"type":"Feature","geometry":{"type":"Polygon","coordinates":[[[-150.63539,63.45345],[-150.63815,63.45212],[-150.63706,63.45051],[-150.63323,63.45023],[-150.63047,63.45156],[-150.63155,63.45317],[-150.63539,63.45345]]]},"properties":{"cell":"890c7691b77ffff","res":9,"coarsened":false,"count":1,"hv":1,"mp":0,"y0":2018,"y1":2018,"sp":[[2,1,1,0,2018,2018]]}},{"type":"Feature","geometry":{"type":"Polygon","coordinates":[[[-150.38569,63.67701],[-150.38849,63.67569],[-150.38741,63.67407],[-150.38355,63.67379],[-150.38075,63.67511],[-150.38183,63.67673],[-150.38569,63.67701]]]},"properties":{"cell":"890c292ae6fffff","res":9,"coarsened":false,"count":1,"hv":1,"mp":0,"y0":2018,"y1":2018,"sp":[[7,1,1,0,2018,2018]]}},{"type":"Feature","geometry":{"type":"Polygon","coordinates":[[[-150.47486,63.60698],[-150.54077,63.59038],[-150.54507,63.55854],[-150.48362,63.54331],[-150.41781,63.55988],[-150.41335,63.59171],[-150.47486,63.60698]]]},"properties":{"cell":"860c76927ffffff","res":6,"coarsened":true,"count":1,"hv":1,"mp":0,"y0":2018,"y1":2018,"sp":[[0,1,1,0,2018,2018]]}},{"type":"Feature","geometry":{"type":"Polygon","coordinates":[[[-148.98814,63.72251],[-148.99099,63.72121],[-148.99002,63.71959],[-148.98618,63.71927],[-148.98332,63.72056],[-148.9843,63.72218],[-148.98814,63.72251]]]},"properties":{"cell":"890c74d583bffff","res":9,"coarsened":false,"count":5,"hv":5,"mp":0,"y0":2018,"y1":2026,"sp":[[11,2,2,0,2018,2025],[2,2,2,0,2023,2025],[1,1,1,0,2026,2026]]}},{"type":"Feature","geometry":{"type":"Polygon","coordinates":[[[-149.69703,63.5566],[-149.69984,63.55529],[-149.69882,63.55368],[-149.69499,63.55337],[-149.69218,63.55468],[-149.6932,63.55629],[-149.69703,63.5566]]]},"properties":{"cell":"890c74506d7ffff","res":9,"coarsened":false,"count":7,"hv":7,"mp":0,"y0":1980,"y1":2026,"sp":[[7,3,3,0,1980,2025],[1,2,2,0,2026,2026],[11,1,1,0,2017,2017],[66,1,1,0,2024,2024]]}},{"type":"Feature","geometry":{"type":"Polygon","coordinates":[[[-150.25214,63.45262],[-150.25492,63.4513],[-150.25386,63.44969],[-150.25003,63.4494],[-150.24726,63.45072],[-150.24832,63.45233],[-150.25214,63.45262]]]},"properties":{"cell":"890c7694593ffff","res":9,"coarsened":false,"count":4,"hv":4,"mp":0,"y0":2017,"y1":2025,"sp":[[11,1,1,0,2017,2017],[1,1,1,0,2025,2025],[71,1,1,0,2025,2025],[4,1,1,0,2025,2025]]}},{"type":"Feature","geometry":{"type":"Polygon","coordinates":[[[-149.37547,63.724],[-149.37831,63.7227],[-149.37731,63.72108],[-149.37347,63.72076],[-149.37062,63.72207],[-149.37163,63.72369],[-149.37547,63.724]]]},"properties":{"cell":"890c74c100fffff","res":9,"coarsened":false,"count":8,"hv":8,"mp":0,"y0":2017,"y1":2026,"sp":[[11,5,5,0,2017,2026],[1,2,2,0,2022,2026],[7,1,1,0,2026,2026]]}},{"type":"Feature","geometry":{"type":"Polygon","coordinates":[[[-150.01973,63.52059],[-150.02252,63.51927],[-150.02148,63.51766],[-150.01765,63.51737],[-150.01485,63.51868],[-150.01589,63.52029],[-150.01973,63.52059]]]},"properties":{"cell":"890c745b157ffff","res":9,"coarsened":false,"count":4,"hv":4,"mp":0,"y0":2013,"y1":2025,"sp":[[7,1,1,0,2013,2013],[4,1,1,0,2025,2025],[11,1,1,0,2024,2024],[66,1,1,0,null,null]]}},{"type":"Feature","geometry":{"type":"Polygon","coordinates":[[[-150.28686,63.44453],[-150.28963,63.44321],[-150.28857,63.4416],[-150.28475,63.44131],[-150.28198,63.44263],[-150.28303,63.44424],[-150.28686,63.44453]]]},"properties":{"cell":"890c769455bffff","res":9,"coarsened":false,"count":1,"hv":1,"mp":0,"y0":2013,"y1":2013,"sp":[[7,1,1,0,2013,2013]]}},{"type":"Feature","geometry":{"type":"Polygon","coordinates":[[[-148.87404,63.70204],[-148.8769,63.70075],[-148.87594,63.69913],[-148.87211,63.6988],[-148.86925,63.70009],[-148.87021,63.70171],[-148.87404,63.70204]]]},"properties":{"cell":"890c74d4b3bffff","res":9,"coarsened":false,"count":3,"hv":3,"mp":0,"y0":2016,"y1":2024,"sp":[[2,2,2,0,2021,2024],[26,1,1,0,2016,2016]]}},{"type":"Feature","geometry":{"type":"Polygon","coordinates":[[[-149.06817,63.75847],[-149.07103,63.75717],[-149.07005,63.75555],[-149.06621,63.75523],[-149.06335,63.75652],[-149.06433,63.75814],[-149.06817,63.75847]]]},"properties":{"cell":"890c74d53cfffff","res":9,"coarsened":false,"count":1,"hv":1,"mp":0,"y0":2013,"y1":2013,"sp":[[7,1,1,0,2013,2013]]}},{"type":"Feature","geometry":{"type":"Polygon","coordinates":[[[-148.85766,63.68066],[-148.86052,63.67937],[-148.85956,63.67775],[-148.85573,63.67742],[-148.85287,63.67871],[-148.85384,63.68033],[-148.85766,63.68066]]]},"properties":{"cell":"890c74892d7ffff","res":9,"coarsened":false,"count":1,"hv":1,"mp":0,"y0":1998,"y1":1998,"sp":[[2,1,1,0,1998,1998]]}},{"type":"Feature","geometry":{"type":"Polygon","coordinates":[[[-148.8433,63.67482],[-148.84616,63.67353],[-148.84519,63.67191],[-148.84137,63.67158],[-148.83851,63.67287],[-148.83947,63.67449],[-148.8433,63.67482]]]},"properties":{"cell":"890c74892bbffff","res":9,"coarsened":false,"count":1,"hv":1,"mp":0,"y0":1998,"y1":1998,"sp":[[2,1,1,0,1998,1998]]}},{"type":"Feature","geometry":{"type":"Polygon","coordinates":[[[-148.91564,63.7594],[-148.91851,63.75811],[-148.91754,63.75649],[-148.9137,63.75616],[-148.91083,63.75746],[-148.9118,63.75908],[-148.91564,63.7594]]]},"properties":{"cell":"890c74d4387ffff","res":9,"coarsened":false,"count":1,"hv":1,"mp":0,"y0":1998,"y1":1998,"sp":[[7,1,1,0,1998,1998]]}},{"type":"Feature","geometry":{"type":"Polygon","coordinates":[[[-148.92527,63.7633],[-148.92813,63.762],[-148.92716,63.76038],[-148.92332,63.76006],[-148.92046,63.76135],[-148.92143,63.76297],[-148.92527,63.7633]]]},"properties":{"cell":"890c74d439bffff","res":9,"coarsened":false,"count":1,"hv":1,"mp":0,"y0":1998,"y1":1998,"sp":[[1,1,1,0,1998,1998]]}},{"type":"Feature","geometry":{"type":"Polygon","coordinates":[[[-148.90385,63.72149],[-148.90671,63.7202],[-148.90574,63.71858],[-148.90191,63.71825],[-148.89905,63.71955],[-148.90002,63.72117],[-148.90385,63.72149]]]},"properties":{"cell":"890c74d4a17ffff","res":9,"coarsened":false,"count":1,"hv":1,"mp":0,"y0":1998,"y1":1998,"sp":[[31,1,1,0,1998,1998]]}},{"type":"Feature","geometry":{"type":"Polygon","coordinates":[[[-150.75066,63.45106],[-150.75341,63.44973],[-150.75232,63.44813],[-150.74848,63.44785],[-150.74573,63.44918],[-150.74682,63.45079],[-150.75066,63.45106]]]},"properties":{"cell":"890c769ab23ffff","res":9,"coarsened":false,"count":2,"hv":2,"mp":0,"y0":2010,"y1":2021,"sp":[[2,2,2,0,2010,2021]]}},{"type":"Feature","geometry":{"type":"Polygon","coordinates":[[[-149.8399,63.52958],[-149.8427,63.52827],[-149.84167,63.52665],[-149.83784,63.52635],[-149.83504,63.52766],[-149.83607,63.52928],[-149.8399,63.52958]]]},"properties":{"cell":"890c745121bffff","res":9,"coarsened":false,"count":1,"hv":1,"mp":0,"y0":2002,"y1":2002,"sp":[[2,1,1,0,2002,2002]]}},{"type":"Feature","geometry":{"type":"Polygon","coordinates":[[[-148.96069,63.75554],[-148.96355,63.75425],[-148.96258,63.75263],[-148.95874,63.7523],[-148.95587,63.7536],[-148.95685,63.75522],[-148.96069,63.75554]]]},"properties":{"cell":"890c74d5c97ffff","res":9,"coarsened":false,"count":3,"hv":3,"mp":0,"y0":2005,"y1":2024,"sp":[[4,1,1,0,2005,2005],[8,1,1,0,2021,2021],[10,1,1,0,2024,2024]]}},{"type":"Feature","geometry":{"type":"Polygon","coordinates":[[[-149.8633,63.56052],[-149.8661,63.5592],[-149.86507,63.55759],[-149.86123,63.55729],[-149.85843,63.5586],[-149.85946,63.56022],[-149.8633,63.56052]]]},"properties":{"cell":"890c2924b0bffff","res":9,"coarsened":false,"count":1,"hv":1,"mp":0,"y0":2017,"y1":2017,"sp":[[7,1,1,0,2017,2017]]}},{"type":"Feature","geometry":{"type":"Polygon","coordinates":[[[-149.86507,63.55759],[-149.86787,63.55628],[-149.86684,63.55466],[-149.863,63.55436],[-149.8602,63.55568],[-149.86123,63.55729],[-149.86507,63.55759]]]},"properties":{"cell":"890c2924b73ffff","res":9,"coarsened":false,"count":2,"hv":2,"mp":0,"y0":2017,"y1":2017,"sp":[[1,1,1,0,2017,2017],[2,1,1,0,2017,2017]]}},{"type":"Feature","geometry":{"type":"Polygon","coordinates":[[[-149.71822,63.56135],[-149.72103,63.56004],[-149.72001,63.55842],[-149.71618,63.55812],[-149.71337,63.55943],[-149.71439,63.56104],[-149.71822,63.56135]]]},"properties":{"cell":"890c74533abffff","res":9,"coarsened":false,"count":1,"hv":1,"mp":0,"y0":2015,"y1":2015,"sp":[[1,1,1,0,2015,2015]]}},{"type":"Feature","geometry":{"type":"Polygon","coordinates":[[[-150.06644,63.50275],[-150.06923,63.50143],[-150.06818,63.49982],[-150.06435,63.49953],[-150.06157,63.50085],[-150.06261,63.50246],[-150.06644,63.50275]]]},"properties":{"cell":"890c745b36fffff","res":9,"coarsened":false,"count":3,"hv":3,"mp":0,"y0":1971,"y1":2017,"sp":[[1,1,1,0,2017,2017],[66,1,1,0,1971,1971],[82,1,1,0,1971,1971]]}},{"type":"Feature","geometry":{"type":"Polygon","coordinates":[[[-149.29746,63.7514],[-149.30031,63.7501],[-149.29931,63.74848],[-149.29547,63.74817],[-149.29262,63.74947],[-149.29362,63.75109],[-149.29746,63.7514]]]},"properties":{"cell":"890c74c33afffff","res":9,"coarsened":false,"count":2,"hv":2,"mp":0,"y0":2013,"y1":2021,"sp":[[4,1,1,0,2013,2013],[7,1,1,0,2021,2021]]}},{"type":"Feature","geometry":{"type":"Polygon","coordinates":[[[-149.34018,63.73186],[-149.34302,63.73056],[-149.34202,63.72894],[-149.33817,63.72863],[-149.33533,63.72993],[-149.33633,63.73155],[-149.34018,63.73186]]]},"properties":{"cell":"890c74c1547ffff","res":9,"coarsened":false,"count":14,"hv":14,"mp":0,"y0":2012,"y1":2026,"sp":[[11,10,10,0,2012,2024],[2,2,2,0,2021,2026],[7,2,2,0,2024,2024]]}},{"type":"Feature","geometry":{"type":"Polygon","coordinates":[[[-149.11153,63.70984],[-149.11438,63.70854],[-149.1134,63.70692],[-149.10956,63.7066],[-149.10671,63.7079],[-149.10769,63.70952],[-149.11153,63.70984]]]},"properties":{"cell":"890c74c2bb3ffff","res":9,"coarsened":false,"count":1,"hv":1,"mp":0,"y0":2013,"y1":2013,"sp":[[2,1,1,0,2013,2013]]}},{"type":"Feature","geometry":{"type":"Polygon","coordinates":[[[-149.98873,63.60245],[-149.99153,63.60113],[-149.99049,63.59952],[-149.98664,63.59922],[-149.98384,63.60054],[-149.98488,63.60215],[-149.98873,63.60245]]]},"properties":{"cell":"890c2925e97ffff","res":9,"coarsened":false,"count":1,"hv":1,"mp":0,"y0":2007,"y1":2007,"sp":[[7,1,1,0,2007,2007]]}},{"type":"Feature","geometry":{"type":"Polygon","coordinates":[[[-149.38988,63.75898],[-149.39273,63.75768],[-149.39172,63.75606],[-149.38787,63.75574],[-149.38502,63.75705],[-149.38603,63.75867],[-149.38988,63.75898]]]},"properties":{"cell":"890c74d8907ffff","res":9,"coarsened":false,"count":1,"hv":1,"mp":0,"y0":2007,"y1":2007,"sp":[[7,1,1,0,2007,2007]]}},{"type":"Feature","geometry":{"type":"Polygon","coordinates":[[[-149.35908,63.72112],[-149.36193,63.71982],[-149.36093,63.7182],[-149.35708,63.71789],[-149.35424,63.71919],[-149.35524,63.72081],[-149.35908,63.72112]]]},"properties":{"cell":"890c74c1037ffff","res":9,"coarsened":false,"count":3,"hv":3,"mp":0,"y0":2013,"y1":2013,"sp":[[2,1,1,0,2013,2013],[1,1,1,0,2013,2013],[7,1,1,0,2013,2013]]}},{"type":"Feature","geometry":{"type":"Polygon","coordinates":[[[-149.43016,63.72385],[-149.433,63.72255],[-149.432,63.72093],[-149.42815,63.72062],[-149.42531,63.72192],[-149.42632,63.72354],[-149.43016,63.72385]]]},"properties":{"cell":"890c74c12cfffff","res":9,"coarsened":false,"count":9,"hv":9,"mp":0,"y0":2014,"y1":2026,"sp":[[11,4,4,0,2022,2026],[1,4,4,0,2024,2026],[59,1,1,0,2014,2014]]}},{"type":"Feature","geometry":{"type":"Polygon","coordinates":[[[-149.66345,63.40543],[-149.66624,63.40412],[-149.66523,63.40251],[-149.66143,63.40221],[-149.65864,63.40351],[-149.65965,63.40512],[-149.66345,63.40543]]]},"properties":{"cell":"890c7442e0bffff","res":9,"coarsened":false,"count":1,"hv":1,"mp":0,"y0":2017,"y1":2017,"sp":[[1,1,1,0,2017,2017]]}},{"type":"Feature","geometry":{"type":"Polygon","coordinates":[[[-150.28369,63.4397],[-150.28646,63.43838],[-150.28541,63.43677],[-150.28158,63.43648],[-150.27881,63.4378],[-150.27986,63.43941],[-150.28369,63.4397]]]},"properties":{"cell":"890c769454fffff","res":9,"coarsened":false,"count":1,"hv":1,"mp":0,"y0":2012,"y1":2012,"sp":[[7,1,1,0,2012,2012]]}},{"type":"Feature","geometry":{"type":"Polygon","coordinates":[[[-149.94115,63.55126],[-149.94395,63.54995],[-149.94291,63.54834],[-149.93908,63.54804],[-149.93628,63.54935],[-149.93732,63.55097],[-149.94115,63.55126]]]},"properties":{"cell":"890c745a68fffff","res":9,"coarsened":false,"count":1,"hv":1,"mp":0,"y0":2012,"y1":2012,"sp":[[4,1,1,0,2012,2012]]}},{"type":"Feature","geometry":{"type":"Polygon","coordinates":[[[-149.58002,63.61931],[-149.58285,63.618],[-149.58183,63.61639],[-149.578,63.61608],[-149.57517,63.61738],[-149.57619,63.619],[-149.58002,63.61931]]]},"properties":{"cell":"890c74c8a7bffff","res":9,"coarsened":false,"count":6,"hv":6,"mp":0,"y0":1984,"y1":2026,"sp":[[7,2,2,0,2009,2023],[2,2,2,0,1984,2024],[26,2,2,0,2025,2026]]}},{"type":"Feature","geometry":{"type":"Polygon","coordinates":[[[-150.05495,63.50187],[-150.05774,63.50055],[-150.05669,63.49894],[-150.05286,63.49865],[-150.05008,63.49996],[-150.05112,63.50157],[-150.05495,63.50187]]]},"properties":{"cell":"890c7459593ffff","res":9,"coarsened":false,"count":1,"hv":1,"mp":0,"y0":2009,"y1":2009,"sp":[[1,1,1,0,2009,2009]]}},{"type":"Feature","geometry":{"type":"Polygon","coordinates":[[[-151.26095,63.40574],[-151.32598,63.38877],[-151.32923,63.35694],[-151.26762,63.34209],[-151.20269,63.35903],[-151.19927,63.39085],[-151.26095,63.40574]]]},"properties":{"cell":"860c76d5fffffff","res":6,"coarsened":true,"count":1,"hv":1,"mp":0,"y0":2016,"y1":2016,"sp":[[0,1,1,0,2016,2016]]}},{"type":"Feature","geometry":{"type":"Polygon","coordinates":[[[-151.17175,63.11006],[-151.17444,63.10872],[-151.17334,63.10712],[-151.16954,63.10686],[-151.16685,63.1082],[-151.16795,63.1098],[-151.17175,63.11006]]]},"properties":{"cell":"890c7603447ffff","res":9,"coarsened":false,"count":4,"hv":4,"mp":0,"y0":2016,"y1":2016,"sp":[[1,2,2,0,2016,2016],[2,1,1,0,2016,2016],[4,1,1,0,2016,2016]]}},{"type":"Feature","geometry":{"type":"Polygon","coordinates":[[[-151.22225,63.11503],[-151.22494,63.1137],[-151.22384,63.1121],[-151.22004,63.11184],[-151.21734,63.11318],[-151.21845,63.11477],[-151.22225,63.11503]]]},"properties":{"cell":"890c761abafffff","res":9,"coarsened":false,"count":1,"hv":1,"mp":0,"y0":2016,"y1":2016,"sp":[[2,1,1,0,2016,2016]]}},{"type":"Feature","geometry":{"type":"Polygon","coordinates":[[[-151.17824,63.10898],[-151.18094,63.10764],[-151.17983,63.10605],[-151.17604,63.10579],[-151.17334,63.10712],[-151.17444,63.10872],[-151.17824,63.10898]]]},"properties":{"cell":"890c760344fffff","res":9,"coarsened":false,"count":2,"hv":2,"mp":0,"y0":2016,"y1":2016,"sp":[[1,1,1,0,2016,2016],[7,1,1,0,2016,2016]]}},{"type":"Feature","geometry":{"type":"Polygon","coordinates":[[[-151.17016,63.11299],[-151.17285,63.11165],[-151.17175,63.11006],[-151.16795,63.1098],[-151.16526,63.11113],[-151.16636,63.11273],[-151.17016,63.11299]]]},"properties":{"cell":"890c7603457ffff","res":9,"coarsened":false,"count":1,"hv":1,"mp":0,"y0":2016,"y1":2016,"sp":[[1,1,1,0,2016,2016]]}},{"type":"Feature","geometry":{"type":"Polygon","coordinates":[[[-150.98134,63.06948],[-150.98404,63.06814],[-150.98295,63.06655],[-150.97916,63.06628],[-150.97646,63.06761],[-150.97755,63.06921],[-150.98134,63.06948]]]},"properties":{"cell":"890c7602c1bffff","res":9,"coarsened":false,"count":1,"hv":1,"mp":0,"y0":2016,"y1":2016,"sp":[[1,1,1,0,2016,2016]]}},{"type":"Feature","geometry":{"type":"Polygon","coordinates":[[[-149.6475,63.55878],[-149.65032,63.55748],[-149.6493,63.55586],[-149.64547,63.55556],[-149.64266,63.55687],[-149.64368,63.55848],[-149.6475,63.55878]]]},"properties":{"cell":"890c7450413ffff","res":9,"coarsened":false,"count":6,"hv":6,"mp":0,"y0":2007,"y1":2025,"sp":[[4,2,2,0,2024,2025],[66,1,1,0,2007,2007],[7,1,1,0,2022,2022],[1,1,1,0,2021,2021],[48,1,1,0,2025,2025]]}},{"type":"Feature","geometry":{"type":"Polygon","coordinates":[[[-150.37453,63.41745],[-150.3773,63.41613],[-150.37624,63.41452],[-150.37241,63.41424],[-150.36965,63.41556],[-150.37071,63.41717],[-150.37453,63.41745]]]},"properties":{"cell":"890c7695cd3ffff","res":9,"coarsened":false,"count":1,"hv":1,"mp":0,"y0":1993,"y1":1993,"sp":[[1,1,1,0,1993,1993]]}},{"type":"Feature","geometry":{"type":"Polygon","coordinates":[[[-149.83944,63.54026],[-149.84224,63.53895],[-149.84121,63.53734],[-149.83738,63.53704],[-149.83458,63.53835],[-149.83561,63.53996],[-149.83944,63.54026]]]},"properties":{"cell":"890c745166bffff","res":9,"coarsened":false,"count":1,"hv":1,"mp":0,"y0":2019,"y1":2019,"sp":[[4,1,1,0,2019,2019]]}},{"type":"Feature","geometry":{"type":"Polygon","coordinates":[[[-149.76112,63.56014],[-149.76393,63.55883],[-149.7629,63.55722],[-149.75907,63.55692],[-149.75626,63.55823],[-149.75729,63.55984],[-149.76112,63.56014]]]},"properties":{"cell":"890c7451487ffff","res":9,"coarsened":false,"count":3,"hv":3,"mp":0,"y0":2019,"y1":2026,"sp":[[1,1,1,0,2019,2019],[6,1,1,0,2021,2021],[7,1,1,0,2026,2026]]}},{"type":"Feature","geometry":{"type":"Polygon","coordinates":[[[-149.82262,63.54813],[-149.82543,63.54682],[-149.8244,63.54521],[-149.82057,63.54491],[-149.81777,63.54622],[-149.81879,63.54783],[-149.82262,63.54813]]]},"properties":{"cell":"890c7451603ffff","res":9,"coarsened":false,"count":1,"hv":1,"mp":0,"y0":2019,"y1":2019,"sp":[[1,1,1,0,2019,2019]]}},{"type":"Feature","geometry":{"type":"Polygon","coordinates":[[[-149.29394,63.80493],[-149.36089,63.78889],[-149.36677,63.75709],[-149.30586,63.74134],[-149.23902,63.75734],[-149.23298,63.78913],[-149.29394,63.80493]]]},"properties":{"cell":"860c74c37ffffff","res":6,"coarsened":true,"count":1,"hv":1,"mp":0,"y0":2019,"y1":2019,"sp":[[0,1,1,0,2019,2019]]}},{"type":"Feature","geometry":{"type":"Polygon","coordinates":[[[-149.3291,63.7494],[-149.33195,63.74809],[-149.33095,63.74647],[-149.3271,63.74616],[-149.32425,63.74746],[-149.32526,63.74908],[-149.3291,63.7494]]]},"properties":{"cell":"890c74c337bffff","res":9,"coarsened":false,"count":1,"hv":1,"mp":0,"y0":2019,"y1":2019,"sp":[[7,1,1,0,2019,2019]]}},{"type":"Feature","geometry":{"type":"Polygon","coordinates":[[[-149.36878,63.72499],[-149.37163,63.72369],[-149.37062,63.72207],[-149.36678,63.72175],[-149.36393,63.72306],[-149.36494,63.72467],[-149.36878,63.72499]]]},"properties":{"cell":"890c74c1007ffff","res":9,"coarsened":false,"count":5,"hv":5,"mp":0,"y0":2019,"y1":2026,"sp":[[1,2,2,0,2019,2026],[11,2,2,0,2022,2022],[2,1,1,0,2019,2019]]}},{"type":"Feature","geometry":{"type":"Polygon","coordinates":[[[-149.83103,63.5442],[-149.83383,63.54289],[-149.83281,63.54127],[-149.82898,63.54097],[-149.82617,63.54229],[-149.8272,63.5439],[-149.83103,63.5442]]]},"properties":{"cell":"890c7451673ffff","res":9,"coarsened":false,"count":1,"hv":1,"mp":0,"y0":2019,"y1":2019,"sp":[[11,1,1,0,2019,2019]]}},{"type":"Feature","geometry":{"type":"Polygon","coordinates":[[[-151.0789,63.291],[-151.08162,63.28967],[-151.08051,63.28807],[-151.07669,63.2878],[-151.07397,63.28914],[-151.07508,63.29074],[-151.0789,63.291]]]},"properties":{"cell":"890c76c6db7ffff","res":9,"coarsened":false,"count":5,"hv":5,"mp":0,"y0":2019,"y1":2019,"sp":[[2,1,1,0,2019,2019],[6,1,1,0,null,null],[59,1,1,0,null,null],[33,1,1,0,null,null],[163,1,1,0,null,null]]}},{"type":"Feature","geometry":{"type":"Polygon","coordinates":[[[-149.53167,63.71672],[-149.53451,63.71541],[-149.53349,63.71379],[-149.52964,63.71348],[-149.52681,63.71479],[-149.52782,63.7164],[-149.53167,63.71672]]]},"properties":{"cell":"890c74ca2afffff","res":9,"coarsened":false,"count":2,"hv":2,"mp":0,"y0":2000,"y1":2019,"sp":[[4,1,1,0,2000,2000],[1,1,1,0,2019,2019]]}},{"type":"Feature","geometry":{"type":"Polygon","coordinates":[[[-149.49094,63.73339],[-149.49378,63.73209],[-149.49277,63.73047],[-149.48891,63.73016],[-149.48608,63.73146],[-149.48709,63.73308],[-149.49094,63.73339]]]},"properties":{"cell":"890c74ca083ffff","res":9,"coarsened":false,"count":1,"hv":1,"mp":0,"y0":2000,"y1":2000,"sp":[[7,1,1,0,2000,2000]]}},{"type":"Feature","geometry":{"type":"Polygon","coordinates":[[[-149.29878,63.32844],[-149.30158,63.32715],[-149.3006,63.32554],[-149.29682,63.32522],[-149.29402,63.32652],[-149.295,63.32813],[-149.29878,63.32844]]]},"properties":{"cell":"890c740917bffff","res":9,"coarsened":false,"count":1,"hv":1,"mp":0,"y0":2020,"y1":2020,"sp":[[11,1,1,0,2020,2020]]}},{"type":"Feature","geometry":{"type":"Polygon","coordinates":[[[-150.83464,63.46165],[-150.83739,63.46031],[-150.83629,63.45871],[-150.83245,63.45843],[-150.8297,63.45977],[-150.83079,63.46137],[-150.83464,63.46165]]]},"properties":{"cell":"890c7698107ffff","res":9,"coarsened":false,"count":1,"hv":1,"mp":0,"y0":2018,"y1":2018,"sp":[[9,1,1,0,2018,2018]]}},{"type":"Feature","geometry":{"type":"Polygon","coordinates":[[[-150.87914,63.47856],[-150.88189,63.47723],[-150.88079,63.47562],[-150.87694,63.47535],[-150.87419,63.47668],[-150.87529,63.47829],[-150.87914,63.47856]]]},"properties":{"cell":"890c769801bffff","res":9,"coarsened":false,"count":10,"hv":10,"mp":0,"y0":2010,"y1":2024,"sp":[[40,3,3,0,2011,2024],[15,2,2,0,2024,2024],[11,1,1,0,2016,2016],[43,1,1,0,2011,2011],[2,1,1,0,2010,2010],[35,1,1,0,2013,2013],[21,1,1,0,2024,2024]]}},{"type":"Feature","geometry":{"type":"Polygon","coordinates":[[[-150.54551,63.52643],[-150.54828,63.5251],[-150.5472,63.52349],[-150.54336,63.52321],[-150.54059,63.52454],[-150.54166,63.52615],[-150.54551,63.52643]]]},"properties":{"cell":"890c7690007ffff","res":9,"coarsened":false,"count":1,"hv":1,"mp":0,"y0":2016,"y1":2016,"sp":[[4,1,1,0,2016,2016]]}},{"type":"Feature","geometry":{"type":"Polygon","coordinates":[[[-148.90472,63.71081],[-148.90759,63.70952],[-148.90662,63.7079],[-148.90279,63.70757],[-148.89992,63.70886],[-148.90089,63.71048],[-148.90472,63.71081]]]},"properties":{"cell":"890c74d4a2fffff","res":9,"coarsened":false,"count":1,"hv":1,"mp":0,"y0":2009,"y1":2009,"sp":[[10,1,1,0,2009,2009]]}},{"type":"Feature","geometry":{"type":"Polygon","coordinates":[[[-148.84131,63.65929],[-148.84417,63.658],[-148.8432,63.65638],[-148.83938,63.65605],[-148.83652,63.65734],[-148.83749,63.65896],[-148.84131,63.65929]]]},"properties":{"cell":"890c7489343ffff","res":9,"coarsened":false,"count":7,"hv":7,"mp":0,"y0":2009,"y1":2026,"sp":[[43,2,2,0,2014,2023],[4,1,1,0,2009,2009],[2,1,1,0,2020,2020],[13,1,1,0,2026,2026],[20,1,1,0,2026,2026],[93,1,1,0,2026,2026]]}},{"type":"Feature","geometry":{"type":"Polygon","coordinates":[[[-148.84799,63.65832],[-148.85084,63.65703],[-148.84988,63.65541],[-148.84606,63.65509],[-148.8432,63.65638],[-148.84417,63.658],[-148.84799,63.65832]]]},"properties":{"cell":"890c748934bffff","res":9,"coarsened":false,"count":1,"hv":1,"mp":0,"y0":2009,"y1":2009,"sp":[[4,1,1,0,2009,2009]]}},{"type":"Feature","geometry":{"type":"Polygon","coordinates":[[[-148.8757,63.66223],[-148.94242,63.64642],[-148.9488,63.61471],[-148.88863,63.59884],[-148.82203,63.61463],[-148.81548,63.64632],[-148.8757,63.66223]]]},"properties":{"cell":"860c74c6fffffff","res":6,"coarsened":true,"count":1,"hv":1,"mp":0,"y0":2009,"y1":2009,"sp":[[0,1,1,0,2009,2009]]}},{"type":"Feature","geometry":{"type":"Polygon","coordinates":[[[-150.15764,63.48064],[-150.16042,63.47933],[-150.15937,63.47772],[-150.15554,63.47742],[-150.15276,63.47874],[-150.15381,63.48035],[-150.15764,63.48064]]]},"properties":{"cell":"890c7459213ffff","res":9,"coarsened":false,"count":1,"hv":1,"mp":0,"y0":1979,"y1":1979,"sp":[[60,1,1,0,1979,1979]]}},{"type":"Feature","geometry":{"type":"Polygon","coordinates":[[[-149.14607,63.71273],[-149.14892,63.71143],[-149.14793,63.70981],[-149.14409,63.70949],[-149.14124,63.71079],[-149.14223,63.71241],[-149.14607,63.71273]]]},"properties":{"cell":"890c74c2bcbffff","res":9,"coarsened":false,"count":16,"hv":16,"mp":0,"y0":1977,"y1":2026,"sp":[[2,8,8,0,2020,2026],[1,3,3,0,2023,2025],[11,3,3,0,2024,2026],[104,1,1,0,2021,2021],[56,1,1,0,1977,1977]]}},{"type":"Feature","geometry":{"type":"Polygon","coordinates":[[[-149.13455,63.71177],[-149.1374,63.71047],[-149.13642,63.70885],[-149.13258,63.70853],[-149.12973,63.70983],[-149.13071,63.71145],[-149.13455,63.71177]]]},"properties":{"cell":"890c74c2bc7ffff","res":9,"coarsened":false,"count":5,"hv":5,"mp":0,"y0":2015,"y1":2026,"sp":[[11,2,2,0,2026,2026],[43,1,1,0,2015,2015],[14,1,1,0,2015,2015],[7,1,1,0,2018,2018]]}},{"type":"Feature","geometry":{"type":"Polygon","coordinates":[[[-149.20068,63.71267],[-149.20353,63.71137],[-149.20254,63.70975],[-149.1987,63.70943],[-149.19585,63.71073],[-149.19684,63.71235],[-149.20068,63.71267]]]},"properties":{"cell":"890c74c01abffff","res":9,"coarsened":false,"count":11,"hv":11,"mp":0,"y0":2015,"y1":2025,"sp":[[2,4,4,0,2023,2025],[1,3,3,0,2021,2024],[16,1,1,0,2015,2015],[72,1,1,0,2024,2024],[57,1,1,0,2024,2024],[11,1,1,0,2024,2024]]}},{"type":"Feature","geometry":{"type":"Polygon","coordinates":[[[-150.72269,63.44753],[-150.72544,63.4462],[-150.72435,63.44459],[-150.72051,63.44431],[-150.71776,63.44564],[-150.71885,63.44725],[-150.72269,63.44753]]]},"properties":{"cell":"890c7683613ffff","res":9,"coarsened":false,"count":1,"hv":1,"mp":0,"y0":2018,"y1":2018,"sp":[[1,1,1,0,2018,2018]]}},{"type":"Feature","geometry":{"type":"Polygon","coordinates":[[[-150.42195,63.42862],[-150.42471,63.42729],[-150.42364,63.42569],[-150.41982,63.4254],[-150.41705,63.42673],[-150.41812,63.42833],[-150.42195,63.42862]]]},"properties":{"cell":"890c7695037ffff","res":9,"coarsened":false,"count":3,"hv":3,"mp":0,"y0":2018,"y1":2025,"sp":[[1,1,1,0,2018,2018],[5,1,1,0,2021,2021],[7,1,1,0,2025,2025]]}},{"type":"Feature","geometry":{"type":"Polygon","coordinates":[[[-149.68249,63.55085],[-149.6853,63.54954],[-149.68428,63.54792],[-149.68045,63.54762],[-149.67764,63.54893],[-149.67866,63.55054],[-149.68249,63.55085]]]},"properties":{"cell":"890c74506bbffff","res":9,"coarsened":false,"count":2,"hv":2,"mp":0,"y0":2020,"y1":2024,"sp":[[1,2,2,0,2020,2024]]}},{"type":"Feature","geometry":{"type":"Polygon","coordinates":[[[-150.24898,63.44779],[-150.25175,63.44647],[-150.2507,63.44486],[-150.24687,63.44457],[-150.2441,63.44589],[-150.24515,63.4475],[-150.24898,63.44779]]]},"properties":{"cell":"890c7694587ffff","res":9,"coarsened":false,"count":2,"hv":2,"mp":0,"y0":2020,"y1":2021,"sp":[[1,2,2,0,2020,2021]]}},{"type":"Feature","geometry":{"type":"Polygon","coordinates":[[[-149.4472,63.71602],[-149.45004,63.71472],[-149.44903,63.7131],[-149.44519,63.71279],[-149.44235,63.71409],[-149.44336,63.71571],[-149.4472,63.71602]]]},"properties":{"cell":"890c74ca1b3ffff","res":9,"coarsened":false,"count":1,"hv":1,"mp":0,"y0":2020,"y1":2020,"sp":[[1,1,1,0,2020,2020]]}},{"type":"Feature","geometry":{"type":"Polygon","coordinates":[[[-149.35356,63.72989],[-149.3564,63.72858],[-149.3554,63.72697],[-149.35156,63.72665],[-149.34871,63.72795],[-149.34971,63.72957],[-149.35356,63.72989]]]},"properties":{"cell":"890c74c10b3ffff","res":9,"coarsened":false,"count":10,"hv":10,"mp":0,"y0":2019,"y1":2026,"sp":[[1,3,3,0,2019,2024],[11,3,3,0,2024,2025],[2,2,2,0,2019,2026],[16,1,1,0,2023,2023],[10,1,1,0,2026,2026]]}},{"type":"Feature","geometry":{"type":"Polygon","coordinates":[[[-150.35135,63.42642],[-150.35412,63.4251],[-150.35306,63.42349],[-150.34923,63.42321],[-150.34646,63.42453],[-150.34752,63.42614],[-150.35135,63.42642]]]},"properties":{"cell":"890c7694207ffff","res":9,"coarsened":false,"count":1,"hv":1,"mp":0,"y0":2019,"y1":2019,"sp":[[4,1,1,0,2019,2019]]}},{"type":"Feature","geometry":{"type":"Polygon","coordinates":[[[-149.29218,63.73099],[-149.29502,63.72969],[-149.29403,63.72807],[-149.29018,63.72775],[-149.28733,63.72906],[-149.28833,63.73067],[-149.29218,63.73099]]]},"properties":{"cell":"890c74c066fffff","res":9,"coarsened":false,"count":4358,"hv":4358,"mp":0,"y0":2018,"y1":2018,"sp":[[6,584,584,0,null,null],[59,496,496,0,null,null],[32,464,464,0,null,null],[58,446,446,0,null,null],[33,320,320,0,null,null],[82,287,287,0,null,null],[76,203,203,0,null,null],[70,199,199,0,null,null],[67,126,126,0,null,null],[43,121,121,0,null,null],[162,107,107,0,null,null],[100,107,107,0,null,null],[11,104,104,0,null,null],[66,102,102,0,null,null],[75,93,93,0,null,null],[14,91,91,0,null,null],[157,65,65,0,null,null],[44,60,60,0,null,null],[77,59,59,0,null,null],[137,35,35,0,null,null],[98,27,27,0,null,null],[84,27,27,0,null,null],[19,26,26,0,null,null],[64,25,25,0,null,null],[49,25,25,0,null,null],[163,22,22,0,null,null],[88,16,16,0,null,null],[83,15,15,0,null,null],[29,15,15,0,null,null],[12,14,14,0,null,null],[41,11,11,0,null,null],[176,8,8,0,null,null],[56,8,8,0,null,null],[87,6,6,0,null,null],[178,6,6,0,null,null],[21,5,5,0,null,null],[30,5,5,0,null,null],[96,5,5,0,null,null],[160,4,4,0,null,null],[55,3,3,0,null,null],[164,3,3,0,null,null],[81,3,3,0,null,null],[181,2,2,0,null,null],[115,2,2,0,null,null],[188,2,2,0,null,null],[1,1,1,0,2018,2018],[28,1,1,0,null,null],[65,1,1,0,null,null],[122,1,1,0,null,null]]}},{"type":"Feature","geometry":{"type":"Polygon","coordinates":[[[-149.28848,63.73683],[-149.29133,63.73553],[-149.29033,63.73391],[-149.28648,63.7336],[-149.28363,63.7349],[-149.28463,63.73652],[-149.28848,63.73683]]]},"properties":{"cell":"890c74c0673ffff","res":9,"coarsened":false,"count":13,"hv":13,"mp":0,"y0":2018,"y1":2026,"sp":[[11,5,5,0,2022,2026],[1,4,4,0,2018,2026],[7,1,1,0,2018,2018],[43,1,1,0,2022,2022],[5,1,1,0,2022,2022],[2,1,1,0,2026,2026]]}},{"type":"Feature","geometry":{"type":"Polygon","coordinates":[[[-149.23525,63.71553],[-149.23809,63.71423],[-149.2371,63.71261],[-149.23326,63.7123],[-149.23041,63.7136],[-149.23141,63.71521],[-149.23525,63.71553]]]},"properties":{"cell":"890c74c015bffff","res":9,"coarsened":false,"count":8,"hv":8,"mp":0,"y0":2011,"y1":2025,"sp":[[1,4,4,0,2011,2024],[2,2,2,0,2021,2024],[11,1,1,0,2023,2023],[28,1,1,0,2025,2025]]}},{"type":"Feature","geometry":{"type":"Polygon","coordinates":[[[-149.25984,63.74369],[-149.26269,63.74239],[-149.2617,63.74077],[-149.25785,63.74045],[-149.255,63.74175],[-149.256,63.74337],[-149.25984,63.74369]]]},"properties":{"cell":"890c74c06b3ffff","res":9,"coarsened":false,"count":26,"hv":26,"mp":0,"y0":2019,"y1":2026,"sp":[[4,9,9,0,2023,2026],[7,4,4,0,2019,2023],[25,3,3,0,2024,2026],[6,2,2,0,2022,2024],[31,2,2,0,2023,2026],[3,2,2,0,2024,2026],[8,1,1,0,2021,2021],[72,1,1,0,2023,2023],[14,1,1,0,2024,2024],[5,1,1,0,2025,2025]]}},{"type":"Feature","geometry":{"type":"Polygon","coordinates":[[[-150.89071,63.5222],[-150.89346,63.52087],[-150.89236,63.51926],[-150.8885,63.51899],[-150.88575,63.52032],[-150.88685,63.52193],[-150.89071,63.5222]]]},"properties":{"cell":"890c769b567ffff","res":9,"coarsened":false,"count":2,"hv":2,"mp":0,"y0":2019,"y1":2025,"sp":[[16,1,1,0,2019,2019],[70,1,1,0,2025,2025]]}},{"type":"Feature","geometry":{"type":"Polygon","coordinates":[[[-149.2721,63.73395],[-149.27495,63.73264],[-149.27395,63.73102],[-149.27011,63.73071],[-149.26726,63.73201],[-149.26825,63.73363],[-149.2721,63.73395]]]},"properties":{"cell":"890c74c0623ffff","res":9,"coarsened":false,"count":2,"hv":2,"mp":0,"y0":2019,"y1":2026,"sp":[[2,1,1,0,2019,2019],[4,1,1,0,2026,2026]]}},{"type":"Feature","geometry":{"type":"Polygon","coordinates":[[[-149.29517,63.73585],[-149.29802,63.73455],[-149.29702,63.73293],[-149.29318,63.73261],[-149.29033,63.73391],[-149.29133,63.73553],[-149.29517,63.73585]]]},"properties":{"cell":"890c74c067bffff","res":9,"coarsened":false,"count":7,"hv":7,"mp":0,"y0":2018,"y1":2024,"sp":[[1,4,4,0,2019,2024],[2,1,1,0,2018,2018],[11,1,1,0,2024,2024],[6,1,1,0,2019,2019]]}},{"type":"Feature","geometry":{"type":"Polygon","coordinates":[[[-149.20737,63.71169],[-149.21022,63.71039],[-149.20923,63.70877],[-149.20539,63.70845],[-149.20254,63.70975],[-149.20353,63.71137],[-149.20737,63.71169]]]},"properties":{"cell":"890c74c0107ffff","res":9,"coarsened":false,"count":7,"hv":7,"mp":0,"y0":2019,"y1":2026,"sp":[[1,4,4,0,2023,2026],[4,1,1,0,2019,2019],[2,1,1,0,2025,2025],[11,1,1,0,2026,2026]]}},{"type":"Feature","geometry":{"type":"Polygon","coordinates":[[[-149.33533,63.72993],[-149.33817,63.72863],[-149.33717,63.72701],[-149.33333,63.72669],[-149.33048,63.728],[-149.33148,63.72961],[-149.33533,63.72993]]]},"properties":{"cell":"890c74c1573ffff","res":9,"coarsened":false,"count":1,"hv":1,"mp":0,"y0":2012,"y1":2012,"sp":[[1,1,1,0,2012,2012]]}},{"type":"Feature","geometry":{"type":"Polygon","coordinates":[[[-150.87419,63.46598],[-150.87694,63.46465],[-150.87584,63.46304],[-150.87199,63.46277],[-150.86925,63.4641],[-150.87034,63.46571],[-150.87419,63.46598]]]},"properties":{"cell":"890c7698393ffff","res":9,"coarsened":false,"count":1,"hv":1,"mp":0,"y0":2012,"y1":2012,"sp":[[40,1,1,0,2012,2012]]}},{"type":"Feature","geometry":{"type":"Polygon","coordinates":[[[-149.83635,63.53543],[-149.83915,63.53411],[-149.83812,63.5325],[-149.8343,63.5322],[-149.8315,63.53351],[-149.83252,63.53513],[-149.83635,63.53543]]]},"properties":{"cell":"890c74512d7ffff","res":9,"coarsened":false,"count":8,"hv":8,"mp":0,"y0":2012,"y1":2021,"sp":[[1,3,3,0,2015,2021],[7,2,2,0,2012,2019],[8,1,1,0,2015,2015],[25,1,1,0,2015,2015],[4,1,1,0,2015,2015]]}},{"type":"Feature","geometry":{"type":"Polygon","coordinates":[[[-149.80272,63.55117],[-149.80552,63.54985],[-149.8045,63.54824],[-149.80067,63.54794],[-149.79786,63.54925],[-149.79889,63.55086],[-149.80272,63.55117]]]},"properties":{"cell":"890c74516b3ffff","res":9,"coarsened":false,"count":4,"hv":4,"mp":0,"y0":2012,"y1":2022,"sp":[[3,1,1,0,2012,2012],[32,1,1,0,2022,2022],[4,1,1,0,2022,2022],[1,1,1,0,2015,2015]]}},{"type":"Feature","geometry":{"type":"Polygon","coordinates":[[[-149.36025,63.7289],[-149.3631,63.7276],[-149.36209,63.72598],[-149.35825,63.72566],[-149.3554,63.72697],[-149.3564,63.72858],[-149.36025,63.7289]]]},"properties":{"cell":"890c74c10bbffff","res":9,"coarsened":false,"count":19,"hv":19,"mp":0,"y0":2006,"y1":2026,"sp":[[11,9,9,0,2022,2025],[1,2,2,0,2006,2012],[2,2,2,0,2017,2022],[31,2,2,0,2026,2026],[82,1,1,0,2021,2021],[4,1,1,0,2023,2023],[59,1,1,0,2025,2025],[14,1,1,0,2025,2025]]}},{"type":"Feature","geometry":{"type":"Polygon","coordinates":[[[-151.20635,63.26471],[-151.20906,63.26337],[-151.20795,63.26177],[-151.20412,63.26151],[-151.20141,63.26285],[-151.20253,63.26445],[-151.20635,63.26471]]]},"properties":{"cell":"890c76c6a6fffff","res":9,"coarsened":false,"count":1,"hv":1,"mp":0,"y0":2011,"y1":2011,"sp":[[7,1,1,0,2011,2011]]}},{"type":"Feature","geometry":{"type":"Polygon","coordinates":[[[-149.28064,63.73004],[-149.28349,63.72874],[-149.28249,63.72712],[-149.27865,63.7268],[-149.2758,63.7281],[-149.2768,63.72972],[-149.28064,63.73004]]]},"properties":{"cell":"890c74c0293ffff","res":9,"coarsened":false,"count":11,"hv":11,"mp":0,"y0":2013,"y1":2026,"sp":[[1,4,4,0,2021,2026],[31,2,2,0,2014,2021],[11,2,2,0,2021,2024],[2,1,1,0,2021,2021],[16,1,1,0,2013,2013],[14,1,1,0,2024,2024]]}},{"type":"Feature","geometry":{"type":"Polygon","coordinates":[[[-150.89369,63.00402],[-150.89638,63.00269],[-150.8953,63.00109],[-150.89153,63.00083],[-150.88883,63.00216],[-150.88991,63.00375],[-150.89369,63.00402]]]},"properties":{"cell":"890c7607573ffff","res":9,"coarsened":false,"count":1,"hv":1,"mp":0,"y0":2013,"y1":2013,"sp":[[1,1,1,0,2013,2013]]}},{"type":"Feature","geometry":{"type":"Polygon","coordinates":[[[-149.68173,63.69956],[-149.68455,63.69825],[-149.68353,63.69663],[-149.67968,63.69632],[-149.67685,63.69763],[-149.67788,63.69925],[-149.68173,63.69956]]]},"properties":{"cell":"890c74c9417ffff","res":9,"coarsened":false,"count":1,"hv":1,"mp":0,"y0":2011,"y1":2011,"sp":[[11,1,1,0,2011,2011]]}},{"type":"Feature","geometry":{"type":"Polygon","coordinates":[[[-149.83846,63.60148],[-149.84126,63.60017],[-149.84023,63.59855],[-149.83639,63.59825],[-149.83358,63.59957],[-149.83462,63.60118],[-149.83846,63.60148]]]},"properties":{"cell":"890c2924c0bffff","res":9,"coarsened":false,"count":3,"hv":3,"mp":0,"y0":2011,"y1":2011,"sp":[[2,1,1,0,2011,2011],[4,1,1,0,2011,2011],[1,1,1,0,2011,2011]]}},{"type":"Feature","geometry":{"type":"Polygon","coordinates":[[[-149.838,63.61218],[-149.90419,63.59589],[-149.90932,63.56411],[-149.84842,63.54863],[-149.78233,63.56488],[-149.77704,63.59665],[-149.838,63.61218]]]},"properties":{"cell":"860c2924fffffff","res":6,"coarsened":true,"count":5,"hv":5,"mp":0,"y0":2007,"y1":2025,"sp":[[0,5,5,0,2007,2025]]}},{"type":"Feature","geometry":{"type":"Polygon","coordinates":[[[-149.36191,63.75516],[-149.36476,63.75386],[-149.36375,63.75224],[-149.3599,63.75192],[-149.35706,63.75322],[-149.35806,63.75484],[-149.36191,63.75516]]]},"properties":{"cell":"890c74c14d7ffff","res":9,"coarsened":false,"count":2,"hv":2,"mp":0,"y0":1990,"y1":2013,"sp":[[7,2,2,0,1990,2013]]}},{"type":"Feature","geometry":{"type":"Polygon","coordinates":[[[-151.07219,63.27072],[-151.0749,63.26938],[-151.0738,63.26778],[-151.06998,63.26751],[-151.06726,63.26885],[-151.06837,63.27045],[-151.07219,63.27072]]]},"properties":{"cell":"890c7689a77ffff","res":9,"coarsened":false,"count":1,"hv":1,"mp":0,"y0":2020,"y1":2020,"sp":[[7,1,1,0,2020,2020]]}},{"type":"Feature","geometry":{"type":"Polygon","coordinates":[[[-149.51403,63.56033],[-149.51685,63.55902],[-149.51584,63.55741],[-149.51202,63.5571],[-149.5092,63.5584],[-149.5102,63.56002],[-149.51403,63.56033]]]},"properties":{"cell":"890c7452c8fffff","res":9,"coarsened":false,"count":8,"hv":8,"mp":0,"y0":2010,"y1":2010,"sp":[[1,2,2,0,2010,2010],[12,1,1,0,2010,2010],[4,1,1,0,2010,2010],[7,1,1,0,2010,2010],[2,1,1,0,2010,2010],[37,1,1,0,2010,2010],[11,1,1,0,2010,2010]]}},{"type":"Feature","geometry":{"type":"Polygon","coordinates":[[[-149.52852,63.56609],[-149.59472,63.54996],[-149.60024,63.51823],[-149.53972,63.50264],[-149.47364,63.51874],[-149.46796,63.55046],[-149.52852,63.56609]]]},"properties":{"cell":"860c7452fffffff","res":6,"coarsened":true,"count":1,"hv":1,"mp":0,"y0":2010,"y1":2010,"sp":[[0,1,1,0,2010,2010]]}},{"type":"Feature","geometry":{"type":"Polygon","coordinates":[[[-150.38409,63.43192],[-150.38686,63.4306],[-150.38579,63.42899],[-150.38197,63.42871],[-150.3792,63.43003],[-150.38026,63.43164],[-150.38409,63.43192]]]},"properties":{"cell":"890c769552fffff","res":9,"coarsened":false,"count":3,"hv":3,"mp":0,"y0":1989,"y1":2025,"sp":[[2,1,1,0,2017,2017],[1,1,1,0,1989,1989],[76,1,1,0,2025,2025]]}},{"type":"Feature","geometry":{"type":"Polygon","coordinates":[[[-149.38032,63.72593],[-149.38317,63.72463],[-149.38216,63.72301],[-149.37831,63.7227],[-149.37547,63.724],[-149.37648,63.72562],[-149.38032,63.72593]]]},"properties":{"cell":"890c74c100bffff","res":9,"coarsened":false,"count":3,"hv":3,"mp":0,"y0":2017,"y1":2025,"sp":[[1,3,3,0,2017,2025]]}},{"type":"Feature","geometry":{"type":"Polygon","coordinates":[[[-151.08544,63.28993],[-151.08816,63.2886],[-151.08706,63.28699],[-151.08323,63.28673],[-151.08051,63.28807],[-151.08162,63.28967],[-151.08544,63.28993]]]},"properties":{"cell":"890c76c6da3ffff","res":9,"coarsened":false,"count":1,"hv":1,"mp":0,"y0":2019,"y1":2019,"sp":[[14,1,1,0,2019,2019]]}},{"type":"Feature","geometry":{"type":"Polygon","coordinates":[[[-149.24492,63.71941],[-149.24777,63.71811],[-149.24677,63.71649],[-149.24293,63.71617],[-149.24008,63.71747],[-149.24108,63.71909],[-149.24492,63.71941]]]},"properties":{"cell":"890c74c002bffff","res":9,"coarsened":false,"count":3,"hv":3,"mp":0,"y0":2006,"y1":2006,"sp":[[4,1,1,0,2006,2006],[8,1,1,0,2006,2006],[3,1,1,0,2006,2006]]}},{"type":"Feature","geometry":{"type":"Polygon","coordinates":[[[-151.49639,63.59275],[-151.56182,63.57565],[-151.56479,63.54373],[-151.5025,63.52891],[-151.43717,63.54598],[-151.43404,63.57789],[-151.49639,63.59275]]]},"properties":{"cell":"860c76d37ffffff","res":6,"coarsened":true,"count":1,"hv":1,"mp":0,"y0":2010,"y1":2010,"sp":[[0,1,1,0,2010,2010]]}},{"type":"Feature","geometry":{"type":"Polygon","coordinates":[[[-151.75609,63.51184],[-151.75881,63.51049],[-151.75764,63.50889],[-151.75377,63.50864],[-151.75105,63.50999],[-151.75222,63.5116],[-151.75609,63.51184]]]},"properties":{"cell":"890c76da2dbffff","res":9,"coarsened":false,"count":1,"hv":1,"mp":0,"y0":2010,"y1":2010,"sp":[[1,1,1,0,2010,2010]]}},{"type":"Feature","geometry":{"type":"Polygon","coordinates":[[[-151.57895,63.51714],[-151.58167,63.51579],[-151.58052,63.51418],[-151.57665,63.51393],[-151.57392,63.51528],[-151.57507,63.51688],[-151.57895,63.51714]]]},"properties":{"cell":"890c76d10cfffff","res":9,"coarsened":false,"count":1,"hv":1,"mp":0,"y0":2010,"y1":2010,"sp":[[7,1,1,0,2010,2010]]}},{"type":"Feature","geometry":{"type":"Polygon","coordinates":[[[-151.86435,63.44239],[-151.86705,63.44103],[-151.86589,63.43943],[-151.86202,63.43919],[-151.85932,63.44054],[-151.86049,63.44214],[-151.86435,63.44239]]]},"properties":{"cell":"890c76d9173ffff","res":9,"coarsened":false,"count":1,"hv":1,"mp":0,"y0":2020,"y1":2020,"sp":[[2,1,1,0,2020,2020]]}},{"type":"Feature","geometry":{"type":"Polygon","coordinates":[[[-150.33181,63.41885],[-150.33458,63.41753],[-150.33352,63.41592],[-150.3297,63.41563],[-150.32693,63.41695],[-150.32799,63.41856],[-150.33181,63.41885]]]},"properties":{"cell":"890c76943cfffff","res":9,"coarsened":false,"count":1,"hv":1,"mp":0,"y0":2017,"y1":2017,"sp":[[52,1,1,0,2017,2017]]}},{"type":"Feature","geometry":{"type":"Polygon","coordinates":[[[-149.28135,63.71934],[-149.2842,63.71804],[-149.2832,63.71642],[-149.27936,63.71611],[-149.27651,63.71741],[-149.27751,63.71903],[-149.28135,63.71934]]]},"properties":{"cell":"890c74c02abffff","res":9,"coarsened":false,"count":1,"hv":1,"mp":0,"y0":2012,"y1":2012,"sp":[[104,1,1,0,2012,2012]]}},{"type":"Feature","geometry":{"type":"Polygon","coordinates":[[[-150.84759,63.64161],[-150.85036,63.64028],[-150.84925,63.63867],[-150.84538,63.63839],[-150.84261,63.63973],[-150.84372,63.64134],[-150.84759,63.64161]]]},"properties":{"cell":"890c2967337ffff","res":9,"coarsened":false,"count":3,"hv":3,"mp":0,"y0":2010,"y1":2010,"sp":[[10,1,1,0,2010,2010],[4,1,1,0,2010,2010],[1,1,1,0,2010,2010]]}},{"type":"Feature","geometry":{"type":"Polygon","coordinates":[[[-150.13086,63.49544],[-150.13365,63.49412],[-150.1326,63.49251],[-150.12877,63.49222],[-150.12599,63.49353],[-150.12703,63.49514],[-150.13086,63.49544]]]},"properties":{"cell":"890c74596afffff","res":9,"coarsened":false,"count":1,"hv":1,"mp":0,"y0":2010,"y1":2010,"sp":[[11,1,1,0,2010,2010]]}},{"type":"Feature","geometry":{"type":"Polygon","coordinates":[[[-150.84585,63.6982],[-150.91186,63.68141],[-150.91569,63.6495],[-150.85369,63.63439],[-150.78779,63.65114],[-150.78379,63.68304],[-150.84585,63.6982]]]},"properties":{"cell":"860c29677ffffff","res":6,"coarsened":true,"count":1,"hv":1,"mp":0,"y0":2010,"y1":2010,"sp":[[63,1,1,0,2010,2010]]}},{"type":"Feature","geometry":{"type":"Polygon","coordinates":[[[-149.64282,63.586],[-149.64563,63.58469],[-149.64462,63.58308],[-149.64079,63.58277],[-149.63797,63.58408],[-149.63899,63.58569],[-149.64282,63.586]]]},"properties":{"cell":"890c74522d3ffff","res":9,"coarsened":false,"count":1,"hv":1,"mp":0,"y0":2010,"y1":2010,"sp":[[7,1,1,0,2010,2010]]}},{"type":"Feature","geometry":{"type":"Polygon","coordinates":[[[-150.6308,63.41949],[-150.63355,63.41816],[-150.63247,63.41656],[-150.62864,63.41628],[-150.62589,63.41761],[-150.62697,63.41921],[-150.6308,63.41949]]]},"properties":{"cell":"890c76831b7ffff","res":9,"coarsened":false,"count":1,"hv":1,"mp":0,"y0":2010,"y1":2010,"sp":[[1,1,1,0,2010,2010]]}},{"type":"Feature","geometry":{"type":"Polygon","coordinates":[[[-150.79017,63.45542],[-150.79292,63.45409],[-150.79183,63.45248],[-150.78798,63.45221],[-150.78523,63.45354],[-150.78632,63.45515],[-150.79017,63.45542]]]},"properties":{"cell":"890c7698c87ffff","res":9,"coarsened":false,"count":1,"hv":1,"mp":0,"y0":2010,"y1":2010,"sp":[[2,1,1,0,2010,2010]]}},{"type":"Feature","geometry":{"type":"Polygon","coordinates":[[[-150.98299,63.0772],[-151.04727,63.06039],[-151.05084,63.02871],[-150.99028,63.01385],[-150.9261,63.03062],[-150.92237,63.06229],[-150.98299,63.0772]]]},"properties":{"cell":"860c7602fffffff","res":6,"coarsened":true,"count":1,"hv":1,"mp":0,"y0":2014,"y1":2014,"sp":[[0,1,1,0,2014,2014]]}},{"type":"Feature","geometry":{"type":"Polygon","coordinates":[[[-149.65323,63.6083],[-149.65605,63.60699],[-149.65503,63.60537],[-149.6512,63.60507],[-149.64838,63.60638],[-149.6494,63.60799],[-149.65323,63.6083]]]},"properties":{"cell":"890c74c9b07ffff","res":9,"coarsened":false,"count":1,"hv":1,"mp":0,"y0":2014,"y1":2014,"sp":[[7,1,1,0,2014,2014]]}},{"type":"Feature","geometry":{"type":"Polygon","coordinates":[[[-149.28619,63.72128],[-149.28904,63.71998],[-149.28804,63.71836],[-149.2842,63.71804],[-149.28135,63.71934],[-149.28235,63.72096],[-149.28619,63.72128]]]},"properties":{"cell":"890c74c0217ffff","res":9,"coarsened":false,"count":2,"hv":2,"mp":0,"y0":2014,"y1":2024,"sp":[[5,1,1,0,2014,2014],[11,1,1,0,2024,2024]]}},{"type":"Feature","geometry":{"type":"Polygon","coordinates":[[[-149.34386,63.72602],[-149.34671,63.72472],[-149.34571,63.7231],[-149.34186,63.72278],[-149.33902,63.72409],[-149.34002,63.72571],[-149.34386,63.72602]]]},"properties":{"cell":"890c74c156bffff","res":9,"coarsened":false,"count":2,"hv":2,"mp":0,"y0":2014,"y1":2023,"sp":[[1,2,2,0,2014,2023]]}},{"type":"Feature","geometry":{"type":"Polygon","coordinates":[[[-149.48549,63.71298],[-149.48832,63.71168],[-149.48731,63.71006],[-149.48347,63.70975],[-149.48063,63.71105],[-149.48164,63.71267],[-149.48549,63.71298]]]},"properties":{"cell":"890c74ca143ffff","res":9,"coarsened":false,"count":1,"hv":1,"mp":0,"y0":2011,"y1":2011,"sp":[[2,1,1,0,2011,2011]]}},{"type":"Feature","geometry":{"type":"Polygon","coordinates":[[[-149.34978,63.65893],[-149.35262,63.65763],[-149.35162,63.65601],[-149.34778,63.6557],[-149.34495,63.657],[-149.34595,63.65862],[-149.34978,63.65893]]]},"properties":{"cell":"890c74c1b43ffff","res":9,"coarsened":false,"count":4,"hv":4,"mp":0,"y0":1994,"y1":1994,"sp":[[51,1,1,0,1994,1994],[5,1,1,0,1994,1994],[2,1,1,0,1994,1994],[7,1,1,0,1994,1994]]}},{"type":"Feature","geometry":{"type":"Polygon","coordinates":[[[-149.3118,63.70956],[-149.37848,63.69353],[-149.38431,63.66176],[-149.32363,63.64604],[-149.25706,63.66205],[-149.25106,63.6938],[-149.3118,63.70956]]]},"properties":{"cell":"860c74c1fffffff","res":6,"coarsened":true,"count":6,"hv":6,"mp":0,"y0":1994,"y1":2024,"sp":[[0,6,6,0,1994,2024]]}},{"type":"Feature","geometry":{"type":"Polygon","coordinates":[[[-150.2675,63.36512],[-150.27026,63.3638],[-150.26921,63.3622],[-150.26539,63.36191],[-150.26263,63.36323],[-150.26368,63.36484],[-150.2675,63.36512]]]},"properties":{"cell":"890c7694b0fffff","res":9,"coarsened":false,"count":1,"hv":1,"mp":0,"y0":2017,"y1":2017,"sp":[[72,1,1,0,2017,2017]]}},{"type":"Feature","geometry":{"type":"Polygon","coordinates":[[[-150.382,63.3737],[-150.38475,63.37237],[-150.38369,63.37077],[-150.37988,63.37048],[-150.37712,63.3718],[-150.37818,63.37341],[-150.382,63.3737]]]},"properties":{"cell":"890c7695b83ffff","res":9,"coarsened":false,"count":2,"hv":2,"mp":0,"y0":2017,"y1":2017,"sp":[[52,1,1,0,2017,2017],[6,1,1,0,2017,2017]]}},{"type":"Feature","geometry":{"type":"Polygon","coordinates":[[[-150.38857,63.37266],[-150.39133,63.37133],[-150.39027,63.36973],[-150.38645,63.36944],[-150.38369,63.37077],[-150.38475,63.37237],[-150.38857,63.37266]]]},"properties":{"cell":"890c7695b8bffff","res":9,"coarsened":false,"count":1,"hv":1,"mp":0,"y0":2017,"y1":2017,"sp":[[72,1,1,0,2017,2017]]}},{"type":"Feature","geometry":{"type":"Polygon","coordinates":[[[-150.36521,63.39231],[-150.36797,63.39098],[-150.36691,63.38938],[-150.36309,63.38909],[-150.36033,63.39041],[-150.36139,63.39202],[-150.36521,63.39231]]]},"properties":{"cell":"890c7695887ffff","res":9,"coarsened":false,"count":1,"hv":1,"mp":0,"y0":2017,"y1":2017,"sp":[[1,1,1,0,2017,2017]]}},{"type":"Feature","geometry":{"type":"Polygon","coordinates":[[[-149.54322,63.71765],[-149.54606,63.71634],[-149.54504,63.71472],[-149.54119,63.71441],[-149.53836,63.71572],[-149.53937,63.71734],[-149.54322,63.71765]]]},"properties":{"cell":"890c74ca207ffff","res":9,"coarsened":false,"count":2,"hv":2,"mp":0,"y0":1993,"y1":2025,"sp":[[1,1,1,0,1993,1993],[11,1,1,0,2025,2025]]}},{"type":"Feature","geometry":{"type":"Polygon","coordinates":[[[-149.44171,63.72479],[-149.44455,63.72349],[-149.44354,63.72187],[-149.43969,63.72156],[-149.43685,63.72286],[-149.43786,63.72448],[-149.44171,63.72479]]]},"properties":{"cell":"890c74ca527ffff","res":9,"coarsened":false,"count":6,"hv":6,"mp":0,"y0":1993,"y1":2026,"sp":[[11,3,3,0,2023,2026],[5,1,1,0,1993,1993],[2,1,1,0,2026,2026],[1,1,1,0,2026,2026]]}},{"type":"Feature","geometry":{"type":"Polygon","coordinates":[[[-150.12285,63.4887],[-150.12563,63.48739],[-150.12458,63.48578],[-150.12075,63.48548],[-150.11797,63.4868],[-150.11902,63.48841],[-150.12285,63.4887]]]},"properties":{"cell":"890c74590cfffff","res":9,"coarsened":false,"count":3,"hv":3,"mp":0,"y0":2012,"y1":2024,"sp":[[12,1,1,0,2017,2017],[1,1,1,0,2012,2012],[4,1,1,0,2024,2024]]}},{"type":"Feature","geometry":{"type":"Polygon","coordinates":[[[-150.32351,63.42281],[-150.32628,63.42149],[-150.32522,63.41988],[-150.3214,63.4196],[-150.31863,63.42092],[-150.31969,63.42253],[-150.32351,63.42281]]]},"properties":{"cell":"890c76943d7ffff","res":9,"coarsened":false,"count":2,"hv":2,"mp":0,"y0":2014,"y1":2017,"sp":[[41,1,1,0,2017,2017],[1,1,1,0,2014,2014]]}},{"type":"Feature","geometry":{"type":"Polygon","coordinates":[[[-150.35181,63.40506],[-150.35458,63.40374],[-150.35352,63.40213],[-150.3497,63.40184],[-150.34693,63.40317],[-150.34799,63.40477],[-150.35181,63.40506]]]},"properties":{"cell":"890c7695cafffff","res":9,"coarsened":false,"count":1,"hv":1,"mp":0,"y0":2017,"y1":2017,"sp":[[2,1,1,0,2017,2017]]}},{"type":"Feature","geometry":{"type":"Polygon","coordinates":[[[-150.24776,63.36822],[-150.25053,63.3669],[-150.24948,63.36529],[-150.24566,63.365],[-150.2429,63.36632],[-150.24395,63.36793],[-150.24776,63.36822]]]},"properties":{"cell":"890c7694ba3ffff","res":9,"coarsened":false,"count":1,"hv":1,"mp":0,"y0":2017,"y1":2017,"sp":[[33,1,1,0,2017,2017]]}},{"type":"Feature","geometry":{"type":"Polygon","coordinates":[[[-150.32205,63.41506],[-150.32481,63.41374],[-150.32376,63.41213],[-150.31993,63.41185],[-150.31717,63.41317],[-150.31822,63.41477],[-150.32205,63.41506]]]},"properties":{"cell":"890c7694303ffff","res":9,"coarsened":false,"count":1,"hv":1,"mp":0,"y0":2017,"y1":2017,"sp":[[52,1,1,0,2017,2017]]}},{"type":"Feature","geometry":{"type":"Polygon","coordinates":[[[-149.54791,63.60292],[-149.55073,63.60162],[-149.54972,63.6],[-149.54589,63.59969],[-149.54307,63.601],[-149.54408,63.60261],[-149.54791,63.60292]]]},"properties":{"cell":"890c74c8b6bffff","res":9,"coarsened":false,"count":1,"hv":1,"mp":0,"y0":2011,"y1":2011,"sp":[[2,1,1,0,2011,2011]]}},{"type":"Feature","geometry":{"type":"Polygon","coordinates":[[[-150.2998,63.45314],[-150.30257,63.45182],[-150.30151,63.45021],[-150.29769,63.44993],[-150.29491,63.45125],[-150.29597,63.45286],[-150.2998,63.45314]]]},"properties":{"cell":"890c769440fffff","res":9,"coarsened":false,"count":6,"hv":6,"mp":0,"y0":2011,"y1":2011,"sp":[[1,3,3,0,2011,2011],[4,2,2,0,2011,2011],[3,1,1,0,2011,2011]]}},{"type":"Feature","geometry":{"type":"Polygon","coordinates":[[[-150.86923,63.50692],[-150.9347,63.49013],[-150.93847,63.45829],[-150.87694,63.44325],[-150.81157,63.46001],[-150.80763,63.49183],[-150.86923,63.50692]]]},"properties":{"cell":"860c76987ffffff","res":6,"coarsened":true,"count":3,"hv":3,"mp":0,"y0":2011,"y1":2023,"sp":[[0,3,3,0,2011,2023]]}},{"type":"Feature","geometry":{"type":"Polygon","coordinates":[[[-150.60253,63.448],[-150.60529,63.44667],[-150.60421,63.44507],[-150.60037,63.44479],[-150.59762,63.44612],[-150.59869,63.44772],[-150.60253,63.448]]]},"properties":{"cell":"890c768261bffff","res":9,"coarsened":false,"count":2,"hv":2,"mp":0,"y0":2011,"y1":2011,"sp":[[2,1,1,0,2011,2011],[1,1,1,0,2011,2011]]}},{"type":"Feature","geometry":{"type":"Polygon","coordinates":[[[-149.2479,63.72426],[-149.25075,63.72296],[-149.24975,63.72134],[-149.24591,63.72103],[-149.24306,63.72233],[-149.24406,63.72394],[-149.2479,63.72426]]]},"properties":{"cell":"890c74c000fffff","res":9,"coarsened":false,"count":9,"hv":9,"mp":0,"y0":2011,"y1":2025,"sp":[[10,2,2,0,2011,2025],[4,2,2,0,2011,2011],[2,1,1,0,2011,2011],[1,1,1,0,2011,2011],[16,1,1,0,2011,2011],[88,1,1,0,2025,2025],[43,1,1,0,2025,2025]]}},{"type":"Feature","geometry":{"type":"Polygon","coordinates":[[[-151.10204,63.31396],[-151.10477,63.31262],[-151.10366,63.31102],[-151.09983,63.31076],[-151.09711,63.31209],[-151.09822,63.31369],[-151.10204,63.31396]]]},"properties":{"cell":"890c76893cfffff","res":9,"coarsened":false,"count":1,"hv":1,"mp":0,"y0":2018,"y1":2018,"sp":[[52,1,1,0,2018,2018]]}},{"type":"Feature","geometry":{"type":"Polygon","coordinates":[[[-149.12708,63.72344],[-149.12994,63.72214],[-149.12895,63.72052],[-149.12511,63.7202],[-149.12226,63.7215],[-149.12325,63.72311],[-149.12708,63.72344]]]},"properties":{"cell":"890c74c2873ffff","res":9,"coarsened":false,"count":1,"hv":1,"mp":0,"y0":2010,"y1":2010,"sp":[[2,1,1,0,2010,2010]]}},{"type":"Feature","geometry":{"type":"Polygon","coordinates":[[[-150.86595,63.45929],[-150.8687,63.45795],[-150.8676,63.45635],[-150.86376,63.45607],[-150.86101,63.45741],[-150.86211,63.45901],[-150.86595,63.45929]]]},"properties":{"cell":"890c76983b3ffff","res":9,"coarsened":false,"count":4,"hv":4,"mp":0,"y0":1985,"y1":2021,"sp":[[56,1,1,0,2012,2012],[4,1,1,0,2012,2012],[108,1,1,0,1985,1985],[15,1,1,0,2021,2021]]}},{"type":"Feature","geometry":{"type":"Polygon","coordinates":[[[-150.59438,63.44129],[-150.59714,63.43997],[-150.59606,63.43836],[-150.59223,63.43808],[-150.58947,63.43941],[-150.59055,63.44101],[-150.59438,63.44129]]]},"properties":{"cell":"890c768263bffff","res":9,"coarsened":false,"count":2,"hv":2,"mp":0,"y0":2017,"y1":2025,"sp":[[1,1,1,0,2017,2017],[56,1,1,0,2025,2025]]}},{"type":"Feature","geometry":{"type":"Polygon","coordinates":[[[-149.45709,63.91367],[-149.45995,63.91236],[-149.45893,63.91074],[-149.45505,63.91043],[-149.45219,63.91173],[-149.45321,63.91336],[-149.45709,63.91367]]]},"properties":{"cell":"890c29a5833ffff","res":9,"coarsened":false,"count":1,"hv":1,"mp":0,"y0":2019,"y1":2019,"sp":[[1,1,1,0,2019,2019]]}},{"type":"Feature","geometry":{"type":"Polygon","coordinates":[[[-149.45219,63.91173],[-149.45505,63.91043],[-149.45404,63.9088],[-149.45016,63.90849],[-149.4473,63.9098],[-149.44831,63.91142],[-149.45219,63.91173]]]},"properties":{"cell":"890c29a5837ffff","res":9,"coarsened":false,"count":2,"hv":2,"mp":0,"y0":2019,"y1":2019,"sp":[[7,1,1,0,2019,2019],[4,1,1,0,2019,2019]]}},{"type":"Feature","geometry":{"type":"Polygon","coordinates":[[[-149.46008,63.9478],[-149.52736,63.93167],[-149.53306,63.8998],[-149.47164,63.88406],[-149.40447,63.90016],[-149.3986,63.93202],[-149.46008,63.9478]]]},"properties":{"cell":"860c29a5fffffff","res":6,"coarsened":true,"count":1,"hv":1,"mp":0,"y0":2019,"y1":2019,"sp":[[0,1,1,0,2019,2019]]}},{"type":"Feature","geometry":{"type":"Polygon","coordinates":[[[-149.08772,63.7186],[-149.09057,63.7173],[-149.08959,63.71568],[-149.08575,63.71536],[-149.0829,63.71666],[-149.08388,63.71828],[-149.08772,63.7186]]]},"properties":{"cell":"890c74c29c7ffff","res":9,"coarsened":false,"count":3,"hv":3,"mp":0,"y0":2019,"y1":2025,"sp":[[14,1,1,0,2019,2019],[6,1,1,0,2019,2019],[2,1,1,0,2025,2025]]}},{"type":"Feature","geometry":{"type":"Polygon","coordinates":[[[-150.2986,63.4347],[-150.30137,63.43338],[-150.30031,63.43178],[-150.29648,63.43149],[-150.29372,63.43281],[-150.29477,63.43442],[-150.2986,63.4347]]]},"properties":{"cell":"890c76940abffff","res":9,"coarsened":false,"count":3,"hv":3,"mp":0,"y0":1979,"y1":2024,"sp":[[57,1,1,0,1979,1979],[5,1,1,0,2011,2011],[2,1,1,0,2024,2024]]}},{"type":"Feature","geometry":{"type":"Polygon","coordinates":[[[-148.96361,63.7604],[-148.96648,63.75911],[-148.9655,63.75749],[-148.96166,63.75716],[-148.9588,63.75846],[-148.95977,63.76008],[-148.96361,63.7604]]]},"properties":{"cell":"890c74d422bffff","res":9,"coarsened":false,"count":1,"hv":1,"mp":0,"y0":2018,"y1":2018,"sp":[[4,1,1,0,2018,2018]]}},{"type":"Feature","geometry":{"type":"Polygon","coordinates":[[[-148.88629,63.67389],[-148.88915,63.6726],[-148.88818,63.67098],[-148.88435,63.67065],[-148.8815,63.67194],[-148.88246,63.67356],[-148.88629,63.67389]]]},"properties":{"cell":"890c74c6197ffff","res":9,"coarsened":false,"count":1,"hv":1,"mp":0,"y0":2018,"y1":2018,"sp":[[16,1,1,0,2018,2018]]}},{"type":"Feature","geometry":{"type":"Polygon","coordinates":[[[-148.9808,63.75263],[-148.98366,63.75134],[-148.98268,63.74972],[-148.97884,63.74939],[-148.97598,63.75069],[-148.97696,63.75231],[-148.9808,63.75263]]]},"properties":{"cell":"890c74d5cc7ffff","res":9,"coarsened":false,"count":1,"hv":1,"mp":0,"y0":2018,"y1":2018,"sp":[[72,1,1,0,2018,2018]]}},{"type":"Feature","geometry":{"type":"Polygon","coordinates":[[[-149.85406,63.50619],[-149.85685,63.50487],[-149.85583,63.50326],[-149.852,63.50296],[-149.8492,63.50427],[-149.85023,63.50589],[-149.85406,63.50619]]]},"properties":{"cell":"890c745ac0bffff","res":9,"coarsened":false,"count":1,"hv":1,"mp":0,"y0":2012,"y1":2012,"sp":[[1,1,1,0,2012,2012]]}},{"type":"Feature","geometry":{"type":"Polygon","coordinates":[[[-149.5704,63.64461],[-149.57322,63.64331],[-149.57221,63.64169],[-149.56837,63.64138],[-149.56555,63.64269],[-149.56656,63.64431],[-149.5704,63.64461]]]},"properties":{"cell":"890c74c8e43ffff","res":9,"coarsened":false,"count":8,"hv":8,"mp":0,"y0":2012,"y1":2025,"sp":[[4,4,4,0,2019,2025],[1,2,2,0,2012,2022],[29,1,1,0,2022,2022],[11,1,1,0,2022,2022]]}},{"type":"Feature","geometry":{"type":"Polygon","coordinates":[[[-148.89046,63.72343],[-148.89332,63.72213],[-148.89235,63.72051],[-148.88852,63.72019],[-148.88566,63.72148],[-148.88662,63.7231],[-148.89046,63.72343]]]},"properties":{"cell":"890c74d4ab3ffff","res":9,"coarsened":false,"count":1,"hv":1,"mp":0,"y0":2021,"y1":2021,"sp":[[26,1,1,0,2021,2021]]}},{"type":"Feature","geometry":{"type":"Polygon","coordinates":[[[-149.57221,63.64169],[-149.57503,63.64038],[-149.57402,63.63877],[-149.57018,63.63846],[-149.56736,63.63977],[-149.56837,63.64138],[-149.57221,63.64169]]]},"properties":{"cell":"890c74c8e4fffff","res":9,"coarsened":false,"count":1,"hv":1,"mp":0,"y0":2021,"y1":2021,"sp":[[26,1,1,0,2021,2021]]}},{"type":"Feature","geometry":{"type":"Polygon","coordinates":[[[-149.56801,63.65823],[-149.57083,63.65692],[-149.56982,63.65531],[-149.56598,63.655],[-149.56315,63.65631],[-149.56417,63.65792],[-149.56801,63.65823]]]},"properties":{"cell":"890c74c83a3ffff","res":9,"coarsened":false,"count":12,"hv":12,"mp":0,"y0":2021,"y1":2025,"sp":[[27,6,6,0,2021,2025],[85,1,1,0,2022,2022],[21,1,1,0,2023,2023],[43,1,1,0,2023,2023],[55,1,1,0,2025,2025],[79,1,1,0,2025,2025],[101,1,1,0,2023,2023]]}},{"type":"Feature","geometry":{"type":"Polygon","coordinates":[[[-149.00399,63.60404],[-149.00683,63.60275],[-149.00586,63.60113],[-149.00204,63.60081],[-148.9992,63.6021],[-149.00017,63.60372],[-149.00399,63.60404]]]},"properties":{"cell":"890c74c4ecbffff","res":9,"coarsened":false,"count":1,"hv":1,"mp":0,"y0":2019,"y1":2019,"sp":[[4,1,1,0,2019,2019]]}},{"type":"Feature","geometry":{"type":"Polygon","coordinates":[[[-149.29033,63.73391],[-149.29318,63.73261],[-149.29218,63.73099],[-149.28833,63.73067],[-149.28548,63.73198],[-149.28648,63.7336],[-149.29033,63.73391]]]},"properties":{"cell":"890c74c0663ffff","res":9,"coarsened":false,"count":8,"hv":8,"mp":0,"y0":2021,"y1":2026,"sp":[[1,2,2,0,2022,2026],[14,2,2,0,2022,2024],[82,1,1,0,2021,2021],[6,1,1,0,2021,2021],[59,1,1,0,2021,2021],[4,1,1,0,2021,2021]]}},{"type":"Feature","geometry":{"type":"Polygon","coordinates":[[[-149.85274,63.49843],[-149.85554,63.49712],[-149.85451,63.4955],[-149.85069,63.4952],[-149.84789,63.49652],[-149.84892,63.49813],[-149.85274,63.49843]]]},"properties":{"cell":"890c745ac67ffff","res":9,"coarsened":false,"count":3,"hv":3,"mp":0,"y0":2016,"y1":2016,"sp":[[1,1,1,0,2016,2016],[14,1,1,0,2016,2016],[2,1,1,0,2016,2016]]}},{"type":"Feature","geometry":{"type":"Polygon","coordinates":[[[-149.85361,63.51687],[-149.91953,63.50058],[-149.92462,63.46884],[-149.86395,63.45339],[-149.79812,63.46965],[-149.79287,63.50138],[-149.85361,63.51687]]]},"properties":{"cell":"860c745afffffff","res":6,"coarsened":true,"count":1,"hv":1,"mp":0,"y0":2016,"y1":2016,"sp":[[0,1,1,0,2016,2016]]}},{"type":"Feature","geometry":{"type":"Polygon","coordinates":[[[-149.56192,63.64854],[-149.56475,63.64723],[-149.56373,63.64561],[-149.55989,63.6453],[-149.55707,63.64661],[-149.55808,63.64823],[-149.56192,63.64854]]]},"properties":{"cell":"890c74c8ecfffff","res":9,"coarsened":false,"count":5,"hv":5,"mp":0,"y0":2021,"y1":2026,"sp":[[26,2,2,0,2023,2023],[37,1,1,0,2021,2021],[10,1,1,0,2025,2025],[4,1,1,0,2026,2026]]}},{"type":"Feature","geometry":{"type":"Polygon","coordinates":[[[-150.15937,63.47772],[-150.16215,63.4764],[-150.1611,63.47479],[-150.15727,63.4745],[-150.15449,63.47581],[-150.15554,63.47742],[-150.15937,63.47772]]]},"properties":{"cell":"890c7459203ffff","res":9,"coarsened":false,"count":1,"hv":1,"mp":0,"y0":2021,"y1":2021,"sp":[[1,1,1,0,2021,2021]]}},{"type":"Feature","geometry":{"type":"Polygon","coordinates":[[[-150.02947,63.5244],[-150.03227,63.52309],[-150.03122,63.52148],[-150.02739,63.52118],[-150.0246,63.5225],[-150.02564,63.52411],[-150.02947,63.5244]]]},"properties":{"cell":"890c745b027ffff","res":9,"coarsened":false,"count":1,"hv":1,"mp":0,"y0":2021,"y1":2021,"sp":[[7,1,1,0,2021,2021]]}},{"type":"Feature","geometry":{"type":"Polygon","coordinates":[[[-150.06157,63.50085],[-150.06435,63.49953],[-150.06331,63.49792],[-150.05948,63.49762],[-150.05669,63.49894],[-150.05774,63.50055],[-150.06157,63.50085]]]},"properties":{"cell":"890c745959bffff","res":9,"coarsened":false,"count":1,"hv":1,"mp":0,"y0":2021,"y1":2021,"sp":[[37,1,1,0,2021,2021]]}},{"type":"Feature","geometry":{"type":"Polygon","coordinates":[[[-149.57714,63.67278],[-149.57997,63.67147],[-149.57896,63.66985],[-149.57511,63.66955],[-149.57228,63.67085],[-149.5733,63.67247],[-149.57714,63.67278]]]},"properties":{"cell":"890c74c8077ffff","res":9,"coarsened":false,"count":9,"hv":9,"mp":0,"y0":1983,"y1":2026,"sp":[[75,3,3,0,2021,2023],[41,2,2,0,2018,2021],[10,1,1,0,2007,2007],[43,1,1,0,2024,2024],[2,1,1,0,1983,1983],[4,1,1,0,2026,2026]]}},{"type":"Feature","geometry":{"type":"Polygon","coordinates":[[[-149.4101,63.72683],[-149.41294,63.72552],[-149.41193,63.7239],[-149.40808,63.72359],[-149.40524,63.7249],[-149.40625,63.72651],[-149.4101,63.72683]]]},"properties":{"cell":"890c74c1283ffff","res":9,"coarsened":false,"count":9,"hv":9,"mp":0,"y0":2018,"y1":2026,"sp":[[1,5,5,0,2022,2026],[11,3,3,0,2018,2026],[16,1,1,0,2021,2021]]}},{"type":"Feature","geometry":{"type":"Polygon","coordinates":[[[-149.58077,63.66693],[-149.58359,63.66562],[-149.58258,63.66401],[-149.57874,63.6637],[-149.57591,63.66501],[-149.57692,63.66662],[-149.58077,63.66693]]]},"properties":{"cell":"890c74c839bffff","res":9,"coarsened":false,"count":2,"hv":2,"mp":0,"y0":2021,"y1":2026,"sp":[[2,1,1,0,2021,2021],[36,1,1,0,2026,2026]]}},{"type":"Feature","geometry":{"type":"Polygon","coordinates":[[[-150.58328,63.27252],[-150.64824,63.25589],[-150.65235,63.22417],[-150.59165,63.20909],[-150.52678,63.22569],[-150.52252,63.2574],[-150.58328,63.27252]]]},"properties":{"cell":"860c768efffffff","res":6,"coarsened":true,"count":2,"hv":2,"mp":0,"y0":2006,"y1":2011,"sp":[[0,2,2,0,2006,2011]]}},{"type":"Feature","geometry":{"type":"Polygon","coordinates":[[[-149.34619,63.74158],[-149.34903,63.74027],[-149.34803,63.73865],[-149.34418,63.73834],[-149.34134,63.73964],[-149.34234,63.74126],[-149.34619,63.74158]]]},"properties":{"cell":"890c74c1437ffff","res":9,"coarsened":false,"count":1,"hv":1,"mp":0,"y0":2021,"y1":2021,"sp":[[7,1,1,0,2021,2021]]}},{"type":"Feature","geometry":{"type":"Polygon","coordinates":[[[-149.56081,63.6991],[-149.56365,63.69779],[-149.56263,63.69617],[-149.55878,63.69586],[-149.55595,63.69717],[-149.55697,63.69879],[-149.56081,63.6991]]]},"properties":{"cell":"890c74c8403ffff","res":9,"coarsened":false,"count":14,"hv":14,"mp":0,"y0":2021,"y1":2026,"sp":[[1,3,3,0,2022,2026],[102,2,2,0,2022,2022],[41,1,1,0,2021,2021],[93,1,1,0,2021,2021],[83,1,1,0,2022,2022],[21,1,1,0,2022,2022],[29,1,1,0,2022,2022],[44,1,1,0,2022,2022],[2,1,1,0,2022,2022],[81,1,1,0,2022,2022],[4,1,1,0,2022,2022]]}},{"type":"Feature","geometry":{"type":"Polygon","coordinates":[[[-151.07619,63.361],[-151.14118,63.34412],[-151.14466,63.31232],[-151.08332,63.29741],[-151.01843,63.31425],[-151.01478,63.34604],[-151.07619,63.361]]]},"properties":{"cell":"860c76897ffffff","res":6,"coarsened":true,"count":3,"hv":3,"mp":0,"y0":2002,"y1":2016,"sp":[[0,3,3,0,2002,2016]]}},{"type":"Feature","geometry":{"type":"Polygon","coordinates":[[[-149.58725,63.60762],[-149.59007,63.60631],[-149.58906,63.6047],[-149.58523,63.60439],[-149.58241,63.6057],[-149.58342,63.60731],[-149.58725,63.60762]]]},"properties":{"cell":"890c74524cfffff","res":9,"coarsened":false,"count":6,"hv":6,"mp":0,"y0":2021,"y1":2026,"sp":[[7,4,4,0,2021,2026],[10,1,1,0,2021,2021],[2,1,1,0,2022,2022]]}},{"type":"Feature","geometry":{"type":"Polygon","coordinates":[[[-150.92051,63.5549],[-150.92326,63.55357],[-150.92216,63.55196],[-150.9183,63.55169],[-150.91554,63.55302],[-150.91665,63.55463],[-150.92051,63.5549]]]},"properties":{"cell":"890c2965a6fffff","res":9,"coarsened":false,"count":3,"hv":3,"mp":0,"y0":2021,"y1":2026,"sp":[[16,1,1,0,2021,2021],[57,1,1,0,2021,2021],[8,1,1,0,2026,2026]]}},{"type":"Feature","geometry":{"type":"Polygon","coordinates":[[[-150.93209,63.55572],[-150.93485,63.55438],[-150.93374,63.55278],[-150.92988,63.5525],[-150.92713,63.55384],[-150.92823,63.55545],[-150.93209,63.55572]]]},"properties":{"cell":"890c296e9a7ffff","res":9,"coarsened":false,"count":3,"hv":3,"mp":0,"y0":2013,"y1":2021,"sp":[[8,2,2,0,2013,2021],[3,1,1,0,2021,2021]]}},{"type":"Feature","geometry":{"type":"Polygon","coordinates":[[[-149.63188,63.5744],[-149.63469,63.57309],[-149.63367,63.57147],[-149.62984,63.57117],[-149.62703,63.57248],[-149.62805,63.57409],[-149.63188,63.5744]]]},"properties":{"cell":"890c7452207ffff","res":9,"coarsened":false,"count":10,"hv":10,"mp":0,"y0":2021,"y1":2025,"sp":[[7,5,5,0,2021,2025],[2,1,1,0,2021,2021],[122,1,1,0,2022,2022],[12,1,1,0,2023,2023],[4,1,1,0,2023,2023],[11,1,1,0,2024,2024]]}},{"type":"Feature","geometry":{"type":"Polygon","coordinates":[[[-151.07899,63.30169],[-151.08171,63.30035],[-151.0806,63.29875],[-151.07678,63.29848],[-151.07406,63.29982],[-151.07516,63.30142],[-151.07899,63.30169]]]},"properties":{"cell":"890c7689327ffff","res":9,"coarsened":false,"count":1,"hv":1,"mp":0,"y0":2021,"y1":2021,"sp":[[19,1,1,0,2021,2021]]}},{"type":"Feature","geometry":{"type":"Polygon","coordinates":[[[-149.2758,63.7281],[-149.27865,63.7268],[-149.27765,63.72518],[-149.27381,63.72487],[-149.27096,63.72617],[-149.27196,63.72779],[-149.2758,63.7281]]]},"properties":{"cell":"890c74c0297ffff","res":9,"coarsened":false,"count":7,"hv":7,"mp":0,"y0":2021,"y1":2026,"sp":[[1,5,5,0,2021,2025],[10,1,1,0,2021,2021],[2,1,1,0,2026,2026]]}},{"type":"Feature","geometry":{"type":"Polygon","coordinates":[[[-149.38767,63.71424],[-149.39052,63.71294],[-149.38951,63.71132],[-149.38567,63.71101],[-149.38283,63.71231],[-149.38383,63.71393],[-149.38767,63.71424]]]},"properties":{"cell":"890c74c13d7ffff","res":9,"coarsened":false,"count":1,"hv":1,"mp":0,"y0":2021,"y1":2021,"sp":[[11,1,1,0,2021,2021]]}},{"type":"Feature","geometry":{"type":"Polygon","coordinates":[[[-149.97551,63.51411],[-149.9783,63.5128],[-149.97726,63.51119],[-149.97343,63.51089],[-149.97064,63.5122],[-149.97168,63.51381],[-149.97551,63.51411]]]},"properties":{"cell":"890c74584d7ffff","res":9,"coarsened":false,"count":1,"hv":1,"mp":0,"y0":2021,"y1":2021,"sp":[[1,1,1,0,2021,2021]]}},{"type":"Feature","geometry":{"type":"Polygon","coordinates":[[[-151.05449,63.31371],[-151.05722,63.31238],[-151.05611,63.31078],[-151.05228,63.31051],[-151.04956,63.31185],[-151.05067,63.31345],[-151.05449,63.31371]]]},"properties":{"cell":"890c7689173ffff","res":9,"coarsened":false,"count":1,"hv":1,"mp":0,"y0":2021,"y1":2021,"sp":[[14,1,1,0,2021,2021]]}},{"type":"Feature","geometry":{"type":"Polygon","coordinates":[[[-150.86266,63.45447],[-150.86541,63.45313],[-150.86431,63.45153],[-150.86046,63.45125],[-150.85772,63.45259],[-150.85881,63.45419],[-150.86266,63.45447]]]},"properties":{"cell":"890c76983a7ffff","res":9,"coarsened":false,"count":5,"hv":5,"mp":0,"y0":1975,"y1":2021,"sp":[[6,2,2,0,2021,2021],[4,1,1,0,1975,1975],[114,1,1,0,1985,1985],[16,1,1,0,2021,2021]]}},{"type":"Feature","geometry":{"type":"Polygon","coordinates":[[[-150.00336,63.5178],[-150.00615,63.51648],[-150.00511,63.51487],[-150.00128,63.51457],[-149.99849,63.51589],[-149.99953,63.5175],[-150.00336,63.5178]]]},"properties":{"cell":"890c745b107ffff","res":9,"coarsened":false,"count":2,"hv":2,"mp":0,"y0":2021,"y1":2021,"sp":[[1,2,2,0,2021,2021]]}},{"type":"Feature","geometry":{"type":"Polygon","coordinates":[[[-149.25161,63.71842],[-149.25445,63.71712],[-149.25346,63.7155],[-149.24962,63.71519],[-149.24677,63.71649],[-149.24777,63.71811],[-149.25161,63.71842]]]},"properties":{"cell":"890c74c0067ffff","res":9,"coarsened":false,"count":23,"hv":23,"mp":0,"y0":2019,"y1":2026,"sp":[[2,4,4,0,2019,2026],[26,4,4,0,2024,2026],[1,3,3,0,2021,2025],[10,3,3,0,2022,2026],[16,3,3,0,2019,2023],[6,2,2,0,2022,2026],[100,1,1,0,2022,2022],[82,1,1,0,2023,2023],[131,1,1,0,2024,2024],[83,1,1,0,2022,2022]]}},{"type":"Feature","geometry":{"type":"Polygon","coordinates":[[[-150.86759,63.48845],[-150.87034,63.48711],[-150.86924,63.48551],[-150.86539,63.48523],[-150.86264,63.48657],[-150.86374,63.48818],[-150.86759,63.48845]]]},"properties":{"cell":"890c7698467ffff","res":9,"coarsened":false,"count":6,"hv":6,"mp":0,"y0":2013,"y1":2025,"sp":[[1,2,2,0,2021,2021],[2,2,2,0,2013,2023],[117,1,1,0,2022,2022],[6,1,1,0,2025,2025]]}},{"type":"Feature","geometry":{"type":"Polygon","coordinates":[[[-150.85935,63.47105],[-150.8621,63.46971],[-150.861,63.46811],[-150.85716,63.46783],[-150.85441,63.46917],[-150.8555,63.47077],[-150.85935,63.47105]]]},"properties":{"cell":"890c7698037ffff","res":9,"coarsened":false,"count":1,"hv":1,"mp":0,"y0":2021,"y1":2021,"sp":[[1,1,1,0,2021,2021]]}},{"type":"Feature","geometry":{"type":"Polygon","coordinates":[[[-150.00785,63.53039],[-150.01064,63.52908],[-150.0096,63.52746],[-150.00577,63.52717],[-150.00297,63.52848],[-150.00401,63.5301],[-150.00785,63.53039]]]},"properties":{"cell":"890c745b56fffff","res":9,"coarsened":false,"count":1,"hv":1,"mp":0,"y0":2021,"y1":2021,"sp":[[1,1,1,0,2021,2021]]}},{"type":"Feature","geometry":{"type":"Polygon","coordinates":[[[-150.98995,63.53836],[-150.9927,63.53702],[-150.99159,63.53542],[-150.98773,63.53515],[-150.98498,63.53648],[-150.98609,63.53809],[-150.98995,63.53836]]]},"properties":{"cell":"890c769b65bffff","res":9,"coarsened":false,"count":2,"hv":2,"mp":0,"y0":2021,"y1":2023,"sp":[[2,1,1,0,2021,2021],[7,1,1,0,2023,2023]]}},{"type":"Feature","geometry":{"type":"Polygon","coordinates":[[[-149.80094,63.55409],[-149.80375,63.55278],[-149.80272,63.55117],[-149.79889,63.55086],[-149.79609,63.55218],[-149.79711,63.55379],[-149.80094,63.55409]]]},"properties":{"cell":"890c745144bffff","res":9,"coarsened":false,"count":1,"hv":1,"mp":0,"y0":2021,"y1":2021,"sp":[[12,1,1,0,2021,2021]]}},{"type":"Feature","geometry":{"type":"Polygon","coordinates":[[[-150.30837,63.4385],[-150.31113,63.43717],[-150.31008,63.43557],[-150.30625,63.43528],[-150.30348,63.4366],[-150.30454,63.43821],[-150.30837,63.4385]]]},"properties":{"cell":"890c7694013ffff","res":9,"coarsened":false,"count":1,"hv":1,"mp":0,"y0":2021,"y1":2021,"sp":[[1,1,1,0,2021,2021]]}},{"type":"Feature","geometry":{"type":"Polygon","coordinates":[[[-150.30811,63.44918],[-150.31088,63.44786],[-150.30983,63.44625],[-150.306,63.44596],[-150.30323,63.44728],[-150.30429,63.44889],[-150.30811,63.44918]]]},"properties":{"cell":"890c7694463ffff","res":9,"coarsened":false,"count":1,"hv":1,"mp":0,"y0":2021,"y1":2021,"sp":[[25,1,1,0,2021,2021]]}},{"type":"Feature","geometry":{"type":"Polygon","coordinates":[[[-149.46475,63.75585],[-149.46759,63.75455],[-149.46658,63.75293],[-149.46272,63.75262],[-149.45988,63.75392],[-149.46089,63.75554],[-149.46475,63.75585]]]},"properties":{"cell":"890c74d8b5bffff","res":9,"coarsened":false,"count":1,"hv":1,"mp":0,"y0":2021,"y1":2021,"sp":[[7,1,1,0,2021,2021]]}},{"type":"Feature","geometry":{"type":"Polygon","coordinates":[[[-149.57091,63.60477],[-149.57373,63.60347],[-149.57271,63.60185],[-149.56888,63.60154],[-149.56606,63.60285],[-149.56707,63.60446],[-149.57091,63.60477]]]},"properties":{"cell":"890c7452417ffff","res":9,"coarsened":false,"count":1,"hv":1,"mp":0,"y0":1979,"y1":1979,"sp":[[26,1,1,0,1979,1979]]}},{"type":"Feature","geometry":{"type":"Polygon","coordinates":[[[-150.34035,63.4042],[-150.34311,63.40288],[-150.34205,63.40127],[-150.33823,63.40099],[-150.33547,63.40231],[-150.33652,63.40392],[-150.34035,63.4042]]]},"properties":{"cell":"890c7695dd3ffff","res":9,"coarsened":false,"count":1,"hv":1,"mp":0,"y0":1979,"y1":1979,"sp":[[106,1,1,0,1979,1979]]}},{"type":"Feature","geometry":{"type":"Polygon","coordinates":[[[-149.04037,63.6885],[-149.04323,63.6872],[-149.04225,63.68558],[-149.03842,63.68526],[-149.03556,63.68656],[-149.03654,63.68818],[-149.04037,63.6885]]]},"properties":{"cell":"890c74c755bffff","res":9,"coarsened":false,"count":1,"hv":1,"mp":0,"y0":2021,"y1":2021,"sp":[[4,1,1,0,2021,2021]]}},{"type":"Feature","geometry":{"type":"Polygon","coordinates":[[[-151.02285,63.2307],[-151.02557,63.22937],[-151.02447,63.22777],[-151.02066,63.2275],[-151.01794,63.22884],[-151.01904,63.23044],[-151.02285,63.2307]]]},"properties":{"cell":"890c7612257ffff","res":9,"coarsened":false,"count":1,"hv":1,"mp":0,"y0":2013,"y1":2013,"sp":[[7,1,1,0,2013,2013]]}},{"type":"Feature","geometry":{"type":"Polygon","coordinates":[[[-149.24219,63.63779],[-149.24503,63.63649],[-149.24404,63.63487],[-149.24021,63.63456],[-149.23737,63.63586],[-149.23836,63.63747],[-149.24219,63.63779]]]},"properties":{"cell":"890c74ce54bffff","res":9,"coarsened":false,"count":1,"hv":1,"mp":0,"y0":2021,"y1":2021,"sp":[[2,1,1,0,2021,2021]]}},{"type":"Feature","geometry":{"type":"Polygon","coordinates":[[[-149.35884,63.56763],[-149.36167,63.56632],[-149.36067,63.56471],[-149.35685,63.5644],[-149.35403,63.5657],[-149.35502,63.56731],[-149.35884,63.56763]]]},"properties":{"cell":"890c74cc3cfffff","res":9,"coarsened":false,"count":1,"hv":1,"mp":0,"y0":2021,"y1":2021,"sp":[[9,1,1,0,2021,2021]]}},{"type":"Feature","geometry":{"type":"Polygon","coordinates":[[[-151.06792,63.35432],[-151.07065,63.35298],[-151.06954,63.35138],[-151.06571,63.35111],[-151.06298,63.35245],[-151.06409,63.35405],[-151.06792,63.35432]]]},"properties":{"cell":"890c7689413ffff","res":9,"coarsened":false,"count":1,"hv":1,"mp":0,"y0":2021,"y1":2021,"sp":[[1,1,1,0,2021,2021]]}},{"type":"Feature","geometry":{"type":"Polygon","coordinates":[[[-149.27324,63.74172],[-149.27609,63.74042],[-149.27509,63.7388],[-149.27124,63.73848],[-149.26839,63.73979],[-149.26939,63.74141],[-149.27324,63.74172]]]},"properties":{"cell":"890c74c0617ffff","res":9,"coarsened":false,"count":14,"hv":14,"mp":0,"y0":2019,"y1":2026,"sp":[[4,10,10,0,2021,2026],[7,2,2,0,2019,2025],[71,1,1,0,2024,2024],[8,1,1,0,2026,2026]]}},{"type":"Feature","geometry":{"type":"Polygon","coordinates":[[[-148.83001,63.6952],[-148.83287,63.6939],[-148.83191,63.69228],[-148.82808,63.69196],[-148.82522,63.69325],[-148.82619,63.69487],[-148.83001,63.6952]]]},"properties":{"cell":"890c74896bbffff","res":9,"coarsened":false,"count":1,"hv":1,"mp":0,"y0":2021,"y1":2021,"sp":[[36,1,1,0,2021,2021]]}},{"type":"Feature","geometry":{"type":"Polygon","coordinates":[[[-148.91156,63.7283],[-148.91442,63.72701],[-148.91345,63.72539],[-148.90962,63.72506],[-148.90676,63.72635],[-148.90773,63.72797],[-148.91156,63.7283]]]},"properties":{"cell":"890c74d4ad7ffff","res":9,"coarsened":false,"count":2,"hv":2,"mp":0,"y0":2021,"y1":2021,"sp":[[70,1,1,0,2021,2021],[2,1,1,0,2021,2021]]}},{"type":"Feature","geometry":{"type":"Polygon","coordinates":[[[-149.63008,63.57732],[-149.63289,63.57601],[-149.63188,63.5744],[-149.62805,63.57409],[-149.62523,63.5754],[-149.62625,63.57701],[-149.63008,63.57732]]]},"properties":{"cell":"890c7452217ffff","res":9,"coarsened":false,"count":6,"hv":6,"mp":0,"y0":2021,"y1":2026,"sp":[[4,2,2,0,2022,2026],[11,2,2,0,2025,2026],[12,1,1,0,2021,2021],[14,1,1,0,2021,2021]]}},{"type":"Feature","geometry":{"type":"Polygon","coordinates":[[[-149.92738,63.52416],[-149.93018,63.52284],[-149.92914,63.52123],[-149.92531,63.52093],[-149.92252,63.52225],[-149.92355,63.52386],[-149.92738,63.52416]]]},"properties":{"cell":"890c745a06fffff","res":9,"coarsened":false,"count":1,"hv":1,"mp":0,"y0":2021,"y1":2021,"sp":[[1,1,1,0,2021,2021]]}},{"type":"Feature","geometry":{"type":"Polygon","coordinates":[[[-150.1493,63.4846],[-150.15208,63.48328],[-150.15103,63.48167],[-150.1472,63.48138],[-150.14442,63.4827],[-150.14547,63.48431],[-150.1493,63.4846]]]},"properties":{"cell":"890c7459283ffff","res":9,"coarsened":false,"count":1,"hv":1,"mp":0,"y0":2021,"y1":2021,"sp":[[1,1,1,0,2021,2021]]}},{"type":"Feature","geometry":{"type":"Polygon","coordinates":[[[-150.55819,63.44171],[-150.56095,63.44038],[-150.55987,63.43877],[-150.55604,63.43849],[-150.55328,63.43982],[-150.55435,63.44143],[-150.55819,63.44171]]]},"properties":{"cell":"890c768209bffff","res":9,"coarsened":false,"count":1,"hv":1,"mp":0,"y0":2021,"y1":2021,"sp":[[5,1,1,0,2021,2021]]}},{"type":"Feature","geometry":{"type":"Polygon","coordinates":[[[-149.98038,63.51602],[-149.98317,63.5147],[-149.98213,63.51309],[-149.9783,63.5128],[-149.97551,63.51411],[-149.97655,63.51572],[-149.98038,63.51602]]]},"properties":{"cell":"890c74584d3ffff","res":9,"coarsened":false,"count":1,"hv":1,"mp":0,"y0":2021,"y1":2021,"sp":[[7,1,1,0,2021,2021]]}},{"type":"Feature","geometry":{"type":"Polygon","coordinates":[[[-150.48919,63.43665],[-150.49195,63.43532],[-150.49088,63.43371],[-150.48705,63.43343],[-150.48429,63.43476],[-150.48536,63.43636],[-150.48919,63.43665]]]},"properties":{"cell":"890c76952d3ffff","res":9,"coarsened":false,"count":2,"hv":2,"mp":0,"y0":2020,"y1":2021,"sp":[[2,1,1,0,2020,2020],[5,1,1,0,2021,2021]]}},{"type":"Feature","geometry":{"type":"Polygon","coordinates":[[[-151.08239,63.31718],[-151.08512,63.31584],[-151.08401,63.31424],[-151.08018,63.31397],[-151.07746,63.31531],[-151.07857,63.31691],[-151.08239,63.31718]]]},"properties":{"cell":"890c7689383ffff","res":9,"coarsened":false,"count":1,"hv":1,"mp":0,"y0":2020,"y1":2020,"sp":[[4,1,1,0,2020,2020]]}},{"type":"Feature","geometry":{"type":"Polygon","coordinates":[[[-150.6814,62.85827],[-150.68409,62.85695],[-150.68303,62.85535],[-150.67929,62.85508],[-150.6766,62.85641],[-150.67766,62.858],[-150.6814,62.85827]]]},"properties":{"cell":"890c7630213ffff","res":9,"coarsened":false,"count":1,"hv":1,"mp":0,"y0":2021,"y1":2021,"sp":[[9,1,1,0,2021,2021]]}},{"type":"Feature","geometry":{"type":"Polygon","coordinates":[[[-149.95564,63.51717],[-149.95843,63.51585],[-149.9574,63.51424],[-149.95357,63.51394],[-149.95077,63.51526],[-149.95181,63.51687],[-149.95564,63.51717]]]},"properties":{"cell":"890c745a22fffff","res":9,"coarsened":false,"count":1,"hv":1,"mp":0,"y0":2021,"y1":2021,"sp":[[7,1,1,0,2021,2021]]}},{"type":"Feature","geometry":{"type":"Polygon","coordinates":[[[-149.60597,63.59685],[-149.60879,63.59554],[-149.60778,63.59393],[-149.60394,63.59362],[-149.60113,63.59493],[-149.60214,63.59655],[-149.60597,63.59685]]]},"properties":{"cell":"890c74526a3ffff","res":9,"coarsened":false,"count":2,"hv":2,"mp":0,"y0":2021,"y1":2026,"sp":[[7,1,1,0,2021,2021],[2,1,1,0,2026,2026]]}},{"type":"Feature","geometry":{"type":"Polygon","coordinates":[[[-149.79834,63.94554],[-149.80119,63.94422],[-149.80014,63.9426],[-149.79625,63.9423],[-149.7934,63.94361],[-149.79444,63.94523],[-149.79834,63.94554]]]},"properties":{"cell":"890c29af31bffff","res":9,"coarsened":false,"count":1,"hv":1,"mp":0,"y0":2021,"y1":2021,"sp":[[7,1,1,0,2021,2021]]}},{"type":"Feature","geometry":{"type":"Polygon","coordinates":[[[-150.93374,63.55278],[-150.9365,63.55144],[-150.93539,63.54983],[-150.93153,63.54956],[-150.92877,63.5509],[-150.92988,63.5525],[-150.93374,63.55278]]]},"properties":{"cell":"890c769b4dbffff","res":9,"coarsened":false,"count":2,"hv":2,"mp":0,"y0":2021,"y1":2021,"sp":[[8,2,2,0,2021,2021]]}},{"type":"Feature","geometry":{"type":"Polygon","coordinates":[[[-150.92713,63.55384],[-150.92988,63.5525],[-150.92877,63.5509],[-150.92491,63.55062],[-150.92216,63.55196],[-150.92326,63.55357],[-150.92713,63.55384]]]},"properties":{"cell":"890c769b4d3ffff","res":9,"coarsened":false,"count":1,"hv":1,"mp":0,"y0":2021,"y1":2021,"sp":[[57,1,1,0,2021,2021]]}},{"type":"Feature","geometry":{"type":"Polygon","coordinates":[[[-149.57533,63.6757],[-149.57816,63.6744],[-149.57714,63.67278],[-149.5733,63.67247],[-149.57047,63.67378],[-149.57149,63.67539],[-149.57533,63.6757]]]},"properties":{"cell":"890c74c800fffff","res":9,"coarsened":false,"count":2,"hv":2,"mp":0,"y0":2021,"y1":2021,"sp":[[45,1,1,0,2021,2021],[17,1,1,0,2021,2021]]}},{"type":"Feature","geometry":{"type":"Polygon","coordinates":[[[-150.03297,63.51855],[-150.03576,63.51723],[-150.03472,63.51562],[-150.03089,63.51533],[-150.0281,63.51664],[-150.02914,63.51825],[-150.03297,63.51855]]]},"properties":{"cell":"890c745b14bffff","res":9,"coarsened":false,"count":1,"hv":1,"mp":0,"y0":2021,"y1":2021,"sp":[[1,1,1,0,2021,2021]]}},{"type":"Feature","geometry":{"type":"Polygon","coordinates":[[[-149.68502,63.56637],[-149.68783,63.56506],[-149.68681,63.56345],[-149.68298,63.56314],[-149.68017,63.56445],[-149.68119,63.56607],[-149.68502,63.56637]]]},"properties":{"cell":"890c745310fffff","res":9,"coarsened":false,"count":2,"hv":2,"mp":0,"y0":2021,"y1":2025,"sp":[[7,1,1,0,2021,2021],[1,1,1,0,2025,2025]]}},{"type":"Feature","geometry":{"type":"Polygon","coordinates":[[[-150.83348,63.19756],[-150.8362,63.19623],[-150.83512,63.19463],[-150.83131,63.19436],[-150.8286,63.19569],[-150.82968,63.19729],[-150.83348,63.19756]]]},"properties":{"cell":"890c768de6bffff","res":9,"coarsened":false,"count":6,"hv":6,"mp":0,"y0":2018,"y1":2022,"sp":[[4,2,2,0,2019,2021],[1,2,2,0,2019,2022],[36,1,1,0,2018,2018],[10,1,1,0,2022,2022]]}},{"type":"Feature","geometry":{"type":"Polygon","coordinates":[[[-150.24726,63.45072],[-150.25003,63.4494],[-150.24898,63.44779],[-150.24515,63.4475],[-150.24238,63.44882],[-150.24343,63.45043],[-150.24726,63.45072]]]},"properties":{"cell":"890c7694597ffff","res":9,"coarsened":false,"count":1,"hv":1,"mp":0,"y0":2021,"y1":2021,"sp":[[2,1,1,0,2021,2021]]}},{"type":"Feature","geometry":{"type":"Polygon","coordinates":[[[-149.6493,63.55586],[-149.65211,63.55455],[-149.65109,63.55294],[-149.64727,63.55264],[-149.64446,63.55394],[-149.64547,63.55556],[-149.6493,63.55586]]]},"properties":{"cell":"890c7450403ffff","res":9,"coarsened":false,"count":2,"hv":2,"mp":0,"y0":2019,"y1":2021,"sp":[[1,1,1,0,2021,2021],[7,1,1,0,2019,2019]]}},{"type":"Feature","geometry":{"type":"Polygon","coordinates":[[[-149.91941,63.51741],[-149.92221,63.5161],[-149.92118,63.51449],[-149.91735,63.51419],[-149.91455,63.5155],[-149.91559,63.51711],[-149.91941,63.51741]]]},"properties":{"cell":"890c745a38fffff","res":9,"coarsened":false,"count":1,"hv":1,"mp":0,"y0":2021,"y1":2021,"sp":[[2,1,1,0,2021,2021]]}},{"type":"Feature","geometry":{"type":"Polygon","coordinates":[[[-149.79739,63.55994],[-149.80019,63.55863],[-149.79916,63.55702],[-149.79533,63.55671],[-149.79253,63.55802],[-149.79355,63.55964],[-149.79739,63.55994]]]},"properties":{"cell":"890c2924927ffff","res":9,"coarsened":false,"count":46,"hv":46,"mp":0,"y0":2021,"y1":2026,"sp":[[4,17,17,0,2022,2026],[1,14,14,0,2021,2025],[14,4,4,0,2023,2026],[3,2,2,0,2023,2024],[11,2,2,0,2025,2025],[6,1,1,0,2022,2022],[8,1,1,0,2023,2023],[58,1,1,0,2024,2024],[71,1,1,0,2024,2024],[92,1,1,0,2025,2025],[31,1,1,0,2026,2026],[41,1,1,0,2026,2026]]}},{"type":"Feature","geometry":{"type":"Polygon","coordinates":[[[-149.96526,63.61136],[-150.0314,63.59501],[-150.03636,63.56322],[-149.97535,63.54779],[-149.90932,63.56411],[-149.90419,63.59589],[-149.96526,63.61136]]]},"properties":{"cell":"860c2925fffffff","res":6,"coarsened":true,"count":3,"hv":3,"mp":0,"y0":1982,"y1":2021,"sp":[[0,3,3,0,1982,2021]]}},{"type":"Feature","geometry":{"type":"Polygon","coordinates":[[[-149.43988,63.72772],[-149.44272,63.72641],[-149.44171,63.72479],[-149.43786,63.72448],[-149.43502,63.72578],[-149.43603,63.7274],[-149.43988,63.72772]]]},"properties":{"cell":"890c74ca537ffff","res":9,"coarsened":false,"count":3,"hv":3,"mp":0,"y0":2006,"y1":2025,"sp":[[11,1,1,0,2021,2021],[7,1,1,0,2006,2006],[1,1,1,0,2025,2025]]}},{"type":"Feature","geometry":{"type":"Polygon","coordinates":[[[-149.5104,63.71193],[-149.51324,63.71062],[-149.51222,63.709],[-149.50838,63.70869],[-149.50554,63.71],[-149.50655,63.71162],[-149.5104,63.71193]]]},"properties":{"cell":"890c74ca38bffff","res":9,"coarsened":false,"count":3,"hv":3,"mp":0,"y0":2011,"y1":2025,"sp":[[1,3,3,0,2011,2025]]}},{"type":"Feature","geometry":{"type":"Polygon","coordinates":[[[-148.92353,63.78469],[-148.9264,63.78339],[-148.92542,63.78177],[-148.92158,63.78144],[-148.91871,63.78274],[-148.91969,63.78436],[-148.92353,63.78469]]]},"properties":{"cell":"890c74d40d3ffff","res":9,"coarsened":false,"count":1,"hv":1,"mp":0,"y0":2021,"y1":2021,"sp":[[1,1,1,0,2021,2021]]}},{"type":"Feature","geometry":{"type":"Polygon","coordinates":[[[-150.29061,63.56111],[-150.35648,63.5446],[-150.36101,63.5128],[-150.29984,63.49751],[-150.23408,63.51398],[-150.22938,63.54578],[-150.29061,63.56111]]]},"properties":{"cell":"860c292dfffffff","res":6,"coarsened":true,"count":2,"hv":2,"mp":0,"y0":2021,"y1":2021,"sp":[[0,2,2,0,2021,2021]]}},{"type":"Feature","geometry":{"type":"Polygon","coordinates":[[[-150.33897,63.54023],[-150.34175,63.53891],[-150.34068,63.5373],[-150.33684,63.53701],[-150.33406,63.53833],[-150.33512,63.53994],[-150.33897,63.54023]]]},"properties":{"cell":"890c292de73ffff","res":9,"coarsened":false,"count":2,"hv":2,"mp":0,"y0":2021,"y1":2021,"sp":[[7,1,1,0,2021,2021],[1,1,1,0,2021,2021]]}},{"type":"Feature","geometry":{"type":"Polygon","coordinates":[[[-150.02635,63.51957],[-150.02914,63.51825],[-150.0281,63.51664],[-150.02427,63.51635],[-150.02148,63.51766],[-150.02252,63.51927],[-150.02635,63.51957]]]},"properties":{"cell":"890c745b143ffff","res":9,"coarsened":false,"count":1,"hv":1,"mp":0,"y0":2021,"y1":2021,"sp":[[1,1,1,0,2021,2021]]}},{"type":"Feature","geometry":{"type":"Polygon","coordinates":[[[-150.86925,63.4641],[-150.87199,63.46277],[-150.8709,63.46116],[-150.86705,63.46089],[-150.8643,63.46223],[-150.8654,63.46383],[-150.86925,63.4641]]]},"properties":{"cell":"890c7698397ffff","res":9,"coarsened":false,"count":1,"hv":1,"mp":0,"y0":1979,"y1":1979,"sp":[[40,1,1,0,1979,1979]]}},{"type":"Feature","geometry":{"type":"Polygon","coordinates":[[[-149.57657,63.68348],[-149.57939,63.68217],[-149.57838,63.68055],[-149.57453,63.68024],[-149.5717,63.68155],[-149.57272,63.68317],[-149.57657,63.68348]]]},"properties":{"cell":"890c74c80c7ffff","res":9,"coarsened":false,"count":2,"hv":2,"mp":0,"y0":1979,"y1":2022,"sp":[[2,1,1,0,1979,1979],[1,1,1,0,2022,2022]]}},{"type":"Feature","geometry":{"type":"Polygon","coordinates":[[[-149.63617,63.587],[-149.63899,63.58569],[-149.63797,63.58408],[-149.63414,63.58377],[-149.63132,63.58508],[-149.63234,63.5867],[-149.63617,63.587]]]},"properties":{"cell":"890c745266fffff","res":9,"coarsened":false,"count":2,"hv":2,"mp":0,"y0":1981,"y1":2023,"sp":[[7,2,2,0,1981,2023]]}},{"type":"Feature","geometry":{"type":"Polygon","coordinates":[[[-148.88465,63.71371],[-148.88751,63.71241],[-148.88654,63.71079],[-148.88271,63.71047],[-148.87985,63.71176],[-148.88081,63.71338],[-148.88465,63.71371]]]},"properties":{"cell":"890c74d4bc3ffff","res":9,"coarsened":false,"count":1,"hv":1,"mp":0,"y0":2021,"y1":2021,"sp":[[91,1,1,0,2021,2021]]}},{"type":"Feature","geometry":{"type":"Polygon","coordinates":[[[-148.99483,63.72153],[-148.99769,63.72024],[-148.99671,63.71862],[-148.99288,63.7183],[-148.99002,63.71959],[-148.99099,63.72121],[-148.99483,63.72153]]]},"properties":{"cell":"890c74d5877ffff","res":9,"coarsened":false,"count":1,"hv":1,"mp":0,"y0":2021,"y1":2021,"sp":[[6,1,1,0,2021,2021]]}},{"type":"Feature","geometry":{"type":"Polygon","coordinates":[[[-149.08397,63.72443],[-149.08683,63.72314],[-149.08584,63.72152],[-149.08201,63.7212],[-149.07915,63.72249],[-149.08013,63.72411],[-149.08397,63.72443]]]},"properties":{"cell":"890c74c2d6fffff","res":9,"coarsened":false,"count":1,"hv":1,"mp":0,"y0":2021,"y1":2021,"sp":[[36,1,1,0,2021,2021]]}},{"type":"Feature","geometry":{"type":"Polygon","coordinates":[[[-151.08553,63.30061],[-151.08825,63.29928],[-151.08715,63.29768],[-151.08332,63.29741],[-151.0806,63.29875],[-151.08171,63.30035],[-151.08553,63.30061]]]},"properties":{"cell":"890c768932fffff","res":9,"coarsened":false,"count":2,"hv":2,"mp":0,"y0":2021,"y1":2021,"sp":[[110,1,1,0,2021,2021],[11,1,1,0,2021,2021]]}},{"type":"Feature","geometry":{"type":"Polygon","coordinates":[[[-150.26507,63.46124],[-150.26785,63.45992],[-150.26679,63.45831],[-150.26296,63.45802],[-150.26019,63.45934],[-150.26125,63.46095],[-150.26507,63.46124]]]},"properties":{"cell":"890c7696347ffff","res":9,"coarsened":false,"count":1,"hv":1,"mp":0,"y0":2021,"y1":2021,"sp":[[2,1,1,0,2021,2021]]}},{"type":"Feature","geometry":{"type":"Polygon","coordinates":[[[-150.5579,63.46309],[-150.62339,63.44646],[-150.62756,63.41467],[-150.56641,63.39952],[-150.50102,63.41612],[-150.49669,63.4479],[-150.5579,63.46309]]]},"properties":{"cell":"860c76827ffffff","res":6,"coarsened":true,"count":3,"hv":3,"mp":0,"y0":2017,"y1":2021,"sp":[[0,3,3,0,2017,2021]]}},{"type":"Feature","geometry":{"type":"Polygon","coordinates":[[[-148.90209,63.74287],[-148.90496,63.74158],[-148.90399,63.73996],[-148.90015,63.73963],[-148.89729,63.74092],[-148.89826,63.74254],[-148.90209,63.74287]]]},"properties":{"cell":"890c74d4e1bffff","res":9,"coarsened":false,"count":3,"hv":3,"mp":0,"y0":2021,"y1":2023,"sp":[[43,1,1,0,2021,2021],[57,1,1,0,2023,2023],[31,1,1,0,2023,2023]]}},{"type":"Feature","geometry":{"type":"Polygon","coordinates":[[[-150.12946,63.48768],[-150.13224,63.48636],[-150.13119,63.48475],[-150.12736,63.48446],[-150.12458,63.48578],[-150.12563,63.48739],[-150.12946,63.48768]]]},"properties":{"cell":"890c7459053ffff","res":9,"coarsened":false,"count":2,"hv":2,"mp":0,"y0":2021,"y1":2021,"sp":[[1,2,2,0,2021,2021]]}},{"type":"Feature","geometry":{"type":"Polygon","coordinates":[[[-150.35282,63.43418],[-150.35559,63.43285],[-150.35453,63.43125],[-150.3507,63.43096],[-150.34794,63.43228],[-150.349,63.43389],[-150.35282,63.43418]]]},"properties":{"cell":"890c769428bffff","res":9,"coarsened":false,"count":1,"hv":1,"mp":0,"y0":2021,"y1":2021,"sp":[[3,1,1,0,2021,2021]]}},{"type":"Feature","geometry":{"type":"Polygon","coordinates":[[[-151.0806,63.29875],[-151.08332,63.29741],[-151.08222,63.29581],[-151.07839,63.29554],[-151.07567,63.29688],[-151.07678,63.29848],[-151.0806,63.29875]]]},"properties":{"cell":"890c7689e5bffff","res":9,"coarsened":false,"count":1,"hv":1,"mp":0,"y0":2021,"y1":2021,"sp":[[77,1,1,0,2021,2021]]}},{"type":"Feature","geometry":{"type":"Polygon","coordinates":[[[-151.13419,63.40775],[-151.19927,63.39085],[-151.20269,63.35903],[-151.14118,63.34412],[-151.07619,63.361],[-151.07261,63.39281],[-151.13419,63.40775]]]},"properties":{"cell":"860c76d4fffffff","res":6,"coarsened":true,"count":8,"hv":8,"mp":0,"y0":2012,"y1":2025,"sp":[[0,8,8,0,2012,2025]]}},{"type":"Feature","geometry":{"type":"Polygon","coordinates":[[[-151.15467,63.32674],[-151.15739,63.3254],[-151.15628,63.3238],[-151.15244,63.32354],[-151.14972,63.32488],[-151.15084,63.32648],[-151.15467,63.32674]]]},"properties":{"cell":"890c76c652fffff","res":9,"coarsened":false,"count":1,"hv":1,"mp":0,"y0":2021,"y1":2021,"sp":[[2,1,1,0,2021,2021]]}},{"type":"Feature","geometry":{"type":"Polygon","coordinates":[[[-148.87281,63.65738],[-148.87566,63.65608],[-148.8747,63.65446],[-148.87088,63.65414],[-148.86802,63.65543],[-148.86899,63.65705],[-148.87281,63.65738]]]},"properties":{"cell":"890c74c6cc7ffff","res":9,"coarsened":false,"count":3,"hv":3,"mp":0,"y0":2018,"y1":2022,"sp":[[27,1,1,0,2021,2021],[54,1,1,0,2018,2018],[1,1,1,0,2022,2022]]}},{"type":"Feature","geometry":{"type":"Polygon","coordinates":[[[-148.82324,63.67771],[-148.82611,63.67642],[-148.82514,63.6748],[-148.82132,63.67447],[-148.81846,63.67576],[-148.81942,63.67738],[-148.82324,63.67771]]]},"properties":{"cell":"890c7489047ffff","res":9,"coarsened":false,"count":1,"hv":1,"mp":0,"y0":2021,"y1":2021,"sp":[[1,1,1,0,2021,2021]]}},{"type":"Feature","geometry":{"type":"Polygon","coordinates":[[[-149.71031,63.55459],[-149.71311,63.55328],[-149.71209,63.55167],[-149.70827,63.55136],[-149.70546,63.55267],[-149.70648,63.55428],[-149.71031,63.55459]]]},"properties":{"cell":"890c74506cbffff","res":9,"coarsened":false,"count":6,"hv":6,"mp":0,"y0":2021,"y1":2026,"sp":[[1,5,5,0,2024,2026],[4,1,1,0,2021,2021]]}},{"type":"Feature","geometry":{"type":"Polygon","coordinates":[[[-149.49217,63.71199],[-149.49501,63.71068],[-149.494,63.70907],[-149.49015,63.70875],[-149.48731,63.71006],[-149.48832,63.71168],[-149.49217,63.71199]]]},"properties":{"cell":"890c74ca14bffff","res":9,"coarsened":false,"count":4,"hv":4,"mp":0,"y0":2013,"y1":2026,"sp":[[11,3,3,0,2013,2021],[10,1,1,0,2026,2026]]}},{"type":"Feature","geometry":{"type":"Polygon","coordinates":[[[-149.24299,63.6747],[-149.24583,63.6734],[-149.24484,63.67178],[-149.241,63.67147],[-149.23816,63.67277],[-149.23915,63.67438],[-149.24299,63.6747]]]},"properties":{"cell":"890c74c0a1bffff","res":9,"coarsened":false,"count":1,"hv":1,"mp":0,"y0":2021,"y1":2021,"sp":[[1,1,1,0,2021,2021]]}},{"type":"Feature","geometry":{"type":"Polygon","coordinates":[[[-151.3708,63.62417],[-151.37355,63.62282],[-151.3724,63.62121],[-151.36852,63.62095],[-151.36578,63.6223],[-151.36692,63.62391],[-151.3708,63.62417]]]},"properties":{"cell":"890c2969d87ffff","res":9,"coarsened":false,"count":1,"hv":1,"mp":0,"y0":2021,"y1":2021,"sp":[[1,1,1,0,2021,2021]]}},{"type":"Feature","geometry":{"type":"Polygon","coordinates":[[[-148.85866,63.68843],[-148.86152,63.68714],[-148.86056,63.68552],[-148.85673,63.68519],[-148.85387,63.68648],[-148.85483,63.6881],[-148.85866,63.68843]]]},"properties":{"cell":"890c748967bffff","res":9,"coarsened":false,"count":1,"hv":1,"mp":0,"y0":2021,"y1":2021,"sp":[[2,1,1,0,2021,2021]]}},{"type":"Feature","geometry":{"type":"Polygon","coordinates":[[[-149.50557,63.56424],[-149.50839,63.56294],[-149.50739,63.56132],[-149.50356,63.56101],[-149.50074,63.56232],[-149.50175,63.56393],[-149.50557,63.56424]]]},"properties":{"cell":"890c7452c97ffff","res":9,"coarsened":false,"count":1,"hv":1,"mp":0,"y0":2021,"y1":2021,"sp":[[1,1,1,0,2021,2021]]}},{"type":"Feature","geometry":{"type":"Polygon","coordinates":[[[-149.36781,63.58216],[-149.37064,63.58086],[-149.36964,63.57924],[-149.36582,63.57893],[-149.36299,63.58023],[-149.36399,63.58185],[-149.36781,63.58216]]]},"properties":{"cell":"890c74cc287ffff","res":9,"coarsened":false,"count":2,"hv":2,"mp":0,"y0":1974,"y1":2021,"sp":[[7,1,1,0,2021,2021],[1,1,1,0,1974,1974]]}},{"type":"Feature","geometry":{"type":"Polygon","coordinates":[[[-149.36326,63.73376],[-149.3661,63.73245],[-149.3651,63.73083],[-149.36125,63.73052],[-149.35841,63.73182],[-149.35941,63.73344],[-149.36326,63.73376]]]},"properties":{"cell":"890c74c1083ffff","res":9,"coarsened":false,"count":4,"hv":4,"mp":0,"y0":2021,"y1":2024,"sp":[[11,2,2,0,2021,2023],[59,1,1,0,2023,2023],[5,1,1,0,2024,2024]]}},{"type":"Feature","geometry":{"type":"Polygon","coordinates":[[[-149.74249,63.57093],[-149.74529,63.56962],[-149.74427,63.56801],[-149.74044,63.5677],[-149.73763,63.56901],[-149.73865,63.57063],[-149.74249,63.57093]]]},"properties":{"cell":"890c74533dbffff","res":9,"coarsened":false,"count":1,"hv":1,"mp":0,"y0":1980,"y1":1980,"sp":[[7,1,1,0,1980,1980]]}},{"type":"Feature","geometry":{"type":"Polygon","coordinates":[[[-149.27138,63.74464],[-149.27423,63.74334],[-149.27324,63.74172],[-149.26939,63.74141],[-149.26654,63.74271],[-149.26754,63.74433],[-149.27138,63.74464]]]},"properties":{"cell":"890c74c068fffff","res":9,"coarsened":false,"count":15,"hv":15,"mp":0,"y0":2016,"y1":2026,"sp":[[4,11,11,0,2021,2026],[7,2,2,0,2016,2023],[6,1,1,0,2022,2022],[97,1,1,0,2023,2023]]}},{"type":"Feature","geometry":{"type":"Polygon","coordinates":[[[-150.33816,63.4285],[-150.34093,63.42717],[-150.33987,63.42557],[-150.33605,63.42528],[-150.33328,63.4266],[-150.33434,63.42821],[-150.33816,63.4285]]]},"properties":{"cell":"890c76942a3ffff","res":9,"coarsened":false,"count":1,"hv":1,"mp":0,"y0":1983,"y1":1983,"sp":[[1,1,1,0,1983,1983]]}},{"type":"Feature","geometry":{"type":"Polygon","coordinates":[[[-150.02261,63.48561],[-150.0254,63.48429],[-150.02436,63.48268],[-150.02053,63.48238],[-150.01774,63.4837],[-150.01878,63.48531],[-150.02261,63.48561]]]},"properties":{"cell":"890c7458283ffff","res":9,"coarsened":false,"count":1,"hv":1,"mp":0,"y0":1977,"y1":1977,"sp":[[65,1,1,0,1977,1977]]}},{"type":"Feature","geometry":{"type":"Polygon","coordinates":[[[-150.74017,63.26863],[-150.74291,63.2673],[-150.74183,63.26569],[-150.73801,63.26542],[-150.73528,63.26675],[-150.73636,63.26835],[-150.74017,63.26863]]]},"properties":{"cell":"890c768f177ffff","res":9,"coarsened":false,"count":1,"hv":1,"mp":0,"y0":1978,"y1":1978,"sp":[[8,1,1,0,1978,1978]]}},{"type":"Feature","geometry":{"type":"Polygon","coordinates":[[[-149.73813,63.55833],[-149.74094,63.55702],[-149.73992,63.5554],[-149.73609,63.5551],[-149.73328,63.55641],[-149.7343,63.55802],[-149.73813,63.55833]]]},"properties":{"cell":"890c7453373ffff","res":9,"coarsened":false,"count":6,"hv":6,"mp":0,"y0":2018,"y1":2026,"sp":[[4,2,2,0,2021,2026],[7,2,2,0,2019,2026],[1,2,2,0,2018,2018]]}},{"type":"Feature","geometry":{"type":"Polygon","coordinates":[[[-149.67406,63.55477],[-149.67687,63.55346],[-149.67585,63.55185],[-149.67202,63.55155],[-149.66921,63.55285],[-149.67023,63.55447],[-149.67406,63.55477]]]},"properties":{"cell":"890c745044bffff","res":9,"coarsened":false,"count":11,"hv":11,"mp":0,"y0":2021,"y1":2026,"sp":[[1,8,8,0,2021,2026],[4,3,3,0,2023,2026]]}},{"type":"Feature","geometry":{"type":"Polygon","coordinates":[[[-149.79812,63.46965],[-149.86395,63.45339],[-149.8691,63.42167],[-149.80859,63.40622],[-149.74287,63.42244],[-149.73756,63.45415],[-149.79812,63.46965]]]},"properties":{"cell":"860c74437ffffff","res":6,"coarsened":true,"count":2,"hv":2,"mp":0,"y0":2018,"y1":2019,"sp":[[0,2,2,0,2018,2019]]}},{"type":"Feature","geometry":{"type":"Polygon","coordinates":[[[-149.47818,63.72468],[-149.48102,63.72337],[-149.48001,63.72176],[-149.47616,63.72144],[-149.47332,63.72275],[-149.47433,63.72437],[-149.47818,63.72468]]]},"properties":{"cell":"890c74ca0a7ffff","res":9,"coarsened":false,"count":2,"hv":2,"mp":0,"y0":2021,"y1":2025,"sp":[[2,1,1,0,2021,2021],[11,1,1,0,2025,2025]]}},{"type":"Feature","geometry":{"type":"Polygon","coordinates":[[[-149.66437,63.55094],[-149.66718,63.54963],[-149.66616,63.54801],[-149.66234,63.54771],[-149.65953,63.54902],[-149.66054,63.55063],[-149.66437,63.55094]]]},"properties":{"cell":"890c745047bffff","res":9,"coarsened":false,"count":1,"hv":1,"mp":0,"y0":2021,"y1":2021,"sp":[[1,1,1,0,2021,2021]]}},{"type":"Feature","geometry":{"type":"Polygon","coordinates":[[[-149.66921,63.55285],[-149.67202,63.55155],[-149.67101,63.54993],[-149.66718,63.54963],[-149.66437,63.55094],[-149.66539,63.55255],[-149.66921,63.55285]]]},"properties":{"cell":"890c745044fffff","res":9,"coarsened":false,"count":1,"hv":1,"mp":0,"y0":2021,"y1":2021,"sp":[[1,1,1,0,2021,2021]]}},{"type":"Feature","geometry":{"type":"Polygon","coordinates":[[[-149.72792,63.56518],[-149.73073,63.56387],[-149.72971,63.56226],[-149.72588,63.56195],[-149.72307,63.56326],[-149.72409,63.56488],[-149.72792,63.56518]]]},"properties":{"cell":"890c7453313ffff","res":9,"coarsened":false,"count":1,"hv":1,"mp":0,"y0":2021,"y1":2021,"sp":[[7,1,1,0,2021,2021]]}},{"type":"Feature","geometry":{"type":"Polygon","coordinates":[[[-150.33157,63.42953],[-150.33434,63.42821],[-150.33328,63.4266],[-150.32945,63.42632],[-150.32669,63.42764],[-150.32774,63.42924],[-150.33157,63.42953]]]},"properties":{"cell":"890c76942b7ffff","res":9,"coarsened":false,"count":1,"hv":1,"mp":0,"y0":2021,"y1":2021,"sp":[[7,1,1,0,2021,2021]]}},{"type":"Feature","geometry":{"type":"Polygon","coordinates":[[[-149.99187,63.51691],[-149.99466,63.51559],[-149.99362,63.51398],[-149.98979,63.51369],[-149.987,63.515],[-149.98804,63.51661],[-149.99187,63.51691]]]},"properties":{"cell":"890c745b1afffff","res":9,"coarsened":false,"count":1,"hv":1,"mp":0,"y0":1980,"y1":1980,"sp":[[14,1,1,0,1980,1980]]}},{"type":"Feature","geometry":{"type":"Polygon","coordinates":[[[-148.87884,63.70399],[-148.8817,63.7027],[-148.88073,63.70108],[-148.8769,63.70075],[-148.87404,63.70204],[-148.87501,63.70366],[-148.87884,63.70399]]]},"properties":{"cell":"890c74d4b0fffff","res":9,"coarsened":false,"count":3,"hv":3,"mp":0,"y0":1980,"y1":2025,"sp":[[12,1,1,0,1980,1980],[121,1,1,0,2025,2025],[2,1,1,0,2025,2025]]}},{"type":"Feature","geometry":{"type":"Polygon","coordinates":[[[-149.32125,63.7426],[-149.3241,63.7413],[-149.3231,63.73968],[-149.31925,63.73937],[-149.3164,63.74067],[-149.3174,63.74229],[-149.32125,63.7426]]]},"properties":{"cell":"890c74c159bffff","res":9,"coarsened":false,"count":3,"hv":3,"mp":0,"y0":2014,"y1":2024,"sp":[[7,3,3,0,2014,2024]]}},{"type":"Feature","geometry":{"type":"Polygon","coordinates":[[[-149.10966,63.71276],[-149.11251,63.71146],[-149.11153,63.70984],[-149.10769,63.70952],[-149.10484,63.71082],[-149.10582,63.71244],[-149.10966,63.71276]]]},"properties":{"cell":"890c74c294bffff","res":9,"coarsened":false,"count":10,"hv":10,"mp":0,"y0":2009,"y1":2026,"sp":[[2,7,7,0,2014,2026],[43,1,1,0,2009,2009],[1,1,1,0,2012,2012],[16,1,1,0,2024,2024]]}},{"type":"Feature","geometry":{"type":"Polygon","coordinates":[[[-149.50554,63.71],[-149.50838,63.70869],[-149.50736,63.70707],[-149.50352,63.70676],[-149.50068,63.70807],[-149.50169,63.70969],[-149.50554,63.71]]]},"properties":{"cell":"890c74ca38fffff","res":9,"coarsened":false,"count":4,"hv":4,"mp":0,"y0":2014,"y1":2026,"sp":[[1,2,2,0,2024,2026],[5,1,1,0,2014,2014],[26,1,1,0,2026,2026]]}},{"type":"Feature","geometry":{"type":"Polygon","coordinates":[[[-149.57722,63.70195],[-149.58005,63.70064],[-149.57904,63.69903],[-149.57519,63.69872],[-149.57236,63.70003],[-149.57337,63.70164],[-149.57722,63.70195]]]},"properties":{"cell":"890c74c8453ffff","res":9,"coarsened":false,"count":2,"hv":2,"mp":0,"y0":2021,"y1":2021,"sp":[[2,1,1,0,2021,2021],[4,1,1,0,2021,2021]]}},{"type":"Feature","geometry":{"type":"Polygon","coordinates":[[[-149.57541,63.70488],[-149.57824,63.70357],[-149.57722,63.70195],[-149.57337,63.70164],[-149.57054,63.70295],[-149.57156,63.70457],[-149.57541,63.70488]]]},"properties":{"cell":"890c74c84cbffff","res":9,"coarsened":false,"count":1,"hv":1,"mp":0,"y0":2021,"y1":2021,"sp":[[1,1,1,0,2021,2021]]}},{"type":"Feature","geometry":{"type":"Polygon","coordinates":[[[-149.57904,63.69903],[-149.58187,63.69772],[-149.58085,63.6961],[-149.577,63.69579],[-149.57417,63.6971],[-149.57519,63.69872],[-149.57904,63.69903]]]},"properties":{"cell":"890c74c8443ffff","res":9,"coarsened":false,"count":1,"hv":1,"mp":0,"y0":2021,"y1":2021,"sp":[[47,1,1,0,2021,2021]]}},{"type":"Feature","geometry":{"type":"Polygon","coordinates":[[[-149.58686,63.67663],[-149.58969,63.67532],[-149.58868,63.6737],[-149.58483,63.6734],[-149.582,63.6747],[-149.58302,63.67632],[-149.58686,63.67663]]]},"properties":{"cell":"890c74c8047ffff","res":9,"coarsened":false,"count":2,"hv":2,"mp":0,"y0":2021,"y1":2022,"sp":[[29,1,1,0,2021,2021],[81,1,1,0,2022,2022]]}},{"type":"Feature","geometry":{"type":"Polygon","coordinates":[[[-150.8643,63.46223],[-150.86705,63.46089],[-150.86595,63.45929],[-150.86211,63.45901],[-150.85936,63.46035],[-150.86046,63.46195],[-150.8643,63.46223]]]},"properties":{"cell":"890c769814bffff","res":9,"coarsened":false,"count":1,"hv":1,"mp":0,"y0":2021,"y1":2021,"sp":[[113,1,1,0,2021,2021]]}},{"type":"Feature","geometry":{"type":"Polygon","coordinates":[[[-149.66563,63.5587],[-149.66844,63.55739],[-149.66742,63.55578],[-149.66359,63.55547],[-149.66078,63.55678],[-149.6618,63.55839],[-149.66563,63.5587]]]},"properties":{"cell":"890c7450453ffff","res":9,"coarsened":false,"count":2,"hv":2,"mp":0,"y0":2021,"y1":2025,"sp":[[7,1,1,0,2021,2021],[12,1,1,0,2025,2025]]}},{"type":"Feature","geometry":{"type":"Polygon","coordinates":[[[-149.78281,63.55419],[-149.78562,63.55288],[-149.78459,63.55127],[-149.78076,63.55097],[-149.77796,63.55228],[-149.77898,63.55389],[-149.78281,63.55419]]]},"properties":{"cell":"890c745140bffff","res":9,"coarsened":false,"count":1,"hv":1,"mp":0,"y0":2021,"y1":2021,"sp":[[11,1,1,0,2021,2021]]}},{"type":"Feature","geometry":{"type":"Polygon","coordinates":[[[-149.79349,63.53665],[-149.79629,63.53534],[-149.79526,63.53373],[-149.79144,63.53343],[-149.78863,63.53474],[-149.78966,63.53635],[-149.79349,63.53665]]]},"properties":{"cell":"890c745101bffff","res":9,"coarsened":false,"count":2,"hv":2,"mp":0,"y0":2021,"y1":2026,"sp":[[11,2,2,0,2021,2026]]}},{"type":"Feature","geometry":{"type":"Polygon","coordinates":[[[-149.79219,63.52889],[-149.79499,63.52758],[-149.79396,63.52597],[-149.79014,63.52567],[-149.78734,63.52698],[-149.78836,63.52859],[-149.79219,63.52889]]]},"properties":{"cell":"890c7451077ffff","res":9,"coarsened":false,"count":1,"hv":1,"mp":0,"y0":2021,"y1":2021,"sp":[[11,1,1,0,2021,2021]]}},{"type":"Feature","geometry":{"type":"Polygon","coordinates":[[[-149.28249,63.72712],[-149.28534,63.72582],[-149.28434,63.7242],[-149.2805,63.72388],[-149.27765,63.72518],[-149.27865,63.7268],[-149.28249,63.72712]]]},"properties":{"cell":"890c74c0283ffff","res":9,"coarsened":false,"count":5,"hv":5,"mp":0,"y0":2018,"y1":2026,"sp":[[1,2,2,0,2025,2025],[10,1,1,0,2018,2018],[43,1,1,0,2024,2024],[11,1,1,0,2026,2026]]}},{"type":"Feature","geometry":{"type":"Polygon","coordinates":[[[-150.04861,63.54272],[-150.05141,63.5414],[-150.05036,63.53979],[-150.04653,63.5395],[-150.04373,63.54081],[-150.04478,63.54242],[-150.04861,63.54272]]]},"properties":{"cell":"890c745b0d3ffff","res":9,"coarsened":false,"count":1,"hv":1,"mp":0,"y0":2018,"y1":2018,"sp":[[1,1,1,0,2018,2018]]}},{"type":"Feature","geometry":{"type":"Polygon","coordinates":[[[-151.13746,63.09705],[-151.14015,63.09571],[-151.13905,63.09412],[-151.13525,63.09386],[-151.13256,63.09519],[-151.13366,63.09679],[-151.13746,63.09705]]]},"properties":{"cell":"890c7603547ffff","res":9,"coarsened":false,"count":1,"hv":1,"mp":0,"y0":2021,"y1":2021,"sp":[[2,1,1,0,2021,2021]]}},{"type":"Feature","geometry":{"type":"Polygon","coordinates":[[[-149.46966,63.7286],[-149.4725,63.72729],[-149.47149,63.72567],[-149.46764,63.72536],[-149.4648,63.72667],[-149.46581,63.72829],[-149.46966,63.7286]]]},"properties":{"cell":"890c74ca57bffff","res":9,"coarsened":false,"count":1,"hv":1,"mp":0,"y0":2021,"y1":2021,"sp":[[43,1,1,0,2021,2021]]}},{"type":"Feature","geometry":{"type":"Polygon","coordinates":[[[-148.9289,63.739],[-148.93176,63.73771],[-148.93079,63.73609],[-148.92695,63.73576],[-148.92409,63.73706],[-148.92506,63.73868],[-148.9289,63.739]]]},"properties":{"cell":"890c74d5d87ffff","res":9,"coarsened":false,"count":1,"hv":1,"mp":0,"y0":2021,"y1":2021,"sp":[[43,1,1,0,2021,2021]]}},{"type":"Feature","geometry":{"type":"Polygon","coordinates":[[[-151.87615,63.32717],[-151.87884,63.32582],[-151.87768,63.32422],[-151.87383,63.32397],[-151.87114,63.32533],[-151.8723,63.32693],[-151.87615,63.32717]]]},"properties":{"cell":"890c76c860fffff","res":9,"coarsened":false,"count":1,"hv":1,"mp":0,"y0":2021,"y1":2021,"sp":[[3,1,1,0,2021,2021]]}},{"type":"Feature","geometry":{"type":"Polygon","coordinates":[[[-150.77796,63.22255],[-150.84271,63.20583],[-150.84655,63.17411],[-150.78581,63.15913],[-150.72116,63.17581],[-150.71715,63.20752],[-150.77796,63.22255]]]},"properties":{"cell":"860c768dfffffff","res":6,"coarsened":true,"count":2,"hv":2,"mp":0,"y0":2018,"y1":2019,"sp":[[0,2,2,0,2018,2019]]}},{"type":"Feature","geometry":{"type":"Polygon","coordinates":[[[-151.19959,63.12414],[-151.20228,63.1228],[-151.20118,63.1212],[-151.19738,63.12094],[-151.19468,63.12228],[-151.19579,63.12388],[-151.19959,63.12414]]]},"properties":{"cell":"890c761a90bffff","res":9,"coarsened":false,"count":1,"hv":1,"mp":0,"y0":2002,"y1":2002,"sp":[[1,1,1,0,2002,2002]]}},{"type":"Feature","geometry":{"type":"Polygon","coordinates":[[[-151.7091,63.35001],[-151.77379,63.33283],[-151.77645,63.30098],[-151.7146,63.28633],[-151.65002,63.30348],[-151.64719,63.33532],[-151.7091,63.35001]]]},"properties":{"cell":"860c76cafffffff","res":6,"coarsened":true,"count":1,"hv":1,"mp":0,"y0":2018,"y1":2018,"sp":[[0,1,1,0,2018,2018]]}},{"type":"Feature","geometry":{"type":"Polygon","coordinates":[[[-149.53836,63.71572],[-149.54119,63.71441],[-149.54018,63.71279],[-149.53633,63.71248],[-149.53349,63.71379],[-149.53451,63.71541],[-149.53836,63.71572]]]},"properties":{"cell":"890c74ca233ffff","res":9,"coarsened":false,"count":5,"hv":5,"mp":0,"y0":2012,"y1":2026,"sp":[[11,2,2,0,2025,2026],[1,1,1,0,2012,2012],[26,1,1,0,2025,2025],[14,1,1,0,2026,2026]]}},{"type":"Feature","geometry":{"type":"Polygon","coordinates":[[[-150.57713,62.84614],[-150.64098,62.82956],[-150.64502,62.79801],[-150.58537,62.78306],[-150.52162,62.79962],[-150.51742,62.83115],[-150.57713,62.84614]]]},"properties":{"cell":"860c7630fffffff","res":6,"coarsened":true,"count":1,"hv":1,"mp":0,"y0":1989,"y1":1989,"sp":[[0,1,1,0,1989,1989]]}},{"type":"Feature","geometry":{"type":"Polygon","coordinates":[[[-149.25088,63.72912],[-149.25373,63.72782],[-149.25274,63.7262],[-149.24889,63.72588],[-149.24605,63.72718],[-149.24704,63.7288],[-149.25088,63.72912]]]},"properties":{"cell":"890c74c001bffff","res":9,"coarsened":false,"count":8,"hv":8,"mp":0,"y0":2019,"y1":2026,"sp":[[32,2,2,0,2019,2024],[76,1,1,0,2019,2019],[83,1,1,0,2019,2019],[52,1,1,0,2022,2022],[58,1,1,0,2024,2024],[31,1,1,0,2026,2026],[3,1,1,0,2026,2026]]}},{"type":"Feature","geometry":{"type":"Polygon","coordinates":[[[-149.38701,63.72494],[-149.38985,63.72364],[-149.38885,63.72202],[-149.385,63.72171],[-149.38216,63.72301],[-149.38317,63.72463],[-149.38701,63.72494]]]},"properties":{"cell":"890c74c1047ffff","res":9,"coarsened":false,"count":4,"hv":4,"mp":0,"y0":2021,"y1":2026,"sp":[[11,3,3,0,2023,2026],[1,1,1,0,2021,2021]]}},{"type":"Feature","geometry":{"type":"Polygon","coordinates":[[[-149.56373,63.64561],[-149.56656,63.64431],[-149.56555,63.64269],[-149.56171,63.64238],[-149.55888,63.64369],[-149.55989,63.6453],[-149.56373,63.64561]]]},"properties":{"cell":"890c74c8e57ffff","res":9,"coarsened":false,"count":3,"hv":3,"mp":0,"y0":2021,"y1":2025,"sp":[[2,1,1,0,2021,2021],[29,1,1,0,2025,2025],[31,1,1,0,2023,2023]]}},{"type":"Feature","geometry":{"type":"Polygon","coordinates":[[[-149.40708,63.72197],[-149.40992,63.72067],[-149.40891,63.71905],[-149.40507,63.71874],[-149.40223,63.72004],[-149.40323,63.72166],[-149.40708,63.72197]]]},"properties":{"cell":"890c74c12bbffff","res":9,"coarsened":false,"count":6,"hv":6,"mp":0,"y0":2021,"y1":2026,"sp":[[1,2,2,0,2024,2024],[11,2,2,0,2021,2026],[4,1,1,0,2021,2021],[2,1,1,0,2024,2024]]}},{"type":"Feature","geometry":{"type":"Polygon","coordinates":[[[-148.82704,63.67189],[-148.8299,63.6706],[-148.82894,63.66898],[-148.82512,63.66865],[-148.82226,63.66994],[-148.82322,63.67156],[-148.82704,63.67189]]]},"properties":{"cell":"890c748906bffff","res":9,"coarsened":false,"count":1,"hv":1,"mp":0,"y0":2021,"y1":2021,"sp":[[2,1,1,0,2021,2021]]}},{"type":"Feature","geometry":{"type":"Polygon","coordinates":[[[-149.62455,63.30296],[-149.62733,63.30166],[-149.62633,63.30005],[-149.62254,63.29975],[-149.61976,63.30105],[-149.62076,63.30266],[-149.62455,63.30296]]]},"properties":{"cell":"890c7445087ffff","res":9,"coarsened":false,"count":1,"hv":1,"mp":0,"y0":2016,"y1":2016,"sp":[[19,1,1,0,2016,2016]]}},{"type":"Feature","geometry":{"type":"Polygon","coordinates":[[[-149.42529,63.55772],[-149.42811,63.55642],[-149.42711,63.55481],[-149.42329,63.5545],[-149.42047,63.5558],[-149.42147,63.55741],[-149.42529,63.55772]]]},"properties":{"cell":"890c74cde97ffff","res":9,"coarsened":false,"count":4,"hv":4,"mp":0,"y0":2017,"y1":2017,"sp":[[1,2,2,0,2017,2017],[29,1,1,0,2017,2017],[31,1,1,0,2017,2017]]}},{"type":"Feature","geometry":{"type":"Polygon","coordinates":[[[-149.40171,63.56653],[-149.46796,63.55046],[-149.47364,63.51874],[-149.41324,63.50311],[-149.3471,63.51915],[-149.34126,63.55085],[-149.40171,63.56653]]]},"properties":{"cell":"860c74cdfffffff","res":6,"coarsened":true,"count":2,"hv":2,"mp":0,"y0":2017,"y1":2017,"sp":[[0,2,2,0,2017,2017]]}},{"type":"Feature","geometry":{"type":"Polygon","coordinates":[[[-149.66006,63.44034],[-149.66286,63.43903],[-149.66185,63.43742],[-149.65804,63.43712],[-149.65524,63.43843],[-149.65625,63.44004],[-149.66006,63.44034]]]},"properties":{"cell":"890c74420a3ffff","res":9,"coarsened":false,"count":3,"hv":3,"mp":0,"y0":2017,"y1":2017,"sp":[[1,1,1,0,2017,2017],[7,1,1,0,2017,2017],[56,1,1,0,2017,2017]]}},{"type":"Feature","geometry":{"type":"Polygon","coordinates":[[[-148.91462,63.75163],[-148.91749,63.75033],[-148.91652,63.74871],[-148.91268,63.74839],[-148.90981,63.74968],[-148.91078,63.7513],[-148.91462,63.75163]]]},"properties":{"cell":"890c74d43afffff","res":9,"coarsened":false,"count":1,"hv":1,"mp":0,"y0":2022,"y1":2022,"sp":[[2,1,1,0,2022,2022]]}},{"type":"Feature","geometry":{"type":"Polygon","coordinates":[[[-149.22558,63.71166],[-149.22843,63.71036],[-149.22744,63.70874],[-149.2236,63.70842],[-149.22075,63.70972],[-149.22174,63.71134],[-149.22558,63.71166]]]},"properties":{"cell":"890c74c0147ffff","res":9,"coarsened":false,"count":1,"hv":1,"mp":0,"y0":2017,"y1":2017,"sp":[[1,1,1,0,2017,2017]]}},{"type":"Feature","geometry":{"type":"Polygon","coordinates":[[[-149.04111,63.74389],[-149.04397,63.74259],[-149.04299,63.74097],[-149.03915,63.74065],[-149.03629,63.74194],[-149.03727,63.74356],[-149.04111,63.74389]]]},"properties":{"cell":"890c74d5e53ffff","res":9,"coarsened":false,"count":1,"hv":1,"mp":0,"y0":1998,"y1":1998,"sp":[[11,1,1,0,1998,1998]]}},{"type":"Feature","geometry":{"type":"Polygon","coordinates":[[[-149.06469,63.71667],[-149.06755,63.71537],[-149.06657,63.71375],[-149.06273,63.71343],[-149.05988,63.71473],[-149.06086,63.71635],[-149.06469,63.71667]]]},"properties":{"cell":"890c74c29b3ffff","res":9,"coarsened":false,"count":2,"hv":2,"mp":0,"y0":2008,"y1":2026,"sp":[[31,1,1,0,2008,2008],[1,1,1,0,2026,2026]]}},{"type":"Feature","geometry":{"type":"Polygon","coordinates":[[[-149.35743,63.69488],[-149.36027,63.69357],[-149.35927,63.69195],[-149.35543,63.69164],[-149.35259,63.69294],[-149.35359,63.69456],[-149.35743,63.69488]]]},"properties":{"cell":"890c74c1e1bffff","res":9,"coarsened":false,"count":1,"hv":1,"mp":0,"y0":2008,"y1":2008,"sp":[[11,1,1,0,2008,2008]]}},{"type":"Feature","geometry":{"type":"Polygon","coordinates":[[[-148.90967,63.73121],[-148.91253,63.72992],[-148.91156,63.7283],[-148.90773,63.72797],[-148.90486,63.72927],[-148.90583,63.73089],[-148.90967,63.73121]]]},"properties":{"cell":"890c74d4e6fffff","res":9,"coarsened":false,"count":6,"hv":6,"mp":0,"y0":2008,"y1":2023,"sp":[[66,3,3,0,null,null],[47,1,1,0,2008,2008],[2,1,1,0,2023,2023],[83,1,1,0,null,null]]}},{"type":"Feature","geometry":{"type":"Polygon","coordinates":[[[-149.35075,63.69586],[-149.35359,63.69456],[-149.35259,63.69294],[-149.34875,63.69263],[-149.34591,63.69393],[-149.34691,63.69555],[-149.35075,63.69586]]]},"properties":{"cell":"890c74c1e13ffff","res":9,"coarsened":false,"count":1,"hv":1,"mp":0,"y0":2008,"y1":2008,"sp":[[11,1,1,0,2008,2008]]}},{"type":"Feature","geometry":{"type":"Polygon","coordinates":[[[-149.8315,63.53351],[-149.8343,63.5322],[-149.83327,63.53059],[-149.82944,63.53029],[-149.82664,63.5316],[-149.82767,63.53321],[-149.8315,63.53351]]]},"properties":{"cell":"890c745128bffff","res":9,"coarsened":false,"count":3,"hv":3,"mp":0,"y0":2014,"y1":2025,"sp":[[1,1,1,0,2014,2014],[7,1,1,0,2025,2025],[3,1,1,0,2025,2025]]}},{"type":"Feature","geometry":{"type":"Polygon","coordinates":[[[-151.11281,63.23999],[-151.11552,63.23866],[-151.11442,63.23706],[-151.1106,63.23679],[-151.10789,63.23813],[-151.10899,63.23973],[-151.11281,63.23999]]]},"properties":{"cell":"890c7613627ffff","res":9,"coarsened":false,"count":1,"hv":1,"mp":0,"y0":2018,"y1":2018,"sp":[[5,1,1,0,2018,2018]]}},{"type":"Feature","geometry":{"type":"Polygon","coordinates":[[[-149.8116,63.53655],[-149.81441,63.53523],[-149.81338,63.53362],[-149.80955,63.53332],[-149.80675,63.53463],[-149.80777,63.53624],[-149.8116,63.53655]]]},"properties":{"cell":"890c745105bffff","res":9,"coarsened":false,"count":2,"hv":2,"mp":0,"y0":2018,"y1":2022,"sp":[[8,1,1,0,2018,2018],[3,1,1,0,2022,2022]]}},{"type":"Feature","geometry":{"type":"Polygon","coordinates":[[[-149.98875,63.51207],[-149.99154,63.51076],[-149.99051,63.50915],[-149.98668,63.50885],[-149.98388,63.51017],[-149.98492,63.51178],[-149.98875,63.51207]]]},"properties":{"cell":"890c74584cbffff","res":9,"coarsened":false,"count":1,"hv":1,"mp":0,"y0":2017,"y1":2017,"sp":[[1,1,1,0,2017,2017]]}},{"type":"Feature","geometry":{"type":"Polygon","coordinates":[[[-149.57706,63.64362],[-149.57989,63.64231],[-149.57887,63.64069],[-149.57503,63.64038],[-149.57221,63.64169],[-149.57322,63.64331],[-149.57706,63.64362]]]},"properties":{"cell":"890c74c8e4bffff","res":9,"coarsened":false,"count":3,"hv":3,"mp":0,"y0":2017,"y1":2023,"sp":[[11,1,1,0,2017,2017],[31,1,1,0,2023,2023],[16,1,1,0,2018,2018]]}},{"type":"Feature","geometry":{"type":"Polygon","coordinates":[[[-149.56961,63.56787],[-149.57242,63.56656],[-149.57141,63.56495],[-149.56758,63.56464],[-149.56477,63.56595],[-149.56578,63.56756],[-149.56961,63.56787]]]},"properties":{"cell":"890c7452147ffff","res":9,"coarsened":false,"count":1,"hv":1,"mp":0,"y0":2018,"y1":2018,"sp":[[2,1,1,0,2018,2018]]}},{"type":"Feature","geometry":{"type":"Polygon","coordinates":[[[-149.62163,63.58124],[-149.62445,63.57993],[-149.62343,63.57832],[-149.6196,63.57801],[-149.61679,63.57932],[-149.6178,63.58093],[-149.62163,63.58124]]]},"properties":{"cell":"890c7452287ffff","res":9,"coarsened":false,"count":1,"hv":1,"mp":0,"y0":2017,"y1":2017,"sp":[[7,1,1,0,2017,2017]]}},{"type":"Feature","geometry":{"type":"Polygon","coordinates":[[[-150.8709,63.46116],[-150.87364,63.45983],[-150.87254,63.45822],[-150.8687,63.45795],[-150.86595,63.45929],[-150.86705,63.46089],[-150.8709,63.46116]]]},"properties":{"cell":"890c7698387ffff","res":9,"coarsened":false,"count":1,"hv":1,"mp":0,"y0":1980,"y1":1980,"sp":[[40,1,1,0,1980,1980]]}},{"type":"Feature","geometry":{"type":"Polygon","coordinates":[[[-149.33233,63.72507],[-149.33517,63.72377],[-149.33417,63.72215],[-149.33033,63.72184],[-149.32748,63.72314],[-149.32848,63.72476],[-149.33233,63.72507]]]},"properties":{"cell":"890c74c1567ffff","res":9,"coarsened":false,"count":1,"hv":1,"mp":0,"y0":2011,"y1":2011,"sp":[[4,1,1,0,2011,2011]]}},{"type":"Feature","geometry":{"type":"Polygon","coordinates":[[[-151.07431,63.33187],[-151.07704,63.33053],[-151.07593,63.32893],[-151.0721,63.32867],[-151.06938,63.33],[-151.07048,63.33161],[-151.07431,63.33187]]]},"properties":{"cell":"890c7689017ffff","res":9,"coarsened":false,"count":1,"hv":1,"mp":0,"y0":2017,"y1":2017,"sp":[[7,1,1,0,2017,2017]]}},{"type":"Feature","geometry":{"type":"Polygon","coordinates":[[[-151.06565,63.27179],[-151.06837,63.27045],[-151.06726,63.26885],[-151.06344,63.26858],[-151.06072,63.26992],[-151.06183,63.27152],[-151.06565,63.27179]]]},"properties":{"cell":"890c7689a3bffff","res":9,"coarsened":false,"count":1,"hv":1,"mp":0,"y0":2022,"y1":2022,"sp":[[11,1,1,0,2022,2022]]}},{"type":"Feature","geometry":{"type":"Polygon","coordinates":[[[-148.88477,63.73217],[-148.88763,63.73087],[-148.88667,63.72925],[-148.88283,63.72893],[-148.87997,63.73022],[-148.88094,63.73184],[-148.88477,63.73217]]]},"properties":{"cell":"890c74d4e27ffff","res":9,"coarsened":false,"count":3,"hv":3,"mp":0,"y0":2014,"y1":2025,"sp":[[2,2,2,0,2019,2025],[16,1,1,0,2014,2014]]}},{"type":"Feature","geometry":{"type":"Polygon","coordinates":[[[-149.34502,63.7338],[-149.34787,63.73249],[-149.34687,63.73088],[-149.34302,63.73056],[-149.34018,63.73186],[-149.34118,63.73348],[-149.34502,63.7338]]]},"properties":{"cell":"890c74c1543ffff","res":9,"coarsened":false,"count":12,"hv":12,"mp":0,"y0":2019,"y1":2026,"sp":[[11,9,9,0,2021,2026],[2,3,3,0,2019,2026]]}},{"type":"Feature","geometry":{"type":"Polygon","coordinates":[[[-149.23452,63.72623],[-149.23737,63.72493],[-149.23637,63.72331],[-149.23253,63.72299],[-149.22968,63.72429],[-149.23067,63.72591],[-149.23452,63.72623]]]},"properties":{"cell":"890c74c00abffff","res":9,"coarsened":false,"count":1,"hv":1,"mp":0,"y0":2022,"y1":2022,"sp":[[2,1,1,0,2022,2022]]}},{"type":"Feature","geometry":{"type":"Polygon","coordinates":[[[-150.32498,63.43057],[-150.32774,63.42924],[-150.32669,63.42764],[-150.32286,63.42735],[-150.32009,63.42867],[-150.32115,63.43028],[-150.32498,63.43057]]]},"properties":{"cell":"890c769407bffff","res":9,"coarsened":false,"count":2,"hv":2,"mp":0,"y0":2013,"y1":2014,"sp":[[14,1,1,0,2014,2014],[5,1,1,0,2013,2013]]}},{"type":"Feature","geometry":{"type":"Polygon","coordinates":[[[-149.42121,63.68012],[-149.42405,63.67882],[-149.42304,63.6772],[-149.4192,63.67689],[-149.41637,63.67819],[-149.41737,63.67981],[-149.42121,63.68012]]]},"properties":{"cell":"890c74ca8b7ffff","res":9,"coarsened":false,"count":1,"hv":1,"mp":0,"y0":2008,"y1":2008,"sp":[[1,1,1,0,2008,2008]]}},{"type":"Feature","geometry":{"type":"Polygon","coordinates":[[[-149.54303,63.57186],[-149.54585,63.57056],[-149.54484,63.56894],[-149.54101,63.56863],[-149.53819,63.56994],[-149.5392,63.57155],[-149.54303,63.57186]]]},"properties":{"cell":"890c74521bbffff","res":9,"coarsened":false,"count":1,"hv":1,"mp":0,"y0":2008,"y1":2008,"sp":[[7,1,1,0,2008,2008]]}},{"type":"Feature","geometry":{"type":"Polygon","coordinates":[[[-148.95088,63.73318],[-148.95374,63.73189],[-148.95277,63.73027],[-148.94894,63.72994],[-148.94607,63.73124],[-148.94705,63.73286],[-148.95088,63.73318]]]},"properties":{"cell":"890c74d5d0bffff","res":9,"coarsened":false,"count":3,"hv":3,"mp":0,"y0":2008,"y1":2025,"sp":[[4,1,1,0,2008,2008],[26,1,1,0,2024,2024],[2,1,1,0,2025,2025]]}},{"type":"Feature","geometry":{"type":"Polygon","coordinates":[[[-149.38966,63.68216],[-149.3925,63.68085],[-149.39149,63.67923],[-149.38765,63.67892],[-149.38482,63.68022],[-149.38582,63.68184],[-149.38966,63.68216]]]},"properties":{"cell":"890c74cad33ffff","res":9,"coarsened":false,"count":1,"hv":1,"mp":0,"y0":2008,"y1":2008,"sp":[[2,1,1,0,2008,2008]]}},{"type":"Feature","geometry":{"type":"Polygon","coordinates":[[[-149.29798,63.69306],[-149.30083,63.69176],[-149.29983,63.69014],[-149.29599,63.68983],[-149.29315,63.69113],[-149.29414,63.69275],[-149.29798,63.69306]]]},"properties":{"cell":"890c74c1c23ffff","res":9,"coarsened":false,"count":1,"hv":1,"mp":0,"y0":2008,"y1":2008,"sp":[[6,1,1,0,2008,2008]]}},{"type":"Feature","geometry":{"type":"Polygon","coordinates":[[[-149.83281,63.54127],[-149.83561,63.53996],[-149.83458,63.53835],[-149.83075,63.53805],[-149.82795,63.53936],[-149.82898,63.54097],[-149.83281,63.54127]]]},"properties":{"cell":"890c7451663ffff","res":9,"coarsened":false,"count":3,"hv":3,"mp":0,"y0":2008,"y1":2012,"sp":[[65,1,1,0,2008,2008],[8,1,1,0,2008,2008],[4,1,1,0,2012,2012]]}},{"type":"Feature","geometry":{"type":"Polygon","coordinates":[[[-149.61623,63.59001],[-149.61904,63.5887],[-149.61803,63.58709],[-149.6142,63.58678],[-149.61138,63.58809],[-149.6124,63.5897],[-149.61623,63.59001]]]},"properties":{"cell":"890c7452623ffff","res":9,"coarsened":false,"count":6,"hv":6,"mp":0,"y0":2008,"y1":2026,"sp":[[7,3,3,0,2008,2026],[2,2,2,0,2023,2023],[1,1,1,0,2026,2026]]}},{"type":"Feature","geometry":{"type":"Polygon","coordinates":[[[-149.61318,63.58516],[-149.616,63.58386],[-149.61498,63.58224],[-149.61115,63.58194],[-149.60834,63.58324],[-149.60935,63.58486],[-149.61318,63.58516]]]},"properties":{"cell":"890c745205bffff","res":9,"coarsened":false,"count":1,"hv":1,"mp":0,"y0":2008,"y1":2008,"sp":[[7,1,1,0,2008,2008]]}},{"type":"Feature","geometry":{"type":"Polygon","coordinates":[[[-150.04825,63.55341],[-150.05104,63.5521],[-150.05,63.55048],[-150.04616,63.55019],[-150.04336,63.55151],[-150.04441,63.55312],[-150.04825,63.55341]]]},"properties":{"cell":"890c745b443ffff","res":9,"coarsened":false,"count":2,"hv":2,"mp":0,"y0":2008,"y1":2008,"sp":[[1,2,2,0,2008,2008]]}},{"type":"Feature","geometry":{"type":"Polygon","coordinates":[[[-149.43932,63.70924],[-149.50595,63.69314],[-149.51162,63.66136],[-149.45082,63.64569],[-149.38431,63.66176],[-149.37848,63.69353],[-149.43932,63.70924]]]},"properties":{"cell":"860c74cafffffff","res":6,"coarsened":true,"count":4,"hv":4,"mp":0,"y0":2007,"y1":2018,"sp":[[0,4,4,0,2007,2018]]}},{"type":"Feature","geometry":{"type":"Polygon","coordinates":[[[-149.44672,63.66838],[-149.44956,63.66708],[-149.44855,63.66546],[-149.44471,63.66515],[-149.44188,63.66645],[-149.44288,63.66807],[-149.44672,63.66838]]]},"properties":{"cell":"890c74cab93ffff","res":9,"coarsened":false,"count":2,"hv":2,"mp":0,"y0":2008,"y1":2008,"sp":[[1,1,1,0,2008,2008],[2,1,1,0,2008,2008]]}},{"type":"Feature","geometry":{"type":"Polygon","coordinates":[[[-149.54248,63.61169],[-149.5453,63.61038],[-149.54429,63.60876],[-149.54046,63.60846],[-149.53763,63.60976],[-149.53864,63.61138],[-149.54248,63.61169]]]},"properties":{"cell":"890c74c8b57ffff","res":9,"coarsened":false,"count":2,"hv":2,"mp":0,"y0":2008,"y1":2026,"sp":[[1,1,1,0,2008,2008],[11,1,1,0,2026,2026]]}},{"type":"Feature","geometry":{"type":"Polygon","coordinates":[[[-149.35811,63.68418],[-149.36094,63.68288],[-149.35994,63.68126],[-149.3561,63.68095],[-149.35327,63.68225],[-149.35427,63.68387],[-149.35811,63.68418]]]},"properties":{"cell":"890c74c1e67ffff","res":9,"coarsened":false,"count":1,"hv":1,"mp":0,"y0":2008,"y1":2008,"sp":[[5,1,1,0,2008,2008]]}},{"type":"Feature","geometry":{"type":"Polygon","coordinates":[[[-150.6884,62.99239],[-150.69111,62.99107],[-150.69004,62.98947],[-150.68628,62.9892],[-150.68357,62.99053],[-150.68464,62.99212],[-150.6884,62.99239]]]},"properties":{"cell":"890c76a939bffff","res":9,"coarsened":false,"count":1,"hv":1,"mp":0,"y0":2011,"y1":2011,"sp":[[1,1,1,0,2011,2011]]}},{"type":"Feature","geometry":{"type":"Polygon","coordinates":[[[-151.38898,62.9136],[-151.39164,62.91226],[-151.39053,62.91067],[-151.38676,62.91042],[-151.38409,62.91175],[-151.3852,62.91335],[-151.38898,62.9136]]]},"properties":{"cell":"890c767259bffff","res":9,"coarsened":false,"count":1,"hv":1,"mp":0,"y0":2011,"y1":2011,"sp":[[2,1,1,0,2011,2011]]}},{"type":"Feature","geometry":{"type":"Polygon","coordinates":[[[-150.68963,63.04265],[-150.69234,63.04132],[-150.69128,63.03973],[-150.6875,63.03945],[-150.68479,63.04078],[-150.68586,63.04238],[-150.68963,63.04265]]]},"properties":{"cell":"890c7614987ffff","res":9,"coarsened":false,"count":1,"hv":1,"mp":0,"y0":2011,"y1":2011,"sp":[[2,1,1,0,2011,2011]]}},{"type":"Feature","geometry":{"type":"Polygon","coordinates":[[[-151.06147,62.93375],[-151.12535,62.91692],[-151.12879,62.8853],[-151.06852,62.87051],[-151.00474,62.88731],[-151.00114,62.91893],[-151.06147,62.93375]]]},"properties":{"cell":"860c760efffffff","res":6,"coarsened":true,"count":1,"hv":1,"mp":0,"y0":2011,"y1":2011,"sp":[[0,1,1,0,2011,2011]]}},{"type":"Feature","geometry":{"type":"Polygon","coordinates":[[[-151.07406,63.29982],[-151.07678,63.29848],[-151.07567,63.29688],[-151.07185,63.29662],[-151.06913,63.29795],[-151.07023,63.29955],[-151.07406,63.29982]]]},"properties":{"cell":"890c7689e53ffff","res":9,"coarsened":false,"count":1,"hv":1,"mp":0,"y0":2022,"y1":2022,"sp":[[7,1,1,0,2022,2022]]}},{"type":"Feature","geometry":{"type":"Polygon","coordinates":[[[-149.06764,63.72153],[-149.07049,63.72023],[-149.06951,63.71861],[-149.06568,63.71829],[-149.06282,63.71958],[-149.0638,63.7212],[-149.06764,63.72153]]]},"properties":{"cell":"890c74c2997ffff","res":9,"coarsened":false,"count":1,"hv":1,"mp":0,"y0":2022,"y1":2022,"sp":[[1,1,1,0,2022,2022]]}},{"type":"Feature","geometry":{"type":"Polygon","coordinates":[[[-149.39921,63.71519],[-149.40205,63.71388],[-149.40105,63.71226],[-149.3972,63.71195],[-149.39436,63.71325],[-149.39537,63.71487],[-149.39921,63.71519]]]},"properties":{"cell":"890c74c13dbffff","res":9,"coarsened":false,"count":1,"hv":1,"mp":0,"y0":2022,"y1":2022,"sp":[[1,1,1,0,2022,2022]]}},{"type":"Feature","geometry":{"type":"Polygon","coordinates":[[[-149.62703,63.57248],[-149.62984,63.57117],[-149.62883,63.56955],[-149.625,63.56925],[-149.62219,63.57056],[-149.6232,63.57217],[-149.62703,63.57248]]]},"properties":{"cell":"890c7452233ffff","res":9,"coarsened":false,"count":1,"hv":1,"mp":0,"y0":2022,"y1":2022,"sp":[[1,1,1,0,2022,2022]]}},{"type":"Feature","geometry":{"type":"Polygon","coordinates":[[[-150.86099,63.47881],[-150.86374,63.47747],[-150.86265,63.47587],[-150.8588,63.47559],[-150.85605,63.47693],[-150.85715,63.47853],[-150.86099,63.47881]]]},"properties":{"cell":"890c76980bbffff","res":9,"coarsened":false,"count":1,"hv":1,"mp":0,"y0":2022,"y1":2022,"sp":[[11,1,1,0,2022,2022]]}},{"type":"Feature","geometry":{"type":"Polygon","coordinates":[[[-150.58288,63.44046],[-150.58563,63.43913],[-150.58456,63.43752],[-150.58072,63.43724],[-150.57797,63.43857],[-150.57904,63.44018],[-150.58288,63.44046]]]},"properties":{"cell":"890c7682637ffff","res":9,"coarsened":false,"count":2,"hv":2,"mp":0,"y0":2019,"y1":2022,"sp":[[118,1,1,0,2022,2022],[1,1,1,0,2019,2019]]}},{"type":"Feature","geometry":{"type":"Polygon","coordinates":[[[-150.31817,63.29869],[-150.32092,63.29737],[-150.31987,63.29576],[-150.31606,63.29548],[-150.31331,63.2968],[-150.31436,63.2984],[-150.31817,63.29869]]]},"properties":{"cell":"890c7686e6bffff","res":9,"coarsened":false,"count":1,"hv":1,"mp":0,"y0":2022,"y1":2022,"sp":[[72,1,1,0,2022,2022]]}},{"type":"Feature","geometry":{"type":"Polygon","coordinates":[[[-149.35172,63.73281],[-149.35456,63.73151],[-149.35356,63.72989],[-149.34971,63.72957],[-149.34687,63.73088],[-149.34787,63.73249],[-149.35172,63.73281]]]},"properties":{"cell":"890c74c154bffff","res":9,"coarsened":false,"count":10,"hv":10,"mp":0,"y0":2022,"y1":2026,"sp":[[11,6,6,0,2022,2026],[1,2,2,0,2022,2024],[5,2,2,0,2025,2026]]}},{"type":"Feature","geometry":{"type":"Polygon","coordinates":[[[-148.88957,63.73411],[-148.89244,63.73282],[-148.89147,63.7312],[-148.88763,63.73087],[-148.88477,63.73217],[-148.88574,63.73379],[-148.88957,63.73411]]]},"properties":{"cell":"890c74d4e23ffff","res":9,"coarsened":false,"count":5,"hv":5,"mp":0,"y0":1983,"y1":2025,"sp":[[2,3,3,0,2019,2025],[28,1,1,0,2013,2013],[31,1,1,0,1983,1983]]}},{"type":"Feature","geometry":{"type":"Polygon","coordinates":[[[-151.13812,63.3134],[-151.14084,63.31206],[-151.13972,63.31046],[-151.1359,63.31019],[-151.13318,63.31153],[-151.13429,63.31313],[-151.13812,63.3134]]]},"properties":{"cell":"890c768926fffff","res":9,"coarsened":false,"count":1,"hv":1,"mp":0,"y0":2013,"y1":2013,"sp":[[7,1,1,0,2013,2013]]}},{"type":"Feature","geometry":{"type":"Polygon","coordinates":[[[-151.04301,63.31292],[-151.04574,63.31158],[-151.04463,63.30998],[-151.04081,63.30971],[-151.03808,63.31105],[-151.03919,63.31265],[-151.04301,63.31292]]]},"properties":{"cell":"890c768913bffff","res":9,"coarsened":false,"count":1,"hv":1,"mp":0,"y0":2013,"y1":2013,"sp":[[16,1,1,0,2013,2013]]}},{"type":"Feature","geometry":{"type":"Polygon","coordinates":[[[-151.08863,63.08911],[-151.09132,63.08778],[-151.09023,63.08618],[-151.08643,63.08592],[-151.08374,63.08725],[-151.08483,63.08885],[-151.08863,63.08911]]]},"properties":{"cell":"890c7602213ffff","res":9,"coarsened":false,"count":1,"hv":1,"mp":0,"y0":2022,"y1":2022,"sp":[[16,1,1,0,2022,2022]]}},{"type":"Feature","geometry":{"type":"Polygon","coordinates":[[[-149.32194,63.7319],[-149.32479,63.7306],[-149.32379,63.72898],[-149.31994,63.72867],[-149.3171,63.72997],[-149.3181,63.73159],[-149.32194,63.7319]]]},"properties":{"cell":"890c74c1507ffff","res":9,"coarsened":false,"count":11,"hv":11,"mp":0,"y0":2019,"y1":2026,"sp":[[11,4,4,0,2023,2026],[1,4,4,0,2022,2026],[46,1,1,0,2019,2019],[2,1,1,0,2019,2019],[7,1,1,0,2025,2025]]}},{"type":"Feature","geometry":{"type":"Polygon","coordinates":[[[-151.13086,63.08747],[-151.13355,63.08613],[-151.13245,63.08454],[-151.12866,63.08427],[-151.12596,63.08561],[-151.12706,63.08721],[-151.13086,63.08747]]]},"properties":{"cell":"890c760319bffff","res":9,"coarsened":false,"count":1,"hv":1,"mp":0,"y0":2013,"y1":2013,"sp":[[2,1,1,0,2013,2013]]}},{"type":"Feature","geometry":{"type":"Polygon","coordinates":[[[-151.17811,63.09832],[-151.18081,63.09699],[-151.1797,63.09539],[-151.17591,63.09513],[-151.17321,63.09647],[-151.17432,63.09806],[-151.17811,63.09832]]]},"properties":{"cell":"890c76030c3ffff","res":9,"coarsened":false,"count":1,"hv":1,"mp":0,"y0":2013,"y1":2013,"sp":[[32,1,1,0,2013,2013]]}},{"type":"Feature","geometry":{"type":"Polygon","coordinates":[[[-151.12426,63.07789],[-151.12695,63.07655],[-151.12585,63.07496],[-151.12206,63.0747],[-151.11937,63.07603],[-151.12047,63.07763],[-151.12426,63.07789]]]},"properties":{"cell":"890c76031abffff","res":9,"coarsened":false,"count":1,"hv":1,"mp":0,"y0":2013,"y1":2013,"sp":[[11,1,1,0,2013,2013]]}},{"type":"Feature","geometry":{"type":"Polygon","coordinates":[[[-149.27765,63.72518],[-149.2805,63.72388],[-149.2795,63.72226],[-149.27566,63.72195],[-149.27281,63.72325],[-149.27381,63.72487],[-149.27765,63.72518]]]},"properties":{"cell":"890c74c0287ffff","res":9,"coarsened":false,"count":5,"hv":5,"mp":0,"y0":2015,"y1":2026,"sp":[[1,3,3,0,2015,2025],[11,2,2,0,2024,2026]]}},{"type":"Feature","geometry":{"type":"Polygon","coordinates":[[[-148.94521,63.74193],[-148.94808,63.74063],[-148.9471,63.73901],[-148.94327,63.73869],[-148.9404,63.73998],[-148.94138,63.7416],[-148.94521,63.74193]]]},"properties":{"cell":"890c74d5dd7ffff","res":9,"coarsened":false,"count":6,"hv":6,"mp":0,"y0":2012,"y1":2026,"sp":[[36,3,3,0,2012,2025],[1,1,1,0,2022,2022],[10,1,1,0,2018,2018],[26,1,1,0,2026,2026]]}},{"type":"Feature","geometry":{"type":"Polygon","coordinates":[[[-151.1539,62.96899],[-151.15658,62.96765],[-151.15548,62.96606],[-151.15171,62.9658],[-151.14903,62.96713],[-151.15012,62.96873],[-151.1539,62.96899]]]},"properties":{"cell":"890c760e68bffff","res":9,"coarsened":false,"count":1,"hv":1,"mp":0,"y0":2022,"y1":2022,"sp":[[120,1,1,0,2022,2022]]}},{"type":"Feature","geometry":{"type":"Polygon","coordinates":[[[-148.93938,63.73221],[-148.94224,63.73091],[-148.94126,63.72929],[-148.93743,63.72897],[-148.93457,63.73026],[-148.93554,63.73188],[-148.93938,63.73221]]]},"properties":{"cell":"890c74d5d07ffff","res":9,"coarsened":false,"count":2,"hv":2,"mp":0,"y0":2022,"y1":2024,"sp":[[67,1,1,0,2022,2022],[4,1,1,0,2024,2024]]}},{"type":"Feature","geometry":{"type":"Polygon","coordinates":[[[-148.99861,63.80029],[-149.00148,63.79899],[-149.0005,63.79737],[-148.99665,63.79704],[-148.99378,63.79834],[-148.99476,63.79996],[-148.99861,63.80029]]]},"properties":{"cell":"890c74d7347ffff","res":9,"coarsened":false,"count":2,"hv":2,"mp":0,"y0":2019,"y1":2022,"sp":[[8,1,1,0,2022,2022],[4,1,1,0,2019,2019]]}},{"type":"Feature","geometry":{"type":"Polygon","coordinates":[[[-149.95077,63.51526],[-149.95357,63.51394],[-149.95253,63.51233],[-149.9487,63.51203],[-149.94591,63.51335],[-149.94694,63.51496],[-149.95077,63.51526]]]},"properties":{"cell":"890c745a35bffff","res":9,"coarsened":false,"count":1,"hv":1,"mp":0,"y0":2012,"y1":2012,"sp":[[4,1,1,0,2012,2012]]}},{"type":"Feature","geometry":{"type":"Polygon","coordinates":[[[-151.05674,63.39629],[-151.05947,63.39495],[-151.05836,63.39335],[-151.05452,63.39308],[-151.05179,63.39442],[-151.0529,63.39602],[-151.05674,63.39629]]]},"properties":{"cell":"890c768b6cfffff","res":9,"coarsened":false,"count":1,"hv":1,"mp":0,"y0":2012,"y1":2012,"sp":[[2,1,1,0,2012,2012]]}},{"type":"Feature","geometry":{"type":"Polygon","coordinates":[[[-151.10425,63.37515],[-151.10698,63.37381],[-151.10587,63.37221],[-151.10203,63.37194],[-151.0993,63.37328],[-151.10041,63.37489],[-151.10425,63.37515]]]},"properties":{"cell":"890c76d4d6fffff","res":9,"coarsened":false,"count":1,"hv":1,"mp":0,"y0":2012,"y1":2012,"sp":[[48,1,1,0,2012,2012]]}},{"type":"Feature","geometry":{"type":"Polygon","coordinates":[[[-150.43402,63.39742],[-150.43678,63.3961],[-150.43571,63.39449],[-150.43189,63.39421],[-150.42913,63.39553],[-150.4302,63.39714],[-150.43402,63.39742]]]},"properties":{"cell":"890c7695e4fffff","res":9,"coarsened":false,"count":1,"hv":1,"mp":0,"y0":1999,"y1":1999,"sp":[[11,1,1,0,1999,1999]]}},{"type":"Feature","geometry":{"type":"Polygon","coordinates":[[[-151.14725,63.10077],[-151.14994,63.09943],[-151.14884,63.09783],[-151.14505,63.09757],[-151.14235,63.09891],[-151.14345,63.10051],[-151.14725,63.10077]]]},"properties":{"cell":"890c760355bffff","res":9,"coarsened":false,"count":2,"hv":2,"mp":0,"y0":2022,"y1":2022,"sp":[[4,1,1,0,2022,2022],[11,1,1,0,2022,2022]]}},{"type":"Feature","geometry":{"type":"Polygon","coordinates":[[[-151.15055,63.10556],[-151.15325,63.10422],[-151.15215,63.10262],[-151.14835,63.10236],[-151.14566,63.1037],[-151.14676,63.1053],[-151.15055,63.10556]]]},"properties":{"cell":"890c7603423ffff","res":9,"coarsened":false,"count":1,"hv":1,"mp":0,"y0":2022,"y1":2022,"sp":[[1,1,1,0,2022,2022]]}},{"type":"Feature","geometry":{"type":"Polygon","coordinates":[[[-148.88768,63.73703],[-148.89054,63.73573],[-148.88957,63.73411],[-148.88574,63.73379],[-148.88287,63.73508],[-148.88384,63.7367],[-148.88768,63.73703]]]},"properties":{"cell":"890c74d4e33ffff","res":9,"coarsened":false,"count":4,"hv":4,"mp":0,"y0":2022,"y1":2025,"sp":[[2,2,2,0,2022,2025],[13,1,1,0,2023,2023],[36,1,1,0,2024,2024]]}},{"type":"Feature","geometry":{"type":"Polygon","coordinates":[[[-149.37731,63.72108],[-149.38015,63.71977],[-149.37915,63.71816],[-149.3753,63.71784],[-149.37246,63.71915],[-149.37347,63.72076],[-149.37731,63.72108]]]},"properties":{"cell":"890c74c1077ffff","res":9,"coarsened":false,"count":3,"hv":3,"mp":0,"y0":2022,"y1":2022,"sp":[[1,3,3,0,2022,2022]]}},{"type":"Feature","geometry":{"type":"Polygon","coordinates":[[[-149.53591,63.70016],[-149.53874,63.69886],[-149.53773,63.69724],[-149.53388,63.69693],[-149.53105,63.69824],[-149.53206,63.69985],[-149.53591,63.70016]]]},"properties":{"cell":"890c74c84b7ffff","res":9,"coarsened":false,"count":7,"hv":7,"mp":0,"y0":2022,"y1":2022,"sp":[[1,4,4,0,2022,2022],[4,2,2,0,2022,2022],[7,1,1,0,2022,2022]]}},{"type":"Feature","geometry":{"type":"Polygon","coordinates":[[[-149.35375,63.70072],[-149.35659,63.69941],[-149.35559,63.6978],[-149.35175,63.69748],[-149.34891,63.69878],[-149.34991,63.7004],[-149.35375,63.70072]]]},"properties":{"cell":"890c74c1ed7ffff","res":9,"coarsened":false,"count":1,"hv":1,"mp":0,"y0":2022,"y1":2022,"sp":[[4,1,1,0,2022,2022]]}},{"type":"Feature","geometry":{"type":"Polygon","coordinates":[[[-149.79253,63.55802],[-149.79533,63.55671],[-149.79431,63.5551],[-149.79048,63.5548],[-149.78767,63.55611],[-149.7887,63.55772],[-149.79253,63.55802]]]},"properties":{"cell":"890c7451453ffff","res":9,"coarsened":false,"count":15,"hv":15,"mp":0,"y0":2012,"y1":2026,"sp":[[1,7,7,0,2012,2026],[11,4,4,0,2024,2026],[4,3,3,0,2023,2025],[6,1,1,0,2022,2022]]}},{"type":"Feature","geometry":{"type":"Polygon","coordinates":[[[-151.14466,63.31232],[-151.2095,63.29542],[-151.21288,63.26363],[-151.15161,63.24876],[-151.08687,63.26564],[-151.08332,63.29741],[-151.14466,63.31232]]]},"properties":{"cell":"860c76c6fffffff","res":6,"coarsened":true,"count":1,"hv":1,"mp":0,"y0":2022,"y1":2022,"sp":[[0,1,1,0,2022,2022]]}},{"type":"Feature","geometry":{"type":"Polygon","coordinates":[[[-149.58019,63.67763],[-149.58302,63.67632],[-149.582,63.6747],[-149.57816,63.6744],[-149.57533,63.6757],[-149.57635,63.67732],[-149.58019,63.67763]]]},"properties":{"cell":"890c74c800bffff","res":9,"coarsened":false,"count":5,"hv":5,"mp":0,"y0":2022,"y1":2026,"sp":[[26,2,2,0,2024,2025],[16,1,1,0,2022,2022],[43,1,1,0,2024,2024],[11,1,1,0,2026,2026]]}},{"type":"Feature","geometry":{"type":"Polygon","coordinates":[[[-149.62039,63.57348],[-149.6232,63.57217],[-149.62219,63.57056],[-149.61836,63.57025],[-149.61554,63.57156],[-149.61656,63.57317],[-149.62039,63.57348]]]},"properties":{"cell":"890c74522afffff","res":9,"coarsened":false,"count":1,"hv":1,"mp":0,"y0":2022,"y1":2022,"sp":[[1,1,1,0,2022,2022]]}},{"type":"Feature","geometry":{"type":"Polygon","coordinates":[[[-149.56866,63.6767],[-149.57149,63.67539],[-149.57047,63.67378],[-149.56663,63.67347],[-149.5638,63.67478],[-149.56481,63.67639],[-149.56866,63.6767]]]},"properties":{"cell":"890c74c8007ffff","res":9,"coarsened":false,"count":1,"hv":1,"mp":0,"y0":2022,"y1":2022,"sp":[[44,1,1,0,2022,2022]]}},{"type":"Feature","geometry":{"type":"Polygon","coordinates":[[[-148.88427,63.65836],[-148.88713,63.65706],[-148.88616,63.65544],[-148.88234,63.65512],[-148.87948,63.65641],[-148.88045,63.65803],[-148.88427,63.65836]]]},"properties":{"cell":"890c74c6ccbffff","res":9,"coarsened":false,"count":9,"hv":9,"mp":0,"y0":2013,"y1":2025,"sp":[[11,2,2,0,2013,2025],[1,2,2,0,2024,2025],[26,2,2,0,2025,2025],[16,1,1,0,2025,2025],[7,1,1,0,2025,2025],[25,1,1,0,2025,2025]]}},{"type":"Feature","geometry":{"type":"Polygon","coordinates":[[[-150.88079,63.48633],[-150.88354,63.48499],[-150.88244,63.48338],[-150.87859,63.48311],[-150.87584,63.48445],[-150.87694,63.48605],[-150.88079,63.48633]]]},"properties":{"cell":"890c76980d3ffff","res":9,"coarsened":false,"count":2,"hv":2,"mp":0,"y0":2005,"y1":2013,"sp":[[24,1,1,0,2013,2013],[15,1,1,0,2005,2005]]}},{"type":"Feature","geometry":{"type":"Polygon","coordinates":[[[-150.43867,63.50326],[-150.44144,63.50194],[-150.44037,63.50033],[-150.43653,63.50005],[-150.43376,63.50137],[-150.43483,63.50298],[-150.43867,63.50326]]]},"properties":{"cell":"890c7692b77ffff","res":9,"coarsened":false,"count":1,"hv":1,"mp":0,"y0":2013,"y1":2013,"sp":[[31,1,1,0,2013,2013]]}},{"type":"Feature","geometry":{"type":"Polygon","coordinates":[[[-150.46511,63.4991],[-150.46788,63.49777],[-150.46681,63.49616],[-150.46297,63.49588],[-150.4602,63.49721],[-150.46127,63.49882],[-150.46511,63.4991]]]},"properties":{"cell":"890c7690cafffff","res":9,"coarsened":false,"count":1,"hv":1,"mp":0,"y0":2013,"y1":2013,"sp":[[60,1,1,0,2013,2013]]}},{"type":"Feature","geometry":{"type":"Polygon","coordinates":[[[-149.6921,63.62366],[-149.69491,63.62235],[-149.69389,63.62074],[-149.69005,63.62043],[-149.68723,63.62174],[-149.68826,63.62336],[-149.6921,63.62366]]]},"properties":{"cell":"890c74c9a03ffff","res":9,"coarsened":false,"count":1,"hv":1,"mp":0,"y0":2021,"y1":2021,"sp":[[7,1,1,0,2021,2021]]}},{"type":"Feature","geometry":{"type":"Polygon","coordinates":[[[-150.82152,63.43168],[-150.82427,63.43034],[-150.82318,63.42874],[-150.81934,63.42846],[-150.81659,63.4298],[-150.81768,63.4314],[-150.82152,63.43168]]]},"properties":{"cell":"890c769881bffff","res":9,"coarsened":false,"count":2,"hv":2,"mp":0,"y0":2021,"y1":2023,"sp":[[19,1,1,0,2021,2021],[2,1,1,0,2023,2023]]}},{"type":"Feature","geometry":{"type":"Polygon","coordinates":[[[-150.4941,63.43853],[-150.49686,63.43721],[-150.49579,63.4356],[-150.49195,63.43532],[-150.48919,63.43665],[-150.49026,63.43825],[-150.4941,63.43853]]]},"properties":{"cell":"890c76825a7ffff","res":9,"coarsened":false,"count":4,"hv":4,"mp":0,"y0":2021,"y1":2025,"sp":[[2,2,2,0,2021,2025],[41,1,1,0,2025,2025],[31,1,1,0,2025,2025]]}},{"type":"Feature","geometry":{"type":"Polygon","coordinates":[[[-150.21396,63.46656],[-150.21674,63.46524],[-150.21568,63.46363],[-150.21186,63.46334],[-150.20908,63.46466],[-150.21013,63.46627],[-150.21396,63.46656]]]},"properties":{"cell":"890c7696173ffff","res":9,"coarsened":false,"count":1,"hv":1,"mp":0,"y0":2021,"y1":2021,"sp":[[5,1,1,0,2021,2021]]}},{"type":"Feature","geometry":{"type":"Polygon","coordinates":[[[-150.79217,63.35627],[-150.79491,63.35494],[-150.79382,63.35334],[-150.78999,63.35306],[-150.78725,63.35439],[-150.78834,63.356],[-150.79217,63.35627]]]},"properties":{"cell":"890c768acb7ffff","res":9,"coarsened":false,"count":1,"hv":1,"mp":0,"y0":2022,"y1":2022,"sp":[[4,1,1,0,2022,2022]]}},{"type":"Feature","geometry":{"type":"Polygon","coordinates":[[[-148.93252,63.71471],[-148.93538,63.71342],[-148.9344,63.7118],[-148.93057,63.71147],[-148.92771,63.71277],[-148.92868,63.71439],[-148.93252,63.71471]]]},"properties":{"cell":"890c74d59b7ffff","res":9,"coarsened":false,"count":3,"hv":3,"mp":0,"y0":2022,"y1":2024,"sp":[[36,1,1,0,2022,2022],[16,1,1,0,2022,2022],[107,1,1,0,2024,2024]]}},{"type":"Feature","geometry":{"type":"Polygon","coordinates":[[[-149.66616,63.54801],[-149.66897,63.54671],[-149.66796,63.54509],[-149.66413,63.54479],[-149.66132,63.5461],[-149.66234,63.54771],[-149.66616,63.54801]]]},"properties":{"cell":"890c745046bffff","res":9,"coarsened":false,"count":1,"hv":1,"mp":0,"y0":2022,"y1":2022,"sp":[[1,1,1,0,2022,2022]]}},{"type":"Feature","geometry":{"type":"Polygon","coordinates":[[[-148.93268,63.73317],[-148.93554,63.73188],[-148.93457,63.73026],[-148.93073,63.72993],[-148.92787,63.73123],[-148.92884,63.73285],[-148.93268,63.73317]]]},"properties":{"cell":"890c74d5dabffff","res":9,"coarsened":false,"count":5,"hv":5,"mp":0,"y0":2021,"y1":2026,"sp":[[70,1,1,0,2022,2022],[43,1,1,0,2021,2021],[102,1,1,0,2025,2025],[36,1,1,0,2025,2025],[2,1,1,0,2026,2026]]}},{"type":"Feature","geometry":{"type":"Polygon","coordinates":[[[-149.27067,63.75534],[-149.27352,63.75404],[-149.27252,63.75242],[-149.26867,63.75211],[-149.26582,63.75341],[-149.26682,63.75503],[-149.27067,63.75534]]]},"properties":{"cell":"890c74c3177ffff","res":9,"coarsened":false,"count":1,"hv":1,"mp":0,"y0":2022,"y1":2022,"sp":[[12,1,1,0,2022,2022]]}},{"type":"Feature","geometry":{"type":"Polygon","coordinates":[[[-149.79561,63.56286],[-149.79841,63.56155],[-149.79739,63.55994],[-149.79355,63.55964],[-149.79075,63.56095],[-149.79177,63.56256],[-149.79561,63.56286]]]},"properties":{"cell":"890c2924937ffff","res":9,"coarsened":false,"count":10,"hv":10,"mp":0,"y0":2022,"y1":2026,"sp":[[1,3,3,0,2022,2025],[4,3,3,0,2024,2026],[11,2,2,0,2023,2026],[3,1,1,0,2022,2022],[6,1,1,0,2025,2025]]}},{"type":"Feature","geometry":{"type":"Polygon","coordinates":[[[-148.91709,63.7011],[-148.91995,63.69981],[-148.91898,63.69819],[-148.91515,63.69786],[-148.91229,63.69916],[-148.91326,63.70078],[-148.91709,63.7011]]]},"properties":{"cell":"890c74c6417ffff","res":9,"coarsened":false,"count":1,"hv":1,"mp":0,"y0":2022,"y1":2022,"sp":[[26,1,1,0,2022,2022]]}},{"type":"Feature","geometry":{"type":"Polygon","coordinates":[[[-149.47332,63.72275],[-149.47616,63.72144],[-149.47515,63.71983],[-149.4713,63.71951],[-149.46846,63.72082],[-149.46947,63.72244],[-149.47332,63.72275]]]},"properties":{"cell":"890c74ca1d3ffff","res":9,"coarsened":false,"count":4,"hv":4,"mp":0,"y0":2015,"y1":2022,"sp":[[43,2,2,0,2022,2022],[54,1,1,0,2022,2022],[1,1,1,0,2015,2015]]}},{"type":"Feature","geometry":{"type":"Polygon","coordinates":[[[-150.14796,63.36524],[-150.15073,63.36392],[-150.14968,63.36231],[-150.14587,63.36202],[-150.14311,63.36334],[-150.14415,63.36495],[-150.14796,63.36524]]]},"properties":{"cell":"890c744b373ffff","res":9,"coarsened":false,"count":5,"hv":5,"mp":0,"y0":2015,"y1":2015,"sp":[[7,2,2,0,2015,2015],[1,1,1,0,2015,2015],[4,1,1,0,2015,2015],[5,1,1,0,2015,2015]]}},{"type":"Feature","geometry":{"type":"Polygon","coordinates":[[[-150.12171,63.41978],[-150.18726,63.40337],[-150.19198,63.37164],[-150.13132,63.35633],[-150.06587,63.37271],[-150.06098,63.40443],[-150.12171,63.41978]]]},"properties":{"cell":"860c744b7ffffff","res":6,"coarsened":true,"count":1,"hv":1,"mp":0,"y0":2015,"y1":2015,"sp":[[0,1,1,0,2015,2015]]}},{"type":"Feature","geometry":{"type":"Polygon","coordinates":[[[-148.90399,63.73996],[-148.90685,63.73866],[-148.90588,63.73704],[-148.90205,63.73672],[-148.89918,63.73801],[-148.90015,63.73963],[-148.90399,63.73996]]]},"properties":{"cell":"890c74d4e0bffff","res":9,"coarsened":false,"count":7,"hv":7,"mp":0,"y0":2017,"y1":2026,"sp":[[2,5,5,0,2017,2026],[19,1,1,0,2019,2019],[43,1,1,0,2025,2025]]}},{"type":"Feature","geometry":{"type":"Polygon","coordinates":[[[-149.33733,63.62108],[-149.34016,63.61978],[-149.33917,63.61816],[-149.33534,63.61785],[-149.33251,63.61915],[-149.3335,63.62076],[-149.33733,63.62108]]]},"properties":{"cell":"890c74cf1b3ffff","res":9,"coarsened":false,"count":1,"hv":1,"mp":0,"y0":2022,"y1":2022,"sp":[[26,1,1,0,2022,2022]]}},{"type":"Feature","geometry":{"type":"Polygon","coordinates":[[[-149.93424,63.43287],[-149.93702,63.43155],[-149.93599,63.42994],[-149.93217,63.42965],[-149.92939,63.43096],[-149.93042,63.43257],[-149.93424,63.43287]]]},"properties":{"cell":"890c7458877ffff","res":9,"coarsened":false,"count":1,"hv":1,"mp":0,"y0":2022,"y1":2022,"sp":[[1,1,1,0,2022,2022]]}},{"type":"Feature","geometry":{"type":"Polygon","coordinates":[[[-150.29287,63.3319],[-150.29562,63.33058],[-150.29457,63.32898],[-150.29076,63.32869],[-150.288,63.33001],[-150.28906,63.33162],[-150.29287,63.3319]]]},"properties":{"cell":"890c76861c7ffff","res":9,"coarsened":false,"count":1,"hv":1,"mp":0,"y0":2022,"y1":2022,"sp":[[4,1,1,0,2022,2022]]}},{"type":"Feature","geometry":{"type":"Polygon","coordinates":[[[-150.25174,63.34102],[-150.2545,63.33971],[-150.25345,63.3381],[-150.24964,63.33781],[-150.24688,63.33913],[-150.24793,63.34074],[-150.25174,63.34102]]]},"properties":{"cell":"890c74492c3ffff","res":9,"coarsened":false,"count":1,"hv":1,"mp":0,"y0":2022,"y1":2022,"sp":[[8,1,1,0,2022,2022]]}},{"type":"Feature","geometry":{"type":"Polygon","coordinates":[[[-150.35111,63.21116],[-150.35385,63.20984],[-150.3528,63.20823],[-150.349,63.20795],[-150.34626,63.20927],[-150.34731,63.21087],[-150.35111,63.21116]]]},"properties":{"cell":"890c76ba583ffff","res":9,"coarsened":false,"count":1,"hv":1,"mp":0,"y0":2022,"y1":2022,"sp":[[14,1,1,0,2022,2022]]}},{"type":"Feature","geometry":{"type":"Polygon","coordinates":[[[-150.32995,62.84911],[-150.39391,62.83264],[-150.39826,62.80111],[-150.33882,62.78607],[-150.27496,62.8025],[-150.27045,62.83402],[-150.32995,62.84911]]]},"properties":{"cell":"860c76367ffffff","res":6,"coarsened":true,"count":1,"hv":1,"mp":0,"y0":2017,"y1":2017,"sp":[[0,1,1,0,2017,2017]]}},{"type":"Feature","geometry":{"type":"Polygon","coordinates":[[[-150.57143,62.65937],[-150.5741,62.65805],[-150.57306,62.65646],[-150.56934,62.65619],[-150.56667,62.6575],[-150.56771,62.65909],[-150.57143,62.65937]]]},"properties":{"cell":"890c7627227ffff","res":9,"coarsened":false,"count":1,"hv":1,"mp":0,"y0":2017,"y1":2017,"sp":[[2,1,1,0,2017,2017]]}},{"type":"Feature","geometry":{"type":"Polygon","coordinates":[[[-149.24903,63.73204],[-149.25188,63.73074],[-149.25088,63.72912],[-149.24704,63.7288],[-149.24419,63.7301],[-149.24519,63.73172],[-149.24903,63.73204]]]},"properties":{"cell":"890c74c00c7ffff","res":9,"coarsened":false,"count":4,"hv":4,"mp":0,"y0":2022,"y1":2026,"sp":[[6,1,1,0,2022,2022],[12,1,1,0,2023,2023],[41,1,1,0,2025,2025],[1,1,1,0,2026,2026]]}},{"type":"Feature","geometry":{"type":"Polygon","coordinates":[[[-149.60236,63.6027],[-149.60518,63.60139],[-149.60417,63.59977],[-149.60034,63.59947],[-149.59752,63.60077],[-149.59853,63.60239],[-149.60236,63.6027]]]},"properties":{"cell":"890c745244bffff","res":9,"coarsened":false,"count":5,"hv":5,"mp":0,"y0":2019,"y1":2025,"sp":[[7,4,4,0,2019,2024],[11,1,1,0,2025,2025]]}},{"type":"Feature","geometry":{"type":"Polygon","coordinates":[[[-149.8032,63.54048],[-149.806,63.53917],[-149.80497,63.53756],[-149.80114,63.53725],[-149.79834,63.53857],[-149.79937,63.54018],[-149.8032,63.54048]]]},"properties":{"cell":"890c74510cbffff","res":9,"coarsened":false,"count":2,"hv":2,"mp":0,"y0":2022,"y1":2025,"sp":[[33,1,1,0,2022,2022],[1,1,1,0,2025,2025]]}},{"type":"Feature","geometry":{"type":"Polygon","coordinates":[[[-149.79786,63.54925],[-149.80067,63.54794],[-149.79964,63.54633],[-149.79581,63.54603],[-149.79301,63.54734],[-149.79403,63.54895],[-149.79786,63.54925]]]},"properties":{"cell":"890c74516b7ffff","res":9,"coarsened":false,"count":5,"hv":5,"mp":0,"y0":2022,"y1":2022,"sp":[[6,3,3,0,2022,2022],[4,2,2,0,2022,2022]]}},{"type":"Feature","geometry":{"type":"Polygon","coordinates":[[[-149.08369,63.70597],[-149.08655,63.70467],[-149.08556,63.70305],[-149.08173,63.70273],[-149.07888,63.70403],[-149.07986,63.70565],[-149.08369,63.70597]]]},"properties":{"cell":"890c74c292bffff","res":9,"coarsened":false,"count":1,"hv":1,"mp":0,"y0":2022,"y1":2022,"sp":[[4,1,1,0,2022,2022]]}},{"type":"Feature","geometry":{"type":"Polygon","coordinates":[[[-149.09707,63.70402],[-149.09992,63.70272],[-149.09894,63.7011],[-149.0951,63.70078],[-149.09225,63.70208],[-149.09323,63.7037],[-149.09707,63.70402]]]},"properties":{"cell":"890c74c296fffff","res":9,"coarsened":false,"count":1,"hv":1,"mp":0,"y0":2022,"y1":2022,"sp":[[2,1,1,0,2022,2022]]}},{"type":"Feature","geometry":{"type":"Polygon","coordinates":[[[-149.13237,63.69622],[-149.13522,63.69492],[-149.13423,63.6933],[-149.1304,63.69298],[-149.12755,63.69428],[-149.12853,63.6959],[-149.13237,63.69622]]]},"properties":{"cell":"890c74c0d93ffff","res":9,"coarsened":false,"count":1,"hv":1,"mp":0,"y0":2022,"y1":2022,"sp":[[2,1,1,0,2022,2022]]}},{"type":"Feature","geometry":{"type":"Polygon","coordinates":[[[-149.24532,63.73788],[-149.24817,63.73658],[-149.24718,63.73496],[-149.24333,63.73464],[-149.24048,63.73594],[-149.24148,63.73756],[-149.24532,63.73788]]]},"properties":{"cell":"890c74c046fffff","res":9,"coarsened":false,"count":6,"hv":6,"mp":0,"y0":2022,"y1":2025,"sp":[[2,2,2,0,2022,2023],[50,1,1,0,2023,2023],[4,1,1,0,2025,2025],[16,1,1,0,2025,2025],[6,1,1,0,2025,2025]]}},{"type":"Feature","geometry":{"type":"Polygon","coordinates":[[[-149.79609,63.55218],[-149.79889,63.55086],[-149.79786,63.54925],[-149.79403,63.54895],[-149.79123,63.55026],[-149.79225,63.55187],[-149.79609,63.55218]]]},"properties":{"cell":"890c745144fffff","res":9,"coarsened":false,"count":4,"hv":4,"mp":0,"y0":2022,"y1":2023,"sp":[[4,2,2,0,2022,2023],[11,2,2,0,2023,2023]]}},{"type":"Feature","geometry":{"type":"Polygon","coordinates":[[[-149.66024,63.56746],[-149.66306,63.56616],[-149.66204,63.56454],[-149.65821,63.56424],[-149.6554,63.56554],[-149.65641,63.56716],[-149.66024,63.56746]]]},"properties":{"cell":"890c74531a7ffff","res":9,"coarsened":false,"count":1,"hv":1,"mp":0,"y0":2022,"y1":2022,"sp":[[4,1,1,0,2022,2022]]}},{"type":"Feature","geometry":{"type":"Polygon","coordinates":[[[-149.52012,63.71578],[-149.52296,63.71448],[-149.52195,63.71286],[-149.5181,63.71255],[-149.51526,63.71386],[-149.51628,63.71547],[-149.52012,63.71578]]]},"properties":{"cell":"890c74ca3d3ffff","res":9,"coarsened":false,"count":3,"hv":3,"mp":0,"y0":2022,"y1":2024,"sp":[[11,3,3,0,2022,2024]]}},{"type":"Feature","geometry":{"type":"Polygon","coordinates":[[[-149.60778,63.59393],[-149.61059,63.59262],[-149.60958,63.59101],[-149.60575,63.5907],[-149.60293,63.59201],[-149.60394,63.59362],[-149.60778,63.59393]]]},"properties":{"cell":"890c74526afffff","res":9,"coarsened":false,"count":2,"hv":2,"mp":0,"y0":2002,"y1":2022,"sp":[[1,2,2,0,2002,2022]]}},{"type":"Feature","geometry":{"type":"Polygon","coordinates":[[[-149.63602,63.55787],[-149.63883,63.55656],[-149.63782,63.55495],[-149.63399,63.55464],[-149.63118,63.55595],[-149.63219,63.55756],[-149.63602,63.55787]]]},"properties":{"cell":"890c74504bbffff","res":9,"coarsened":false,"count":1,"hv":1,"mp":0,"y0":2022,"y1":2022,"sp":[[1,1,1,0,2022,2022]]}},{"type":"Feature","geometry":{"type":"Polygon","coordinates":[[[-149.74399,63.53887],[-149.7468,63.53756],[-149.74577,63.53595],[-149.74195,63.53565],[-149.73914,63.53696],[-149.74016,63.53857],[-149.74399,63.53887]]]},"properties":{"cell":"890c745150fffff","res":9,"coarsened":false,"count":1,"hv":1,"mp":0,"y0":2022,"y1":2022,"sp":[[4,1,1,0,2022,2022]]}},{"type":"Feature","geometry":{"type":"Polygon","coordinates":[[[-149.34318,63.73672],[-149.34603,63.73542],[-149.34502,63.7338],[-149.34118,63.73348],[-149.33833,63.73479],[-149.33933,63.7364],[-149.34318,63.73672]]]},"properties":{"cell":"890c74c1553ffff","res":9,"coarsened":false,"count":1,"hv":1,"mp":0,"y0":2022,"y1":2022,"sp":[[2,1,1,0,2022,2022]]}},{"type":"Feature","geometry":{"type":"Polygon","coordinates":[[[-148.91943,63.75357],[-148.9223,63.75228],[-148.92133,63.75066],[-148.91749,63.75033],[-148.91462,63.75163],[-148.91559,63.75325],[-148.91943,63.75357]]]},"properties":{"cell":"890c74d43abffff","res":9,"coarsened":false,"count":2,"hv":2,"mp":0,"y0":2022,"y1":2025,"sp":[[6,1,1,0,2022,2022],[10,1,1,0,2025,2025]]}},{"type":"Feature","geometry":{"type":"Polygon","coordinates":[[[-149.64032,63.57047],[-149.64313,63.56916],[-149.64211,63.56755],[-149.63829,63.56724],[-149.63547,63.56855],[-149.63649,63.57017],[-149.64032,63.57047]]]},"properties":{"cell":"890c7452277ffff","res":9,"coarsened":false,"count":7,"hv":7,"mp":0,"y0":2016,"y1":2026,"sp":[[7,2,2,0,2016,2026],[4,1,1,0,2022,2022],[37,1,1,0,2022,2022],[14,1,1,0,2023,2023],[1,1,1,0,2024,2024],[88,1,1,0,2025,2025]]}},{"type":"Feature","geometry":{"type":"Polygon","coordinates":[[[-149.6215,63.55211],[-149.62431,63.5508],[-149.6233,63.54919],[-149.61947,63.54888],[-149.61666,63.55019],[-149.61767,63.5518],[-149.6215,63.55211]]]},"properties":{"cell":"890c74505d3ffff","res":9,"coarsened":false,"count":2,"hv":2,"mp":0,"y0":2022,"y1":2022,"sp":[[21,1,1,0,2022,2022],[121,1,1,0,2022,2022]]}},{"type":"Feature","geometry":{"type":"Polygon","coordinates":[[[-149.67944,63.54601],[-149.68224,63.5447],[-149.68123,63.54308],[-149.6774,63.54278],[-149.67459,63.54409],[-149.67561,63.5457],[-149.67944,63.54601]]]},"properties":{"cell":"890c74506afffff","res":9,"coarsened":false,"count":1,"hv":1,"mp":0,"y0":2022,"y1":2022,"sp":[[1,1,1,0,2022,2022]]}},{"type":"Feature","geometry":{"type":"Polygon","coordinates":[[[-149.41193,63.7239],[-149.41477,63.7226],[-149.41377,63.72098],[-149.40992,63.72067],[-149.40708,63.72197],[-149.40808,63.72359],[-149.41193,63.7239]]]},"properties":{"cell":"890c74c128fffff","res":9,"coarsened":false,"count":15,"hv":15,"mp":0,"y0":2012,"y1":2026,"sp":[[11,5,5,0,2012,2026],[1,4,4,0,2022,2026],[82,2,2,0,2012,2012],[59,2,2,0,2012,2012],[33,1,1,0,2012,2012],[98,1,1,0,2012,2012]]}},{"type":"Feature","geometry":{"type":"Polygon","coordinates":[[[-149.74143,63.52335],[-149.74423,63.52204],[-149.74321,63.52043],[-149.73938,63.52013],[-149.73658,63.52144],[-149.7376,63.52305],[-149.74143,63.52335]]]},"properties":{"cell":"890c74511bbffff","res":9,"coarsened":false,"count":1,"hv":1,"mp":0,"y0":2022,"y1":2022,"sp":[[94,1,1,0,2022,2022]]}},{"type":"Feature","geometry":{"type":"Polygon","coordinates":[[[-149.26696,63.76119],[-149.26981,63.75988],[-149.26881,63.75827],[-149.26497,63.75795],[-149.26211,63.75925],[-149.26311,63.76087],[-149.26696,63.76119]]]},"properties":{"cell":"890c74c3103ffff","res":9,"coarsened":false,"count":1,"hv":1,"mp":0,"y0":2022,"y1":2022,"sp":[[7,1,1,0,2022,2022]]}},{"type":"Feature","geometry":{"type":"Polygon","coordinates":[[[-149.52499,63.71771],[-149.52782,63.7164],[-149.52681,63.71479],[-149.52296,63.71448],[-149.52012,63.71578],[-149.52114,63.7174],[-149.52499,63.71771]]]},"properties":{"cell":"890c74ca2a7ffff","res":9,"coarsened":false,"count":1,"hv":1,"mp":0,"y0":2022,"y1":2022,"sp":[[44,1,1,0,2022,2022]]}},{"type":"Feature","geometry":{"type":"Polygon","coordinates":[[[-150.02209,63.5468],[-150.02489,63.54549],[-150.02385,63.54388],[-150.02001,63.54358],[-150.01722,63.5449],[-150.01826,63.54651],[-150.02209,63.5468]]]},"properties":{"cell":"890c745b423ffff","res":9,"coarsened":false,"count":1,"hv":1,"mp":0,"y0":2022,"y1":2022,"sp":[[7,1,1,0,2022,2022]]}},{"type":"Feature","geometry":{"type":"Polygon","coordinates":[[[-149.44251,63.65576],[-149.44535,63.65446],[-149.44434,63.65284],[-149.4405,63.65253],[-149.43767,63.65383],[-149.43868,63.65545],[-149.44251,63.65576]]]},"properties":{"cell":"890c74cabafffff","res":9,"coarsened":false,"count":1,"hv":1,"mp":0,"y0":2022,"y1":2022,"sp":[[1,1,1,0,2022,2022]]}},{"type":"Feature","geometry":{"type":"Polygon","coordinates":[[[-149.27609,63.69894],[-149.27893,63.69764],[-149.27794,63.69602],[-149.2741,63.6957],[-149.27125,63.697],[-149.27225,63.69862],[-149.27609,63.69894]]]},"properties":{"cell":"890c74c036bffff","res":9,"coarsened":false,"count":1,"hv":1,"mp":0,"y0":2022,"y1":2022,"sp":[[1,1,1,0,2022,2022]]}},{"type":"Feature","geometry":{"type":"Polygon","coordinates":[[[-149.36393,63.72306],[-149.36678,63.72175],[-149.36577,63.72013],[-149.36193,63.71982],[-149.35908,63.72112],[-149.36009,63.72274],[-149.36393,63.72306]]]},"properties":{"cell":"890c74c1033ffff","res":9,"coarsened":false,"count":1,"hv":1,"mp":0,"y0":2022,"y1":2022,"sp":[[1,1,1,0,2022,2022]]}},{"type":"Feature","geometry":{"type":"Polygon","coordinates":[[[-149.30766,63.69693],[-149.3105,63.69563],[-149.3095,63.69401],[-149.30566,63.6937],[-149.30282,63.695],[-149.30382,63.69662],[-149.30766,63.69693]]]},"properties":{"cell":"890c74c1c0fffff","res":9,"coarsened":false,"count":1,"hv":1,"mp":0,"y0":2022,"y1":2022,"sp":[[1,1,1,0,2022,2022]]}},{"type":"Feature","geometry":{"type":"Polygon","coordinates":[[[-149.60439,63.65808],[-149.60722,63.65677],[-149.6062,63.65516],[-149.60236,63.65485],[-149.59953,63.65616],[-149.60055,63.65778],[-149.60439,63.65808]]]},"properties":{"cell":"890c74c8343ffff","res":9,"coarsened":false,"count":1,"hv":1,"mp":0,"y0":2022,"y1":2022,"sp":[[7,1,1,0,2022,2022]]}},{"type":"Feature","geometry":{"type":"Polygon","coordinates":[[[-149.32933,63.72022],[-149.33217,63.71892],[-149.33117,63.7173],[-149.32733,63.71698],[-149.32448,63.71828],[-149.32548,63.7199],[-149.32933,63.72022]]]},"properties":{"cell":"890c74c1183ffff","res":9,"coarsened":false,"count":1,"hv":1,"mp":0,"y0":2022,"y1":2022,"sp":[[2,1,1,0,2022,2022]]}},{"type":"Feature","geometry":{"type":"Polygon","coordinates":[[[-149.34434,63.7445],[-149.34719,63.7432],[-149.34619,63.74158],[-149.34234,63.74126],[-149.33949,63.74256],[-149.34049,63.74418],[-149.34434,63.7445]]]},"properties":{"cell":"890c74c14afffff","res":9,"coarsened":false,"count":3,"hv":3,"mp":0,"y0":2022,"y1":2024,"sp":[[4,1,1,0,2022,2022],[1,1,1,0,2022,2022],[7,1,1,0,2024,2024]]}},{"type":"Feature","geometry":{"type":"Polygon","coordinates":[[[-149.37179,63.72984],[-149.37464,63.72854],[-149.37363,63.72692],[-149.36979,63.72661],[-149.36694,63.72791],[-149.36795,63.72953],[-149.37179,63.72984]]]},"properties":{"cell":"890c74c1013ffff","res":9,"coarsened":false,"count":5,"hv":5,"mp":0,"y0":2012,"y1":2025,"sp":[[11,2,2,0,2022,2024],[1,2,2,0,2012,2025],[5,1,1,0,2024,2024]]}},{"type":"Feature","geometry":{"type":"Polygon","coordinates":[[[-151.21534,63.20438],[-151.21804,63.20304],[-151.21693,63.20144],[-151.21312,63.20118],[-151.21042,63.20252],[-151.21153,63.20412],[-151.21534,63.20438]]]},"properties":{"cell":"890c76c4b27ffff","res":9,"coarsened":false,"count":1,"hv":1,"mp":0,"y0":2019,"y1":2019,"sp":[[4,1,1,0,2019,2019]]}},{"type":"Feature","geometry":{"type":"Polygon","coordinates":[[[-151.38222,63.13651],[-151.38491,63.13517],[-151.38379,63.13357],[-151.37998,63.13332],[-151.37729,63.13466],[-151.37841,63.13625],[-151.38222,63.13651]]]},"properties":{"cell":"890c7618297ffff","res":9,"coarsened":false,"count":1,"hv":1,"mp":0,"y0":2019,"y1":2019,"sp":[[2,1,1,0,2019,2019]]}},{"type":"Feature","geometry":{"type":"Polygon","coordinates":[[[-151.53255,63.21045],[-151.59694,63.19336],[-151.59982,63.16159],[-151.53847,63.1469],[-151.47417,63.16395],[-151.47113,63.19572],[-151.53255,63.21045]]]},"properties":{"cell":"860c76ccfffffff","res":6,"coarsened":true,"count":1,"hv":1,"mp":0,"y0":2019,"y1":2019,"sp":[[0,1,1,0,2019,2019]]}},{"type":"Feature","geometry":{"type":"Polygon","coordinates":[[[-149.49886,63.71099],[-149.50169,63.70969],[-149.50068,63.70807],[-149.49683,63.70776],[-149.494,63.70907],[-149.49501,63.71068],[-149.49886,63.71099]]]},"properties":{"cell":"890c74ca387ffff","res":9,"coarsened":false,"count":9,"hv":9,"mp":0,"y0":2012,"y1":2026,"sp":[[70,3,3,0,2012,2012],[11,2,2,0,2022,2026],[2,1,1,0,2025,2025],[47,1,1,0,2012,2012],[75,1,1,0,2012,2012],[43,1,1,0,2012,2012]]}},{"type":"Feature","geometry":{"type":"Polygon","coordinates":[[[-149.542,63.70987],[-149.54483,63.70856],[-149.54382,63.70694],[-149.53997,63.70663],[-149.53713,63.70794],[-149.53815,63.70956],[-149.542,63.70987]]]},"properties":{"cell":"890c74ca22fffff","res":9,"coarsened":false,"count":1,"hv":1,"mp":0,"y0":2011,"y1":2011,"sp":[[2,1,1,0,2011,2011]]}},{"type":"Feature","geometry":{"type":"Polygon","coordinates":[[[-151.05251,63.03643],[-151.0552,63.0351],[-151.05411,63.0335],[-151.05033,63.03324],[-151.04764,63.03457],[-151.04873,63.03617],[-151.05251,63.03643]]]},"properties":{"cell":"890c7602a4fffff","res":9,"coarsened":false,"count":1,"hv":1,"mp":0,"y0":2022,"y1":2022,"sp":[[2,1,1,0,2022,2022]]}},{"type":"Feature","geometry":{"type":"Polygon","coordinates":[[[-148.99253,63.77208],[-148.99539,63.77078],[-148.99441,63.76916],[-148.99057,63.76884],[-148.9877,63.77013],[-148.98868,63.77176],[-148.99253,63.77208]]]},"properties":{"cell":"890c74d552fffff","res":9,"coarsened":false,"count":1,"hv":1,"mp":0,"y0":2018,"y1":2018,"sp":[[8,1,1,0,2018,2018]]}},{"type":"Feature","geometry":{"type":"Polygon","coordinates":[[[-148.88339,63.66903],[-148.88625,63.66774],[-148.88528,63.66612],[-148.88146,63.6658],[-148.8786,63.66709],[-148.87956,63.66871],[-148.88339,63.66903]]]},"properties":{"cell":"890c74c61b3ffff","res":9,"coarsened":false,"count":2,"hv":2,"mp":0,"y0":2018,"y1":2025,"sp":[[15,1,1,0,2018,2018],[2,1,1,0,2025,2025]]}},{"type":"Feature","geometry":{"type":"Polygon","coordinates":[[[-149.89078,63.65464],[-149.89359,63.65333],[-149.89255,63.65171],[-149.88871,63.65141],[-149.88589,63.65273],[-149.88693,63.65434],[-149.89078,63.65464]]]},"properties":{"cell":"890c29244c7ffff","res":9,"coarsened":false,"count":1,"hv":1,"mp":0,"y0":2022,"y1":2022,"sp":[[38,1,1,0,2022,2022]]}},{"type":"Feature","geometry":{"type":"Polygon","coordinates":[[[-151.76956,63.33714],[-151.77225,63.33578],[-151.77109,63.33418],[-151.76724,63.33394],[-151.76455,63.33529],[-151.76571,63.33689],[-151.76956,63.33714]]]},"properties":{"cell":"890c76ca327ffff","res":9,"coarsened":false,"count":1,"hv":1,"mp":0,"y0":2022,"y1":2022,"sp":[[1,1,1,0,2022,2022]]}},{"type":"Feature","geometry":{"type":"Polygon","coordinates":[[[-150.70814,63.4098],[-150.71089,63.40847],[-150.7098,63.40687],[-150.70597,63.40659],[-150.70322,63.40792],[-150.7043,63.40953],[-150.70814,63.4098]]]},"properties":{"cell":"890c768330bffff","res":9,"coarsened":false,"count":1,"hv":1,"mp":0,"y0":2022,"y1":2022,"sp":[[1,1,1,0,2022,2022]]}},{"type":"Feature","geometry":{"type":"Polygon","coordinates":[[[-149.72766,63.53605],[-149.73047,63.53474],[-149.72945,63.53313],[-149.72562,63.53282],[-149.72281,63.53413],[-149.72383,63.53574],[-149.72766,63.53605]]]},"properties":{"cell":"890c7451537ffff","res":9,"coarsened":false,"count":1,"hv":1,"mp":0,"y0":2022,"y1":2022,"sp":[[11,1,1,0,2022,2022]]}},{"type":"Feature","geometry":{"type":"Polygon","coordinates":[[[-149.00616,63.78862],[-149.00903,63.78732],[-149.00805,63.7857],[-149.0042,63.78537],[-149.00133,63.78667],[-149.00231,63.78829],[-149.00616,63.78862]]]},"properties":{"cell":"890c74d55c3ffff","res":9,"coarsened":false,"count":1,"hv":1,"mp":0,"y0":2022,"y1":2022,"sp":[[7,1,1,0,2022,2022]]}},{"type":"Feature","geometry":{"type":"Polygon","coordinates":[[[-149.16241,63.71563],[-149.16526,63.71433],[-149.16427,63.71271],[-149.16043,63.71239],[-149.15758,63.71369],[-149.15857,63.71531],[-149.16241,63.71563]]]},"properties":{"cell":"890c74c2a3bffff","res":9,"coarsened":false,"count":4,"hv":4,"mp":0,"y0":2022,"y1":2026,"sp":[[2,2,2,0,2024,2026],[1,1,1,0,2022,2022],[4,1,1,0,2026,2026]]}},{"type":"Feature","geometry":{"type":"Polygon","coordinates":[[[-150.8923,63.41225],[-150.89504,63.41092],[-150.89394,63.40931],[-150.8901,63.40904],[-150.88736,63.41038],[-150.88846,63.41198],[-150.8923,63.41225]]]},"properties":{"cell":"890c76999afffff","res":9,"coarsened":false,"count":1,"hv":1,"mp":0,"y0":2022,"y1":2022,"sp":[[4,1,1,0,2022,2022]]}},{"type":"Feature","geometry":{"type":"Polygon","coordinates":[[[-149.60857,63.64154],[-149.6114,63.64023],[-149.61038,63.63862],[-149.60654,63.63831],[-149.60372,63.63962],[-149.60473,63.64123],[-149.60857,63.64154]]]},"properties":{"cell":"890c74c9dcfffff","res":9,"coarsened":false,"count":1,"hv":1,"mp":0,"y0":2022,"y1":2022,"sp":[[2,1,1,0,2022,2022]]}},{"type":"Feature","geometry":{"type":"Polygon","coordinates":[[[-149.83458,63.53835],[-149.83738,63.53704],[-149.83635,63.53543],[-149.83252,63.53513],[-149.82972,63.53644],[-149.83075,63.53805],[-149.83458,63.53835]]]},"properties":{"cell":"890c745166fffff","res":9,"coarsened":false,"count":5,"hv":5,"mp":0,"y0":2003,"y1":2018,"sp":[[7,3,3,0,2003,2003],[4,1,1,0,2012,2012],[12,1,1,0,2018,2018]]}},{"type":"Feature","geometry":{"type":"Polygon","coordinates":[[[-150.78737,62.88864],[-150.79005,62.88732],[-150.78899,62.88572],[-150.78523,62.88546],[-150.78255,62.88678],[-150.78361,62.88837],[-150.78737,62.88864]]]},"properties":{"cell":"890c7604977ffff","res":9,"coarsened":false,"count":1,"hv":1,"mp":0,"y0":2022,"y1":2022,"sp":[[75,1,1,0,2022,2022]]}},{"type":"Feature","geometry":{"type":"Polygon","coordinates":[[[-150.56478,63.44066],[-150.56754,63.43934],[-150.56646,63.43773],[-150.56263,63.43745],[-150.55987,63.43877],[-150.56095,63.44038],[-150.56478,63.44066]]]},"properties":{"cell":"890c76820d7ffff","res":9,"coarsened":false,"count":2,"hv":2,"mp":0,"y0":2018,"y1":2018,"sp":[[61,1,1,0,2018,2018],[123,1,1,0,2018,2018]]}},{"type":"Feature","geometry":{"type":"Polygon","coordinates":[[[-149.59468,63.65424],[-149.5975,63.65293],[-149.59649,63.65131],[-149.59264,63.651],[-149.58982,63.65231],[-149.59084,63.65393],[-149.59468,63.65424]]]},"properties":{"cell":"890c74c8373ffff","res":9,"coarsened":false,"count":2,"hv":2,"mp":0,"y0":2016,"y1":2022,"sp":[[7,2,2,0,2016,2022]]}},{"type":"Feature","geometry":{"type":"Polygon","coordinates":[[[-149.59695,63.61146],[-149.59977,63.61016],[-149.59876,63.60854],[-149.59492,63.60823],[-149.5921,63.60954],[-149.59311,63.61116],[-149.59695,63.61146]]]},"properties":{"cell":"890c74c9937ffff","res":9,"coarsened":false,"count":1,"hv":1,"mp":0,"y0":2022,"y1":2022,"sp":[[7,1,1,0,2022,2022]]}},{"type":"Feature","geometry":{"type":"Polygon","coordinates":[[[-149.66258,63.55386],[-149.66539,63.55255],[-149.66437,63.55094],[-149.66054,63.55063],[-149.65773,63.55194],[-149.65875,63.55355],[-149.66258,63.55386]]]},"properties":{"cell":"890c7450447ffff","res":9,"coarsened":false,"count":1,"hv":1,"mp":0,"y0":2022,"y1":2022,"sp":[[1,1,1,0,2022,2022]]}},{"type":"Feature","geometry":{"type":"Polygon","coordinates":[[[-149.17096,63.71173],[-149.17381,63.71043],[-149.17282,63.70881],[-149.16898,63.70849],[-149.16613,63.70979],[-149.16712,63.71141],[-149.17096,63.71173]]]},"properties":{"cell":"890c74c2a67ffff","res":9,"coarsened":false,"count":3,"hv":3,"mp":0,"y0":2010,"y1":2025,"sp":[[1,2,2,0,2010,2025],[11,1,1,0,2025,2025]]}},{"type":"Feature","geometry":{"type":"Polygon","coordinates":[[[-149.34871,63.72795],[-149.35156,63.72665],[-149.35055,63.72503],[-149.34671,63.72472],[-149.34386,63.72602],[-149.34486,63.72764],[-149.34871,63.72795]]]},"properties":{"cell":"890c74c10b7ffff","res":9,"coarsened":false,"count":1,"hv":1,"mp":0,"y0":2022,"y1":2022,"sp":[[2,1,1,0,2022,2022]]}},{"type":"Feature","geometry":{"type":"Polygon","coordinates":[[[-149.79431,63.5551],[-149.79711,63.55379],[-149.79609,63.55218],[-149.79225,63.55187],[-149.78945,63.55319],[-149.79048,63.5548],[-149.79431,63.5551]]]},"properties":{"cell":"890c7451443ffff","res":9,"coarsened":false,"count":4,"hv":4,"mp":0,"y0":2022,"y1":2026,"sp":[[4,3,3,0,2023,2026],[12,1,1,0,2022,2022]]}},{"type":"Feature","geometry":{"type":"Polygon","coordinates":[[[-149.40157,63.73074],[-149.40441,63.72944],[-149.40341,63.72782],[-149.39956,63.7275],[-149.39672,63.72881],[-149.39772,63.73043],[-149.40157,63.73074]]]},"properties":{"cell":"890c74c162fffff","res":9,"coarsened":false,"count":1,"hv":1,"mp":0,"y0":2022,"y1":2022,"sp":[[2,1,1,0,2022,2022]]}},{"type":"Feature","geometry":{"type":"Polygon","coordinates":[[[-149.40642,63.73267],[-149.40927,63.73137],[-149.40826,63.72975],[-149.40441,63.72944],[-149.40157,63.73074],[-149.40258,63.73236],[-149.40642,63.73267]]]},"properties":{"cell":"890c74c162bffff","res":9,"coarsened":false,"count":1,"hv":1,"mp":0,"y0":2022,"y1":2022,"sp":[[16,1,1,0,2022,2022]]}},{"type":"Feature","geometry":{"type":"Polygon","coordinates":[[[-149.2218,63.62229],[-149.22464,63.62099],[-149.22365,63.61937],[-149.21982,63.61905],[-149.21699,63.62035],[-149.21798,63.62197],[-149.2218,63.62229]]]},"properties":{"cell":"890c74ce18fffff","res":9,"coarsened":false,"count":1,"hv":1,"mp":0,"y0":2021,"y1":2021,"sp":[[45,1,1,0,2021,2021]]}},{"type":"Feature","geometry":{"type":"Polygon","coordinates":[[[-149.25377,63.68634],[-149.25662,63.68504],[-149.25562,63.68343],[-149.25179,63.68311],[-149.24894,63.68441],[-149.24994,63.68603],[-149.25377,63.68634]]]},"properties":{"cell":"890c74c1da3ffff","res":9,"coarsened":false,"count":1,"hv":1,"mp":0,"y0":2015,"y1":2015,"sp":[[65,1,1,0,2015,2015]]}},{"type":"Feature","geometry":{"type":"Polygon","coordinates":[[[-149.22997,63.64752],[-149.23281,63.64622],[-149.23182,63.64461],[-149.22799,63.64429],[-149.22515,63.64559],[-149.22614,63.6472],[-149.22997,63.64752]]]},"properties":{"cell":"890c74ce5dbffff","res":9,"coarsened":false,"count":1,"hv":1,"mp":0,"y0":2015,"y1":2015,"sp":[[7,1,1,0,2015,2015]]}},{"type":"Feature","geometry":{"type":"Polygon","coordinates":[[[-149.42164,63.72777],[-149.42448,63.72646],[-149.42348,63.72484],[-149.41963,63.72453],[-149.41679,63.72584],[-149.41779,63.72745],[-149.42164,63.72777]]]},"properties":{"cell":"890c74c12d7ffff","res":9,"coarsened":false,"count":3,"hv":3,"mp":0,"y0":2022,"y1":2026,"sp":[[11,2,2,0,2022,2026],[2,1,1,0,2023,2023]]}},{"type":"Feature","geometry":{"type":"Polygon","coordinates":[[[-149.29931,63.74848],[-149.30216,63.74718],[-149.30116,63.74556],[-149.29732,63.74524],[-149.29447,63.74655],[-149.29547,63.74817],[-149.29931,63.74848]]]},"properties":{"cell":"890c74c3337ffff","res":9,"coarsened":false,"count":1,"hv":1,"mp":0,"y0":2022,"y1":2022,"sp":[[2,1,1,0,2022,2022]]}},{"type":"Feature","geometry":{"type":"Polygon","coordinates":[[[-149.35675,63.70557],[-149.3596,63.70427],[-149.35859,63.70265],[-149.35475,63.70233],[-149.35191,63.70364],[-149.35291,63.70526],[-149.35675,63.70557]]]},"properties":{"cell":"890c74c116bffff","res":9,"coarsened":false,"count":1,"hv":1,"mp":0,"y0":2022,"y1":2022,"sp":[[1,1,1,0,2022,2022]]}},{"type":"Feature","geometry":{"type":"Polygon","coordinates":[[[-149.48183,63.71883],[-149.48467,63.71753],[-149.48366,63.71591],[-149.47981,63.7156],[-149.47698,63.7169],[-149.47799,63.71852],[-149.48183,63.71883]]]},"properties":{"cell":"890c74ca1cbffff","res":9,"coarsened":false,"count":4,"hv":4,"mp":0,"y0":2022,"y1":2025,"sp":[[5,2,2,0,2024,2025],[4,1,1,0,2022,2022],[43,1,1,0,2025,2025]]}},{"type":"Feature","geometry":{"type":"Polygon","coordinates":[[[-149.72843,63.55449],[-149.73124,63.55318],[-149.73022,63.55157],[-149.72639,63.55127],[-149.72358,63.55258],[-149.7246,63.55419],[-149.72843,63.55449]]]},"properties":{"cell":"890c745332bffff","res":9,"coarsened":false,"count":7,"hv":7,"mp":0,"y0":2022,"y1":2026,"sp":[[1,4,4,0,2023,2025],[4,1,1,0,2022,2022],[12,1,1,0,2026,2026],[11,1,1,0,2026,2026]]}},{"type":"Feature","geometry":{"type":"Polygon","coordinates":[[[-149.56011,63.65146],[-149.56294,63.65015],[-149.56192,63.64854],[-149.55808,63.64823],[-149.55526,63.64953],[-149.55627,63.65115],[-149.56011,63.65146]]]},"properties":{"cell":"890c74c8ec3ffff","res":9,"coarsened":false,"count":3,"hv":3,"mp":0,"y0":2018,"y1":2026,"sp":[[14,1,1,0,2022,2022],[26,1,1,0,2026,2026],[36,1,1,0,2018,2018]]}},{"type":"Feature","geometry":{"type":"Polygon","coordinates":[[[-149.23412,63.70776],[-149.23697,63.70646],[-149.23598,63.70484],[-149.23214,63.70452],[-149.22929,63.70582],[-149.23028,63.70744],[-149.23412,63.70776]]]},"properties":{"cell":"890c74c03b7ffff","res":9,"coarsened":false,"count":1,"hv":1,"mp":0,"y0":2022,"y1":2022,"sp":[[1,1,1,0,2022,2022]]}},{"type":"Feature","geometry":{"type":"Polygon","coordinates":[[[-149.32564,63.72606],[-149.32848,63.72476],[-149.32748,63.72314],[-149.32364,63.72282],[-149.32079,63.72413],[-149.32179,63.72575],[-149.32564,63.72606]]]},"properties":{"cell":"890c74c152bffff","res":9,"coarsened":false,"count":1,"hv":1,"mp":0,"y0":2022,"y1":2022,"sp":[[56,1,1,0,2022,2022]]}},{"type":"Feature","geometry":{"type":"Polygon","coordinates":[[[-148.98625,63.72542],[-148.98911,63.72413],[-148.98814,63.72251],[-148.9843,63.72218],[-148.98144,63.72348],[-148.98242,63.7251],[-148.98625,63.72542]]]},"properties":{"cell":"890c74d5807ffff","res":9,"coarsened":false,"count":3,"hv":3,"mp":0,"y0":2000,"y1":2023,"sp":[[5,1,1,0,2000,2000],[16,1,1,0,2023,2023],[2,1,1,0,2023,2023]]}},{"type":"Feature","geometry":{"type":"Polygon","coordinates":[[[-149.28178,63.73782],[-149.28463,63.73652],[-149.28363,63.7349],[-149.27979,63.73458],[-149.27694,63.73588],[-149.27794,63.7375],[-149.28178,63.73782]]]},"properties":{"cell":"890c74c060fffff","res":9,"coarsened":false,"count":3,"hv":3,"mp":0,"y0":2022,"y1":2025,"sp":[[52,1,1,0,2022,2022],[4,1,1,0,2025,2025],[1,1,1,0,2024,2024]]}},{"type":"Feature","geometry":{"type":"Polygon","coordinates":[[[-148.90413,63.75842],[-148.90699,63.75713],[-148.90602,63.75551],[-148.90219,63.75518],[-148.89932,63.75647],[-148.90029,63.75809],[-148.90413,63.75842]]]},"properties":{"cell":"890c74d414fffff","res":9,"coarsened":false,"count":1,"hv":1,"mp":0,"y0":2022,"y1":2022,"sp":[[2,1,1,0,2022,2022]]}},{"type":"Feature","geometry":{"type":"Polygon","coordinates":[[[-149.22152,63.74667],[-149.22437,63.74537],[-149.22337,63.74375],[-149.21953,63.74343],[-149.21668,63.74473],[-149.21767,63.74635],[-149.22152,63.74667]]]},"properties":{"cell":"890c74c04abffff","res":9,"coarsened":false,"count":1,"hv":1,"mp":0,"y0":2022,"y1":2022,"sp":[[4,1,1,0,2022,2022]]}},{"type":"Feature","geometry":{"type":"Polygon","coordinates":[[[-150.8676,63.45635],[-150.87035,63.45501],[-150.86925,63.45341],[-150.86541,63.45313],[-150.86266,63.45447],[-150.86376,63.45607],[-150.8676,63.45635]]]},"properties":{"cell":"890c76983a3ffff","res":9,"coarsened":false,"count":1,"hv":1,"mp":0,"y0":2007,"y1":2007,"sp":[[2,1,1,0,2007,2007]]}},{"type":"Feature","geometry":{"type":"Polygon","coordinates":[[[-151.5218,63.17472],[-151.52448,63.17337],[-151.52335,63.17178],[-151.51953,63.17152],[-151.51685,63.17287],[-151.51798,63.17447],[-151.5218,63.17472]]]},"properties":{"cell":"890c76cc837ffff","res":9,"coarsened":false,"count":1,"hv":1,"mp":0,"y0":1994,"y1":1994,"sp":[[1,1,1,0,1994,1994]]}},{"type":"Feature","geometry":{"type":"Polygon","coordinates":[[[-149.48658,63.23687],[-149.48936,63.23557],[-149.48837,63.23396],[-149.4846,63.23366],[-149.48182,63.23496],[-149.48281,63.23657],[-149.48658,63.23687]]]},"properties":{"cell":"890c7444bcbffff","res":9,"coarsened":false,"count":1,"hv":1,"mp":0,"y0":2022,"y1":2022,"sp":[[11,1,1,0,2022,2022]]}},{"type":"Feature","geometry":{"type":"Polygon","coordinates":[[[-149.46892,63.45863],[-149.47173,63.45733],[-149.47073,63.45572],[-149.46692,63.45541],[-149.46412,63.45671],[-149.46512,63.45832],[-149.46892,63.45863]]]},"properties":{"cell":"890c74546cfffff","res":9,"coarsened":false,"count":1,"hv":1,"mp":0,"y0":2021,"y1":2021,"sp":[[2,1,1,0,2021,2021]]}},{"type":"Feature","geometry":{"type":"Polygon","coordinates":[[[-150.76297,62.94307],[-150.76566,62.94174],[-150.7646,62.94015],[-150.76083,62.93988],[-150.75814,62.9412],[-150.75921,62.9428],[-150.76297,62.94307]]]},"properties":{"cell":"890c7606bd7ffff","res":9,"coarsened":false,"count":1,"hv":1,"mp":0,"y0":2014,"y1":2014,"sp":[[26,1,1,0,2014,2014]]}},{"type":"Feature","geometry":{"type":"Polygon","coordinates":[[[-149.18287,63.68353],[-149.18572,63.68224],[-149.18473,63.68062],[-149.1809,63.6803],[-149.17805,63.6816],[-149.17904,63.68322],[-149.18287,63.68353]]]},"properties":{"cell":"890c74c088fffff","res":9,"coarsened":false,"count":1,"hv":1,"mp":0,"y0":2022,"y1":2022,"sp":[[11,1,1,0,2022,2022]]}},{"type":"Feature","geometry":{"type":"Polygon","coordinates":[[[-149.21922,63.63589],[-149.22206,63.63459],[-149.22107,63.63297],[-149.21724,63.63265],[-149.2144,63.63395],[-149.21539,63.63557],[-149.21922,63.63589]]]},"properties":{"cell":"890c74ce50fffff","res":9,"coarsened":false,"count":1,"hv":1,"mp":0,"y0":2022,"y1":2022,"sp":[[1,1,1,0,2022,2022]]}},{"type":"Feature","geometry":{"type":"Polygon","coordinates":[[[-149.21851,63.69417],[-149.22136,63.69287],[-149.22036,63.69126],[-149.21653,63.69094],[-149.21368,63.69224],[-149.21467,63.69386],[-149.21851,63.69417]]]},"properties":{"cell":"890c74c0e17ffff","res":9,"coarsened":false,"count":1,"hv":1,"mp":0,"y0":2022,"y1":2022,"sp":[[1,1,1,0,2022,2022]]}},{"type":"Feature","geometry":{"type":"Polygon","coordinates":[[[-152.38226,63.06459],[-152.3849,63.06323],[-152.38371,63.06164],[-152.37989,63.06141],[-152.37726,63.06278],[-152.37844,63.06437],[-152.38226,63.06459]]]},"properties":{"cell":"890c0d96d67ffff","res":9,"coarsened":false,"count":1,"hv":1,"mp":0,"y0":2019,"y1":2019,"sp":[[11,1,1,0,2019,2019]]}},{"type":"Feature","geometry":{"type":"Polygon","coordinates":[[[-149.43868,63.71994],[-149.44152,63.71863],[-149.44052,63.71701],[-149.43667,63.7167],[-149.43383,63.71801],[-149.43484,63.71962],[-149.43868,63.71994]]]},"properties":{"cell":"890c74c1243ffff","res":9,"coarsened":false,"count":1,"hv":1,"mp":0,"y0":2022,"y1":2022,"sp":[[56,1,1,0,2022,2022]]}},{"type":"Feature","geometry":{"type":"Polygon","coordinates":[[[-149.65773,63.55194],[-149.66054,63.55063],[-149.65953,63.54902],[-149.6557,63.54871],[-149.65289,63.55002],[-149.65391,63.55163],[-149.65773,63.55194]]]},"properties":{"cell":"890c7450473ffff","res":9,"coarsened":false,"count":3,"hv":3,"mp":0,"y0":2022,"y1":2025,"sp":[[1,2,2,0,2022,2025],[98,1,1,0,null,null]]}},{"type":"Feature","geometry":{"type":"Polygon","coordinates":[[[-149.57352,63.67863],[-149.57635,63.67732],[-149.57533,63.6757],[-149.57149,63.67539],[-149.56866,63.6767],[-149.56967,63.67832],[-149.57352,63.67863]]]},"properties":{"cell":"890c74c8003ffff","res":9,"coarsened":false,"count":1,"hv":1,"mp":0,"y0":2022,"y1":2022,"sp":[[1,1,1,0,2022,2022]]}},{"type":"Feature","geometry":{"type":"Polygon","coordinates":[[[-149.3134,63.73581],[-149.31625,63.73451],[-149.31525,63.73289],[-149.31141,63.73257],[-149.30856,63.73388],[-149.30956,63.7355],[-149.3134,63.73581]]]},"properties":{"cell":"890c74c15bbffff","res":9,"coarsened":false,"count":7,"hv":7,"mp":0,"y0":2016,"y1":2026,"sp":[[1,2,2,0,2024,2025],[11,2,2,0,2026,2026],[2,1,1,0,2016,2016],[33,1,1,0,2024,2024],[10,1,1,0,2026,2026]]}},{"type":"Feature","geometry":{"type":"Polygon","coordinates":[[[-150.10614,63.49661],[-150.10893,63.49529],[-150.10788,63.49368],[-150.10405,63.49339],[-150.10127,63.49471],[-150.10231,63.49632],[-150.10614,63.49661]]]},"properties":{"cell":"890c7459467ffff","res":9,"coarsened":false,"count":2,"hv":2,"mp":0,"y0":2015,"y1":2016,"sp":[[12,1,1,0,2016,2016],[11,1,1,0,2015,2015]]}},{"type":"Feature","geometry":{"type":"Polygon","coordinates":[[[-149.35841,63.73182],[-149.36125,63.73052],[-149.36025,63.7289],[-149.3564,63.72858],[-149.35356,63.72989],[-149.35456,63.73151],[-149.35841,63.73182]]]},"properties":{"cell":"890c74c1087ffff","res":9,"coarsened":false,"count":3,"hv":3,"mp":0,"y0":2019,"y1":2024,"sp":[[4,1,1,0,2019,2019],[83,1,1,0,2024,2024],[29,1,1,0,2024,2024]]}},{"type":"Feature","geometry":{"type":"Polygon","coordinates":[[[-149.27096,63.72617],[-149.27381,63.72487],[-149.27281,63.72325],[-149.26897,63.72293],[-149.26612,63.72423],[-149.26712,63.72585],[-149.27096,63.72617]]]},"properties":{"cell":"890c74c004bffff","res":9,"coarsened":false,"count":6,"hv":6,"mp":0,"y0":2022,"y1":2026,"sp":[[1,4,4,0,2022,2026],[11,2,2,0,2024,2026]]}},{"type":"Feature","geometry":{"type":"Polygon","coordinates":[[[-148.84529,63.69036],[-148.84815,63.68907],[-148.84718,63.68745],[-148.84336,63.68712],[-148.8405,63.68841],[-148.84146,63.69003],[-148.84529,63.69036]]]},"properties":{"cell":"890c748960fffff","res":9,"coarsened":false,"count":2,"hv":2,"mp":0,"y0":2002,"y1":2025,"sp":[[7,1,1,0,2002,2002],[2,1,1,0,2025,2025]]}},{"type":"Feature","geometry":{"type":"Polygon","coordinates":[[[-149.65414,63.55778],[-149.65695,63.55647],[-149.65594,63.55486],[-149.65211,63.55455],[-149.6493,63.55586],[-149.65032,63.55748],[-149.65414,63.55778]]]},"properties":{"cell":"890c745041bffff","res":9,"coarsened":false,"count":4,"hv":4,"mp":0,"y0":1989,"y1":2024,"sp":[[7,2,2,0,1989,2018],[1,1,1,0,2023,2023],[12,1,1,0,2024,2024]]}},{"type":"Feature","geometry":{"type":"Polygon","coordinates":[[[-150.35794,63.42539],[-150.36071,63.42406],[-150.35965,63.42246],[-150.35582,63.42217],[-150.35306,63.42349],[-150.35412,63.4251],[-150.35794,63.42539]]]},"properties":{"cell":"890c769420fffff","res":9,"coarsened":false,"count":1,"hv":1,"mp":0,"y0":1989,"y1":1989,"sp":[[1,1,1,0,1989,1989]]}},{"type":"Feature","geometry":{"type":"Polygon","coordinates":[[[-150.06747,63.5212],[-150.07026,63.51988],[-150.06921,63.51827],[-150.06538,63.51798],[-150.06259,63.51929],[-150.06364,63.52091],[-150.06747,63.5212]]]},"properties":{"cell":"890c745b3dbffff","res":9,"coarsened":false,"count":1,"hv":1,"mp":0,"y0":2011,"y1":2011,"sp":[[7,1,1,0,2011,2011]]}},{"type":"Feature","geometry":{"type":"Polygon","coordinates":[[[-149.33348,63.73285],[-149.33633,63.73155],[-149.33533,63.72993],[-149.33148,63.72961],[-149.32864,63.73092],[-149.32964,63.73254],[-149.33348,63.73285]]]},"properties":{"cell":"890c74c150bffff","res":9,"coarsened":false,"count":5,"hv":5,"mp":0,"y0":2019,"y1":2024,"sp":[[11,4,4,0,2019,2024],[1,1,1,0,2024,2024]]}},{"type":"Feature","geometry":{"type":"Polygon","coordinates":[[[-149.00888,63.775],[-149.01174,63.7737],[-149.01076,63.77208],[-149.00692,63.77176],[-149.00406,63.77306],[-149.00503,63.77468],[-149.00888,63.775]]]},"properties":{"cell":"890c74d5563ffff","res":9,"coarsened":false,"count":5,"hv":5,"mp":0,"y0":2023,"y1":2025,"sp":[[26,2,2,0,2023,2025],[4,1,1,0,2025,2025],[1,1,1,0,2025,2025],[97,1,1,0,2025,2025]]}},{"type":"Feature","geometry":{"type":"Polygon","coordinates":[[[-149.56555,63.64269],[-149.56837,63.64138],[-149.56736,63.63977],[-149.56352,63.63946],[-149.56069,63.64077],[-149.56171,63.64238],[-149.56555,63.64269]]]},"properties":{"cell":"890c74c8e47ffff","res":9,"coarsened":false,"count":4,"hv":4,"mp":0,"y0":2015,"y1":2026,"sp":[[1,2,2,0,2023,2026],[16,1,1,0,2023,2023],[29,1,1,0,2015,2015]]}},{"type":"Feature","geometry":{"type":"Polygon","coordinates":[[[-148.90647,63.68944],[-148.90933,63.68815],[-148.90836,63.68653],[-148.90454,63.6862],[-148.90168,63.6875],[-148.90265,63.68912],[-148.90647,63.68944]]]},"properties":{"cell":"890c74c6553ffff","res":9,"coarsened":false,"count":1,"hv":1,"mp":0,"y0":2023,"y1":2023,"sp":[[26,1,1,0,2023,2023]]}},{"type":"Feature","geometry":{"type":"Polygon","coordinates":[[[-149.56678,63.65046],[-149.5696,63.64915],[-149.56859,63.64754],[-149.56475,63.64723],[-149.56192,63.64854],[-149.56294,63.65015],[-149.56678,63.65046]]]},"properties":{"cell":"890c74c8ecbffff","res":9,"coarsened":false,"count":2,"hv":2,"mp":0,"y0":2023,"y1":2023,"sp":[[26,1,1,0,2023,2023],[11,1,1,0,2023,2023]]}},{"type":"Feature","geometry":{"type":"Polygon","coordinates":[[[-149.39948,63.65686],[-149.40232,63.65556],[-149.40131,63.65394],[-149.39748,63.65363],[-149.39464,63.65493],[-149.39565,63.65655],[-149.39948,63.65686]]]},"properties":{"cell":"890c74ca927ffff","res":9,"coarsened":false,"count":1,"hv":1,"mp":0,"y0":2023,"y1":2023,"sp":[[1,1,1,0,2023,2023]]}},{"type":"Feature","geometry":{"type":"Polygon","coordinates":[[[-149.43694,63.69369],[-149.43978,63.69238],[-149.43877,63.69076],[-149.43493,63.69045],[-149.43209,63.69176],[-149.4331,63.69337],[-149.43694,63.69369]]]},"properties":{"cell":"890c74cac77ffff","res":9,"coarsened":false,"count":1,"hv":1,"mp":0,"y0":2023,"y1":2023,"sp":[[5,1,1,0,2023,2023]]}},{"type":"Feature","geometry":{"type":"Polygon","coordinates":[[[-149.48552,63.68381],[-149.48835,63.6825],[-149.48734,63.68089],[-149.4835,63.68058],[-149.48067,63.68188],[-149.48168,63.6835],[-149.48552,63.68381]]]},"properties":{"cell":"890c74cae67ffff","res":9,"coarsened":false,"count":1,"hv":1,"mp":0,"y0":2023,"y1":2023,"sp":[[11,1,1,0,2023,2023]]}},{"type":"Feature","geometry":{"type":"Polygon","coordinates":[[[-149.41087,63.68696],[-149.41371,63.68565],[-149.4127,63.68404],[-149.40886,63.68372],[-149.40603,63.68503],[-149.40703,63.68664],[-149.41087,63.68696]]]},"properties":{"cell":"890c74cad57ffff","res":9,"coarsened":false,"count":1,"hv":1,"mp":0,"y0":2023,"y1":2023,"sp":[[26,1,1,0,2023,2023]]}},{"type":"Feature","geometry":{"type":"Polygon","coordinates":[[[-149.22485,63.72235],[-149.22769,63.72105],[-149.2267,63.71943],[-149.22286,63.71912],[-149.22001,63.72042],[-149.221,63.72204],[-149.22485,63.72235]]]},"properties":{"cell":"890c74c01dbffff","res":9,"coarsened":false,"count":1,"hv":1,"mp":0,"y0":2023,"y1":2023,"sp":[[1,1,1,0,2023,2023]]}},{"type":"Feature","geometry":{"type":"Polygon","coordinates":[[[-149.4534,63.66739],[-149.45623,63.66608],[-149.45522,63.66447],[-149.45138,63.66416],[-149.44855,63.66546],[-149.44956,63.66708],[-149.4534,63.66739]]]},"properties":{"cell":"890c74cab9bffff","res":9,"coarsened":false,"count":1,"hv":1,"mp":0,"y0":2023,"y1":2023,"sp":[[12,1,1,0,2023,2023]]}},{"type":"Feature","geometry":{"type":"Polygon","coordinates":[[[-150.72164,63.10124],[-150.72436,63.09992],[-150.72328,63.09832],[-150.7195,63.09805],[-150.71678,63.09937],[-150.71786,63.10097],[-150.72164,63.10124]]]},"properties":{"cell":"890c7616ad3ffff","res":9,"coarsened":false,"count":1,"hv":1,"mp":0,"y0":2023,"y1":2023,"sp":[[43,1,1,0,2023,2023]]}},{"type":"Feature","geometry":{"type":"Polygon","coordinates":[[[-150.88075,63.08065],[-150.88346,63.07932],[-150.88238,63.07772],[-150.87859,63.07745],[-150.87589,63.07878],[-150.87697,63.08038],[-150.88075,63.08065]]]},"properties":{"cell":"890c7615107ffff","res":9,"coarsened":false,"count":1,"hv":1,"mp":0,"y0":2023,"y1":2023,"sp":[[1,1,1,0,2023,2023]]}},{"type":"Feature","geometry":{"type":"Polygon","coordinates":[[[-150.81419,63.09418],[-150.8169,63.09285],[-150.81582,63.09125],[-150.81204,63.09098],[-150.80933,63.09231],[-150.81041,63.09391],[-150.81419,63.09418]]]},"properties":{"cell":"890c761404fffff","res":9,"coarsened":false,"count":1,"hv":1,"mp":0,"y0":2023,"y1":2023,"sp":[[7,1,1,0,2023,2023]]}},{"type":"Feature","geometry":{"type":"Polygon","coordinates":[[[-150.6958,63.08416],[-150.69851,63.08284],[-150.69744,63.08124],[-150.69366,63.08097],[-150.69095,63.08229],[-150.69202,63.08389],[-150.6958,63.08416]]]},"properties":{"cell":"890c7616bcbffff","res":9,"coarsened":false,"count":1,"hv":1,"mp":0,"y0":2023,"y1":2023,"sp":[[81,1,1,0,2023,2023]]}},{"type":"Feature","geometry":{"type":"Polygon","coordinates":[[[-150.77857,63.07338],[-150.78128,63.07205],[-150.7802,63.07045],[-150.77642,63.07018],[-150.77371,63.07151],[-150.77479,63.07311],[-150.77857,63.07338]]]},"properties":{"cell":"890c7614ed3ffff","res":9,"coarsened":false,"count":1,"hv":1,"mp":0,"y0":2023,"y1":2023,"sp":[[11,1,1,0,2023,2023]]}},{"type":"Feature","geometry":{"type":"Polygon","coordinates":[[[-150.6732,63.07188],[-150.67591,63.07056],[-150.67484,63.06896],[-150.67107,63.06869],[-150.66835,63.07001],[-150.66942,63.07161],[-150.6732,63.07188]]]},"properties":{"cell":"890c7616b23ffff","res":9,"coarsened":false,"count":1,"hv":1,"mp":0,"y0":2023,"y1":2023,"sp":[[44,1,1,0,2023,2023]]}},{"type":"Feature","geometry":{"type":"Polygon","coordinates":[[[-150.7412,63.08743],[-150.74391,63.08611],[-150.74284,63.08451],[-150.73905,63.08423],[-150.73634,63.08556],[-150.73741,63.08716],[-150.7412,63.08743]]]},"properties":{"cell":"890c76141b3ffff","res":9,"coarsened":false,"count":1,"hv":1,"mp":0,"y0":2023,"y1":2023,"sp":[[45,1,1,0,2023,2023]]}},{"type":"Feature","geometry":{"type":"Polygon","coordinates":[[[-150.69103,63.07165],[-150.69374,63.07032],[-150.69267,63.06873],[-150.68889,63.06845],[-150.68618,63.06978],[-150.68725,63.07138],[-150.69103,63.07165]]]},"properties":{"cell":"890c7616b63ffff","res":9,"coarsened":false,"count":1,"hv":1,"mp":0,"y0":2023,"y1":2023,"sp":[[64,1,1,0,2023,2023]]}},{"type":"Feature","geometry":{"type":"Polygon","coordinates":[[[-150.72342,63.07703],[-150.72613,63.0757],[-150.72506,63.0741],[-150.72128,63.07383],[-150.71857,63.07516],[-150.71964,63.07675],[-150.72342,63.07703]]]},"properties":{"cell":"890c7614c8bffff","res":9,"coarsened":false,"count":1,"hv":1,"mp":0,"y0":2023,"y1":2023,"sp":[[6,1,1,0,2023,2023]]}},{"type":"Feature","geometry":{"type":"Polygon","coordinates":[[[-150.66177,63.08171],[-150.66448,63.08038],[-150.66341,63.07878],[-150.65963,63.07851],[-150.65692,63.07983],[-150.65799,63.08143],[-150.66177,63.08171]]]},"properties":{"cell":"890c7616bb3ffff","res":9,"coarsened":false,"count":1,"hv":1,"mp":0,"y0":2023,"y1":2023,"sp":[[6,1,1,0,2023,2023]]}},{"type":"Feature","geometry":{"type":"Polygon","coordinates":[[[-150.6646,63.12909],[-150.72915,63.11244],[-150.73312,63.08077],[-150.67271,63.06576],[-150.60826,63.08239],[-150.60412,63.11404],[-150.6646,63.12909]]]},"properties":{"cell":"860c7616fffffff","res":6,"coarsened":true,"count":2,"hv":2,"mp":0,"y0":2023,"y1":2023,"sp":[[0,2,2,0,2023,2023]]}},{"type":"Feature","geometry":{"type":"Polygon","coordinates":[[[-150.78665,63.08004],[-150.78936,63.07871],[-150.78829,63.07711],[-150.7845,63.07684],[-150.78179,63.07817],[-150.78287,63.07977],[-150.78665,63.08004]]]},"properties":{"cell":"890c76143b3ffff","res":9,"coarsened":false,"count":1,"hv":1,"mp":0,"y0":2023,"y1":2023,"sp":[[4,1,1,0,2023,2023]]}},{"type":"Feature","geometry":{"type":"Polygon","coordinates":[[[-150.75255,63.08825],[-150.75526,63.08692],[-150.75419,63.08532],[-150.7504,63.08505],[-150.74769,63.08638],[-150.74876,63.08798],[-150.75255,63.08825]]]},"properties":{"cell":"890c761418fffff","res":9,"coarsened":false,"count":1,"hv":1,"mp":0,"y0":2023,"y1":2023,"sp":[[10,1,1,0,2023,2023]]}},{"type":"Feature","geometry":{"type":"Polygon","coordinates":[[[-150.64238,63.07421],[-150.6451,63.07289],[-150.64403,63.07129],[-150.64025,63.07102],[-150.63754,63.07234],[-150.6386,63.07394],[-150.64238,63.07421]]]},"properties":{"cell":"890c76ab69bffff","res":9,"coarsened":false,"count":1,"hv":1,"mp":0,"y0":2023,"y1":2023,"sp":[[79,1,1,0,2023,2023]]}},{"type":"Feature","geometry":{"type":"Polygon","coordinates":[[[-150.67467,63.09025],[-150.67738,63.08892],[-150.67631,63.08732],[-150.67253,63.08705],[-150.66982,63.08837],[-150.67089,63.08997],[-150.67467,63.09025]]]},"properties":{"cell":"890c7616867ffff","res":9,"coarsened":false,"count":1,"hv":1,"mp":0,"y0":2023,"y1":2023,"sp":[[11,1,1,0,2023,2023]]}},{"type":"Feature","geometry":{"type":"Polygon","coordinates":[[[-150.74775,63.07573],[-150.75046,63.0744],[-150.74939,63.07281],[-150.7456,63.07253],[-150.74289,63.07386],[-150.74397,63.07546],[-150.74775,63.07573]]]},"properties":{"cell":"890c7614127ffff","res":9,"coarsened":false,"count":1,"hv":1,"mp":0,"y0":2023,"y1":2023,"sp":[[11,1,1,0,2023,2023]]}},{"type":"Feature","geometry":{"type":"Polygon","coordinates":[[[-150.70722,63.07434],[-150.70993,63.07301],[-150.70886,63.07141],[-150.70508,63.07114],[-150.70237,63.07247],[-150.70344,63.07407],[-150.70722,63.07434]]]},"properties":{"cell":"890c7614cb3ffff","res":9,"coarsened":false,"count":1,"hv":1,"mp":0,"y0":2023,"y1":2023,"sp":[[2,1,1,0,2023,2023]]}},{"type":"Feature","geometry":{"type":"Polygon","coordinates":[[[-150.63413,63.08883],[-150.63685,63.08751],[-150.63578,63.08591],[-150.632,63.08563],[-150.62929,63.08696],[-150.63035,63.08856],[-150.63413,63.08883]]]},"properties":{"cell":"890c7616913ffff","res":9,"coarsened":false,"count":1,"hv":1,"mp":0,"y0":2023,"y1":2023,"sp":[[2,1,1,0,2023,2023]]}},{"type":"Feature","geometry":{"type":"Polygon","coordinates":[[[-150.66991,63.07773],[-150.67262,63.0764],[-150.67155,63.07481],[-150.66777,63.07453],[-150.66506,63.07586],[-150.66613,63.07746],[-150.66991,63.07773]]]},"properties":{"cell":"890c7616babffff","res":9,"coarsened":false,"count":1,"hv":1,"mp":0,"y0":2023,"y1":2023,"sp":[[2,1,1,0,2023,2023]]}},{"type":"Feature","geometry":{"type":"Polygon","coordinates":[[[-150.70237,63.07247],[-150.70508,63.07114],[-150.70401,63.06954],[-150.70023,63.06927],[-150.69752,63.0706],[-150.69859,63.07219],[-150.70237,63.07247]]]},"properties":{"cell":"890c7614cb7ffff","res":9,"coarsened":false,"count":1,"hv":1,"mp":0,"y0":2023,"y1":2023,"sp":[[2,1,1,0,2023,2023]]}},{"type":"Feature","geometry":{"type":"Polygon","coordinates":[[[-150.67952,63.09212],[-150.68223,63.09079],[-150.68116,63.08919],[-150.67738,63.08892],[-150.67467,63.09025],[-150.67574,63.09185],[-150.67952,63.09212]]]},"properties":{"cell":"890c7616863ffff","res":9,"coarsened":false,"count":1,"hv":1,"mp":0,"y0":2023,"y1":2023,"sp":[[31,1,1,0,2023,2023]]}},{"type":"Feature","geometry":{"type":"Polygon","coordinates":[[[-150.78184,63.06752],[-150.78454,63.0662],[-150.78347,63.0646],[-150.77969,63.06433],[-150.77698,63.06566],[-150.77805,63.06725],[-150.78184,63.06752]]]},"properties":{"cell":"890c7614ecfffff","res":9,"coarsened":false,"count":1,"hv":1,"mp":0,"y0":2023,"y1":2023,"sp":[[6,1,1,0,2023,2023]]}},{"type":"Feature","geometry":{"type":"Polygon","coordinates":[[[-150.71357,63.09457],[-150.71628,63.09325],[-150.71521,63.09165],[-150.71143,63.09138],[-150.70872,63.0927],[-150.70979,63.0943],[-150.71357,63.09457]]]},"properties":{"cell":"890c7616a13ffff","res":9,"coarsened":false,"count":1,"hv":1,"mp":0,"y0":2023,"y1":2023,"sp":[[7,1,1,0,2023,2023]]}},{"type":"Feature","geometry":{"type":"Polygon","coordinates":[[[-150.82397,63.07662],[-150.82668,63.07529],[-150.8256,63.07369],[-150.82182,63.07342],[-150.81911,63.07475],[-150.82019,63.07635],[-150.82397,63.07662]]]},"properties":{"cell":"890c7614343ffff","res":9,"coarsened":false,"count":1,"hv":1,"mp":0,"y0":2023,"y1":2023,"sp":[[32,1,1,0,2023,2023]]}},{"type":"Feature","geometry":{"type":"Polygon","coordinates":[[[-150.64568,63.06837],[-150.64839,63.06704],[-150.64733,63.06545],[-150.64355,63.06517],[-150.64084,63.0665],[-150.6419,63.06809],[-150.64568,63.06837]]]},"properties":{"cell":"890c76ab613ffff","res":9,"coarsened":false,"count":1,"hv":1,"mp":0,"y0":2023,"y1":2023,"sp":[[4,1,1,0,2023,2023]]}},{"type":"Feature","geometry":{"type":"Polygon","coordinates":[[[-150.67961,63.08147],[-150.68232,63.08015],[-150.68125,63.07855],[-150.67747,63.07828],[-150.67476,63.0796],[-150.67582,63.0812],[-150.67961,63.08147]]]},"properties":{"cell":"890c7616b13ffff","res":9,"coarsened":false,"count":1,"hv":1,"mp":0,"y0":2023,"y1":2023,"sp":[[5,1,1,0,2023,2023]]}},{"type":"Feature","geometry":{"type":"Polygon","coordinates":[[[-150.73312,63.08077],[-150.79752,63.06408],[-150.8014,63.03243],[-150.74105,63.01746],[-150.67675,63.03412],[-150.67271,63.06576],[-150.73312,63.08077]]]},"properties":{"cell":"860c7614fffffff","res":6,"coarsened":true,"count":1,"hv":1,"mp":0,"y0":2023,"y1":2023,"sp":[[0,1,1,0,2023,2023]]}},{"type":"Feature","geometry":{"type":"Polygon","coordinates":[[[-150.80613,63.07687],[-150.80884,63.07554],[-150.80776,63.07394],[-150.80398,63.07367],[-150.80127,63.075],[-150.80234,63.0766],[-150.80613,63.07687]]]},"properties":{"cell":"890c7614303ffff","res":9,"coarsened":false,"count":1,"hv":1,"mp":0,"y0":2023,"y1":2023,"sp":[[43,1,1,0,2023,2023]]}},{"type":"Feature","geometry":{"type":"Polygon","coordinates":[[[-149.57286,63.66016],[-149.57569,63.65885],[-149.57467,63.65723],[-149.57083,63.65692],[-149.56801,63.65823],[-149.56902,63.65985],[-149.57286,63.66016]]]},"properties":{"cell":"890c74c83bbffff","res":9,"coarsened":false,"count":3,"hv":3,"mp":0,"y0":2023,"y1":2026,"sp":[[26,1,1,0,2023,2023],[137,1,1,0,2026,2026],[45,1,1,0,2023,2023]]}},{"type":"Feature","geometry":{"type":"Polygon","coordinates":[[[-149.5741,63.66793],[-149.57692,63.66662],[-149.57591,63.66501],[-149.57207,63.6647],[-149.56924,63.666],[-149.57025,63.66762],[-149.5741,63.66793]]]},"properties":{"cell":"890c74c8393ffff","res":9,"coarsened":false,"count":2,"hv":2,"mp":0,"y0":2023,"y1":2023,"sp":[[26,1,1,0,2023,2023],[36,1,1,0,2023,2023]]}},{"type":"Feature","geometry":{"type":"Polygon","coordinates":[[[-150.66845,63.24821],[-150.67118,63.24688],[-150.67011,63.24528],[-150.6663,63.245],[-150.66357,63.24633],[-150.66464,63.24793],[-150.66845,63.24821]]]},"properties":{"cell":"890c768c503ffff","res":9,"coarsened":false,"count":1,"hv":1,"mp":0,"y0":2023,"y1":2023,"sp":[[1,1,1,0,2023,2023]]}},{"type":"Feature","geometry":{"type":"Polygon","coordinates":[[[-148.93749,63.73512],[-148.94035,63.73383],[-148.93938,63.73221],[-148.93554,63.73188],[-148.93268,63.73317],[-148.93365,63.73479],[-148.93749,63.73512]]]},"properties":{"cell":"890c74d5d17ffff","res":9,"coarsened":false,"count":1,"hv":1,"mp":0,"y0":2013,"y1":2013,"sp":[[67,1,1,0,2013,2013]]}},{"type":"Feature","geometry":{"type":"Polygon","coordinates":[[[-149.00026,63.69433],[-149.00312,63.69304],[-149.00214,63.69142],[-148.99831,63.69109],[-148.99546,63.69239],[-148.99643,63.69401],[-149.00026,63.69433]]]},"properties":{"cell":"890c74c7597ffff","res":9,"coarsened":false,"count":1,"hv":1,"mp":0,"y0":2013,"y1":2013,"sp":[[26,1,1,0,2013,2013]]}},{"type":"Feature","geometry":{"type":"Polygon","coordinates":[[[-149.7315,63.55933],[-149.7343,63.55802],[-149.73328,63.55641],[-149.72945,63.55611],[-149.72664,63.55742],[-149.72767,63.55903],[-149.7315,63.55933]]]},"properties":{"cell":"890c745330fffff","res":9,"coarsened":false,"count":2,"hv":2,"mp":0,"y0":2023,"y1":2023,"sp":[[11,1,1,0,2023,2023],[12,1,1,0,2023,2023]]}},{"type":"Feature","geometry":{"type":"Polygon","coordinates":[[[-149.37363,63.72692],[-149.37648,63.72562],[-149.37547,63.724],[-149.37163,63.72369],[-149.36878,63.72499],[-149.36979,63.72661],[-149.37363,63.72692]]]},"properties":{"cell":"890c74c1003ffff","res":9,"coarsened":false,"count":5,"hv":5,"mp":0,"y0":2023,"y1":2026,"sp":[[1,3,3,0,2023,2023],[11,1,1,0,2026,2026],[7,1,1,0,2024,2024]]}},{"type":"Feature","geometry":{"type":"Polygon","coordinates":[[[-149.27281,63.72325],[-149.27566,63.72195],[-149.27466,63.72033],[-149.27082,63.72001],[-149.26797,63.72131],[-149.26897,63.72293],[-149.27281,63.72325]]]},"properties":{"cell":"890c74c02b3ffff","res":9,"coarsened":false,"count":2,"hv":2,"mp":0,"y0":2023,"y1":2026,"sp":[[1,1,1,0,2023,2023],[11,1,1,0,2026,2026]]}},{"type":"Feature","geometry":{"type":"Polygon","coordinates":[[[-149.43383,63.71801],[-149.43667,63.7167],[-149.43566,63.71508],[-149.43182,63.71477],[-149.42898,63.71608],[-149.42998,63.71769],[-149.43383,63.71801]]]},"properties":{"cell":"890c74c1247ffff","res":9,"coarsened":false,"count":1,"hv":1,"mp":0,"y0":2023,"y1":2023,"sp":[[1,1,1,0,2023,2023]]}},{"type":"Feature","geometry":{"type":"Polygon","coordinates":[[[-149.08477,63.71374],[-149.08762,63.71245],[-149.08664,63.71083],[-149.0828,63.71051],[-149.07995,63.7118],[-149.08093,63.71342],[-149.08477,63.71374]]]},"properties":{"cell":"890c74c2903ffff","res":9,"coarsened":false,"count":1,"hv":1,"mp":0,"y0":2023,"y1":2023,"sp":[[11,1,1,0,2023,2023]]}},{"type":"Feature","geometry":{"type":"Polygon","coordinates":[[[-149.58868,63.6737],[-149.5915,63.6724],[-149.59049,63.67078],[-149.58664,63.67047],[-149.58381,63.67178],[-149.58483,63.6734],[-149.58868,63.6737]]]},"properties":{"cell":"890c74c807bffff","res":9,"coarsened":false,"count":1,"hv":1,"mp":0,"y0":2023,"y1":2023,"sp":[[45,1,1,0,2023,2023]]}},{"type":"Feature","geometry":{"type":"Polygon","coordinates":[[[-149.59397,63.45036],[-149.59678,63.44905],[-149.59577,63.44744],[-149.59196,63.44713],[-149.58916,63.44844],[-149.59016,63.45005],[-149.59397,63.45036]]]},"properties":{"cell":"890c7455673ffff","res":9,"coarsened":false,"count":1,"hv":1,"mp":0,"y0":2023,"y1":2023,"sp":[[1,1,1,0,2023,2023]]}},{"type":"Feature","geometry":{"type":"Polygon","coordinates":[[[-149.61803,63.58709],[-149.62084,63.58578],[-149.61983,63.58416],[-149.616,63.58386],[-149.61318,63.58516],[-149.6142,63.58678],[-149.61803,63.58709]]]},"properties":{"cell":"890c745262fffff","res":9,"coarsened":false,"count":4,"hv":4,"mp":0,"y0":2023,"y1":2024,"sp":[[7,3,3,0,2023,2024],[4,1,1,0,2024,2024]]}},{"type":"Feature","geometry":{"type":"Polygon","coordinates":[[[-149.69397,63.55176],[-149.69678,63.55045],[-149.69576,63.54884],[-149.69193,63.54853],[-149.68913,63.54984],[-149.69014,63.55145],[-149.69397,63.55176]]]},"properties":{"cell":"890c7450613ffff","res":9,"coarsened":false,"count":1,"hv":1,"mp":0,"y0":2023,"y1":2023,"sp":[[1,1,1,0,2023,2023]]}},{"type":"Feature","geometry":{"type":"Polygon","coordinates":[[[-149.73507,63.55349],[-149.73788,63.55218],[-149.73685,63.55056],[-149.73302,63.55026],[-149.73022,63.55157],[-149.73124,63.55318],[-149.73507,63.55349]]]},"properties":{"cell":"890c7453367ffff","res":9,"coarsened":false,"count":3,"hv":3,"mp":0,"y0":2023,"y1":2025,"sp":[[1,3,3,0,2023,2025]]}},{"type":"Feature","geometry":{"type":"Polygon","coordinates":[[[-149.59876,63.60854],[-149.60157,63.60723],[-149.60056,63.60562],[-149.59673,63.60531],[-149.59391,63.60662],[-149.59492,63.60823],[-149.59876,63.60854]]]},"properties":{"cell":"890c74c9927ffff","res":9,"coarsened":false,"count":3,"hv":3,"mp":0,"y0":2023,"y1":2026,"sp":[[7,2,2,0,2023,2026],[1,1,1,0,2025,2025]]}},{"type":"Feature","geometry":{"type":"Polygon","coordinates":[[[-149.62412,63.59677],[-149.62694,63.59546],[-149.62592,63.59385],[-149.62209,63.59354],[-149.61927,63.59485],[-149.62029,63.59647],[-149.62412,63.59677]]]},"properties":{"cell":"890c7452603ffff","res":9,"coarsened":false,"count":1,"hv":1,"mp":0,"y0":2023,"y1":2023,"sp":[[1,1,1,0,2023,2023]]}},{"type":"Feature","geometry":{"type":"Polygon","coordinates":[[[-148.85487,63.69425],[-148.85773,63.69296],[-148.85676,63.69134],[-148.85294,63.69101],[-148.85008,63.69231],[-148.85104,63.69392],[-148.85487,63.69425]]]},"properties":{"cell":"890c7489657ffff","res":9,"coarsened":false,"count":2,"hv":2,"mp":0,"y0":2023,"y1":2025,"sp":[[17,1,1,0,2023,2023],[2,1,1,0,2025,2025]]}},{"type":"Feature","geometry":{"type":"Polygon","coordinates":[[[-150.82802,63.47341],[-150.83077,63.47207],[-150.82968,63.47047],[-150.82583,63.47019],[-150.82308,63.47153],[-150.82417,63.47313],[-150.82802,63.47341]]]},"properties":{"cell":"890c7698193ffff","res":9,"coarsened":false,"count":1,"hv":1,"mp":0,"y0":2023,"y1":2023,"sp":[[1,1,1,0,2023,2023]]}},{"type":"Feature","geometry":{"type":"Polygon","coordinates":[[[-149.64102,63.58892],[-149.64384,63.58761],[-149.64282,63.586],[-149.63899,63.58569],[-149.63617,63.587],[-149.63719,63.58862],[-149.64102,63.58892]]]},"properties":{"cell":"890c745266bffff","res":9,"coarsened":false,"count":1,"hv":1,"mp":0,"y0":2023,"y1":2023,"sp":[[7,1,1,0,2023,2023]]}},{"type":"Feature","geometry":{"type":"Polygon","coordinates":[[[-149.06282,63.71958],[-149.06568,63.71829],[-149.06469,63.71667],[-149.06086,63.71635],[-149.058,63.71764],[-149.05898,63.71926],[-149.06282,63.71958]]]},"properties":{"cell":"890c74d5a4bffff","res":9,"coarsened":false,"count":4,"hv":4,"mp":0,"y0":2023,"y1":2025,"sp":[[4,1,1,0,2023,2023],[16,1,1,0,2023,2023],[26,1,1,0,2024,2024],[1,1,1,0,2025,2025]]}},{"type":"Feature","geometry":{"type":"Polygon","coordinates":[[[-149.78459,63.55127],[-149.7874,63.54996],[-149.78637,63.54835],[-149.78254,63.54805],[-149.77974,63.54936],[-149.78076,63.55097],[-149.78459,63.55127]]]},"properties":{"cell":"890c7451473ffff","res":9,"coarsened":false,"count":1,"hv":1,"mp":0,"y0":2023,"y1":2023,"sp":[[1,1,1,0,2023,2023]]}},{"type":"Feature","geometry":{"type":"Polygon","coordinates":[[[-149.78637,63.54835],[-149.78918,63.54704],[-149.78815,63.54542],[-149.78432,63.54512],[-149.78152,63.54643],[-149.78254,63.54805],[-149.78637,63.54835]]]},"properties":{"cell":"890c7451463ffff","res":9,"coarsened":false,"count":3,"hv":3,"mp":0,"y0":2023,"y1":2025,"sp":[[1,3,3,0,2023,2025]]}},{"type":"Feature","geometry":{"type":"Polygon","coordinates":[[[-149.60766,63.56479],[-149.61047,63.56349],[-149.60946,63.56187],[-149.60563,63.56157],[-149.60282,63.56287],[-149.60383,63.56449],[-149.60766,63.56479]]]},"properties":{"cell":"890c745231bffff","res":9,"coarsened":false,"count":1,"hv":1,"mp":0,"y0":2023,"y1":2023,"sp":[[52,1,1,0,2023,2023]]}},{"type":"Feature","geometry":{"type":"Polygon","coordinates":[[[-149.28206,63.70865],[-149.28491,63.70735],[-149.28391,63.70573],[-149.28007,63.70541],[-149.27722,63.70671],[-149.27822,63.70833],[-149.28206,63.70865]]]},"properties":{"cell":"890c74c035bffff","res":9,"coarsened":false,"count":1,"hv":1,"mp":0,"y0":2023,"y1":2023,"sp":[[1,1,1,0,2023,2023]]}},{"type":"Feature","geometry":{"type":"Polygon","coordinates":[[[-150.42684,63.43051],[-150.4296,63.42919],[-150.42854,63.42758],[-150.42471,63.42729],[-150.42195,63.42862],[-150.42301,63.43023],[-150.42684,63.43051]]]},"properties":{"cell":"890c7695033ffff","res":9,"coarsened":false,"count":1,"hv":1,"mp":0,"y0":2019,"y1":2019,"sp":[[7,1,1,0,2019,2019]]}},{"type":"Feature","geometry":{"type":"Polygon","coordinates":[[[-151.1195,62.92411],[-151.12218,62.92278],[-151.12109,62.92118],[-151.11732,62.92092],[-151.11464,62.92226],[-151.11573,62.92385],[-151.1195,62.92411]]]},"properties":{"cell":"890c760e337ffff","res":9,"coarsened":false,"count":1,"hv":1,"mp":0,"y0":2023,"y1":2023,"sp":[[36,1,1,0,2023,2023]]}},{"type":"Feature","geometry":{"type":"Polygon","coordinates":[[[-150.53613,62.9084],[-150.53883,62.90708],[-150.53778,62.90549],[-150.53403,62.90521],[-150.53133,62.90653],[-150.53238,62.90813],[-150.53613,62.9084]]]},"properties":{"cell":"890c763256fffff","res":9,"coarsened":false,"count":1,"hv":1,"mp":0,"y0":2023,"y1":2023,"sp":[[67,1,1,0,2023,2023]]}},{"type":"Feature","geometry":{"type":"Polygon","coordinates":[[[-150.18602,62.83522],[-150.18873,62.83391],[-150.1877,62.83231],[-150.18397,62.83203],[-150.18127,62.83334],[-150.18229,62.83494],[-150.18602,62.83522]]]},"properties":{"cell":"890c70d9437ffff","res":9,"coarsened":false,"count":1,"hv":1,"mp":0,"y0":2023,"y1":2023,"sp":[[70,1,1,0,2023,2023]]}},{"type":"Feature","geometry":{"type":"Polygon","coordinates":[[[-149.69039,63.5576],[-149.6932,63.55629],[-149.69218,63.55468],[-149.68835,63.55438],[-149.68554,63.55569],[-149.68656,63.5573],[-149.69039,63.5576]]]},"properties":{"cell":"890c745069bffff","res":9,"coarsened":false,"count":1,"hv":1,"mp":0,"y0":2023,"y1":2023,"sp":[[1,1,1,0,2023,2023]]}},{"type":"Feature","geometry":{"type":"Polygon","coordinates":[[[-149.60417,63.59977],[-149.60699,63.59847],[-149.60597,63.59685],[-149.60214,63.59655],[-149.59932,63.59785],[-149.60034,63.59947],[-149.60417,63.59977]]]},"properties":{"cell":"890c74526b3ffff","res":9,"coarsened":false,"count":12,"hv":12,"mp":0,"y0":1974,"y1":2026,"sp":[[7,5,5,0,1974,2026],[4,3,3,0,2024,2026],[1,1,1,0,2024,2024],[44,1,1,0,2024,2024],[32,1,1,0,2024,2024],[58,1,1,0,2024,2024]]}},{"type":"Feature","geometry":{"type":"Polygon","coordinates":[[[-149.29123,63.56973],[-149.29405,63.56843],[-149.29306,63.56682],[-149.28924,63.5665],[-149.28642,63.5678],[-149.28741,63.56942],[-149.29123,63.56973]]]},"properties":{"cell":"890c74cc1abffff","res":9,"coarsened":false,"count":3,"hv":3,"mp":0,"y0":2023,"y1":2023,"sp":[[1,2,2,0,2023,2023],[32,1,1,0,2023,2023]]}},{"type":"Feature","geometry":{"type":"Polygon","coordinates":[[[-149.24074,63.65916],[-149.24358,63.65786],[-149.24259,63.65624],[-149.23876,63.65593],[-149.23592,63.65723],[-149.23691,63.65884],[-149.24074,63.65916]]]},"properties":{"cell":"890c74ce483ffff","res":9,"coarsened":false,"count":3,"hv":3,"mp":0,"y0":2023,"y1":2023,"sp":[[32,2,2,0,2023,2023],[83,1,1,0,2023,2023]]}},{"type":"Feature","geometry":{"type":"Polygon","coordinates":[[[-149.72664,63.55742],[-149.72945,63.55611],[-149.72843,63.55449],[-149.7246,63.55419],[-149.72179,63.5555],[-149.72281,63.55711],[-149.72664,63.55742]]]},"properties":{"cell":"890c745333bffff","res":9,"coarsened":false,"count":1,"hv":1,"mp":0,"y0":2023,"y1":2023,"sp":[[11,1,1,0,2023,2023]]}},{"type":"Feature","geometry":{"type":"Polygon","coordinates":[[[-149.50009,63.66043],[-149.50292,63.65912],[-149.50191,63.65751],[-149.49808,63.6572],[-149.49525,63.6585],[-149.49625,63.66012],[-149.50009,63.66043]]]},"properties":{"cell":"890c74c8c9bffff","res":9,"coarsened":false,"count":1,"hv":1,"mp":0,"y0":2023,"y1":2023,"sp":[[1,1,1,0,2023,2023]]}},{"type":"Feature","geometry":{"type":"Polygon","coordinates":[[[-148.86513,63.65057],[-148.86798,63.64928],[-148.86702,63.64766],[-148.8632,63.64734],[-148.86034,63.64863],[-148.86131,63.65025],[-148.86513,63.65057]]]},"properties":{"cell":"890c74c6c07ffff","res":9,"coarsened":false,"count":1,"hv":1,"mp":0,"y0":2023,"y1":2023,"sp":[[16,1,1,0,2023,2023]]}},{"type":"Feature","geometry":{"type":"Polygon","coordinates":[[[-149.79773,63.58908],[-149.80054,63.58777],[-149.79951,63.58616],[-149.79568,63.58586],[-149.79287,63.58717],[-149.7939,63.58878],[-149.79773,63.58908]]]},"properties":{"cell":"890c2924d03ffff","res":9,"coarsened":false,"count":1,"hv":1,"mp":0,"y0":2023,"y1":2023,"sp":[[7,1,1,0,2023,2023]]}},{"type":"Feature","geometry":{"type":"Polygon","coordinates":[[[-149.78945,63.55319],[-149.79225,63.55187],[-149.79123,63.55026],[-149.7874,63.54996],[-149.78459,63.55127],[-149.78562,63.55288],[-149.78945,63.55319]]]},"properties":{"cell":"890c7451447ffff","res":9,"coarsened":false,"count":5,"hv":5,"mp":0,"y0":2023,"y1":2026,"sp":[[59,1,1,0,2023,2023],[14,1,1,0,2025,2025],[1,1,1,0,2025,2025],[11,1,1,0,2026,2026],[4,1,1,0,2026,2026]]}},{"type":"Feature","geometry":{"type":"Polygon","coordinates":[[[-149.7412,63.56317],[-149.74401,63.56186],[-149.74299,63.56024],[-149.73916,63.55994],[-149.73635,63.56125],[-149.73737,63.56286],[-149.7412,63.56317]]]},"properties":{"cell":"890c7453357ffff","res":9,"coarsened":false,"count":1,"hv":1,"mp":0,"y0":2023,"y1":2023,"sp":[[7,1,1,0,2023,2023]]}},{"type":"Feature","geometry":{"type":"Polygon","coordinates":[[[-149.60958,63.59101],[-149.6124,63.5897],[-149.61138,63.58809],[-149.60755,63.58778],[-149.60473,63.58909],[-149.60575,63.5907],[-149.60958,63.59101]]]},"properties":{"cell":"890c7452637ffff","res":9,"coarsened":false,"count":41,"hv":41,"mp":0,"y0":2023,"y1":2025,"sp":[[1,2,2,0,2023,2025],[33,1,1,0,null,null],[157,1,1,0,null,null],[49,1,1,0,null,null],[30,1,1,0,null,null],[32,1,1,0,null,null],[58,1,1,0,null,null],[50,1,1,0,null,null],[59,1,1,0,null,null],[77,1,1,0,null,null],[90,1,1,0,null,null],[41,1,1,0,null,null],[44,1,1,0,null,null],[45,1,1,0,null,null],[67,1,1,0,null,null],[81,1,1,0,null,null],[162,1,1,0,null,null],[12,1,1,0,null,null],[11,1,1,0,null,null],[105,1,1,0,null,null],[43,1,1,0,null,null],[84,1,1,0,null,null],[82,1,1,0,null,null],[98,1,1,0,null,null],[76,1,1,0,null,null],[75,1,1,0,null,null],[66,1,1,0,null,null],[14,1,1,0,null,null],[171,1,1,0,null,null],[70,1,1,0,null,null],[13,1,1,0,null,null],[83,1,1,0,null,null],[188,1,1,0,null,null],[29,1,1,0,null,null],[6,1,1,0,null,null],[140,1,1,0,null,null],[163,1,1,0,null,null],[100,1,1,0,null,null],[88,1,1,0,null,null],[122,1,1,0,null,null]]}},{"type":"Feature","geometry":{"type":"Polygon","coordinates":[[[-149.57838,63.68055],[-149.58121,63.67924],[-149.58019,63.67763],[-149.57635,63.67732],[-149.57352,63.67863],[-149.57453,63.68024],[-149.57838,63.68055]]]},"properties":{"cell":"890c74c801bffff","res":9,"coarsened":false,"count":1,"hv":1,"mp":0,"y0":2023,"y1":2023,"sp":[[1,1,1,0,2023,2023]]}},{"type":"Feature","geometry":{"type":"Polygon","coordinates":[[[-149.57517,63.61738],[-149.578,63.61608],[-149.57698,63.61446],[-149.57315,63.61415],[-149.57033,63.61546],[-149.57134,63.61708],[-149.57517,63.61738]]]},"properties":{"cell":"890c74c8a63ffff","res":9,"coarsened":false,"count":1,"hv":1,"mp":0,"y0":2023,"y1":2023,"sp":[[1,1,1,0,2023,2023]]}},{"type":"Feature","geometry":{"type":"Polygon","coordinates":[[[-148.83562,63.66802],[-148.83848,63.66673],[-148.83752,63.66511],[-148.8337,63.66478],[-148.83084,63.66607],[-148.8318,63.66769],[-148.83562,63.66802]]]},"properties":{"cell":"890c74893dbffff","res":9,"coarsened":false,"count":2,"hv":2,"mp":0,"y0":2016,"y1":2024,"sp":[[2,2,2,0,2016,2024]]}},{"type":"Feature","geometry":{"type":"Polygon","coordinates":[[[-149.09282,63.73901],[-149.09568,63.73771],[-149.09469,63.73609],[-149.09085,63.73577],[-149.088,63.73707],[-149.08898,63.73869],[-149.09282,63.73901]]]},"properties":{"cell":"890c74c2c27ffff","res":9,"coarsened":false,"count":1,"hv":1,"mp":0,"y0":2016,"y1":2016,"sp":[[7,1,1,0,2016,2016]]}},{"type":"Feature","geometry":{"type":"Polygon","coordinates":[[[-149.22856,63.71652],[-149.23141,63.71521],[-149.23041,63.7136],[-149.22657,63.71328],[-149.22372,63.71458],[-149.22472,63.7162],[-149.22856,63.71652]]]},"properties":{"cell":"890c74c0153ffff","res":9,"coarsened":false,"count":1,"hv":1,"mp":0,"y0":2016,"y1":2016,"sp":[[1,1,1,0,2016,2016]]}},{"type":"Feature","geometry":{"type":"Polygon","coordinates":[[[-149.8244,63.54521],[-149.8272,63.5439],[-149.82617,63.54229],[-149.82234,63.54199],[-149.81954,63.5433],[-149.82057,63.54491],[-149.8244,63.54521]]]},"properties":{"cell":"890c745160fffff","res":9,"coarsened":false,"count":1,"hv":1,"mp":0,"y0":2016,"y1":2016,"sp":[[4,1,1,0,2016,2016]]}},{"type":"Feature","geometry":{"type":"Polygon","coordinates":[[[-150.60085,63.45094],[-150.60361,63.44961],[-150.60253,63.448],[-150.59869,63.44772],[-150.59594,63.44905],[-150.59701,63.45066],[-150.60085,63.45094]]]},"properties":{"cell":"890c76826c7ffff","res":9,"coarsened":false,"count":1,"hv":1,"mp":0,"y0":2016,"y1":2016,"sp":[[4,1,1,0,2016,2016]]}},{"type":"Feature","geometry":{"type":"Polygon","coordinates":[[[-149.51952,63.72649],[-149.52236,63.72518],[-149.52134,63.72356],[-149.51749,63.72325],[-149.51466,63.72456],[-149.51567,63.72618],[-149.51952,63.72649]]]},"properties":{"cell":"890c74ca043ffff","res":9,"coarsened":false,"count":2,"hv":2,"mp":0,"y0":2016,"y1":2019,"sp":[[1,1,1,0,2016,2016],[3,1,1,0,2019,2019]]}},{"type":"Feature","geometry":{"type":"Polygon","coordinates":[[[-149.63427,63.6881],[-149.6371,63.68679],[-149.63608,63.68517],[-149.63223,63.68487],[-149.6294,63.68618],[-149.63042,63.68779],[-149.63427,63.6881]]]},"properties":{"cell":"890c74c95b3ffff","res":9,"coarsened":false,"count":1,"hv":1,"mp":0,"y0":2016,"y1":2016,"sp":[[7,1,1,0,2016,2016]]}},{"type":"Feature","geometry":{"type":"Polygon","coordinates":[[[-149.12117,63.71372],[-149.12402,63.71242],[-149.12304,63.7108],[-149.1192,63.71048],[-149.11635,63.71178],[-149.11733,63.7134],[-149.12117,63.71372]]]},"properties":{"cell":"890c74c2b83ffff","res":9,"coarsened":false,"count":3,"hv":3,"mp":0,"y0":2016,"y1":2024,"sp":[[14,1,1,0,2016,2016],[43,1,1,0,2024,2024],[2,1,1,0,2024,2024]]}},{"type":"Feature","geometry":{"type":"Polygon","coordinates":[[[-149.65557,63.59468],[-149.65839,63.59338],[-149.65737,63.59176],[-149.65354,63.59146],[-149.65072,63.59276],[-149.65174,63.59438],[-149.65557,63.59468]]]},"properties":{"cell":"890c7453587ffff","res":9,"coarsened":false,"count":1,"hv":1,"mp":0,"y0":2016,"y1":2016,"sp":[[1,1,1,0,2016,2016]]}},{"type":"Feature","geometry":{"type":"Polygon","coordinates":[[[-149.1862,63.70685],[-149.18905,63.70555],[-149.18806,63.70393],[-149.18422,63.70362],[-149.18137,63.70491],[-149.18236,63.70653],[-149.1862,63.70685]]]},"properties":{"cell":"890c74c0cc3ffff","res":9,"coarsened":false,"count":1,"hv":1,"mp":0,"y0":2016,"y1":2016,"sp":[[2,1,1,0,2016,2016]]}},{"type":"Feature","geometry":{"type":"Polygon","coordinates":[[[-149.72307,63.56326],[-149.72588,63.56195],[-149.72486,63.56034],[-149.72103,63.56004],[-149.71822,63.56135],[-149.71924,63.56296],[-149.72307,63.56326]]]},"properties":{"cell":"890c7453317ffff","res":9,"coarsened":false,"count":1,"hv":1,"mp":0,"y0":2023,"y1":2023,"sp":[[29,1,1,0,2023,2023]]}},{"type":"Feature","geometry":{"type":"Polygon","coordinates":[[[-149.27395,63.73102],[-149.2768,63.72972],[-149.2758,63.7281],[-149.27196,63.72779],[-149.26911,63.72909],[-149.27011,63.73071],[-149.27395,63.73102]]]},"properties":{"cell":"890c74c062fffff","res":9,"coarsened":false,"count":7,"hv":7,"mp":0,"y0":2023,"y1":2026,"sp":[[2,1,1,0,2023,2023],[11,1,1,0,2026,2026],[58,1,1,0,null,null],[49,1,1,0,null,null],[188,1,1,0,null,null],[32,1,1,0,null,null],[6,1,1,0,null,null]]}},{"type":"Feature","geometry":{"type":"Polygon","coordinates":[[[-148.95965,63.74777],[-148.96251,63.74647],[-148.96154,63.74485],[-148.9577,63.74452],[-148.95484,63.74582],[-148.95581,63.74744],[-148.95965,63.74777]]]},"properties":{"cell":"890c74d5ca3ffff","res":9,"coarsened":false,"count":1,"hv":1,"mp":0,"y0":2023,"y1":2023,"sp":[[4,1,1,0,2023,2023]]}},{"type":"Feature","geometry":{"type":"Polygon","coordinates":[[[-149.30786,63.74458],[-149.31071,63.74327],[-149.30971,63.74165],[-149.30586,63.74134],[-149.30301,63.74264],[-149.30401,63.74426],[-149.30786,63.74458]]]},"properties":{"cell":"890c74c332fffff","res":9,"coarsened":false,"count":1,"hv":1,"mp":0,"y0":2023,"y1":2023,"sp":[[7,1,1,0,2023,2023]]}},{"type":"Feature","geometry":{"type":"Polygon","coordinates":[[[-149.07808,63.71472],[-149.08093,63.71342],[-149.07995,63.7118],[-149.07611,63.71148],[-149.07326,63.71278],[-149.07424,63.7144],[-149.07808,63.71472]]]},"properties":{"cell":"890c74c2917ffff","res":9,"coarsened":false,"count":1,"hv":1,"mp":0,"y0":2023,"y1":2023,"sp":[[2,1,1,0,2023,2023]]}},{"type":"Feature","geometry":{"type":"Polygon","coordinates":[[[-149.6001,63.64546],[-149.60293,63.64416],[-149.60191,63.64254],[-149.59807,63.64223],[-149.59525,63.64354],[-149.59626,63.64516],[-149.6001,63.64546]]]},"properties":{"cell":"890c74c9dd7ffff","res":9,"coarsened":false,"count":1,"hv":1,"mp":0,"y0":2023,"y1":2023,"sp":[[7,1,1,0,2023,2023]]}},{"type":"Feature","geometry":{"type":"Polygon","coordinates":[[[-148.88818,63.67098],[-148.89104,63.66969],[-148.89007,63.66807],[-148.88625,63.66774],[-148.88339,63.66903],[-148.88435,63.67065],[-148.88818,63.67098]]]},"properties":{"cell":"890c74c6187ffff","res":9,"coarsened":false,"count":1,"hv":1,"mp":0,"y0":2013,"y1":2013,"sp":[[1,1,1,0,2013,2013]]}},{"type":"Feature","geometry":{"type":"Polygon","coordinates":[[[-148.91898,63.69819],[-148.92184,63.6969],[-148.92087,63.69528],[-148.91704,63.69495],[-148.91418,63.69625],[-148.91515,63.69786],[-148.91898,63.69819]]]},"properties":{"cell":"890c74c6407ffff","res":9,"coarsened":false,"count":1,"hv":1,"mp":0,"y0":2013,"y1":2013,"sp":[[2,1,1,0,2013,2013]]}},{"type":"Feature","geometry":{"type":"Polygon","coordinates":[[[-148.92087,63.69528],[-148.92373,63.69398],[-148.92276,63.69237],[-148.91893,63.69204],[-148.91607,63.69333],[-148.91704,63.69495],[-148.92087,63.69528]]]},"properties":{"cell":"890c74c643bffff","res":9,"coarsened":false,"count":1,"hv":1,"mp":0,"y0":2013,"y1":2013,"sp":[[1,1,1,0,2013,2013]]}},{"type":"Feature","geometry":{"type":"Polygon","coordinates":[[[-149.18509,63.69908],[-149.18794,63.69778],[-149.18695,63.69616],[-149.18311,63.69584],[-149.18026,63.69714],[-149.18125,63.69876],[-149.18509,63.69908]]]},"properties":{"cell":"890c74c0c0bffff","res":9,"coarsened":false,"count":1,"hv":1,"mp":0,"y0":2023,"y1":2023,"sp":[[2,1,1,0,2023,2023]]}},{"type":"Feature","geometry":{"type":"Polygon","coordinates":[[[-149.00152,63.72056],[-149.00438,63.71927],[-149.0034,63.71765],[-148.99957,63.71732],[-148.99671,63.71862],[-148.99769,63.72024],[-149.00152,63.72056]]]},"properties":{"cell":"890c74d5863ffff","res":9,"coarsened":false,"count":5,"hv":5,"mp":0,"y0":2010,"y1":2023,"sp":[[2,2,2,0,2023,2023],[11,1,1,0,2023,2023],[4,1,1,0,2023,2023],[10,1,1,0,2010,2010]]}},{"type":"Feature","geometry":{"type":"Polygon","coordinates":[[[-149.60541,63.60754],[-149.60823,63.60623],[-149.60721,63.60462],[-149.60338,63.60431],[-149.60056,63.60562],[-149.60157,63.60723],[-149.60541,63.60754]]]},"properties":{"cell":"890c74c992fffff","res":9,"coarsened":false,"count":2,"hv":2,"mp":0,"y0":2023,"y1":2024,"sp":[[7,2,2,0,2023,2024]]}},{"type":"Feature","geometry":{"type":"Polygon","coordinates":[[[-149.63507,63.60838],[-149.63789,63.60707],[-149.63687,63.60546],[-149.63304,63.60515],[-149.63022,63.60646],[-149.63124,63.60807],[-149.63507,63.60838]]]},"properties":{"cell":"890c74c9ba7ffff","res":9,"coarsened":false,"count":2,"hv":2,"mp":0,"y0":2023,"y1":2025,"sp":[[7,2,2,0,2023,2025]]}},{"type":"Feature","geometry":{"type":"Polygon","coordinates":[[[-149.76598,63.56206],[-149.76878,63.56075],[-149.76776,63.55914],[-149.76393,63.55883],[-149.76112,63.56014],[-149.76214,63.56176],[-149.76598,63.56206]]]},"properties":{"cell":"890c7451483ffff","res":9,"coarsened":false,"count":1,"hv":1,"mp":0,"y0":2023,"y1":2023,"sp":[[1,1,1,0,2023,2023]]}},{"type":"Feature","geometry":{"type":"Polygon","coordinates":[[[-149.54522,63.41277],[-149.54802,63.41147],[-149.54702,63.40986],[-149.54322,63.40955],[-149.54042,63.41085],[-149.54142,63.41247],[-149.54522,63.41277]]]},"properties":{"cell":"890c7455ecbffff","res":9,"coarsened":false,"count":1,"hv":1,"mp":0,"y0":2023,"y1":2023,"sp":[[11,1,1,0,2023,2023]]}},{"type":"Feature","geometry":{"type":"Polygon","coordinates":[[[-149.5453,63.47094],[-149.61123,63.4548],[-149.61671,63.42311],[-149.55642,63.40755],[-149.4906,63.42366],[-149.48496,63.45534],[-149.5453,63.47094]]]},"properties":{"cell":"860c74557ffffff","res":6,"coarsened":true,"count":1,"hv":1,"mp":0,"y0":2023,"y1":2023,"sp":[[0,1,1,0,2023,2023]]}},{"type":"Feature","geometry":{"type":"Polygon","coordinates":[[[-149.62081,63.53367],[-149.62362,63.53236],[-149.62261,63.53075],[-149.61878,63.53044],[-149.61597,63.53175],[-149.61699,63.53336],[-149.62081,63.53367]]]},"properties":{"cell":"890c7450567ffff","res":9,"coarsened":false,"count":1,"hv":1,"mp":0,"y0":2023,"y1":2023,"sp":[[11,1,1,0,2023,2023]]}},{"type":"Feature","geometry":{"type":"Polygon","coordinates":[[[-149.73534,63.58263],[-149.73815,63.58132],[-149.73713,63.5797],[-149.73329,63.5794],[-149.73048,63.58071],[-149.7315,63.58232],[-149.73534,63.58263]]]},"properties":{"cell":"890c7453043ffff","res":9,"coarsened":false,"count":1,"hv":1,"mp":0,"y0":2023,"y1":2023,"sp":[[4,1,1,0,2023,2023]]}},{"type":"Feature","geometry":{"type":"Polygon","coordinates":[[[-149.29658,63.71445],[-149.29942,63.71315],[-149.29843,63.71153],[-149.29458,63.71122],[-149.29174,63.71252],[-149.29274,63.71414],[-149.29658,63.71445]]]},"properties":{"cell":"890c74c0277ffff","res":9,"coarsened":false,"count":1,"hv":1,"mp":0,"y0":2023,"y1":2023,"sp":[[1,1,1,0,2023,2023]]}},{"type":"Feature","geometry":{"type":"Polygon","coordinates":[[[-150.86592,63.5128],[-150.86868,63.51146],[-150.86758,63.50986],[-150.86372,63.50958],[-150.86097,63.51092],[-150.86207,63.51253],[-150.86592,63.5128]]]},"properties":{"cell":"890c769a27bffff","res":9,"coarsened":false,"count":1,"hv":1,"mp":0,"y0":2023,"y1":2023,"sp":[[15,1,1,0,2023,2023]]}},{"type":"Feature","geometry":{"type":"Polygon","coordinates":[[[-150.95191,63.54181],[-150.95467,63.54048],[-150.95356,63.53887],[-150.9497,63.5386],[-150.94695,63.53993],[-150.94805,63.54154],[-150.95191,63.54181]]]},"properties":{"cell":"890c769b687ffff","res":9,"coarsened":false,"count":2,"hv":2,"mp":0,"y0":2023,"y1":2026,"sp":[[2,2,2,0,2023,2026]]}},{"type":"Feature","geometry":{"type":"Polygon","coordinates":[[[-150.91714,63.51795],[-150.91989,63.51661],[-150.91879,63.51501],[-150.91493,63.51473],[-150.91218,63.51607],[-150.91328,63.51768],[-150.91714,63.51795]]]},"properties":{"cell":"890c769b037ffff","res":9,"coarsened":false,"count":3,"hv":3,"mp":0,"y0":1971,"y1":2023,"sp":[[16,1,1,0,2023,2023],[6,1,1,0,1971,1971],[58,1,1,0,1971,1971]]}},{"type":"Feature","geometry":{"type":"Polygon","coordinates":[[[-150.81157,63.46001],[-150.87694,63.44325],[-150.88078,63.41144],[-150.81942,63.39639],[-150.75415,63.41311],[-150.75014,63.44491],[-150.81157,63.46001]]]},"properties":{"cell":"860c7698fffffff","res":6,"coarsened":true,"count":2,"hv":2,"mp":0,"y0":2012,"y1":2023,"sp":[[0,2,2,0,2012,2023]]}},{"type":"Feature","geometry":{"type":"Polygon","coordinates":[[[-150.8511,63.47505],[-150.85385,63.47371],[-150.85275,63.47211],[-150.84891,63.47183],[-150.84616,63.47317],[-150.84725,63.47477],[-150.8511,63.47505]]]},"properties":{"cell":"890c76980a7ffff","res":9,"coarsened":false,"count":2,"hv":2,"mp":0,"y0":2023,"y1":2026,"sp":[[2,1,1,0,2023,2023],[16,1,1,0,2026,2026]]}},{"type":"Feature","geometry":{"type":"Polygon","coordinates":[[[-149.06308,63.73805],[-149.06594,63.73675],[-149.06496,63.73513],[-149.06112,63.73481],[-149.05826,63.73611],[-149.05924,63.73773],[-149.06308,63.73805]]]},"properties":{"cell":"890c74c2d8fffff","res":9,"coarsened":false,"count":1,"hv":1,"mp":0,"y0":2023,"y1":2023,"sp":[[4,1,1,0,2023,2023]]}},{"type":"Feature","geometry":{"type":"Polygon","coordinates":[[[-149.13751,63.71662],[-149.14036,63.71532],[-149.13938,63.71371],[-149.13554,63.71339],[-149.13269,63.71468],[-149.13367,63.7163],[-149.13751,63.71662]]]},"properties":{"cell":"890c74c2bd3ffff","res":9,"coarsened":false,"count":2,"hv":2,"mp":0,"y0":2023,"y1":2023,"sp":[[1,1,1,0,2023,2023],[2,1,1,0,2023,2023]]}},{"type":"Feature","geometry":{"type":"Polygon","coordinates":[[[-149.79301,63.54734],[-149.79581,63.54603],[-149.79479,63.54441],[-149.79096,63.54411],[-149.78815,63.54542],[-149.78918,63.54704],[-149.79301,63.54734]]]},"properties":{"cell":"890c745146bffff","res":9,"coarsened":false,"count":4,"hv":4,"mp":0,"y0":2023,"y1":2026,"sp":[[1,2,2,0,2026,2026],[4,1,1,0,2023,2023],[11,1,1,0,2025,2025]]}},{"type":"Feature","geometry":{"type":"Polygon","coordinates":[[[-149.52983,63.69046],[-149.53266,63.68916],[-149.53165,63.68754],[-149.5278,63.68723],[-149.52497,63.68854],[-149.52598,63.69015],[-149.52983,63.69046]]]},"properties":{"cell":"890c74c85c7ffff","res":9,"coarsened":false,"count":1,"hv":1,"mp":0,"y0":2023,"y1":2023,"sp":[[1,1,1,0,2023,2023]]}},{"type":"Feature","geometry":{"type":"Polygon","coordinates":[[[-149.10592,63.71859],[-149.10878,63.71729],[-149.10779,63.71567],[-149.10395,63.71535],[-149.1011,63.71665],[-149.10208,63.71827],[-149.10592,63.71859]]]},"properties":{"cell":"890c74c2827ffff","res":9,"coarsened":false,"count":1,"hv":1,"mp":0,"y0":2023,"y1":2023,"sp":[[2,1,1,0,2023,2023]]}},{"type":"Feature","geometry":{"type":"Polygon","coordinates":[[[-149.53469,63.69239],[-149.53752,63.69108],[-149.53651,63.68947],[-149.53266,63.68916],[-149.52983,63.69046],[-149.53084,63.69208],[-149.53469,63.69239]]]},"properties":{"cell":"890c74c85c3ffff","res":9,"coarsened":false,"count":1,"hv":1,"mp":0,"y0":2023,"y1":2023,"sp":[[1,1,1,0,2023,2023]]}},{"type":"Feature","geometry":{"type":"Polygon","coordinates":[[[-148.99922,63.68656],[-149.00207,63.68527],[-149.00109,63.68365],[-148.99726,63.68332],[-148.99441,63.68462],[-148.99539,63.68624],[-148.99922,63.68656]]]},"properties":{"cell":"890c74c75a3ffff","res":9,"coarsened":false,"count":1,"hv":1,"mp":0,"y0":2023,"y1":2023,"sp":[[6,1,1,0,2023,2023]]}},{"type":"Feature","geometry":{"type":"Polygon","coordinates":[[[-149.13642,63.70885],[-149.13927,63.70755],[-149.13828,63.70593],[-149.13445,63.70561],[-149.13159,63.70691],[-149.13258,63.70853],[-149.13642,63.70885]]]},"properties":{"cell":"890c74c2b1bffff","res":9,"coarsened":false,"count":2,"hv":2,"mp":0,"y0":2023,"y1":2024,"sp":[[1,1,1,0,2023,2023],[11,1,1,0,2024,2024]]}},{"type":"Feature","geometry":{"type":"Polygon","coordinates":[[[-149.62232,63.59969],[-149.62514,63.59839],[-149.62412,63.59677],[-149.62029,63.59647],[-149.61747,63.59777],[-149.61849,63.59939],[-149.62232,63.59969]]]},"properties":{"cell":"890c7452613ffff","res":9,"coarsened":false,"count":1,"hv":1,"mp":0,"y0":2023,"y1":2023,"sp":[[7,1,1,0,2023,2023]]}},{"type":"Feature","geometry":{"type":"Polygon","coordinates":[[[-149.57822,63.62223],[-149.58104,63.62092],[-149.58002,63.61931],[-149.57619,63.619],[-149.57337,63.62031],[-149.57438,63.62192],[-149.57822,63.62223]]]},"properties":{"cell":"890c74c8a47ffff","res":9,"coarsened":false,"count":1,"hv":1,"mp":0,"y0":2023,"y1":2023,"sp":[[7,1,1,0,2023,2023]]}},{"type":"Feature","geometry":{"type":"Polygon","coordinates":[[[-149.62897,63.59869],[-149.63179,63.59738],[-149.63077,63.59577],[-149.62694,63.59546],[-149.62412,63.59677],[-149.62514,63.59839],[-149.62897,63.59869]]]},"properties":{"cell":"890c745261bffff","res":9,"coarsened":false,"count":1,"hv":1,"mp":0,"y0":2023,"y1":2023,"sp":[[7,1,1,0,2023,2023]]}},{"type":"Feature","geometry":{"type":"Polygon","coordinates":[[[-149.13938,63.71371],[-149.14223,63.71241],[-149.14124,63.71079],[-149.1374,63.71047],[-149.13455,63.71177],[-149.13554,63.71339],[-149.13938,63.71371]]]},"properties":{"cell":"890c74c2bc3ffff","res":9,"coarsened":false,"count":6,"hv":6,"mp":0,"y0":2021,"y1":2025,"sp":[[2,4,4,0,2023,2025],[16,1,1,0,2024,2024],[12,1,1,0,2021,2021]]}},{"type":"Feature","geometry":{"type":"Polygon","coordinates":[[[-149.6807,63.55377],[-149.68351,63.55246],[-149.68249,63.55085],[-149.67866,63.55054],[-149.67585,63.55185],[-149.67687,63.55346],[-149.6807,63.55377]]]},"properties":{"cell":"890c7450687ffff","res":9,"coarsened":false,"count":3,"hv":3,"mp":0,"y0":2019,"y1":2024,"sp":[[1,3,3,0,2019,2024]]}},{"type":"Feature","geometry":{"type":"Polygon","coordinates":[[[-149.79123,63.55026],[-149.79403,63.54895],[-149.79301,63.54734],[-149.78918,63.54704],[-149.78637,63.54835],[-149.7874,63.54996],[-149.79123,63.55026]]]},"properties":{"cell":"890c745147bffff","res":9,"coarsened":false,"count":9,"hv":9,"mp":0,"y0":2023,"y1":2026,"sp":[[1,4,4,0,2025,2026],[11,4,4,0,2025,2026],[4,1,1,0,2023,2023]]}},{"type":"Feature","geometry":{"type":"Polygon","coordinates":[[[-149.2512,63.69995],[-149.25405,63.69865],[-149.25305,63.69704],[-149.24921,63.69672],[-149.24637,63.69802],[-149.24736,63.69964],[-149.2512,63.69995]]]},"properties":{"cell":"890c74c0323ffff","res":9,"coarsened":false,"count":1,"hv":1,"mp":0,"y0":2023,"y1":2023,"sp":[[29,1,1,0,2023,2023]]}},{"type":"Feature","geometry":{"type":"Polygon","coordinates":[[[-149.94726,63.52111],[-149.95005,63.51979],[-149.94901,63.51818],[-149.94519,63.51788],[-149.94239,63.5192],[-149.94343,63.52081],[-149.94726,63.52111]]]},"properties":{"cell":"890c745a237ffff","res":9,"coarsened":false,"count":1,"hv":1,"mp":0,"y0":2022,"y1":2022,"sp":[[8,1,1,0,2022,2022]]}},{"type":"Feature","geometry":{"type":"Polygon","coordinates":[[[-149.77747,63.56297],[-149.78028,63.56166],[-149.77925,63.56004],[-149.77542,63.55974],[-149.77261,63.56105],[-149.77364,63.56266],[-149.77747,63.56297]]]},"properties":{"cell":"890c74514d7ffff","res":9,"coarsened":false,"count":1,"hv":1,"mp":0,"y0":2022,"y1":2022,"sp":[[10,1,1,0,2022,2022]]}},{"type":"Feature","geometry":{"type":"Polygon","coordinates":[[[-149.32423,63.51727],[-149.32705,63.51597],[-149.32605,63.51435],[-149.32224,63.51404],[-149.31942,63.51534],[-149.32041,63.51695],[-149.32423,63.51727]]]},"properties":{"cell":"890c7456497ffff","res":9,"coarsened":false,"count":1,"hv":1,"mp":0,"y0":2022,"y1":2022,"sp":[[4,1,1,0,2022,2022]]}},{"type":"Feature","geometry":{"type":"Polygon","coordinates":[[[-148.94676,63.70209],[-148.94962,63.7008],[-148.94864,63.69918],[-148.94481,63.69885],[-148.94196,63.70015],[-148.94293,63.70176],[-148.94676,63.70209]]]},"properties":{"cell":"890c74c645bffff","res":9,"coarsened":false,"count":1,"hv":1,"mp":0,"y0":2023,"y1":2023,"sp":[[36,1,1,0,2023,2023]]}},{"type":"Feature","geometry":{"type":"Polygon","coordinates":[[[-150.86264,63.48657],[-150.86539,63.48523],[-150.86429,63.48363],[-150.86044,63.48335],[-150.85769,63.48469],[-150.85879,63.4863],[-150.86264,63.48657]]]},"properties":{"cell":"890c7698093ffff","res":9,"coarsened":false,"count":1,"hv":1,"mp":0,"y0":2023,"y1":2023,"sp":[[16,1,1,0,2023,2023]]}},{"type":"Feature","geometry":{"type":"Polygon","coordinates":[[[-149.86155,63.52362],[-149.86435,63.5223],[-149.86332,63.52069],[-149.85949,63.52039],[-149.85669,63.5217],[-149.85772,63.52332],[-149.86155,63.52362]]]},"properties":{"cell":"890c745a1b3ffff","res":9,"coarsened":false,"count":1,"hv":1,"mp":0,"y0":2019,"y1":2019,"sp":[[1,1,1,0,2019,2019]]}},{"type":"Feature","geometry":{"type":"Polygon","coordinates":[[[-150.77043,63.4479],[-150.77318,63.44656],[-150.77209,63.44496],[-150.76825,63.44468],[-150.7655,63.44601],[-150.76659,63.44762],[-150.77043,63.4479]]]},"properties":{"cell":"890c769ab6fffff","res":9,"coarsened":false,"count":1,"hv":1,"mp":0,"y0":2019,"y1":2019,"sp":[[1,1,1,0,2019,2019]]}},{"type":"Feature","geometry":{"type":"Polygon","coordinates":[[[-149.14979,63.70689],[-149.15264,63.70559],[-149.15166,63.70398],[-149.14782,63.70366],[-149.14497,63.70495],[-149.14596,63.70657],[-149.14979,63.70689]]]},"properties":{"cell":"890c74c2b43ffff","res":9,"coarsened":false,"count":1,"hv":1,"mp":0,"y0":2006,"y1":2006,"sp":[[2,1,1,0,2006,2006]]}},{"type":"Feature","geometry":{"type":"Polygon","coordinates":[[[-149.1873,63.71463],[-149.19015,63.71333],[-149.18916,63.71171],[-149.18533,63.71139],[-149.18248,63.71269],[-149.18347,63.71431],[-149.1873,63.71463]]]},"properties":{"cell":"890c74c01b7ffff","res":9,"coarsened":false,"count":2,"hv":2,"mp":0,"y0":2019,"y1":2024,"sp":[[2,1,1,0,2019,2019],[5,1,1,0,2024,2024]]}},{"type":"Feature","geometry":{"type":"Polygon","coordinates":[[[-148.83941,63.6622],[-148.84227,63.66091],[-148.84131,63.65929],[-148.83749,63.65896],[-148.83463,63.66025],[-148.83559,63.66187],[-148.83941,63.6622]]]},"properties":{"cell":"890c7489353ffff","res":9,"coarsened":false,"count":3,"hv":3,"mp":0,"y0":2014,"y1":2023,"sp":[[2,2,2,0,2019,2023],[59,1,1,0,2014,2014]]}},{"type":"Feature","geometry":{"type":"Polygon","coordinates":[[[-149.432,63.72093],[-149.43484,63.71962],[-149.43383,63.71801],[-149.42998,63.71769],[-149.42714,63.719],[-149.42815,63.72062],[-149.432,63.72093]]]},"properties":{"cell":"890c74c1257ffff","res":9,"coarsened":false,"count":1,"hv":1,"mp":0,"y0":2023,"y1":2023,"sp":[[1,1,1,0,2023,2023]]}},{"type":"Feature","geometry":{"type":"Polygon","coordinates":[[[-149.30601,63.7475],[-149.30886,63.7462],[-149.30786,63.74458],[-149.30401,63.74426],[-149.30116,63.74556],[-149.30216,63.74718],[-149.30601,63.7475]]]},"properties":{"cell":"890c74c3323ffff","res":9,"coarsened":false,"count":2,"hv":2,"mp":0,"y0":2023,"y1":2024,"sp":[[7,2,2,0,2023,2024]]}},{"type":"Feature","geometry":{"type":"Polygon","coordinates":[[[-149.64876,63.56655],[-149.65157,63.56524],[-149.65055,63.56363],[-149.64672,63.56332],[-149.64391,63.56463],[-149.64493,63.56624],[-149.64876,63.56655]]]},"properties":{"cell":"890c745226fffff","res":9,"coarsened":false,"count":1,"hv":1,"mp":0,"y0":2021,"y1":2021,"sp":[[1,1,1,0,2021,2021]]}},{"type":"Feature","geometry":{"type":"Polygon","coordinates":[[[-149.14793,63.70981],[-149.15078,63.70851],[-149.14979,63.70689],[-149.14596,63.70657],[-149.14311,63.70787],[-149.14409,63.70949],[-149.14793,63.70981]]]},"properties":{"cell":"890c74c2b53ffff","res":9,"coarsened":false,"count":1,"hv":1,"mp":0,"y0":2023,"y1":2023,"sp":[[2,1,1,0,2023,2023]]}},{"type":"Feature","geometry":{"type":"Polygon","coordinates":[[[-149.35589,63.74545],[-149.35874,63.74414],[-149.35773,63.74252],[-149.35388,63.74221],[-149.35104,63.74351],[-149.35204,63.74513],[-149.35589,63.74545]]]},"properties":{"cell":"890c74c1407ffff","res":9,"coarsened":false,"count":2,"hv":2,"mp":0,"y0":2023,"y1":2025,"sp":[[12,1,1,0,2023,2023],[7,1,1,0,2025,2025]]}},{"type":"Feature","geometry":{"type":"Polygon","coordinates":[[[-149.32541,63.75524],[-149.32826,63.75394],[-149.32726,63.75232],[-149.32341,63.752],[-149.32056,63.7533],[-149.32156,63.75492],[-149.32541,63.75524]]]},"properties":{"cell":"890c74c3357ffff","res":9,"coarsened":false,"count":1,"hv":1,"mp":0,"y0":2013,"y1":2013,"sp":[[4,1,1,0,2013,2013]]}},{"type":"Feature","geometry":{"type":"Polygon","coordinates":[[[-149.05719,63.72833],[-149.06005,63.72704],[-149.05907,63.72542],[-149.05523,63.72509],[-149.05238,63.72639],[-149.05336,63.72801],[-149.05719,63.72833]]]},"properties":{"cell":"890c74c2d37ffff","res":9,"coarsened":false,"count":1,"hv":1,"mp":0,"y0":2019,"y1":2019,"sp":[[2,1,1,0,2019,2019]]}},{"type":"Feature","geometry":{"type":"Polygon","coordinates":[[[-150.30716,63.42006],[-150.30992,63.41874],[-150.30887,63.41713],[-150.30504,63.41684],[-150.30228,63.41816],[-150.30333,63.41977],[-150.30716,63.42006]]]},"properties":{"cell":"890c7694387ffff","res":9,"coarsened":false,"count":1,"hv":1,"mp":0,"y0":2019,"y1":2019,"sp":[[1,1,1,0,2019,2019]]}},{"type":"Feature","geometry":{"type":"Polygon","coordinates":[[[-149.3522,63.75129],[-149.35505,63.74999],[-149.35405,63.74837],[-149.3502,63.74805],[-149.34735,63.74936],[-149.34835,63.75097],[-149.3522,63.75129]]]},"properties":{"cell":"890c74c148fffff","res":9,"coarsened":false,"count":1,"hv":1,"mp":0,"y0":2023,"y1":2023,"sp":[[127,1,1,0,2023,2023]]}},{"type":"Feature","geometry":{"type":"Polygon","coordinates":[[[-148.93165,63.7254],[-148.93451,63.72411],[-148.93354,63.72249],[-148.92971,63.72216],[-148.92685,63.72345],[-148.92782,63.72507],[-148.93165,63.7254]]]},"properties":{"cell":"890c74d5d27ffff","res":9,"coarsened":false,"count":1,"hv":1,"mp":0,"y0":2018,"y1":2018,"sp":[[2,1,1,0,2018,2018]]}},{"type":"Feature","geometry":{"type":"Polygon","coordinates":[[[-148.9919,63.71668],[-148.99476,63.71538],[-148.99378,63.71376],[-148.98995,63.71344],[-148.98709,63.71473],[-148.98807,63.71635],[-148.9919,63.71668]]]},"properties":{"cell":"890c74d5b93ffff","res":9,"coarsened":false,"count":1,"hv":1,"mp":0,"y0":2018,"y1":2018,"sp":[[1,1,1,0,2018,2018]]}},{"type":"Feature","geometry":{"type":"Polygon","coordinates":[[[-149.3425,63.74742],[-149.34534,63.74612],[-149.34434,63.7445],[-149.34049,63.74418],[-149.33765,63.74549],[-149.33865,63.74711],[-149.3425,63.74742]]]},"properties":{"cell":"890c74c14a3ffff","res":9,"coarsened":false,"count":1,"hv":1,"mp":0,"y0":2023,"y1":2023,"sp":[[7,1,1,0,2023,2023]]}},{"type":"Feature","geometry":{"type":"Polygon","coordinates":[[[-149.91114,63.60103],[-149.91394,63.59971],[-149.91291,63.5981],[-149.90907,63.5978],[-149.90626,63.59912],[-149.9073,63.60073],[-149.91114,63.60103]]]},"properties":{"cell":"890c292432bffff","res":9,"coarsened":false,"count":1,"hv":1,"mp":0,"y0":2007,"y1":2007,"sp":[[2,1,1,0,2007,2007]]}},{"type":"Feature","geometry":{"type":"Polygon","coordinates":[[[-150.04788,63.56411],[-150.05067,63.56279],[-150.04963,63.56118],[-150.04579,63.56088],[-150.043,63.5622],[-150.04404,63.56381],[-150.04788,63.56411]]]},"properties":{"cell":"890c292e9afffff","res":9,"coarsened":false,"count":1,"hv":1,"mp":0,"y0":2007,"y1":2007,"sp":[[1,1,1,0,2007,2007]]}},{"type":"Feature","geometry":{"type":"Polygon","coordinates":[[[-149.15944,63.71077],[-149.16229,63.70947],[-149.16131,63.70785],[-149.15747,63.70753],[-149.15462,63.70883],[-149.15561,63.71045],[-149.15944,63.71077]]]},"properties":{"cell":"890c74c2a2fffff","res":9,"coarsened":false,"count":1,"hv":1,"mp":0,"y0":2023,"y1":2023,"sp":[[1,1,1,0,2023,2023]]}},{"type":"Feature","geometry":{"type":"Polygon","coordinates":[[[-149.29561,63.75433],[-149.29846,63.75302],[-149.29746,63.7514],[-149.29362,63.75109],[-149.29077,63.75239],[-149.29176,63.75401],[-149.29561,63.75433]]]},"properties":{"cell":"890c74c33a3ffff","res":9,"coarsened":false,"count":8,"hv":8,"mp":0,"y0":2019,"y1":2026,"sp":[[4,3,3,0,2025,2025],[7,2,2,0,2025,2025],[3,1,1,0,2019,2019],[14,1,1,0,2026,2026],[10,1,1,0,2026,2026]]}},{"type":"Feature","geometry":{"type":"Polygon","coordinates":[[[-149.94415,63.51627],[-149.94694,63.51496],[-149.94591,63.51335],[-149.94208,63.51305],[-149.93929,63.51436],[-149.94032,63.51598],[-149.94415,63.51627]]]},"properties":{"cell":"890c745a353ffff","res":9,"coarsened":false,"count":1,"hv":1,"mp":0,"y0":2019,"y1":2019,"sp":[[10,1,1,0,2019,2019]]}},{"type":"Feature","geometry":{"type":"Polygon","coordinates":[[[-149.75141,63.55631],[-149.75422,63.555],[-149.75319,63.55339],[-149.74936,63.55309],[-149.74656,63.5544],[-149.74758,63.55601],[-149.75141,63.55631]]]},"properties":{"cell":"890c74514b7ffff","res":9,"coarsened":false,"count":2,"hv":2,"mp":0,"y0":2023,"y1":2024,"sp":[[11,1,1,0,2023,2023],[6,1,1,0,2024,2024]]}},{"type":"Feature","geometry":{"type":"Polygon","coordinates":[[[-148.95416,63.77498],[-148.95703,63.77369],[-148.95605,63.77207],[-148.95221,63.77174],[-148.94934,63.77304],[-148.95032,63.77466],[-148.95416,63.77498]]]},"properties":{"cell":"890c74d4283ffff","res":9,"coarsened":false,"count":1,"hv":1,"mp":0,"y0":2013,"y1":2013,"sp":[[45,1,1,0,2013,2013]]}},{"type":"Feature","geometry":{"type":"Polygon","coordinates":[[[-149.7417,63.55248],[-149.74451,63.55117],[-149.74349,63.54956],[-149.73966,63.54925],[-149.73685,63.55056],[-149.73788,63.55218],[-149.7417,63.55248]]]},"properties":{"cell":"890c745336fffff","res":9,"coarsened":false,"count":2,"hv":2,"mp":0,"y0":2022,"y1":2025,"sp":[[11,1,1,0,2022,2022],[1,1,1,0,2025,2025]]}},{"type":"Feature","geometry":{"type":"Polygon","coordinates":[[[-149.62009,63.64246],[-149.62292,63.64115],[-149.6219,63.63954],[-149.61806,63.63923],[-149.61524,63.64054],[-149.61625,63.64215],[-149.62009,63.64246]]]},"properties":{"cell":"890c74c9c27ffff","res":9,"coarsened":false,"count":1,"hv":1,"mp":0,"y0":2022,"y1":2022,"sp":[[26,1,1,0,2022,2022]]}},{"type":"Feature","geometry":{"type":"Polygon","coordinates":[[[-149.60745,63.66293],[-149.61027,63.66162],[-149.60925,63.66001],[-149.60541,63.6597],[-149.60259,63.66101],[-149.6036,63.66262],[-149.60745,63.66293]]]},"properties":{"cell":"890c74c8227ffff","res":9,"coarsened":false,"count":1,"hv":1,"mp":0,"y0":2022,"y1":2022,"sp":[[36,1,1,0,2022,2022]]}},{"type":"Feature","geometry":{"type":"Polygon","coordinates":[[[-151.09287,63.01643],[-151.09555,63.0151],[-151.09446,63.0135],[-151.09068,63.01324],[-151.08799,63.01457],[-151.08908,63.01617],[-151.09287,63.01643]]]},"properties":{"cell":"890c7600ec7ffff","res":9,"coarsened":false,"count":1,"hv":1,"mp":0,"y0":2014,"y1":2014,"sp":[[1,1,1,0,2014,2014]]}},{"type":"Feature","geometry":{"type":"Polygon","coordinates":[[[-151.08766,63.16666],[-151.09037,63.16533],[-151.08927,63.16373],[-151.08546,63.16346],[-151.08276,63.1648],[-151.08386,63.1664],[-151.08766,63.16666]]]},"properties":{"cell":"890c7611c8bffff","res":9,"coarsened":false,"count":1,"hv":1,"mp":0,"y0":2018,"y1":2018,"sp":[[2,1,1,0,2018,2018]]}},{"type":"Feature","geometry":{"type":"Polygon","coordinates":[[[-150.64444,63.02874],[-150.64715,63.02741],[-150.64608,63.02581],[-150.64231,63.02554],[-150.6396,63.02686],[-150.64067,63.02846],[-150.64444,63.02874]]]},"properties":{"cell":"890c76ab34fffff","res":9,"coarsened":false,"count":1,"hv":1,"mp":0,"y0":2018,"y1":2018,"sp":[[4,1,1,0,2018,2018]]}},{"type":"Feature","geometry":{"type":"Polygon","coordinates":[[[-150.86781,62.99763],[-150.8705,62.9963],[-150.86943,62.9947],[-150.86565,62.99444],[-150.86296,62.99577],[-150.86403,62.99736],[-150.86781,62.99763]]]},"properties":{"cell":"890c7606253ffff","res":9,"coarsened":false,"count":1,"hv":1,"mp":0,"y0":2018,"y1":2018,"sp":[[10,1,1,0,2018,2018]]}},{"type":"Feature","geometry":{"type":"Polygon","coordinates":[[[-151.06603,63.10885],[-151.06873,63.10751],[-151.06764,63.10591],[-151.06384,63.10565],[-151.06114,63.10698],[-151.06224,63.10858],[-151.06603,63.10885]]]},"properties":{"cell":"890c76026bbffff","res":9,"coarsened":false,"count":1,"hv":1,"mp":0,"y0":2018,"y1":2018,"sp":[[7,1,1,0,2018,2018]]}},{"type":"Feature","geometry":{"type":"Polygon","coordinates":[[[-149.86725,63.62367],[-149.87006,63.62235],[-149.86903,63.62074],[-149.86518,63.62044],[-149.86237,63.62175],[-149.86341,63.62337],[-149.86725,63.62367]]]},"properties":{"cell":"890c29241d7ffff","res":9,"coarsened":false,"count":1,"hv":1,"mp":0,"y0":1974,"y1":1974,"sp":[[1,1,1,0,1974,1974]]}},{"type":"Feature","geometry":{"type":"Polygon","coordinates":[[[-150.09325,63.43749],[-150.09603,63.43617],[-150.09498,63.43456],[-150.09116,63.43427],[-150.08838,63.43559],[-150.08943,63.43719],[-150.09325,63.43749]]]},"properties":{"cell":"890c7459a83ffff","res":9,"coarsened":false,"count":1,"hv":1,"mp":0,"y0":1974,"y1":1974,"sp":[[57,1,1,0,1974,1974]]}},{"type":"Feature","geometry":{"type":"Polygon","coordinates":[[[-150.36978,63.48744],[-150.37256,63.48612],[-150.37149,63.48451],[-150.36766,63.48422],[-150.36488,63.48554],[-150.36595,63.48715],[-150.36978,63.48744]]]},"properties":{"cell":"890c76970c7ffff","res":9,"coarsened":false,"count":1,"hv":1,"mp":0,"y0":2013,"y1":2013,"sp":[[4,1,1,0,2013,2013]]}},{"type":"Feature","geometry":{"type":"Polygon","coordinates":[[[-150.89553,63.33156],[-150.89826,63.33023],[-150.89717,63.32863],[-150.89334,63.32836],[-150.89061,63.32969],[-150.8917,63.33129],[-150.89553,63.33156]]]},"properties":{"cell":"890c7688527ffff","res":9,"coarsened":false,"count":1,"hv":1,"mp":0,"y0":2013,"y1":2013,"sp":[[4,1,1,0,2013,2013]]}},{"type":"Feature","geometry":{"type":"Polygon","coordinates":[[[-150.12896,63.18524],[-150.13171,63.18392],[-150.13067,63.18232],[-150.12689,63.18203],[-150.12414,63.18334],[-150.12518,63.18495],[-150.12896,63.18524]]]},"properties":{"cell":"890c76b010bffff","res":9,"coarsened":false,"count":1,"hv":1,"mp":0,"y0":1986,"y1":1986,"sp":[[7,1,1,0,1986,1986]]}},{"type":"Feature","geometry":{"type":"Polygon","coordinates":[[[-149.72534,63.34308],[-149.72813,63.34177],[-149.72711,63.34016],[-149.72332,63.33986],[-149.72054,63.34117],[-149.72155,63.34278],[-149.72534,63.34308]]]},"properties":{"cell":"890c7440a87ffff","res":9,"coarsened":false,"count":1,"hv":1,"mp":0,"y0":1986,"y1":1986,"sp":[[1,1,1,0,1986,1986]]}},{"type":"Feature","geometry":{"type":"Polygon","coordinates":[[[-149.74684,63.58354],[-149.74965,63.58223],[-149.74863,63.58061],[-149.74479,63.58031],[-149.74198,63.58162],[-149.74301,63.58323],[-149.74684,63.58354]]]},"properties":{"cell":"890c7453297ffff","res":9,"coarsened":false,"count":1,"hv":1,"mp":0,"y0":2023,"y1":2023,"sp":[[4,1,1,0,2023,2023]]}},{"type":"Feature","geometry":{"type":"Polygon","coordinates":[[[-149.76678,63.58051],[-149.76958,63.5792],[-149.76856,63.57759],[-149.76472,63.57729],[-149.76192,63.5786],[-149.76294,63.58021],[-149.76678,63.58051]]]},"properties":{"cell":"890c74532c7ffff","res":9,"coarsened":false,"count":1,"hv":1,"mp":0,"y0":2023,"y1":2023,"sp":[[7,1,1,0,2023,2023]]}},{"type":"Feature","geometry":{"type":"Polygon","coordinates":[[[-151.25026,63.03027],[-151.25294,63.02893],[-151.25184,63.02734],[-151.24805,63.02708],[-151.24536,63.02842],[-151.24647,63.03001],[-151.25026,63.03027]]]},"properties":{"cell":"890c76013d7ffff","res":9,"coarsened":false,"count":1,"hv":1,"mp":0,"y0":2012,"y1":2012,"sp":[[4,1,1,0,2012,2012]]}},{"type":"Feature","geometry":{"type":"Polygon","coordinates":[[[-151.18062,63.17002],[-151.18332,63.16868],[-151.18222,63.16709],[-151.17841,63.16682],[-151.17571,63.16816],[-151.17681,63.16976],[-151.18062,63.17002]]]},"properties":{"cell":"890c76113cfffff","res":9,"coarsened":false,"count":1,"hv":1,"mp":0,"y0":2012,"y1":2012,"sp":[[2,1,1,0,2012,2012]]}},{"type":"Feature","geometry":{"type":"Polygon","coordinates":[[[-149.03686,63.71279],[-149.03972,63.71149],[-149.03874,63.70987],[-149.03491,63.70955],[-149.03205,63.71085],[-149.03303,63.71247],[-149.03686,63.71279]]]},"properties":{"cell":"890c74d5a2bffff","res":9,"coarsened":false,"count":1,"hv":1,"mp":0,"y0":2022,"y1":2022,"sp":[[7,1,1,0,2022,2022]]}},{"type":"Feature","geometry":{"type":"Polygon","coordinates":[[[-149.59571,63.6037],[-149.59853,63.60239],[-149.59752,63.60077],[-149.59368,63.60047],[-149.59086,63.60177],[-149.59188,63.60339],[-149.59571,63.6037]]]},"properties":{"cell":"890c7452443ffff","res":9,"coarsened":false,"count":6,"hv":6,"mp":0,"y0":2022,"y1":2025,"sp":[[7,4,4,0,2024,2025],[1,2,2,0,2022,2025]]}},{"type":"Feature","geometry":{"type":"Polygon","coordinates":[[[-148.86635,63.69524],[-148.86921,63.69394],[-148.86824,63.69232],[-148.86442,63.692],[-148.86156,63.69329],[-148.86252,63.69491],[-148.86635,63.69524]]]},"properties":{"cell":"890c748965bffff","res":9,"coarsened":false,"count":2,"hv":2,"mp":0,"y0":2007,"y1":2025,"sp":[[31,1,1,0,2007,2007],[17,1,1,0,2025,2025]]}},{"type":"Feature","geometry":{"type":"Polygon","coordinates":[[[-149.28105,63.62412],[-149.28389,63.62282],[-149.28289,63.6212],[-149.27907,63.62089],[-149.27623,63.62219],[-149.27722,63.6238],[-149.28105,63.62412]]]},"properties":{"cell":"890c74ce06bffff","res":9,"coarsened":false,"count":1,"hv":1,"mp":0,"y0":2021,"y1":2021,"sp":[[31,1,1,0,2021,2021]]}},{"type":"Feature","geometry":{"type":"Polygon","coordinates":[[[-149.2906,63.70474],[-149.29344,63.70344],[-149.29244,63.70182],[-149.2886,63.70151],[-149.28576,63.70281],[-149.28675,63.70443],[-149.2906,63.70474]]]},"properties":{"cell":"890c74c1c87ffff","res":9,"coarsened":false,"count":1,"hv":1,"mp":0,"y0":2020,"y1":2020,"sp":[[10,1,1,0,2020,2020]]}},{"type":"Feature","geometry":{"type":"Polygon","coordinates":[[[-148.97097,63.73028],[-148.97384,63.72898],[-148.97286,63.72736],[-148.96902,63.72704],[-148.96616,63.72833],[-148.96714,63.72995],[-148.97097,63.73028]]]},"properties":{"cell":"890c74d58b3ffff","res":9,"coarsened":false,"count":2,"hv":2,"mp":0,"y0":2024,"y1":2024,"sp":[[46,1,1,0,2024,2024],[8,1,1,0,2024,2024]]}},{"type":"Feature","geometry":{"type":"Polygon","coordinates":[[[-148.95363,63.71958],[-148.95649,63.71829],[-148.95551,63.71667],[-148.95168,63.71634],[-148.94882,63.71764],[-148.94979,63.71925],[-148.95363,63.71958]]]},"properties":{"cell":"890c74d598bffff","res":9,"coarsened":false,"count":1,"hv":1,"mp":0,"y0":2024,"y1":2024,"sp":[[14,1,1,0,2024,2024]]}},{"type":"Feature","geometry":{"type":"Polygon","coordinates":[[[-148.9133,63.5856],[-148.91614,63.58431],[-148.91518,63.58269],[-148.91137,63.58237],[-148.90852,63.58366],[-148.90949,63.58527],[-148.9133,63.5856]]]},"properties":{"cell":"890c74c4d77ffff","res":9,"coarsened":false,"count":1,"hv":1,"mp":0,"y0":2024,"y1":2024,"sp":[[26,1,1,0,2024,2024]]}},{"type":"Feature","geometry":{"type":"Polygon","coordinates":[[[-149.19033,63.62428],[-149.19317,63.62298],[-149.19219,63.62136],[-149.18836,63.62104],[-149.18552,63.62234],[-149.18651,63.62396],[-149.19033,63.62428]]]},"properties":{"cell":"890c74c520bffff","res":9,"coarsened":false,"count":1,"hv":1,"mp":0,"y0":2014,"y1":2014,"sp":[[1,1,1,0,2014,2014]]}},{"type":"Feature","geometry":{"type":"Polygon","coordinates":[[[-150.23119,63.43727],[-150.23396,63.43595],[-150.23291,63.43435],[-150.22908,63.43406],[-150.22631,63.43538],[-150.22736,63.43698],[-150.23119,63.43727]]]},"properties":{"cell":"890c7696ad7ffff","res":9,"coarsened":false,"count":2,"hv":2,"mp":0,"y0":2013,"y1":2013,"sp":[[4,1,1,0,2013,2013],[1,1,1,0,2013,2013]]}},{"type":"Feature","geometry":{"type":"Polygon","coordinates":[[[-150.94201,63.54877],[-150.94476,63.54743],[-150.94365,63.54582],[-150.93979,63.54555],[-150.93704,63.54689],[-150.93815,63.5485],[-150.94201,63.54877]]]},"properties":{"cell":"890c296e927ffff","res":9,"coarsened":false,"count":1,"hv":1,"mp":0,"y0":2013,"y1":2013,"sp":[[57,1,1,0,2013,2013]]}},{"type":"Feature","geometry":{"type":"Polygon","coordinates":[[[-150.29029,63.43867],[-150.29306,63.43735],[-150.292,63.43574],[-150.28818,63.43545],[-150.28541,63.43677],[-150.28646,63.43838],[-150.29029,63.43867]]]},"properties":{"cell":"890c76940b3ffff","res":9,"coarsened":false,"count":1,"hv":1,"mp":0,"y0":2013,"y1":2013,"sp":[[12,1,1,0,2013,2013]]}},{"type":"Feature","geometry":{"type":"Polygon","coordinates":[[[-149.43135,63.73163],[-149.4342,63.73033],[-149.43319,63.72871],[-149.42934,63.72839],[-149.4265,63.7297],[-149.4275,63.73132],[-149.43135,63.73163]]]},"properties":{"cell":"890c74ca5a7ffff","res":9,"coarsened":false,"count":1,"hv":1,"mp":0,"y0":1990,"y1":1990,"sp":[[1,1,1,0,1990,1990]]}},{"type":"Feature","geometry":{"type":"Polygon","coordinates":[[[-150.79079,63.28445],[-150.79352,63.28312],[-150.79243,63.28152],[-150.78862,63.28125],[-150.78589,63.28258],[-150.78697,63.28418],[-150.79079,63.28445]]]},"properties":{"cell":"890c768f04fffff","res":9,"coarsened":false,"count":194,"hv":194,"mp":0,"y0":1994,"y1":2026,"sp":[[1,31,31,0,2006,2026],[11,23,23,0,2009,2026],[2,20,20,0,2006,2026],[4,18,18,0,2009,2026],[7,18,18,0,2006,2026],[36,9,9,0,2013,2026],[5,8,8,0,1994,2026],[43,7,7,0,2011,2026],[6,5,5,0,2024,2026],[14,5,5,0,2009,2026],[10,4,4,0,2009,2019],[29,4,4,0,2015,2026],[3,4,4,0,2016,2022],[13,3,3,0,2023,2026],[16,3,3,0,2009,2026],[26,3,3,0,2013,2026],[21,2,2,0,2022,2026],[61,2,2,0,2009,2013],[79,2,2,0,2018,2026],[64,2,2,0,2022,2026],[75,1,1,0,2024,2024],[15,1,1,0,2004,2004],[76,1,1,0,2022,2022],[9,1,1,0,2017,2017],[40,1,1,0,2019,2019],[48,1,1,0,2018,2018],[12,1,1,0,2019,2019],[37,1,1,0,2019,2019],[8,1,1,0,2019,2019],[59,1,1,0,2022,2022],[81,1,1,0,2022,2022],[44,1,1,0,2015,2015],[60,1,1,0,2015,2015],[66,1,1,0,2026,2026],[31,1,1,0,2026,2026],[20,1,1,0,2026,2026],[112,1,1,0,2026,2026],[70,1,1,0,2026,2026],[82,1,1,0,2026,2026],[17,1,1,0,2026,2026],[23,1,1,0,2026,2026]]}},{"type":"Feature","geometry":{"type":"Polygon","coordinates":[[[-150.27697,63.37959],[-150.27973,63.37827],[-150.27868,63.37666],[-150.27486,63.37637],[-150.2721,63.37769],[-150.27315,63.3793],[-150.27697,63.37959]]]},"properties":{"cell":"890c7694aa7ffff","res":9,"coarsened":false,"count":1,"hv":1,"mp":0,"y0":2021,"y1":2021,"sp":[[72,1,1,0,2021,2021]]}},{"type":"Feature","geometry":{"type":"Polygon","coordinates":[[[-149.67227,63.55769],[-149.67508,63.55639],[-149.67406,63.55477],[-149.67023,63.55447],[-149.66742,63.55578],[-149.66844,63.55739],[-149.67227,63.55769]]]},"properties":{"cell":"890c745045bffff","res":9,"coarsened":false,"count":1,"hv":1,"mp":0,"y0":2015,"y1":2015,"sp":[[1,1,1,0,2015,2015]]}},{"type":"Feature","geometry":{"type":"Polygon","coordinates":[[[-149.52681,63.71479],[-149.52964,63.71348],[-149.52863,63.71186],[-149.52478,63.71155],[-149.52195,63.71286],[-149.52296,63.71448],[-149.52681,63.71479]]]},"properties":{"cell":"890c74ca3dbffff","res":9,"coarsened":false,"count":3,"hv":3,"mp":0,"y0":2024,"y1":2025,"sp":[[11,2,2,0,2024,2025],[4,1,1,0,2024,2024]]}},{"type":"Feature","geometry":{"type":"Polygon","coordinates":[[[-150.69696,63.36623],[-150.76213,63.34954],[-150.7661,63.31778],[-150.70507,63.30271],[-150.64,63.31937],[-150.63587,63.35112],[-150.69696,63.36623]]]},"properties":{"cell":"860c7681fffffff","res":6,"coarsened":true,"count":1,"hv":1,"mp":0,"y0":2022,"y1":2022,"sp":[[0,1,1,0,2022,2022]]}},{"type":"Feature","geometry":{"type":"Polygon","coordinates":[[[-150.91192,63.32356],[-150.91465,63.32223],[-150.91355,63.32063],[-150.90973,63.32036],[-150.907,63.32169],[-150.90809,63.32329],[-150.91192,63.32356]]]},"properties":{"cell":"890c768818fffff","res":9,"coarsened":false,"count":2,"hv":2,"mp":0,"y0":2010,"y1":2024,"sp":[[2,1,1,0,2010,2010],[4,1,1,0,2024,2024]]}},{"type":"Feature","geometry":{"type":"Polygon","coordinates":[[[-150.94973,63.36285],[-151.01478,63.34604],[-151.01843,63.31425],[-150.95719,63.29929],[-150.89224,63.31607],[-150.88843,63.34785],[-150.94973,63.36285]]]},"properties":{"cell":"860c76887ffffff","res":6,"coarsened":true,"count":3,"hv":3,"mp":0,"y0":2010,"y1":2025,"sp":[[0,3,3,0,2010,2025]]}},{"type":"Feature","geometry":{"type":"Polygon","coordinates":[[[-149.35191,63.70364],[-149.35475,63.70233],[-149.35375,63.70072],[-149.34991,63.7004],[-149.34707,63.7017],[-149.34807,63.70332],[-149.35191,63.70364]]]},"properties":{"cell":"890c74c116fffff","res":9,"coarsened":false,"count":1,"hv":1,"mp":0,"y0":2024,"y1":2024,"sp":[[1,1,1,0,2024,2024]]}},{"type":"Feature","geometry":{"type":"Polygon","coordinates":[[[-149.33949,63.74256],[-149.34234,63.74126],[-149.34134,63.73964],[-149.33749,63.73933],[-149.33464,63.74063],[-149.33564,63.74225],[-149.33949,63.74256]]]},"properties":{"cell":"890c74c15dbffff","res":9,"coarsened":false,"count":1,"hv":1,"mp":0,"y0":2024,"y1":2024,"sp":[[7,1,1,0,2024,2024]]}},{"type":"Feature","geometry":{"type":"Polygon","coordinates":[[[-149.24718,63.73496],[-149.25002,63.73366],[-149.24903,63.73204],[-149.24519,63.73172],[-149.24234,63.73302],[-149.24333,63.73464],[-149.24718,63.73496]]]},"properties":{"cell":"890c74c00d7ffff","res":9,"coarsened":false,"count":3,"hv":3,"mp":0,"y0":2024,"y1":2024,"sp":[[2,1,1,0,2024,2024],[26,1,1,0,2024,2024],[6,1,1,0,2024,2024]]}},{"type":"Feature","geometry":{"type":"Polygon","coordinates":[[[-149.42348,63.72484],[-149.42632,63.72354],[-149.42531,63.72192],[-149.42146,63.72161],[-149.41862,63.72291],[-149.41963,63.72453],[-149.42348,63.72484]]]},"properties":{"cell":"890c74c12c7ffff","res":9,"coarsened":false,"count":3,"hv":3,"mp":0,"y0":2024,"y1":2025,"sp":[[11,2,2,0,2025,2025],[1,1,1,0,2024,2024]]}},{"type":"Feature","geometry":{"type":"Polygon","coordinates":[[[-149.27651,63.71741],[-149.27936,63.71611],[-149.27836,63.71449],[-149.27452,63.71417],[-149.27167,63.71547],[-149.27267,63.71709],[-149.27651,63.71741]]]},"properties":{"cell":"890c74c02afffff","res":9,"coarsened":false,"count":1,"hv":1,"mp":0,"y0":2024,"y1":2024,"sp":[[128,1,1,0,2024,2024]]}},{"type":"Feature","geometry":{"type":"Polygon","coordinates":[[[-148.8405,63.68841],[-148.84336,63.68712],[-148.84239,63.6855],[-148.83857,63.68517],[-148.83571,63.68646],[-148.83667,63.68808],[-148.8405,63.68841]]]},"properties":{"cell":"890c748963bffff","res":9,"coarsened":false,"count":2,"hv":2,"mp":0,"y0":2016,"y1":2024,"sp":[[55,1,1,0,2024,2024],[142,1,1,0,2016,2016]]}},{"type":"Feature","geometry":{"type":"Polygon","coordinates":[[[-148.97559,63.71376],[-148.97845,63.71246],[-148.97747,63.71084],[-148.97364,63.71052],[-148.97078,63.71181],[-148.97176,63.71343],[-148.97559,63.71376]]]},"properties":{"cell":"890c74d5943ffff","res":9,"coarsened":false,"count":1,"hv":1,"mp":0,"y0":2024,"y1":2024,"sp":[[4,1,1,0,2024,2024]]}},{"type":"Feature","geometry":{"type":"Polygon","coordinates":[[[-149.07565,63.61469],[-149.14215,63.59878],[-149.14827,63.56707],[-149.08804,63.55129],[-149.02164,63.56717],[-149.01536,63.59887],[-149.07565,63.61469]]]},"properties":{"cell":"860c74c5fffffff","res":6,"coarsened":true,"count":1,"hv":1,"mp":0,"y0":2024,"y1":2024,"sp":[[0,1,1,0,2024,2024]]}},{"type":"Feature","geometry":{"type":"Polygon","coordinates":[[[-149.95022,63.18672],[-149.95298,63.18541],[-149.95196,63.1838],[-149.94818,63.18351],[-149.94542,63.18482],[-149.94645,63.18642],[-149.95022,63.18672]]]},"properties":{"cell":"890c744da2bffff","res":9,"coarsened":false,"count":1,"hv":1,"mp":0,"y0":2024,"y1":2024,"sp":[[11,1,1,0,2024,2024]]}},{"type":"Feature","geometry":{"type":"Polygon","coordinates":[[[-149.11964,63.62145],[-149.12248,63.62015],[-149.1215,63.61853],[-149.11768,63.61821],[-149.11484,63.61951],[-149.11582,63.62113],[-149.11964,63.62145]]]},"properties":{"cell":"890c74c5153ffff","res":9,"coarsened":false,"count":1,"hv":1,"mp":0,"y0":2024,"y1":2024,"sp":[[2,1,1,0,2024,2024]]}},{"type":"Feature","geometry":{"type":"Polygon","coordinates":[[[-149.31156,63.73873],[-149.3144,63.73743],[-149.3134,63.73581],[-149.30956,63.7355],[-149.30671,63.7368],[-149.30771,63.73842],[-149.31156,63.73873]]]},"properties":{"cell":"890c74c1587ffff","res":9,"coarsened":false,"count":1,"hv":1,"mp":0,"y0":2024,"y1":2024,"sp":[[2,1,1,0,2024,2024]]}},{"type":"Feature","geometry":{"type":"Polygon","coordinates":[[[-148.83372,63.67093],[-148.83658,63.66964],[-148.83562,63.66802],[-148.8318,63.66769],[-148.82894,63.66898],[-148.8299,63.6706],[-148.83372,63.67093]]]},"properties":{"cell":"890c74892a7ffff","res":9,"coarsened":false,"count":1,"hv":1,"mp":0,"y0":2022,"y1":2022,"sp":[[2,1,1,0,2022,2022]]}},{"type":"Feature","geometry":{"type":"Polygon","coordinates":[[[-150.84474,63.30508],[-150.84748,63.30374],[-150.84639,63.30214],[-150.84257,63.30187],[-150.83984,63.3032],[-150.84092,63.3048],[-150.84474,63.30508]]]},"properties":{"cell":"890c768ab67ffff","res":9,"coarsened":false,"count":1,"hv":1,"mp":0,"y0":2024,"y1":2024,"sp":[[1,1,1,0,2024,2024]]}},{"type":"Feature","geometry":{"type":"Polygon","coordinates":[[[-148.93101,63.65159],[-148.93386,63.6503],[-148.93289,63.64868],[-148.92907,63.64835],[-148.92622,63.64964],[-148.92719,63.65126],[-148.93101,63.65159]]]},"properties":{"cell":"890c74c6ecbffff","res":9,"coarsened":false,"count":1,"hv":1,"mp":0,"y0":2024,"y1":2024,"sp":[[67,1,1,0,2024,2024]]}},{"type":"Feature","geometry":{"type":"Polygon","coordinates":[[[-148.97021,63.65645],[-148.97306,63.65516],[-148.97209,63.65354],[-148.96827,63.65322],[-148.96542,63.65451],[-148.96639,63.65613],[-148.97021,63.65645]]]},"properties":{"cell":"890c74c634fffff","res":9,"coarsened":false,"count":1,"hv":1,"mp":0,"y0":2024,"y1":2024,"sp":[[67,1,1,0,2024,2024]]}},{"type":"Feature","geometry":{"type":"Polygon","coordinates":[[[-149.25941,63.55331],[-149.26224,63.55201],[-149.26125,63.55039],[-149.25744,63.55008],[-149.25461,63.55138],[-149.2556,63.55299],[-149.25941,63.55331]]]},"properties":{"cell":"890c74ccc33ffff","res":9,"coarsened":false,"count":1,"hv":1,"mp":0,"y0":2007,"y1":2007,"sp":[[2,1,1,0,2007,2007]]}},{"type":"Feature","geometry":{"type":"Polygon","coordinates":[[[-149.19027,63.71948],[-149.19312,63.71818],[-149.19213,63.71657],[-149.18829,63.71625],[-149.18544,63.71755],[-149.18643,63.71916],[-149.19027,63.71948]]]},"properties":{"cell":"890c74c2a4bffff","res":9,"coarsened":false,"count":1,"hv":1,"mp":0,"y0":2024,"y1":2024,"sp":[[5,1,1,0,2024,2024]]}},{"type":"Feature","geometry":{"type":"Polygon","coordinates":[[[-148.87003,63.67096],[-148.87288,63.66967],[-148.87192,63.66805],[-148.8681,63.66773],[-148.86524,63.66902],[-148.8662,63.67064],[-148.87003,63.67096]]]},"properties":{"cell":"890c7489247ffff","res":9,"coarsened":false,"count":1,"hv":1,"mp":0,"y0":2024,"y1":2024,"sp":[[19,1,1,0,2024,2024]]}},{"type":"Feature","geometry":{"type":"Polygon","coordinates":[[[-148.86045,63.66707],[-148.86331,63.66578],[-148.86234,63.66416],[-148.85852,63.66383],[-148.85566,63.66513],[-148.85663,63.66674],[-148.86045,63.66707]]]},"properties":{"cell":"890c7489277ffff","res":9,"coarsened":false,"count":1,"hv":1,"mp":0,"y0":2024,"y1":2024,"sp":[[2,1,1,0,2024,2024]]}},{"type":"Feature","geometry":{"type":"Polygon","coordinates":[[[-148.95466,63.72735],[-148.95752,63.72606],[-148.95655,63.72444],[-148.95271,63.72411],[-148.94985,63.72541],[-148.95082,63.72703],[-148.95466,63.72735]]]},"properties":{"cell":"890c74d5d63ffff","res":9,"coarsened":false,"count":1,"hv":1,"mp":0,"y0":2024,"y1":2024,"sp":[[28,1,1,0,2024,2024]]}},{"type":"Feature","geometry":{"type":"Polygon","coordinates":[[[-148.92582,63.71568],[-148.92868,63.71439],[-148.92771,63.71277],[-148.92388,63.71244],[-148.92102,63.71373],[-148.92199,63.71535],[-148.92582,63.71568]]]},"properties":{"cell":"890c74d4a7bffff","res":9,"coarsened":false,"count":1,"hv":1,"mp":0,"y0":2024,"y1":2024,"sp":[[2,1,1,0,2024,2024]]}},{"type":"Feature","geometry":{"type":"Polygon","coordinates":[[[-149.61374,63.57448],[-149.61656,63.57317],[-149.61554,63.57156],[-149.61171,63.57125],[-149.6089,63.57256],[-149.60991,63.57417],[-149.61374,63.57448]]]},"properties":{"cell":"890c74522a7ffff","res":9,"coarsened":false,"count":1,"hv":1,"mp":0,"y0":2024,"y1":2024,"sp":[[7,1,1,0,2024,2024]]}},{"type":"Feature","geometry":{"type":"Polygon","coordinates":[[[-149.38411,63.58503],[-149.38693,63.58373],[-149.38593,63.58211],[-149.38211,63.5818],[-149.37928,63.5831],[-149.38028,63.58472],[-149.38411,63.58503]]]},"properties":{"cell":"890c74cc2d7ffff","res":9,"coarsened":false,"count":1,"hv":1,"mp":0,"y0":2024,"y1":2024,"sp":[[60,1,1,0,2024,2024]]}},{"type":"Feature","geometry":{"type":"Polygon","coordinates":[[[-149.7529,63.52426],[-149.75571,63.52295],[-149.75468,63.52134],[-149.75086,63.52103],[-149.74806,63.52234],[-149.74908,63.52396],[-149.7529,63.52426]]]},"properties":{"cell":"890c7451113ffff","res":9,"coarsened":false,"count":1,"hv":1,"mp":0,"y0":2024,"y1":2024,"sp":[[1,1,1,0,2024,2024]]}},{"type":"Feature","geometry":{"type":"Polygon","coordinates":[[[-149.62274,63.55987],[-149.62555,63.55856],[-149.62454,63.55695],[-149.62071,63.55664],[-149.6179,63.55795],[-149.61891,63.55956],[-149.62274,63.55987]]]},"properties":{"cell":"890c745234fffff","res":9,"coarsened":false,"count":1,"hv":1,"mp":0,"y0":2024,"y1":2024,"sp":[[1,1,1,0,2024,2024]]}},{"type":"Feature","geometry":{"type":"Polygon","coordinates":[[[-149.34065,63.75034],[-149.3435,63.74904],[-149.3425,63.74742],[-149.33865,63.74711],[-149.3358,63.74841],[-149.3368,63.75003],[-149.34065,63.75034]]]},"properties":{"cell":"890c74c14b3ffff","res":9,"coarsened":false,"count":1,"hv":1,"mp":0,"y0":2024,"y1":2024,"sp":[[57,1,1,0,2024,2024]]}},{"type":"Feature","geometry":{"type":"Polygon","coordinates":[[[-149.67246,63.58683],[-149.67528,63.58552],[-149.67426,63.58391],[-149.67042,63.5836],[-149.66761,63.58491],[-149.66863,63.58653],[-149.67246,63.58683]]]},"properties":{"cell":"890c745350fffff","res":9,"coarsened":false,"count":1,"hv":1,"mp":0,"y0":2024,"y1":2024,"sp":[[129,1,1,0,2024,2024]]}},{"type":"Feature","geometry":{"type":"Polygon","coordinates":[[[-149.10376,63.70304],[-149.10661,63.70175],[-149.10563,63.70013],[-149.10179,63.69981],[-149.09894,63.7011],[-149.09992,63.70272],[-149.10376,63.70304]]]},"properties":{"cell":"890c74c76d3ffff","res":9,"coarsened":false,"count":1,"hv":1,"mp":0,"y0":2024,"y1":2024,"sp":[[1,1,1,0,2024,2024]]}},{"type":"Feature","geometry":{"type":"Polygon","coordinates":[[[-148.97995,63.76333],[-148.98282,63.76203],[-148.98184,63.76041],[-148.978,63.76009],[-148.97513,63.76138],[-148.97611,63.763],[-148.97995,63.76333]]]},"properties":{"cell":"890c74d427bffff","res":9,"coarsened":false,"count":1,"hv":1,"mp":0,"y0":2024,"y1":2024,"sp":[[4,1,1,0,2024,2024]]}},{"type":"Feature","geometry":{"type":"Polygon","coordinates":[[[-149.559,63.70202],[-149.56183,63.70072],[-149.56081,63.6991],[-149.55697,63.69879],[-149.55413,63.7001],[-149.55515,63.70171],[-149.559,63.70202]]]},"properties":{"cell":"890c74c8413ffff","res":9,"coarsened":false,"count":1,"hv":1,"mp":0,"y0":2024,"y1":2024,"sp":[[2,1,1,0,2024,2024]]}},{"type":"Feature","geometry":{"type":"Polygon","coordinates":[[[-149.64625,63.55102],[-149.64906,63.54971],[-149.64805,63.5481],[-149.64422,63.5478],[-149.64141,63.5491],[-149.64243,63.55072],[-149.64625,63.55102]]]},"properties":{"cell":"890c745043bffff","res":9,"coarsened":false,"count":1,"hv":1,"mp":0,"y0":2024,"y1":2024,"sp":[[1,1,1,0,2024,2024]]}},{"type":"Feature","geometry":{"type":"Polygon","coordinates":[[[-150.88079,63.49703],[-150.88354,63.49569],[-150.88244,63.49409],[-150.87859,63.49381],[-150.87584,63.49515],[-150.87694,63.49676],[-150.88079,63.49703]]]},"properties":{"cell":"890c7698443ffff","res":9,"coarsened":false,"count":2,"hv":2,"mp":0,"y0":2024,"y1":2024,"sp":[[33,1,1,0,2024,2024],[6,1,1,0,2024,2024]]}},{"type":"Feature","geometry":{"type":"Polygon","coordinates":[[[-149.70494,63.56336],[-149.70775,63.56205],[-149.70673,63.56043],[-149.7029,63.56013],[-149.70009,63.56144],[-149.70111,63.56305],[-149.70494,63.56336]]]},"properties":{"cell":"890c74533b7ffff","res":9,"coarsened":false,"count":1,"hv":1,"mp":0,"y0":2011,"y1":2011,"sp":[[7,1,1,0,2011,2011]]}},{"type":"Feature","geometry":{"type":"Polygon","coordinates":[[[-149.08664,63.71083],[-149.08949,63.70953],[-149.08851,63.70791],[-149.08468,63.70759],[-149.08182,63.70889],[-149.0828,63.71051],[-149.08664,63.71083]]]},"properties":{"cell":"890c74c290fffff","res":9,"coarsened":false,"count":1,"hv":1,"mp":0,"y0":2024,"y1":2024,"sp":[[1,1,1,0,2024,2024]]}},{"type":"Feature","geometry":{"type":"Polygon","coordinates":[[[-149.30671,63.7368],[-149.30956,63.7355],[-149.30856,63.73388],[-149.30471,63.73356],[-149.30187,63.73486],[-149.30286,63.73648],[-149.30671,63.7368]]]},"properties":{"cell":"890c74c15b3ffff","res":9,"coarsened":false,"count":4,"hv":4,"mp":0,"y0":2024,"y1":2026,"sp":[[11,3,3,0,2024,2026],[1,1,1,0,2026,2026]]}},{"type":"Feature","geometry":{"type":"Polygon","coordinates":[[[-149.79479,63.54441],[-149.79759,63.5431],[-149.79656,63.54149],[-149.79273,63.54119],[-149.78993,63.5425],[-149.79096,63.54411],[-149.79479,63.54441]]]},"properties":{"cell":"890c74510d3ffff","res":9,"coarsened":false,"count":2,"hv":2,"mp":0,"y0":2024,"y1":2026,"sp":[[1,1,1,0,2024,2024],[4,1,1,0,2026,2026]]}},{"type":"Feature","geometry":{"type":"Polygon","coordinates":[[[-149.382,63.75219],[-149.38485,63.75089],[-149.38384,63.74927],[-149.37999,63.74895],[-149.37715,63.75026],[-149.37815,63.75188],[-149.382,63.75219]]]},"properties":{"cell":"890c74d8927ffff","res":9,"coarsened":false,"count":2,"hv":2,"mp":0,"y0":1989,"y1":1989,"sp":[[7,1,1,0,1989,1989],[72,1,1,0,1989,1989]]}},{"type":"Feature","geometry":{"type":"Polygon","coordinates":[[[-149.62952,63.588],[-149.63234,63.5867],[-149.63132,63.58508],[-149.62749,63.58478],[-149.62468,63.58608],[-149.62569,63.5877],[-149.62952,63.588]]]},"properties":{"cell":"890c7452667ffff","res":9,"coarsened":false,"count":1,"hv":1,"mp":0,"y0":2024,"y1":2024,"sp":[[7,1,1,0,2024,2024]]}},{"type":"Feature","geometry":{"type":"Polygon","coordinates":[[[-149.53287,63.69531],[-149.5357,63.69401],[-149.53469,63.69239],[-149.53084,63.69208],[-149.52801,63.69339],[-149.52902,63.695],[-149.53287,63.69531]]]},"properties":{"cell":"890c74c85d3ffff","res":9,"coarsened":false,"count":1,"hv":1,"mp":0,"y0":2024,"y1":2024,"sp":[[2,1,1,0,2024,2024]]}},{"type":"Feature","geometry":{"type":"Polygon","coordinates":[[[-149.70979,63.56527],[-149.7126,63.56397],[-149.71158,63.56235],[-149.70775,63.56205],[-149.70494,63.56336],[-149.70596,63.56497],[-149.70979,63.56527]]]},"properties":{"cell":"890c74533b3ffff","res":9,"coarsened":false,"count":1,"hv":1,"mp":0,"y0":2024,"y1":2024,"sp":[[1,1,1,0,2024,2024]]}},{"type":"Feature","geometry":{"type":"Polygon","coordinates":[[[-149.28918,63.72613],[-149.29203,63.72483],[-149.29103,63.72321],[-149.28719,63.7229],[-149.28434,63.7242],[-149.28534,63.72582],[-149.28918,63.72613]]]},"properties":{"cell":"890c74c028bffff","res":9,"coarsened":false,"count":1,"hv":1,"mp":0,"y0":2024,"y1":2024,"sp":[[1,1,1,0,2024,2024]]}},{"type":"Feature","geometry":{"type":"Polygon","coordinates":[[[-149.30371,63.73194],[-149.30656,63.73064],[-149.30556,63.72902],[-149.30172,63.7287],[-149.29887,63.73001],[-149.29987,63.73162],[-149.30371,63.73194]]]},"properties":{"cell":"890c74c15a7ffff","res":9,"coarsened":false,"count":2,"hv":2,"mp":0,"y0":2024,"y1":2024,"sp":[[81,1,1,0,2024,2024],[7,1,1,0,2024,2024]]}},{"type":"Feature","geometry":{"type":"Polygon","coordinates":[[[-148.98504,63.61472],[-148.98788,63.61342],[-148.98691,63.61181],[-148.9831,63.61148],[-148.98025,63.61278],[-148.98122,63.61439],[-148.98504,63.61472]]]},"properties":{"cell":"890c74c4173ffff","res":9,"coarsened":false,"count":1,"hv":1,"mp":0,"y0":2024,"y1":2024,"sp":[[2,1,1,0,2024,2024]]}},{"type":"Feature","geometry":{"type":"Polygon","coordinates":[[[-149.35657,63.73474],[-149.35941,63.73344],[-149.35841,63.73182],[-149.35456,63.73151],[-149.35172,63.73281],[-149.35272,63.73443],[-149.35657,63.73474]]]},"properties":{"cell":"890c74c1097ffff","res":9,"coarsened":false,"count":1,"hv":1,"mp":0,"y0":2024,"y1":2024,"sp":[[11,1,1,0,2024,2024]]}},{"type":"Feature","geometry":{"type":"Polygon","coordinates":[[[-149.05187,63.68947],[-149.05472,63.68817],[-149.05374,63.68655],[-149.04991,63.68623],[-149.04706,63.68753],[-149.04804,63.68914],[-149.05187,63.68947]]]},"properties":{"cell":"890c74c7093ffff","res":9,"coarsened":false,"count":1,"hv":1,"mp":0,"y0":2024,"y1":2024,"sp":[[4,1,1,0,2024,2024]]}},{"type":"Feature","geometry":{"type":"Polygon","coordinates":[[[-149.5778,63.69125],[-149.58063,63.68994],[-149.57961,63.68833],[-149.57577,63.68802],[-149.57294,63.68933],[-149.57395,63.69094],[-149.5778,63.69125]]]},"properties":{"cell":"890c74c846bffff","res":9,"coarsened":false,"count":1,"hv":1,"mp":0,"y0":2024,"y1":2024,"sp":[[4,1,1,0,2024,2024]]}},{"type":"Feature","geometry":{"type":"Polygon","coordinates":[[[-149.30741,63.7261],[-149.31026,63.7248],[-149.30926,63.72318],[-149.30541,63.72286],[-149.30257,63.72416],[-149.30356,63.72578],[-149.30741,63.7261]]]},"properties":{"cell":"890c74c02cbffff","res":9,"coarsened":false,"count":1,"hv":1,"mp":0,"y0":2024,"y1":2024,"sp":[[64,1,1,0,2024,2024]]}},{"type":"Feature","geometry":{"type":"Polygon","coordinates":[[[-149.36227,63.69681],[-149.36511,63.6955],[-149.36411,63.69389],[-149.36027,63.69357],[-149.35743,63.69488],[-149.35843,63.69649],[-149.36227,63.69681]]]},"properties":{"cell":"890c74c1ecfffff","res":9,"coarsened":false,"count":1,"hv":1,"mp":0,"y0":2024,"y1":2024,"sp":[[7,1,1,0,2024,2024]]}},{"type":"Feature","geometry":{"type":"Polygon","coordinates":[[[-149.59191,63.55127],[-149.59472,63.54996],[-149.59371,63.54835],[-149.58988,63.54804],[-149.58707,63.54935],[-149.58808,63.55096],[-149.59191,63.55127]]]},"properties":{"cell":"890c7452e5bffff","res":9,"coarsened":false,"count":1,"hv":1,"mp":0,"y0":2024,"y1":2024,"sp":[[1,1,1,0,2024,2024]]}},{"type":"Feature","geometry":{"type":"Polygon","coordinates":[[[-151.20544,63.44167],[-151.20817,63.44033],[-151.20705,63.43872],[-151.2032,63.43846],[-151.20047,63.4398],[-151.20159,63.44141],[-151.20544,63.44167]]]},"properties":{"cell":"890c76d444fffff","res":9,"coarsened":false,"count":1,"hv":1,"mp":0,"y0":2024,"y1":2024,"sp":[[1,1,1,0,2024,2024]]}},{"type":"Feature","geometry":{"type":"Polygon","coordinates":[[[-150.82332,63.3646],[-150.88843,63.34785],[-150.89224,63.31607],[-150.83111,63.30106],[-150.7661,63.31778],[-150.76213,63.34954],[-150.82332,63.3646]]]},"properties":{"cell":"860c768afffffff","res":6,"coarsened":true,"count":3,"hv":3,"mp":0,"y0":2024,"y1":2026,"sp":[[0,3,3,0,2024,2026]]}},{"type":"Feature","geometry":{"type":"Polygon","coordinates":[[[-149.28277,63.69795],[-149.28561,63.69665],[-149.28462,63.69503],[-149.28078,63.69472],[-149.27794,63.69602],[-149.27893,63.69764],[-149.28277,63.69795]]]},"properties":{"cell":"890c74c1ca7ffff","res":9,"coarsened":false,"count":1,"hv":1,"mp":0,"y0":2024,"y1":2024,"sp":[[11,1,1,0,2024,2024]]}},{"type":"Feature","geometry":{"type":"Polygon","coordinates":[[[-149.29315,63.69113],[-149.29599,63.68983],[-149.29499,63.68821],[-149.29115,63.68789],[-149.28831,63.6892],[-149.28931,63.69081],[-149.29315,63.69113]]]},"properties":{"cell":"890c74c1c27ffff","res":9,"coarsened":false,"count":1,"hv":1,"mp":0,"y0":2024,"y1":2024,"sp":[[7,1,1,0,2024,2024]]}},{"type":"Feature","geometry":{"type":"Polygon","coordinates":[[[-149.2913,63.69405],[-149.29414,63.69275],[-149.29315,63.69113],[-149.28931,63.69081],[-149.28647,63.69211],[-149.28746,63.69373],[-149.2913,63.69405]]]},"properties":{"cell":"890c74c1c37ffff","res":9,"coarsened":false,"count":1,"hv":1,"mp":0,"y0":2024,"y1":2024,"sp":[[1,1,1,0,2024,2024]]}},{"type":"Feature","geometry":{"type":"Polygon","coordinates":[[[-148.91011,63.66517],[-148.91296,63.66388],[-148.912,63.66226],[-148.90817,63.66193],[-148.90532,63.66322],[-148.90629,63.66484],[-148.91011,63.66517]]]},"properties":{"cell":"890c74c610bffff","res":9,"coarsened":false,"count":1,"hv":1,"mp":0,"y0":2023,"y1":2023,"sp":[[2,1,1,0,2023,2023]]}},{"type":"Feature","geometry":{"type":"Polygon","coordinates":[[[-148.84699,63.65056],[-148.84985,63.64927],[-148.84889,63.64765],[-148.84507,63.64732],[-148.84221,63.64861],[-148.84317,63.65023],[-148.84699,63.65056]]]},"properties":{"cell":"890c74c6ca7ffff","res":9,"coarsened":false,"count":1,"hv":1,"mp":0,"y0":2024,"y1":2024,"sp":[[4,1,1,0,2024,2024]]}},{"type":"Feature","geometry":{"type":"Polygon","coordinates":[[[-148.80233,63.70973],[-148.86921,63.69394],[-148.8757,63.66223],[-148.81548,63.64632],[-148.74871,63.66207],[-148.74206,63.69377],[-148.80233,63.70973]]]},"properties":{"cell":"860c74897ffffff","res":6,"coarsened":true,"count":1,"hv":1,"mp":0,"y0":2024,"y1":2024,"sp":[[0,1,1,0,2024,2024]]}},{"type":"Feature","geometry":{"type":"Polygon","coordinates":[[[-149.58707,63.54935],[-149.58988,63.54804],[-149.58887,63.54643],[-149.58505,63.54612],[-149.58223,63.54743],[-149.58324,63.54904],[-149.58707,63.54935]]]},"properties":{"cell":"890c7452e43ffff","res":9,"coarsened":false,"count":1,"hv":1,"mp":0,"y0":2024,"y1":2024,"sp":[[15,1,1,0,2024,2024]]}},{"type":"Feature","geometry":{"type":"Polygon","coordinates":[[[-150.02772,63.52733],[-150.03052,63.52601],[-150.02947,63.5244],[-150.02564,63.52411],[-150.02285,63.52542],[-150.02389,63.52704],[-150.02772,63.52733]]]},"properties":{"cell":"890c745b037ffff","res":9,"coarsened":false,"count":1,"hv":1,"mp":0,"y0":2020,"y1":2020,"sp":[[7,1,1,0,2020,2020]]}},{"type":"Feature","geometry":{"type":"Polygon","coordinates":[[[-149.01596,63.7264],[-149.01882,63.7251],[-149.01784,63.72348],[-149.01401,63.72316],[-149.01115,63.72445],[-149.01213,63.72607],[-149.01596,63.7264]]]},"properties":{"cell":"890c74d584bffff","res":9,"coarsened":false,"count":1,"hv":1,"mp":0,"y0":2024,"y1":2024,"sp":[[2,1,1,0,2024,2024]]}},{"type":"Feature","geometry":{"type":"Polygon","coordinates":[[[-149.05532,63.73125],[-149.05818,63.72995],[-149.05719,63.72833],[-149.05336,63.72801],[-149.0505,63.72931],[-149.05148,63.73093],[-149.05532,63.73125]]]},"properties":{"cell":"890c74c2dafffff","res":9,"coarsened":false,"count":1,"hv":1,"mp":0,"y0":2024,"y1":2024,"sp":[[1,1,1,0,2024,2024]]}},{"type":"Feature","geometry":{"type":"Polygon","coordinates":[[[-149.11509,63.75164],[-149.11794,63.75034],[-149.11696,63.74872],[-149.11311,63.7484],[-149.11026,63.7497],[-149.11124,63.75132],[-149.11509,63.75164]]]},"properties":{"cell":"890c74c2ccfffff","res":9,"coarsened":false,"count":1,"hv":1,"mp":0,"y0":2024,"y1":2024,"sp":[[1,1,1,0,2024,2024]]}},{"type":"Feature","geometry":{"type":"Polygon","coordinates":[[[-149.62343,63.57832],[-149.62625,63.57701],[-149.62523,63.5754],[-149.6214,63.57509],[-149.61859,63.5764],[-149.6196,63.57801],[-149.62343,63.57832]]]},"properties":{"cell":"890c74522bbffff","res":9,"coarsened":false,"count":1,"hv":1,"mp":0,"y0":2024,"y1":2024,"sp":[[4,1,1,0,2024,2024]]}},{"type":"Feature","geometry":{"type":"Polygon","coordinates":[[[-149.68375,63.55861],[-149.68656,63.5573],[-149.68554,63.55569],[-149.68172,63.55538],[-149.67891,63.55669],[-149.67992,63.5583],[-149.68375,63.55861]]]},"properties":{"cell":"890c7450693ffff","res":9,"coarsened":false,"count":1,"hv":1,"mp":0,"y0":2024,"y1":2024,"sp":[[11,1,1,0,2024,2024]]}},{"type":"Feature","geometry":{"type":"Polygon","coordinates":[[[-149.3201,63.73483],[-149.32294,63.73352],[-149.32194,63.7319],[-149.3181,63.73159],[-149.31525,63.73289],[-149.31625,63.73451],[-149.3201,63.73483]]]},"properties":{"cell":"890c74c1517ffff","res":9,"coarsened":false,"count":2,"hv":2,"mp":0,"y0":2024,"y1":2024,"sp":[[2,1,1,0,2024,2024],[52,1,1,0,2024,2024]]}},{"type":"Feature","geometry":{"type":"Polygon","coordinates":[[[-148.87114,63.69718],[-148.874,63.69589],[-148.87304,63.69427],[-148.86921,63.69394],[-148.86635,63.69524],[-148.86732,63.69685],[-148.87114,63.69718]]]},"properties":{"cell":"890c74d4b2fffff","res":9,"coarsened":false,"count":1,"hv":1,"mp":0,"y0":2024,"y1":2024,"sp":[[79,1,1,0,2024,2024]]}},{"type":"Feature","geometry":{"type":"Polygon","coordinates":[[[-149.0679,63.73999],[-149.07076,63.7387],[-149.06978,63.73708],[-149.06594,63.73675],[-149.06308,63.73805],[-149.06406,63.73967],[-149.0679,63.73999]]]},"properties":{"cell":"890c74c2d8bffff","res":9,"coarsened":false,"count":1,"hv":1,"mp":0,"y0":2021,"y1":2021,"sp":[[4,1,1,0,2021,2021]]}},{"type":"Feature","geometry":{"type":"Polygon","coordinates":[[[-149.49035,63.71491],[-149.49318,63.71361],[-149.49217,63.71199],[-149.48832,63.71168],[-149.48549,63.71298],[-149.4865,63.7146],[-149.49035,63.71491]]]},"properties":{"cell":"890c74ca15bffff","res":9,"coarsened":false,"count":1,"hv":1,"mp":0,"y0":2024,"y1":2024,"sp":[[26,1,1,0,2024,2024]]}},{"type":"Feature","geometry":{"type":"Polygon","coordinates":[[[-149.6866,63.53432],[-149.6894,63.53301],[-149.68839,63.5314],[-149.68456,63.53109],[-149.68175,63.5324],[-149.68277,63.53402],[-149.6866,63.53432]]]},"properties":{"cell":"890c745004bffff","res":9,"coarsened":false,"count":2,"hv":2,"mp":0,"y0":2010,"y1":2010,"sp":[[1,1,1,0,2010,2010],[7,1,1,0,2010,2010]]}},{"type":"Feature","geometry":{"type":"Polygon","coordinates":[[[-148.89486,63.67001],[-148.89772,63.66872],[-148.89675,63.6671],[-148.89293,63.66678],[-148.89007,63.66807],[-148.89104,63.66969],[-148.89486,63.67001]]]},"properties":{"cell":"890c74c618fffff","res":9,"coarsened":false,"count":1,"hv":1,"mp":0,"y0":1974,"y1":1974,"sp":[[2,1,1,0,1974,1974]]}},{"type":"Feature","geometry":{"type":"Polygon","coordinates":[[[-149.14827,63.56707],[-149.21462,63.55113],[-149.22062,63.51943],[-149.16045,63.5037],[-149.09421,63.51961],[-149.08804,63.55129],[-149.14827,63.56707]]]},"properties":{"cell":"860c741b7ffffff","res":6,"coarsened":true,"count":1,"hv":1,"mp":0,"y0":1974,"y1":1974,"sp":[[0,1,1,0,1974,1974]]}},{"type":"Feature","geometry":{"type":"Polygon","coordinates":[[[-149.50068,63.70807],[-149.50352,63.70676],[-149.5025,63.70515],[-149.49866,63.70483],[-149.49582,63.70614],[-149.49683,63.70776],[-149.50068,63.70807]]]},"properties":{"cell":"890c74ca3bbffff","res":9,"coarsened":false,"count":1,"hv":1,"mp":0,"y0":1974,"y1":1974,"sp":[[60,1,1,0,1974,1974]]}},{"type":"Feature","geometry":{"type":"Polygon","coordinates":[[[-149.58668,63.61831],[-149.5895,63.617],[-149.58849,63.61539],[-149.58465,63.61508],[-149.58183,63.61639],[-149.58285,63.618],[-149.58668,63.61831]]]},"properties":{"cell":"890c74c99b7ffff","res":9,"coarsened":false,"count":2,"hv":2,"mp":0,"y0":1974,"y1":2026,"sp":[[1,1,1,0,1974,1974],[4,1,1,0,2026,2026]]}},{"type":"Feature","geometry":{"type":"Polygon","coordinates":[[[-151.02667,63.32093],[-151.02939,63.31959],[-151.02829,63.31799],[-151.02446,63.31773],[-151.02174,63.31906],[-151.02284,63.32066],[-151.02667,63.32093]]]},"properties":{"cell":"890c76891b3ffff","res":9,"coarsened":false,"count":1,"hv":1,"mp":0,"y0":2024,"y1":2024,"sp":[[11,1,1,0,2024,2024]]}},{"type":"Feature","geometry":{"type":"Polygon","coordinates":[[[-150.96927,63.31692],[-150.972,63.31558],[-150.9709,63.31398],[-150.96707,63.31371],[-150.96434,63.31505],[-150.96544,63.31665],[-150.96927,63.31692]]]},"properties":{"cell":"890c76883c7ffff","res":9,"coarsened":false,"count":1,"hv":1,"mp":0,"y0":2024,"y1":2024,"sp":[[4,1,1,0,2024,2024]]}},{"type":"Feature","geometry":{"type":"Polygon","coordinates":[[[-150.24843,63.46916],[-150.2512,63.46784],[-150.25015,63.46623],[-150.24632,63.46594],[-150.24354,63.46726],[-150.2446,63.46887],[-150.24843,63.46916]]]},"properties":{"cell":"890c769638bffff","res":9,"coarsened":false,"count":1,"hv":1,"mp":0,"y0":1974,"y1":1974,"sp":[[76,1,1,0,1974,1974]]}},{"type":"Feature","geometry":{"type":"Polygon","coordinates":[[[-149.70927,63.57596],[-149.71208,63.57465],[-149.71106,63.57304],[-149.70723,63.57273],[-149.70442,63.57404],[-149.70544,63.57566],[-149.70927,63.57596]]]},"properties":{"cell":"890c7453023ffff","res":9,"coarsened":false,"count":3,"hv":3,"mp":0,"y0":1977,"y1":1981,"sp":[[7,3,3,0,1977,1981]]}},{"type":"Feature","geometry":{"type":"Polygon","coordinates":[[[-149.4342,63.60138],[-149.43703,63.60008],[-149.43603,63.59846],[-149.4322,63.59815],[-149.42937,63.59946],[-149.43037,63.60107],[-149.4342,63.60138]]]},"properties":{"cell":"890c74cd4afffff","res":9,"coarsened":false,"count":1,"hv":1,"mp":0,"y0":2024,"y1":2024,"sp":[[7,1,1,0,2024,2024]]}},{"type":"Feature","geometry":{"type":"Polygon","coordinates":[[[-149.54682,63.68262],[-149.54965,63.68131],[-149.54863,63.6797],[-149.54479,63.67939],[-149.54196,63.68069],[-149.54297,63.68231],[-149.54682,63.68262]]]},"properties":{"cell":"890c74c854fffff","res":9,"coarsened":false,"count":1,"hv":1,"mp":0,"y0":2024,"y1":2024,"sp":[[1,1,1,0,2024,2024]]}},{"type":"Feature","geometry":{"type":"Polygon","coordinates":[[[-148.87091,63.66029],[-148.87377,63.65899],[-148.87281,63.65738],[-148.86899,63.65705],[-148.86613,63.65834],[-148.86709,63.65996],[-148.87091,63.66029]]]},"properties":{"cell":"890c74c6cd7ffff","res":9,"coarsened":false,"count":3,"hv":3,"mp":0,"y0":2011,"y1":2026,"sp":[[20,1,1,0,2024,2024],[15,1,1,0,2011,2011],[93,1,1,0,2026,2026]]}},{"type":"Feature","geometry":{"type":"Polygon","coordinates":[[[-150.3812,63.65368],[-150.38399,63.65235],[-150.38292,63.65074],[-150.37905,63.65045],[-150.37626,63.65178],[-150.37733,63.65339],[-150.3812,63.65368]]]},"properties":{"cell":"890c2928c97ffff","res":9,"coarsened":false,"count":1,"hv":1,"mp":0,"y0":2021,"y1":2021,"sp":[[3,1,1,0,2021,2021]]}},{"type":"Feature","geometry":{"type":"Polygon","coordinates":[[[-149.18959,63.63496],[-149.19243,63.63366],[-149.19144,63.63204],[-149.18761,63.63172],[-149.18477,63.63302],[-149.18576,63.63464],[-149.18959,63.63496]]]},"properties":{"cell":"890c74c52d3ffff","res":9,"coarsened":false,"count":1,"hv":1,"mp":0,"y0":2023,"y1":2023,"sp":[[4,1,1,0,2023,2023]]}},{"type":"Feature","geometry":{"type":"Polygon","coordinates":[[[-148.98918,63.73028],[-148.99204,63.72898],[-148.99106,63.72736],[-148.98723,63.72704],[-148.98437,63.72834],[-148.98534,63.72996],[-148.98918,63.73028]]]},"properties":{"cell":"890c74d5813ffff","res":9,"coarsened":false,"count":1,"hv":1,"mp":0,"y0":2024,"y1":2024,"sp":[[36,1,1,0,2024,2024]]}},{"type":"Feature","geometry":{"type":"Polygon","coordinates":[[[-148.98834,63.74097],[-148.9912,63.73968],[-148.99022,63.73806],[-148.98639,63.73773],[-148.98353,63.73903],[-148.9845,63.74065],[-148.98834,63.74097]]]},"properties":{"cell":"890c74d5c63ffff","res":9,"coarsened":false,"count":1,"hv":1,"mp":0,"y0":2024,"y1":2024,"sp":[[29,1,1,0,2024,2024]]}},{"type":"Feature","geometry":{"type":"Polygon","coordinates":[[[-148.94899,63.7361],[-148.95186,63.7348],[-148.95088,63.73318],[-148.94705,63.73286],[-148.94418,63.73415],[-148.94516,63.73577],[-148.94899,63.7361]]]},"properties":{"cell":"890c74d5d1bffff","res":9,"coarsened":false,"count":1,"hv":1,"mp":0,"y0":2024,"y1":2024,"sp":[[43,1,1,0,2024,2024]]}},{"type":"Feature","geometry":{"type":"Polygon","coordinates":[[[-148.95277,63.73027],[-148.95563,63.72897],[-148.95466,63.72735],[-148.95082,63.72703],[-148.94796,63.72832],[-148.94894,63.72994],[-148.95277,63.73027]]]},"properties":{"cell":"890c74d5d73ffff","res":9,"coarsened":false,"count":2,"hv":2,"mp":0,"y0":2022,"y1":2024,"sp":[[36,2,2,0,2022,2024]]}},{"type":"Feature","geometry":{"type":"Polygon","coordinates":[[[-149.29191,63.76017],[-149.29476,63.75887],[-149.29376,63.75725],[-149.28991,63.75693],[-149.28706,63.75823],[-149.28806,63.75985],[-149.29191,63.76017]]]},"properties":{"cell":"890c74c314bffff","res":9,"coarsened":false,"count":1,"hv":1,"mp":0,"y0":2024,"y1":2024,"sp":[[14,1,1,0,2024,2024]]}},{"type":"Feature","geometry":{"type":"Polygon","coordinates":[[[-149.25428,63.75245],[-149.25713,63.75115],[-149.25613,63.74953],[-149.25229,63.74921],[-149.24944,63.75052],[-149.25043,63.75214],[-149.25428,63.75245]]]},"properties":{"cell":"890c74c3127ffff","res":9,"coarsened":false,"count":1,"hv":1,"mp":0,"y0":2024,"y1":2024,"sp":[[4,1,1,0,2024,2024]]}},{"type":"Feature","geometry":{"type":"Polygon","coordinates":[[[-148.93765,63.75359],[-148.94052,63.75229],[-148.93954,63.75067],[-148.9357,63.75034],[-148.93284,63.75164],[-148.93381,63.75326],[-148.93765,63.75359]]]},"properties":{"cell":"890c74d430bffff","res":9,"coarsened":false,"count":1,"hv":1,"mp":0,"y0":2024,"y1":2024,"sp":[[2,1,1,0,2024,2024]]}},{"type":"Feature","geometry":{"type":"Polygon","coordinates":[[[-151.04012,63.12378],[-151.1045,63.10695],[-151.10799,63.07524],[-151.04727,63.06039],[-150.98299,63.0772],[-150.97934,63.10889],[-151.04012,63.12378]]]},"properties":{"cell":"860c76027ffffff","res":6,"coarsened":true,"count":1,"hv":1,"mp":0,"y0":2015,"y1":2015,"sp":[[0,1,1,0,2015,2015]]}},{"type":"Feature","geometry":{"type":"Polygon","coordinates":[[[-149.55349,63.68162],[-149.55632,63.68032],[-149.55531,63.6787],[-149.55147,63.67839],[-149.54863,63.6797],[-149.54965,63.68131],[-149.55349,63.68162]]]},"properties":{"cell":"890c74c80b3ffff","res":9,"coarsened":false,"count":1,"hv":1,"mp":0,"y0":2024,"y1":2024,"sp":[[12,1,1,0,2024,2024]]}},{"type":"Feature","geometry":{"type":"Polygon","coordinates":[[[-149.5407,63.64376],[-149.54353,63.64245],[-149.54251,63.64084],[-149.53868,63.64053],[-149.53585,63.64183],[-149.53686,63.64345],[-149.5407,63.64376]]]},"properties":{"cell":"890c74c8eabffff","res":9,"coarsened":false,"count":1,"hv":1,"mp":0,"y0":2024,"y1":2024,"sp":[[12,1,1,0,2024,2024]]}},{"type":"Feature","geometry":{"type":"Polygon","coordinates":[[[-150.40387,63.42881],[-150.40663,63.42748],[-150.40557,63.42587],[-150.40174,63.42559],[-150.39898,63.42691],[-150.40004,63.42852],[-150.40387,63.42881]]]},"properties":{"cell":"890c76951d7ffff","res":9,"coarsened":false,"count":1,"hv":1,"mp":0,"y0":2005,"y1":2005,"sp":[[1,1,1,0,2005,2005]]}},{"type":"Feature","geometry":{"type":"Polygon","coordinates":[[[-149.7967,63.50168],[-149.79949,63.50037],[-149.79847,63.49876],[-149.79465,63.49846],[-149.79185,63.49977],[-149.79287,63.50138],[-149.7967,63.50168]]]},"properties":{"cell":"890c745ad97ffff","res":9,"coarsened":false,"count":1,"hv":1,"mp":0,"y0":2024,"y1":2024,"sp":[[14,1,1,0,2024,2024]]}},{"type":"Feature","geometry":{"type":"Polygon","coordinates":[[[-149.83196,63.52283],[-149.83476,63.52152],[-149.83373,63.5199],[-149.8299,63.5196],[-149.8271,63.52092],[-149.82813,63.52253],[-149.83196,63.52283]]]},"properties":{"cell":"890c745123bffff","res":9,"coarsened":false,"count":1,"hv":1,"mp":0,"y0":2024,"y1":2024,"sp":[[11,1,1,0,2024,2024]]}},{"type":"Feature","geometry":{"type":"Polygon","coordinates":[[[-149.50372,63.71292],[-149.50655,63.71162],[-149.50554,63.71],[-149.50169,63.70969],[-149.49886,63.71099],[-149.49987,63.71261],[-149.50372,63.71292]]]},"properties":{"cell":"890c74ca383ffff","res":9,"coarsened":false,"count":2,"hv":2,"mp":0,"y0":2024,"y1":2026,"sp":[[26,1,1,0,2024,2024],[10,1,1,0,2026,2026]]}},{"type":"Feature","geometry":{"type":"Polygon","coordinates":[[[-148.92204,63.72151],[-148.9249,63.72021],[-148.92393,63.71859],[-148.9201,63.71827],[-148.91724,63.71956],[-148.91821,63.72118],[-148.92204,63.72151]]]},"properties":{"cell":"890c74d4a57ffff","res":9,"coarsened":false,"count":1,"hv":1,"mp":0,"y0":2024,"y1":2024,"sp":[[26,1,1,0,2024,2024]]}},{"type":"Feature","geometry":{"type":"Polygon","coordinates":[[[-150.0291,63.53509],[-150.03189,63.53378],[-150.03085,63.53216],[-150.02702,63.53187],[-150.02422,63.53319],[-150.02526,63.5348],[-150.0291,63.53509]]]},"properties":{"cell":"890c745b0bbffff","res":9,"coarsened":false,"count":1,"hv":1,"mp":0,"y0":2020,"y1":2020,"sp":[[7,1,1,0,2020,2020]]}},{"type":"Feature","geometry":{"type":"Polygon","coordinates":[[[-149.53924,63.43218],[-149.54204,63.43088],[-149.54104,63.42926],[-149.53724,63.42896],[-149.53443,63.43026],[-149.53544,63.43187],[-149.53924,63.43218]]]},"properties":{"cell":"890c7455027ffff","res":9,"coarsened":false,"count":1,"hv":1,"mp":0,"y0":2024,"y1":2024,"sp":[[8,1,1,0,2024,2024]]}},{"type":"Feature","geometry":{"type":"Polygon","coordinates":[[[-149.15648,63.70591],[-149.15933,63.70462],[-149.15834,63.703],[-149.15451,63.70268],[-149.15166,63.70398],[-149.15264,63.70559],[-149.15648,63.70591]]]},"properties":{"cell":"890c74c2b4bffff","res":9,"coarsened":false,"count":1,"hv":1,"mp":0,"y0":2024,"y1":2024,"sp":[[7,1,1,0,2024,2024]]}},{"type":"Feature","geometry":{"type":"Polygon","coordinates":[[[-148.91418,63.69625],[-148.91704,63.69495],[-148.91607,63.69333],[-148.91224,63.69301],[-148.90938,63.6943],[-148.91035,63.69592],[-148.91418,63.69625]]]},"properties":{"cell":"890c74c6433ffff","res":9,"coarsened":false,"count":1,"hv":1,"mp":0,"y0":2022,"y1":2022,"sp":[[36,1,1,0,2022,2022]]}},{"type":"Feature","geometry":{"type":"Polygon","coordinates":[[[-148.82346,63.50121],[-148.8263,63.49992],[-148.82534,63.49831],[-148.82155,63.49798],[-148.81871,63.49927],[-148.81966,63.50089],[-148.82346,63.50121]]]},"properties":{"cell":"890c7411c27ffff","res":9,"coarsened":false,"count":1,"hv":1,"mp":0,"y0":2019,"y1":2019,"sp":[[102,1,1,0,2019,2019]]}},{"type":"Feature","geometry":{"type":"Polygon","coordinates":[[[-149.48991,63.5216],[-149.49272,63.52029],[-149.49172,63.51868],[-149.4879,63.51837],[-149.48509,63.51967],[-149.48609,63.52129],[-149.48991,63.5216]]]},"properties":{"cell":"890c74529abffff","res":9,"coarsened":false,"count":1,"hv":1,"mp":0,"y0":2019,"y1":2019,"sp":[[1,1,1,0,2019,2019]]}},{"type":"Feature","geometry":{"type":"Polygon","coordinates":[[[-150.83956,63.47423],[-150.84231,63.47289],[-150.84121,63.47129],[-150.83737,63.47101],[-150.83462,63.47235],[-150.83571,63.47395],[-150.83956,63.47423]]]},"properties":{"cell":"890c769856fffff","res":9,"coarsened":false,"count":1,"hv":1,"mp":0,"y0":2009,"y1":2009,"sp":[[1,1,1,0,2009,2009]]}},{"type":"Feature","geometry":{"type":"Polygon","coordinates":[[[-150.87914,63.49997],[-150.88189,63.49864],[-150.88079,63.49703],[-150.87694,63.49676],[-150.87419,63.49809],[-150.87529,63.4997],[-150.87914,63.49997]]]},"properties":{"cell":"890c7698453ffff","res":9,"coarsened":false,"count":1,"hv":1,"mp":0,"y0":2009,"y1":2009,"sp":[[11,1,1,0,2009,2009]]}},{"type":"Feature","geometry":{"type":"Polygon","coordinates":[[[-150.19789,63.45311],[-150.20067,63.45179],[-150.19962,63.45018],[-150.19579,63.44989],[-150.19302,63.45121],[-150.19407,63.45282],[-150.19789,63.45311]]]},"properties":{"cell":"890c7696eb3ffff","res":9,"coarsened":false,"count":2,"hv":2,"mp":0,"y0":2012,"y1":2012,"sp":[[8,1,1,0,2012,2012],[4,1,1,0,2012,2012]]}},{"type":"Feature","geometry":{"type":"Polygon","coordinates":[[[-149.63961,63.55202],[-149.64243,63.55072],[-149.64141,63.5491],[-149.63758,63.5488],[-149.63477,63.55011],[-149.63579,63.55172],[-149.63961,63.55202]]]},"properties":{"cell":"890c7450433ffff","res":9,"coarsened":false,"count":2,"hv":2,"mp":0,"y0":2012,"y1":2012,"sp":[[4,1,1,0,2012,2012],[1,1,1,0,2012,2012]]}},{"type":"Feature","geometry":{"type":"Polygon","coordinates":[[[-149.88098,63.49145],[-149.88378,63.49014],[-149.88275,63.48853],[-149.87892,63.48823],[-149.87613,63.48954],[-149.87716,63.49115],[-149.88098,63.49145]]]},"properties":{"cell":"890c745ae27ffff","res":9,"coarsened":false,"count":1,"hv":1,"mp":0,"y0":2012,"y1":2012,"sp":[[1,1,1,0,2012,2012]]}},{"type":"Feature","geometry":{"type":"Polygon","coordinates":[[[-149.89954,63.52046],[-149.90234,63.51915],[-149.9013,63.51753],[-149.89748,63.51723],[-149.89468,63.51855],[-149.89571,63.52016],[-149.89954,63.52046]]]},"properties":{"cell":"890c745a143ffff","res":9,"coarsened":false,"count":1,"hv":1,"mp":0,"y0":2012,"y1":2012,"sp":[[5,1,1,0,2012,2012]]}},{"type":"Feature","geometry":{"type":"Polygon","coordinates":[[[-150.35771,63.43607],[-150.36048,63.43475],[-150.35942,63.43314],[-150.35559,63.43285],[-150.35282,63.43418],[-150.35389,63.43578],[-150.35771,63.43607]]]},"properties":{"cell":"890c76942d7ffff","res":9,"coarsened":false,"count":1,"hv":1,"mp":0,"y0":2012,"y1":2012,"sp":[[8,1,1,0,2012,2012]]}},{"type":"Feature","geometry":{"type":"Polygon","coordinates":[[[-149.49642,63.72462],[-149.49926,63.72331],[-149.49824,63.7217],[-149.49439,63.72138],[-149.49156,63.72269],[-149.49257,63.72431],[-149.49642,63.72462]]]},"properties":{"cell":"890c74ca007ffff","res":9,"coarsened":false,"count":1,"hv":1,"mp":0,"y0":2013,"y1":2013,"sp":[[33,1,1,0,2013,2013]]}},{"type":"Feature","geometry":{"type":"Polygon","coordinates":[[[-150.97394,63.25472],[-150.97666,63.25338],[-150.97557,63.25178],[-150.97175,63.25152],[-150.96903,63.25285],[-150.97013,63.25445],[-150.97394,63.25472]]]},"properties":{"cell":"890c761244fffff","res":9,"coarsened":false,"count":1,"hv":1,"mp":0,"y0":2023,"y1":2023,"sp":[[25,1,1,0,2023,2023]]}},{"type":"Feature","geometry":{"type":"Polygon","coordinates":[[[-150.0371,63.54183],[-150.0399,63.54052],[-150.03885,63.53891],[-150.03502,63.53861],[-150.03223,63.53993],[-150.03327,63.54154],[-150.0371,63.54183]]]},"properties":{"cell":"890c745b09bffff","res":9,"coarsened":false,"count":2,"hv":2,"mp":0,"y0":2013,"y1":2013,"sp":[[56,1,1,0,2013,2013],[11,1,1,0,2013,2013]]}},{"type":"Feature","geometry":{"type":"Polygon","coordinates":[[[-149.26087,63.70383],[-149.26371,63.70252],[-149.26272,63.70091],[-149.25888,63.70059],[-149.25603,63.70189],[-149.25703,63.70351],[-149.26087,63.70383]]]},"properties":{"cell":"890c74c030fffff","res":9,"coarsened":false,"count":1,"hv":1,"mp":0,"y0":2013,"y1":2013,"sp":[[15,1,1,0,2013,2013]]}},{"type":"Feature","geometry":{"type":"Polygon","coordinates":[[[-149.83773,63.50338],[-149.84053,63.50206],[-149.8395,63.50045],[-149.83568,63.50015],[-149.83288,63.50146],[-149.83391,63.50308],[-149.83773,63.50338]]]},"properties":{"cell":"890c745ac33ffff","res":9,"coarsened":false,"count":1,"hv":1,"mp":0,"y0":2023,"y1":2023,"sp":[[11,1,1,0,2023,2023]]}},{"type":"Feature","geometry":{"type":"Polygon","coordinates":[[[-149.62772,63.59093],[-149.63054,63.58962],[-149.62952,63.588],[-149.62569,63.5877],[-149.62288,63.58901],[-149.62389,63.59062],[-149.62772,63.59093]]]},"properties":{"cell":"890c7452677ffff","res":9,"coarsened":false,"count":1,"hv":1,"mp":0,"y0":2019,"y1":2019,"sp":[[7,1,1,0,2019,2019]]}},{"type":"Feature","geometry":{"type":"Polygon","coordinates":[[[-149.56205,63.70688],[-149.56488,63.70557],[-149.56386,63.70395],[-149.56001,63.70364],[-149.55718,63.70495],[-149.5582,63.70657],[-149.56205,63.70688]]]},"properties":{"cell":"890c74c84d7ffff","res":9,"coarsened":false,"count":1,"hv":1,"mp":0,"y0":2017,"y1":2017,"sp":[[2,1,1,0,2017,2017]]}},{"type":"Feature","geometry":{"type":"Polygon","coordinates":[[[-149.55104,63.66608],[-149.55387,63.66477],[-149.55285,63.66315],[-149.54901,63.66284],[-149.54618,63.66415],[-149.5472,63.66577],[-149.55104,63.66608]]]},"properties":{"cell":"890c74c8157ffff","res":9,"coarsened":false,"count":1,"hv":1,"mp":0,"y0":2024,"y1":2024,"sp":[[1,1,1,0,2024,2024]]}},{"type":"Feature","geometry":{"type":"Polygon","coordinates":[[[-149.56134,63.65923],[-149.56417,63.65792],[-149.56315,63.65631],[-149.55931,63.656],[-149.55648,63.65731],[-149.5575,63.65892],[-149.56134,63.65923]]]},"properties":{"cell":"890c74c83b7ffff","res":9,"coarsened":false,"count":4,"hv":4,"mp":0,"y0":2024,"y1":2024,"sp":[[101,2,2,0,2024,2024],[20,1,1,0,2024,2024],[27,1,1,0,2024,2024]]}},{"type":"Feature","geometry":{"type":"Polygon","coordinates":[[[-149.63462,63.52098],[-149.63743,63.51968],[-149.63642,63.51806],[-149.6326,63.51776],[-149.62979,63.51907],[-149.6308,63.52068],[-149.63462,63.52098]]]},"properties":{"cell":"890c745010bffff","res":9,"coarsened":false,"count":1,"hv":1,"mp":0,"y0":2018,"y1":2018,"sp":[[60,1,1,0,2018,2018]]}},{"type":"Feature","geometry":{"type":"Polygon","coordinates":[[[-149.69166,63.56537],[-149.69447,63.56406],[-149.69345,63.56244],[-149.68962,63.56214],[-149.68681,63.56345],[-149.68783,63.56506],[-149.69166,63.56537]]]},"properties":{"cell":"890c7453173ffff","res":9,"coarsened":false,"count":1,"hv":1,"mp":0,"y0":2024,"y1":2024,"sp":[[7,1,1,0,2024,2024]]}},{"type":"Feature","geometry":{"type":"Polygon","coordinates":[[[-149.61262,63.59585],[-149.61544,63.59454],[-149.61443,63.59293],[-149.61059,63.59262],[-149.60778,63.59393],[-149.60879,63.59554],[-149.61262,63.59585]]]},"properties":{"cell":"890c74526abffff","res":9,"coarsened":false,"count":2,"hv":2,"mp":0,"y0":2024,"y1":2025,"sp":[[77,1,1,0,2024,2024],[4,1,1,0,2025,2025]]}},{"type":"Feature","geometry":{"type":"Polygon","coordinates":[[[-149.71209,63.55167],[-149.7149,63.55036],[-149.71388,63.54874],[-149.71005,63.54844],[-149.70725,63.54975],[-149.70827,63.55136],[-149.71209,63.55167]]]},"properties":{"cell":"890c7450653ffff","res":9,"coarsened":false,"count":2,"hv":2,"mp":0,"y0":2024,"y1":2024,"sp":[[11,1,1,0,2024,2024],[1,1,1,0,2024,2024]]}},{"type":"Feature","geometry":{"type":"Polygon","coordinates":[[[-149.62052,63.60262],[-149.62334,63.60131],[-149.62232,63.59969],[-149.61849,63.59939],[-149.61567,63.6007],[-149.61668,63.60231],[-149.62052,63.60262]]]},"properties":{"cell":"890c745268bffff","res":9,"coarsened":false,"count":1,"hv":1,"mp":0,"y0":2024,"y1":2024,"sp":[[7,1,1,0,2024,2024]]}},{"type":"Feature","geometry":{"type":"Polygon","coordinates":[[[-149.15275,63.71175],[-149.15561,63.71045],[-149.15462,63.70883],[-149.15078,63.70851],[-149.14793,63.70981],[-149.14892,63.71143],[-149.15275,63.71175]]]},"properties":{"cell":"890c74c2a27ffff","res":9,"coarsened":false,"count":3,"hv":3,"mp":0,"y0":2024,"y1":2025,"sp":[[1,3,3,0,2024,2025]]}},{"type":"Feature","geometry":{"type":"Polygon","coordinates":[[[-149.72128,63.56619],[-149.72409,63.56488],[-149.72307,63.56326],[-149.71924,63.56296],[-149.71643,63.56427],[-149.71745,63.56588],[-149.72128,63.56619]]]},"properties":{"cell":"890c745338fffff","res":9,"coarsened":false,"count":1,"hv":1,"mp":0,"y0":2024,"y1":2024,"sp":[[7,1,1,0,2024,2024]]}},{"type":"Feature","geometry":{"type":"Polygon","coordinates":[[[-149.67353,63.56546],[-149.67634,63.56415],[-149.67532,63.56253],[-149.67149,63.56223],[-149.66868,63.56354],[-149.6697,63.56515],[-149.67353,63.56546]]]},"properties":{"cell":"890c7453133ffff","res":9,"coarsened":false,"count":1,"hv":1,"mp":0,"y0":2024,"y1":2024,"sp":[[7,1,1,0,2024,2024]]}},{"type":"Feature","geometry":{"type":"Polygon","coordinates":[[[-149.71082,63.5439],[-149.71363,63.5426],[-149.71261,63.54098],[-149.70878,63.54068],[-149.70598,63.54199],[-149.70699,63.5436],[-149.71082,63.5439]]]},"properties":{"cell":"890c745067bffff","res":9,"coarsened":false,"count":1,"hv":1,"mp":0,"y0":2024,"y1":2024,"sp":[[1,1,1,0,2024,2024]]}},{"type":"Feature","geometry":{"type":"Polygon","coordinates":[[[-148.89905,63.71955],[-148.90191,63.71825],[-148.90094,63.71663],[-148.89711,63.71631],[-148.89424,63.7176],[-148.89521,63.71922],[-148.89905,63.71955]]]},"properties":{"cell":"890c74d4aabffff","res":9,"coarsened":false,"count":2,"hv":2,"mp":0,"y0":2024,"y1":2024,"sp":[[2,2,2,0,2024,2024]]}},{"type":"Feature","geometry":{"type":"Polygon","coordinates":[[[-149.3554,63.72697],[-149.35825,63.72566],[-149.35724,63.72404],[-149.3534,63.72373],[-149.35055,63.72503],[-149.35156,63.72665],[-149.3554,63.72697]]]},"properties":{"cell":"890c74c10a3ffff","res":9,"coarsened":false,"count":1,"hv":1,"mp":0,"y0":2016,"y1":2016,"sp":[[1,1,1,0,2016,2016]]}},{"type":"Feature","geometry":{"type":"Polygon","coordinates":[[[-149.58068,63.63777],[-149.58351,63.63646],[-149.58249,63.63485],[-149.57865,63.63454],[-149.57583,63.63585],[-149.57684,63.63746],[-149.58068,63.63777]]]},"properties":{"cell":"890c74c9da3ffff","res":9,"coarsened":false,"count":1,"hv":1,"mp":0,"y0":2016,"y1":2016,"sp":[[2,1,1,0,2016,2016]]}},{"type":"Feature","geometry":{"type":"Polygon","coordinates":[[[-149.35773,63.74252],[-149.36058,63.74122],[-149.35958,63.7396],[-149.35573,63.73929],[-149.35288,63.74059],[-149.35388,63.74221],[-149.35773,63.74252]]]},"properties":{"cell":"890c74c143bffff","res":9,"coarsened":false,"count":2,"hv":2,"mp":0,"y0":2024,"y1":2026,"sp":[[4,1,1,0,2024,2024],[12,1,1,0,2026,2026]]}},{"type":"Feature","geometry":{"type":"Polygon","coordinates":[[[-149.35958,63.7396],[-149.36242,63.7383],[-149.36142,63.73668],[-149.35757,63.73636],[-149.35472,63.73767],[-149.35573,63.73929],[-149.35958,63.7396]]]},"properties":{"cell":"890c74c142bffff","res":9,"coarsened":false,"count":1,"hv":1,"mp":0,"y0":2024,"y1":2024,"sp":[[4,1,1,0,2024,2024]]}},{"type":"Feature","geometry":{"type":"Polygon","coordinates":[[[-149.36443,63.74153],[-149.36727,63.74023],[-149.36627,63.73861],[-149.36242,63.7383],[-149.35958,63.7396],[-149.36058,63.74122],[-149.36443,63.74153]]]},"properties":{"cell":"890c74c1477ffff","res":9,"coarsened":false,"count":1,"hv":1,"mp":0,"y0":2024,"y1":2024,"sp":[[4,1,1,0,2024,2024]]}},{"type":"Feature","geometry":{"type":"Polygon","coordinates":[[[-149.22968,63.72429],[-149.23253,63.72299],[-149.23154,63.72137],[-149.22769,63.72105],[-149.22485,63.72235],[-149.22584,63.72397],[-149.22968,63.72429]]]},"properties":{"cell":"890c74c00afffff","res":9,"coarsened":false,"count":1,"hv":1,"mp":0,"y0":2011,"y1":2011,"sp":[[7,1,1,0,2011,2011]]}},{"type":"Feature","geometry":{"type":"Polygon","coordinates":[[[-150.34225,63.02169],[-150.34497,63.02037],[-150.34392,63.01877],[-150.34016,63.01849],[-150.33744,63.01981],[-150.33848,63.02141],[-150.34225,63.02169]]]},"properties":{"cell":"890c76a1e03ffff","res":9,"coarsened":false,"count":1,"hv":1,"mp":0,"y0":2021,"y1":2021,"sp":[[1,1,1,0,2021,2021]]}},{"type":"Feature","geometry":{"type":"Polygon","coordinates":[[[-148.9358,63.65353],[-148.93865,63.65224],[-148.93768,63.65062],[-148.93386,63.6503],[-148.93101,63.65159],[-148.93198,63.65321],[-148.9358,63.65353]]]},"properties":{"cell":"890c74c6337ffff","res":9,"coarsened":false,"count":1,"hv":1,"mp":0,"y0":2015,"y1":2015,"sp":[[26,1,1,0,2015,2015]]}},{"type":"Feature","geometry":{"type":"Polygon","coordinates":[[[-150.78749,63.29032],[-150.79023,63.28899],[-150.78914,63.28739],[-150.78532,63.28711],[-150.78259,63.28844],[-150.78368,63.29005],[-150.78749,63.29032]]]},"properties":{"cell":"890c768f053ffff","res":9,"coarsened":false,"count":1,"hv":1,"mp":0,"y0":2022,"y1":2022,"sp":[[133,1,1,0,2022,2022]]}},{"type":"Feature","geometry":{"type":"Polygon","coordinates":[[[-150.78247,63.32047],[-150.7852,63.31914],[-150.78412,63.31754],[-150.7803,63.31727],[-150.77756,63.3186],[-150.77865,63.3202],[-150.78247,63.32047]]]},"properties":{"cell":"890c768a9abffff","res":9,"coarsened":false,"count":1,"hv":1,"mp":0,"y0":2022,"y1":2022,"sp":[[134,1,1,0,2022,2022]]}},{"type":"Feature","geometry":{"type":"Polygon","coordinates":[[[-150.78242,63.33115],[-150.78516,63.32982],[-150.78407,63.32822],[-150.78025,63.32794],[-150.77752,63.32927],[-150.7786,63.33088],[-150.78242,63.33115]]]},"properties":{"cell":"890c768a993ffff","res":9,"coarsened":false,"count":1,"hv":1,"mp":0,"y0":2022,"y1":2022,"sp":[[43,1,1,0,2022,2022]]}},{"type":"Feature","geometry":{"type":"Polygon","coordinates":[[[-150.75288,63.34125],[-150.75561,63.33992],[-150.75453,63.33831],[-150.75071,63.33804],[-150.74797,63.33937],[-150.74905,63.34097],[-150.75288,63.34125]]]},"properties":{"cell":"890c7681e6bffff","res":9,"coarsened":false,"count":1,"hv":1,"mp":0,"y0":2022,"y1":2022,"sp":[[95,1,1,0,2022,2022]]}},{"type":"Feature","geometry":{"type":"Polygon","coordinates":[[[-150.68548,63.3654],[-150.68822,63.36407],[-150.68714,63.36247],[-150.68332,63.36219],[-150.68057,63.36352],[-150.68165,63.36513],[-150.68548,63.3654]]]},"properties":{"cell":"890c7681c9bffff","res":9,"coarsened":false,"count":1,"hv":1,"mp":0,"y0":2022,"y1":2022,"sp":[[134,1,1,0,2022,2022]]}},{"type":"Feature","geometry":{"type":"Polygon","coordinates":[[[-150.8053,63.35415],[-150.80804,63.35282],[-150.80695,63.35122],[-150.80312,63.35095],[-150.80038,63.35228],[-150.80147,63.35388],[-150.8053,63.35415]]]},"properties":{"cell":"890c768acabffff","res":9,"coarsened":false,"count":1,"hv":1,"mp":0,"y0":2022,"y1":2022,"sp":[[81,1,1,0,2022,2022]]}},{"type":"Feature","geometry":{"type":"Polygon","coordinates":[[[-150.7202,63.32516],[-150.72293,63.32383],[-150.72185,63.32223],[-150.71803,63.32195],[-150.71529,63.32328],[-150.71638,63.32489],[-150.7202,63.32516]]]},"properties":{"cell":"890c7681bd3ffff","res":9,"coarsened":false,"count":1,"hv":1,"mp":0,"y0":2022,"y1":2022,"sp":[[94,1,1,0,2022,2022]]}},{"type":"Feature","geometry":{"type":"Polygon","coordinates":[[[-150.64136,63.34847],[-150.6441,63.34714],[-150.64302,63.34554],[-150.6392,63.34526],[-150.63646,63.34659],[-150.63753,63.34819],[-150.64136,63.34847]]]},"properties":{"cell":"890c7681d87ffff","res":9,"coarsened":false,"count":1,"hv":1,"mp":0,"y0":2022,"y1":2022,"sp":[[69,1,1,0,2022,2022]]}},{"type":"Feature","geometry":{"type":"Polygon","coordinates":[[[-150.7414,63.34042],[-150.74414,63.33909],[-150.74306,63.33749],[-150.73924,63.33721],[-150.7365,63.33854],[-150.73758,63.34015],[-150.7414,63.34042]]]},"properties":{"cell":"890c7681e67ffff","res":9,"coarsened":false,"count":1,"hv":1,"mp":0,"y0":2022,"y1":2022,"sp":[[134,1,1,0,2022,2022]]}},{"type":"Feature","geometry":{"type":"Polygon","coordinates":[[[-150.70866,63.33502],[-150.7114,63.33369],[-150.71032,63.33208],[-150.7065,63.33181],[-150.70376,63.33314],[-150.70484,63.33474],[-150.70866,63.33502]]]},"properties":{"cell":"890c768180bffff","res":9,"coarsened":false,"count":1,"hv":1,"mp":0,"y0":2022,"y1":2022,"sp":[[96,1,1,0,2022,2022]]}},{"type":"Feature","geometry":{"type":"Polygon","coordinates":[[[-150.70504,63.38361],[-150.70778,63.38228],[-150.7067,63.38068],[-150.70287,63.3804],[-150.70013,63.38173],[-150.70121,63.38334],[-150.70504,63.38361]]]},"properties":{"cell":"890c7681523ffff","res":9,"coarsened":false,"count":1,"hv":1,"mp":0,"y0":2022,"y1":2022,"sp":[[135,1,1,0,2022,2022]]}},{"type":"Feature","geometry":{"type":"Polygon","coordinates":[[[-150.78879,63.38351],[-150.79153,63.38218],[-150.79044,63.38058],[-150.78661,63.3803],[-150.78387,63.38163],[-150.78496,63.38324],[-150.78879,63.38351]]]},"properties":{"cell":"890c7681297ffff","res":9,"coarsened":false,"count":1,"hv":1,"mp":0,"y0":2022,"y1":2022,"sp":[[31,1,1,0,2022,2022]]}},{"type":"Feature","geometry":{"type":"Polygon","coordinates":[[[-150.63781,63.3757],[-150.64056,63.37437],[-150.63948,63.37276],[-150.63565,63.37249],[-150.6329,63.37381],[-150.63398,63.37542],[-150.63781,63.3757]]]},"properties":{"cell":"890c7680067ffff","res":9,"coarsened":false,"count":1,"hv":1,"mp":0,"y0":2022,"y1":2022,"sp":[[136,1,1,0,2022,2022]]}},{"type":"Feature","geometry":{"type":"Polygon","coordinates":[[[-150.73631,63.37059],[-150.73905,63.36926],[-150.73797,63.36766],[-150.73414,63.36738],[-150.7314,63.36871],[-150.73248,63.37032],[-150.73631,63.37059]]]},"properties":{"cell":"890c7681157ffff","res":9,"coarsened":false,"count":1,"hv":1,"mp":0,"y0":2022,"y1":2022,"sp":[[33,1,1,0,2022,2022]]}},{"type":"Feature","geometry":{"type":"Polygon","coordinates":[[[-150.78894,63.34078],[-150.79168,63.33944],[-150.79059,63.33784],[-150.78677,63.33757],[-150.78403,63.3389],[-150.78512,63.3405],[-150.78894,63.34078]]]},"properties":{"cell":"890c768ad0bffff","res":9,"coarsened":false,"count":1,"hv":1,"mp":0,"y0":2022,"y1":2022,"sp":[[128,1,1,0,2022,2022]]}},{"type":"Feature","geometry":{"type":"Polygon","coordinates":[[[-150.79052,63.35921],[-150.79326,63.35788],[-150.79217,63.35627],[-150.78834,63.356],[-150.7856,63.35733],[-150.78669,63.35893],[-150.79052,63.35921]]]},"properties":{"cell":"890c768134fffff","res":9,"coarsened":false,"count":1,"hv":1,"mp":0,"y0":2022,"y1":2022,"sp":[[93,1,1,0,2022,2022]]}},{"type":"Feature","geometry":{"type":"Polygon","coordinates":[[[-150.72483,63.36977],[-150.72757,63.36844],[-150.72649,63.36683],[-150.72266,63.36656],[-150.71992,63.36789],[-150.721,63.36949],[-150.72483,63.36977]]]},"properties":{"cell":"890c7681103ffff","res":9,"coarsened":false,"count":1,"hv":1,"mp":0,"y0":2022,"y1":2022,"sp":[[101,1,1,0,2022,2022]]}},{"type":"Feature","geometry":{"type":"Polygon","coordinates":[[[-150.76595,63.34982],[-150.76869,63.34849],[-150.7676,63.34688],[-150.76378,63.34661],[-150.76104,63.34794],[-150.76213,63.34954],[-150.76595,63.34982]]]},"properties":{"cell":"890c768ad97ffff","res":9,"coarsened":false,"count":1,"hv":1,"mp":0,"y0":2022,"y1":2022,"sp":[[26,1,1,0,2022,2022]]}},{"type":"Feature","geometry":{"type":"Polygon","coordinates":[[[-150.68232,63.34991],[-150.68507,63.34858],[-150.68399,63.34697],[-150.68016,63.3467],[-150.67742,63.34803],[-150.6785,63.34963],[-150.68232,63.34991]]]},"properties":{"cell":"890c7681c23ffff","res":9,"coarsened":false,"count":1,"hv":1,"mp":0,"y0":2022,"y1":2022,"sp":[[11,1,1,0,2022,2022]]}},{"type":"Feature","geometry":{"type":"Polygon","coordinates":[[[-150.8775,63.32113],[-150.88023,63.3198],[-150.87913,63.31819],[-150.87531,63.31792],[-150.87258,63.31926],[-150.87367,63.32086],[-150.8775,63.32113]]]},"properties":{"cell":"890c768aa77ffff","res":9,"coarsened":false,"count":2,"hv":2,"mp":0,"y0":1983,"y1":2022,"sp":[[137,1,1,0,2022,2022],[26,1,1,0,1983,1983]]}},{"type":"Feature","geometry":{"type":"Polygon","coordinates":[[[-150.94142,63.32412],[-150.94415,63.32278],[-150.94306,63.32118],[-150.93923,63.32091],[-150.9365,63.32224],[-150.9376,63.32385],[-150.94142,63.32412]]]},"properties":{"cell":"890c7688027ffff","res":9,"coarsened":false,"count":1,"hv":1,"mp":0,"y0":2022,"y1":2022,"sp":[[52,1,1,0,2022,2022]]}},{"type":"Feature","geometry":{"type":"Polygon","coordinates":[[[-150.96601,63.32279],[-150.96874,63.32146],[-150.96764,63.31985],[-150.96381,63.31959],[-150.96109,63.32092],[-150.96219,63.32252],[-150.96601,63.32279]]]},"properties":{"cell":"890c768806fffff","res":9,"coarsened":false,"count":1,"hv":1,"mp":0,"y0":2022,"y1":2022,"sp":[[20,1,1,0,2022,2022]]}},{"type":"Feature","geometry":{"type":"Polygon","coordinates":[[[-150.9446,63.2862],[-150.94732,63.28487],[-150.94623,63.28327],[-150.94241,63.283],[-150.93969,63.28433],[-150.94078,63.28593],[-150.9446,63.2862]]]},"properties":{"cell":"890c7688ad7ffff","res":9,"coarsened":false,"count":1,"hv":1,"mp":0,"y0":2022,"y1":2022,"sp":[[1,1,1,0,2022,2022]]}},{"type":"Feature","geometry":{"type":"Polygon","coordinates":[[[-150.85623,63.28454],[-150.85895,63.2832],[-150.85786,63.2816],[-150.85405,63.28133],[-150.85132,63.28266],[-150.85241,63.28427],[-150.85623,63.28454]]]},"properties":{"cell":"890c7688d67ffff","res":9,"coarsened":false,"count":1,"hv":1,"mp":0,"y0":2022,"y1":2022,"sp":[[13,1,1,0,2022,2022]]}},{"type":"Feature","geometry":{"type":"Polygon","coordinates":[[[-150.90046,63.34412],[-150.90319,63.34279],[-150.9021,63.34118],[-150.89827,63.34091],[-150.89554,63.34224],[-150.89663,63.34385],[-150.90046,63.34412]]]},"properties":{"cell":"890c768858fffff","res":9,"coarsened":false,"count":1,"hv":1,"mp":0,"y0":2022,"y1":2022,"sp":[[98,1,1,0,2022,2022]]}},{"type":"Feature","geometry":{"type":"Polygon","coordinates":[[[-151.03356,63.3733],[-151.03629,63.37196],[-151.03518,63.37036],[-151.03135,63.37009],[-151.02862,63.37143],[-151.02972,63.37303],[-151.03356,63.3733]]]},"properties":{"cell":"890c768b2b7ffff","res":9,"coarsened":false,"count":1,"hv":1,"mp":0,"y0":2022,"y1":2022,"sp":[[14,1,1,0,2022,2022]]}},{"type":"Feature","geometry":{"type":"Polygon","coordinates":[[[-150.7657,63.40325],[-150.76845,63.40191],[-150.76736,63.40031],[-150.76353,63.40003],[-150.76078,63.40137],[-150.76187,63.40297],[-150.7657,63.40325]]]},"properties":{"cell":"890c7681443ffff","res":9,"coarsened":false,"count":1,"hv":1,"mp":0,"y0":2022,"y1":2022,"sp":[[7,1,1,0,2022,2022]]}},{"type":"Feature","geometry":{"type":"Polygon","coordinates":[[[-151.47417,63.16395],[-151.53847,63.1469],[-151.54142,63.11515],[-151.48023,63.10045],[-151.41603,63.11747],[-151.41292,63.14922],[-151.47417,63.16395]]]},"properties":{"cell":"860c76197ffffff","res":6,"coarsened":true,"count":1,"hv":1,"mp":0,"y0":2022,"y1":2022,"sp":[[0,1,1,0,2022,2022]]}},{"type":"Feature","geometry":{"type":"Polygon","coordinates":[[[-151.18731,63.44195],[-151.19004,63.44061],[-151.18892,63.43901],[-151.18507,63.43875],[-151.18234,63.44009],[-151.18346,63.44169],[-151.18731,63.44195]]]},"properties":{"cell":"890c76d440fffff","res":9,"coarsened":false,"count":1,"hv":1,"mp":0,"y0":2022,"y1":2022,"sp":[[17,1,1,0,2022,2022]]}},{"type":"Feature","geometry":{"type":"Polygon","coordinates":[[[-151.03071,63.44336],[-151.03345,63.44202],[-151.03234,63.44041],[-151.02849,63.44015],[-151.02576,63.44148],[-151.02686,63.44309],[-151.03071,63.44336]]]},"properties":{"cell":"890c76d6dd3ffff","res":9,"coarsened":false,"count":1,"hv":1,"mp":0,"y0":2022,"y1":2022,"sp":[[58,1,1,0,2022,2022]]}},{"type":"Feature","geometry":{"type":"Polygon","coordinates":[[[-150.98946,63.43131],[-150.9922,63.42997],[-150.99109,63.42837],[-150.98725,63.4281],[-150.98451,63.42943],[-150.98561,63.43104],[-150.98946,63.43131]]]},"properties":{"cell":"890c7699e6fffff","res":9,"coarsened":false,"count":1,"hv":1,"mp":0,"y0":2022,"y1":2022,"sp":[[12,1,1,0,2022,2022]]}},{"type":"Feature","geometry":{"type":"Polygon","coordinates":[[[-150.99129,63.47117],[-150.99403,63.46983],[-150.99293,63.46823],[-150.98908,63.46796],[-150.98633,63.46929],[-150.98744,63.4709],[-150.99129,63.47117]]]},"properties":{"cell":"890c7699033ffff","res":9,"coarsened":false,"count":1,"hv":1,"mp":0,"y0":2022,"y1":2022,"sp":[[12,1,1,0,2022,2022]]}},{"type":"Feature","geometry":{"type":"Polygon","coordinates":[[[-151.07657,63.6102],[-151.07933,63.60886],[-151.07821,63.60726],[-151.07433,63.60699],[-151.07158,63.60833],[-151.0727,63.60994],[-151.07657,63.6102]]]},"properties":{"cell":"890c296e2a3ffff","res":9,"coarsened":false,"count":1,"hv":1,"mp":0,"y0":2022,"y1":2022,"sp":[[50,1,1,0,2022,2022]]}},{"type":"Feature","geometry":{"type":"Polygon","coordinates":[[[-149.69345,63.56244],[-149.69626,63.56114],[-149.69524,63.55952],[-149.69141,63.55922],[-149.6886,63.56053],[-149.68962,63.56214],[-149.69345,63.56244]]]},"properties":{"cell":"890c7453163ffff","res":9,"coarsened":false,"count":1,"hv":1,"mp":0,"y0":2023,"y1":2023,"sp":[[1,1,1,0,2023,2023]]}},{"type":"Feature","geometry":{"type":"Polygon","coordinates":[[[-149.72537,63.54965],[-149.72817,63.54834],[-149.72715,63.54673],[-149.72333,63.54643],[-149.72052,63.54774],[-149.72154,63.54935],[-149.72537,63.54965]]]},"properties":{"cell":"890c7451597ffff","res":9,"coarsened":false,"count":1,"hv":1,"mp":0,"y0":2023,"y1":2023,"sp":[[1,1,1,0,2023,2023]]}},{"type":"Feature","geometry":{"type":"Polygon","coordinates":[[[-149.55765,63.63592],[-149.56048,63.63461],[-149.55947,63.633],[-149.55563,63.63269],[-149.5528,63.63399],[-149.55382,63.63561],[-149.55765,63.63592]]]},"properties":{"cell":"890c74c8e67ffff","res":9,"coarsened":false,"count":1,"hv":1,"mp":0,"y0":2025,"y1":2025,"sp":[[1,1,1,0,2025,2025]]}},{"type":"Feature","geometry":{"type":"Polygon","coordinates":[[[-149.8779,63.52643],[-149.88069,63.52511],[-149.87966,63.5235],[-149.87583,63.5232],[-149.87304,63.52451],[-149.87407,63.52613],[-149.8779,63.52643]]]},"properties":{"cell":"890c745a18bffff","res":9,"coarsened":false,"count":1,"hv":1,"mp":0,"y0":2024,"y1":2024,"sp":[[1,1,1,0,2024,2024]]}},{"type":"Feature","geometry":{"type":"Polygon","coordinates":[[[-149.23007,63.74276],[-149.23292,63.74146],[-149.23193,63.73984],[-149.22808,63.73953],[-149.22523,63.74083],[-149.22623,63.74245],[-149.23007,63.74276]]]},"properties":{"cell":"890c74c043bffff","res":9,"coarsened":false,"count":1,"hv":1,"mp":0,"y0":2025,"y1":2025,"sp":[[7,1,1,0,2025,2025]]}},{"type":"Feature","geometry":{"type":"Polygon","coordinates":[[[-149.38517,63.72787],[-149.38802,63.72656],[-149.38701,63.72494],[-149.38317,63.72463],[-149.38032,63.72593],[-149.38133,63.72755],[-149.38517,63.72787]]]},"properties":{"cell":"890c74c1057ffff","res":9,"coarsened":false,"count":1,"hv":1,"mp":0,"y0":2025,"y1":2025,"sp":[[11,1,1,0,2025,2025]]}},{"type":"Feature","geometry":{"type":"Polygon","coordinates":[[[-149.58324,63.68248],[-149.58607,63.68117],[-149.58505,63.67955],[-149.58121,63.67924],[-149.57838,63.68055],[-149.57939,63.68217],[-149.58324,63.68248]]]},"properties":{"cell":"890c74c80cfffff","res":9,"coarsened":false,"count":1,"hv":1,"mp":0,"y0":2025,"y1":2025,"sp":[[2,1,1,0,2025,2025]]}},{"type":"Feature","geometry":{"type":"Polygon","coordinates":[[[-148.90283,63.71372],[-148.90569,63.71243],[-148.90472,63.71081],[-148.90089,63.71048],[-148.89803,63.71178],[-148.899,63.71339],[-148.90283,63.71372]]]},"properties":{"cell":"890c74d4a23ffff","res":9,"coarsened":false,"count":1,"hv":1,"mp":0,"y0":2025,"y1":2025,"sp":[[6,1,1,0,2025,2025]]}},{"type":"Feature","geometry":{"type":"Polygon","coordinates":[[[-151.52362,63.30586],[-151.58826,63.28877],[-151.59116,63.25696],[-151.52958,63.24224],[-151.46503,63.25929],[-151.46197,63.2911],[-151.52362,63.30586]]]},"properties":{"cell":"860c76ce7ffffff","res":6,"coarsened":true,"count":1,"hv":1,"mp":0,"y0":2010,"y1":2010,"sp":[[0,1,1,0,2010,2010]]}},{"type":"Feature","geometry":{"type":"Polygon","coordinates":[[[-149.00721,63.7964],[-149.01008,63.7951],[-149.0091,63.79348],[-149.00525,63.79315],[-149.00239,63.79445],[-149.00337,63.79607],[-149.00721,63.7964]]]},"properties":{"cell":"890c74d54b7ffff","res":9,"coarsened":false,"count":1,"hv":1,"mp":0,"y0":2025,"y1":2025,"sp":[[4,1,1,0,2025,2025]]}},{"type":"Feature","geometry":{"type":"Polygon","coordinates":[[[-149.57112,63.69225],[-149.57395,63.69094],[-149.57294,63.68933],[-149.56909,63.68902],[-149.56626,63.69033],[-149.56728,63.69194],[-149.57112,63.69225]]]},"properties":{"cell":"890c74c8463ffff","res":9,"coarsened":false,"count":3,"hv":3,"mp":0,"y0":2002,"y1":2025,"sp":[[1,2,2,0,2025,2025],[8,1,1,0,2002,2002]]}},{"type":"Feature","geometry":{"type":"Polygon","coordinates":[[[-149.77261,63.56105],[-149.77542,63.55974],[-149.7744,63.55813],[-149.77056,63.55783],[-149.76776,63.55914],[-149.76878,63.56075],[-149.77261,63.56105]]]},"properties":{"cell":"890c745148bffff","res":9,"coarsened":false,"count":2,"hv":2,"mp":0,"y0":2025,"y1":2026,"sp":[[1,1,1,0,2025,2025],[12,1,1,0,2026,2026]]}},{"type":"Feature","geometry":{"type":"Polygon","coordinates":[[[-149.66078,63.55678],[-149.66359,63.55547],[-149.66258,63.55386],[-149.65875,63.55355],[-149.65594,63.55486],[-149.65695,63.55647],[-149.66078,63.55678]]]},"properties":{"cell":"890c7450457ffff","res":9,"coarsened":false,"count":5,"hv":5,"mp":0,"y0":2025,"y1":2026,"sp":[[11,2,2,0,2025,2025],[1,2,2,0,2025,2026],[4,1,1,0,2025,2025]]}},{"type":"Feature","geometry":{"type":"Polygon","coordinates":[[[-150.90864,63.32944],[-150.91138,63.3281],[-150.91028,63.3265],[-150.90645,63.32623],[-150.90372,63.32756],[-150.90482,63.32917],[-150.90864,63.32944]]]},"properties":{"cell":"890c7688193ffff","res":9,"coarsened":false,"count":1,"hv":1,"mp":0,"y0":2025,"y1":2025,"sp":[[11,1,1,0,2025,2025]]}},{"type":"Feature","geometry":{"type":"Polygon","coordinates":[[[-150.90044,63.32275],[-150.90317,63.32142],[-150.90208,63.31982],[-150.89825,63.31955],[-150.89552,63.32088],[-150.89662,63.32248],[-150.90044,63.32275]]]},"properties":{"cell":"890c76881b3ffff","res":9,"coarsened":false,"count":1,"hv":1,"mp":0,"y0":2025,"y1":2025,"sp":[[36,1,1,0,2025,2025]]}},{"type":"Feature","geometry":{"type":"Polygon","coordinates":[[[-148.95003,63.74387],[-148.95289,63.74258],[-148.95191,63.74096],[-148.94808,63.74063],[-148.94521,63.74193],[-148.94619,63.74355],[-148.95003,63.74387]]]},"properties":{"cell":"890c74d5dd3ffff","res":9,"coarsened":false,"count":2,"hv":2,"mp":0,"y0":2022,"y1":2026,"sp":[[7,1,1,0,2022,2022],[8,1,1,0,2026,2026]]}},{"type":"Feature","geometry":{"type":"Polygon","coordinates":[[[-148.81599,63.53124],[-148.81883,63.52995],[-148.81787,63.52834],[-148.81407,63.52801],[-148.81123,63.5293],[-148.81219,63.53091],[-148.81599,63.53124]]]},"properties":{"cell":"890c7410217ffff","res":9,"coarsened":false,"count":1,"hv":1,"mp":0,"y0":2025,"y1":2025,"sp":[[1,1,1,0,2025,2025]]}},{"type":"Feature","geometry":{"type":"Polygon","coordinates":[[[-148.89763,63.65642],[-148.90048,63.65513],[-148.89952,63.65351],[-148.89569,63.65319],[-148.89284,63.65448],[-148.8938,63.6561],[-148.89763,63.65642]]]},"properties":{"cell":"890c74c612fffff","res":9,"coarsened":false,"count":1,"hv":1,"mp":0,"y0":2025,"y1":2025,"sp":[[1,1,1,0,2025,2025]]}},{"type":"Feature","geometry":{"type":"Polygon","coordinates":[[[-151.05596,63.28941],[-151.05868,63.28808],[-151.05757,63.28647],[-151.05375,63.28621],[-151.05103,63.28754],[-151.05213,63.28915],[-151.05596,63.28941]]]},"properties":{"cell":"890c7689e2bffff","res":9,"coarsened":false,"count":23,"hv":23,"mp":0,"y0":2016,"y1":2026,"sp":[[4,6,6,0,2016,2026],[11,5,5,0,2021,2025],[1,4,4,0,2016,2025],[2,2,2,0,2025,2026],[7,2,2,0,2025,2025],[36,2,2,0,2022,2025],[56,1,1,0,2025,2025],[14,1,1,0,2026,2026]]}},{"type":"Feature","geometry":{"type":"Polygon","coordinates":[[[-149.34987,63.73573],[-149.35272,63.73443],[-149.35172,63.73281],[-149.34787,63.73249],[-149.34502,63.7338],[-149.34603,63.73542],[-149.34987,63.73573]]]},"properties":{"cell":"890c74c155bffff","res":9,"coarsened":false,"count":1,"hv":1,"mp":0,"y0":2025,"y1":2025,"sp":[[2,1,1,0,2025,2025]]}},{"type":"Feature","geometry":{"type":"Polygon","coordinates":[[[-149.3815,63.73371],[-149.38434,63.73241],[-149.38334,63.73079],[-149.37949,63.73047],[-149.37664,63.73178],[-149.37765,63.7334],[-149.3815,63.73371]]]},"properties":{"cell":"890c74c10c3ffff","res":9,"coarsened":false,"count":1,"hv":1,"mp":0,"y0":2025,"y1":2025,"sp":[[7,1,1,0,2025,2025]]}},{"type":"Feature","geometry":{"type":"Polygon","coordinates":[[[-148.96032,63.71861],[-148.96318,63.71732],[-148.96221,63.7157],[-148.95837,63.71537],[-148.95551,63.71667],[-148.95649,63.71829],[-148.96032,63.71861]]]},"properties":{"cell":"890c74d59c7ffff","res":9,"coarsened":false,"count":1,"hv":1,"mp":0,"y0":2025,"y1":2025,"sp":[[10,1,1,0,2025,2025]]}},{"type":"Feature","geometry":{"type":"Polygon","coordinates":[[[-150.02671,63.64984],[-150.02952,63.64852],[-150.02847,63.64691],[-150.02462,63.64661],[-150.02181,63.64793],[-150.02286,63.64954],[-150.02671,63.64984]]]},"properties":{"cell":"890c2925457ffff","res":9,"coarsened":false,"count":1,"hv":1,"mp":0,"y0":2015,"y1":2015,"sp":[[5,1,1,0,2015,2015]]}},{"type":"Feature","geometry":{"type":"Polygon","coordinates":[[[-149.87081,63.57796],[-149.87362,63.57664],[-149.87258,63.57503],[-149.86875,63.57473],[-149.86594,63.57605],[-149.86698,63.57766],[-149.87081,63.57796]]]},"properties":{"cell":"890c2924ab3ffff","res":9,"coarsened":false,"count":1,"hv":1,"mp":0,"y0":2015,"y1":2015,"sp":[[4,1,1,0,2015,2015]]}},{"type":"Feature","geometry":{"type":"Polygon","coordinates":[[[-149.32033,63.62889],[-149.32317,63.62759],[-149.32217,63.62597],[-149.31834,63.62566],[-149.31551,63.62696],[-149.3165,63.62857],[-149.32033,63.62889]]]},"properties":{"cell":"890c74ce2cfffff","res":9,"coarsened":false,"count":1,"hv":1,"mp":0,"y0":2015,"y1":2015,"sp":[[7,1,1,0,2015,2015]]}},{"type":"Feature","geometry":{"type":"Polygon","coordinates":[[[-149.91779,63.60001],[-149.92059,63.5987],[-149.91955,63.59709],[-149.91571,63.59679],[-149.91291,63.5981],[-149.91394,63.59971],[-149.91779,63.60001]]]},"properties":{"cell":"890c2924367ffff","res":9,"coarsened":false,"count":1,"hv":1,"mp":0,"y0":2015,"y1":2015,"sp":[[1,1,1,0,2015,2015]]}},{"type":"Feature","geometry":{"type":"Polygon","coordinates":[[[-150.91025,63.30514],[-150.91298,63.3038],[-150.91189,63.3022],[-150.90807,63.30193],[-150.90534,63.30327],[-150.90643,63.30487],[-150.91025,63.30514]]]},"properties":{"cell":"890c7688c4bffff","res":9,"coarsened":false,"count":3,"hv":3,"mp":0,"y0":2023,"y1":2025,"sp":[[2,1,1,0,2025,2025],[59,1,1,0,2025,2025],[25,1,1,0,2023,2023]]}},{"type":"Feature","geometry":{"type":"Polygon","coordinates":[[[-149.26953,63.74756],[-149.27238,63.74626],[-149.27138,63.74464],[-149.26754,63.74433],[-149.26469,63.74563],[-149.26568,63.74725],[-149.26953,63.74756]]]},"properties":{"cell":"890c74c0683ffff","res":9,"coarsened":false,"count":1,"hv":1,"mp":0,"y0":2025,"y1":2025,"sp":[[3,1,1,0,2025,2025]]}},{"type":"Feature","geometry":{"type":"Polygon","coordinates":[[[-149.6125,63.56671],[-149.61531,63.56541],[-149.6143,63.56379],[-149.61047,63.56349],[-149.60766,63.56479],[-149.60867,63.56641],[-149.6125,63.56671]]]},"properties":{"cell":"890c74523cfffff","res":9,"coarsened":false,"count":1,"hv":1,"mp":0,"y0":2025,"y1":2025,"sp":[[7,1,1,0,2025,2025]]}},{"type":"Feature","geometry":{"type":"Polygon","coordinates":[[[-150.7663,63.27507],[-150.76903,63.27375],[-150.76794,63.27214],[-150.76413,63.27187],[-150.7614,63.2732],[-150.76248,63.2748],[-150.7663,63.27507]]]},"properties":{"cell":"890c768f397ffff","res":9,"coarsened":false,"count":1,"hv":1,"mp":0,"y0":2021,"y1":2021,"sp":[[4,1,1,0,2021,2021]]}},{"type":"Feature","geometry":{"type":"Polygon","coordinates":[[[-149.45326,63.72573],[-149.4561,63.72442],[-149.45509,63.72281],[-149.45124,63.72249],[-149.4484,63.7238],[-149.44941,63.72542],[-149.45326,63.72573]]]},"properties":{"cell":"890c74ca52bffff","res":9,"coarsened":false,"count":1,"hv":1,"mp":0,"y0":2025,"y1":2025,"sp":[[12,1,1,0,2025,2025]]}},{"type":"Feature","geometry":{"type":"Polygon","coordinates":[[[-149.6161,63.56087],[-149.61891,63.55956],[-149.6179,63.55795],[-149.61407,63.55764],[-149.61126,63.55895],[-149.61227,63.56057],[-149.6161,63.56087]]]},"properties":{"cell":"890c7452347ffff","res":9,"coarsened":false,"count":1,"hv":1,"mp":0,"y0":2025,"y1":2025,"sp":[[4,1,1,0,2025,2025]]}},{"type":"Feature","geometry":{"type":"Polygon","coordinates":[[[-149.63657,63.54718],[-149.63938,63.54588],[-149.63837,63.54426],[-149.63454,63.54396],[-149.63173,63.54527],[-149.63274,63.54688],[-149.63657,63.54718]]]},"properties":{"cell":"890c7450427ffff","res":9,"coarsened":false,"count":1,"hv":1,"mp":0,"y0":2025,"y1":2025,"sp":[[11,1,1,0,2025,2025]]}},{"type":"Feature","geometry":{"type":"Polygon","coordinates":[[[-149.6179,63.55795],[-149.62071,63.55664],[-149.6197,63.55503],[-149.61587,63.55472],[-149.61306,63.55603],[-149.61407,63.55764],[-149.6179,63.55795]]]},"properties":{"cell":"890c745237bffff","res":9,"coarsened":false,"count":1,"hv":1,"mp":0,"y0":2025,"y1":2025,"sp":[[8,1,1,0,2025,2025]]}},{"type":"Feature","geometry":{"type":"Polygon","coordinates":[[[-149.61399,63.63277],[-149.61681,63.63146],[-149.6158,63.62985],[-149.61196,63.62954],[-149.60914,63.63085],[-149.61015,63.63246],[-149.61399,63.63277]]]},"properties":{"cell":"890c74c9d7bffff","res":9,"coarsened":false,"count":1,"hv":1,"mp":0,"y0":2025,"y1":2025,"sp":[[2,1,1,0,2025,2025]]}},{"type":"Feature","geometry":{"type":"Polygon","coordinates":[[[-149.61885,63.63469],[-149.62167,63.63338],[-149.62065,63.63177],[-149.61681,63.63146],[-149.61399,63.63277],[-149.61501,63.63438],[-149.61885,63.63469]]]},"properties":{"cell":"890c74c9d4fffff","res":9,"coarsened":false,"count":1,"hv":1,"mp":0,"y0":2025,"y1":2025,"sp":[[1,1,1,0,2025,2025]]}},{"type":"Feature","geometry":{"type":"Polygon","coordinates":[[[-149.54606,63.57671],[-149.54888,63.5754],[-149.54787,63.57379],[-149.54404,63.57348],[-149.54122,63.57478],[-149.54223,63.5764],[-149.54606,63.57671]]]},"properties":{"cell":"890c7452183ffff","res":9,"coarsened":false,"count":1,"hv":1,"mp":0,"y0":2025,"y1":2025,"sp":[[7,1,1,0,2025,2025]]}},{"type":"Feature","geometry":{"type":"Polygon","coordinates":[[[-149.11074,63.72053],[-149.1136,63.71923],[-149.11261,63.71761],[-149.10878,63.71729],[-149.10592,63.71859],[-149.10691,63.72021],[-149.11074,63.72053]]]},"properties":{"cell":"890c74c2823ffff","res":9,"coarsened":false,"count":1,"hv":1,"mp":0,"y0":2025,"y1":2025,"sp":[[1,1,1,0,2025,2025]]}},{"type":"Feature","geometry":{"type":"Polygon","coordinates":[[[-150.90042,63.30139],[-150.90315,63.30006],[-150.90206,63.29846],[-150.89824,63.29819],[-150.89551,63.29952],[-150.8966,63.30112],[-150.90042,63.30139]]]},"properties":{"cell":"890c7688c7bffff","res":9,"coarsened":false,"count":1,"hv":1,"mp":0,"y0":2024,"y1":2024,"sp":[[2,1,1,0,2024,2024]]}},{"type":"Feature","geometry":{"type":"Polygon","coordinates":[[[-151.06136,63.35539],[-151.06409,63.35405],[-151.06298,63.35245],[-151.05915,63.35218],[-151.05642,63.35352],[-151.05753,63.35512],[-151.06136,63.35539]]]},"properties":{"cell":"890c768948fffff","res":9,"coarsened":false,"count":1,"hv":1,"mp":0,"y0":2025,"y1":2025,"sp":[[11,1,1,0,2025,2025]]}},{"type":"Feature","geometry":{"type":"Polygon","coordinates":[[[-149.27623,63.74658],[-149.27908,63.74528],[-149.27808,63.74366],[-149.27423,63.74334],[-149.27138,63.74464],[-149.27238,63.74626],[-149.27623,63.74658]]]},"properties":{"cell":"890c74c068bffff","res":9,"coarsened":false,"count":2,"hv":2,"mp":0,"y0":2005,"y1":2025,"sp":[[4,1,1,0,2025,2025],[7,1,1,0,2005,2005]]}},{"type":"Feature","geometry":{"type":"Polygon","coordinates":[[[-150.92012,63.33025],[-150.92285,63.32891],[-150.92176,63.32731],[-150.91793,63.32704],[-150.9152,63.32837],[-150.9163,63.32998],[-150.92012,63.33025]]]},"properties":{"cell":"890c768856fffff","res":9,"coarsened":false,"count":1,"hv":1,"mp":0,"y0":2025,"y1":2025,"sp":[[1,1,1,0,2025,2025]]}},{"type":"Feature","geometry":{"type":"Polygon","coordinates":[[[-150.91355,63.32063],[-150.91628,63.31929],[-150.91519,63.31769],[-150.91136,63.31742],[-150.90863,63.31875],[-150.90973,63.32036],[-150.91355,63.32063]]]},"properties":{"cell":"890c7688117ffff","res":9,"coarsened":false,"count":1,"hv":1,"mp":0,"y0":2025,"y1":2025,"sp":[[4,1,1,0,2025,2025]]}},{"type":"Feature","geometry":{"type":"Polygon","coordinates":[[[-150.53909,63.63162],[-150.54187,63.63029],[-150.54078,63.62868],[-150.53692,63.6284],[-150.53414,63.62972],[-150.53522,63.63134],[-150.53909,63.63162]]]},"properties":{"cell":"890c29298d7ffff","res":9,"coarsened":false,"count":5,"hv":5,"mp":0,"y0":2013,"y1":2013,"sp":[[4,2,2,0,2013,2013],[1,2,2,0,2013,2013],[2,1,1,0,2013,2013]]}},{"type":"Feature","geometry":{"type":"Polygon","coordinates":[[[-148.86445,63.69815],[-148.86732,63.69685],[-148.86635,63.69524],[-148.86252,63.69491],[-148.85966,63.6962],[-148.86063,63.69782],[-148.86445,63.69815]]]},"properties":{"cell":"890c74d4b27ffff","res":9,"coarsened":false,"count":1,"hv":1,"mp":0,"y0":2025,"y1":2025,"sp":[[2,1,1,0,2025,2025]]}},{"type":"Feature","geometry":{"type":"Polygon","coordinates":[[[-150.71805,63.40288],[-150.72079,63.40155],[-150.71971,63.39994],[-150.71588,63.39967],[-150.71313,63.401],[-150.71421,63.4026],[-150.71805,63.40288]]]},"properties":{"cell":"890c768336bffff","res":9,"coarsened":false,"count":4,"hv":4,"mp":0,"y0":2013,"y1":2013,"sp":[[2,2,2,0,2013,2013],[4,1,1,0,2013,2013],[7,1,1,0,2013,2013]]}},{"type":"Feature","geometry":{"type":"Polygon","coordinates":[[[-149.61901,63.53659],[-149.62182,63.53528],[-149.62081,63.53367],[-149.61699,63.53336],[-149.61418,63.53467],[-149.61519,63.53628],[-149.61901,63.53659]]]},"properties":{"cell":"890c7450577ffff","res":9,"coarsened":false,"count":1,"hv":1,"mp":0,"y0":2025,"y1":2025,"sp":[[69,1,1,0,2025,2025]]}},{"type":"Feature","geometry":{"type":"Polygon","coordinates":[[[-149.68765,63.51296],[-149.69045,63.51165],[-149.68944,63.51004],[-149.68561,63.50973],[-149.68281,63.51104],[-149.68383,63.51265],[-149.68765,63.51296]]]},"properties":{"cell":"890c7450347ffff","res":9,"coarsened":false,"count":1,"hv":1,"mp":0,"y0":2025,"y1":2025,"sp":[[12,1,1,0,2025,2025]]}},{"type":"Feature","geometry":{"type":"Polygon","coordinates":[[[-149.71464,63.56719],[-149.71745,63.56588],[-149.71643,63.56427],[-149.7126,63.56397],[-149.70979,63.56527],[-149.71081,63.56689],[-149.71464,63.56719]]]},"properties":{"cell":"890c7453387ffff","res":9,"coarsened":false,"count":1,"hv":1,"mp":0,"y0":2025,"y1":2025,"sp":[[7,1,1,0,2025,2025]]}},{"type":"Feature","geometry":{"type":"Polygon","coordinates":[[[-150.00823,63.5197],[-150.01102,63.51839],[-150.00998,63.51678],[-150.00615,63.51648],[-150.00336,63.5178],[-150.0044,63.51941],[-150.00823,63.5197]]]},"properties":{"cell":"890c745b103ffff","res":9,"coarsened":false,"count":1,"hv":1,"mp":0,"y0":2025,"y1":2025,"sp":[[11,1,1,0,2025,2025]]}},{"type":"Feature","geometry":{"type":"Polygon","coordinates":[[[-149.01972,63.72056],[-149.02258,63.71927],[-149.0216,63.71765],[-149.01777,63.71733],[-149.01491,63.71862],[-149.01589,63.72024],[-149.01972,63.72056]]]},"properties":{"cell":"890c74d5aa3ffff","res":9,"coarsened":false,"count":1,"hv":1,"mp":0,"y0":2025,"y1":2025,"sp":[[11,1,1,0,2025,2025]]}},{"type":"Feature","geometry":{"type":"Polygon","coordinates":[[[-148.89648,63.63022],[-148.89933,63.62892],[-148.89837,63.62731],[-148.89455,63.62698],[-148.8917,63.62827],[-148.89266,63.62989],[-148.89648,63.63022]]]},"properties":{"cell":"890c74c6847ffff","res":9,"coarsened":false,"count":1,"hv":1,"mp":0,"y0":2025,"y1":2025,"sp":[[4,1,1,0,2025,2025]]}},{"type":"Feature","geometry":{"type":"Polygon","coordinates":[[[-149.00511,63.78083],[-149.00797,63.77954],[-149.00699,63.77792],[-149.00315,63.77759],[-149.00028,63.77889],[-149.00126,63.78051],[-149.00511,63.78083]]]},"properties":{"cell":"890c74d550bffff","res":9,"coarsened":false,"count":1,"hv":1,"mp":0,"y0":2025,"y1":2025,"sp":[[54,1,1,0,2025,2025]]}},{"type":"Feature","geometry":{"type":"Polygon","coordinates":[[[-149.28221,63.7563],[-149.28507,63.75499],[-149.28407,63.75338],[-149.28022,63.75306],[-149.27737,63.75436],[-149.27837,63.75598],[-149.28221,63.7563]]]},"properties":{"cell":"890c74c317bffff","res":9,"coarsened":false,"count":1,"hv":1,"mp":0,"y0":2025,"y1":2025,"sp":[[7,1,1,0,2025,2025]]}},{"type":"Feature","geometry":{"type":"Polygon","coordinates":[[[-150.71861,63.31742],[-150.72135,63.31609],[-150.72027,63.31448],[-150.71645,63.31421],[-150.71371,63.31554],[-150.71479,63.31714],[-150.71861,63.31742]]]},"properties":{"cell":"890c7681b1bffff","res":9,"coarsened":false,"count":1,"hv":1,"mp":0,"y0":2025,"y1":2025,"sp":[[7,1,1,0,2025,2025]]}},{"type":"Feature","geometry":{"type":"Polygon","coordinates":[[[-150.9152,63.32837],[-150.91793,63.32704],[-150.91684,63.32544],[-150.91301,63.32517],[-150.91028,63.3265],[-150.91138,63.3281],[-150.9152,63.32837]]]},"properties":{"cell":"890c768819bffff","res":9,"coarsened":false,"count":1,"hv":1,"mp":0,"y0":2025,"y1":2025,"sp":[[1,1,1,0,2025,2025]]}},{"type":"Feature","geometry":{"type":"Polygon","coordinates":[[[-150.88078,63.41144],[-150.94599,63.39466],[-150.94973,63.36285],[-150.88843,63.34785],[-150.82332,63.3646],[-150.81942,63.39639],[-150.88078,63.41144]]]},"properties":{"cell":"860c768a7ffffff","res":6,"coarsened":true,"count":1,"hv":1,"mp":0,"y0":2025,"y1":2025,"sp":[[0,1,1,0,2025,2025]]}},{"type":"Feature","geometry":{"type":"Polygon","coordinates":[[[-149.78767,63.55611],[-149.79048,63.5548],[-149.78945,63.55319],[-149.78562,63.55288],[-149.78281,63.55419],[-149.78384,63.55581],[-149.78767,63.55611]]]},"properties":{"cell":"890c7451457ffff","res":9,"coarsened":false,"count":11,"hv":11,"mp":0,"y0":2024,"y1":2026,"sp":[[11,4,4,0,2024,2026],[1,3,3,0,2025,2025],[4,2,2,0,2025,2026],[31,1,1,0,2025,2025],[96,1,1,0,2026,2026]]}},{"type":"Feature","geometry":{"type":"Polygon","coordinates":[[[-150.88244,63.48338],[-150.88519,63.48205],[-150.88409,63.48044],[-150.88024,63.48017],[-150.87749,63.4815],[-150.87859,63.48311],[-150.88244,63.48338]]]},"properties":{"cell":"890c76980c3ffff","res":9,"coarsened":false,"count":1,"hv":1,"mp":0,"y0":2025,"y1":2025,"sp":[[103,1,1,0,2025,2025]]}},{"type":"Feature","geometry":{"type":"Polygon","coordinates":[[[-150.92713,63.55384],[-150.9927,63.53702],[-150.9964,63.50516],[-150.9347,63.49013],[-150.86923,63.50692],[-150.86536,63.53877],[-150.92713,63.55384]]]},"properties":{"cell":"860c769b7ffffff","res":6,"coarsened":true,"count":2,"hv":2,"mp":0,"y0":2014,"y1":2025,"sp":[[0,2,2,0,2014,2025]]}},{"type":"Feature","geometry":{"type":"Polygon","coordinates":[[[-149.85527,63.63346],[-149.85808,63.63215],[-149.85704,63.63054],[-149.8532,63.63023],[-149.85039,63.63155],[-149.85142,63.63316],[-149.85527,63.63346]]]},"properties":{"cell":"890c292450fffff","res":9,"coarsened":false,"count":1,"hv":1,"mp":0,"y0":2025,"y1":2025,"sp":[[7,1,1,0,2025,2025]]}},{"type":"Feature","geometry":{"type":"Polygon","coordinates":[[[-149.15012,63.72536],[-149.15298,63.72406],[-149.15199,63.72244],[-149.14815,63.72212],[-149.1453,63.72342],[-149.14628,63.72504],[-149.15012,63.72536]]]},"properties":{"cell":"890c74c2a87ffff","res":9,"coarsened":false,"count":1,"hv":1,"mp":0,"y0":2025,"y1":2025,"sp":[[11,1,1,0,2025,2025]]}},{"type":"Feature","geometry":{"type":"Polygon","coordinates":[[[-149.77569,63.56589],[-149.7785,63.56458],[-149.77747,63.56297],[-149.77364,63.56266],[-149.77083,63.56398],[-149.77186,63.56559],[-149.77569,63.56589]]]},"properties":{"cell":"890c745326fffff","res":9,"coarsened":false,"count":1,"hv":1,"mp":0,"y0":2025,"y1":2025,"sp":[[6,1,1,0,2025,2025]]}},{"type":"Feature","geometry":{"type":"Polygon","coordinates":[[[-149.73278,63.5671],[-149.73559,63.56579],[-149.73456,63.56417],[-149.73073,63.56387],[-149.72792,63.56518],[-149.72894,63.56679],[-149.73278,63.5671]]]},"properties":{"cell":"890c74533c7ffff","res":9,"coarsened":false,"count":1,"hv":1,"mp":0,"y0":2025,"y1":2025,"sp":[[7,1,1,0,2025,2025]]}},{"type":"Feature","geometry":{"type":"Polygon","coordinates":[[[-149.80497,63.53756],[-149.80777,63.53624],[-149.80675,63.53463],[-149.80292,63.53433],[-149.80012,63.53564],[-149.80114,63.53725],[-149.80497,63.53756]]]},"properties":{"cell":"890c7451053ffff","res":9,"coarsened":false,"count":4,"hv":4,"mp":0,"y0":2025,"y1":2026,"sp":[[4,2,2,0,2025,2025],[1,1,1,0,2025,2025],[12,1,1,0,2026,2026]]}},{"type":"Feature","geometry":{"type":"Polygon","coordinates":[[[-149.80852,63.53171],[-149.81133,63.5304],[-149.8103,63.52878],[-149.80647,63.52848],[-149.80367,63.5298],[-149.8047,63.53141],[-149.80852,63.53171]]]},"properties":{"cell":"890c745104fffff","res":9,"coarsened":false,"count":1,"hv":1,"mp":0,"y0":2025,"y1":2025,"sp":[[11,1,1,0,2025,2025]]}},{"type":"Feature","geometry":{"type":"Polygon","coordinates":[[[-149.25758,63.72814],[-149.26043,63.72683],[-149.25943,63.72522],[-149.25559,63.7249],[-149.25274,63.7262],[-149.25373,63.72782],[-149.25758,63.72814]]]},"properties":{"cell":"890c74c0057ffff","res":9,"coarsened":false,"count":7,"hv":7,"mp":0,"y0":2025,"y1":2025,"sp":[[11,2,2,0,2025,2025],[43,1,1,0,2025,2025],[4,1,1,0,2025,2025],[7,1,1,0,2025,2025],[1,1,1,0,2025,2025],[15,1,1,0,2025,2025]]}},{"type":"Feature","geometry":{"type":"Polygon","coordinates":[[[-149.00533,63.79931],[-149.00819,63.79802],[-149.00721,63.7964],[-149.00337,63.79607],[-149.0005,63.79737],[-149.00148,63.79899],[-149.00533,63.79931]]]},"properties":{"cell":"890c74d734fffff","res":9,"coarsened":false,"count":1,"hv":1,"mp":0,"y0":2025,"y1":2025,"sp":[[72,1,1,0,2025,2025]]}},{"type":"Feature","geometry":{"type":"Polygon","coordinates":[[[-150.95517,63.52521],[-150.95792,63.52388],[-150.95681,63.52227],[-150.95296,63.522],[-150.95021,63.52334],[-150.95131,63.52494],[-150.95517,63.52521]]]},"properties":{"cell":"890c769b05bffff","res":9,"coarsened":false,"count":2,"hv":2,"mp":0,"y0":2011,"y1":2025,"sp":[[78,1,1,0,2025,2025],[2,1,1,0,2011,2011]]}},{"type":"Feature","geometry":{"type":"Polygon","coordinates":[[[-149.40091,63.74144],[-149.40376,63.74014],[-149.40275,63.73852],[-149.3989,63.73821],[-149.39606,63.73951],[-149.39706,63.74113],[-149.40091,63.74144]]]},"properties":{"cell":"890c74c1617ffff","res":9,"coarsened":false,"count":1,"hv":1,"mp":0,"y0":2025,"y1":2025,"sp":[[60,1,1,0,2025,2025]]}},{"type":"Feature","geometry":{"type":"Polygon","coordinates":[[[-150.64646,63.32899],[-150.6492,63.32767],[-150.64812,63.32606],[-150.64431,63.32578],[-150.64156,63.32711],[-150.64264,63.32872],[-150.64646,63.32899]]]},"properties":{"cell":"890c7680a4bffff","res":9,"coarsened":false,"count":1,"hv":1,"mp":0,"y0":2025,"y1":2025,"sp":[[118,1,1,0,2025,2025]]}},{"type":"Feature","geometry":{"type":"Polygon","coordinates":[[[-148.88944,63.71565],[-148.89231,63.71436],[-148.89134,63.71274],[-148.88751,63.71241],[-148.88465,63.71371],[-148.88561,63.71533],[-148.88944,63.71565]]]},"properties":{"cell":"890c74d4bdbffff","res":9,"coarsened":false,"count":1,"hv":1,"mp":0,"y0":2025,"y1":2025,"sp":[[2,1,1,0,2025,2025]]}},{"type":"Feature","geometry":{"type":"Polygon","coordinates":[[[-150.05459,63.51256],[-150.05737,63.51124],[-150.05633,63.50963],[-150.0525,63.50933],[-150.04971,63.51065],[-150.05075,63.51226],[-150.05459,63.51256]]]},"properties":{"cell":"890c745b303ffff","res":9,"coarsened":false,"count":1,"hv":1,"mp":0,"y0":2024,"y1":2024,"sp":[[41,1,1,0,2024,2024]]}},{"type":"Feature","geometry":{"type":"Polygon","coordinates":[[[-150.22746,63.45381],[-150.23023,63.45249],[-150.22918,63.45088],[-150.22535,63.4506],[-150.22258,63.45192],[-150.22363,63.45352],[-150.22746,63.45381]]]},"properties":{"cell":"890c7696ecfffff","res":9,"coarsened":false,"count":1,"hv":1,"mp":0,"y0":2024,"y1":2024,"sp":[[1,1,1,0,2024,2024]]}},{"type":"Feature","geometry":{"type":"Polygon","coordinates":[[[-149.65055,63.56363],[-149.65336,63.56232],[-149.65235,63.5607],[-149.64852,63.5604],[-149.64571,63.56171],[-149.64672,63.56332],[-149.65055,63.56363]]]},"properties":{"cell":"890c74504d7ffff","res":9,"coarsened":false,"count":2,"hv":2,"mp":0,"y0":2021,"y1":2024,"sp":[[7,2,2,0,2021,2024]]}},{"type":"Feature","geometry":{"type":"Polygon","coordinates":[[[-149.87304,63.52451],[-149.87583,63.5232],[-149.8748,63.52159],[-149.87098,63.52129],[-149.86818,63.5226],[-149.86921,63.52422],[-149.87304,63.52451]]]},"properties":{"cell":"890c745a18fffff","res":9,"coarsened":false,"count":1,"hv":1,"mp":0,"y0":2021,"y1":2021,"sp":[[1,1,1,0,2021,2021]]}},{"type":"Feature","geometry":{"type":"Polygon","coordinates":[[[-149.92209,63.53293],[-149.92489,63.53162],[-149.92386,63.53001],[-149.92003,63.52971],[-149.91723,63.53102],[-149.91826,63.53264],[-149.92209,63.53293]]]},"properties":{"cell":"890c745a00bffff","res":9,"coarsened":false,"count":1,"hv":1,"mp":0,"y0":2021,"y1":2021,"sp":[[1,1,1,0,2021,2021]]}},{"type":"Feature","geometry":{"type":"Polygon","coordinates":[[[-149.972,63.51996],[-149.97479,63.51865],[-149.97375,63.51704],[-149.96992,63.51674],[-149.96713,63.51806],[-149.96817,63.51967],[-149.972,63.51996]]]},"properties":{"cell":"890c745a263ffff","res":9,"coarsened":false,"count":1,"hv":1,"mp":0,"y0":2021,"y1":2021,"sp":[[7,1,1,0,2021,2021]]}},{"type":"Feature","geometry":{"type":"Polygon","coordinates":[[[-150.44831,63.42446],[-150.45107,63.42313],[-150.45001,63.42153],[-150.44618,63.42124],[-150.44342,63.42257],[-150.44448,63.42417],[-150.44831,63.42446]]]},"properties":{"cell":"890c769506fffff","res":9,"coarsened":false,"count":1,"hv":1,"mp":0,"y0":2021,"y1":2021,"sp":[[1,1,1,0,2021,2021]]}},{"type":"Feature","geometry":{"type":"Polygon","coordinates":[[[-150.53518,63.44002],[-150.53794,63.4387],[-150.53687,63.43709],[-150.53304,63.43681],[-150.53028,63.43814],[-150.53135,63.43974],[-150.53518,63.44002]]]},"properties":{"cell":"890c7682543ffff","res":9,"coarsened":false,"count":1,"hv":1,"mp":0,"y0":2021,"y1":2021,"sp":[[1,1,1,0,2021,2021]]}},{"type":"Feature","geometry":{"type":"Polygon","coordinates":[[[-150.66019,63.44149],[-150.66294,63.44016],[-150.66186,63.43855],[-150.65803,63.43827],[-150.65527,63.4396],[-150.65635,63.44121],[-150.66019,63.44149]]]},"properties":{"cell":"890c7683553ffff","res":9,"coarsened":false,"count":1,"hv":1,"mp":0,"y0":2021,"y1":2021,"sp":[[2,1,1,0,2021,2021]]}},{"type":"Feature","geometry":{"type":"Polygon","coordinates":[[[-150.72928,63.44647],[-150.73203,63.44514],[-150.73094,63.44354],[-150.72711,63.44326],[-150.72435,63.44459],[-150.72544,63.4462],[-150.72928,63.44647]]]},"properties":{"cell":"890c768361bffff","res":9,"coarsened":false,"count":1,"hv":1,"mp":0,"y0":2021,"y1":2021,"sp":[[15,1,1,0,2021,2021]]}},{"type":"Feature","geometry":{"type":"Polygon","coordinates":[[[-150.90712,63.42858],[-150.90986,63.42724],[-150.90876,63.42564],[-150.90492,63.42537],[-150.90218,63.4267],[-150.90328,63.42831],[-150.90712,63.42858]]]},"properties":{"cell":"890c7699d63ffff","res":9,"coarsened":false,"count":1,"hv":1,"mp":0,"y0":2025,"y1":2025,"sp":[[138,1,1,0,2025,2025]]}},{"type":"Feature","geometry":{"type":"Polygon","coordinates":[[[-149.99499,63.43146],[-149.99777,63.43014],[-149.99673,63.42853],[-149.99292,63.42824],[-149.99013,63.42955],[-149.99117,63.43116],[-149.99499,63.43146]]]},"properties":{"cell":"890c7458a43ffff","res":9,"coarsened":false,"count":1,"hv":1,"mp":0,"y0":2025,"y1":2025,"sp":[[11,1,1,0,2025,2025]]}},{"type":"Feature","geometry":{"type":"Polygon","coordinates":[[[-149.90427,63.40301],[-149.90705,63.40169],[-149.90602,63.40009],[-149.90221,63.39979],[-149.89943,63.4011],[-149.90046,63.40271],[-149.90427,63.40301]]]},"properties":{"cell":"890c7441607ffff","res":9,"coarsened":false,"count":1,"hv":1,"mp":0,"y0":2025,"y1":2025,"sp":[[4,1,1,0,2025,2025]]}},{"type":"Feature","geometry":{"type":"Polygon","coordinates":[[[-149.41808,63.70444],[-149.42092,63.70313],[-149.41992,63.70152],[-149.41607,63.7012],[-149.41324,63.70251],[-149.41424,63.70412],[-149.41808,63.70444]]]},"properties":{"cell":"890c74cac87ffff","res":9,"coarsened":false,"count":1,"hv":1,"mp":0,"y0":2019,"y1":2019,"sp":[[7,1,1,0,2019,2019]]}},{"type":"Feature","geometry":{"type":"Polygon","coordinates":[[[-149.39436,63.71325],[-149.3972,63.71195],[-149.3962,63.71033],[-149.39235,63.71002],[-149.38951,63.71132],[-149.39052,63.71294],[-149.39436,63.71325]]]},"properties":{"cell":"890c74c13c3ffff","res":9,"coarsened":false,"count":1,"hv":1,"mp":0,"y0":2019,"y1":2019,"sp":[[1,1,1,0,2019,2019]]}},{"type":"Feature","geometry":{"type":"Polygon","coordinates":[[[-149.4059,63.7142],[-149.40874,63.71289],[-149.40773,63.71127],[-149.40389,63.71096],[-149.40105,63.71226],[-149.40205,63.71388],[-149.4059,63.7142]]]},"properties":{"cell":"890c74c1237ffff","res":9,"coarsened":false,"count":1,"hv":1,"mp":0,"y0":2019,"y1":2019,"sp":[[1,1,1,0,2019,2019]]}},{"type":"Feature","geometry":{"type":"Polygon","coordinates":[[[-149.26944,63.5756],[-149.27227,63.5743],[-149.27128,63.57269],[-149.26746,63.57237],[-149.26463,63.57367],[-149.26562,63.57529],[-149.26944,63.5756]]]},"properties":{"cell":"890c74cea47ffff","res":9,"coarsened":false,"count":1,"hv":1,"mp":0,"y0":2025,"y1":2025,"sp":[[4,1,1,0,2025,2025]]}},{"type":"Feature","geometry":{"type":"Polygon","coordinates":[[[-149.38431,63.66176],[-149.45082,63.64569],[-149.45655,63.61394],[-149.39593,63.59826],[-149.32952,63.6143],[-149.32363,63.64604],[-149.38431,63.66176]]]},"properties":{"cell":"860c74cf7ffffff","res":6,"coarsened":true,"count":1,"hv":1,"mp":0,"y0":2025,"y1":2025,"sp":[[0,1,1,0,2025,2025]]}},{"type":"Feature","geometry":{"type":"Polygon","coordinates":[[[-150.84121,63.47129],[-150.84396,63.46995],[-150.84287,63.46835],[-150.83902,63.46807],[-150.83627,63.46941],[-150.83737,63.47101],[-150.84121,63.47129]]]},"properties":{"cell":"890c76981d7ffff","res":9,"coarsened":false,"count":1,"hv":1,"mp":0,"y0":2021,"y1":2021,"sp":[[1,1,1,0,2021,2021]]}},{"type":"Feature","geometry":{"type":"Polygon","coordinates":[[[-149.6018,63.61339],[-149.60462,63.61208],[-149.6036,63.61046],[-149.59977,63.61016],[-149.59695,63.61146],[-149.59796,63.61308],[-149.6018,63.61339]]]},"properties":{"cell":"890c74c9933ffff","res":9,"coarsened":false,"count":1,"hv":1,"mp":0,"y0":2025,"y1":2025,"sp":[[7,1,1,0,2025,2025]]}},{"type":"Feature","geometry":{"type":"Polygon","coordinates":[[[-149.61206,63.60654],[-149.61488,63.60523],[-149.61387,63.60362],[-149.61003,63.60331],[-149.60721,63.60462],[-149.60823,63.60623],[-149.61206,63.60654]]]},"properties":{"cell":"890c7452693ffff","res":9,"coarsened":false,"count":2,"hv":2,"mp":0,"y0":2025,"y1":2026,"sp":[[12,1,1,0,2025,2025],[29,1,1,0,2026,2026]]}},{"type":"Feature","geometry":{"type":"Polygon","coordinates":[[[-149.73456,63.56417],[-149.73737,63.56286],[-149.73635,63.56125],[-149.73252,63.56095],[-149.72971,63.56226],[-149.73073,63.56387],[-149.73456,63.56417]]]},"properties":{"cell":"890c745331bffff","res":9,"coarsened":false,"count":1,"hv":1,"mp":0,"y0":2025,"y1":2025,"sp":[[7,1,1,0,2025,2025]]}},{"type":"Feature","geometry":{"type":"Polygon","coordinates":[[[-148.88654,63.71079],[-148.8894,63.7095],[-148.88843,63.70788],[-148.8846,63.70755],[-148.88174,63.70885],[-148.88271,63.71047],[-148.88654,63.71079]]]},"properties":{"cell":"890c74d4bcfffff","res":9,"coarsened":false,"count":1,"hv":1,"mp":0,"y0":2025,"y1":2025,"sp":[[2,1,1,0,2025,2025]]}},{"type":"Feature","geometry":{"type":"Polygon","coordinates":[[[-149.25799,63.74661],[-149.26084,63.74531],[-149.25984,63.74369],[-149.256,63.74337],[-149.25315,63.74467],[-149.25414,63.74629],[-149.25799,63.74661]]]},"properties":{"cell":"890c74c044bffff","res":9,"coarsened":false,"count":1,"hv":1,"mp":0,"y0":2025,"y1":2025,"sp":[[7,1,1,0,2025,2025]]}},{"type":"Feature","geometry":{"type":"Polygon","coordinates":[[[-149.19108,63.6136],[-149.19392,63.6123],[-149.19293,63.61068],[-149.18911,63.61036],[-149.18627,63.61166],[-149.18726,63.61328],[-149.19108,63.6136]]]},"properties":{"cell":"890c74cec9bffff","res":9,"coarsened":false,"count":2,"hv":2,"mp":0,"y0":2025,"y1":2025,"sp":[[1,1,1,0,2025,2025],[7,1,1,0,2025,2025]]}},{"type":"Feature","geometry":{"type":"Polygon","coordinates":[[[-150.89896,63.5182],[-150.90172,63.51686],[-150.90061,63.51525],[-150.89676,63.51498],[-150.89401,63.51632],[-150.89511,63.51792],[-150.89896,63.5182]]]},"properties":{"cell":"890c769b1d7ffff","res":9,"coarsened":false,"count":2,"hv":2,"mp":0,"y0":2025,"y1":2026,"sp":[[43,1,1,0,2025,2025],[13,1,1,0,2026,2026]]}},{"type":"Feature","geometry":{"type":"Polygon","coordinates":[[[-150.89236,63.51926],[-150.89511,63.51792],[-150.89401,63.51632],[-150.89015,63.51604],[-150.8874,63.51738],[-150.8885,63.51899],[-150.89236,63.51926]]]},"properties":{"cell":"890c769b19bffff","res":9,"coarsened":false,"count":5,"hv":5,"mp":0,"y0":2025,"y1":2025,"sp":[[6,2,2,0,2025,2025],[36,1,1,0,2025,2025],[59,1,1,0,2025,2025],[58,1,1,0,2025,2025]]}},{"type":"Feature","geometry":{"type":"Polygon","coordinates":[[[-150.47111,63.43684],[-150.47387,63.43552],[-150.4728,63.43391],[-150.46897,63.43363],[-150.46621,63.43495],[-150.46728,63.43656],[-150.47111,63.43684]]]},"properties":{"cell":"890c7695293ffff","res":9,"coarsened":false,"count":1,"hv":1,"mp":0,"y0":2025,"y1":2025,"sp":[[1,1,1,0,2025,2025]]}},{"type":"Feature","geometry":{"type":"Polygon","coordinates":[[[-150.06522,63.68655],[-150.06802,63.68523],[-150.06697,63.68361],[-150.06311,63.68332],[-150.06031,63.68463],[-150.06136,63.68625],[-150.06522,63.68655]]]},"properties":{"cell":"890c2920c2fffff","res":9,"coarsened":false,"count":1,"hv":1,"mp":0,"y0":2023,"y1":2023,"sp":[[1,1,1,0,2023,2023]]}},{"type":"Feature","geometry":{"type":"Polygon","coordinates":[[[-150.25042,63.45555],[-150.2532,63.45423],[-150.25214,63.45262],[-150.24832,63.45233],[-150.24554,63.45365],[-150.2466,63.45526],[-150.25042,63.45555]]]},"properties":{"cell":"890c769632bffff","res":9,"coarsened":false,"count":2,"hv":2,"mp":0,"y0":2025,"y1":2025,"sp":[[11,1,1,0,2025,2025],[12,1,1,0,2025,2025]]}},{"type":"Feature","geometry":{"type":"Polygon","coordinates":[[[-150.2487,63.45848],[-150.25148,63.45716],[-150.25042,63.45555],[-150.2466,63.45526],[-150.24382,63.45658],[-150.24488,63.45819],[-150.2487,63.45848]]]},"properties":{"cell":"890c769633bffff","res":9,"coarsened":false,"count":4,"hv":4,"mp":0,"y0":2025,"y1":2025,"sp":[[6,2,2,0,2025,2025],[33,2,2,0,2025,2025]]}},{"type":"Feature","geometry":{"type":"Polygon","coordinates":[[[-150.2421,63.45951],[-150.24488,63.45819],[-150.24382,63.45658],[-150.23999,63.45629],[-150.23722,63.45761],[-150.23827,63.45922],[-150.2421,63.45951]]]},"properties":{"cell":"890c7696333ffff","res":9,"coarsened":false,"count":1,"hv":1,"mp":0,"y0":2025,"y1":2025,"sp":[[1,1,1,0,2025,2025]]}},{"type":"Feature","geometry":{"type":"Polygon","coordinates":[[[-149.31688,63.68233],[-149.31972,63.68103],[-149.31872,63.67941],[-149.31488,63.6791],[-149.31204,63.6804],[-149.31304,63.68202],[-149.31688,63.68233]]]},"properties":{"cell":"890c74c1813ffff","res":9,"coarsened":false,"count":1,"hv":1,"mp":0,"y0":2025,"y1":2025,"sp":[[14,1,1,0,2025,2025]]}},{"type":"Feature","geometry":{"type":"Polygon","coordinates":[[[-150.28712,63.43384],[-150.28989,63.43252],[-150.28883,63.43091],[-150.28501,63.43063],[-150.28224,63.43195],[-150.28329,63.43356],[-150.28712,63.43384]]]},"properties":{"cell":"890c76940a7ffff","res":9,"coarsened":false,"count":1,"hv":1,"mp":0,"y0":2025,"y1":2025,"sp":[[2,1,1,0,2025,2025]]}},{"type":"Feature","geometry":{"type":"Polygon","coordinates":[[[-150.13119,63.48475],[-150.13398,63.48343],[-150.13293,63.48182],[-150.1291,63.48153],[-150.12632,63.48285],[-150.12736,63.48446],[-150.13119,63.48475]]]},"properties":{"cell":"890c7459043ffff","res":9,"coarsened":false,"count":1,"hv":1,"mp":0,"y0":2025,"y1":2025,"sp":[[6,1,1,0,2025,2025]]}},{"type":"Feature","geometry":{"type":"Polygon","coordinates":[[[-150.17432,63.47273],[-150.1771,63.47141],[-150.17605,63.4698],[-150.17222,63.46951],[-150.16944,63.47083],[-150.17049,63.47244],[-150.17432,63.47273]]]},"properties":{"cell":"890c745927bffff","res":9,"coarsened":false,"count":1,"hv":1,"mp":0,"y0":2025,"y1":2025,"sp":[[1,1,1,0,2025,2025]]}},{"type":"Feature","geometry":{"type":"Polygon","coordinates":[[[-150.9267,63.33987],[-150.92943,63.33853],[-150.92834,63.33693],[-150.92451,63.33666],[-150.92178,63.33799],[-150.92287,63.3396],[-150.9267,63.33987]]]},"properties":{"cell":"890c7688543ffff","res":9,"coarsened":false,"count":1,"hv":1,"mp":0,"y0":2025,"y1":2025,"sp":[[2,1,1,0,2025,2025]]}},{"type":"Feature","geometry":{"type":"Polygon","coordinates":[[[-150.37453,63.41745],[-150.43997,63.40092],[-150.44437,63.36916],[-150.38349,63.35395],[-150.31815,63.37045],[-150.31359,63.4022],[-150.37453,63.41745]]]},"properties":{"cell":"860c7695fffffff","res":6,"coarsened":true,"count":2,"hv":2,"mp":0,"y0":2025,"y1":2025,"sp":[[0,2,2,0,2025,2025]]}},{"type":"Feature","geometry":{"type":"Polygon","coordinates":[[[-150.3926,63.41727],[-150.39536,63.41595],[-150.3943,63.41434],[-150.39047,63.41405],[-150.38771,63.41538],[-150.38877,63.41698],[-150.3926,63.41727]]]},"properties":{"cell":"890c7695133ffff","res":9,"coarsened":false,"count":1,"hv":1,"mp":0,"y0":2025,"y1":2025,"sp":[[16,1,1,0,2025,2025]]}},{"type":"Feature","geometry":{"type":"Polygon","coordinates":[[[-150.83629,63.45871],[-150.83904,63.45738],[-150.83794,63.45577],[-150.8341,63.4555],[-150.83135,63.45683],[-150.83245,63.45843],[-150.83629,63.45871]]]},"properties":{"cell":"890c769813bffff","res":9,"coarsened":false,"count":1,"hv":1,"mp":0,"y0":2025,"y1":2025,"sp":[[11,1,1,0,2025,2025]]}},{"type":"Feature","geometry":{"type":"Polygon","coordinates":[[[-150.80829,63.45519],[-150.81104,63.45385],[-150.80994,63.45225],[-150.8061,63.45197],[-150.80335,63.45331],[-150.80445,63.45491],[-150.80829,63.45519]]]},"properties":{"cell":"890c7698cc7ffff","res":9,"coarsened":false,"count":1,"hv":1,"mp":0,"y0":2025,"y1":2025,"sp":[[15,1,1,0,2025,2025]]}},{"type":"Feature","geometry":{"type":"Polygon","coordinates":[[[-150.54009,63.44191],[-150.54285,63.44059],[-150.54178,63.43898],[-150.53794,63.4387],[-150.53518,63.44002],[-150.53626,63.44163],[-150.54009,63.44191]]]},"properties":{"cell":"890c768255bffff","res":9,"coarsened":false,"count":1,"hv":1,"mp":0,"y0":2025,"y1":2025,"sp":[[56,1,1,0,2025,2025]]}},{"type":"Feature","geometry":{"type":"Polygon","coordinates":[[[-148.94126,63.72929],[-148.94413,63.728],[-148.94315,63.72638],[-148.93932,63.72605],[-148.93646,63.72735],[-148.93743,63.72897],[-148.94126,63.72929]]]},"properties":{"cell":"890c74d5d3bffff","res":9,"coarsened":false,"count":7,"hv":7,"mp":0,"y0":2018,"y1":2019,"sp":[[43,3,3,0,2018,2019],[29,1,1,0,2018,2018],[51,1,1,0,2018,2018],[36,1,1,0,2018,2018],[14,1,1,0,2018,2018]]}},{"type":"Feature","geometry":{"type":"Polygon","coordinates":[[[-150.7153,63.56631],[-150.71807,63.56498],[-150.71698,63.56337],[-150.71312,63.56309],[-150.71035,63.56442],[-150.71145,63.56603],[-150.7153,63.56631]]]},"properties":{"cell":"890c29649cbffff","res":9,"coarsened":false,"count":1,"hv":1,"mp":0,"y0":2025,"y1":2025,"sp":[[4,1,1,0,2025,2025]]}},{"type":"Feature","geometry":{"type":"Polygon","coordinates":[[[-148.97857,63.63413],[-148.98142,63.63283],[-148.98045,63.63122],[-148.97663,63.63089],[-148.97378,63.63219],[-148.97475,63.6338],[-148.97857,63.63413]]]},"properties":{"cell":"890c74c457bffff","res":9,"coarsened":false,"count":1,"hv":1,"mp":0,"y0":2025,"y1":2025,"sp":[[7,1,1,0,2025,2025]]}},{"type":"Feature","geometry":{"type":"Polygon","coordinates":[[[-149.60586,63.56772],[-149.60867,63.56641],[-149.60766,63.56479],[-149.60383,63.56449],[-149.60102,63.56579],[-149.60203,63.56741],[-149.60586,63.56772]]]},"properties":{"cell":"890c74523c7ffff","res":9,"coarsened":false,"count":1,"hv":1,"mp":0,"y0":2025,"y1":2025,"sp":[[1,1,1,0,2025,2025]]}},{"type":"Feature","geometry":{"type":"Polygon","coordinates":[[[-149.60102,63.56579],[-149.60383,63.56449],[-149.60282,63.56287],[-149.59899,63.56257],[-149.59618,63.56387],[-149.59719,63.56549],[-149.60102,63.56579]]]},"properties":{"cell":"890c7452313ffff","res":9,"coarsened":false,"count":1,"hv":1,"mp":0,"y0":2025,"y1":2025,"sp":[[4,1,1,0,2025,2025]]}},{"type":"Feature","geometry":{"type":"Polygon","coordinates":[[[-149.61872,63.60554],[-149.62153,63.60423],[-149.62052,63.60262],[-149.61668,63.60231],[-149.61387,63.60362],[-149.61488,63.60523],[-149.61872,63.60554]]]},"properties":{"cell":"890c745269bffff","res":9,"coarsened":false,"count":1,"hv":1,"mp":0,"y0":2025,"y1":2025,"sp":[[26,1,1,0,2025,2025]]}},{"type":"Feature","geometry":{"type":"Polygon","coordinates":[[[-149.72179,63.5555],[-149.7246,63.55419],[-149.72358,63.55258],[-149.71975,63.55227],[-149.71694,63.55358],[-149.71796,63.5552],[-149.72179,63.5555]]]},"properties":{"cell":"890c7453323ffff","res":9,"coarsened":false,"count":1,"hv":1,"mp":0,"y0":2025,"y1":2025,"sp":[[1,1,1,0,2025,2025]]}},{"type":"Feature","geometry":{"type":"Polygon","coordinates":[[[-149.62176,63.61038],[-149.62458,63.60908],[-149.62357,63.60746],[-149.61973,63.60715],[-149.61691,63.60846],[-149.61793,63.61008],[-149.62176,63.61038]]]},"properties":{"cell":"890c74c9963ffff","res":9,"coarsened":false,"count":1,"hv":1,"mp":0,"y0":2025,"y1":2025,"sp":[[7,1,1,0,2025,2025]]}},{"type":"Feature","geometry":{"type":"Polygon","coordinates":[[[-149.73022,63.55157],[-149.73302,63.55026],[-149.732,63.54865],[-149.72817,63.54834],[-149.72537,63.54965],[-149.72639,63.55127],[-149.73022,63.55157]]]},"properties":{"cell":"890c7451593ffff","res":9,"coarsened":false,"count":4,"hv":4,"mp":0,"y0":2025,"y1":2025,"sp":[[1,4,4,0,2025,2025]]}},{"type":"Feature","geometry":{"type":"Polygon","coordinates":[[[-149.70442,63.57404],[-149.70723,63.57273],[-149.70621,63.57112],[-149.70238,63.57082],[-149.69957,63.57213],[-149.70059,63.57374],[-149.70442,63.57404]]]},"properties":{"cell":"890c7453027ffff","res":9,"coarsened":false,"count":1,"hv":1,"mp":0,"y0":2025,"y1":2025,"sp":[[7,1,1,0,2025,2025]]}},{"type":"Feature","geometry":{"type":"Polygon","coordinates":[[[-149.5025,63.70515],[-149.50534,63.70384],[-149.50433,63.70222],[-149.50048,63.70191],[-149.49765,63.70322],[-149.49866,63.70483],[-149.5025,63.70515]]]},"properties":{"cell":"890c74ca3abffff","res":9,"coarsened":false,"count":1,"hv":1,"mp":0,"y0":2025,"y1":2025,"sp":[[2,1,1,0,2025,2025]]}},{"type":"Feature","geometry":{"type":"Polygon","coordinates":[[[-149.78103,63.55712],[-149.78384,63.55581],[-149.78281,63.55419],[-149.77898,63.55389],[-149.77618,63.5552],[-149.7772,63.55682],[-149.78103,63.55712]]]},"properties":{"cell":"890c745141bffff","res":9,"coarsened":false,"count":1,"hv":1,"mp":0,"y0":2025,"y1":2025,"sp":[[1,1,1,0,2025,2025]]}},{"type":"Feature","geometry":{"type":"Polygon","coordinates":[[[-149.67711,63.55961],[-149.67992,63.5583],[-149.67891,63.55669],[-149.67508,63.55639],[-149.67227,63.55769],[-149.67328,63.55931],[-149.67711,63.55961]]]},"properties":{"cell":"890c745312fffff","res":9,"coarsened":false,"count":1,"hv":1,"mp":0,"y0":2025,"y1":2025,"sp":[[7,1,1,0,2025,2025]]}},{"type":"Feature","geometry":{"type":"Polygon","coordinates":[[[-149.72486,63.56034],[-149.72767,63.55903],[-149.72664,63.55742],[-149.72281,63.55711],[-149.72001,63.55842],[-149.72103,63.56004],[-149.72486,63.56034]]]},"properties":{"cell":"890c7453307ffff","res":9,"coarsened":false,"count":1,"hv":1,"mp":0,"y0":2025,"y1":2025,"sp":[[1,1,1,0,2025,2025]]}},{"type":"Feature","geometry":{"type":"Polygon","coordinates":[[[-149.6633,63.57231],[-149.66611,63.571],[-149.66509,63.56938],[-149.66126,63.56908],[-149.65845,63.57039],[-149.65947,63.572],[-149.6633,63.57231]]]},"properties":{"cell":"890c74531b3ffff","res":9,"coarsened":false,"count":1,"hv":1,"mp":0,"y0":2025,"y1":2025,"sp":[[7,1,1,0,2025,2025]]}},{"type":"Feature","geometry":{"type":"Polygon","coordinates":[[[-149.42833,63.72678],[-149.43117,63.72547],[-149.43016,63.72385],[-149.42632,63.72354],[-149.42348,63.72484],[-149.42448,63.72646],[-149.42833,63.72678]]]},"properties":{"cell":"890c74c12c3ffff","res":9,"coarsened":false,"count":1,"hv":1,"mp":0,"y0":2025,"y1":2025,"sp":[[1,1,1,0,2025,2025]]}},{"type":"Feature","geometry":{"type":"Polygon","coordinates":[[[-150.90043,63.31207],[-150.90316,63.31074],[-150.90207,63.30914],[-150.89824,63.30887],[-150.89552,63.3102],[-150.89661,63.3118],[-150.90043,63.31207]]]},"properties":{"cell":"890c7688ccbffff","res":9,"coarsened":false,"count":1,"hv":1,"mp":0,"y0":2025,"y1":2025,"sp":[[1,1,1,0,2025,2025]]}},{"type":"Feature","geometry":{"type":"Polygon","coordinates":[[[-150.87093,63.35424],[-150.87367,63.35291],[-150.87257,63.3513],[-150.86874,63.35103],[-150.86601,63.35237],[-150.8671,63.35397],[-150.87093,63.35424]]]},"properties":{"cell":"890c768aec3ffff","res":9,"coarsened":false,"count":1,"hv":1,"mp":0,"y0":2025,"y1":2025,"sp":[[7,1,1,0,2025,2025]]}},{"type":"Feature","geometry":{"type":"Polygon","coordinates":[[[-150.76274,63.33432],[-150.76548,63.33299],[-150.7644,63.33139],[-150.76057,63.33111],[-150.75784,63.33244],[-150.75892,63.33405],[-150.76274,63.33432]]]},"properties":{"cell":"890c7681acbffff","res":9,"coarsened":false,"count":1,"hv":1,"mp":0,"y0":2025,"y1":2025,"sp":[[2,1,1,0,2025,2025]]}},{"type":"Feature","geometry":{"type":"Polygon","coordinates":[[[-150.8381,63.35954],[-150.84084,63.35821],[-150.83975,63.35661],[-150.83592,63.35634],[-150.83318,63.35767],[-150.83428,63.35927],[-150.8381,63.35954]]]},"properties":{"cell":"890c768a127ffff","res":9,"coarsened":false,"count":1,"hv":1,"mp":0,"y0":2025,"y1":2025,"sp":[[1,1,1,0,2025,2025]]}},{"type":"Feature","geometry":{"type":"Polygon","coordinates":[[[-150.83318,63.35767],[-150.83592,63.35634],[-150.83483,63.35473],[-150.831,63.35446],[-150.82827,63.35579],[-150.82936,63.3574],[-150.83318,63.35767]]]},"properties":{"cell":"890c768ac53ffff","res":9,"coarsened":false,"count":1,"hv":1,"mp":0,"y0":2025,"y1":2025,"sp":[[2,1,1,0,2025,2025]]}},{"type":"Feature","geometry":{"type":"Polygon","coordinates":[[[-151.28829,63.36638],[-151.29101,63.36504],[-151.28989,63.36344],[-151.28604,63.36318],[-151.28333,63.36452],[-151.28445,63.36612],[-151.28829,63.36638]]]},"properties":{"cell":"890c76d5aa7ffff","res":9,"coarsened":false,"count":1,"hv":1,"mp":0,"y0":2025,"y1":2025,"sp":[[7,1,1,0,2025,2025]]}},{"type":"Feature","geometry":{"type":"Polygon","coordinates":[[[-150.92373,63.50618],[-150.92648,63.50484],[-150.92537,63.50324],[-150.92152,63.50296],[-150.91877,63.5043],[-150.91987,63.50591],[-150.92373,63.50618]]]},"properties":{"cell":"890c769b3b3ffff","res":9,"coarsened":false,"count":1,"hv":1,"mp":0,"y0":2019,"y1":2019,"sp":[[11,1,1,0,2019,2019]]}},{"type":"Feature","geometry":{"type":"Polygon","coordinates":[[[-148.89424,63.7176],[-148.89711,63.71631],[-148.89614,63.71469],[-148.89231,63.71436],[-148.88944,63.71565],[-148.89041,63.71727],[-148.89424,63.7176]]]},"properties":{"cell":"890c74d4aafffff","res":9,"coarsened":false,"count":1,"hv":1,"mp":0,"y0":2025,"y1":2025,"sp":[[43,1,1,0,2025,2025]]}},{"type":"Feature","geometry":{"type":"Polygon","coordinates":[[[-149.67125,63.67723],[-149.67407,63.67592],[-149.67305,63.67431],[-149.6692,63.674],[-149.66638,63.67531],[-149.6674,63.67693],[-149.67125,63.67723]]]},"properties":{"cell":"890c74c956bffff","res":9,"coarsened":false,"count":1,"hv":1,"mp":0,"y0":2025,"y1":2025,"sp":[[1,1,1,0,2025,2025]]}},{"type":"Feature","geometry":{"type":"Polygon","coordinates":[[[-149.05613,63.72056],[-149.05898,63.71926],[-149.058,63.71764],[-149.05417,63.71732],[-149.05131,63.71862],[-149.05229,63.72024],[-149.05613,63.72056]]]},"properties":{"cell":"890c74d5a43ffff","res":9,"coarsened":false,"count":1,"hv":1,"mp":0,"y0":2025,"y1":2025,"sp":[[7,1,1,0,2025,2025]]}},{"type":"Feature","geometry":{"type":"Polygon","coordinates":[[[-149.06095,63.7225],[-149.0638,63.7212],[-149.06282,63.71958],[-149.05898,63.71926],[-149.05613,63.72056],[-149.05711,63.72218],[-149.06095,63.7225]]]},"properties":{"cell":"890c74d5a5bffff","res":9,"coarsened":false,"count":1,"hv":1,"mp":0,"y0":2025,"y1":2025,"sp":[[4,1,1,0,2025,2025]]}},{"type":"Feature","geometry":{"type":"Polygon","coordinates":[[[-149.1193,63.71664],[-149.12216,63.71534],[-149.12117,63.71372],[-149.11733,63.7134],[-149.11448,63.7147],[-149.11547,63.71632],[-149.1193,63.71664]]]},"properties":{"cell":"890c74c2b93ffff","res":9,"coarsened":false,"count":2,"hv":2,"mp":0,"y0":2025,"y1":2026,"sp":[[3,1,1,0,2025,2025],[26,1,1,0,2026,2026]]}},{"type":"Feature","geometry":{"type":"Polygon","coordinates":[[[-149.59967,63.52891],[-149.60248,63.5276],[-149.60147,63.52599],[-149.59765,63.52568],[-149.59484,63.52699],[-149.59585,63.5286],[-149.59967,63.52891]]]},"properties":{"cell":"890c7452a43ffff","res":9,"coarsened":false,"count":1,"hv":1,"mp":0,"y0":2025,"y1":2025,"sp":[[7,1,1,0,2025,2025]]}},{"type":"Feature","geometry":{"type":"Polygon","coordinates":[[[-148.96616,63.72833],[-148.96902,63.72704],[-148.96805,63.72542],[-148.96422,63.72509],[-148.96135,63.72639],[-148.96233,63.72801],[-148.96616,63.72833]]]},"properties":{"cell":"890c74d58b7ffff","res":9,"coarsened":false,"count":1,"hv":1,"mp":0,"y0":2025,"y1":2025,"sp":[[26,1,1,0,2025,2025]]}},{"type":"Feature","geometry":{"type":"Polygon","coordinates":[[[-150.80994,63.45225],[-150.81269,63.45091],[-150.8116,63.44931],[-150.80776,63.44903],[-150.80501,63.45037],[-150.8061,63.45197],[-150.80994,63.45225]]]},"properties":{"cell":"890c7698c1bffff","res":9,"coarsened":false,"count":1,"hv":1,"mp":0,"y0":2025,"y1":2025,"sp":[[5,1,1,0,2025,2025]]}},{"type":"Feature","geometry":{"type":"Polygon","coordinates":[[[-149.39554,63.72103],[-149.39838,63.71973],[-149.39738,63.71811],[-149.39353,63.71779],[-149.39069,63.7191],[-149.39169,63.72072],[-149.39554,63.72103]]]},"properties":{"cell":"890c74c12b7ffff","res":9,"coarsened":false,"count":2,"hv":2,"mp":0,"y0":2025,"y1":2025,"sp":[[59,1,1,0,2025,2025],[4,1,1,0,2025,2025]]}},{"type":"Feature","geometry":{"type":"Polygon","coordinates":[[[-148.88073,63.70108],[-148.88359,63.69978],[-148.88263,63.69816],[-148.8788,63.69784],[-148.87594,63.69913],[-148.8769,63.70075],[-148.88073,63.70108]]]},"properties":{"cell":"890c74d4b77ffff","res":9,"coarsened":false,"count":1,"hv":1,"mp":0,"y0":2025,"y1":2025,"sp":[[2,1,1,0,2025,2025]]}},{"type":"Feature","geometry":{"type":"Polygon","coordinates":[[[-149.28706,63.75823],[-149.28991,63.75693],[-149.28891,63.75531],[-149.28507,63.75499],[-149.28221,63.7563],[-149.28321,63.75792],[-149.28706,63.75823]]]},"properties":{"cell":"890c74c314fffff","res":9,"coarsened":false,"count":1,"hv":1,"mp":0,"y0":2025,"y1":2025,"sp":[[4,1,1,0,2025,2025]]}},{"type":"Feature","geometry":{"type":"Polygon","coordinates":[[[-149.48132,63.64203],[-149.48415,63.64072],[-149.48314,63.63911],[-149.47931,63.6388],[-149.47648,63.6401],[-149.47749,63.64172],[-149.48132,63.64203]]]},"properties":{"cell":"890c74c8dcfffff","res":9,"coarsened":false,"count":3,"hv":3,"mp":0,"y0":2006,"y1":2006,"sp":[[7,1,1,0,2006,2006],[1,1,1,0,2006,2006],[36,1,1,0,2006,2006]]}},{"type":"Feature","geometry":{"type":"Polygon","coordinates":[[[-148.97936,63.70793],[-148.98222,63.70663],[-148.98124,63.70502],[-148.97741,63.70469],[-148.97455,63.70599],[-148.97553,63.7076],[-148.97936,63.70793]]]},"properties":{"cell":"890c74d5bb7ffff","res":9,"coarsened":false,"count":1,"hv":1,"mp":0,"y0":2025,"y1":2025,"sp":[[44,1,1,0,2025,2025]]}},{"type":"Feature","geometry":{"type":"Polygon","coordinates":[[[-150.78753,63.27964],[-150.79026,63.27831],[-150.78918,63.27671],[-150.78537,63.27644],[-150.78264,63.27777],[-150.78372,63.27937],[-150.78753,63.27964]]]},"properties":{"cell":"890c768f06bffff","res":9,"coarsened":false,"count":25,"hv":25,"mp":0,"y0":2004,"y1":2026,"sp":[[11,9,9,0,2025,2026],[4,4,4,0,2025,2026],[36,2,2,0,2025,2025],[29,2,2,0,2025,2026],[43,2,2,0,2026,2026],[2,2,2,0,2026,2026],[5,1,1,0,2004,2004],[14,1,1,0,2026,2026],[1,1,1,0,2026,2026],[7,1,1,0,2026,2026]]}},{"type":"Feature","geometry":{"type":"Polygon","coordinates":[[[-149.58373,63.64262],[-149.58655,63.64131],[-149.58554,63.63969],[-149.5817,63.63938],[-149.57887,63.64069],[-149.57989,63.64231],[-149.58373,63.64262]]]},"properties":{"cell":"890c74c9d87ffff","res":9,"coarsened":false,"count":1,"hv":1,"mp":0,"y0":2025,"y1":2025,"sp":[[26,1,1,0,2025,2025]]}},{"type":"Feature","geometry":{"type":"Polygon","coordinates":[[[-149.5505,63.70595],[-149.55333,63.70464],[-149.55232,63.70302],[-149.54847,63.70271],[-149.54564,63.70402],[-149.54665,63.70564],[-149.5505,63.70595]]]},"properties":{"cell":"890c74c8483ffff","res":9,"coarsened":false,"count":1,"hv":1,"mp":0,"y0":2025,"y1":2025,"sp":[[16,1,1,0,2025,2025]]}},{"type":"Feature","geometry":{"type":"Polygon","coordinates":[[[-151.14041,63.37459],[-151.14314,63.37325],[-151.14203,63.37165],[-151.13819,63.37139],[-151.13546,63.37273],[-151.13657,63.37433],[-151.14041,63.37459]]]},"properties":{"cell":"890c76d480fffff","res":9,"coarsened":false,"count":10,"hv":10,"mp":0,"y0":2015,"y1":2015,"sp":[[44,2,2,0,2015,2015],[1,2,2,0,2015,2015],[11,2,2,0,2015,2015],[4,1,1,0,2015,2015],[7,1,1,0,2015,2015],[2,1,1,0,2015,2015],[43,1,1,0,2015,2015]]}},{"type":"Feature","geometry":{"type":"Polygon","coordinates":[[[-148.85377,63.66804],[-148.85663,63.66674],[-148.85566,63.66513],[-148.85184,63.6648],[-148.84898,63.66609],[-148.84995,63.66771],[-148.85377,63.66804]]]},"properties":{"cell":"890c748923bffff","res":9,"coarsened":false,"count":1,"hv":1,"mp":0,"y0":2025,"y1":2025,"sp":[[3,1,1,0,2025,2025]]}},{"type":"Feature","geometry":{"type":"Polygon","coordinates":[[[-150.61502,63.51008],[-150.68061,63.49342],[-150.68471,63.46161],[-150.62339,63.44646],[-150.5579,63.46309],[-150.55364,63.4949],[-150.61502,63.51008]]]},"properties":{"cell":"860c7691fffffff","res":6,"coarsened":true,"count":3,"hv":3,"mp":0,"y0":1983,"y1":2019,"sp":[[0,3,3,0,1983,2019]]}},{"type":"Feature","geometry":{"type":"Polygon","coordinates":[[[-150.85607,63.45553],[-150.85881,63.45419],[-150.85772,63.45259],[-150.85387,63.45232],[-150.85113,63.45365],[-150.85222,63.45525],[-150.85607,63.45553]]]},"properties":{"cell":"890c769816bffff","res":9,"coarsened":false,"count":1,"hv":1,"mp":0,"y0":1983,"y1":1983,"sp":[[1,1,1,0,1983,1983]]}},{"type":"Feature","geometry":{"type":"Polygon","coordinates":[[[-150.73693,63.26382],[-150.73966,63.26249],[-150.73858,63.26089],[-150.73477,63.26061],[-150.73204,63.26194],[-150.73312,63.26354],[-150.73693,63.26382]]]},"properties":{"cell":"890c768c693ffff","res":9,"coarsened":false,"count":1,"hv":1,"mp":0,"y0":1983,"y1":1983,"sp":[[4,1,1,0,1983,1983]]}},{"type":"Feature","geometry":{"type":"Polygon","coordinates":[[[-150.74188,63.25503],[-150.74461,63.2537],[-150.74353,63.25209],[-150.73973,63.25182],[-150.737,63.25315],[-150.73808,63.25475],[-150.74188,63.25503]]]},"properties":{"cell":"890c768c617ffff","res":9,"coarsened":false,"count":1,"hv":1,"mp":0,"y0":1983,"y1":1983,"sp":[[8,1,1,0,1983,1983]]}},{"type":"Feature","geometry":{"type":"Polygon","coordinates":[[[-150.00955,63.43717],[-150.01233,63.43586],[-150.01129,63.43425],[-150.00748,63.43395],[-150.00469,63.43527],[-150.00573,63.43688],[-150.00955,63.43717]]]},"properties":{"cell":"890c7459d2bffff","res":9,"coarsened":false,"count":1,"hv":1,"mp":0,"y0":1983,"y1":1983,"sp":[[5,1,1,0,1983,1983]]}},{"type":"Feature","geometry":{"type":"Polygon","coordinates":[[[-149.5399,63.47969],[-149.54271,63.47838],[-149.5417,63.47677],[-149.53789,63.47646],[-149.53508,63.47777],[-149.53609,63.47938],[-149.5399,63.47969]]]},"properties":{"cell":"890c7457247ffff","res":9,"coarsened":false,"count":1,"hv":1,"mp":0,"y0":1983,"y1":1983,"sp":[[7,1,1,0,1983,1983]]}},{"type":"Feature","geometry":{"type":"Polygon","coordinates":[[[-149.34202,63.72894],[-149.34486,63.72764],[-149.34386,63.72602],[-149.34002,63.72571],[-149.33717,63.72701],[-149.33817,63.72863],[-149.34202,63.72894]]]},"properties":{"cell":"890c74c157bffff","res":9,"coarsened":false,"count":2,"hv":2,"mp":0,"y0":2019,"y1":2019,"sp":[[1,1,1,0,2019,2019],[2,1,1,0,2019,2019]]}},{"type":"Feature","geometry":{"type":"Polygon","coordinates":[[[-149.63867,63.60253],[-149.64149,63.60123],[-149.64047,63.59961],[-149.63664,63.59931],[-149.63382,63.60061],[-149.63484,63.60223],[-149.63867,63.60253]]]},"properties":{"cell":"890c74526cbffff","res":9,"coarsened":false,"count":1,"hv":1,"mp":0,"y0":2025,"y1":2025,"sp":[[7,1,1,0,2025,2025]]}},{"type":"Feature","geometry":{"type":"Polygon","coordinates":[[[-149.49461,63.69837],[-149.49745,63.69706],[-149.49644,63.69544],[-149.49259,63.69513],[-149.48976,63.69644],[-149.49077,63.69805],[-149.49461,63.69837]]]},"properties":{"cell":"890c74caecbffff","res":9,"coarsened":false,"count":1,"hv":1,"mp":0,"y0":2025,"y1":2025,"sp":[[1,1,1,0,2025,2025]]}},{"type":"Feature","geometry":{"type":"Polygon","coordinates":[[[-149.57047,63.67378],[-149.5733,63.67247],[-149.57228,63.67085],[-149.56844,63.67054],[-149.56561,63.67185],[-149.56663,63.67347],[-149.57047,63.67378]]]},"properties":{"cell":"890c74c803bffff","res":9,"coarsened":false,"count":1,"hv":1,"mp":0,"y0":2025,"y1":2025,"sp":[[7,1,1,0,2025,2025]]}},{"type":"Feature","geometry":{"type":"Polygon","coordinates":[[[-149.32379,63.72898],[-149.32664,63.72768],[-149.32564,63.72606],[-149.32179,63.72575],[-149.31894,63.72705],[-149.31994,63.72867],[-149.32379,63.72898]]]},"properties":{"cell":"890c74c153bffff","res":9,"coarsened":false,"count":1,"hv":1,"mp":0,"y0":2025,"y1":2025,"sp":[[11,1,1,0,2025,2025]]}},{"type":"Feature","geometry":{"type":"Polygon","coordinates":[[[-150.36666,63.24586],[-150.3694,63.24454],[-150.36835,63.24294],[-150.36455,63.24266],[-150.36181,63.24398],[-150.36286,63.24558],[-150.36666,63.24586]]]},"properties":{"cell":"890c7684a97ffff","res":9,"coarsened":false,"count":1,"hv":1,"mp":0,"y0":1997,"y1":1997,"sp":[[1,1,1,0,1997,1997]]}},{"type":"Feature","geometry":{"type":"Polygon","coordinates":[[[-150.53951,63.13064],[-150.60412,63.11404],[-150.60826,63.08239],[-150.54795,63.06733],[-150.48344,63.08389],[-150.47914,63.11554],[-150.53951,63.13064]]]},"properties":{"cell":"860c76b9fffffff","res":6,"coarsened":true,"count":1,"hv":1,"mp":0,"y0":1997,"y1":1997,"sp":[[0,1,1,0,1997,1997]]}},{"type":"Feature","geometry":{"type":"Polygon","coordinates":[[[-149.76323,63.30025],[-149.76601,63.29894],[-149.765,63.29733],[-149.76121,63.29703],[-149.75843,63.29834],[-149.75944,63.29995],[-149.76323,63.30025]]]},"properties":{"cell":"890c744e013ffff","res":9,"coarsened":false,"count":1,"hv":1,"mp":0,"y0":1997,"y1":1997,"sp":[[10,1,1,0,1997,1997]]}},{"type":"Feature","geometry":{"type":"Polygon","coordinates":[[[-150.07793,63.50363],[-150.08072,63.50232],[-150.07968,63.5007],[-150.07585,63.50041],[-150.07306,63.50173],[-150.0741,63.50334],[-150.07793,63.50363]]]},"properties":{"cell":"890c74594a7ffff","res":9,"coarsened":false,"count":1,"hv":1,"mp":0,"y0":2007,"y1":2007,"sp":[[1,1,1,0,2007,2007]]}},{"type":"Feature","geometry":{"type":"Polygon","coordinates":[[[-149.126,63.71566],[-149.12885,63.71436],[-149.12786,63.71274],[-149.12402,63.71242],[-149.12117,63.71372],[-149.12216,63.71534],[-149.126,63.71566]]]},"properties":{"cell":"890c74c2b9bffff","res":9,"coarsened":false,"count":1,"hv":1,"mp":0,"y0":2007,"y1":2007,"sp":[[11,1,1,0,2007,2007]]}},{"type":"Feature","geometry":{"type":"Polygon","coordinates":[[[-149.5862,63.65816],[-149.58903,63.65685],[-149.58801,63.65523],[-149.58417,63.65493],[-149.58134,63.65623],[-149.58236,63.65785],[-149.5862,63.65816]]]},"properties":{"cell":"890c74c8303ffff","res":9,"coarsened":false,"count":1,"hv":1,"mp":0,"y0":2007,"y1":2007,"sp":[[1,1,1,0,2007,2007]]}},{"type":"Feature","geometry":{"type":"Polygon","coordinates":[[[-150.73427,63.43766],[-150.73702,63.43633],[-150.73593,63.43472],[-150.7321,63.43445],[-150.72935,63.43578],[-150.73043,63.43739],[-150.73427,63.43766]]]},"properties":{"cell":"890c7683663ffff","res":9,"coarsened":false,"count":1,"hv":1,"mp":0,"y0":2011,"y1":2011,"sp":[[2,1,1,0,2011,2011]]}},{"type":"Feature","geometry":{"type":"Polygon","coordinates":[[[-149.61226,63.50847],[-149.61506,63.50717],[-149.61405,63.50555],[-149.61023,63.50525],[-149.60743,63.50655],[-149.60844,63.50817],[-149.61226,63.50847]]]},"properties":{"cell":"890c7450c43ffff","res":9,"coarsened":false,"count":1,"hv":1,"mp":0,"y0":2023,"y1":2023,"sp":[[7,1,1,0,2023,2023]]}},{"type":"Feature","geometry":{"type":"Polygon","coordinates":[[[-151.01843,63.31425],[-151.08332,63.29741],[-151.08687,63.26564],[-151.0257,63.25071],[-150.96091,63.26753],[-150.95719,63.29929],[-151.01843,63.31425]]]},"properties":{"cell":"860c7689fffffff","res":6,"coarsened":true,"count":2,"hv":2,"mp":0,"y0":2012,"y1":2023,"sp":[[0,2,2,0,2012,2023]]}},{"type":"Feature","geometry":{"type":"Polygon","coordinates":[[[-150.15623,63.47289],[-150.159,63.47157],[-150.15796,63.46996],[-150.15413,63.46967],[-150.15135,63.47099],[-150.1524,63.47259],[-150.15623,63.47289]]]},"properties":{"cell":"890c745923bffff","res":9,"coarsened":false,"count":1,"hv":1,"mp":0,"y0":2025,"y1":2025,"sp":[[1,1,1,0,2025,2025]]}},{"type":"Feature","geometry":{"type":"Polygon","coordinates":[[[-150.59831,62.81887],[-150.601,62.81755],[-150.59995,62.81596],[-150.59621,62.81569],[-150.59352,62.81701],[-150.59457,62.8186],[-150.59831,62.81887]]]},"properties":{"cell":"890c7630853ffff","res":9,"coarsened":false,"count":1,"hv":1,"mp":0,"y0":2025,"y1":2025,"sp":[[1,1,1,0,2025,2025]]}},{"type":"Feature","geometry":{"type":"Polygon","coordinates":[[[-150.85955,63.22531],[-150.86227,63.22398],[-150.86118,63.22238],[-150.85737,63.22211],[-150.85465,63.22344],[-150.85574,63.22504],[-150.85955,63.22531]]]},"properties":{"cell":"890c768d3c3ffff","res":9,"coarsened":false,"count":1,"hv":1,"mp":0,"y0":2025,"y1":2025,"sp":[[11,1,1,0,2025,2025]]}},{"type":"Feature","geometry":{"type":"Polygon","coordinates":[[[-150.80086,63.20285],[-150.80358,63.20152],[-150.8025,63.19992],[-150.7987,63.19965],[-150.79598,63.20098],[-150.79706,63.20258],[-150.80086,63.20285]]]},"properties":{"cell":"890c768deafffff","res":9,"coarsened":false,"count":1,"hv":1,"mp":0,"y0":2025,"y1":2025,"sp":[[1,1,1,0,2025,2025]]}},{"type":"Feature","geometry":{"type":"Polygon","coordinates":[[[-149.60801,63.65223],[-149.61083,63.65093],[-149.60982,63.64931],[-149.60598,63.649],[-149.60315,63.65031],[-149.60417,63.65193],[-149.60801,63.65223]]]},"properties":{"cell":"890c74c9cb7ffff","res":9,"coarsened":false,"count":1,"hv":1,"mp":0,"y0":2025,"y1":2025,"sp":[[14,1,1,0,2025,2025]]}},{"type":"Feature","geometry":{"type":"Polygon","coordinates":[[[-149.6062,63.65516],[-149.60903,63.65385],[-149.60801,63.65223],[-149.60417,63.65193],[-149.60134,63.65324],[-149.60236,63.65485],[-149.6062,63.65516]]]},"properties":{"cell":"890c74c834fffff","res":9,"coarsened":false,"count":1,"hv":1,"mp":0,"y0":2025,"y1":2025,"sp":[[1,1,1,0,2025,2025]]}},{"type":"Feature","geometry":{"type":"Polygon","coordinates":[[[-149.3748,63.7347],[-149.37765,63.7334],[-149.37664,63.73178],[-149.3728,63.73146],[-149.36995,63.73277],[-149.37096,63.73439],[-149.3748,63.7347]]]},"properties":{"cell":"890c74c10d7ffff","res":9,"coarsened":false,"count":1,"hv":1,"mp":0,"y0":2025,"y1":2025,"sp":[[3,1,1,0,2025,2025]]}},{"type":"Feature","geometry":{"type":"Polygon","coordinates":[[[-149.21927,63.73111],[-149.22212,63.72981],[-149.22113,63.72819],[-149.21729,63.72787],[-149.21444,63.72917],[-149.21543,63.73079],[-149.21927,63.73111]]]},"properties":{"cell":"890c74c054fffff","res":9,"coarsened":false,"count":1,"hv":1,"mp":0,"y0":2025,"y1":2025,"sp":[[11,1,1,0,2025,2025]]}},{"type":"Feature","geometry":{"type":"Polygon","coordinates":[[[-148.95295,63.74873],[-148.95581,63.74744],[-148.95484,63.74582],[-148.951,63.74549],[-148.94814,63.74679],[-148.94911,63.74841],[-148.95295,63.74873]]]},"properties":{"cell":"890c74d5cb7ffff","res":9,"coarsened":false,"count":1,"hv":1,"mp":0,"y0":2024,"y1":2024,"sp":[[2,1,1,0,2024,2024]]}},{"type":"Feature","geometry":{"type":"Polygon","coordinates":[[[-149.19882,63.71558],[-149.20167,63.71429],[-149.20068,63.71267],[-149.19684,63.71235],[-149.19399,63.71365],[-149.19498,63.71527],[-149.19882,63.71558]]]},"properties":{"cell":"890c74c01bbffff","res":9,"coarsened":false,"count":1,"hv":1,"mp":0,"y0":2025,"y1":2025,"sp":[[2,1,1,0,2025,2025]]}},{"type":"Feature","geometry":{"type":"Polygon","coordinates":[[[-150.23696,62.84818],[-150.23967,62.84687],[-150.23864,62.84528],[-150.23491,62.84499],[-150.2322,62.84631],[-150.23323,62.8479],[-150.23696,62.84818]]]},"properties":{"cell":"890c76ac977ffff","res":9,"coarsened":false,"count":1,"hv":1,"mp":0,"y0":2023,"y1":2023,"sp":[[1,1,1,0,2023,2023]]}},{"type":"Feature","geometry":{"type":"Polygon","coordinates":[[[-150.82,63.38116],[-150.82274,63.37983],[-150.82165,63.37822],[-150.81782,63.37795],[-150.81508,63.37928],[-150.81617,63.38089],[-150.82,63.38116]]]},"properties":{"cell":"890c76812cbffff","res":9,"coarsened":false,"count":7,"hv":7,"mp":0,"y0":1989,"y1":2014,"sp":[[1,2,2,0,1989,2014],[7,2,2,0,1989,1989],[4,1,1,0,1989,1989],[8,1,1,0,1989,1989],[5,1,1,0,2014,2014]]}},{"type":"Feature","geometry":{"type":"Polygon","coordinates":[[[-150.29226,63.42506],[-150.29503,63.42373],[-150.29397,63.42213],[-150.29015,63.42184],[-150.28738,63.42316],[-150.28844,63.42477],[-150.29226,63.42506]]]},"properties":{"cell":"890c7694153ffff","res":9,"coarsened":false,"count":1,"hv":1,"mp":0,"y0":2015,"y1":2015,"sp":[[5,1,1,0,2015,2015]]}},{"type":"Feature","geometry":{"type":"Polygon","coordinates":[[[-150.83148,63.39267],[-150.83422,63.39133],[-150.83312,63.38973],[-150.82929,63.38946],[-150.82655,63.39079],[-150.82764,63.39239],[-150.83148,63.39267]]]},"properties":{"cell":"890c768a58fffff","res":9,"coarsened":false,"count":1,"hv":1,"mp":0,"y0":2025,"y1":2025,"sp":[[1,1,1,0,2025,2025]]}},{"type":"Feature","geometry":{"type":"Polygon","coordinates":[[[-151.04919,63.25845],[-151.05191,63.25711],[-151.0508,63.25551],[-151.04699,63.25525],[-151.04427,63.25658],[-151.04537,63.25818],[-151.04919,63.25845]]]},"properties":{"cell":"890c7689b7bffff","res":9,"coarsened":false,"count":1,"hv":1,"mp":0,"y0":2012,"y1":2012,"sp":[[1,1,1,0,2012,2012]]}},{"type":"Feature","geometry":{"type":"Polygon","coordinates":[[[-151.04757,63.26138],[-151.05029,63.26005],[-151.04919,63.25845],[-151.04537,63.25818],[-151.04265,63.25952],[-151.04375,63.26112],[-151.04757,63.26138]]]},"properties":{"cell":"890c7689b47ffff","res":9,"coarsened":false,"count":1,"hv":1,"mp":0,"y0":2012,"y1":2012,"sp":[[7,1,1,0,2012,2012]]}},{"type":"Feature","geometry":{"type":"Polygon","coordinates":[[[-150.2705,63.44177],[-150.27327,63.44045],[-150.27221,63.43884],[-150.26839,63.43855],[-150.26561,63.43987],[-150.26667,63.44148],[-150.2705,63.44177]]]},"properties":{"cell":"890c769450bffff","res":9,"coarsened":false,"count":1,"hv":1,"mp":0,"y0":2004,"y1":2004,"sp":[[1,1,1,0,2004,2004]]}},{"type":"Feature","geometry":{"type":"Polygon","coordinates":[[[-149.25129,63.7476],[-149.25414,63.74629],[-149.25315,63.74467],[-149.2493,63.74436],[-149.24645,63.74566],[-149.24745,63.74728],[-149.25129,63.7476]]]},"properties":{"cell":"890c74c0443ffff","res":9,"coarsened":false,"count":1,"hv":1,"mp":0,"y0":2025,"y1":2025,"sp":[[7,1,1,0,2025,2025]]}},{"type":"Feature","geometry":{"type":"Polygon","coordinates":[[[-149.27252,63.75242],[-149.27537,63.75112],[-149.27438,63.7495],[-149.27053,63.74918],[-149.26768,63.75049],[-149.26867,63.75211],[-149.27252,63.75242]]]},"properties":{"cell":"890c74c3167ffff","res":9,"coarsened":false,"count":1,"hv":1,"mp":0,"y0":2025,"y1":2025,"sp":[[7,1,1,0,2025,2025]]}},{"type":"Feature","geometry":{"type":"Polygon","coordinates":[[[-149.36694,63.72791],[-149.36979,63.72661],[-149.36878,63.72499],[-149.36494,63.72467],[-149.36209,63.72598],[-149.3631,63.7276],[-149.36694,63.72791]]]},"properties":{"cell":"890c74c1017ffff","res":9,"coarsened":false,"count":1,"hv":1,"mp":0,"y0":2025,"y1":2025,"sp":[[1,1,1,0,2025,2025]]}},{"type":"Feature","geometry":{"type":"Polygon","coordinates":[[[-149.60113,63.59493],[-149.60394,63.59362],[-149.60293,63.59201],[-149.5991,63.5917],[-149.59628,63.59301],[-149.59729,63.59462],[-149.60113,63.59493]]]},"properties":{"cell":"890c74526a7ffff","res":9,"coarsened":false,"count":2,"hv":2,"mp":0,"y0":2025,"y1":2026,"sp":[[7,1,1,0,2025,2025],[1,1,1,0,2026,2026]]}},{"type":"Feature","geometry":{"type":"Polygon","coordinates":[[[-148.85676,63.69134],[-148.85963,63.69005],[-148.85866,63.68843],[-148.85483,63.6881],[-148.85197,63.68939],[-148.85294,63.69101],[-148.85676,63.69134]]]},"properties":{"cell":"890c7489647ffff","res":9,"coarsened":false,"count":1,"hv":1,"mp":0,"y0":2025,"y1":2025,"sp":[[2,1,1,0,2025,2025]]}},{"type":"Feature","geometry":{"type":"Polygon","coordinates":[[[-148.83282,63.6816],[-148.83568,63.68031],[-148.83472,63.67869],[-148.83089,63.67837],[-148.82803,63.67966],[-148.82899,63.68128],[-148.83282,63.6816]]]},"properties":{"cell":"890c748905bffff","res":9,"coarsened":false,"count":1,"hv":1,"mp":0,"y0":2026,"y1":2026,"sp":[[11,1,1,0,2026,2026]]}},{"type":"Feature","geometry":{"type":"Polygon","coordinates":[[[-149.09146,63.71277],[-149.09431,63.71147],[-149.09333,63.70985],[-149.08949,63.70953],[-149.08664,63.71083],[-149.08762,63.71245],[-149.09146,63.71277]]]},"properties":{"cell":"890c74c290bffff","res":9,"coarsened":false,"count":2,"hv":2,"mp":0,"y0":2026,"y1":2026,"sp":[[1,2,2,0,2026,2026]]}},{"type":"Feature","geometry":{"type":"Polygon","coordinates":[[[-149.1442,63.71565],[-149.14705,63.71435],[-149.14607,63.71273],[-149.14223,63.71241],[-149.13938,63.71371],[-149.14036,63.71532],[-149.1442,63.71565]]]},"properties":{"cell":"890c74c2bdbffff","res":9,"coarsened":false,"count":1,"hv":1,"mp":0,"y0":2026,"y1":2026,"sp":[[1,1,1,0,2026,2026]]}},{"type":"Feature","geometry":{"type":"Polygon","coordinates":[[[-149.05319,63.7157],[-149.05604,63.7144],[-149.05506,63.71278],[-149.05123,63.71246],[-149.04837,63.71376],[-149.04935,63.71538],[-149.05319,63.7157]]]},"properties":{"cell":"890c74d5a7bffff","res":9,"coarsened":false,"count":1,"hv":1,"mp":0,"y0":2026,"y1":2026,"sp":[[1,1,1,0,2026,2026]]}},{"type":"Feature","geometry":{"type":"Polygon","coordinates":[[[-148.85297,63.69716],[-148.85583,63.69587],[-148.85487,63.69425],[-148.85104,63.69392],[-148.84818,63.69522],[-148.84914,63.69684],[-148.85297,63.69716]]]},"properties":{"cell":"890c74896cfffff","res":9,"coarsened":false,"count":1,"hv":1,"mp":0,"y0":2026,"y1":2026,"sp":[[16,1,1,0,2026,2026]]}},{"type":"Feature","geometry":{"type":"Polygon","coordinates":[[[-150.93826,63.37273],[-150.941,63.3714],[-150.9399,63.3698],[-150.93607,63.36953],[-150.93333,63.37086],[-150.93443,63.37246],[-150.93826,63.37273]]]},"properties":{"cell":"890c768a20bffff","res":9,"coarsened":false,"count":1,"hv":1,"mp":0,"y0":2026,"y1":2026,"sp":[[14,1,1,0,2026,2026]]}},{"type":"Feature","geometry":{"type":"Polygon","coordinates":[[[-150.88242,63.34437],[-150.88515,63.34304],[-150.88406,63.34143],[-150.88023,63.34116],[-150.87749,63.34249],[-150.87859,63.3441],[-150.88242,63.34437]]]},"properties":{"cell":"890c768ae4fffff","res":9,"coarsened":false,"count":1,"hv":1,"mp":0,"y0":2026,"y1":2026,"sp":[[11,1,1,0,2026,2026]]}},{"type":"Feature","geometry":{"type":"Polygon","coordinates":[[[-150.98409,63.33321],[-150.98682,63.33188],[-150.98572,63.33028],[-150.98189,63.33001],[-150.97916,63.33134],[-150.98026,63.33295],[-150.98409,63.33321]]]},"properties":{"cell":"890c7688297ffff","res":9,"coarsened":false,"count":1,"hv":1,"mp":0,"y0":2026,"y1":2026,"sp":[[11,1,1,0,2026,2026]]}},{"type":"Feature","geometry":{"type":"Polygon","coordinates":[[[-150.92178,63.33799],[-150.92451,63.33666],[-150.92341,63.33506],[-150.91958,63.33479],[-150.91685,63.33612],[-150.91795,63.33772],[-150.92178,63.33799]]]},"properties":{"cell":"890c7688547ffff","res":9,"coarsened":false,"count":1,"hv":1,"mp":0,"y0":2026,"y1":2026,"sp":[[31,1,1,0,2026,2026]]}},{"type":"Feature","geometry":{"type":"Polygon","coordinates":[[[-149.23896,63.70969],[-149.2418,63.70839],[-149.24081,63.70678],[-149.23697,63.70646],[-149.23412,63.70776],[-149.23512,63.70938],[-149.23896,63.70969]]]},"properties":{"cell":"890c74c03b3ffff","res":9,"coarsened":false,"count":1,"hv":1,"mp":0,"y0":2026,"y1":2026,"sp":[[2,1,1,0,2026,2026]]}},{"type":"Feature","geometry":{"type":"Polygon","coordinates":[[[-148.89715,63.72246],[-148.90002,63.72117],[-148.89905,63.71955],[-148.89521,63.71922],[-148.89235,63.72051],[-148.89332,63.72213],[-148.89715,63.72246]]]},"properties":{"cell":"890c74d4abbffff","res":9,"coarsened":false,"count":2,"hv":2,"mp":0,"y0":2026,"y1":2026,"sp":[[2,2,2,0,2026,2026]]}},{"type":"Feature","geometry":{"type":"Polygon","coordinates":[[[-150.87266,63.01013],[-150.87535,63.0088],[-150.87428,63.00721],[-150.8705,63.00694],[-150.8678,63.00827],[-150.86888,63.00986],[-150.87266,63.01013]]]},"properties":{"cell":"890c76075bbffff","res":9,"coarsened":false,"count":1,"hv":1,"mp":0,"y0":2026,"y1":2026,"sp":[[1,1,1,0,2026,2026]]}},{"type":"Feature","geometry":{"type":"Polygon","coordinates":[[[-148.85966,63.6962],[-148.86252,63.69491],[-148.86156,63.69329],[-148.85773,63.69296],[-148.85487,63.69425],[-148.85583,63.69587],[-148.85966,63.6962]]]},"properties":{"cell":"890c7489653ffff","res":9,"coarsened":false,"count":1,"hv":1,"mp":0,"y0":2026,"y1":2026,"sp":[[2,1,1,0,2026,2026]]}},{"type":"Feature","geometry":{"type":"Polygon","coordinates":[[[-150.90697,63.30033],[-150.9097,63.299],[-150.90861,63.29739],[-150.90478,63.29712],[-150.90206,63.29846],[-150.90315,63.30006],[-150.90697,63.30033]]]},"properties":{"cell":"890c7688eb7ffff","res":9,"coarsened":false,"count":1,"hv":1,"mp":0,"y0":2026,"y1":2026,"sp":[[11,1,1,0,2026,2026]]}},{"type":"Feature","geometry":{"type":"Polygon","coordinates":[[[-150.86602,63.32032],[-150.86876,63.31899],[-150.86766,63.31738],[-150.86384,63.31711],[-150.86111,63.31844],[-150.8622,63.32005],[-150.86602,63.32032]]]},"properties":{"cell":"890c768aa23ffff","res":9,"coarsened":false,"count":1,"hv":1,"mp":0,"y0":2026,"y1":2026,"sp":[[4,1,1,0,2026,2026]]}},{"type":"Feature","geometry":{"type":"Polygon","coordinates":[[[-150.85949,63.30002],[-150.86222,63.29869],[-150.86113,63.29709],[-150.85731,63.29682],[-150.85458,63.29815],[-150.85567,63.29975],[-150.85949,63.30002]]]},"properties":{"cell":"890c7688dc3ffff","res":9,"coarsened":false,"count":1,"hv":1,"mp":0,"y0":2026,"y1":2026,"sp":[[1,1,1,0,2026,2026]]}},{"type":"Feature","geometry":{"type":"Polygon","coordinates":[[[-150.87586,63.30271],[-150.87859,63.30137],[-150.8775,63.29977],[-150.87368,63.2995],[-150.87095,63.30083],[-150.87204,63.30244],[-150.87586,63.30271]]]},"properties":{"cell":"890c7688c33ffff","res":9,"coarsened":false,"count":1,"hv":1,"mp":0,"y0":2026,"y1":2026,"sp":[[2,1,1,0,2026,2026]]}},{"type":"Feature","geometry":{"type":"Polygon","coordinates":[[[-150.87422,63.30564],[-150.87695,63.30431],[-150.87586,63.30271],[-150.87204,63.30244],[-150.86931,63.30377],[-150.8704,63.30537],[-150.87422,63.30564]]]},"properties":{"cell":"890c7688cabffff","res":9,"coarsened":false,"count":1,"hv":1,"mp":0,"y0":2026,"y1":2026,"sp":[[1,1,1,0,2026,2026]]}},{"type":"Feature","geometry":{"type":"Polygon","coordinates":[[[-150.89225,63.32675],[-150.89498,63.32542],[-150.89389,63.32382],[-150.89006,63.32355],[-150.88733,63.32488],[-150.88842,63.32648],[-150.89225,63.32675]]]},"properties":{"cell":"890c768aa43ffff","res":9,"coarsened":false,"count":1,"hv":1,"mp":0,"y0":2026,"y1":2026,"sp":[[26,1,1,0,2026,2026]]}},{"type":"Feature","geometry":{"type":"Polygon","coordinates":[[[-149.55536,63.70787],[-149.5582,63.70657],[-149.55718,63.70495],[-149.55333,63.70464],[-149.5505,63.70595],[-149.55151,63.70756],[-149.55536,63.70787]]]},"properties":{"cell":"890c74c849bffff","res":9,"coarsened":false,"count":1,"hv":1,"mp":0,"y0":2026,"y1":2026,"sp":[[1,1,1,0,2026,2026]]}},{"type":"Feature","geometry":{"type":"Polygon","coordinates":[[[-150.88406,63.35212],[-150.88679,63.35078],[-150.8857,63.34918],[-150.88187,63.34891],[-150.87913,63.35024],[-150.88023,63.35185],[-150.88406,63.35212]]]},"properties":{"cell":"890c768a327ffff","res":9,"coarsened":false,"count":1,"hv":1,"mp":0,"y0":2026,"y1":2026,"sp":[[7,1,1,0,2026,2026]]}},{"type":"Feature","geometry":{"type":"Polygon","coordinates":[[[-150.90862,63.30807],[-150.91135,63.30674],[-150.91025,63.30514],[-150.90643,63.30487],[-150.9037,63.3062],[-150.9048,63.3078],[-150.90862,63.30807]]]},"properties":{"cell":"890c7688c5bffff","res":9,"coarsened":false,"count":1,"hv":1,"mp":0,"y0":2026,"y1":2026,"sp":[[4,1,1,0,2026,2026]]}},{"type":"Feature","geometry":{"type":"Polygon","coordinates":[[[-150.89884,63.36843],[-150.90158,63.36709],[-150.90048,63.36549],[-150.89665,63.36522],[-150.89391,63.36655],[-150.89501,63.36816],[-150.89884,63.36843]]]},"properties":{"cell":"890c768a3d7ffff","res":9,"coarsened":false,"count":1,"hv":1,"mp":0,"y0":2026,"y1":2026,"sp":[[2,1,1,0,2026,2026]]}},{"type":"Feature","geometry":{"type":"Polygon","coordinates":[[[-150.88077,63.26188],[-150.88349,63.26054],[-150.8824,63.25894],[-150.87859,63.25867],[-150.87586,63.26],[-150.87695,63.26161],[-150.88077,63.26188]]]},"properties":{"cell":"890c768d6d3ffff","res":9,"coarsened":false,"count":1,"hv":1,"mp":0,"y0":2026,"y1":2026,"sp":[[1,1,1,0,2026,2026]]}},{"type":"Feature","geometry":{"type":"Polygon","coordinates":[[[-150.42902,63.31305],[-150.43177,63.31173],[-150.43071,63.31013],[-150.4269,63.30984],[-150.42415,63.31117],[-150.42521,63.31277],[-150.42902,63.31305]]]},"properties":{"cell":"890c76846d7ffff","res":9,"coarsened":false,"count":1,"hv":1,"mp":0,"y0":2026,"y1":2026,"sp":[[102,1,1,0,2026,2026]]}},{"type":"Feature","geometry":{"type":"Polygon","coordinates":[[[-150.63717,63.43982],[-150.63993,63.43849],[-150.63885,63.43688],[-150.63501,63.43661],[-150.63225,63.43793],[-150.63334,63.43954],[-150.63717,63.43982]]]},"properties":{"cell":"890c7683517ffff","res":9,"coarsened":false,"count":1,"hv":1,"mp":0,"y0":2026,"y1":2026,"sp":[[43,1,1,0,2026,2026]]}},{"type":"Feature","geometry":{"type":"Polygon","coordinates":[[[-148.83273,63.66316],[-148.83559,63.66187],[-148.83463,63.66025],[-148.83081,63.65992],[-148.82795,63.66121],[-148.82891,63.66283],[-148.83273,63.66316]]]},"properties":{"cell":"890c74893cfffff","res":9,"coarsened":false,"count":1,"hv":1,"mp":0,"y0":2025,"y1":2025,"sp":[[36,1,1,0,2025,2025]]}},{"type":"Feature","geometry":{"type":"Polygon","coordinates":[[[-149.07246,63.72347],[-149.07531,63.72217],[-149.07433,63.72055],[-149.07049,63.72023],[-149.06764,63.72153],[-149.06862,63.72315],[-149.07246,63.72347]]]},"properties":{"cell":"890c74c2993ffff","res":9,"coarsened":false,"count":1,"hv":1,"mp":0,"y0":2025,"y1":2025,"sp":[[2,1,1,0,2025,2025]]}},{"type":"Feature","geometry":{"type":"Polygon","coordinates":[[[-149.08636,63.69237],[-149.08921,63.69107],[-149.08823,63.68945],[-149.0844,63.68913],[-149.08155,63.69043],[-149.08253,63.69204],[-149.08636,63.69237]]]},"properties":{"cell":"890c74c76abffff","res":9,"coarsened":false,"count":1,"hv":1,"mp":0,"y0":2025,"y1":2025,"sp":[[2,1,1,0,2025,2025]]}},{"type":"Feature","geometry":{"type":"Polygon","coordinates":[[[-149.22876,63.54464],[-149.23159,63.54334],[-149.2306,63.54172],[-149.22679,63.54141],[-149.22396,63.5427],[-149.22495,63.54432],[-149.22876,63.54464]]]},"properties":{"cell":"890c74ccd17ffff","res":9,"coarsened":false,"count":1,"hv":1,"mp":0,"y0":2026,"y1":2026,"sp":[[11,1,1,0,2026,2026]]}},{"type":"Feature","geometry":{"type":"Polygon","coordinates":[[[-148.8757,63.66223],[-148.87856,63.66094],[-148.87759,63.65932],[-148.87377,63.65899],[-148.87091,63.66029],[-148.87188,63.6619],[-148.8757,63.66223]]]},"properties":{"cell":"890c74c6cd3ffff","res":9,"coarsened":false,"count":1,"hv":1,"mp":0,"y0":2025,"y1":2025,"sp":[[26,1,1,0,2025,2025]]}},{"type":"Feature","geometry":{"type":"Polygon","coordinates":[[[-150.92212,63.53054],[-150.92487,63.5292],[-150.92377,63.52759],[-150.91991,63.52732],[-150.91716,63.52866],[-150.91826,63.53027],[-150.92212,63.53054]]]},"properties":{"cell":"890c769b083ffff","res":9,"coarsened":false,"count":1,"hv":1,"mp":0,"y0":2026,"y1":2026,"sp":[[57,1,1,0,2026,2026]]}},{"type":"Feature","geometry":{"type":"Polygon","coordinates":[[[-150.35343,63.33033],[-150.35618,63.32901],[-150.35513,63.3274],[-150.35132,63.32712],[-150.34856,63.32844],[-150.34962,63.33005],[-150.35343,63.33033]]]},"properties":{"cell":"890c76862afffff","res":9,"coarsened":false,"count":1,"hv":1,"mp":0,"y0":2022,"y1":2022,"sp":[[4,1,1,0,2022,2022]]}},{"type":"Feature","geometry":{"type":"Polygon","coordinates":[[[-150.80385,63.29301],[-150.80658,63.29168],[-150.80549,63.29008],[-150.80168,63.28981],[-150.79894,63.29114],[-150.80003,63.29274],[-150.80385,63.29301]]]},"properties":{"cell":"890c768f62bffff","res":9,"coarsened":false,"count":1,"hv":1,"mp":0,"y0":2022,"y1":2022,"sp":[[1,1,1,0,2022,2022]]}},{"type":"Feature","geometry":{"type":"Polygon","coordinates":[[[-151.04492,63.35272],[-151.04765,63.35138],[-151.04654,63.34978],[-151.04271,63.34951],[-151.03998,63.35085],[-151.04109,63.35245],[-151.04492,63.35272]]]},"properties":{"cell":"890c76894b7ffff","res":9,"coarsened":false,"count":1,"hv":1,"mp":0,"y0":2024,"y1":2024,"sp":[[1,1,1,0,2024,2024]]}},{"type":"Feature","geometry":{"type":"Polygon","coordinates":[[[-149.42058,63.52669],[-149.42339,63.52538],[-149.4224,63.52377],[-149.41858,63.52346],[-149.41576,63.52476],[-149.41676,63.52638],[-149.42058,63.52669]]]},"properties":{"cell":"890c74cd86fffff","res":9,"coarsened":false,"count":1,"hv":1,"mp":0,"y0":2024,"y1":2024,"sp":[[7,1,1,0,2024,2024]]}},{"type":"Feature","geometry":{"type":"Polygon","coordinates":[[[-149.3446,63.53273],[-149.34742,63.53143],[-149.34643,63.52982],[-149.34261,63.5295],[-149.33979,63.53081],[-149.34078,63.53242],[-149.3446,63.53273]]]},"properties":{"cell":"890c74cca53ffff","res":9,"coarsened":false,"count":1,"hv":1,"mp":0,"y0":2024,"y1":2024,"sp":[[11,1,1,0,2024,2024]]}},{"type":"Feature","geometry":{"type":"Polygon","coordinates":[[[-149.99206,63.55674],[-149.99485,63.55542],[-149.99381,63.55381],[-149.98998,63.55352],[-149.98718,63.55483],[-149.98822,63.55644],[-149.99206,63.55674]]]},"properties":{"cell":"890c2925b73ffff","res":9,"coarsened":false,"count":2,"hv":2,"mp":0,"y0":1982,"y1":1982,"sp":[[1,1,1,0,1982,1982],[8,1,1,0,1982,1982]]}},{"type":"Feature","geometry":{"type":"Polygon","coordinates":[[[-148.93835,63.72443],[-148.94121,63.72314],[-148.94024,63.72152],[-148.9364,63.72119],[-148.93354,63.72249],[-148.93451,63.72411],[-148.93835,63.72443]]]},"properties":{"cell":"890c74d5d2fffff","res":9,"coarsened":false,"count":1,"hv":1,"mp":0,"y0":2026,"y1":2026,"sp":[[2,1,1,0,2026,2026]]}},{"type":"Feature","geometry":{"type":"Polygon","coordinates":[[[-150.41495,63.19305],[-150.41769,63.19173],[-150.41663,63.19012],[-150.41284,63.18984],[-150.4101,63.19116],[-150.41116,63.19277],[-150.41495,63.19305]]]},"properties":{"cell":"890c76ba073ffff","res":9,"coarsened":false,"count":1,"hv":1,"mp":0,"y0":2008,"y1":2008,"sp":[[4,1,1,0,2008,2008]]}},{"type":"Feature","geometry":{"type":"Polygon","coordinates":[[[-150.5429,63.23907],[-150.54564,63.23774],[-150.54457,63.23614],[-150.54077,63.23586],[-150.53803,63.23719],[-150.5391,63.23879],[-150.5429,63.23907]]]},"properties":{"cell":"890c768e993ffff","res":9,"coarsened":false,"count":1,"hv":1,"mp":0,"y0":2008,"y1":2008,"sp":[[1,1,1,0,2008,2008]]}},{"type":"Feature","geometry":{"type":"Polygon","coordinates":[[[-149.60902,63.6017],[-149.61184,63.60039],[-149.61082,63.59877],[-149.60699,63.59847],[-149.60417,63.59977],[-149.60518,63.60139],[-149.60902,63.6017]]]},"properties":{"cell":"890c7452687ffff","res":9,"coarsened":false,"count":1,"hv":1,"mp":0,"y0":2026,"y1":2026,"sp":[[7,1,1,0,2026,2026]]}},{"type":"Feature","geometry":{"type":"Polygon","coordinates":[[[-149.55355,63.7108],[-149.55638,63.70949],[-149.55536,63.70787],[-149.55151,63.70756],[-149.54868,63.70887],[-149.5497,63.71049],[-149.55355,63.7108]]]},"properties":{"cell":"890c74ca267ffff","res":9,"coarsened":false,"count":1,"hv":1,"mp":0,"y0":2026,"y1":2026,"sp":[[12,1,1,0,2026,2026]]}},{"type":"Feature","geometry":{"type":"Polygon","coordinates":[[[-149.56251,63.63784],[-149.56533,63.63654],[-149.56432,63.63492],[-149.56048,63.63461],[-149.55765,63.63592],[-149.55867,63.63753],[-149.56251,63.63784]]]},"properties":{"cell":"890c74c8e63ffff","res":9,"coarsened":false,"count":1,"hv":1,"mp":0,"y0":2026,"y1":2026,"sp":[[104,1,1,0,2026,2026]]}},{"type":"Feature","geometry":{"type":"Polygon","coordinates":[[[-149.78993,63.5425],[-149.79273,63.54119],[-149.79171,63.53958],[-149.78788,63.53927],[-149.78508,63.54059],[-149.7861,63.5422],[-149.78993,63.5425]]]},"properties":{"cell":"890c74510d7ffff","res":9,"coarsened":false,"count":2,"hv":2,"mp":0,"y0":2026,"y1":2026,"sp":[[12,1,1,0,2026,2026],[104,1,1,0,2026,2026]]}},{"type":"Feature","geometry":{"type":"Polygon","coordinates":[[[-149.79171,63.53958],[-149.79451,63.53826],[-149.79349,63.53665],[-149.78966,63.53635],[-149.78685,63.53766],[-149.78788,63.53927],[-149.79171,63.53958]]]},"properties":{"cell":"890c74510c7ffff","res":9,"coarsened":false,"count":1,"hv":1,"mp":0,"y0":2026,"y1":2026,"sp":[[76,1,1,0,2026,2026]]}},{"type":"Feature","geometry":{"type":"Polygon","coordinates":[[[-149.76874,63.53776],[-149.77154,63.53645],[-149.77052,63.53484],[-149.76669,63.53454],[-149.76389,63.53585],[-149.76491,63.53746],[-149.76874,63.53776]]]},"properties":{"cell":"890c74510b3ffff","res":9,"coarsened":false,"count":2,"hv":2,"mp":0,"y0":2026,"y1":2026,"sp":[[4,1,1,0,2026,2026],[1,1,1,0,2026,2026]]}},{"type":"Feature","geometry":{"type":"Polygon","coordinates":[[[-148.74871,63.66207],[-148.81548,63.64632],[-148.82203,63.61463],[-148.76197,63.59871],[-148.69532,63.61443],[-148.68861,63.6461],[-148.74871,63.66207]]]},"properties":{"cell":"860c7489fffffff","res":6,"coarsened":true,"count":1,"hv":1,"mp":0,"y0":2026,"y1":2026,"sp":[[0,1,1,0,2026,2026]]}},{"type":"Feature","geometry":{"type":"Polygon","coordinates":[[[-148.92787,63.73123],[-148.93073,63.72993],[-148.92976,63.72831],[-148.92593,63.72799],[-148.92306,63.72928],[-148.92404,63.7309],[-148.92787,63.73123]]]},"properties":{"cell":"890c74d5dafffff","res":9,"coarsened":false,"count":1,"hv":1,"mp":0,"y0":2026,"y1":2026,"sp":[[13,1,1,0,2026,2026]]}},{"type":"Feature","geometry":{"type":"Polygon","coordinates":[[[-150.83796,63.44507],[-150.84071,63.44374],[-150.83961,63.44213],[-150.83577,63.44186],[-150.83302,63.44319],[-150.83412,63.4448],[-150.83796,63.44507]]]},"properties":{"cell":"890c7698ebbffff","res":9,"coarsened":false,"count":1,"hv":1,"mp":0,"y0":2026,"y1":2026,"sp":[[1,1,1,0,2026,2026]]}},{"type":"Feature","geometry":{"type":"Polygon","coordinates":[[[-149.31756,63.74845],[-149.32041,63.74714],[-149.3194,63.74553],[-149.31556,63.74521],[-149.31271,63.74651],[-149.31371,63.74813],[-149.31756,63.74845]]]},"properties":{"cell":"890c74c3377ffff","res":9,"coarsened":false,"count":1,"hv":1,"mp":0,"y0":2026,"y1":2026,"sp":[[7,1,1,0,2026,2026]]}},{"type":"Feature","geometry":{"type":"Polygon","coordinates":[[[-149.29976,63.76697],[-149.30261,63.76566],[-149.30161,63.76404],[-149.29776,63.76373],[-149.29491,63.76503],[-149.29591,63.76665],[-149.29976,63.76697]]]},"properties":{"cell":"890c74c302bffff","res":9,"coarsened":false,"count":1,"hv":1,"mp":0,"y0":2026,"y1":2026,"sp":[[7,1,1,0,2026,2026]]}},{"type":"Feature","geometry":{"type":"Polygon","coordinates":[[[-149.72689,63.51761],[-149.79287,63.50138],[-149.79812,63.46965],[-149.73756,63.45415],[-149.67169,63.47035],[-149.66627,63.50207],[-149.72689,63.51761]]]},"properties":{"cell":"860c7451fffffff","res":6,"coarsened":true,"count":1,"hv":1,"mp":0,"y0":2026,"y1":2026,"sp":[[0,1,1,0,2026,2026]]}},{"type":"Feature","geometry":{"type":"Polygon","coordinates":[[[-150.77774,63.27589],[-150.78047,63.27456],[-150.77938,63.27296],[-150.77557,63.27269],[-150.77284,63.27402],[-150.77392,63.27562],[-150.77774,63.27589]]]},"properties":{"cell":"890c768f39bffff","res":9,"coarsened":false,"count":7,"hv":7,"mp":0,"y0":2025,"y1":2025,"sp":[[4,1,1,0,2025,2025],[1,1,1,0,2025,2025],[7,1,1,0,2025,2025],[10,1,1,0,2025,2025],[11,1,1,0,2025,2025],[36,1,1,0,2025,2025],[2,1,1,0,2025,2025]]}},{"type":"Feature","geometry":{"type":"Polygon","coordinates":[[[-149.58505,63.67955],[-149.58788,63.67825],[-149.58686,63.67663],[-149.58302,63.67632],[-149.58019,63.67763],[-149.58121,63.67924],[-149.58505,63.67955]]]},"properties":{"cell":"890c74c8057ffff","res":9,"coarsened":false,"count":1,"hv":1,"mp":0,"y0":2024,"y1":2024,"sp":[[26,1,1,0,2024,2024]]}},{"type":"Feature","geometry":{"type":"Polygon","coordinates":[[[-150.14962,63.47391],[-150.1524,63.47259],[-150.15135,63.47099],[-150.14752,63.47069],[-150.14474,63.47201],[-150.14579,63.47362],[-150.14962,63.47391]]]},"properties":{"cell":"890c7459233ffff","res":9,"coarsened":false,"count":1,"hv":1,"mp":0,"y0":1985,"y1":1985,"sp":[[1,1,1,0,1985,1985]]}},{"type":"Feature","geometry":{"type":"Polygon","coordinates":[[[-150.22573,63.45674],[-150.22851,63.45542],[-150.22746,63.45381],[-150.22363,63.45352],[-150.22086,63.45484],[-150.22191,63.45645],[-150.22573,63.45674]]]},"properties":{"cell":"890c7696ec3ffff","res":9,"coarsened":false,"count":1,"hv":1,"mp":0,"y0":2019,"y1":2019,"sp":[[1,1,1,0,2019,2019]]}},{"type":"Feature","geometry":{"type":"Polygon","coordinates":[[[-150.93365,63.50994],[-150.9364,63.5086],[-150.93529,63.50699],[-150.93144,63.50672],[-150.92869,63.50806],[-150.92979,63.50966],[-150.93365,63.50994]]]},"properties":{"cell":"890c769b383ffff","res":9,"coarsened":false,"count":1,"hv":1,"mp":0,"y0":2026,"y1":2026,"sp":[[32,1,1,0,2026,2026]]}},{"type":"Feature","geometry":{"type":"Polygon","coordinates":[[[-148.92393,63.71859],[-148.92679,63.7173],[-148.92582,63.71568],[-148.92199,63.71535],[-148.91913,63.71665],[-148.9201,63.71827],[-148.92393,63.71859]]]},"properties":{"cell":"890c74d4a47ffff","res":9,"coarsened":false,"count":1,"hv":1,"mp":0,"y0":2026,"y1":2026,"sp":[[28,1,1,0,2026,2026]]}},{"type":"Feature","geometry":{"type":"Polygon","coordinates":[[[-148.82416,63.66703],[-148.82701,63.66574],[-148.82605,63.66412],[-148.82223,63.66379],[-148.81937,63.66509],[-148.82033,63.6667],[-148.82416,63.66703]]]},"properties":{"cell":"890c74893d7ffff","res":9,"coarsened":false,"count":1,"hv":1,"mp":0,"y0":2026,"y1":2026,"sp":[[26,1,1,0,2026,2026]]}},{"type":"Feature","geometry":{"type":"Polygon","coordinates":[[[-149.28292,63.7456],[-149.28577,63.74429],[-149.28478,63.74267],[-149.28093,63.74236],[-149.27808,63.74366],[-149.27908,63.74528],[-149.28292,63.7456]]]},"properties":{"cell":"890c74c06c7ffff","res":9,"coarsened":false,"count":1,"hv":1,"mp":0,"y0":2026,"y1":2026,"sp":[[11,1,1,0,2026,2026]]}},{"type":"Feature","geometry":{"type":"Polygon","coordinates":[[[-150.23881,63.77189],[-150.24162,63.77057],[-150.24055,63.76895],[-150.23668,63.76866],[-150.23387,63.76998],[-150.23493,63.7716],[-150.23881,63.77189]]]},"properties":{"cell":"890c292329bffff","res":9,"coarsened":false,"count":1,"hv":1,"mp":0,"y0":2026,"y1":2026,"sp":[[8,1,1,0,2026,2026]]}},{"type":"Feature","geometry":{"type":"Polygon","coordinates":[[[-150.12191,63.57131],[-150.12471,63.56999],[-150.12366,63.56838],[-150.11981,63.56809],[-150.11702,63.5694],[-150.11807,63.57102],[-150.12191,63.57131]]]},"properties":{"cell":"890c292eaa7ffff","res":9,"coarsened":false,"count":1,"hv":1,"mp":0,"y0":2026,"y1":2026,"sp":[[29,1,1,0,2026,2026]]}},{"type":"Feature","geometry":{"type":"Polygon","coordinates":[[[-149.30416,63.75042],[-149.30701,63.74912],[-149.30601,63.7475],[-149.30216,63.74718],[-149.29931,63.74848],[-149.30031,63.7501],[-149.30416,63.75042]]]},"properties":{"cell":"890c74c3333ffff","res":9,"coarsened":false,"count":1,"hv":1,"mp":0,"y0":2026,"y1":2026,"sp":[[11,1,1,0,2026,2026]]}},{"type":"Feature","geometry":{"type":"Polygon","coordinates":[[[-149.98213,63.51309],[-149.98492,63.51178],[-149.98388,63.51017],[-149.98005,63.50987],[-149.97726,63.51119],[-149.9783,63.5128],[-149.98213,63.51309]]]},"properties":{"cell":"890c74584c3ffff","res":9,"coarsened":false,"count":1,"hv":1,"mp":0,"y0":2026,"y1":2026,"sp":[[4,1,1,0,2026,2026]]}},{"type":"Feature","geometry":{"type":"Polygon","coordinates":[[[-149.59581,63.63285],[-149.59864,63.63154],[-149.59762,63.62992],[-149.59378,63.62962],[-149.59096,63.63092],[-149.59198,63.63254],[-149.59581,63.63285]]]},"properties":{"cell":"890c74c9d3bffff","res":9,"coarsened":false,"count":1,"hv":1,"mp":0,"y0":2026,"y1":2026,"sp":[[7,1,1,0,2026,2026]]}},{"type":"Feature","geometry":{"type":"Polygon","coordinates":[[[-149.86377,63.51001],[-149.86656,63.5087],[-149.86553,63.50708],[-149.86171,63.50678],[-149.85891,63.5081],[-149.85994,63.50971],[-149.86377,63.51001]]]},"properties":{"cell":"890c745ac53ffff","res":9,"coarsened":false,"count":1,"hv":1,"mp":0,"y0":2026,"y1":2026,"sp":[[1,1,1,0,2026,2026]]}},{"type":"Feature","geometry":{"type":"Polygon","coordinates":[[[-149.37413,63.7454],[-149.37698,63.7441],[-149.37598,63.74248],[-149.37213,63.74216],[-149.36928,63.74347],[-149.37028,63.74509],[-149.37413,63.7454]]]},"properties":{"cell":"890c74c1447ffff","res":9,"coarsened":false,"count":1,"hv":1,"mp":0,"y0":2026,"y1":2026,"sp":[[2,1,1,0,2026,2026]]}},{"type":"Feature","geometry":{"type":"Polygon","coordinates":[[[-150.95024,63.53405],[-150.95299,63.53271],[-150.95188,63.5311],[-150.94802,63.53083],[-150.94527,63.53217],[-150.94638,63.53377],[-150.95024,63.53405]]]},"properties":{"cell":"890c769b6afffff","res":9,"coarsened":false,"count":1,"hv":1,"mp":0,"y0":2014,"y1":2014,"sp":[[4,1,1,0,2014,2014]]}},{"type":"Feature","geometry":{"type":"Polygon","coordinates":[[[-149.57467,63.65723],[-149.5775,63.65593],[-149.57649,63.65431],[-149.57264,63.654],[-149.56982,63.65531],[-149.57083,63.65692],[-149.57467,63.65723]]]},"properties":{"cell":"890c74c83abffff","res":9,"coarsened":false,"count":1,"hv":1,"mp":0,"y0":2025,"y1":2025,"sp":[[1,1,1,0,2025,2025]]}},{"type":"Feature","geometry":{"type":"Polygon","coordinates":[[[-149.81066,63.55792],[-149.81347,63.55661],[-149.81244,63.55499],[-149.80861,63.55469],[-149.8058,63.55601],[-149.80683,63.55762],[-149.81066,63.55792]]]},"properties":{"cell":"890c7451693ffff","res":9,"coarsened":false,"count":1,"hv":1,"mp":0,"y0":2026,"y1":2026,"sp":[[45,1,1,0,2026,2026]]}},{"type":"Feature","geometry":{"type":"Polygon","coordinates":[[[-149.41104,63.79299],[-149.41389,63.79169],[-149.41288,63.79007],[-149.40902,63.78975],[-149.40617,63.79106],[-149.40718,63.79268],[-149.41104,63.79299]]]},"properties":{"cell":"890c74d8c07ffff","res":9,"coarsened":false,"count":1,"hv":1,"mp":0,"y0":2018,"y1":2018,"sp":[[1,1,1,0,2018,2018]]}},{"type":"Feature","geometry":{"type":"Polygon","coordinates":[[[-149.57337,63.62031],[-149.57619,63.619],[-149.57517,63.61738],[-149.57134,63.61708],[-149.56852,63.61838],[-149.56953,63.62],[-149.57337,63.62031]]]},"properties":{"cell":"890c74c8a73ffff","res":9,"coarsened":false,"count":1,"hv":1,"mp":0,"y0":2018,"y1":2018,"sp":[[5,1,1,0,2018,2018]]}},{"type":"Feature","geometry":{"type":"Polygon","coordinates":[[[-149.49521,63.71684],[-149.49804,63.71554],[-149.49703,63.71392],[-149.49318,63.71361],[-149.49035,63.71491],[-149.49136,63.71653],[-149.49521,63.71684]]]},"properties":{"cell":"890c74ca02fffff","res":9,"coarsened":false,"count":1,"hv":1,"mp":0,"y0":2026,"y1":2026,"sp":[[2,1,1,0,2026,2026]]}},{"type":"Feature","geometry":{"type":"Polygon","coordinates":[[[-149.82664,63.5316],[-149.82944,63.53029],[-149.82841,63.52868],[-149.82458,63.52838],[-149.82178,63.52969],[-149.82281,63.5313],[-149.82664,63.5316]]]},"properties":{"cell":"890c745128fffff","res":9,"coarsened":false,"count":1,"hv":1,"mp":0,"y0":2026,"y1":2026,"sp":[[1,1,1,0,2026,2026]]}},{"type":"Feature","geometry":{"type":"Polygon","coordinates":[[[-149.42997,63.78223],[-149.43281,63.78093],[-149.4318,63.77931],[-149.42795,63.77899],[-149.4251,63.7803],[-149.42611,63.78192],[-149.42997,63.78223]]]},"properties":{"cell":"890c74d88d7ffff","res":9,"coarsened":false,"count":1,"hv":1,"mp":0,"y0":2026,"y1":2026,"sp":[[4,1,1,0,2026,2026]]}},{"type":"Feature","geometry":{"type":"Polygon","coordinates":[[[-149.76641,63.66023],[-149.83276,63.64397],[-149.838,63.61218],[-149.77704,63.59665],[-149.71079,63.61288],[-149.70539,63.64466],[-149.76641,63.66023]]]},"properties":{"cell":"860c2926fffffff","res":6,"coarsened":true,"count":1,"hv":1,"mp":0,"y0":2026,"y1":2026,"sp":[[0,1,1,0,2026,2026]]}},{"type":"Feature","geometry":{"type":"Polygon","coordinates":[[[-150.44492,63.43032],[-150.44768,63.429],[-150.44662,63.42739],[-150.44279,63.42711],[-150.44002,63.42843],[-150.44109,63.43004],[-150.44492,63.43032]]]},"properties":{"cell":"890c7695073ffff","res":9,"coarsened":false,"count":1,"hv":1,"mp":0,"y0":2019,"y1":2019,"sp":[[1,1,1,0,2019,2019]]}},{"type":"Feature","geometry":{"type":"Polygon","coordinates":[[[-149.77488,63.54744],[-149.77769,63.54613],[-149.77666,63.54452],[-149.77283,63.54422],[-149.77003,63.54553],[-149.77105,63.54714],[-149.77488,63.54744]]]},"properties":{"cell":"890c745142bffff","res":9,"coarsened":false,"count":1,"hv":1,"mp":0,"y0":2026,"y1":2026,"sp":[[11,1,1,0,2026,2026]]}},{"type":"Feature","geometry":{"type":"Polygon","coordinates":[[[-149.40524,63.7249],[-149.40808,63.72359],[-149.40708,63.72197],[-149.40323,63.72166],[-149.40039,63.72296],[-149.4014,63.72458],[-149.40524,63.7249]]]},"properties":{"cell":"890c74c1287ffff","res":9,"coarsened":false,"count":1,"hv":1,"mp":0,"y0":2026,"y1":2026,"sp":[[7,1,1,0,2026,2026]]}},{"type":"Feature","geometry":{"type":"Polygon","coordinates":[[[-149.79656,63.54149],[-149.79937,63.54018],[-149.79834,63.53857],[-149.79451,63.53826],[-149.79171,63.53958],[-149.79273,63.54119],[-149.79656,63.54149]]]},"properties":{"cell":"890c74510c3ffff","res":9,"coarsened":false,"count":1,"hv":1,"mp":0,"y0":2026,"y1":2026,"sp":[[11,1,1,0,2026,2026]]}},{"type":"Feature","geometry":{"type":"Polygon","coordinates":[[[-150.91354,63.30995],[-150.91626,63.30861],[-150.91517,63.30701],[-150.91135,63.30674],[-150.90862,63.30807],[-150.90971,63.30968],[-150.91354,63.30995]]]},"properties":{"cell":"890c768812fffff","res":9,"coarsened":false,"count":1,"hv":1,"mp":0,"y0":2026,"y1":2026,"sp":[[36,1,1,0,2026,2026]]}},{"type":"Feature","geometry":{"type":"Polygon","coordinates":[[[-149.44657,63.72672],[-149.44941,63.72542],[-149.4484,63.7238],[-149.44455,63.72349],[-149.44171,63.72479],[-149.44272,63.72641],[-149.44657,63.72672]]]},"properties":{"cell":"890c74ca523ffff","res":9,"coarsened":false,"count":1,"hv":1,"mp":0,"y0":2026,"y1":2026,"sp":[[1,1,1,0,2026,2026]]}},{"type":"Feature","geometry":{"type":"Polygon","coordinates":[[[-149.59173,63.67855],[-149.59455,63.67725],[-149.59354,63.67563],[-149.58969,63.67532],[-149.58686,63.67663],[-149.58788,63.67825],[-149.59173,63.67855]]]},"properties":{"cell":"890c74c8043ffff","res":9,"coarsened":false,"count":1,"hv":1,"mp":0,"y0":2026,"y1":2026,"sp":[[10,1,1,0,2026,2026]]}},{"type":"Feature","geometry":{"type":"Polygon","coordinates":[[[-148.91229,63.69916],[-148.91515,63.69786],[-148.91418,63.69625],[-148.91035,63.69592],[-148.90749,63.69721],[-148.90846,63.69883],[-148.91229,63.69916]]]},"properties":{"cell":"890c74c64abffff","res":9,"coarsened":false,"count":1,"hv":1,"mp":0,"y0":2026,"y1":2026,"sp":[[10,1,1,0,2026,2026]]}},{"type":"Feature","geometry":{"type":"Polygon","coordinates":[[[-149.96362,63.52391],[-149.96641,63.52259],[-149.96537,63.52098],[-149.96154,63.52069],[-149.95875,63.522],[-149.95978,63.52361],[-149.96362,63.52391]]]},"properties":{"cell":"890c745a20fffff","res":9,"coarsened":false,"count":1,"hv":1,"mp":0,"y0":2026,"y1":2026,"sp":[[7,1,1,0,2026,2026]]}},{"type":"Feature","geometry":{"type":"Polygon","coordinates":[[[-149.79588,63.48325],[-149.79867,63.48194],[-149.79765,63.48032],[-149.79383,63.48002],[-149.79103,63.48133],[-149.79206,63.48294],[-149.79588,63.48325]]]},"properties":{"cell":"890c7451a53ffff","res":9,"coarsened":false,"count":1,"hv":1,"mp":0,"y0":2026,"y1":2026,"sp":[[4,1,1,0,2026,2026]]}},{"type":"Feature","geometry":{"type":"Polygon","coordinates":[[[-150.59064,63.47924],[-150.5934,63.47792],[-150.59232,63.47631],[-150.58848,63.47603],[-150.58572,63.47736],[-150.5868,63.47896],[-150.59064,63.47924]]]},"properties":{"cell":"890c7691d6bffff","res":9,"coarsened":false,"count":1,"hv":1,"mp":0,"y0":2026,"y1":2026,"sp":[[11,1,1,0,2026,2026]]}},{"type":"Feature","geometry":{"type":"Polygon","coordinates":[[[-149.24419,63.7301],[-149.24704,63.7288],[-149.24605,63.72718],[-149.2422,63.72686],[-149.23935,63.72817],[-149.24035,63.72978],[-149.24419,63.7301]]]},"properties":{"cell":"890c74c0013ffff","res":9,"coarsened":false,"count":1,"hv":1,"mp":0,"y0":2026,"y1":2026,"sp":[[1,1,1,0,2026,2026]]}},{"type":"Feature","geometry":{"type":"Polygon","coordinates":[[[-149.10887,63.72345],[-149.11173,63.72215],[-149.11074,63.72053],[-149.10691,63.72021],[-149.10405,63.72151],[-149.10504,63.72313],[-149.10887,63.72345]]]},"properties":{"cell":"890c74c2833ffff","res":9,"coarsened":false,"count":1,"hv":1,"mp":0,"y0":2025,"y1":2025,"sp":[[2,1,1,0,2025,2025]]}},{"type":"Feature","geometry":{"type":"Polygon","coordinates":[[[-149.72435,63.57103],[-149.72716,63.56972],[-149.72614,63.5681],[-149.7223,63.5678],[-149.71949,63.56911],[-149.72052,63.57072],[-149.72435,63.57103]]]},"properties":{"cell":"890c745339bffff","res":9,"coarsened":false,"count":1,"hv":1,"mp":0,"y0":2026,"y1":2026,"sp":[[7,1,1,0,2026,2026]]}},{"type":"Feature","geometry":{"type":"Polygon","coordinates":[[[-149.58126,63.62708],[-149.58408,63.62577],[-149.58307,63.62415],[-149.57923,63.62385],[-149.57641,63.62515],[-149.57742,63.62677],[-149.58126,63.62708]]]},"properties":{"cell":"890c74c8a53ffff","res":9,"coarsened":false,"count":1,"hv":1,"mp":0,"y0":2026,"y1":2026,"sp":[[11,1,1,0,2026,2026]]}},{"type":"Feature","geometry":{"type":"Polygon","coordinates":[[[-149.63727,63.56563],[-149.64008,63.56432],[-149.63907,63.56271],[-149.63524,63.5624],[-149.63243,63.56371],[-149.63344,63.56532],[-149.63727,63.56563]]]},"properties":{"cell":"890c7450493ffff","res":9,"coarsened":false,"count":1,"hv":1,"mp":0,"y0":2026,"y1":2026,"sp":[[1,1,1,0,2026,2026]]}},{"type":"Feature","geometry":{"type":"Polygon","coordinates":[[[-149.61691,63.60846],[-149.61973,63.60715],[-149.61872,63.60554],[-149.61488,63.60523],[-149.61206,63.60654],[-149.61308,63.60816],[-149.61691,63.60846]]]},"properties":{"cell":"890c74c9967ffff","res":9,"coarsened":false,"count":1,"hv":1,"mp":0,"y0":2026,"y1":2026,"sp":[[7,1,1,0,2026,2026]]}},{"type":"Feature","geometry":{"type":"Polygon","coordinates":[[[-150.50353,63.35978],[-150.50629,63.35845],[-150.50522,63.35685],[-150.5014,63.35657],[-150.49865,63.35789],[-150.49971,63.3595],[-150.50353,63.35978]]]},"properties":{"cell":"890c7682b37ffff","res":9,"coarsened":false,"count":1,"hv":1,"mp":0,"y0":2005,"y1":2005,"sp":[[2,1,1,0,2005,2005]]}},{"type":"Feature","geometry":{"type":"Polygon","coordinates":[[[-149.46297,63.72959],[-149.46581,63.72829],[-149.4648,63.72667],[-149.46095,63.72635],[-149.45811,63.72766],[-149.45912,63.72928],[-149.46297,63.72959]]]},"properties":{"cell":"890c74ca573ffff","res":9,"coarsened":false,"count":1,"hv":1,"mp":0,"y0":2026,"y1":2026,"sp":[[1,1,1,0,2026,2026]]}},{"type":"Feature","geometry":{"type":"Polygon","coordinates":[[[-149.30174,63.61048],[-149.30457,63.60918],[-149.30357,63.60756],[-149.29975,63.60725],[-149.29692,63.60855],[-149.29791,63.61017],[-149.30174,63.61048]]]},"properties":{"cell":"890c74ce34bffff","res":9,"coarsened":false,"count":1,"hv":1,"mp":0,"y0":2025,"y1":2025,"sp":[[11,1,1,0,2025,2025]]}},{"type":"Feature","geometry":{"type":"Polygon","coordinates":[[[-148.82795,63.66121],[-148.83081,63.65992],[-148.82985,63.6583],[-148.82603,63.65797],[-148.82317,63.65927],[-148.82413,63.66088],[-148.82795,63.66121]]]},"properties":{"cell":"890c748931bffff","res":9,"coarsened":false,"count":1,"hv":1,"mp":0,"y0":2026,"y1":2026,"sp":[[10,1,1,0,2026,2026]]}},{"type":"Feature","geometry":{"type":"Polygon","coordinates":[[[-150.90227,63.52302],[-150.90503,63.52168],[-150.90392,63.52008],[-150.90007,63.5198],[-150.89731,63.52114],[-150.89842,63.52275],[-150.90227,63.52302]]]},"properties":{"cell":"890c769b56bffff","res":9,"coarsened":false,"count":1,"hv":1,"mp":0,"y0":2026,"y1":2026,"sp":[[54,1,1,0,2026,2026]]}},{"type":"Feature","geometry":{"type":"Polygon","coordinates":[[[-150.90723,63.5249],[-150.90999,63.52356],[-150.90888,63.52196],[-150.90503,63.52168],[-150.90227,63.52302],[-150.90338,63.52463],[-150.90723,63.5249]]]},"properties":{"cell":"890c769b0b7ffff","res":9,"coarsened":false,"count":1,"hv":1,"mp":0,"y0":2026,"y1":2026,"sp":[[36,1,1,0,2026,2026]]}},{"type":"Feature","geometry":{"type":"Polygon","coordinates":[[[-150.2243,63.44899],[-150.22707,63.44767],[-150.22602,63.44606],[-150.2222,63.44577],[-150.21942,63.44709],[-150.22047,63.4487],[-150.2243,63.44899]]]},"properties":{"cell":"890c7696e0bffff","res":9,"coarsened":false,"count":1,"hv":1,"mp":0,"y0":2026,"y1":2026,"sp":[[16,1,1,0,2026,2026]]}},{"type":"Feature","geometry":{"type":"Polygon","coordinates":[[[-149.11852,63.72733],[-149.12138,63.72603],[-149.12039,63.72441],[-149.11655,63.72409],[-149.1137,63.72539],[-149.11468,63.72701],[-149.11852,63.72733]]]},"properties":{"cell":"890c74c2803ffff","res":9,"coarsened":false,"count":1,"hv":1,"mp":0,"y0":2026,"y1":2026,"sp":[[1,1,1,0,2026,2026]]}},{"type":"Feature","geometry":{"type":"Polygon","coordinates":[[[-150.88731,63.26081],[-150.89003,63.25948],[-150.88894,63.25788],[-150.88513,63.25761],[-150.8824,63.25894],[-150.88349,63.26054],[-150.88731,63.26081]]]},"properties":{"cell":"890c768d6dbffff","res":9,"coarsened":false,"count":1,"hv":1,"mp":0,"y0":2026,"y1":2026,"sp":[[4,1,1,0,2026,2026]]}},{"type":"Feature","geometry":{"type":"Polygon","coordinates":[[[-150.87913,63.24347],[-150.88186,63.24214],[-150.88077,63.24053],[-150.87696,63.24026],[-150.87423,63.2416],[-150.87532,63.2432],[-150.87913,63.24347]]]},"properties":{"cell":"890c768d667ffff","res":9,"coarsened":false,"count":1,"hv":1,"mp":0,"y0":2026,"y1":2026,"sp":[[12,1,1,0,2026,2026]]}},{"type":"Feature","geometry":{"type":"Polygon","coordinates":[[[-149.26839,63.73979],[-149.27124,63.73848],[-149.27025,63.73687],[-149.2664,63.73655],[-149.26355,63.73785],[-149.26455,63.73947],[-149.26839,63.73979]]]},"properties":{"cell":"890c74c06abffff","res":9,"coarsened":false,"count":1,"hv":1,"mp":0,"y0":2026,"y1":2026,"sp":[[4,1,1,0,2026,2026]]}},{"type":"Feature","geometry":{"type":"Polygon","coordinates":[[[-149.36861,63.75417],[-149.37146,63.75287],[-149.37045,63.75125],[-149.3666,63.75093],[-149.36375,63.75224],[-149.36476,63.75386],[-149.36861,63.75417]]]},"properties":{"cell":"890c74c14c3ffff","res":9,"coarsened":false,"count":1,"hv":1,"mp":0,"y0":2026,"y1":2026,"sp":[[7,1,1,0,2026,2026]]}},{"type":"Feature","geometry":{"type":"Polygon","coordinates":[[[-149.56069,63.64077],[-149.56352,63.63946],[-149.56251,63.63784],[-149.55867,63.63753],[-149.55584,63.63884],[-149.55685,63.64046],[-149.56069,63.64077]]]},"properties":{"cell":"890c74c8e73ffff","res":9,"coarsened":false,"count":2,"hv":2,"mp":0,"y0":2026,"y1":2026,"sp":[[4,1,1,0,2026,2026],[66,1,1,0,null,null]]}},{"type":"Feature","geometry":{"type":"Polygon","coordinates":[[[-149.69882,63.55368],[-149.70163,63.55237],[-149.70061,63.55075],[-149.69678,63.55045],[-149.69397,63.55176],[-149.69499,63.55337],[-149.69882,63.55368]]]},"properties":{"cell":"890c74506c7ffff","res":9,"coarsened":false,"count":1,"hv":1,"mp":0,"y0":2026,"y1":2026,"sp":[[7,1,1,0,2026,2026]]}},{"type":"Feature","geometry":{"type":"Polygon","coordinates":[[[-149.20626,63.70391],[-149.2091,63.70261],[-149.20811,63.70099],[-149.20428,63.70067],[-149.20143,63.70197],[-149.20242,63.70359],[-149.20626,63.70391]]]},"properties":{"cell":"890c74c012fffff","res":9,"coarsened":false,"count":1,"hv":1,"mp":0,"y0":2026,"y1":2026,"sp":[[2,1,1,0,2026,2026]]}},{"type":"Feature","geometry":{"type":"Polygon","coordinates":[[[-149.7744,63.55813],[-149.7772,63.55682],[-149.77618,63.5552],[-149.77235,63.5549],[-149.76954,63.55621],[-149.77056,63.55783],[-149.7744,63.55813]]]},"properties":{"cell":"890c7451413ffff","res":9,"coarsened":false,"count":2,"hv":2,"mp":0,"y0":2017,"y1":2026,"sp":[[11,1,1,0,2026,2026],[1,1,1,0,2017,2017]]}},{"type":"Feature","geometry":{"type":"Polygon","coordinates":[[[-149.66383,63.56162],[-149.66664,63.56031],[-149.66563,63.5587],[-149.6618,63.55839],[-149.65899,63.5597],[-149.66,63.56131],[-149.66383,63.56162]]]},"properties":{"cell":"890c74504cbffff","res":9,"coarsened":false,"count":1,"hv":1,"mp":0,"y0":2026,"y1":2026,"sp":[[1,1,1,0,2026,2026]]}},{"type":"Feature","geometry":{"type":"Polygon","coordinates":[[[-150.58753,63.46373],[-150.59029,63.4624],[-150.58921,63.46079],[-150.58538,63.46051],[-150.58262,63.46184],[-150.58369,63.46345],[-150.58753,63.46373]]]},"properties":{"cell":"890c769190fffff","res":9,"coarsened":false,"count":7,"hv":7,"mp":0,"y0":2019,"y1":2019,"sp":[[4,2,2,0,2019,2019],[65,1,1,0,2019,2019],[6,1,1,0,2019,2019],[14,1,1,0,2019,2019],[60,1,1,0,2019,2019],[1,1,1,0,2019,2019]]}},{"type":"Feature","geometry":{"type":"Polygon","coordinates":[[[-149.17765,63.71075],[-149.1805,63.70945],[-149.17951,63.70783],[-149.17567,63.70751],[-149.17282,63.70881],[-149.17381,63.71043],[-149.17765,63.71075]]]},"properties":{"cell":"890c74c2a6fffff","res":9,"coarsened":false,"count":1,"hv":1,"mp":0,"y0":2026,"y1":2026,"sp":[[2,1,1,0,2026,2026]]}},{"type":"Feature","geometry":{"type":"Polygon","coordinates":[[[-149.32518,63.78443],[-149.32804,63.78313],[-149.32703,63.78151],[-149.32318,63.78119],[-149.32033,63.78249],[-149.32133,63.78411],[-149.32518,63.78443]]]},"properties":{"cell":"890c74c3633ffff","res":9,"coarsened":false,"count":1,"hv":1,"mp":0,"y0":2026,"y1":2026,"sp":[[26,1,1,0,2026,2026]]}},{"type":"Feature","geometry":{"type":"Polygon","coordinates":[[[-151.02199,63.36181],[-151.02472,63.36047],[-151.02361,63.35887],[-151.01978,63.3586],[-151.01705,63.35994],[-151.01816,63.36154],[-151.02199,63.36181]]]},"properties":{"cell":"890c768b313ffff","res":9,"coarsened":false,"count":1,"hv":1,"mp":0,"y0":2023,"y1":2023,"sp":[[7,1,1,0,2023,2023]]}},{"type":"Feature","geometry":{"type":"Polygon","coordinates":[[[-149.54504,63.71472],[-149.54788,63.71341],[-149.54686,63.7118],[-149.54301,63.71149],[-149.54018,63.71279],[-149.54119,63.71441],[-149.54504,63.71472]]]},"properties":{"cell":"890c74ca23bffff","res":9,"coarsened":false,"count":1,"hv":1,"mp":0,"y0":2026,"y1":2026,"sp":[[1,1,1,0,2026,2026]]}},{"type":"Feature","geometry":{"type":"Polygon","coordinates":[[[-150.52161,63.24513],[-150.52435,63.24381],[-150.52328,63.2422],[-150.51948,63.24192],[-150.51674,63.24325],[-150.51781,63.24485],[-150.52161,63.24513]]]},"properties":{"cell":"890c7685adbffff","res":9,"coarsened":false,"count":1,"hv":1,"mp":0,"y0":2016,"y1":2016,"sp":[[2,1,1,0,2016,2016]]}},{"type":"Feature","geometry":{"type":"Polygon","coordinates":[[[-149.94084,63.60181],[-149.94364,63.60049],[-149.94261,63.59888],[-149.93876,63.59858],[-149.93596,63.59989],[-149.937,63.60151],[-149.94084,63.60181]]]},"properties":{"cell":"890c2925ca3ffff","res":9,"coarsened":false,"count":1,"hv":1,"mp":0,"y0":2016,"y1":2016,"sp":[[1,1,1,0,2016,2016]]}},{"type":"Feature","geometry":{"type":"Polygon","coordinates":[[[-149.0722,63.83726],[-149.07507,63.83596],[-149.07408,63.83434],[-149.07023,63.83402],[-149.06736,63.83532],[-149.06834,63.83694],[-149.0722,63.83726]]]},"properties":{"cell":"890c74d0c37ffff","res":9,"coarsened":false,"count":1,"hv":1,"mp":0,"y0":2016,"y1":2016,"sp":[[142,1,1,0,2016,2016]]}},{"type":"Feature","geometry":{"type":"Polygon","coordinates":[[[-150.746,63.09995],[-150.74871,63.09862],[-150.74763,63.09702],[-150.74385,63.09675],[-150.74114,63.09808],[-150.74221,63.09968],[-150.746,63.09995]]]},"properties":{"cell":"890c761453bffff","res":9,"coarsened":false,"count":11,"hv":11,"mp":0,"y0":2009,"y1":2016,"sp":[[3,1,1,0,2016,2016],[144,1,1,0,2011,2011],[145,1,1,0,2011,2011],[146,1,1,0,2009,2009],[2,1,1,0,2009,2009],[147,1,1,0,2009,2009],[4,1,1,0,2009,2009],[5,1,1,0,2009,2009],[1,1,1,0,2009,2009],[139,1,1,0,2013,2013],[11,1,1,0,2009,2009]]}},{"type":"Feature","geometry":{"type":"Polygon","coordinates":[[[-150.35714,62.3234],[-150.35978,62.32209],[-150.35877,62.32051],[-150.35511,62.32024],[-150.35247,62.32155],[-150.35348,62.32313],[-150.35714,62.3234]]]},"properties":{"cell":"890c704e45bffff","res":9,"coarsened":false,"count":2,"hv":2,"mp":0,"y0":2016,"y1":2016,"sp":[[36,1,1,0,2016,2016],[7,1,1,0,2016,2016]]}},{"type":"Feature","geometry":{"type":"Polygon","coordinates":[[[-150.38865,62.31822],[-150.3913,62.31691],[-150.39028,62.31533],[-150.38662,62.31505],[-150.38398,62.31636],[-150.38499,62.31795],[-150.38865,62.31822]]]},"properties":{"cell":"890c704e6cfffff","res":9,"coarsened":false,"count":2,"hv":2,"mp":0,"y0":2016,"y1":2016,"sp":[[4,1,1,0,2016,2016],[2,1,1,0,2016,2016]]}},{"type":"Feature","geometry":{"type":"Polygon","coordinates":[[[-148.91644,63.38509],[-148.91926,63.3838],[-148.91831,63.38219],[-148.91453,63.38187],[-148.9117,63.38315],[-148.91266,63.38477],[-148.91644,63.38509]]]},"properties":{"cell":"890c740020fffff","res":9,"coarsened":false,"count":1,"hv":1,"mp":0,"y0":2016,"y1":2016,"sp":[[2,1,1,0,2016,2016]]}},{"type":"Feature","geometry":{"type":"Polygon","coordinates":[[[-150.54507,63.55854],[-150.61082,63.54191],[-150.61502,63.51008],[-150.55364,63.4949],[-150.48799,63.5115],[-150.48362,63.54331],[-150.54507,63.55854]]]},"properties":{"cell":"860c76907ffffff","res":6,"coarsened":true,"count":1,"hv":1,"mp":0,"y0":2014,"y1":2014,"sp":[[0,1,1,0,2014,2014]]}},{"type":"Feature","geometry":{"type":"Polygon","coordinates":[[[-149.74964,62.89095],[-149.75237,62.88965],[-149.75138,62.88805],[-149.74765,62.88775],[-149.74492,62.88906],[-149.74591,62.89065],[-149.74964,62.89095]]]},"properties":{"cell":"890c70d04abffff","res":9,"coarsened":false,"count":2,"hv":2,"mp":0,"y0":2013,"y1":2013,"sp":[[8,2,2,0,2013,2013]]}},{"type":"Feature","geometry":{"type":"Polygon","coordinates":[[[-150.00232,64.003],[-150.00517,64.00168],[-150.00411,64.00005],[-150.0002,63.99975],[-149.99735,64.00107],[-149.99841,64.00269],[-150.00232,64.003]]]},"properties":{"cell":"890c29a82abffff","res":9,"coarsened":false,"count":64,"hv":64,"mp":0,"y0":1986,"y1":1986,"sp":[[143,63,63,0,null,null],[152,1,1,0,1986,1986]]}},{"type":"Feature","geometry":{"type":"Polygon","coordinates":[[[-150.78973,63.12743],[-150.85422,63.11072],[-150.85804,63.07904],[-150.79752,63.06408],[-150.73312,63.08077],[-150.72915,63.11244],[-150.78973,63.12743]]]},"properties":{"cell":"860c76147ffffff","res":6,"coarsened":true,"count":1,"hv":1,"mp":0,"y0":2009,"y1":2009,"sp":[[0,1,1,0,2009,2009]]}},{"type":"Feature","geometry":{"type":"Polygon","coordinates":[[[-148.97767,63.72931],[-148.98053,63.72801],[-148.97956,63.72639],[-148.97572,63.72607],[-148.97286,63.72736],[-148.97384,63.72898],[-148.97767,63.72931]]]},"properties":{"cell":"890c74d58bbffff","res":9,"coarsened":false,"count":1,"hv":1,"mp":0,"y0":2008,"y1":2008,"sp":[[7,1,1,0,2008,2008]]}},{"type":"Feature","geometry":{"type":"Polygon","coordinates":[[[-150.50301,62.33873],[-150.50565,62.33742],[-150.50463,62.33584],[-150.50096,62.33557],[-150.49832,62.33688],[-150.49935,62.33846],[-150.50301,62.33873]]]},"properties":{"cell":"890c704a9cbffff","res":9,"coarsened":false,"count":1,"hv":1,"mp":0,"y0":2008,"y1":2008,"sp":[[1,1,1,0,2008,2008]]}},{"type":"Feature","geometry":{"type":"Polygon","coordinates":[[[-150.62873,62.34942],[-150.63137,62.34811],[-150.63034,62.34653],[-150.62667,62.34626],[-150.62403,62.34757],[-150.62506,62.34916],[-150.62873,62.34942]]]},"properties":{"cell":"890c7048087ffff","res":9,"coarsened":false,"count":1,"hv":1,"mp":0,"y0":2008,"y1":2008,"sp":[[148,1,1,0,2008,2008]]}},{"type":"Feature","geometry":{"type":"Polygon","coordinates":[[[-150.09414,62.75238],[-150.09684,62.75107],[-150.09583,62.74948],[-150.09211,62.7492],[-150.08941,62.7505],[-150.09043,62.7521],[-150.09414,62.75238]]]},"properties":{"cell":"890c70ca4c7ffff","res":9,"coarsened":false,"count":1,"hv":1,"mp":0,"y0":2006,"y1":2006,"sp":[[4,1,1,0,2006,2006]]}},{"type":"Feature","geometry":{"type":"Polygon","coordinates":[[[-150.13369,62.7645],[-150.13639,62.76319],[-150.13537,62.7616],[-150.13165,62.76132],[-150.12895,62.76263],[-150.12997,62.76422],[-150.13369,62.7645]]]},"properties":{"cell":"890c70d99cfffff","res":9,"coarsened":false,"count":6,"hv":6,"mp":0,"y0":2006,"y1":2006,"sp":[[1,3,3,0,2006,2006],[2,1,1,0,2006,2006],[149,1,1,0,2006,2006],[36,1,1,0,2006,2006]]}},{"type":"Feature","geometry":{"type":"Polygon","coordinates":[[[-149.98214,62.80441],[-149.98485,62.8031],[-149.98384,62.80151],[-149.98012,62.80122],[-149.97741,62.80253],[-149.97842,62.80412],[-149.98214,62.80441]]]},"properties":{"cell":"890c70dab1bffff","res":9,"coarsened":false,"count":1,"hv":1,"mp":0,"y0":2006,"y1":2006,"sp":[[36,1,1,0,2006,2006]]}},{"type":"Feature","geometry":{"type":"Polygon","coordinates":[[[-151.7255,63.15911],[-151.78968,63.14193],[-151.7923,63.11016],[-151.73091,63.09557],[-151.66684,63.11271],[-151.66405,63.14447],[-151.7255,63.15911]]]},"properties":{"cell":"860c76577ffffff","res":6,"coarsened":true,"count":3,"hv":3,"mp":0,"y0":null,"y1":null,"sp":[[0,3,3,0,null,null]]}},{"type":"Feature","geometry":{"type":"Polygon","coordinates":[[[-151.7206,63.11163],[-151.72327,63.11028],[-151.72213,63.10869],[-151.71832,63.10844],[-151.71565,63.10979],[-151.71679,63.11138],[-151.7206,63.11163]]]},"properties":{"cell":"890c76573b3ffff","res":9,"coarsened":false,"count":3,"hv":3,"mp":0,"y0":null,"y1":null,"sp":[[142,1,1,0,null,null],[96,1,1,0,null,null],[43,1,1,0,null,null]]}},{"type":"Feature","geometry":{"type":"Polygon","coordinates":[[[-151.9178,63.1075],[-151.98175,63.09023],[-151.98412,63.05847],[-151.9227,63.04397],[-151.85885,63.0612],[-151.85631,63.09296],[-151.9178,63.1075]]]},"properties":{"cell":"860c76427ffffff","res":6,"coarsened":true,"count":3,"hv":3,"mp":0,"y0":null,"y1":null,"sp":[[0,3,3,0,null,null]]}},{"type":"Feature","geometry":{"type":"Polygon","coordinates":[[[-151.91343,63.08138],[-151.91609,63.08002],[-151.91494,63.07843],[-151.91112,63.07819],[-151.90846,63.07954],[-151.90962,63.08113],[-151.91343,63.08138]]]},"properties":{"cell":"890c764208fffff","res":9,"coarsened":false,"count":10,"hv":10,"mp":0,"y0":null,"y1":null,"sp":[[83,2,2,0,null,null],[90,2,2,0,null,null],[142,1,1,0,null,null],[36,1,1,0,null,null],[100,1,1,0,null,null],[75,1,1,0,null,null],[44,1,1,0,null,null],[43,1,1,0,null,null]]}},{"type":"Feature","geometry":{"type":"Polygon","coordinates":[[[-152.00403,63.03085],[-152.00668,63.02949],[-152.00552,63.0279],[-152.00171,63.02766],[-151.99906,63.02902],[-152.00022,63.03061],[-152.00403,63.03085]]]},"properties":{"cell":"890c7640053ffff","res":9,"coarsened":false,"count":5,"hv":5,"mp":0,"y0":null,"y1":null,"sp":[[109,4,4,0,null,null],[1,1,1,0,null,null]]}},{"type":"Feature","geometry":{"type":"Polygon","coordinates":[[[-152.11603,62.96036],[-152.17951,62.94302],[-152.18162,62.91129],[-152.1204,62.89692],[-152.05701,62.91423],[-152.05475,62.94595],[-152.11603,62.96036]]]},"properties":{"cell":"860c764f7ffffff","res":6,"coarsened":true,"count":1,"hv":1,"mp":0,"y0":null,"y1":null,"sp":[[0,1,1,0,null,null]]}},{"type":"Feature","geometry":{"type":"Polygon","coordinates":[[[-152.05215,62.98221],[-152.05479,62.98086],[-152.05363,62.97927],[-152.04983,62.97903],[-152.04719,62.98039],[-152.04835,62.98198],[-152.05215,62.98221]]]},"properties":{"cell":"890c7641813ffff","res":9,"coarsened":false,"count":2,"hv":2,"mp":0,"y0":null,"y1":null,"sp":[[1,1,1,0,null,null],[96,1,1,0,null,null]]}},{"type":"Feature","geometry":{"type":"Polygon","coordinates":[[[-151.93134,63.08099],[-151.934,63.07963],[-151.93285,63.07804],[-151.92903,63.0778],[-151.92638,63.07915],[-151.92753,63.08075],[-151.93134,63.08099]]]},"properties":{"cell":"890c76420cfffff","res":9,"coarsened":false,"count":5,"hv":5,"mp":0,"y0":null,"y1":null,"sp":[[32,2,2,0,null,null],[142,1,1,0,null,null],[150,1,1,0,null,null],[100,1,1,0,null,null]]}},{"type":"Feature","geometry":{"type":"Polygon","coordinates":[[[-152.02191,63.03044],[-152.02456,63.02909],[-152.0234,63.0275],[-152.01959,63.02726],[-152.01694,63.02861],[-152.0181,63.03021],[-152.02191,63.03044]]]},"properties":{"cell":"890c7640293ffff","res":9,"coarsened":false,"count":3,"hv":3,"mp":0,"y0":null,"y1":null,"sp":[[142,1,1,0,null,null],[114,1,1,0,null,null],[57,1,1,0,null,null]]}},{"type":"Feature","geometry":{"type":"Polygon","coordinates":[[[-151.70917,63.11089],[-151.71184,63.10954],[-151.7107,63.10795],[-151.70688,63.1077],[-151.70421,63.10905],[-151.70535,63.11064],[-151.70917,63.11089]]]},"properties":{"cell":"890c765717bffff","res":9,"coarsened":false,"count":1,"hv":1,"mp":0,"y0":null,"y1":null,"sp":[[36,1,1,0,null,null]]}},{"type":"Feature","geometry":{"type":"Polygon","coordinates":[[[-152.13185,62.95223],[-152.13448,62.95088],[-152.13332,62.94929],[-152.12952,62.94906],[-152.12689,62.95041],[-152.12805,62.952],[-152.13185,62.95223]]]},"properties":{"cell":"890c764f45bffff","res":9,"coarsened":false,"count":2,"hv":2,"mp":0,"y0":null,"y1":null,"sp":[[142,1,1,0,null,null],[100,1,1,0,null,null]]}},{"type":"Feature","geometry":{"type":"Polygon","coordinates":[[[-151.94926,63.08059],[-151.95191,63.07924],[-151.95076,63.07765],[-151.94694,63.07741],[-151.94429,63.07876],[-151.94544,63.08035],[-151.94926,63.08059]]]},"properties":{"cell":"890c764262fffff","res":9,"coarsened":false,"count":27,"hv":27,"mp":0,"y0":null,"y1":null,"sp":[[83,12,12,0,null,null],[45,2,2,0,null,null],[98,2,2,0,null,null],[176,2,2,0,null,null],[142,1,1,0,null,null],[78,1,1,0,null,null],[140,1,1,0,null,null],[59,1,1,0,null,null],[82,1,1,0,null,null],[32,1,1,0,null,null],[67,1,1,0,null,null],[70,1,1,0,null,null],[6,1,1,0,null,null]]}},{"type":"Feature","geometry":{"type":"Polygon","coordinates":[[[-151.55986,63.19245],[-151.56255,63.19111],[-151.56141,63.18951],[-151.55759,63.18926],[-151.5549,63.1906],[-151.55604,63.1922],[-151.55986,63.19245]]]},"properties":{"cell":"890c76cceabffff","res":9,"coarsened":false,"count":10,"hv":10,"mp":0,"y0":null,"y1":null,"sp":[[15,1,1,0,null,null],[142,1,1,0,null,null],[35,1,1,0,null,null],[96,1,1,0,null,null],[32,1,1,0,null,null],[33,1,1,0,null,null],[59,1,1,0,null,null],[76,1,1,0,null,null],[13,1,1,0,null,null],[6,1,1,0,null,null]]}},{"type":"Feature","geometry":{"type":"Polygon","coordinates":[[[-151.54869,63.20237],[-151.55138,63.20103],[-151.55024,63.19943],[-151.54642,63.19918],[-151.54373,63.20053],[-151.54487,63.20212],[-151.54869,63.20237]]]},"properties":{"cell":"890c76ccc5bffff","res":9,"coarsened":false,"count":3,"hv":3,"mp":0,"y0":null,"y1":null,"sp":[[15,1,1,0,null,null],[181,1,1,0,null,null],[11,1,1,0,null,null]]}},{"type":"Feature","geometry":{"type":"Polygon","coordinates":[[[-151.78999,63.09176],[-151.79265,63.09041],[-151.79151,63.08882],[-151.78769,63.08858],[-151.78503,63.08993],[-151.78617,63.09152],[-151.78999,63.09176]]]},"properties":{"cell":"890c7655467ffff","res":9,"coarsened":false,"count":6,"hv":6,"mp":0,"y0":null,"y1":null,"sp":[[85,2,2,0,null,null],[1,1,1,0,null,null],[35,1,1,0,null,null],[153,1,1,0,null,null],[79,1,1,0,null,null]]}},{"type":"Feature","geometry":{"type":"Polygon","coordinates":[[[-151.73204,63.11237],[-151.73471,63.11102],[-151.73357,63.10943],[-151.72976,63.10918],[-151.72709,63.11053],[-151.72823,63.11212],[-151.73204,63.11237]]]},"properties":{"cell":"890c765738fffff","res":9,"coarsened":false,"count":9,"hv":9,"mp":0,"y0":null,"y1":null,"sp":[[98,2,2,0,null,null],[142,1,1,0,null,null],[76,1,1,0,null,null],[44,1,1,0,null,null],[45,1,1,0,null,null],[58,1,1,0,null,null],[6,1,1,0,null,null],[83,1,1,0,null,null]]}},{"type":"Feature","geometry":{"type":"Polygon","coordinates":[[[-151.67332,63.11161],[-151.676,63.11026],[-151.67486,63.10867],[-151.67105,63.10842],[-151.66837,63.10977],[-151.66951,63.11136],[-151.67332,63.11161]]]},"properties":{"cell":"890c76544dbffff","res":9,"coarsened":false,"count":9,"hv":9,"mp":0,"y0":null,"y1":null,"sp":[[176,2,2,0,null,null],[66,2,2,0,null,null],[36,1,1,0,null,null],[70,1,1,0,null,null],[75,1,1,0,null,null],[58,1,1,0,null,null],[157,1,1,0,null,null]]}},{"type":"Feature","geometry":{"type":"Polygon","coordinates":[[[-151.9607,63.08131],[-151.96335,63.07996],[-151.9622,63.07837],[-151.95838,63.07813],[-151.95573,63.07948],[-151.95688,63.08107],[-151.9607,63.08131]]]},"properties":{"cell":"890c7642667ffff","res":9,"coarsened":false,"count":3,"hv":3,"mp":0,"y0":null,"y1":null,"sp":[[83,2,2,0,null,null],[142,1,1,0,null,null]]}},{"type":"Feature","geometry":{"type":"Polygon","coordinates":[[[-150.67795,63.28397],[-150.68069,63.28264],[-150.67961,63.28104],[-150.6758,63.28077],[-150.67306,63.28209],[-150.67414,63.2837],[-150.67795,63.28397]]]},"properties":{"cell":"890c768e2bbffff","res":9,"coarsened":false,"count":1,"hv":1,"mp":0,"y0":2005,"y1":2005,"sp":[[142,1,1,0,2005,2005]]}},{"type":"Feature","geometry":{"type":"Polygon","coordinates":[[[-150.19616,63.69039],[-150.19896,63.68907],[-150.1979,63.68746],[-150.19404,63.68716],[-150.19124,63.68849],[-150.1923,63.6901],[-150.19616,63.69039]]]},"properties":{"cell":"890c2921c3bffff","res":9,"coarsened":false,"count":1,"hv":1,"mp":0,"y0":2005,"y1":2005,"sp":[[7,1,1,0,2005,2005]]}},{"type":"Feature","geometry":{"type":"Polygon","coordinates":[[[-150.20571,63.70492],[-150.27201,63.68845],[-150.27668,63.65659],[-150.21522,63.64123],[-150.14903,63.65767],[-150.14419,63.68951],[-150.20571,63.70492]]]},"properties":{"cell":"860c2921fffffff","res":6,"coarsened":true,"count":1,"hv":1,"mp":0,"y0":2005,"y1":2005,"sp":[[0,1,1,0,2005,2005]]}},{"type":"Feature","geometry":{"type":"Polygon","coordinates":[[[-150.18151,63.62335],[-150.1843,63.62203],[-150.18324,63.62041],[-150.17939,63.62012],[-150.1766,63.62144],[-150.17765,63.62305],[-150.18151,63.62335]]]},"properties":{"cell":"890c292e2b3ffff","res":9,"coarsened":false,"count":3,"hv":3,"mp":0,"y0":2005,"y1":2005,"sp":[[4,1,1,0,2005,2005],[1,1,1,0,2005,2005],[3,1,1,0,2005,2005]]}},{"type":"Feature","geometry":{"type":"Polygon","coordinates":[[[-150.18693,63.66515],[-150.18973,63.66383],[-150.18867,63.66222],[-150.18481,63.66192],[-150.18201,63.66325],[-150.18307,63.66486],[-150.18693,63.66515]]]},"properties":{"cell":"890c29219cfffff","res":9,"coarsened":false,"count":1,"hv":1,"mp":0,"y0":2005,"y1":2005,"sp":[[8,1,1,0,2005,2005]]}},{"type":"Feature","geometry":{"type":"Polygon","coordinates":[[[-151.30244,63.3292],[-151.30516,63.32785],[-151.30404,63.32625],[-151.3002,63.32599],[-151.29749,63.32733],[-151.29861,63.32894],[-151.30244,63.3292]]]},"properties":{"cell":"890c76c757bffff","res":9,"coarsened":false,"count":5,"hv":5,"mp":0,"y0":2005,"y1":2005,"sp":[[36,1,1,0,2005,2005],[5,1,1,0,2005,2005],[10,1,1,0,2005,2005],[6,1,1,0,2005,2005],[31,1,1,0,2005,2005]]}},{"type":"Feature","geometry":{"type":"Polygon","coordinates":[[[-149.7772,62.88401],[-149.77993,62.88271],[-149.77894,62.88111],[-149.77521,62.88082],[-149.77248,62.88212],[-149.77348,62.88372],[-149.7772,62.88401]]]},"properties":{"cell":"890c70d046bffff","res":9,"coarsened":false,"count":3,"hv":3,"mp":0,"y0":2005,"y1":2005,"sp":[[4,1,1,0,2005,2005],[185,1,1,0,2005,2005],[31,1,1,0,2005,2005]]}},{"type":"Feature","geometry":{"type":"Polygon","coordinates":[[[-150.40727,63.42294],[-150.41003,63.42162],[-150.40897,63.42001],[-150.40514,63.41973],[-150.40238,63.42105],[-150.40344,63.42266],[-150.40727,63.42294]]]},"properties":{"cell":"890c769511bffff","res":9,"coarsened":false,"count":1,"hv":1,"mp":0,"y0":2005,"y1":2005,"sp":[[1,1,1,0,2005,2005]]}},{"type":"Feature","geometry":{"type":"Polygon","coordinates":[[[-150.61907,63.44003],[-150.62183,63.43871],[-150.62075,63.4371],[-150.61691,63.43682],[-150.61416,63.43815],[-150.61524,63.43976],[-150.61907,63.44003]]]},"properties":{"cell":"890c76835b7ffff","res":9,"coarsened":false,"count":1,"hv":1,"mp":0,"y0":2005,"y1":2005,"sp":[[1,1,1,0,2005,2005]]}},{"type":"Feature","geometry":{"type":"Polygon","coordinates":[[[-148.93354,63.72249],[-148.9364,63.72119],[-148.93543,63.71957],[-148.9316,63.71925],[-148.92874,63.72054],[-148.92971,63.72216],[-148.93354,63.72249]]]},"properties":{"cell":"890c74d4a5bffff","res":9,"coarsened":false,"count":4,"hv":4,"mp":0,"y0":2004,"y1":2004,"sp":[[142,1,1,0,2004,2004],[8,1,1,0,2004,2004],[4,1,1,0,2004,2004],[57,1,1,0,2004,2004]]}},{"type":"Feature","geometry":{"type":"Polygon","coordinates":[[[-151.15127,63.16953],[-151.15397,63.16819],[-151.15286,63.16659],[-151.14906,63.16633],[-151.14635,63.16767],[-151.14746,63.16927],[-151.15127,63.16953]]]},"properties":{"cell":"890c76113b3ffff","res":9,"coarsened":false,"count":1,"hv":1,"mp":0,"y0":2004,"y1":2004,"sp":[[4,1,1,0,2004,2004]]}},{"type":"Feature","geometry":{"type":"Polygon","coordinates":[[[-151.15138,63.18019],[-151.15409,63.17886],[-151.15298,63.17726],[-151.14917,63.177],[-151.14647,63.17833],[-151.14758,63.17993],[-151.15138,63.18019]]]},"properties":{"cell":"890c7611023ffff","res":9,"coarsened":false,"count":1,"hv":1,"mp":0,"y0":2004,"y1":2004,"sp":[[142,1,1,0,2004,2004]]}},{"type":"Feature","geometry":{"type":"Polygon","coordinates":[[[-150.06403,63.47655],[-150.06681,63.47523],[-150.06577,63.47362],[-150.06195,63.47333],[-150.05916,63.47465],[-150.0602,63.47626],[-150.06403,63.47655]]]},"properties":{"cell":"890c7459187ffff","res":9,"coarsened":false,"count":2,"hv":2,"mp":0,"y0":2003,"y1":2003,"sp":[[1,1,1,0,2003,2003],[11,1,1,0,2003,2003]]}},{"type":"Feature","geometry":{"type":"Polygon","coordinates":[[[-150.49898,63.33654],[-150.50173,63.33522],[-150.50066,63.33361],[-150.49685,63.33333],[-150.4941,63.33465],[-150.49516,63.33626],[-150.49898,63.33654]]]},"properties":{"cell":"890c76872c7ffff","res":9,"coarsened":false,"count":26,"hv":26,"mp":0,"y0":null,"y1":null,"sp":[[94,9,9,0,null,null],[12,8,8,0,null,null],[41,3,3,0,null,null],[142,2,2,0,null,null],[59,2,2,0,null,null],[162,1,1,0,null,null],[188,1,1,0,null,null]]}},{"type":"Feature","geometry":{"type":"Polygon","coordinates":[[[-149.49975,63.11896],[-149.50251,63.11766],[-149.50153,63.11606],[-149.49777,63.11575],[-149.495,63.11705],[-149.49599,63.11866],[-149.49975,63.11896]]]},"properties":{"cell":"890c7478d13ffff","res":9,"coarsened":false,"count":7,"hv":7,"mp":0,"y0":1997,"y1":1997,"sp":[[108,2,2,0,1997,1997],[96,2,2,0,1997,1997],[15,1,1,0,1997,1997],[90,1,1,0,1997,1997],[134,1,1,0,1997,1997]]}},{"type":"Feature","geometry":{"type":"Polygon","coordinates":[[[-150.88071,62.57121],[-150.88336,62.56988],[-150.8823,62.5683],[-150.87859,62.56803],[-150.87594,62.56936],[-150.877,62.57094],[-150.88071,62.57121]]]},"properties":{"cell":"890c762d19bffff","res":9,"coarsened":false,"count":2,"hv":2,"mp":0,"y0":1993,"y1":1993,"sp":[[151,1,1,0,1993,1993],[152,1,1,0,1993,1993]]}},{"type":"Feature","geometry":{"type":"Polygon","coordinates":[[[-150.25874,63.45159],[-150.26152,63.45027],[-150.26046,63.44866],[-150.25664,63.44837],[-150.25386,63.44969],[-150.25492,63.4513],[-150.25874,63.45159]]]},"properties":{"cell":"890c769459bffff","res":9,"coarsened":false,"count":2,"hv":2,"mp":0,"y0":1980,"y1":1980,"sp":[[1,1,1,0,1980,1980],[60,1,1,0,1980,1980]]}},{"type":"Feature","geometry":{"type":"Polygon","coordinates":[[[-148.8983,63.7487],[-148.90117,63.7474],[-148.9002,63.74578],[-148.89636,63.74546],[-148.8935,63.74675],[-148.89447,63.74837],[-148.8983,63.7487]]]},"properties":{"cell":"890c74d4ed7ffff","res":9,"coarsened":false,"count":6,"hv":6,"mp":0,"y0":2024,"y1":2025,"sp":[[14,2,2,0,2024,2025],[11,2,2,0,2025,2025],[57,1,1,0,2025,2025],[43,1,1,0,2025,2025]]}},{"type":"Feature","geometry":{"type":"Polygon","coordinates":[[[-148.88869,63.7448],[-148.89156,63.74351],[-148.89059,63.74189],[-148.88675,63.74156],[-148.88388,63.74285],[-148.88485,63.74447],[-148.88869,63.7448]]]},"properties":{"cell":"890c74d4e8fffff","res":9,"coarsened":false,"count":2,"hv":2,"mp":0,"y0":2025,"y1":2025,"sp":[[14,1,1,0,2025,2025],[43,1,1,0,2025,2025]]}},{"type":"Feature","geometry":{"type":"Polygon","coordinates":[[[-149.50979,63.69345],[-149.51263,63.69214],[-149.51162,63.69053],[-149.50777,63.69022],[-149.50494,63.69152],[-149.50595,63.69314],[-149.50979,63.69345]]]},"properties":{"cell":"890c74c8597ffff","res":9,"coarsened":false,"count":1,"hv":1,"mp":0,"y0":2025,"y1":2025,"sp":[[43,1,1,0,2025,2025]]}},{"type":"Feature","geometry":{"type":"Polygon","coordinates":[[[-150.65009,63.29111],[-150.65283,63.28978],[-150.65175,63.28818],[-150.64794,63.2879],[-150.6452,63.28923],[-150.64628,63.29083],[-150.65009,63.29111]]]},"properties":{"cell":"890c768e01bffff","res":9,"coarsened":false,"count":1,"hv":1,"mp":0,"y0":2025,"y1":2025,"sp":[[60,1,1,0,2025,2025]]}},{"type":"Feature","geometry":{"type":"Polygon","coordinates":[[[-149.35564,63.40959],[-149.35844,63.40829],[-149.35746,63.40668],[-149.35366,63.40637],[-149.35085,63.40767],[-149.35184,63.40928],[-149.35564,63.40959]]]},"properties":{"cell":"890c7454c3bffff","res":9,"coarsened":false,"count":1,"hv":1,"mp":0,"y0":2025,"y1":2025,"sp":[[60,1,1,0,2025,2025]]}},{"type":"Feature","geometry":{"type":"Polygon","coordinates":[[[-149.43292,63.62276],[-149.43575,63.62145],[-149.43475,63.61984],[-149.43092,63.61952],[-149.42809,63.62083],[-149.42909,63.62244],[-149.43292,63.62276]]]},"properties":{"cell":"890c74cf207ffff","res":9,"coarsened":false,"count":1,"hv":1,"mp":0,"y0":2025,"y1":2025,"sp":[[131,1,1,0,2025,2025]]}},{"type":"Feature","geometry":{"type":"Polygon","coordinates":[[[-148.91974,63.79052],[-148.92261,63.78922],[-148.92163,63.7876],[-148.91779,63.78728],[-148.91492,63.78857],[-148.91589,63.79019],[-148.91974,63.79052]]]},"properties":{"cell":"890c74d447bffff","res":9,"coarsened":false,"count":1,"hv":1,"mp":0,"y0":2024,"y1":2024,"sp":[[14,1,1,0,2024,2024]]}},{"type":"Feature","geometry":{"type":"Polygon","coordinates":[[[-150.23849,62.54237],[-150.24117,62.54107],[-150.24015,62.53948],[-150.23646,62.5392],[-150.23379,62.54051],[-150.23481,62.5421],[-150.23849,62.54237]]]},"properties":{"cell":"890c7050087ffff","res":9,"coarsened":false,"count":1,"hv":1,"mp":0,"y0":2024,"y1":2024,"sp":[[29,1,1,0,2024,2024]]}},{"type":"Feature","geometry":{"type":"Polygon","coordinates":[[[-148.905,63.74773],[-148.90787,63.74644],[-148.9069,63.74482],[-148.90306,63.74449],[-148.9002,63.74578],[-148.90117,63.7474],[-148.905,63.74773]]]},"properties":{"cell":"890c74d4ec3ffff","res":9,"coarsened":false,"count":5,"hv":5,"mp":0,"y0":2024,"y1":2024,"sp":[[29,1,1,0,2024,2024],[153,1,1,0,2024,2024],[6,1,1,0,2024,2024],[70,1,1,0,2024,2024],[11,1,1,0,2024,2024]]}},{"type":"Feature","geometry":{"type":"Polygon","coordinates":[[[-148.8503,63.37637],[-148.85313,63.37508],[-148.85217,63.37347],[-148.8484,63.37315],[-148.84557,63.37443],[-148.84653,63.37605],[-148.8503,63.37637]]]},"properties":{"cell":"890c740017bffff","res":9,"coarsened":false,"count":1,"hv":1,"mp":0,"y0":2024,"y1":2024,"sp":[[6,1,1,0,2024,2024]]}},{"type":"Feature","geometry":{"type":"Polygon","coordinates":[[[-150.1153,62.32623],[-150.11796,62.32493],[-150.11696,62.32334],[-150.11331,62.32307],[-150.11065,62.32437],[-150.11165,62.32595],[-150.1153,62.32623]]]},"properties":{"cell":"890c704445bffff","res":9,"coarsened":false,"count":2,"hv":2,"mp":0,"y0":2024,"y1":2024,"sp":[[70,1,1,0,2024,2024],[88,1,1,0,2024,2024]]}},{"type":"Feature","geometry":{"type":"Polygon","coordinates":[[[-150.12161,62.32521],[-150.12427,62.3239],[-150.12327,62.32232],[-150.11962,62.32204],[-150.11696,62.32334],[-150.11796,62.32493],[-150.12161,62.32521]]]},"properties":{"cell":"890c7044697ffff","res":9,"coarsened":false,"count":4,"hv":4,"mp":0,"y0":2024,"y1":2024,"sp":[[154,1,1,0,2024,2024],[114,1,1,0,2024,2024],[136,1,1,0,2024,2024],[6,1,1,0,2024,2024]]}},{"type":"Feature","geometry":{"type":"Polygon","coordinates":[[[-150.11996,62.3281],[-150.12261,62.32679],[-150.12161,62.32521],[-150.11796,62.32493],[-150.1153,62.32623],[-150.1163,62.32782],[-150.11996,62.3281]]]},"properties":{"cell":"890c704712fffff","res":9,"coarsened":false,"count":1,"hv":1,"mp":0,"y0":2024,"y1":2024,"sp":[[31,1,1,0,2024,2024]]}},{"type":"Feature","geometry":{"type":"Polygon","coordinates":[[[-148.91724,63.71956],[-148.9201,63.71827],[-148.91913,63.71665],[-148.9153,63.71632],[-148.91243,63.71761],[-148.91341,63.71923],[-148.91724,63.71956]]]},"properties":{"cell":"890c74d4a0bffff","res":9,"coarsened":false,"count":1,"hv":1,"mp":0,"y0":2024,"y1":2024,"sp":[[44,1,1,0,2024,2024]]}},{"type":"Feature","geometry":{"type":"Polygon","coordinates":[[[-150.11065,62.32437],[-150.11331,62.32307],[-150.11231,62.32148],[-150.10866,62.3212],[-150.106,62.32251],[-150.107,62.32409],[-150.11065,62.32437]]]},"properties":{"cell":"890c7044443ffff","res":9,"coarsened":false,"count":2,"hv":2,"mp":0,"y0":2023,"y1":2024,"sp":[[29,1,1,0,2024,2024],[14,1,1,0,2023,2023]]}},{"type":"Feature","geometry":{"type":"Polygon","coordinates":[[[-150.06751,62.29996],[-150.07017,62.29866],[-150.06918,62.29708],[-150.06553,62.2968],[-150.06287,62.2981],[-150.06387,62.29968],[-150.06751,62.29996]]]},"properties":{"cell":"890c704419bffff","res":9,"coarsened":false,"count":8,"hv":8,"mp":0,"y0":2023,"y1":2023,"sp":[[76,3,3,0,2023,2023],[29,2,2,0,2023,2023],[88,1,1,0,2023,2023],[90,1,1,0,2023,2023],[70,1,1,0,2023,2023]]}},{"type":"Feature","geometry":{"type":"Polygon","coordinates":[[[-150.74777,62.4666],[-150.81058,62.44996],[-150.81435,62.41855],[-150.75546,62.40379],[-150.69275,62.42039],[-150.68882,62.45179],[-150.74777,62.4666]]]},"properties":{"cell":"860c7296fffffff","res":6,"coarsened":true,"count":7,"hv":7,"mp":0,"y0":2023,"y1":2023,"sp":[[158,4,4,0,2023,2023],[63,3,3,0,null,null]]}},{"type":"Feature","geometry":{"type":"Polygon","coordinates":[[[-150.12791,62.74436],[-150.13061,62.74305],[-150.12959,62.74145],[-150.12588,62.74117],[-150.12318,62.74248],[-150.12419,62.74407],[-150.12791,62.74436]]]},"properties":{"cell":"890c70ca68fffff","res":9,"coarsened":false,"count":16,"hv":16,"mp":0,"y0":2023,"y1":2023,"sp":[[90,4,4,0,2023,2023],[76,2,2,0,2023,2023],[67,2,2,0,2023,2023],[49,2,2,0,2023,2023],[44,1,1,0,2023,2023],[83,1,1,0,2023,2023],[45,1,1,0,2023,2023],[6,1,1,0,2023,2023],[88,1,1,0,2023,2023],[82,1,1,0,2023,2023]]}},{"type":"Feature","geometry":{"type":"Polygon","coordinates":[[[-149.24707,63.2493],[-149.24986,63.248],[-149.24888,63.24639],[-149.24512,63.24608],[-149.24232,63.24738],[-149.2433,63.24898],[-149.24707,63.2493]]]},"properties":{"cell":"890c747228fffff","res":9,"coarsened":false,"count":2,"hv":2,"mp":0,"y0":2023,"y1":2023,"sp":[[82,1,1,0,2023,2023],[34,1,1,0,2023,2023]]}},{"type":"Feature","geometry":{"type":"Polygon","coordinates":[[[-150.60362,62.34308],[-150.60626,62.34176],[-150.60523,62.34018],[-150.60156,62.33991],[-150.59892,62.34123],[-150.59995,62.34281],[-150.60362,62.34308]]]},"properties":{"cell":"890c7048567ffff","res":9,"coarsened":false,"count":3,"hv":3,"mp":0,"y0":2023,"y1":2023,"sp":[[157,3,3,0,2023,2023]]}},{"type":"Feature","geometry":{"type":"Polygon","coordinates":[[[-149.5731,63.04719],[-149.57585,63.04589],[-149.57486,63.04429],[-149.57112,63.04399],[-149.56836,63.04529],[-149.56935,63.04689],[-149.5731,63.04719]]]},"properties":{"cell":"890c746a1abffff","res":9,"coarsened":false,"count":1,"hv":1,"mp":0,"y0":2023,"y1":2023,"sp":[[90,1,1,0,2023,2023]]}},{"type":"Feature","geometry":{"type":"Polygon","coordinates":[[[-150.2085,62.71563],[-150.21119,62.71432],[-150.21017,62.71273],[-150.20646,62.71245],[-150.20376,62.71376],[-150.20478,62.71535],[-150.2085,62.71563]]]},"properties":{"cell":"890c70cb153ffff","res":9,"coarsened":false,"count":1,"hv":1,"mp":0,"y0":2023,"y1":2023,"sp":[[90,1,1,0,2023,2023]]}},{"type":"Feature","geometry":{"type":"Polygon","coordinates":[[[-149.21704,63.71556],[-149.21988,63.71426],[-149.21889,63.71264],[-149.21505,63.71232],[-149.2122,63.71362],[-149.21319,63.71524],[-149.21704,63.71556]]]},"properties":{"cell":"890c74c011bffff","res":9,"coarsened":false,"count":1,"hv":1,"mp":0,"y0":2023,"y1":2023,"sp":[[11,1,1,0,2023,2023]]}},{"type":"Feature","geometry":{"type":"Polygon","coordinates":[[[-150.06121,62.30099],[-150.06387,62.29968],[-150.06287,62.2981],[-150.05923,62.29782],[-150.05657,62.29912],[-150.05756,62.30071],[-150.06121,62.30099]]]},"properties":{"cell":"890c7044193ffff","res":9,"coarsened":false,"count":1,"hv":1,"mp":0,"y0":2023,"y1":2023,"sp":[[81,1,1,0,2023,2023]]}},{"type":"Feature","geometry":{"type":"Polygon","coordinates":[[[-150.26098,62.40213],[-150.26364,62.40082],[-150.26263,62.39924],[-150.25896,62.39896],[-150.2563,62.40027],[-150.25731,62.40186],[-150.26098,62.40213]]]},"properties":{"cell":"890c7042e6bffff","res":9,"coarsened":false,"count":1,"hv":1,"mp":0,"y0":2023,"y1":2023,"sp":[[30,1,1,0,2023,2023]]}},{"type":"Feature","geometry":{"type":"Polygon","coordinates":[[[-148.99462,63.8723],[-148.9975,63.871],[-148.99652,63.86938],[-148.99266,63.86905],[-148.98978,63.87035],[-148.99076,63.87197],[-148.99462,63.8723]]]},"properties":{"cell":"890c74d2d7bffff","res":9,"coarsened":false,"count":1,"hv":1,"mp":0,"y0":2022,"y1":2022,"sp":[[29,1,1,0,2022,2022]]}},{"type":"Feature","geometry":{"type":"Polygon","coordinates":[[[-149.27852,63.88675],[-149.28138,63.88545],[-149.28038,63.88383],[-149.27651,63.88351],[-149.27365,63.88481],[-149.27465,63.88643],[-149.27852,63.88675]]]},"properties":{"cell":"890c74d1473ffff","res":9,"coarsened":false,"count":248,"hv":248,"mp":0,"y0":2017,"y1":2021,"sp":[[6,103,103,0,2017,2021],[33,39,39,0,2017,2021],[59,28,28,0,2017,2021],[58,15,15,0,2017,2021],[76,11,11,0,2017,2021],[13,10,10,0,2017,2021],[159,7,7,0,2017,2021],[43,7,7,0,2018,2021],[45,6,6,0,2017,2019],[77,5,5,0,2020,2021],[82,3,3,0,2017,2018],[67,3,3,0,2017,2017],[70,2,2,0,2021,2021],[19,1,1,0,2021,2021],[44,1,1,0,2020,2020],[29,1,1,0,2019,2019],[153,1,1,0,2019,2019],[165,1,1,0,2019,2019],[11,1,1,0,2018,2018],[107,1,1,0,2017,2017],[32,1,1,0,2017,2017],[170,1,1,0,2017,2017]]}},{"type":"Feature","geometry":{"type":"Polygon","coordinates":[[[-149.25903,63.87899],[-149.2619,63.87768],[-149.2609,63.87606],[-149.25703,63.87574],[-149.25416,63.87705],[-149.25516,63.87867],[-149.25903,63.87899]]]},"properties":{"cell":"890c74d155bffff","res":9,"coarsened":false,"count":230,"hv":230,"mp":0,"y0":2017,"y1":2021,"sp":[[6,76,76,0,2017,2021],[33,69,69,0,2017,2021],[58,17,17,0,2017,2020],[76,12,12,0,2018,2021],[59,12,12,0,2017,2021],[13,9,9,0,2017,2021],[82,6,6,0,2017,2021],[67,5,5,0,2017,2021],[70,4,4,0,2021,2021],[32,4,4,0,2018,2021],[11,3,3,0,2017,2021],[160,3,3,0,2017,2021],[159,2,2,0,2018,2020],[56,2,2,0,2017,2018],[102,1,1,0,2021,2021],[29,1,1,0,2021,2021],[107,1,1,0,2020,2020],[44,1,1,0,2019,2019],[77,1,1,0,2017,2017],[45,1,1,0,2017,2017]]}},{"type":"Feature","geometry":{"type":"Polygon","coordinates":[[[-149.20327,63.88977],[-149.20614,63.88847],[-149.20514,63.88685],[-149.20128,63.88652],[-149.19841,63.88783],[-149.1994,63.88945],[-149.20327,63.88977]]]},"properties":{"cell":"890c74d06cbffff","res":9,"coarsened":false,"count":189,"hv":189,"mp":0,"y0":2017,"y1":2021,"sp":[[6,85,85,0,2017,2021],[33,33,33,0,2017,2021],[13,23,23,0,2017,2021],[77,10,10,0,2018,2021],[58,8,8,0,2017,2020],[159,6,6,0,2017,2020],[59,6,6,0,2018,2019],[70,4,4,0,2017,2021],[76,4,4,0,2017,2021],[43,3,3,0,2017,2020],[164,3,3,0,2018,2019],[45,2,2,0,2021,2021],[49,1,1,0,2020,2020],[32,1,1,0,2019,2019]]}},{"type":"Feature","geometry":{"type":"Polygon","coordinates":[[[-149.22123,63.87124],[-149.2241,63.86994],[-149.2231,63.86832],[-149.21923,63.868],[-149.21636,63.8693],[-149.21736,63.87092],[-149.22123,63.87124]]]},"properties":{"cell":"890c74d1537ffff","res":9,"coarsened":false,"count":233,"hv":233,"mp":0,"y0":2017,"y1":2021,"sp":[[6,53,53,0,2017,2021],[33,52,52,0,2017,2021],[58,23,23,0,2017,2021],[59,22,22,0,2017,2021],[77,17,17,0,2017,2021],[32,14,14,0,2017,2021],[43,12,12,0,2017,2021],[159,10,10,0,2018,2021],[76,6,6,0,2018,2021],[70,4,4,0,2017,2021],[13,3,3,0,2017,2021],[166,3,3,0,2017,2018],[153,2,2,0,2019,2021],[160,2,2,0,2017,2021],[82,2,2,0,2017,2017],[107,2,2,0,2017,2017],[98,1,1,0,2020,2020],[164,1,1,0,2018,2018],[56,1,1,0,2017,2017],[88,1,1,0,2017,2017],[19,1,1,0,2017,2017],[29,1,1,0,2017,2017]]}},{"type":"Feature","geometry":{"type":"Polygon","coordinates":[[[-149.20402,63.87905],[-149.20689,63.87775],[-149.20589,63.87613],[-149.20203,63.87581],[-149.19916,63.87711],[-149.20015,63.87873],[-149.20402,63.87905]]]},"properties":{"cell":"890c74d067bffff","res":9,"coarsened":false,"count":220,"hv":220,"mp":0,"y0":2017,"y1":2021,"sp":[[6,101,101,0,2017,2021],[33,50,50,0,2017,2021],[59,10,10,0,2018,2021],[70,10,10,0,2017,2020],[159,7,7,0,2017,2021],[58,7,7,0,2017,2020],[13,7,7,0,2017,2020],[76,6,6,0,2017,2021],[77,4,4,0,2017,2021],[49,4,4,0,2019,2020],[32,3,3,0,2021,2021],[98,3,3,0,2017,2017],[82,3,3,0,2017,2017],[162,1,1,0,2021,2021],[45,1,1,0,2020,2020],[164,1,1,0,2019,2019],[166,1,1,0,2017,2017],[160,1,1,0,2017,2017]]}},{"type":"Feature","geometry":{"type":"Polygon","coordinates":[[[-149.23956,63.87122],[-149.24243,63.86992],[-149.24143,63.8683],[-149.23756,63.86798],[-149.23469,63.86928],[-149.23569,63.8709],[-149.23956,63.87122]]]},"properties":{"cell":"890c74d1577ffff","res":9,"coarsened":false,"count":207,"hv":207,"mp":0,"y0":2017,"y1":2021,"sp":[[33,74,74,0,2017,2021],[6,59,59,0,2017,2021],[59,29,29,0,2017,2021],[76,9,9,0,2018,2021],[67,8,8,0,2017,2021],[58,6,6,0,2018,2020],[159,4,4,0,2017,2021],[82,3,3,0,2020,2020],[13,3,3,0,2017,2020],[77,2,2,0,2021,2021],[70,2,2,0,2017,2020],[29,2,2,0,2019,2020],[161,1,1,0,2021,2021],[107,1,1,0,2020,2020],[43,1,1,0,2020,2020],[168,1,1,0,2018,2018],[56,1,1,0,2017,2017],[160,1,1,0,2017,2017]]}},{"type":"Feature","geometry":{"type":"Polygon","coordinates":[[[-149.30174,63.88867],[-149.30461,63.88736],[-149.3036,63.88574],[-149.29973,63.88542],[-149.29687,63.88673],[-149.29787,63.88835],[-149.30174,63.88867]]]},"properties":{"cell":"890c74d1687ffff","res":9,"coarsened":false,"count":105,"hv":105,"mp":0,"y0":2019,"y1":2021,"sp":[[33,39,39,0,2019,2021],[6,33,33,0,2019,2021],[59,14,14,0,2019,2021],[160,4,4,0,2021,2021],[76,4,4,0,2020,2021],[67,3,3,0,2019,2021],[77,1,1,0,2021,2021],[13,1,1,0,2021,2021],[70,1,1,0,2021,2021],[45,1,1,0,2021,2021],[56,1,1,0,2021,2021],[159,1,1,0,2020,2020],[29,1,1,0,2020,2020],[58,1,1,0,2020,2020]]}},{"type":"Feature","geometry":{"type":"Polygon","coordinates":[[[-149.22761,63.89949],[-149.23048,63.89818],[-149.22948,63.89656],[-149.22561,63.89624],[-149.22274,63.89754],[-149.22374,63.89917],[-149.22761,63.89949]]]},"properties":{"cell":"890c74d331bffff","res":9,"coarsened":false,"count":213,"hv":213,"mp":0,"y0":2017,"y1":2021,"sp":[[6,111,111,0,2017,2021],[33,59,59,0,2017,2021],[13,10,10,0,2017,2021],[76,8,8,0,2018,2021],[70,7,7,0,2017,2021],[59,5,5,0,2018,2021],[43,5,5,0,2020,2021],[159,2,2,0,2017,2018],[58,2,2,0,2018,2018],[56,1,1,0,2021,2021],[29,1,1,0,2019,2019],[164,1,1,0,2018,2018],[161,1,1,0,2017,2017]]}},{"type":"Feature","geometry":{"type":"Polygon","coordinates":[[[-149.27594,63.9004],[-149.34316,63.88437],[-149.34909,63.85253],[-149.28795,63.83674],[-149.22084,63.85274],[-149.21475,63.88456],[-149.27594,63.9004]]]},"properties":{"cell":"860c74d17ffffff","res":6,"coarsened":true,"count":11,"hv":11,"mp":0,"y0":2017,"y1":2021,"sp":[[158,8,8,0,2019,2021],[167,2,2,0,2017,2018],[63,1,1,0,2019,2019]]}},{"type":"Feature","geometry":{"type":"Polygon","coordinates":[[[-149.20252,63.94824],[-149.26991,63.93225],[-149.27594,63.9004],[-149.21475,63.88456],[-149.14747,63.90053],[-149.14127,63.93236],[-149.20252,63.94824]]]},"properties":{"cell":"860c74d37ffffff","res":6,"coarsened":true,"count":4,"hv":4,"mp":0,"y0":2017,"y1":2021,"sp":[[158,4,4,0,2017,2021]]}},{"type":"Feature","geometry":{"type":"Polygon","coordinates":[[[-149.27322,63.8663],[-149.27608,63.865],[-149.27508,63.86338],[-149.27121,63.86306],[-149.26835,63.86436],[-149.26935,63.86599],[-149.27322,63.8663]]]},"properties":{"cell":"890c74d1033ffff","res":9,"coarsened":false,"count":197,"hv":197,"mp":0,"y0":2017,"y1":2020,"sp":[[33,41,41,0,2017,2020],[6,39,39,0,2017,2020],[59,34,34,0,2017,2020],[32,14,14,0,2017,2020],[82,14,14,0,2017,2020],[77,12,12,0,2017,2020],[98,8,8,0,2017,2019],[160,8,8,0,2017,2018],[58,7,7,0,2018,2020],[76,6,6,0,2017,2020],[159,3,3,0,2018,2020],[49,2,2,0,2019,2020],[29,2,2,0,2019,2019],[13,1,1,0,2020,2020],[163,1,1,0,2020,2020],[153,1,1,0,2020,2020],[164,1,1,0,2019,2019],[43,1,1,0,2019,2019],[166,1,1,0,2019,2019],[67,1,1,0,2018,2018]]}},{"type":"Feature","geometry":{"type":"Polygon","coordinates":[[[-149.28783,63.87213],[-149.29069,63.87082],[-149.28969,63.8692],[-149.28582,63.86888],[-149.28296,63.87019],[-149.28396,63.87181],[-149.28783,63.87213]]]},"properties":{"cell":"890c74d101bffff","res":9,"coarsened":false,"count":206,"hv":206,"mp":0,"y0":2017,"y1":2019,"sp":[[33,45,45,0,2017,2019],[59,38,38,0,2017,2019],[6,34,34,0,2017,2019],[77,27,27,0,2017,2019],[76,13,13,0,2018,2019],[32,10,10,0,2017,2018],[159,9,9,0,2017,2019],[67,6,6,0,2017,2018],[58,5,5,0,2017,2019],[160,5,5,0,2017,2018],[43,4,4,0,2018,2019],[157,2,2,0,2019,2019],[44,2,2,0,2019,2019],[82,2,2,0,2018,2018],[169,2,2,0,2017,2017],[49,1,1,0,2017,2017],[19,1,1,0,2017,2017]]}},{"type":"Feature","geometry":{"type":"Polygon","coordinates":[[[-148.83842,63.65443],[-148.84128,63.65314],[-148.84032,63.65152],[-148.8365,63.65119],[-148.83364,63.65248],[-148.8346,63.6541],[-148.83842,63.65443]]]},"properties":{"cell":"890c748937bffff","res":9,"coarsened":false,"count":2,"hv":2,"mp":0,"y0":2018,"y1":2018,"sp":[[13,1,1,0,2018,2018],[43,1,1,0,2018,2018]]}},{"type":"Feature","geometry":{"type":"Polygon","coordinates":[[[-149.27737,63.87896],[-149.28024,63.87766],[-149.27923,63.87604],[-149.27537,63.87572],[-149.2725,63.87702],[-149.2735,63.87864],[-149.27737,63.87896]]]},"properties":{"cell":"890c74d109bffff","res":9,"coarsened":false,"count":45,"hv":45,"mp":0,"y0":2017,"y1":2017,"sp":[[6,12,12,0,2017,2017],[33,12,12,0,2017,2017],[59,9,9,0,2017,2017],[13,3,3,0,2017,2017],[58,2,2,0,2017,2017],[77,2,2,0,2017,2017],[19,2,2,0,2017,2017],[67,2,2,0,2017,2017],[11,1,1,0,2017,2017]]}},{"type":"Feature","geometry":{"type":"Polygon","coordinates":[[[-149.27967,63.89455],[-149.28253,63.89324],[-149.28153,63.89162],[-149.27766,63.8913],[-149.27479,63.89261],[-149.27579,63.89423],[-149.27967,63.89455]]]},"properties":{"cell":"890c74d14cfffff","res":9,"coarsened":false,"count":37,"hv":37,"mp":0,"y0":2017,"y1":2017,"sp":[[33,16,16,0,2017,2017],[6,12,12,0,2017,2017],[59,4,4,0,2017,2017],[159,2,2,0,2017,2017],[107,1,1,0,2017,2017],[56,1,1,0,2017,2017],[11,1,1,0,2017,2017]]}},{"type":"Feature","geometry":{"type":"Polygon","coordinates":[[[-149.25976,63.86827],[-149.26262,63.86697],[-149.26162,63.86535],[-149.25775,63.86503],[-149.25489,63.86633],[-149.25589,63.86795],[-149.25976,63.86827]]]},"properties":{"cell":"890c74d10a7ffff","res":9,"coarsened":false,"count":33,"hv":33,"mp":0,"y0":2017,"y1":2017,"sp":[[6,7,7,0,2017,2017],[32,6,6,0,2017,2017],[59,4,4,0,2017,2017],[77,3,3,0,2017,2017],[160,2,2,0,2017,2017],[33,2,2,0,2017,2017],[13,2,2,0,2017,2017],[67,2,2,0,2017,2017],[98,2,2,0,2017,2017],[44,1,1,0,2017,2017],[159,1,1,0,2017,2017],[43,1,1,0,2017,2017]]}},{"type":"Feature","geometry":{"type":"Polygon","coordinates":[[[-149.05575,63.90055],[-149.05863,63.89925],[-149.05764,63.89763],[-149.05378,63.8973],[-149.0509,63.8986],[-149.05189,63.90023],[-149.05575,63.90055]]]},"properties":{"cell":"890c74d2173ffff","res":9,"coarsened":false,"count":31,"hv":31,"mp":0,"y0":2016,"y1":2016,"sp":[[67,6,6,0,2016,2016],[45,4,4,0,2016,2016],[43,3,3,0,2016,2016],[49,3,3,0,2016,2016],[39,2,2,0,2016,2016],[58,2,2,0,2016,2016],[32,2,2,0,2016,2016],[13,1,1,0,2016,2016],[29,1,1,0,2016,2016],[157,1,1,0,2016,2016],[83,1,1,0,2016,2016],[59,1,1,0,2016,2016],[6,1,1,0,2016,2016],[70,1,1,0,2016,2016],[77,1,1,0,2016,2016],[82,1,1,0,2016,2016]]}},{"type":"Feature","geometry":{"type":"Polygon","coordinates":[[[-149.1636,63.88493],[-149.16647,63.88363],[-149.16548,63.88201],[-149.16161,63.88169],[-149.15874,63.88299],[-149.15974,63.88461],[-149.1636,63.88493]]]},"properties":{"cell":"890c74d06b7ffff","res":9,"coarsened":false,"count":1,"hv":1,"mp":0,"y0":2016,"y1":2016,"sp":[[33,1,1,0,2016,2016]]}},{"type":"Feature","geometry":{"type":"Polygon","coordinates":[[[-149.17034,63.88395],[-149.17321,63.88265],[-149.17221,63.88103],[-149.16835,63.88071],[-149.16548,63.88201],[-149.16647,63.88363],[-149.17034,63.88395]]]},"properties":{"cell":"890c74d06a3ffff","res":9,"coarsened":false,"count":2,"hv":2,"mp":0,"y0":2016,"y1":2016,"sp":[[45,1,1,0,2016,2016],[171,1,1,0,2016,2016]]}},{"type":"Feature","geometry":{"type":"Polygon","coordinates":[[[-150.33215,62.31702],[-150.3348,62.31571],[-150.33378,62.31412],[-150.33013,62.31385],[-150.32748,62.31516],[-150.32849,62.31674],[-150.33215,62.31702]]]},"properties":{"cell":"890c704e43bffff","res":9,"coarsened":false,"count":2,"hv":2,"mp":0,"y0":2016,"y1":2016,"sp":[[49,1,1,0,2016,2016],[27,1,1,0,2016,2016]]}},{"type":"Feature","geometry":{"type":"Polygon","coordinates":[[[-148.81969,63.50702],[-148.82253,63.50573],[-148.82157,63.50412],[-148.81778,63.50379],[-148.81494,63.50508],[-148.81589,63.5067],[-148.81969,63.50702]]]},"properties":{"cell":"890c7411cafffff","res":9,"coarsened":false,"count":1,"hv":1,"mp":0,"y0":2016,"y1":2016,"sp":[[26,1,1,0,2016,2016]]}},{"type":"Feature","geometry":{"type":"Polygon","coordinates":[[[-149.92075,63.52517],[-149.92355,63.52386],[-149.92252,63.52225],[-149.91869,63.52195],[-149.91589,63.52326],[-149.91692,63.52488],[-149.92075,63.52517]]]},"properties":{"cell":"890c745a067ffff","res":9,"coarsened":false,"count":1,"hv":1,"mp":0,"y0":2016,"y1":2016,"sp":[[11,1,1,0,2016,2016]]}},{"type":"Feature","geometry":{"type":"Polygon","coordinates":[[[-148.82292,63.37249],[-148.82574,63.3712],[-148.82479,63.36959],[-148.82102,63.36926],[-148.8182,63.37055],[-148.81914,63.37216],[-148.82292,63.37249]]]},"properties":{"cell":"890c7400127ffff","res":9,"coarsened":false,"count":1,"hv":1,"mp":0,"y0":2016,"y1":2016,"sp":[[172,1,1,0,2016,2016]]}},{"type":"Feature","geometry":{"type":"Polygon","coordinates":[[[-148.95551,63.71667],[-148.95837,63.71537],[-148.9574,63.71375],[-148.95357,63.71343],[-148.95071,63.71472],[-148.95168,63.71634],[-148.95551,63.71667]]]},"properties":{"cell":"890c74d5913ffff","res":9,"coarsened":false,"count":18,"hv":18,"mp":0,"y0":2012,"y1":2015,"sp":[[45,6,6,0,2015,2015],[67,4,4,0,2015,2015],[13,3,3,0,2015,2015],[6,2,2,0,2015,2015],[11,1,1,0,2015,2015],[58,1,1,0,2015,2015],[100,1,1,0,2012,2012]]}},{"type":"Feature","geometry":{"type":"Polygon","coordinates":[[[-150.24351,62.59416],[-150.24619,62.59285],[-150.24517,62.59126],[-150.24147,62.59098],[-150.23879,62.59229],[-150.23981,62.59388],[-150.24351,62.59416]]]},"properties":{"cell":"890c70535b3ffff","res":9,"coarsened":false,"count":4,"hv":4,"mp":0,"y0":2015,"y1":2015,"sp":[[100,2,2,0,2015,2015],[58,1,1,0,2015,2015],[83,1,1,0,2015,2015]]}},{"type":"Feature","geometry":{"type":"Polygon","coordinates":[[[-151.60245,63.97244],[-151.60523,63.97108],[-151.60405,63.96947],[-151.6001,63.96921],[-151.59733,63.97056],[-151.59851,63.97218],[-151.60245,63.97244]]]},"properties":{"cell":"890c294a937ffff","res":9,"coarsened":false,"count":17,"hv":17,"mp":0,"y0":2015,"y1":2015,"sp":[[174,3,3,0,2015,2015],[90,2,2,0,2015,2015],[13,2,2,0,2015,2015],[67,2,2,0,2015,2015],[175,1,1,0,2015,2015],[83,1,1,0,2015,2015],[6,1,1,0,2015,2015],[82,1,1,0,2015,2015],[70,1,1,0,2015,2015],[49,1,1,0,2015,2015],[44,1,1,0,2015,2015],[29,1,1,0,2015,2015]]}},{"type":"Feature","geometry":{"type":"Polygon","coordinates":[[[-152.45141,63.43114],[-152.45408,63.42978],[-152.45287,63.42818],[-152.44899,63.42795],[-152.44632,63.42932],[-152.44753,63.43091],[-152.45141,63.43114]]]},"properties":{"cell":"890c2b31a67ffff","res":9,"coarsened":false,"count":12,"hv":12,"mp":0,"y0":2015,"y1":2015,"sp":[[82,3,3,0,2015,2015],[67,2,2,0,2015,2015],[44,2,2,0,2015,2015],[45,1,1,0,2015,2015],[75,1,1,0,2015,2015],[18,1,1,0,2015,2015],[13,1,1,0,2015,2015],[40,1,1,0,2015,2015]]}},{"type":"Feature","geometry":{"type":"Polygon","coordinates":[[[-150.99825,63.54506],[-151.001,63.54372],[-150.99989,63.54212],[-150.99603,63.54185],[-150.99328,63.54318],[-150.99439,63.54479],[-150.99825,63.54506]]]},"properties":{"cell":"890c296eb3bffff","res":9,"coarsened":false,"count":6,"hv":6,"mp":0,"y0":2015,"y1":2015,"sp":[[13,2,2,0,2015,2015],[75,1,1,0,2015,2015],[70,1,1,0,2015,2015],[67,1,1,0,2015,2015],[32,1,1,0,2015,2015]]}},{"type":"Feature","geometry":{"type":"Polygon","coordinates":[[[-149.08382,63.46051],[-149.08664,63.45922],[-149.08567,63.4576],[-149.08188,63.45728],[-149.07905,63.45858],[-149.08002,63.46019],[-149.08382,63.46051]]]},"properties":{"cell":"890c7418ec7ffff","res":9,"coarsened":false,"count":1,"hv":1,"mp":0,"y0":2015,"y1":2015,"sp":[[66,1,1,0,2015,2015]]}},{"type":"Feature","geometry":{"type":"Polygon","coordinates":[[[-151.63027,63.40898],[-151.63298,63.40763],[-151.63183,63.40603],[-151.62797,63.40578],[-151.62526,63.40713],[-151.62641,63.40873],[-151.63027,63.40898]]]},"properties":{"cell":"890c76c320bffff","res":9,"coarsened":false,"count":1,"hv":1,"mp":0,"y0":2015,"y1":2015,"sp":[[6,1,1,0,2015,2015]]}},{"type":"Feature","geometry":{"type":"Polygon","coordinates":[[[-151.89693,63.39103],[-151.89962,63.38967],[-151.89845,63.38807],[-151.89459,63.38783],[-151.8919,63.38918],[-151.89307,63.39078],[-151.89693,63.39103]]]},"properties":{"cell":"890c76cb4c3ffff","res":9,"coarsened":false,"count":1,"hv":1,"mp":0,"y0":2015,"y1":2015,"sp":[[43,1,1,0,2015,2015]]}},{"type":"Feature","geometry":{"type":"Polygon","coordinates":[[[-148.78587,63.63302],[-148.78872,63.63173],[-148.78777,63.63011],[-148.78395,63.62978],[-148.78109,63.63107],[-148.78205,63.63269],[-148.78587,63.63302]]]},"properties":{"cell":"890c7489a97ffff","res":9,"coarsened":false,"count":1,"hv":1,"mp":0,"y0":2014,"y1":2014,"sp":[[19,1,1,0,2014,2014]]}},{"type":"Feature","geometry":{"type":"Polygon","coordinates":[[[-149.07995,63.7118],[-149.0828,63.71051],[-149.08182,63.70889],[-149.07799,63.70856],[-149.07513,63.70986],[-149.07611,63.71148],[-149.07995,63.7118]]]},"properties":{"cell":"890c74c2907ffff","res":9,"coarsened":false,"count":48,"hv":48,"mp":0,"y0":2014,"y1":2014,"sp":[[29,5,5,0,2014,2014],[28,1,1,0,null,null],[83,1,1,0,null,null],[176,1,1,0,null,null],[153,1,1,0,null,null],[157,1,1,0,null,null],[109,1,1,0,null,null],[84,1,1,0,null,null],[82,1,1,0,null,null],[168,1,1,0,null,null],[70,1,1,0,null,null],[76,1,1,0,null,null],[188,1,1,0,null,null],[162,1,1,0,null,null],[67,1,1,0,null,null],[32,1,1,0,null,null],[66,1,1,0,null,null],[78,1,1,0,null,null],[58,1,1,0,null,null],[77,1,1,0,null,null],[6,1,1,0,null,null],[98,1,1,0,null,null],[50,1,1,0,null,null],[13,1,1,0,null,null],[19,1,1,0,null,null],[41,1,1,0,null,null],[45,1,1,0,null,null],[136,1,1,0,null,null],[26,1,1,0,null,null],[163,1,1,0,null,null],[59,1,1,0,null,null],[12,1,1,0,null,null],[90,1,1,0,null,null],[171,1,1,0,null,null],[44,1,1,0,null,null],[43,1,1,0,null,null],[33,1,1,0,null,null],[100,1,1,0,null,null],[17,1,1,0,null,null],[88,1,1,0,null,null],[11,1,1,0,null,null],[75,1,1,0,null,null],[137,1,1,0,null,null],[49,1,1,0,null,null]]}},{"type":"Feature","geometry":{"type":"Polygon","coordinates":[[[-152.09745,62.55356],[-152.10005,62.55221],[-152.0989,62.55063],[-152.09517,62.5504],[-152.09257,62.55175],[-152.09371,62.55333],[-152.09745,62.55356]]]},"properties":{"cell":"890c0da4d3bffff","res":9,"coarsened":false,"count":3,"hv":3,"mp":0,"y0":2014,"y1":2014,"sp":[[25,1,1,0,2014,2014],[29,1,1,0,2014,2014],[100,1,1,0,2014,2014]]}},{"type":"Feature","geometry":{"type":"Polygon","coordinates":[[[-150.67977,62.86119],[-150.68246,62.85986],[-150.6814,62.85827],[-150.67766,62.858],[-150.67497,62.85932],[-150.67603,62.86092],[-150.67977,62.86119]]]},"properties":{"cell":"890c763028bffff","res":9,"coarsened":false,"count":4,"hv":4,"mp":0,"y0":2014,"y1":2014,"sp":[[72,2,2,0,2014,2014],[58,1,1,0,2014,2014],[84,1,1,0,2014,2014]]}},{"type":"Feature","geometry":{"type":"Polygon","coordinates":[[[-148.93921,63.71374],[-148.94207,63.71245],[-148.9411,63.71083],[-148.93726,63.71051],[-148.9344,63.7118],[-148.93538,63.71342],[-148.93921,63.71374]]]},"properties":{"cell":"890c74d59a3ffff","res":9,"coarsened":false,"count":1,"hv":1,"mp":0,"y0":2014,"y1":2014,"sp":[[92,1,1,0,2014,2014]]}},{"type":"Feature","geometry":{"type":"Polygon","coordinates":[[[-151.64866,63.26071],[-151.65135,63.25937],[-151.65021,63.25777],[-151.64638,63.25752],[-151.64369,63.25887],[-151.64483,63.26046],[-151.64866,63.26071]]]},"properties":{"cell":"890c76cf397ffff","res":9,"coarsened":false,"count":7,"hv":7,"mp":0,"y0":2014,"y1":2014,"sp":[[90,2,2,0,2014,2014],[83,1,1,0,2014,2014],[59,1,1,0,2014,2014],[98,1,1,0,2014,2014],[75,1,1,0,2014,2014],[112,1,1,0,2014,2014]]}},{"type":"Feature","geometry":{"type":"Polygon","coordinates":[[[-152.01884,63.63251],[-152.02155,63.63115],[-152.02037,63.62955],[-152.01646,63.62931],[-152.01375,63.63067],[-152.01494,63.63227],[-152.01884,63.63251]]]},"properties":{"cell":"890c2ba1bc7ffff","res":9,"coarsened":false,"count":3,"hv":3,"mp":0,"y0":2014,"y1":2014,"sp":[[29,2,2,0,2014,2014],[174,1,1,0,2014,2014]]}},{"type":"Feature","geometry":{"type":"Polygon","coordinates":[[[-149.66289,63.22053],[-149.66566,63.21923],[-149.66466,63.21762],[-149.66089,63.21732],[-149.65811,63.21862],[-149.65912,63.22023],[-149.66289,63.22053]]]},"properties":{"cell":"890c747b44fffff","res":9,"coarsened":false,"count":2,"hv":2,"mp":0,"y0":2014,"y1":2014,"sp":[[11,2,2,0,2014,2014]]}},{"type":"Feature","geometry":{"type":"Polygon","coordinates":[[[-150.48827,63.08577],[-150.49099,63.08445],[-150.48994,63.08285],[-150.48616,63.08257],[-150.48344,63.08389],[-150.4845,63.08549],[-150.48827,63.08577]]]},"properties":{"cell":"890c76b99a7ffff","res":9,"coarsened":false,"count":3,"hv":3,"mp":0,"y0":2013,"y1":2013,"sp":[[118,2,2,0,2013,2013],[137,1,1,0,2013,2013]]}},{"type":"Feature","geometry":{"type":"Polygon","coordinates":[[[-150.47857,62.88595],[-150.48127,62.88463],[-150.48023,62.88304],[-150.47648,62.88276],[-150.47378,62.88408],[-150.47483,62.88568],[-150.47857,62.88595]]]},"properties":{"cell":"890c7632cb7ffff","res":9,"coarsened":false,"count":2,"hv":2,"mp":0,"y0":2013,"y1":2013,"sp":[[72,2,2,0,2013,2013]]}},{"type":"Feature","geometry":{"type":"Polygon","coordinates":[[[-149.70667,62.8845],[-149.7094,62.8832],[-149.70841,62.8816],[-149.70468,62.8813],[-149.70195,62.88261],[-149.70294,62.8842],[-149.70667,62.8845]]]},"properties":{"cell":"890c70d2e4bffff","res":9,"coarsened":false,"count":1,"hv":1,"mp":0,"y0":2013,"y1":2013,"sp":[[66,1,1,0,2013,2013]]}},{"type":"Feature","geometry":{"type":"Polygon","coordinates":[[[-149.20736,63.56893],[-149.21019,63.56763],[-149.2092,63.56601],[-149.20539,63.5657],[-149.20256,63.56699],[-149.20354,63.56861],[-149.20736,63.56893]]]},"properties":{"cell":"890c74ceb87ffff","res":9,"coarsened":false,"count":6,"hv":6,"mp":0,"y0":2013,"y1":2013,"sp":[[129,3,3,0,2013,2013],[72,1,1,0,2013,2013],[31,1,1,0,2013,2013],[25,1,1,0,2013,2013]]}},{"type":"Feature","geometry":{"type":"Polygon","coordinates":[[[-151.61537,63.78902],[-151.61812,63.78767],[-151.61695,63.78606],[-151.61304,63.7858],[-151.61028,63.78716],[-151.61145,63.78877],[-151.61537,63.78902]]]},"properties":{"cell":"890c2bb71b3ffff","res":9,"coarsened":false,"count":13,"hv":13,"mp":0,"y0":2013,"y1":2013,"sp":[[86,3,3,0,2013,2013],[137,2,2,0,2013,2013],[70,1,1,0,2013,2013],[13,1,1,0,2013,2013],[174,1,1,0,2013,2013],[29,1,1,0,2013,2013],[176,1,1,0,2013,2013],[134,1,1,0,2013,2013],[6,1,1,0,2013,2013],[77,1,1,0,2013,2013]]}},{"type":"Feature","geometry":{"type":"Polygon","coordinates":[[[-150.00943,63.578],[-150.01223,63.57668],[-150.01119,63.57507],[-150.00735,63.57477],[-150.00455,63.57609],[-150.00559,63.5777],[-150.00943,63.578]]]},"properties":{"cell":"890c2925a8fffff","res":9,"coarsened":false,"count":2,"hv":2,"mp":0,"y0":2013,"y1":2013,"sp":[[32,1,1,0,2013,2013],[6,1,1,0,2013,2013]]}},{"type":"Feature","geometry":{"type":"Polygon","coordinates":[[[-151.66101,63.44152],[-151.66372,63.44017],[-151.66257,63.43857],[-151.65871,63.43832],[-151.656,63.43967],[-151.65715,63.44127],[-151.66101,63.44152]]]},"properties":{"cell":"890c76dab47ffff","res":9,"coarsened":false,"count":57,"hv":57,"mp":0,"y0":2013,"y1":2013,"sp":[[43,42,42,0,2013,2013],[98,2,2,0,2013,2013],[157,2,2,0,2013,2013],[82,2,2,0,2013,2013],[44,2,2,0,2013,2013],[26,2,2,0,2013,2013],[77,1,1,0,2013,2013],[29,1,1,0,2013,2013],[6,1,1,0,2013,2013],[40,1,1,0,2013,2013],[67,1,1,0,2013,2013]]}},{"type":"Feature","geometry":{"type":"Polygon","coordinates":[[[-151.63293,63.49469],[-151.69803,63.47753],[-151.70081,63.44563],[-151.63865,63.4309],[-151.57365,63.44803],[-151.5707,63.47992],[-151.63293,63.49469]]]},"properties":{"cell":"860c76dafffffff","res":6,"coarsened":true,"count":3,"hv":3,"mp":0,"y0":2013,"y1":2013,"sp":[[167,3,3,0,2013,2013]]}},{"type":"Feature","geometry":{"type":"Polygon","coordinates":[[[-149.61828,63.23528],[-149.62105,63.23397],[-149.62005,63.23237],[-149.61628,63.23206],[-149.6135,63.23337],[-149.6145,63.23497],[-149.61828,63.23528]]]},"properties":{"cell":"890c7445a27ffff","res":9,"coarsened":false,"count":1,"hv":1,"mp":0,"y0":2012,"y1":2012,"sp":[[29,1,1,0,2012,2012]]}},{"type":"Feature","geometry":{"type":"Polygon","coordinates":[[[-149.01695,63.88496],[-149.01983,63.88366],[-149.01884,63.88204],[-149.01498,63.88172],[-149.0121,63.88301],[-149.01309,63.88464],[-149.01695,63.88496]]]},"properties":{"cell":"890c74d2c77ffff","res":9,"coarsened":false,"count":2,"hv":2,"mp":0,"y0":2011,"y1":2012,"sp":[[47,1,1,0,2012,2012],[44,1,1,0,2011,2011]]}},{"type":"Feature","geometry":{"type":"Polygon","coordinates":[[[-152.44905,62.35164],[-152.45161,62.35029],[-152.45045,62.34872],[-152.44674,62.3485],[-152.44418,62.34985],[-152.44534,62.35143],[-152.44905,62.35164]]]},"properties":{"cell":"890c72cb2c7ffff","res":9,"coarsened":false,"count":10,"hv":10,"mp":0,"y0":2012,"y1":2012,"sp":[[32,2,2,0,2012,2012],[72,1,1,0,2012,2012],[84,1,1,0,2012,2012],[82,1,1,0,2012,2012],[157,1,1,0,2012,2012],[100,1,1,0,2012,2012],[59,1,1,0,2012,2012],[122,1,1,0,2012,2012],[81,1,1,0,2012,2012]]}},{"type":"Feature","geometry":{"type":"Polygon","coordinates":[[[-150.90629,62.7046],[-150.90896,62.70327],[-150.90789,62.70168],[-150.90416,62.70142],[-150.9015,62.70275],[-150.90256,62.70434],[-150.90629,62.7046]]]},"properties":{"cell":"890c762a1b7ffff","res":9,"coarsened":false,"count":3,"hv":3,"mp":0,"y0":2012,"y1":2012,"sp":[[41,1,1,0,2012,2012],[11,1,1,0,2012,2012],[13,1,1,0,2012,2012]]}},{"type":"Feature","geometry":{"type":"Polygon","coordinates":[[[-149.5816,63.74377],[-149.58443,63.74246],[-149.58342,63.74085],[-149.57956,63.74054],[-149.57672,63.74184],[-149.57774,63.74346],[-149.5816,63.74377]]]},"properties":{"cell":"890c74d9b6fffff","res":9,"coarsened":false,"count":7,"hv":7,"mp":0,"y0":2012,"y1":2012,"sp":[[60,3,3,0,2012,2012],[69,2,2,0,2012,2012],[118,1,1,0,2012,2012],[57,1,1,0,2012,2012]]}},{"type":"Feature","geometry":{"type":"Polygon","coordinates":[[[-151.64347,62.88642],[-151.64612,62.88507],[-151.64499,62.88348],[-151.64121,62.88324],[-151.63856,62.88458],[-151.63969,62.88617],[-151.64347,62.88642]]]},"properties":{"cell":"890c7644983ffff","res":9,"coarsened":false,"count":8,"hv":8,"mp":0,"y0":2012,"y1":2012,"sp":[[86,1,1,0,2012,2012],[72,1,1,0,2012,2012],[82,1,1,0,2012,2012],[90,1,1,0,2012,2012],[98,1,1,0,2012,2012],[31,1,1,0,2012,2012],[102,1,1,0,2012,2012],[71,1,1,0,2012,2012]]}},{"type":"Feature","geometry":{"type":"Polygon","coordinates":[[[-149.61194,63.5774],[-149.61476,63.57609],[-149.61374,63.57448],[-149.60991,63.57417],[-149.6071,63.57548],[-149.60811,63.57709],[-149.61194,63.5774]]]},"properties":{"cell":"890c74522b7ffff","res":9,"coarsened":false,"count":1,"hv":1,"mp":0,"y0":2012,"y1":2012,"sp":[[12,1,1,0,2012,2012]]}},{"type":"Feature","geometry":{"type":"Polygon","coordinates":[[[-151.66581,63.08071],[-151.66848,63.07936],[-151.66734,63.07777],[-151.66354,63.07752],[-151.66087,63.07887],[-151.662,63.08046],[-151.66581,63.08071]]]},"properties":{"cell":"890c7654007ffff","res":9,"coarsened":false,"count":5,"hv":5,"mp":0,"y0":2011,"y1":2012,"sp":[[57,2,2,0,2011,2012],[11,1,1,0,2012,2012],[70,1,1,0,2011,2011],[84,1,1,0,2011,2011]]}},{"type":"Feature","geometry":{"type":"Polygon","coordinates":[[[-149.96424,63.94462],[-149.96708,63.9433],[-149.96603,63.94168],[-149.96213,63.94138],[-149.95928,63.9427],[-149.96034,63.94432],[-149.96424,63.94462]]]},"properties":{"cell":"890c293249bffff","res":9,"coarsened":false,"count":2,"hv":2,"mp":0,"y0":2011,"y1":2012,"sp":[[43,1,1,0,2012,2012],[174,1,1,0,2011,2011]]}},{"type":"Feature","geometry":{"type":"Polygon","coordinates":[[[-151.6319,63.62156],[-151.63463,63.62021],[-151.63347,63.6186],[-151.62958,63.61835],[-151.62685,63.6197],[-151.62801,63.62131],[-151.6319,63.62156]]]},"properties":{"cell":"890c2ba4583ffff","res":9,"coarsened":false,"count":3,"hv":3,"mp":0,"y0":2012,"y1":2012,"sp":[[43,1,1,0,2012,2012],[174,1,1,0,2012,2012],[29,1,1,0,2012,2012]]}},{"type":"Feature","geometry":{"type":"Polygon","coordinates":[[[-151.20758,63.96599],[-151.21037,63.96464],[-151.20922,63.96303],[-151.20528,63.96276],[-151.20249,63.9641],[-151.20364,63.96572],[-151.20758,63.96599]]]},"properties":{"cell":"890c294447bffff","res":9,"coarsened":false,"count":10,"hv":10,"mp":0,"y0":2010,"y1":2011,"sp":[[77,4,4,0,2010,2011],[177,2,2,0,2010,2011],[137,2,2,0,2010,2010],[6,1,1,0,2010,2010],[17,1,1,0,2010,2010]]}},{"type":"Feature","geometry":{"type":"Polygon","coordinates":[[[-150.85773,63.44189],[-150.86047,63.44056],[-150.85938,63.43895],[-150.85553,63.43868],[-150.85279,63.44001],[-150.85388,63.44162],[-150.85773,63.44189]]]},"properties":{"cell":"890c7698e0bffff","res":9,"coarsened":false,"count":8,"hv":8,"mp":0,"y0":2011,"y1":2011,"sp":[[134,3,3,0,2011,2011],[75,1,1,0,2011,2011],[86,1,1,0,2011,2011],[29,1,1,0,2011,2011],[13,1,1,0,2011,2011],[45,1,1,0,2011,2011]]}},{"type":"Feature","geometry":{"type":"Polygon","coordinates":[[[-149.23401,63.61256],[-149.23684,63.61126],[-149.23585,63.60964],[-149.23203,63.60932],[-149.22919,63.61062],[-149.23018,63.61224],[-149.23401,63.61256]]]},"properties":{"cell":"890c74ce177ffff","res":9,"coarsened":false,"count":4,"hv":4,"mp":0,"y0":2011,"y1":2011,"sp":[[82,2,2,0,2011,2011],[32,1,1,0,2011,2011],[59,1,1,0,2011,2011]]}},{"type":"Feature","geometry":{"type":"Polygon","coordinates":[[[-150.20325,63.55605],[-150.20604,63.55473],[-150.20498,63.55312],[-150.20114,63.55283],[-150.19835,63.55415],[-150.19941,63.55576],[-150.20325,63.55605]]]},"properties":{"cell":"890c292c16fffff","res":9,"coarsened":false,"count":1,"hv":1,"mp":0,"y0":2011,"y1":2011,"sp":[[78,1,1,0,2011,2011]]}},{"type":"Feature","geometry":{"type":"Polygon","coordinates":[[[-150.87414,63.74467],[-150.87692,63.74334],[-150.87581,63.74172],[-150.87192,63.74145],[-150.86914,63.74279],[-150.87025,63.7444],[-150.87414,63.74467]]]},"properties":{"cell":"890c297535bffff","res":9,"coarsened":false,"count":3,"hv":3,"mp":0,"y0":2011,"y1":2011,"sp":[[6,1,1,0,2011,2011],[11,1,1,0,2011,2011],[29,1,1,0,2011,2011]]}},{"type":"Feature","geometry":{"type":"Polygon","coordinates":[[[-150.79296,62.6678],[-150.79563,62.66648],[-150.79457,62.66489],[-150.79085,62.66462],[-150.78819,62.66594],[-150.78924,62.66753],[-150.79296,62.6678]]]},"properties":{"cell":"890c7621873ffff","res":9,"coarsened":false,"count":2,"hv":2,"mp":0,"y0":2010,"y1":2010,"sp":[[178,1,1,0,2010,2010],[29,1,1,0,2010,2010]]}},{"type":"Feature","geometry":{"type":"Polygon","coordinates":[[[-151.17785,63.07701],[-151.18054,63.07568],[-151.17944,63.07408],[-151.17565,63.07382],[-151.17296,63.07516],[-151.17406,63.07675],[-151.17785,63.07701]]]},"properties":{"cell":"890c760338bffff","res":9,"coarsened":false,"count":1,"hv":1,"mp":0,"y0":2010,"y1":2010,"sp":[[141,1,1,0,2010,2010]]}},{"type":"Feature","geometry":{"type":"Polygon","coordinates":[[[-152.09013,62.73146],[-152.09275,62.73011],[-152.0916,62.72853],[-152.08784,62.72829],[-152.08522,62.72964],[-152.08637,62.73123],[-152.09013,62.73146]]]},"properties":{"cell":"890c0db418fffff","res":9,"coarsened":false,"count":1,"hv":1,"mp":0,"y0":2010,"y1":2010,"sp":[[29,1,1,0,2010,2010]]}},{"type":"Feature","geometry":{"type":"Polygon","coordinates":[[[-149.32726,63.75232],[-149.33011,63.75101],[-149.3291,63.7494],[-149.32526,63.74908],[-149.32241,63.75038],[-149.32341,63.752],[-149.32726,63.75232]]]},"properties":{"cell":"890c74c3347ffff","res":9,"coarsened":false,"count":1,"hv":1,"mp":0,"y0":2009,"y1":2009,"sp":[[71,1,1,0,2009,2009]]}},{"type":"Feature","geometry":{"type":"Polygon","coordinates":[[[-149.28056,63.23374],[-149.28335,63.23245],[-149.28238,63.23084],[-149.27861,63.23053],[-149.27582,63.23182],[-149.2768,63.23343],[-149.28056,63.23374]]]},"properties":{"cell":"890c74704dbffff","res":9,"coarsened":false,"count":1,"hv":1,"mp":0,"y0":2008,"y1":2008,"sp":[[75,1,1,0,2008,2008]]}},{"type":"Feature","geometry":{"type":"Polygon","coordinates":[[[-148.84843,63.37927],[-148.85125,63.37798],[-148.8503,63.37637],[-148.84653,63.37605],[-148.8437,63.37733],[-148.84465,63.37895],[-148.84843,63.37927]]]},"properties":{"cell":"890c7400147ffff","res":9,"coarsened":false,"count":2,"hv":2,"mp":0,"y0":2008,"y1":2008,"sp":[[34,1,1,0,2008,2008],[74,1,1,0,2008,2008]]}},{"type":"Feature","geometry":{"type":"Polygon","coordinates":[[[-150.27143,62.55544],[-150.27411,62.55413],[-150.27309,62.55254],[-150.2694,62.55226],[-150.26673,62.55357],[-150.26774,62.55516],[-150.27143,62.55544]]]},"properties":{"cell":"890c7050687ffff","res":9,"coarsened":false,"count":1,"hv":1,"mp":0,"y0":2008,"y1":2008,"sp":[[102,1,1,0,2008,2008]]}},{"type":"Feature","geometry":{"type":"Polygon","coordinates":[[[-150.25009,62.52209],[-150.25276,62.52078],[-150.25175,62.5192],[-150.24806,62.51892],[-150.24539,62.52023],[-150.24641,62.52182],[-150.25009,62.52209]]]},"properties":{"cell":"890c7050387ffff","res":9,"coarsened":false,"count":1,"hv":1,"mp":0,"y0":2008,"y1":2008,"sp":[[179,1,1,0,2008,2008]]}},{"type":"Feature","geometry":{"type":"Polygon","coordinates":[[[-149.03479,63.84797],[-149.03767,63.84667],[-149.03668,63.84505],[-149.03283,63.84473],[-149.02995,63.84602],[-149.03094,63.84765],[-149.03479,63.84797]]]},"properties":{"cell":"890c74d2b07ffff","res":9,"coarsened":false,"count":1,"hv":1,"mp":0,"y0":2008,"y1":2008,"sp":[[134,1,1,0,2008,2008]]}},{"type":"Feature","geometry":{"type":"Polygon","coordinates":[[[-150.04309,63.51167],[-150.04588,63.51036],[-150.04484,63.50874],[-150.04101,63.50845],[-150.03822,63.50977],[-150.03926,63.51138],[-150.04309,63.51167]]]},"properties":{"cell":"890c745b3abffff","res":9,"coarsened":false,"count":4524,"hv":4524,"mp":0,"y0":null,"y1":null,"sp":[[6,571,571,0,null,null],[59,498,498,0,null,null],[32,473,473,0,null,null],[33,464,464,0,null,null],[58,320,320,0,null,null],[82,276,276,0,null,null],[76,254,254,0,null,null],[84,181,181,0,null,null],[49,143,143,0,null,null],[11,109,109,0,null,null],[66,105,105,0,null,null],[70,87,87,0,null,null],[137,75,75,0,null,null],[162,52,52,0,null,null],[100,48,48,0,null,null],[77,47,47,0,null,null],[69,42,42,0,null,null],[119,41,41,0,null,null],[163,38,38,0,null,null],[98,36,36,0,null,null],[71,35,35,0,null,null],[55,34,34,0,null,null],[65,34,34,0,null,null],[153,33,33,0,null,null],[106,30,30,0,null,null],[20,30,30,0,null,null],[67,29,29,0,null,null],[60,26,26,0,null,null],[56,25,25,0,null,null],[85,21,21,0,null,null],[103,20,20,0,null,null],[12,20,20,0,null,null],[34,18,18,0,null,null],[23,18,18,0,null,null],[57,16,16,0,null,null],[133,16,16,0,null,null],[21,15,15,0,null,null],[27,15,15,0,null,null],[14,15,15,0,null,null],[134,15,15,0,null,null],[25,15,15,0,null,null],[116,15,15,0,null,null],[160,14,14,0,null,null],[99,13,13,0,null,null],[74,11,11,0,null,null],[109,9,9,0,null,null],[164,9,9,0,null,null],[90,9,9,0,null,null],[86,9,9,0,null,null],[61,7,7,0,null,null],[101,7,7,0,null,null],[96,7,7,0,null,null],[75,6,6,0,null,null],[19,6,6,0,null,null],[105,6,6,0,null,null],[79,6,6,0,null,null],[122,5,5,0,null,null],[114,5,5,0,null,null],[41,4,4,0,null,null],[43,4,4,0,null,null],[154,4,4,0,null,null],[88,3,3,0,null,null],[44,3,3,0,null,null],[129,3,3,0,null,null],[83,3,3,0,null,null],[29,3,3,0,null,null],[81,3,3,0,null,null],[93,2,2,0,null,null],[108,2,2,0,null,null],[24,2,2,0,null,null],[50,1,1,0,null,null],[188,1,1,0,null,null],[87,1,1,0,null,null],[78,1,1,0,null,null]]}},{"type":"Feature","geometry":{"type":"Polygon","coordinates":[[[-150.71366,62.36159],[-150.7163,62.36027],[-150.71526,62.35869],[-150.71158,62.35843],[-150.70895,62.35974],[-150.70999,62.36132],[-150.71366,62.36159]]]},"properties":{"cell":"890c704b367ffff","res":9,"coarsened":false,"count":60,"hv":60,"mp":0,"y0":null,"y1":null,"sp":[[157,7,7,0,null,null],[6,6,6,0,null,null],[90,6,6,0,null,null],[49,5,5,0,null,null],[75,5,5,0,null,null],[70,5,5,0,null,null],[137,4,4,0,null,null],[76,4,4,0,null,null],[67,4,4,0,null,null],[77,3,3,0,null,null],[33,3,3,0,null,null],[98,2,2,0,null,null],[29,2,2,0,null,null],[19,1,1,0,null,null],[174,1,1,0,null,null],[58,1,1,0,null,null],[43,1,1,0,null,null]]}},{"type":"Feature","geometry":{"type":"Polygon","coordinates":[[[-150.73234,62.40062],[-150.73497,62.3993],[-150.73393,62.39772],[-150.73025,62.39745],[-150.72761,62.39877],[-150.72866,62.40036],[-150.73234,62.40062]]]},"properties":{"cell":"890c704b60fffff","res":9,"coarsened":false,"count":46,"hv":46,"mp":0,"y0":null,"y1":null,"sp":[[67,5,5,0,null,null],[90,5,5,0,null,null],[98,4,4,0,null,null],[76,4,4,0,null,null],[157,4,4,0,null,null],[137,3,3,0,null,null],[75,3,3,0,null,null],[100,3,3,0,null,null],[83,2,2,0,null,null],[70,2,2,0,null,null],[82,2,2,0,null,null],[77,2,2,0,null,null],[49,2,2,0,null,null],[58,1,1,0,null,null],[6,1,1,0,null,null],[29,1,1,0,null,null],[19,1,1,0,null,null],[88,1,1,0,null,null]]}},{"type":"Feature","geometry":{"type":"Polygon","coordinates":[[[-150.7199,62.37108],[-150.72254,62.36976],[-150.7215,62.36818],[-150.71782,62.36792],[-150.71519,62.36924],[-150.71623,62.37082],[-150.7199,62.37108]]]},"properties":{"cell":"890c704b357ffff","res":9,"coarsened":false,"count":89,"hv":89,"mp":0,"y0":null,"y1":null,"sp":[[49,8,8,0,null,null],[77,7,7,0,null,null],[75,7,7,0,null,null],[90,6,6,0,null,null],[33,6,6,0,null,null],[34,6,6,0,null,null],[82,6,6,0,null,null],[157,5,5,0,null,null],[6,5,5,0,null,null],[29,4,4,0,null,null],[98,4,4,0,null,null],[137,3,3,0,null,null],[162,3,3,0,null,null],[67,3,3,0,null,null],[70,3,3,0,null,null],[58,2,2,0,null,null],[76,2,2,0,null,null],[84,2,2,0,null,null],[66,2,2,0,null,null],[18,1,1,0,null,null],[174,1,1,0,null,null],[17,1,1,0,null,null],[124,1,1,0,null,null],[83,1,1,0,null,null]]}},{"type":"Feature","geometry":{"type":"Polygon","coordinates":[[[-150.70264,62.3608],[-150.70527,62.35948],[-150.70424,62.3579],[-150.70056,62.35763],[-150.69793,62.35895],[-150.69897,62.36053],[-150.70264,62.3608]]]},"properties":{"cell":"890c704b32fffff","res":9,"coarsened":false,"count":72,"hv":72,"mp":0,"y0":null,"y1":null,"sp":[[49,8,8,0,null,null],[98,6,6,0,null,null],[6,6,6,0,null,null],[157,6,6,0,null,null],[77,6,6,0,null,null],[137,5,5,0,null,null],[76,5,5,0,null,null],[90,5,5,0,null,null],[33,5,5,0,null,null],[75,4,4,0,null,null],[32,4,4,0,null,null],[19,3,3,0,null,null],[70,3,3,0,null,null],[83,1,1,0,null,null],[58,1,1,0,null,null],[82,1,1,0,null,null],[67,1,1,0,null,null],[43,1,1,0,null,null],[163,1,1,0,null,null]]}},{"type":"Feature","geometry":{"type":"Polygon","coordinates":[[[-150.73093,62.37187],[-150.73356,62.37056],[-150.73252,62.36897],[-150.72885,62.36871],[-150.72621,62.37003],[-150.72725,62.37161],[-150.73093,62.37187]]]},"properties":{"cell":"890c704b35bffff","res":9,"coarsened":false,"count":66,"hv":66,"mp":0,"y0":null,"y1":null,"sp":[[76,7,7,0,null,null],[157,6,6,0,null,null],[75,6,6,0,null,null],[6,5,5,0,null,null],[83,5,5,0,null,null],[137,5,5,0,null,null],[49,5,5,0,null,null],[90,4,4,0,null,null],[67,4,4,0,null,null],[82,3,3,0,null,null],[98,3,3,0,null,null],[70,3,3,0,null,null],[44,1,1,0,null,null],[58,1,1,0,null,null],[19,1,1,0,null,null],[34,1,1,0,null,null],[29,1,1,0,null,null],[88,1,1,0,null,null],[77,1,1,0,null,null],[114,1,1,0,null,null],[84,1,1,0,null,null],[181,1,1,0,null,null]]}},{"type":"Feature","geometry":{"type":"Polygon","coordinates":[[[-150.71984,62.38163],[-150.72247,62.38031],[-150.72143,62.37873],[-150.71775,62.37846],[-150.71512,62.37978],[-150.71616,62.38136],[-150.71984,62.38163]]]},"properties":{"cell":"890c704b2a7ffff","res":9,"coarsened":false,"count":455,"hv":455,"mp":0,"y0":null,"y1":null,"sp":[[49,27,27,0,null,null],[157,25,25,0,null,null],[90,23,23,0,null,null],[98,22,22,0,null,null],[75,21,21,0,null,null],[137,21,21,0,null,null],[76,21,21,0,null,null],[70,20,20,0,null,null],[82,19,19,0,null,null],[6,18,18,0,null,null],[77,18,18,0,null,null],[83,17,17,0,null,null],[67,16,16,0,null,null],[33,16,16,0,null,null],[58,15,15,0,null,null],[32,12,12,0,null,null],[29,11,11,0,null,null],[84,11,11,0,null,null],[34,10,10,0,null,null],[162,9,9,0,null,null],[86,8,8,0,null,null],[134,8,8,0,null,null],[109,7,7,0,null,null],[19,7,7,0,null,null],[43,7,7,0,null,null],[66,7,7,0,null,null],[18,5,5,0,null,null],[187,5,5,0,null,null],[88,5,5,0,null,null],[100,5,5,0,null,null],[114,5,5,0,null,null],[181,4,4,0,null,null],[174,4,4,0,null,null],[17,4,4,0,null,null],[189,3,3,0,null,null],[30,3,3,0,null,null],[136,2,2,0,null,null],[61,2,2,0,null,null],[176,2,2,0,null,null],[163,2,2,0,null,null],[112,2,2,0,null,null],[41,2,2,0,null,null],[108,2,2,0,null,null],[124,1,1,0,null,null],[24,1,1,0,null,null]]}},{"type":"Feature","geometry":{"type":"Polygon","coordinates":[[[-150.7197,62.40273],[-150.72234,62.40141],[-150.7213,62.39983],[-150.71762,62.39956],[-150.71498,62.40088],[-150.71602,62.40246],[-150.7197,62.40273]]]},"properties":{"cell":"890c704b6abffff","res":9,"coarsened":false,"count":45,"hv":45,"mp":0,"y0":null,"y1":null,"sp":[[90,6,6,0,null,null],[67,5,5,0,null,null],[157,4,4,0,null,null],[76,3,3,0,null,null],[137,3,3,0,null,null],[98,3,3,0,null,null],[100,3,3,0,null,null],[83,3,3,0,null,null],[75,3,3,0,null,null],[49,3,3,0,null,null],[82,2,2,0,null,null],[70,2,2,0,null,null],[58,1,1,0,null,null],[19,1,1,0,null,null],[32,1,1,0,null,null],[6,1,1,0,null,null],[77,1,1,0,null,null]]}},{"type":"Feature","geometry":{"type":"Polygon","coordinates":[[[-150.71012,62.42014],[-150.71276,62.41882],[-150.71171,62.41724],[-150.70803,62.41697],[-150.70539,62.41829],[-150.70643,62.41987],[-150.71012,62.42014]]]},"properties":{"cell":"890c7296933ffff","res":9,"coarsened":false,"count":111,"hv":111,"mp":0,"y0":null,"y1":null,"sp":[[49,12,12,0,null,null],[67,10,10,0,null,null],[6,9,9,0,null,null],[76,9,9,0,null,null],[83,7,7,0,null,null],[90,7,7,0,null,null],[134,7,7,0,null,null],[82,5,5,0,null,null],[98,5,5,0,null,null],[137,5,5,0,null,null],[70,5,5,0,null,null],[32,4,4,0,null,null],[157,4,4,0,null,null],[77,4,4,0,null,null],[58,3,3,0,null,null],[75,2,2,0,null,null],[33,2,2,0,null,null],[109,2,2,0,null,null],[43,2,2,0,null,null],[163,1,1,0,null,null],[182,1,1,0,null,null],[174,1,1,0,null,null],[162,1,1,0,null,null],[187,1,1,0,null,null],[29,1,1,0,null,null],[88,1,1,0,null,null]]}},{"type":"Feature","geometry":{"type":"Polygon","coordinates":[[[-150.70365,62.4423],[-150.70629,62.44098],[-150.70525,62.4394],[-150.70156,62.43913],[-150.69892,62.44045],[-150.69996,62.44203],[-150.70365,62.4423]]]},"properties":{"cell":"890c7296d07ffff","res":9,"coarsened":false,"count":625,"hv":625,"mp":0,"y0":null,"y1":null,"sp":[[77,21,21,0,null,null],[137,21,21,0,null,null],[75,21,21,0,null,null],[76,21,21,0,null,null],[83,21,21,0,null,null],[90,21,21,0,null,null],[67,21,21,0,null,null],[157,21,21,0,null,null],[98,21,21,0,null,null],[49,21,21,0,null,null],[82,20,20,0,null,null],[6,20,20,0,null,null],[70,20,20,0,null,null],[100,20,20,0,null,null],[32,19,19,0,null,null],[33,19,19,0,null,null],[134,19,19,0,null,null],[43,16,16,0,null,null],[58,15,15,0,null,null],[84,13,13,0,null,null],[29,12,12,0,null,null],[88,12,12,0,null,null],[19,11,11,0,null,null],[66,11,11,0,null,null],[174,10,10,0,null,null],[109,10,10,0,null,null],[187,10,10,0,null,null],[189,10,10,0,null,null],[136,9,9,0,null,null],[162,9,9,0,null,null],[114,8,8,0,null,null],[86,8,8,0,null,null],[17,7,7,0,null,null],[176,7,7,0,null,null],[154,6,6,0,null,null],[30,6,6,0,null,null],[34,6,6,0,null,null],[21,6,6,0,null,null],[163,5,5,0,null,null],[123,4,4,0,null,null],[44,4,4,0,null,null],[181,4,4,0,null,null],[178,4,4,0,null,null],[81,4,4,0,null,null],[78,3,3,0,null,null],[18,3,3,0,null,null],[40,3,3,0,null,null],[27,3,3,0,null,null],[101,3,3,0,null,null],[108,3,3,0,null,null],[102,2,2,0,null,null],[130,2,2,0,null,null],[94,2,2,0,null,null],[141,2,2,0,null,null],[79,2,2,0,null,null],[124,2,2,0,null,null],[61,2,2,0,null,null],[20,2,2,0,null,null],[41,2,2,0,null,null],[112,2,2,0,null,null],[171,1,1,0,null,null],[105,1,1,0,null,null],[180,1,1,0,null,null],[182,1,1,0,null,null],[125,1,1,0,null,null],[55,1,1,0,null,null],[85,1,1,0,null,null],[28,1,1,0,null,null],[23,1,1,0,null,null],[14,1,1,0,null,null],[47,1,1,0,null,null],[110,1,1,0,null,null],[26,1,1,0,null,null]]}},{"type":"Feature","geometry":{"type":"Polygon","coordinates":[[[-150.66177,62.35182],[-150.6644,62.3505],[-150.66337,62.34892],[-150.6597,62.34865],[-150.65706,62.34997],[-150.6581,62.35155],[-150.66177,62.35182]]]},"properties":{"cell":"890c7048637ffff","res":9,"coarsened":false,"count":50,"hv":50,"mp":0,"y0":null,"y1":null,"sp":[[49,7,7,0,null,null],[75,6,6,0,null,null],[83,5,5,0,null,null],[76,4,4,0,null,null],[70,4,4,0,null,null],[137,3,3,0,null,null],[90,3,3,0,null,null],[98,3,3,0,null,null],[157,2,2,0,null,null],[6,2,2,0,null,null],[77,2,2,0,null,null],[82,1,1,0,null,null],[67,1,1,0,null,null],[88,1,1,0,null,null],[18,1,1,0,null,null],[134,1,1,0,null,null],[43,1,1,0,null,null],[86,1,1,0,null,null],[187,1,1,0,null,null],[84,1,1,0,null,null]]}},{"type":"Feature","geometry":{"type":"Polygon","coordinates":[[[-150.63974,62.35022],[-150.64238,62.34891],[-150.64135,62.34732],[-150.63768,62.34706],[-150.63504,62.34837],[-150.63607,62.34996],[-150.63974,62.35022]]]},"properties":{"cell":"890c704808bffff","res":9,"coarsened":false,"count":69,"hv":69,"mp":0,"y0":null,"y1":null,"sp":[[49,7,7,0,null,null],[77,7,7,0,null,null],[137,6,6,0,null,null],[157,6,6,0,null,null],[70,5,5,0,null,null],[67,5,5,0,null,null],[75,5,5,0,null,null],[90,4,4,0,null,null],[98,4,4,0,null,null],[32,4,4,0,null,null],[58,3,3,0,null,null],[83,2,2,0,null,null],[82,2,2,0,null,null],[76,2,2,0,null,null],[100,2,2,0,null,null],[130,1,1,0,null,null],[86,1,1,0,null,null],[43,1,1,0,null,null],[30,1,1,0,null,null],[33,1,1,0,null,null]]}},{"type":"Feature","geometry":{"type":"Polygon","coordinates":[[[-150.59262,62.34228],[-150.59526,62.34096],[-150.59422,62.33938],[-150.59056,62.33911],[-150.58792,62.34043],[-150.58895,62.34201],[-150.59262,62.34228]]]},"properties":{"cell":"890c704852fffff","res":9,"coarsened":false,"count":59,"hv":59,"mp":0,"y0":null,"y1":null,"sp":[[6,5,5,0,null,null],[67,5,5,0,null,null],[157,5,5,0,null,null],[86,5,5,0,null,null],[70,4,4,0,null,null],[75,3,3,0,null,null],[137,3,3,0,null,null],[76,3,3,0,null,null],[90,3,3,0,null,null],[19,3,3,0,null,null],[49,3,3,0,null,null],[174,2,2,0,null,null],[43,2,2,0,null,null],[29,2,2,0,null,null],[77,2,2,0,null,null],[134,2,2,0,null,null],[33,2,2,0,null,null],[162,1,1,0,null,null],[114,1,1,0,null,null],[101,1,1,0,null,null],[79,1,1,0,null,null],[14,1,1,0,null,null]]}},{"type":"Feature","geometry":{"type":"Polygon","coordinates":[[[-150.72123,62.41038],[-150.72387,62.40906],[-150.72283,62.40748],[-150.71915,62.40721],[-150.71651,62.40853],[-150.71755,62.41011],[-150.72123,62.41038]]]},"properties":{"cell":"890c704b683ffff","res":9,"coarsened":false,"count":62,"hv":62,"mp":0,"y0":null,"y1":null,"sp":[[49,8,8,0,null,null],[76,7,7,0,null,null],[98,5,5,0,null,null],[137,5,5,0,null,null],[83,4,4,0,null,null],[90,4,4,0,null,null],[100,4,4,0,null,null],[70,4,4,0,null,null],[157,3,3,0,null,null],[6,3,3,0,null,null],[75,2,2,0,null,null],[82,2,2,0,null,null],[134,2,2,0,null,null],[77,2,2,0,null,null],[43,1,1,0,null,null],[67,1,1,0,null,null],[33,1,1,0,null,null],[32,1,1,0,null,null],[187,1,1,0,null,null],[58,1,1,0,null,null],[19,1,1,0,null,null]]}},{"type":"Feature","geometry":{"type":"Polygon","coordinates":[[[-150.70372,62.43174],[-150.70636,62.43043],[-150.70532,62.42884],[-150.70164,62.42858],[-150.69899,62.42989],[-150.70004,62.43148],[-150.70372,62.43174]]]},"properties":{"cell":"890c7296997ffff","res":9,"coarsened":false,"count":102,"hv":102,"mp":0,"y0":null,"y1":null,"sp":[[67,12,12,0,null,null],[49,11,11,0,null,null],[98,11,11,0,null,null],[137,8,8,0,null,null],[76,8,8,0,null,null],[90,8,8,0,null,null],[70,6,6,0,null,null],[83,5,5,0,null,null],[100,4,4,0,null,null],[6,3,3,0,null,null],[33,3,3,0,null,null],[75,3,3,0,null,null],[58,2,2,0,null,null],[66,2,2,0,null,null],[157,2,2,0,null,null],[43,2,2,0,null,null],[189,2,2,0,null,null],[77,2,2,0,null,null],[84,2,2,0,null,null],[88,2,2,0,null,null],[136,1,1,0,null,null],[109,1,1,0,null,null],[19,1,1,0,null,null],[134,1,1,0,null,null]]}},{"type":"Feature","geometry":{"type":"Polygon","coordinates":[[[-150.62093,62.34283],[-150.62357,62.34151],[-150.62254,62.33993],[-150.61887,62.33967],[-150.61623,62.34098],[-150.61726,62.34256],[-150.62093,62.34283]]]},"properties":{"cell":"890c70480a7ffff","res":9,"coarsened":false,"count":76,"hv":76,"mp":0,"y0":null,"y1":null,"sp":[[90,8,8,0,null,null],[49,8,8,0,null,null],[82,6,6,0,null,null],[98,6,6,0,null,null],[77,6,6,0,null,null],[157,6,6,0,null,null],[75,5,5,0,null,null],[76,4,4,0,null,null],[70,4,4,0,null,null],[100,4,4,0,null,null],[137,3,3,0,null,null],[83,2,2,0,null,null],[30,2,2,0,null,null],[162,2,2,0,null,null],[43,2,2,0,null,null],[81,1,1,0,null,null],[124,1,1,0,null,null],[29,1,1,0,null,null],[134,1,1,0,null,null],[32,1,1,0,null,null],[67,1,1,0,null,null],[6,1,1,0,null,null],[58,1,1,0,null,null]]}},{"type":"Feature","geometry":{"type":"Polygon","coordinates":[[[-150.60993,62.34203],[-150.61256,62.34071],[-150.61153,62.33913],[-150.60786,62.33887],[-150.60523,62.34018],[-150.60626,62.34176],[-150.60993,62.34203]]]},"properties":{"cell":"890c704856fffff","res":9,"coarsened":false,"count":69,"hv":69,"mp":0,"y0":null,"y1":null,"sp":[[67,8,8,0,null,null],[90,7,7,0,null,null],[49,7,7,0,null,null],[137,7,7,0,null,null],[75,7,7,0,null,null],[76,6,6,0,null,null],[70,6,6,0,null,null],[157,5,5,0,null,null],[77,3,3,0,null,null],[174,2,2,0,null,null],[6,2,2,0,null,null],[178,1,1,0,null,null],[44,1,1,0,null,null],[18,1,1,0,null,null],[134,1,1,0,null,null],[86,1,1,0,null,null],[58,1,1,0,null,null],[29,1,1,0,null,null],[82,1,1,0,null,null],[47,1,1,0,null,null]]}},{"type":"Feature","geometry":{"type":"Polygon","coordinates":[[[-150.67909,62.35156],[-150.68172,62.35024],[-150.68069,62.34866],[-150.67701,62.3484],[-150.67438,62.34971],[-150.67542,62.3513],[-150.67909,62.35156]]]},"properties":{"cell":"890c7048677ffff","res":9,"coarsened":false,"count":65,"hv":65,"mp":0,"y0":null,"y1":null,"sp":[[67,6,6,0,null,null],[70,6,6,0,null,null],[6,6,6,0,null,null],[49,6,6,0,null,null],[76,6,6,0,null,null],[137,6,6,0,null,null],[33,5,5,0,null,null],[90,5,5,0,null,null],[77,4,4,0,null,null],[86,4,4,0,null,null],[75,3,3,0,null,null],[29,2,2,0,null,null],[181,1,1,0,null,null],[174,1,1,0,null,null],[136,1,1,0,null,null],[18,1,1,0,null,null],[109,1,1,0,null,null],[162,1,1,0,null,null]]}},{"type":"Feature","geometry":{"type":"Polygon","coordinates":[[[-150.65076,62.35102],[-150.65339,62.3497],[-150.65236,62.34812],[-150.64869,62.34786],[-150.64605,62.34917],[-150.64709,62.35075],[-150.65076,62.35102]]]},"properties":{"cell":"890c70480c3ffff","res":9,"coarsened":false,"count":50,"hv":50,"mp":0,"y0":null,"y1":null,"sp":[[67,7,7,0,null,null],[76,6,6,0,null,null],[137,6,6,0,null,null],[70,5,5,0,null,null],[90,5,5,0,null,null],[75,4,4,0,null,null],[49,4,4,0,null,null],[83,2,2,0,null,null],[29,2,2,0,null,null],[77,2,2,0,null,null],[82,2,2,0,null,null],[100,2,2,0,null,null],[58,1,1,0,null,null],[98,1,1,0,null,null],[6,1,1,0,null,null]]}},{"type":"Feature","geometry":{"type":"Polygon","coordinates":[[[-150.63824,62.34258],[-150.64088,62.34126],[-150.63985,62.33968],[-150.63618,62.33941],[-150.63354,62.34073],[-150.63458,62.34231],[-150.63824,62.34258]]]},"properties":{"cell":"890c7048007ffff","res":9,"coarsened":false,"count":365,"hv":365,"mp":0,"y0":null,"y1":null,"sp":[[67,21,21,0,null,null],[90,20,20,0,null,null],[49,18,18,0,null,null],[76,18,18,0,null,null],[75,17,17,0,null,null],[137,16,16,0,null,null],[157,16,16,0,null,null],[70,16,16,0,null,null],[6,14,14,0,null,null],[77,14,14,0,null,null],[33,13,13,0,null,null],[134,12,12,0,null,null],[82,12,12,0,null,null],[98,11,11,0,null,null],[29,10,10,0,null,null],[86,10,10,0,null,null],[43,8,8,0,null,null],[83,8,8,0,null,null],[174,7,7,0,null,null],[100,7,7,0,null,null],[19,7,7,0,null,null],[58,7,7,0,null,null],[114,6,6,0,null,null],[123,6,6,0,null,null],[27,5,5,0,null,null],[162,5,5,0,null,null],[88,5,5,0,null,null],[94,4,4,0,null,null],[154,4,4,0,null,null],[30,3,3,0,null,null],[44,3,3,0,null,null],[55,3,3,0,null,null],[101,3,3,0,null,null],[109,3,3,0,null,null],[136,3,3,0,null,null],[81,2,2,0,null,null],[79,2,2,0,null,null],[41,2,2,0,null,null],[176,2,2,0,null,null],[21,2,2,0,null,null],[32,2,2,0,null,null],[112,2,2,0,null,null],[108,2,2,0,null,null],[85,1,1,0,null,null],[124,1,1,0,null,null],[18,1,1,0,null,null],[163,1,1,0,null,null],[40,1,1,0,null,null],[187,1,1,0,null,null],[23,1,1,0,null,null],[47,1,1,0,null,null],[178,1,1,0,null,null],[14,1,1,0,null,null],[17,1,1,0,null,null],[84,1,1,0,null,null],[95,1,1,0,null,null],[28,1,1,0,null,null]]}},{"type":"Feature","geometry":{"type":"Polygon","coordinates":[[[-150.58174,62.33094],[-150.58438,62.32962],[-150.58335,62.32804],[-150.57968,62.32777],[-150.57705,62.32909],[-150.57807,62.33067],[-150.58174,62.33094]]]},"properties":{"cell":"890c704aa6bffff","res":9,"coarsened":false,"count":54,"hv":54,"mp":0,"y0":null,"y1":null,"sp":[[67,8,8,0,null,null],[49,7,7,0,null,null],[75,6,6,0,null,null],[90,5,5,0,null,null],[77,5,5,0,null,null],[76,5,5,0,null,null],[157,4,4,0,null,null],[70,4,4,0,null,null],[137,2,2,0,null,null],[82,2,2,0,null,null],[19,2,2,0,null,null],[44,1,1,0,null,null],[88,1,1,0,null,null],[174,1,1,0,null,null],[6,1,1,0,null,null]]}},{"type":"Feature","geometry":{"type":"Polygon","coordinates":[[[-150.54084,62.33247],[-150.54348,62.33115],[-150.54245,62.32957],[-150.53879,62.3293],[-150.53615,62.33062],[-150.53717,62.3322],[-150.54084,62.33247]]]},"properties":{"cell":"890c704abc3ffff","res":9,"coarsened":false,"count":71,"hv":71,"mp":0,"y0":null,"y1":null,"sp":[[70,7,7,0,null,null],[67,7,7,0,null,null],[90,6,6,0,null,null],[49,6,6,0,null,null],[77,6,6,0,null,null],[137,5,5,0,null,null],[157,4,4,0,null,null],[76,4,4,0,null,null],[43,4,4,0,null,null],[6,4,4,0,null,null],[114,3,3,0,null,null],[123,2,2,0,null,null],[75,2,2,0,null,null],[101,2,2,0,null,null],[19,2,2,0,null,null],[32,1,1,0,null,null],[83,1,1,0,null,null],[94,1,1,0,null,null],[27,1,1,0,null,null],[82,1,1,0,null,null],[29,1,1,0,null,null],[21,1,1,0,null,null]]}},{"type":"Feature","geometry":{"type":"Polygon","coordinates":[[[-150.52369,62.32217],[-150.52633,62.32086],[-150.5253,62.31927],[-150.52164,62.319],[-150.519,62.32032],[-150.52003,62.3219],[-150.52369,62.32217]]]},"properties":{"cell":"890c704ab33ffff","res":9,"coarsened":false,"count":53,"hv":53,"mp":0,"y0":null,"y1":null,"sp":[[67,7,7,0,null,null],[49,7,7,0,null,null],[90,7,7,0,null,null],[157,6,6,0,null,null],[82,4,4,0,null,null],[6,4,4,0,null,null],[76,4,4,0,null,null],[70,3,3,0,null,null],[137,2,2,0,null,null],[77,2,2,0,null,null],[83,1,1,0,null,null],[174,1,1,0,null,null],[58,1,1,0,null,null],[19,1,1,0,null,null],[43,1,1,0,null,null],[29,1,1,0,null,null],[75,1,1,0,null,null]]}},{"type":"Feature","geometry":{"type":"Polygon","coordinates":[[[-150.50171,62.32055],[-150.50435,62.31924],[-150.50333,62.31766],[-150.49967,62.31739],[-150.49703,62.3187],[-150.49805,62.32028],[-150.50171,62.32055]]]},"properties":{"cell":"890c704f6d7ffff","res":9,"coarsened":false,"count":49,"hv":49,"mp":0,"y0":null,"y1":null,"sp":[[67,8,8,0,null,null],[90,7,7,0,null,null],[70,6,6,0,null,null],[49,5,5,0,null,null],[76,4,4,0,null,null],[157,4,4,0,null,null],[137,2,2,0,null,null],[19,2,2,0,null,null],[77,2,2,0,null,null],[75,2,2,0,null,null],[83,1,1,0,null,null],[6,1,1,0,null,null],[162,1,1,0,null,null],[178,1,1,0,null,null],[44,1,1,0,null,null],[174,1,1,0,null,null],[86,1,1,0,null,null]]}},{"type":"Feature","geometry":{"type":"Polygon","coordinates":[[[-150.47182,62.32287],[-150.47446,62.32156],[-150.47344,62.31998],[-150.46978,62.31971],[-150.46714,62.32102],[-150.46816,62.3226],[-150.47182,62.32287]]]},"properties":{"cell":"890c704f453ffff","res":9,"coarsened":false,"count":54,"hv":54,"mp":0,"y0":null,"y1":null,"sp":[[67,8,8,0,null,null],[49,8,8,0,null,null],[76,5,5,0,null,null],[90,5,5,0,null,null],[70,3,3,0,null,null],[77,3,3,0,null,null],[75,3,3,0,null,null],[157,3,3,0,null,null],[88,2,2,0,null,null],[58,2,2,0,null,null],[100,2,2,0,null,null],[17,2,2,0,null,null],[137,1,1,0,null,null],[83,1,1,0,null,null],[136,1,1,0,null,null],[40,1,1,0,null,null],[98,1,1,0,null,null],[30,1,1,0,null,null],[28,1,1,0,null,null],[6,1,1,0,null,null]]}},{"type":"Feature","geometry":{"type":"Polygon","coordinates":[[[-150.44374,62.31176],[-150.44638,62.31045],[-150.44536,62.30886],[-150.4417,62.30859],[-150.43906,62.30991],[-150.44008,62.31149],[-150.44374,62.31176]]]},"properties":{"cell":"890c704f427ffff","res":9,"coarsened":false,"count":72,"hv":72,"mp":0,"y0":null,"y1":null,"sp":[[6,7,7,0,null,null],[49,7,7,0,null,null],[70,7,7,0,null,null],[67,6,6,0,null,null],[90,5,5,0,null,null],[136,5,5,0,null,null],[75,5,5,0,null,null],[157,5,5,0,null,null],[76,4,4,0,null,null],[77,4,4,0,null,null],[82,4,4,0,null,null],[43,3,3,0,null,null],[174,1,1,0,null,null],[125,1,1,0,null,null],[154,1,1,0,null,null],[130,1,1,0,null,null],[178,1,1,0,null,null],[81,1,1,0,null,null],[30,1,1,0,null,null],[29,1,1,0,null,null],[58,1,1,0,null,null],[162,1,1,0,null,null]]}},{"type":"Feature","geometry":{"type":"Polygon","coordinates":[[[-150.39191,62.31243],[-150.39455,62.31112],[-150.39353,62.30954],[-150.38987,62.30927],[-150.38723,62.31058],[-150.38825,62.31216],[-150.39191,62.31243]]]},"properties":{"cell":"890c704e647ffff","res":9,"coarsened":false,"count":59,"hv":59,"mp":0,"y0":null,"y1":null,"sp":[[67,8,8,0,null,null],[49,8,8,0,null,null],[70,6,6,0,null,null],[90,6,6,0,null,null],[6,5,5,0,null,null],[77,4,4,0,null,null],[82,3,3,0,null,null],[157,3,3,0,null,null],[76,3,3,0,null,null],[33,2,2,0,null,null],[19,2,2,0,null,null],[174,2,2,0,null,null],[176,2,2,0,null,null],[102,1,1,0,null,null],[29,1,1,0,null,null],[136,1,1,0,null,null],[83,1,1,0,null,null],[75,1,1,0,null,null]]}},{"type":"Feature","geometry":{"type":"Polygon","coordinates":[[[-150.38093,62.31162],[-150.38357,62.31031],[-150.38256,62.30872],[-150.3789,62.30845],[-150.37626,62.30976],[-150.37727,62.31134],[-150.38093,62.31162]]]},"properties":{"cell":"890c704e60fffff","res":9,"coarsened":false,"count":48,"hv":48,"mp":0,"y0":null,"y1":null,"sp":[[67,7,7,0,null,null],[90,7,7,0,null,null],[49,6,6,0,null,null],[76,5,5,0,null,null],[70,5,5,0,null,null],[137,3,3,0,null,null],[157,3,3,0,null,null],[77,3,3,0,null,null],[82,2,2,0,null,null],[6,2,2,0,null,null],[43,1,1,0,null,null],[17,1,1,0,null,null],[88,1,1,0,null,null],[75,1,1,0,null,null],[19,1,1,0,null,null]]}},{"type":"Feature","geometry":{"type":"Polygon","coordinates":[[[-150.31184,62.31248],[-150.31449,62.31117],[-150.31348,62.30959],[-150.30982,62.30932],[-150.30718,62.31062],[-150.30819,62.31221],[-150.31184,62.31248]]]},"properties":{"cell":"890c704e5cfffff","res":9,"coarsened":false,"count":48,"hv":48,"mp":0,"y0":null,"y1":null,"sp":[[67,8,8,0,null,null],[49,7,7,0,null,null],[90,6,6,0,null,null],[70,6,6,0,null,null],[75,4,4,0,null,null],[77,4,4,0,null,null],[76,3,3,0,null,null],[6,3,3,0,null,null],[174,1,1,0,null,null],[130,1,1,0,null,null],[136,1,1,0,null,null],[137,1,1,0,null,null],[82,1,1,0,null,null],[108,1,1,0,null,null],[19,1,1,0,null,null]]}},{"type":"Feature","geometry":{"type":"Polygon","coordinates":[[[-150.27264,62.31104],[-150.27529,62.30974],[-150.27428,62.30815],[-150.27063,62.30788],[-150.26798,62.30919],[-150.26899,62.31077],[-150.27264,62.31104]]]},"properties":{"cell":"890c704567bffff","res":9,"coarsened":false,"count":50,"hv":50,"mp":0,"y0":null,"y1":null,"sp":[[49,8,8,0,null,null],[67,8,8,0,null,null],[75,6,6,0,null,null],[70,5,5,0,null,null],[6,4,4,0,null,null],[90,4,4,0,null,null],[76,4,4,0,null,null],[137,2,2,0,null,null],[77,2,2,0,null,null],[174,1,1,0,null,null],[88,1,1,0,null,null],[136,1,1,0,null,null],[82,1,1,0,null,null],[162,1,1,0,null,null],[19,1,1,0,null,null],[181,1,1,0,null,null]]}},{"type":"Feature","geometry":{"type":"Polygon","coordinates":[[[-150.71977,62.39218],[-150.7224,62.39086],[-150.72136,62.38928],[-150.71769,62.38901],[-150.71505,62.39033],[-150.71609,62.39191],[-150.71977,62.39218]]]},"properties":{"cell":"890c704b05bffff","res":9,"coarsened":false,"count":49,"hv":49,"mp":0,"y0":null,"y1":null,"sp":[[75,5,5,0,null,null],[90,5,5,0,null,null],[98,4,4,0,null,null],[67,4,4,0,null,null],[100,4,4,0,null,null],[157,3,3,0,null,null],[76,3,3,0,null,null],[137,3,3,0,null,null],[82,3,3,0,null,null],[49,2,2,0,null,null],[6,2,2,0,null,null],[84,2,2,0,null,null],[180,1,1,0,null,null],[83,1,1,0,null,null],[78,1,1,0,null,null],[134,1,1,0,null,null],[70,1,1,0,null,null],[19,1,1,0,null,null],[32,1,1,0,null,null],[189,1,1,0,null,null],[88,1,1,0,null,null]]}},{"type":"Feature","geometry":{"type":"Polygon","coordinates":[[[-150.59892,62.34123],[-150.60156,62.33991],[-150.60053,62.33833],[-150.59686,62.33806],[-150.59422,62.33938],[-150.59526,62.34096],[-150.59892,62.34123]]]},"properties":{"cell":"890c7048193ffff","res":9,"coarsened":false,"count":64,"hv":64,"mp":0,"y0":null,"y1":null,"sp":[[157,7,7,0,null,null],[70,7,7,0,null,null],[6,6,6,0,null,null],[67,5,5,0,null,null],[76,4,4,0,null,null],[77,4,4,0,null,null],[134,4,4,0,null,null],[86,4,4,0,null,null],[174,3,3,0,null,null],[33,3,3,0,null,null],[90,3,3,0,null,null],[49,3,3,0,null,null],[109,2,2,0,null,null],[137,2,2,0,null,null],[83,1,1,0,null,null],[41,1,1,0,null,null],[187,1,1,0,null,null],[176,1,1,0,null,null],[23,1,1,0,null,null],[112,1,1,0,null,null],[43,1,1,0,null,null]]}},{"type":"Feature","geometry":{"type":"Polygon","coordinates":[[[-150.55814,62.33223],[-150.56078,62.33091],[-150.55975,62.32933],[-150.55608,62.32906],[-150.55345,62.33038],[-150.55447,62.33196],[-150.55814,62.33223]]]},"properties":{"cell":"890c704aa23ffff","res":9,"coarsened":false,"count":61,"hv":61,"mp":0,"y0":null,"y1":null,"sp":[[49,8,8,0,null,null],[90,8,8,0,null,null],[67,7,7,0,null,null],[76,6,6,0,null,null],[77,5,5,0,null,null],[75,4,4,0,null,null],[29,3,3,0,null,null],[70,3,3,0,null,null],[157,2,2,0,null,null],[83,2,2,0,null,null],[137,2,2,0,null,null],[82,1,1,0,null,null],[134,1,1,0,null,null],[30,1,1,0,null,null],[85,1,1,0,null,null],[79,1,1,0,null,null],[6,1,1,0,null,null],[43,1,1,0,null,null],[58,1,1,0,null,null],[88,1,1,0,null,null],[178,1,1,0,null,null],[174,1,1,0,null,null]]}},{"type":"Feature","geometry":{"type":"Polygon","coordinates":[[[-150.5127,62.32136],[-150.51534,62.32005],[-150.51432,62.31847],[-150.51065,62.3182],[-150.50802,62.31951],[-150.50904,62.32109],[-150.5127,62.32136]]]},"properties":{"cell":"890c704f6dbffff","res":9,"coarsened":false,"count":313,"hv":313,"mp":0,"y0":null,"y1":null,"sp":[[157,19,19,0,null,null],[49,19,19,0,null,null],[67,19,19,0,null,null],[90,19,19,0,null,null],[6,18,18,0,null,null],[70,18,18,0,null,null],[76,17,17,0,null,null],[77,17,17,0,null,null],[82,16,16,0,null,null],[75,15,15,0,null,null],[137,12,12,0,null,null],[43,10,10,0,null,null],[33,10,10,0,null,null],[19,9,9,0,null,null],[83,8,8,0,null,null],[162,7,7,0,null,null],[58,7,7,0,null,null],[174,7,7,0,null,null],[98,7,7,0,null,null],[136,6,6,0,null,null],[176,6,6,0,null,null],[88,5,5,0,null,null],[30,5,5,0,null,null],[17,5,5,0,null,null],[134,4,4,0,null,null],[178,3,3,0,null,null],[86,3,3,0,null,null],[29,3,3,0,null,null],[130,2,2,0,null,null],[40,2,2,0,null,null],[100,2,2,0,null,null],[32,1,1,0,null,null],[123,1,1,0,null,null],[81,1,1,0,null,null],[44,1,1,0,null,null],[28,1,1,0,null,null],[181,1,1,0,null,null],[78,1,1,0,null,null],[21,1,1,0,null,null],[112,1,1,0,null,null],[185,1,1,0,null,null],[124,1,1,0,null,null],[114,1,1,0,null,null],[18,1,1,0,null,null]]}},{"type":"Feature","geometry":{"type":"Polygon","coordinates":[[[-150.47813,62.32183],[-150.48077,62.32052],[-150.47974,62.31894],[-150.47608,62.31867],[-150.47344,62.31998],[-150.47446,62.32156],[-150.47813,62.32183]]]},"properties":{"cell":"890c704f45bffff","res":9,"coarsened":false,"count":55,"hv":55,"mp":0,"y0":null,"y1":null,"sp":[[67,8,8,0,null,null],[77,7,7,0,null,null],[70,6,6,0,null,null],[49,6,6,0,null,null],[90,5,5,0,null,null],[137,3,3,0,null,null],[76,3,3,0,null,null],[43,3,3,0,null,null],[157,3,3,0,null,null],[75,2,2,0,null,null],[130,1,1,0,null,null],[83,1,1,0,null,null],[58,1,1,0,null,null],[82,1,1,0,null,null],[174,1,1,0,null,null],[178,1,1,0,null,null],[86,1,1,0,null,null],[19,1,1,0,null,null],[78,1,1,0,null,null]]}},{"type":"Feature","geometry":{"type":"Polygon","coordinates":[[[-150.40918,62.31221],[-150.41182,62.3109],[-150.41081,62.30932],[-150.40715,62.30905],[-150.40451,62.31036],[-150.40552,62.31194],[-150.40918,62.31221]]]},"properties":{"cell":"890c704f587ffff","res":9,"coarsened":false,"count":47,"hv":47,"mp":0,"y0":null,"y1":null,"sp":[[49,8,8,0,null,null],[67,8,8,0,null,null],[90,7,7,0,null,null],[70,5,5,0,null,null],[76,4,4,0,null,null],[77,4,4,0,null,null],[82,2,2,0,null,null],[6,2,2,0,null,null],[171,1,1,0,null,null],[102,1,1,0,null,null],[83,1,1,0,null,null],[75,1,1,0,null,null],[162,1,1,0,null,null],[181,1,1,0,null,null],[19,1,1,0,null,null]]}},{"type":"Feature","geometry":{"type":"Polygon","coordinates":[[[-150.35269,62.31102],[-150.35533,62.30971],[-150.35432,62.30813],[-150.35066,62.30785],[-150.34802,62.30916],[-150.34903,62.31074],[-150.35269,62.31102]]]},"properties":{"cell":"890c704e0d3ffff","res":9,"coarsened":false,"count":52,"hv":52,"mp":0,"y0":null,"y1":null,"sp":[[67,7,7,0,null,null],[49,7,7,0,null,null],[70,5,5,0,null,null],[76,5,5,0,null,null],[6,5,5,0,null,null],[90,4,4,0,null,null],[77,4,4,0,null,null],[75,3,3,0,null,null],[58,2,2,0,null,null],[137,2,2,0,null,null],[157,2,2,0,null,null],[136,1,1,0,null,null],[83,1,1,0,null,null],[88,1,1,0,null,null],[43,1,1,0,null,null],[32,1,1,0,null,null],[98,1,1,0,null,null]]}},{"type":"Feature","geometry":{"type":"Polygon","coordinates":[[[-150.55345,62.33038],[-150.55608,62.32906],[-150.55506,62.32748],[-150.55139,62.32721],[-150.54875,62.32853],[-150.54978,62.33011],[-150.55345,62.33038]]]},"properties":{"cell":"890c704aa27ffff","res":9,"coarsened":false,"count":53,"hv":53,"mp":0,"y0":null,"y1":null,"sp":[[67,7,7,0,null,null],[90,6,6,0,null,null],[49,5,5,0,null,null],[157,5,5,0,null,null],[70,4,4,0,null,null],[137,4,4,0,null,null],[43,3,3,0,null,null],[76,3,3,0,null,null],[83,2,2,0,null,null],[77,2,2,0,null,null],[75,2,2,0,null,null],[6,2,2,0,null,null],[19,2,2,0,null,null],[136,1,1,0,null,null],[163,1,1,0,null,null],[88,1,1,0,null,null],[174,1,1,0,null,null],[123,1,1,0,null,null],[40,1,1,0,null,null]]}},{"type":"Feature","geometry":{"type":"Polygon","coordinates":[[[-150.42016,62.31302],[-150.4228,62.31171],[-150.42178,62.31013],[-150.41812,62.30986],[-150.41548,62.31117],[-150.4165,62.31275],[-150.42016,62.31302]]]},"properties":{"cell":"890c704f58bffff","res":9,"coarsened":false,"count":42,"hv":42,"mp":0,"y0":null,"y1":null,"sp":[[67,8,8,0,null,null],[49,7,7,0,null,null],[70,5,5,0,null,null],[75,5,5,0,null,null],[76,3,3,0,null,null],[82,3,3,0,null,null],[6,2,2,0,null,null],[77,2,2,0,null,null],[90,2,2,0,null,null],[102,1,1,0,null,null],[174,1,1,0,null,null],[162,1,1,0,null,null],[88,1,1,0,null,null],[30,1,1,0,null,null]]}},{"type":"Feature","geometry":{"type":"Polygon","coordinates":[[[-150.31815,62.31145],[-150.32079,62.31014],[-150.31978,62.30856],[-150.31612,62.30828],[-150.31348,62.30959],[-150.31449,62.31117],[-150.31815,62.31145]]]},"properties":{"cell":"890c704e553ffff","res":9,"coarsened":false,"count":54,"hv":54,"mp":0,"y0":null,"y1":null,"sp":[[49,7,7,0,null,null],[67,7,7,0,null,null],[70,7,7,0,null,null],[90,6,6,0,null,null],[82,5,5,0,null,null],[75,4,4,0,null,null],[76,4,4,0,null,null],[6,4,4,0,null,null],[136,2,2,0,null,null],[137,2,2,0,null,null],[130,1,1,0,null,null],[17,1,1,0,null,null],[29,1,1,0,null,null],[77,1,1,0,null,null],[40,1,1,0,null,null],[19,1,1,0,null,null]]}},{"type":"Feature","geometry":{"type":"Polygon","coordinates":[[[-150.45004,62.31072],[-150.45268,62.30941],[-150.45166,62.30782],[-150.448,62.30755],[-150.44536,62.30886],[-150.44638,62.31045],[-150.45004,62.31072]]]},"properties":{"cell":"890c704f42fffff","res":9,"coarsened":false,"count":47,"hv":47,"mp":0,"y0":null,"y1":null,"sp":[[49,8,8,0,null,null],[67,8,8,0,null,null],[90,6,6,0,null,null],[70,5,5,0,null,null],[75,4,4,0,null,null],[77,3,3,0,null,null],[76,3,3,0,null,null],[83,2,2,0,null,null],[82,2,2,0,null,null],[58,2,2,0,null,null],[102,1,1,0,null,null],[136,1,1,0,null,null],[123,1,1,0,null,null],[157,1,1,0,null,null]]}},{"type":"Feature","geometry":{"type":"Polygon","coordinates":[[[-150.23811,62.31145],[-150.24076,62.31015],[-150.23975,62.30856],[-150.2361,62.30829],[-150.23345,62.30959],[-150.23446,62.31118],[-150.23811,62.31145]]]},"properties":{"cell":"890c70450dbffff","res":9,"coarsened":false,"count":41,"hv":41,"mp":0,"y0":null,"y1":null,"sp":[[6,8,8,0,null,null],[70,7,7,0,null,null],[49,6,6,0,null,null],[75,3,3,0,null,null],[67,3,3,0,null,null],[137,2,2,0,null,null],[90,2,2,0,null,null],[33,2,2,0,null,null],[82,2,2,0,null,null],[162,2,2,0,null,null],[76,2,2,0,null,null],[174,1,1,0,null,null],[19,1,1,0,null,null]]}},{"type":"Feature","geometry":{"type":"Polygon","coordinates":[[[-150.23181,62.31248],[-150.23446,62.31118],[-150.23345,62.30959],[-150.2298,62.30932],[-150.22715,62.31062],[-150.22815,62.31221],[-150.23181,62.31248]]]},"properties":{"cell":"890c70450d3ffff","res":9,"coarsened":false,"count":44,"hv":44,"mp":0,"y0":null,"y1":null,"sp":[[70,8,8,0,null,null],[49,7,7,0,null,null],[6,7,7,0,null,null],[82,3,3,0,null,null],[76,3,3,0,null,null],[67,3,3,0,null,null],[90,3,3,0,null,null],[137,2,2,0,null,null],[75,2,2,0,null,null],[130,1,1,0,null,null],[162,1,1,0,null,null],[33,1,1,0,null,null],[98,1,1,0,null,null],[77,1,1,0,null,null],[181,1,1,0,null,null]]}},{"type":"Feature","geometry":{"type":"Polygon","coordinates":[[[-150.36996,62.3108],[-150.3726,62.30949],[-150.37159,62.30791],[-150.36793,62.30763],[-150.36529,62.30894],[-150.3663,62.31053],[-150.36996,62.3108]]]},"properties":{"cell":"890c704e633ffff","res":9,"coarsened":false,"count":241,"hv":241,"mp":0,"y0":null,"y1":null,"sp":[[67,21,21,0,null,null],[49,20,20,0,null,null],[70,19,19,0,null,null],[77,19,19,0,null,null],[90,18,18,0,null,null],[6,16,16,0,null,null],[76,16,16,0,null,null],[75,16,16,0,null,null],[82,12,12,0,null,null],[137,9,9,0,null,null],[157,9,9,0,null,null],[136,7,7,0,null,null],[174,6,6,0,null,null],[83,5,5,0,null,null],[176,5,5,0,null,null],[162,4,4,0,null,null],[33,4,4,0,null,null],[19,4,4,0,null,null],[98,4,4,0,null,null],[130,3,3,0,null,null],[58,3,3,0,null,null],[43,3,3,0,null,null],[84,3,3,0,null,null],[44,2,2,0,null,null],[29,2,2,0,null,null],[40,2,2,0,null,null],[86,1,1,0,null,null],[17,1,1,0,null,null],[88,1,1,0,null,null],[32,1,1,0,null,null],[108,1,1,0,null,null],[181,1,1,0,null,null],[191,1,1,0,null,null],[113,1,1,0,null,null],[134,1,1,0,null,null]]}},{"type":"Feature","geometry":{"type":"Polygon","coordinates":[[[-150.28991,62.31084],[-150.29256,62.30953],[-150.29155,62.30794],[-150.28789,62.30767],[-150.28525,62.30898],[-150.28625,62.31056],[-150.28991,62.31084]]]},"properties":{"cell":"890c704e5bbffff","res":9,"coarsened":false,"count":48,"hv":48,"mp":0,"y0":null,"y1":null,"sp":[[70,7,7,0,null,null],[67,7,7,0,null,null],[49,6,6,0,null,null],[75,5,5,0,null,null],[90,5,5,0,null,null],[6,4,4,0,null,null],[76,2,2,0,null,null],[77,2,2,0,null,null],[82,2,2,0,null,null],[100,1,1,0,null,null],[44,1,1,0,null,null],[58,1,1,0,null,null],[136,1,1,0,null,null],[137,1,1,0,null,null],[19,1,1,0,null,null],[43,1,1,0,null,null],[181,1,1,0,null,null]]}},{"type":"Feature","geometry":{"type":"Polygon","coordinates":[[[-150.69002,62.3629],[-150.69266,62.36158],[-150.69162,62.36],[-150.68795,62.35974],[-150.68531,62.36105],[-150.68635,62.36264],[-150.69002,62.3629]]]},"properties":{"cell":"890c70486cbffff","res":9,"coarsened":false,"count":80,"hv":80,"mp":0,"y0":null,"y1":null,"sp":[[49,8,8,0,null,null],[137,7,7,0,null,null],[157,6,6,0,null,null],[33,6,6,0,null,null],[70,5,5,0,null,null],[6,5,5,0,null,null],[90,5,5,0,null,null],[67,5,5,0,null,null],[77,4,4,0,null,null],[75,3,3,0,null,null],[187,3,3,0,null,null],[82,2,2,0,null,null],[136,2,2,0,null,null],[76,2,2,0,null,null],[86,2,2,0,null,null],[61,2,2,0,null,null],[134,2,2,0,null,null],[114,2,2,0,null,null],[83,1,1,0,null,null],[105,1,1,0,null,null],[109,1,1,0,null,null],[19,1,1,0,null,null],[174,1,1,0,null,null],[29,1,1,0,null,null],[88,1,1,0,null,null],[43,1,1,0,null,null],[162,1,1,0,null,null]]}},{"type":"Feature","geometry":{"type":"Polygon","coordinates":[[[-150.26168,62.31022],[-150.26433,62.30891],[-150.26332,62.30733],[-150.25966,62.30705],[-150.25702,62.30836],[-150.25802,62.30994],[-150.26168,62.31022]]]},"properties":{"cell":"890c7045677ffff","res":9,"coarsened":false,"count":44,"hv":44,"mp":0,"y0":null,"y1":null,"sp":[[49,8,8,0,null,null],[70,8,8,0,null,null],[6,6,6,0,null,null],[67,6,6,0,null,null],[77,3,3,0,null,null],[82,3,3,0,null,null],[90,2,2,0,null,null],[76,2,2,0,null,null],[75,2,2,0,null,null],[58,1,1,0,null,null],[136,1,1,0,null,null],[137,1,1,0,null,null],[43,1,1,0,null,null]]}},{"type":"Feature","geometry":{"type":"Polygon","coordinates":[[[-150.34172,62.3102],[-150.34436,62.30889],[-150.34335,62.30731],[-150.33969,62.30703],[-150.33705,62.30834],[-150.33806,62.30992],[-150.34172,62.3102]]]},"properties":{"cell":"890c704e09bffff","res":9,"coarsened":false,"count":55,"hv":55,"mp":0,"y0":null,"y1":null,"sp":[[67,8,8,0,null,null],[70,8,8,0,null,null],[49,7,7,0,null,null],[90,4,4,0,null,null],[76,4,4,0,null,null],[82,4,4,0,null,null],[77,3,3,0,null,null],[6,3,3,0,null,null],[157,2,2,0,null,null],[136,2,2,0,null,null],[174,2,2,0,null,null],[75,2,2,0,null,null],[176,2,2,0,null,null],[86,1,1,0,null,null],[137,1,1,0,null,null],[43,1,1,0,null,null],[19,1,1,0,null,null]]}},{"type":"Feature","geometry":{"type":"Polygon","coordinates":[[[-150.63794,62.37421],[-150.70056,62.35763],[-150.70446,62.32627],[-150.64588,62.31149],[-150.58335,62.32804],[-150.5793,62.35939],[-150.63794,62.37421]]]},"properties":{"cell":"860c70487ffffff","res":6,"coarsened":true,"count":4,"hv":4,"mp":0,"y0":null,"y1":null,"sp":[[63,3,3,0,null,null],[158,1,1,0,null,null]]}},{"type":"Feature","geometry":{"type":"Polygon","coordinates":[[[-148.81417,63.55256],[-148.81701,63.55127],[-148.81606,63.54965],[-148.81225,63.54933],[-148.80941,63.55062],[-148.81036,63.55223],[-148.81417,63.55256]]]},"properties":{"cell":"890c741061bffff","res":9,"coarsened":false,"count":11,"hv":11,"mp":0,"y0":2007,"y1":2007,"sp":[[47,11,11,0,2007,2007]]}},{"type":"Feature","geometry":{"type":"Polygon","coordinates":[[[-149.07301,63.89276],[-149.07589,63.89146],[-149.0749,63.88984],[-149.07104,63.88951],[-149.06816,63.89081],[-149.06915,63.89244],[-149.07301,63.89276]]]},"properties":{"cell":"890c74d2edbffff","res":9,"coarsened":false,"count":1,"hv":1,"mp":0,"y0":2007,"y1":2007,"sp":[[183,1,1,0,2007,2007]]}},{"type":"Feature","geometry":{"type":"Polygon","coordinates":[[[-148.85877,63.3725],[-148.8616,63.37122],[-148.86064,63.3696],[-148.85687,63.36928],[-148.85405,63.37057],[-148.855,63.37218],[-148.85877,63.3725]]]},"properties":{"cell":"890c74003a7ffff","res":9,"coarsened":false,"count":4795,"hv":4795,"mp":0,"y0":null,"y1":null,"sp":[[6,518,518,0,null,null],[32,393,393,0,null,null],[83,370,370,0,null,null],[70,301,301,0,null,null],[76,284,284,0,null,null],[98,264,264,0,null,null],[82,258,258,0,null,null],[59,212,212,0,null,null],[137,192,192,0,null,null],[33,166,166,0,null,null],[157,163,163,0,null,null],[66,162,162,0,null,null],[134,158,158,0,null,null],[75,140,140,0,null,null],[90,125,125,0,null,null],[43,109,109,0,null,null],[58,101,101,0,null,null],[67,91,91,0,null,null],[77,82,82,0,null,null],[176,72,72,0,null,null],[100,58,58,0,null,null],[19,55,55,0,null,null],[162,52,52,0,null,null],[81,35,35,0,null,null],[44,30,30,0,null,null],[14,27,27,0,null,null],[163,24,24,0,null,null],[29,24,24,0,null,null],[49,21,21,0,null,null],[164,20,20,0,null,null],[108,18,18,0,null,null],[86,17,17,0,null,null],[11,17,17,0,null,null],[78,16,16,0,null,null],[102,15,15,0,null,null],[21,14,14,0,null,null],[114,14,14,0,null,null],[107,14,14,0,null,null],[55,14,14,0,null,null],[74,13,13,0,null,null],[79,11,11,0,null,null],[20,11,11,0,null,null],[184,10,10,0,null,null],[133,9,9,0,null,null],[154,9,9,0,null,null],[17,8,8,0,null,null],[85,8,8,0,null,null],[24,8,8,0,null,null],[27,8,8,0,null,null],[94,7,7,0,null,null],[188,6,6,0,null,null],[92,6,6,0,null,null],[177,5,5,0,null,null],[153,5,5,0,null,null],[30,4,4,0,null,null],[185,3,3,0,null,null],[18,3,3,0,null,null],[109,3,3,0,null,null],[41,2,2,0,null,null],[64,2,2,0,null,null],[68,2,2,0,null,null],[112,2,2,0,null,null],[130,1,1,0,null,null],[96,1,1,0,null,null],[136,1,1,0,null,null],[181,1,1,0,null,null]]}},{"type":"Feature","geometry":{"type":"Polygon","coordinates":[[[-148.86096,63.42475],[-148.92703,63.40896],[-148.93337,63.37735],[-148.8738,63.36155],[-148.80784,63.37731],[-148.80134,63.4089],[-148.86096,63.42475]]]},"properties":{"cell":"860c74007ffffff","res":6,"coarsened":true,"count":22,"hv":22,"mp":0,"y0":1999,"y1":1999,"sp":[[63,12,12,0,null,null],[158,10,10,0,1999,1999]]}},{"type":"Feature","geometry":{"type":"Polygon","coordinates":[[[-150.09381,62.76297],[-150.09651,62.76166],[-150.09549,62.76007],[-150.09178,62.75978],[-150.08908,62.76109],[-150.09009,62.76268],[-150.09381,62.76297]]]},"properties":{"cell":"890c70d8a7bffff","res":9,"coarsened":false,"count":1,"hv":1,"mp":0,"y0":2006,"y1":2006,"sp":[[6,1,1,0,2006,2006]]}},{"type":"Feature","geometry":{"type":"Polygon","coordinates":[[[-150.1517,62.80379],[-150.21561,62.78741],[-150.22018,62.75592],[-150.161,62.74082],[-150.09718,62.75716],[-150.09246,62.78864],[-150.1517,62.80379]]]},"properties":{"cell":"860c70d9fffffff","res":6,"coarsened":true,"count":1,"hv":1,"mp":0,"y0":2006,"y1":2006,"sp":[[63,1,1,0,2006,2006]]}},{"type":"Feature","geometry":{"type":"Polygon","coordinates":[[[-151.88452,63.09171],[-151.88718,63.09036],[-151.88603,63.08876],[-151.88222,63.08852],[-151.87955,63.08987],[-151.88071,63.09147],[-151.88452,63.09171]]]},"properties":{"cell":"890c76425c3ffff","res":9,"coarsened":false,"count":12,"hv":12,"mp":0,"y0":null,"y1":null,"sp":[[83,4,4,0,null,null],[98,4,4,0,null,null],[176,2,2,0,null,null],[32,1,1,0,null,null],[58,1,1,0,null,null]]}},{"type":"Feature","geometry":{"type":"Polygon","coordinates":[[[-151.60845,63.12259],[-151.61113,63.12125],[-151.61,63.11965],[-151.60619,63.1194],[-151.60351,63.12075],[-151.60464,63.12234],[-151.60845,63.12259]]]},"properties":{"cell":"890c7656067ffff","res":9,"coarsened":false,"count":2,"hv":2,"mp":0,"y0":null,"y1":null,"sp":[[32,1,1,0,null,null],[76,1,1,0,null,null]]}},{"type":"Feature","geometry":{"type":"Polygon","coordinates":[[[-151.56261,63.23223],[-151.5653,63.23088],[-151.56416,63.22928],[-151.56033,63.22903],[-151.55764,63.23038],[-151.55878,63.23198],[-151.56261,63.23223]]]},"properties":{"cell":"890c76cc547ffff","res":9,"coarsened":false,"count":3,"hv":3,"mp":0,"y0":null,"y1":null,"sp":[[160,2,2,0,null,null],[12,1,1,0,null,null]]}},{"type":"Feature","geometry":{"type":"Polygon","coordinates":[[[-151.33241,63.2626],[-151.33511,63.26126],[-151.33399,63.25966],[-151.33016,63.25941],[-151.32746,63.26075],[-151.32858,63.26235],[-151.33241,63.2626]]]},"properties":{"cell":"890c76c426fffff","res":9,"coarsened":false,"count":1,"hv":1,"mp":0,"y0":null,"y1":null,"sp":[[160,1,1,0,null,null]]}},{"type":"Feature","geometry":{"type":"Polygon","coordinates":[[[-152.17891,62.95209],[-152.18154,62.95073],[-152.18037,62.94914],[-152.17658,62.94891],[-152.17394,62.95027],[-152.17511,62.95185],[-152.17891,62.95209]]]},"properties":{"cell":"890c764ab33ffff","res":9,"coarsened":false,"count":16,"hv":16,"mp":0,"y0":null,"y1":null,"sp":[[134,1,1,0,null,null],[32,1,1,0,null,null],[20,1,1,0,null,null],[59,1,1,0,null,null],[108,1,1,0,null,null],[40,1,1,0,null,null],[74,1,1,0,null,null],[120,1,1,0,null,null],[33,1,1,0,null,null],[82,1,1,0,null,null],[56,1,1,0,null,null],[6,1,1,0,null,null],[49,1,1,0,null,null],[162,1,1,0,null,null],[153,1,1,0,null,null],[11,1,1,0,null,null]]}},{"type":"Feature","geometry":{"type":"Polygon","coordinates":[[[-152.01943,63.01206],[-152.02208,63.01071],[-152.02092,63.00912],[-152.01711,63.00888],[-152.01447,63.01023],[-152.01562,63.01182],[-152.01943,63.01206]]]},"properties":{"cell":"890c7640227ffff","res":9,"coarsened":false,"count":1,"hv":1,"mp":0,"y0":null,"y1":null,"sp":[[11,1,1,0,null,null]]}},{"type":"Feature","geometry":{"type":"Polygon","coordinates":[[[-152.00801,63.01135],[-152.01066,63.01],[-152.0095,63.00841],[-152.0057,63.00817],[-152.00305,63.00952],[-152.00421,63.01111],[-152.00801,63.01135]]]},"properties":{"cell":"890c76403cfffff","res":9,"coarsened":false,"count":1,"hv":1,"mp":0,"y0":null,"y1":null,"sp":[[153,1,1,0,null,null]]}},{"type":"Feature","geometry":{"type":"Polygon","coordinates":[[[-151.95376,63.07176],[-151.95641,63.0704],[-151.95526,63.06881],[-151.95145,63.06857],[-151.94879,63.06993],[-151.94995,63.07152],[-151.95376,63.07176]]]},"properties":{"cell":"890c76422bbffff","res":9,"coarsened":false,"count":6,"hv":6,"mp":0,"y0":null,"y1":null,"sp":[[176,2,2,0,null,null],[83,2,2,0,null,null],[78,1,1,0,null,null],[6,1,1,0,null,null]]}},{"type":"Feature","geometry":{"type":"Polygon","coordinates":[[[-151.84869,63.09247],[-151.85135,63.09112],[-151.8502,63.08953],[-151.84639,63.08929],[-151.84372,63.09064],[-151.84487,63.09223],[-151.84869,63.09247]]]},"properties":{"cell":"890c7655643ffff","res":9,"coarsened":false,"count":1,"hv":1,"mp":0,"y0":null,"y1":null,"sp":[[6,1,1,0,null,null]]}},{"type":"Feature","geometry":{"type":"Polygon","coordinates":[[[-152.05113,62.9609],[-152.05377,62.95955],[-152.05262,62.95796],[-152.04882,62.95772],[-152.04618,62.95908],[-152.04734,62.96067],[-152.05113,62.9609]]]},"properties":{"cell":"890c7641bbbffff","res":9,"coarsened":false,"count":6,"hv":6,"mp":0,"y0":null,"y1":null,"sp":[[49,1,1,0,null,null],[6,1,1,0,null,null],[82,1,1,0,null,null],[11,1,1,0,null,null],[33,1,1,0,null,null],[70,1,1,0,null,null]]}},{"type":"Feature","geometry":{"type":"Polygon","coordinates":[[[-152.02241,63.04111],[-152.02506,63.03975],[-152.0239,63.03816],[-152.02009,63.03792],[-152.01744,63.03928],[-152.0186,63.04087],[-152.02241,63.04111]]]},"properties":{"cell":"890c7640603ffff","res":9,"coarsened":false,"count":2,"hv":2,"mp":0,"y0":null,"y1":null,"sp":[[133,1,1,0,null,null],[114,1,1,0,null,null]]}},{"type":"Feature","geometry":{"type":"Polygon","coordinates":[[[-152.00899,63.03267],[-152.01164,63.03132],[-152.01049,63.02973],[-152.00668,63.02949],[-152.00403,63.03085],[-152.00519,63.03244],[-152.00899,63.03267]]]},"properties":{"cell":"890c7640627ffff","res":9,"coarsened":false,"count":5,"hv":5,"mp":0,"y0":null,"y1":null,"sp":[[33,1,1,0,null,null],[102,1,1,0,null,null],[6,1,1,0,null,null],[108,1,1,0,null,null],[59,1,1,0,null,null]]}},{"type":"Feature","geometry":{"type":"Polygon","coordinates":[[[-151.96023,63.07064],[-151.96288,63.06929],[-151.96173,63.0677],[-151.95791,63.06746],[-151.95526,63.06881],[-151.95641,63.0704],[-151.96023,63.07064]]]},"properties":{"cell":"890c7642217ffff","res":9,"coarsened":false,"count":9,"hv":9,"mp":0,"y0":null,"y1":null,"sp":[[76,1,1,0,null,null],[56,1,1,0,null,null],[40,1,1,0,null,null],[114,1,1,0,null,null],[181,1,1,0,null,null],[123,1,1,0,null,null],[108,1,1,0,null,null],[33,1,1,0,null,null],[59,1,1,0,null,null]]}},{"type":"Feature","geometry":{"type":"Polygon","coordinates":[[[-151.8597,63.08253],[-151.86236,63.08118],[-151.86121,63.07959],[-151.8574,63.07934],[-151.85474,63.0807],[-151.85589,63.08229],[-151.8597,63.08253]]]},"properties":{"cell":"890c76425afffff","res":9,"coarsened":false,"count":2,"hv":2,"mp":0,"y0":null,"y1":null,"sp":[[19,1,1,0,null,null],[75,1,1,0,null,null]]}},{"type":"Feature","geometry":{"type":"Polygon","coordinates":[[[-151.8079,63.09139],[-151.81056,63.09004],[-151.80942,63.08845],[-151.8056,63.0882],[-151.80294,63.08955],[-151.80409,63.09115],[-151.8079,63.09139]]]},"properties":{"cell":"890c76556a7ffff","res":9,"coarsened":false,"count":3,"hv":3,"mp":0,"y0":null,"y1":null,"sp":[[162,1,1,0,null,null],[153,1,1,0,null,null],[114,1,1,0,null,null]]}},{"type":"Feature","geometry":{"type":"Polygon","coordinates":[[[-152.01147,63.05106],[-152.01412,63.04971],[-152.01296,63.04811],[-152.00915,63.04788],[-152.0065,63.04923],[-152.00766,63.05082],[-152.01147,63.05106]]]},"properties":{"cell":"890c7640693ffff","res":9,"coarsened":false,"count":2,"hv":2,"mp":0,"y0":null,"y1":null,"sp":[[162,1,1,0,null,null],[153,1,1,0,null,null]]}},{"type":"Feature","geometry":{"type":"Polygon","coordinates":[[[-151.891,63.0906],[-151.89366,63.08925],[-151.8925,63.08765],[-151.88869,63.08741],[-151.88603,63.08876],[-151.88718,63.09036],[-151.891,63.0906]]]},"properties":{"cell":"890c76425cbffff","res":9,"coarsened":false,"count":2,"hv":2,"mp":0,"y0":null,"y1":null,"sp":[[75,1,1,0,null,null],[90,1,1,0,null,null]]}},{"type":"Feature","geometry":{"type":"Polygon","coordinates":[[[-152.12045,62.95153],[-152.12309,62.95018],[-152.12193,62.94859],[-152.11813,62.94835],[-152.11549,62.94971],[-152.11666,62.9513],[-152.12045,62.95153]]]},"properties":{"cell":"890c764f457ffff","res":9,"coarsened":false,"count":2,"hv":2,"mp":0,"y0":null,"y1":null,"sp":[[60,1,1,0,null,null],[162,1,1,0,null,null]]}},{"type":"Feature","geometry":{"type":"Polygon","coordinates":[[[-151.65079,63.12079],[-151.65347,63.11944],[-151.65233,63.11785],[-151.64852,63.1176],[-151.64584,63.11895],[-151.64698,63.12054],[-151.65079,63.12079]]]},"properties":{"cell":"890c765620fffff","res":9,"coarsened":false,"count":6,"hv":6,"mp":0,"y0":null,"y1":null,"sp":[[66,2,2,0,null,null],[6,1,1,0,null,null],[59,1,1,0,null,null],[33,1,1,0,null,null],[84,1,1,0,null,null]]}},{"type":"Feature","geometry":{"type":"Polygon","coordinates":[[[-151.62143,63.1204],[-151.62411,63.11905],[-151.62297,63.11746],[-151.61916,63.11721],[-151.61649,63.11855],[-151.61762,63.12015],[-151.62143,63.1204]]]},"properties":{"cell":"890c76563d3ffff","res":9,"coarsened":false,"count":5,"hv":5,"mp":0,"y0":null,"y1":null,"sp":[[66,2,2,0,null,null],[163,1,1,0,null,null],[6,1,1,0,null,null],[11,1,1,0,null,null]]}},{"type":"Feature","geometry":{"type":"Polygon","coordinates":[[[-151.38171,63.27049],[-151.38441,63.26915],[-151.38329,63.26755],[-151.37946,63.2673],[-151.37676,63.26864],[-151.37788,63.27024],[-151.38171,63.27049]]]},"properties":{"cell":"890c76c51cbffff","res":9,"coarsened":false,"count":1,"hv":1,"mp":0,"y0":null,"y1":null,"sp":[[160,1,1,0,null,null]]}},{"type":"Feature","geometry":{"type":"Polygon","coordinates":[[[-151.33914,63.2722],[-151.34184,63.27086],[-151.34072,63.26926],[-151.33689,63.269],[-151.33419,63.27035],[-151.33531,63.27195],[-151.33914,63.2722]]]},"properties":{"cell":"890c76c4243ffff","res":9,"coarsened":false,"count":1,"hv":1,"mp":0,"y0":null,"y1":null,"sp":[[163,1,1,0,null,null]]}},{"type":"Feature","geometry":{"type":"Polygon","coordinates":[[[-151.18995,63.26207],[-151.19266,63.26073],[-151.19154,63.25913],[-151.18772,63.25886],[-151.18501,63.2602],[-151.18612,63.2618],[-151.18995,63.26207]]]},"properties":{"cell":"890c76c4c97ffff","res":9,"coarsened":false,"count":6,"hv":6,"mp":0,"y0":null,"y1":null,"sp":[[98,2,2,0,null,null],[6,1,1,0,null,null],[82,1,1,0,null,null],[58,1,1,0,null,null],[153,1,1,0,null,null]]}},{"type":"Feature","geometry":{"type":"Polygon","coordinates":[[[-152.03034,63.00211],[-152.03299,63.00076],[-152.03183,62.99917],[-152.02803,62.99893],[-152.02538,63.00029],[-152.02654,63.00188],[-152.03034,63.00211]]]},"properties":{"cell":"890c7641cbbffff","res":9,"coarsened":false,"count":6,"hv":6,"mp":0,"y0":null,"y1":null,"sp":[[134,1,1,0,null,null],[79,1,1,0,null,null],[94,1,1,0,null,null],[59,1,1,0,null,null],[33,1,1,0,null,null],[6,1,1,0,null,null]]}},{"type":"Feature","geometry":{"type":"Polygon","coordinates":[[[-151.90199,63.08065],[-151.90465,63.0793],[-151.9035,63.07771],[-151.89969,63.07747],[-151.89703,63.07882],[-151.89818,63.08041],[-151.90199,63.08065]]]},"properties":{"cell":"890c76420b3ffff","res":9,"coarsened":false,"count":3,"hv":3,"mp":0,"y0":null,"y1":null,"sp":[[66,2,2,0,null,null],[100,1,1,0,null,null]]}},{"type":"Feature","geometry":{"type":"Polygon","coordinates":[[[-151.73853,63.11127],[-151.7412,63.10992],[-151.74005,63.10832],[-151.73624,63.10808],[-151.73357,63.10943],[-151.73471,63.11102],[-151.73853,63.11127]]]},"properties":{"cell":"890c7657313ffff","res":9,"coarsened":false,"count":11,"hv":11,"mp":0,"y0":null,"y1":null,"sp":[[83,2,2,0,null,null],[49,1,1,0,null,null],[58,1,1,0,null,null],[82,1,1,0,null,null],[32,1,1,0,null,null],[84,1,1,0,null,null],[6,1,1,0,null,null],[55,1,1,0,null,null],[134,1,1,0,null,null],[59,1,1,0,null,null]]}},{"type":"Feature","geometry":{"type":"Polygon","coordinates":[[[-151.67298,63.10094],[-151.67565,63.09959],[-151.67451,63.098],[-151.6707,63.09775],[-151.66803,63.0991],[-151.66917,63.10069],[-151.67298,63.10094]]]},"properties":{"cell":"890c7654447ffff","res":9,"coarsened":false,"count":1,"hv":1,"mp":0,"y0":null,"y1":null,"sp":[[45,1,1,0,null,null]]}},{"type":"Feature","geometry":{"type":"Polygon","coordinates":[[[-151.5927,63.14134],[-151.59538,63.13999],[-151.59424,63.1384],[-151.59043,63.13815],[-151.58775,63.13949],[-151.58888,63.14109],[-151.5927,63.14134]]]},"properties":{"cell":"890c7656093ffff","res":9,"coarsened":false,"count":7,"hv":7,"mp":0,"y0":null,"y1":null,"sp":[[96,2,2,0,null,null],[11,1,1,0,null,null],[97,1,1,0,null,null],[6,1,1,0,null,null],[100,1,1,0,null,null],[70,1,1,0,null,null]]}},{"type":"Feature","geometry":{"type":"Polygon","coordinates":[[[-151.4927,63.25199],[-151.4954,63.25064],[-151.49427,63.24905],[-151.49044,63.24879],[-151.48774,63.25014],[-151.48888,63.25174],[-151.4927,63.25199]]]},"properties":{"cell":"890c76cee93ffff","res":9,"coarsened":false,"count":1,"hv":1,"mp":0,"y0":null,"y1":null,"sp":[[160,1,1,0,null,null]]}},{"type":"Feature","geometry":{"type":"Polygon","coordinates":[[[-151.00877,63.04098],[-151.01147,63.03965],[-151.01038,63.03806],[-151.0066,63.03779],[-151.0039,63.03912],[-151.00499,63.04072],[-151.00877,63.04098]]]},"properties":{"cell":"890c7602ab7ffff","res":9,"coarsened":false,"count":1,"hv":1,"mp":0,"y0":null,"y1":null,"sp":[[174,1,1,0,null,null]]}},{"type":"Feature","geometry":{"type":"Polygon","coordinates":[[[-151.6443,63.12189],[-151.64698,63.12054],[-151.64584,63.11895],[-151.64203,63.1187],[-151.63936,63.12005],[-151.64049,63.12164],[-151.6443,63.12189]]]},"properties":{"cell":"890c7656207ffff","res":9,"coarsened":false,"count":6,"hv":6,"mp":0,"y0":null,"y1":null,"sp":[[83,2,2,0,null,null],[66,2,2,0,null,null],[163,1,1,0,null,null],[84,1,1,0,null,null]]}},{"type":"Feature","geometry":{"type":"Polygon","coordinates":[[[-151.46346,63.26224],[-151.46616,63.26089],[-151.46503,63.25929],[-151.4612,63.25904],[-151.4585,63.26038],[-151.45963,63.26198],[-151.46346,63.26224]]]},"properties":{"cell":"890c76c526bffff","res":9,"coarsened":false,"count":9,"hv":9,"mp":0,"y0":null,"y1":null,"sp":[[160,2,2,0,null,null],[43,1,1,0,null,null],[59,1,1,0,null,null],[164,1,1,0,null,null],[58,1,1,0,null,null],[82,1,1,0,null,null],[120,1,1,0,null,null],[49,1,1,0,null,null]]}},{"type":"Feature","geometry":{"type":"Polygon","coordinates":[[[-151.22116,63.2703],[-151.22387,63.26896],[-151.22276,63.26736],[-151.21894,63.2671],[-151.21623,63.26844],[-151.21734,63.27004],[-151.22116,63.2703]]]},"properties":{"cell":"890c76c41b3ffff","res":9,"coarsened":false,"count":1,"hv":1,"mp":0,"y0":null,"y1":null,"sp":[[89,1,1,0,null,null]]}},{"type":"Feature","geometry":{"type":"Polygon","coordinates":[[[-151.10175,63.28191],[-151.10447,63.28058],[-151.10336,63.27897],[-151.09954,63.27871],[-151.09682,63.28005],[-151.09793,63.28165],[-151.10175,63.28191]]]},"properties":{"cell":"890c76c6d2bffff","res":9,"coarsened":false,"count":1,"hv":1,"mp":0,"y0":null,"y1":null,"sp":[[160,1,1,0,null,null]]}},{"type":"Feature","geometry":{"type":"Polygon","coordinates":[[[-152.01098,63.04039],[-152.01363,63.03904],[-152.01247,63.03745],[-152.00866,63.03721],[-152.00601,63.03856],[-152.00717,63.04016],[-152.01098,63.04039]]]},"properties":{"cell":"890c76406abffff","res":9,"coarsened":false,"count":2,"hv":2,"mp":0,"y0":null,"y1":null,"sp":[[23,1,1,0,null,null],[174,1,1,0,null,null]]}},{"type":"Feature","geometry":{"type":"Polygon","coordinates":[[[-151.68441,63.10168],[-151.68708,63.10034],[-151.68594,63.09874],[-151.68213,63.09849],[-151.67946,63.09984],[-151.6806,63.10144],[-151.68441,63.10168]]]},"properties":{"cell":"890c765444bffff","res":9,"coarsened":false,"count":2,"hv":2,"mp":0,"y0":null,"y1":null,"sp":[[13,1,1,0,null,null],[44,1,1,0,null,null]]}},{"type":"Feature","geometry":{"type":"Polygon","coordinates":[[[-151.56231,63.22155],[-151.565,63.2202],[-151.56386,63.2186],[-151.56004,63.21835],[-151.55735,63.2197],[-151.55848,63.22129],[-151.56231,63.22155]]]},"properties":{"cell":"890c76cc1d7ffff","res":9,"coarsened":false,"count":2,"hv":2,"mp":0,"y0":null,"y1":null,"sp":[[162,1,1,0,null,null],[60,1,1,0,null,null]]}},{"type":"Feature","geometry":{"type":"Polygon","coordinates":[[[-151.50392,63.24207],[-151.50661,63.24072],[-151.50548,63.23912],[-151.50165,63.23887],[-151.49896,63.24021],[-151.50009,63.24181],[-151.50392,63.24207]]]},"properties":{"cell":"890c76cee03ffff","res":9,"coarsened":false,"count":1,"hv":1,"mp":0,"y0":null,"y1":null,"sp":[[43,1,1,0,null,null]]}},{"type":"Feature","geometry":{"type":"Polygon","coordinates":[[[-151.30945,63.26105],[-151.31216,63.25971],[-151.31104,63.25811],[-151.30721,63.25785],[-151.3045,63.2592],[-151.30562,63.2608],[-151.30945,63.26105]]]},"properties":{"cell":"890c76c435bffff","res":9,"coarsened":false,"count":2,"hv":2,"mp":0,"y0":null,"y1":null,"sp":[[6,1,1,0,null,null],[43,1,1,0,null,null]]}},{"type":"Feature","geometry":{"type":"Polygon","coordinates":[[[-151.12904,64.02982],[-151.19584,64.01287],[-151.19935,63.9808],[-151.13624,63.96571],[-151.06955,63.98263],[-151.06587,64.01468],[-151.12904,64.02982]]]},"properties":{"cell":"860c29467ffffff","res":6,"coarsened":true,"count":1,"hv":1,"mp":0,"y0":null,"y1":null,"sp":[[63,1,1,0,null,null]]}},{"type":"Feature","geometry":{"type":"Polygon","coordinates":[[[-151.66223,63.12154],[-151.66491,63.12019],[-151.66377,63.11859],[-151.65995,63.11835],[-151.65728,63.11969],[-151.65842,63.12129],[-151.66223,63.12154]]]},"properties":{"cell":"890c7656247ffff","res":9,"coarsened":false,"count":1,"hv":1,"mp":0,"y0":null,"y1":null,"sp":[[12,1,1,0,null,null]]}},{"type":"Feature","geometry":{"type":"Polygon","coordinates":[[[-151.58187,63.16193],[-151.58455,63.16058],[-151.58342,63.15899],[-151.5796,63.15874],[-151.57692,63.16008],[-151.57805,63.16168],[-151.58187,63.16193]]]},"properties":{"cell":"890c7656493ffff","res":9,"coarsened":false,"count":1,"hv":1,"mp":0,"y0":null,"y1":null,"sp":[[113,1,1,0,null,null]]}},{"type":"Feature","geometry":{"type":"Polygon","coordinates":[[[-151.42889,63.18225],[-151.43158,63.18091],[-151.43045,63.17931],[-151.42664,63.17906],[-151.42395,63.1804],[-151.42507,63.182],[-151.42889,63.18225]]]},"properties":{"cell":"890c761b043ffff","res":9,"coarsened":false,"count":1,"hv":1,"mp":0,"y0":null,"y1":null,"sp":[[153,1,1,0,null,null]]}},{"type":"Feature","geometry":{"type":"Polygon","coordinates":[[[-151.39899,63.92976],[-151.46538,63.91268],[-151.46852,63.88063],[-151.40544,63.86567],[-151.33915,63.88272],[-151.33584,63.91475],[-151.39899,63.92976]]]},"properties":{"cell":"860c294efffffff","res":6,"coarsened":true,"count":1,"hv":1,"mp":0,"y0":null,"y1":null,"sp":[[63,1,1,0,null,null]]}},{"type":"Feature","geometry":{"type":"Polygon","coordinates":[[[-150.19317,62.52081],[-150.25634,62.50443],[-150.2608,62.47305],[-150.20225,62.45806],[-150.13918,62.4744],[-150.13456,62.50577],[-150.19317,62.52081]]]},"properties":{"cell":"860c7050fffffff","res":6,"coarsened":true,"count":2,"hv":2,"mp":0,"y0":null,"y1":null,"sp":[[63,2,2,0,null,null]]}},{"type":"Feature","geometry":{"type":"Polygon","coordinates":[[[-151.02393,63.41233],[-151.02667,63.41099],[-151.02556,63.40939],[-151.02172,63.40912],[-151.01898,63.41046],[-151.02009,63.41206],[-151.02393,63.41233]]]},"properties":{"cell":"890c76d69abffff","res":9,"coarsened":false,"count":1,"hv":1,"mp":0,"y0":null,"y1":null,"sp":[[138,1,1,0,null,null]]}},{"type":"Feature","geometry":{"type":"Polygon","coordinates":[[[-151.36369,63.27081],[-151.3664,63.26947],[-151.36527,63.26787],[-151.36144,63.26761],[-151.35874,63.26895],[-151.35986,63.27055],[-151.36369,63.27081]]]},"properties":{"cell":"890c76c518bffff","res":9,"coarsened":false,"count":1,"hv":1,"mp":0,"y0":null,"y1":null,"sp":[[160,1,1,0,null,null]]}},{"type":"Feature","geometry":{"type":"Polygon","coordinates":[[[-150.17945,62.61502],[-150.24286,62.59865],[-150.24737,62.56723],[-150.1886,62.5522],[-150.12529,62.56855],[-150.12063,62.59995],[-150.17945,62.61502]]]},"properties":{"cell":"860c70527ffffff","res":6,"coarsened":true,"count":1,"hv":1,"mp":0,"y0":null,"y1":null,"sp":[[63,1,1,0,null,null]]}},{"type":"Feature","geometry":{"type":"Polygon","coordinates":[[[-150.20678,62.4267],[-150.26971,62.41033],[-150.27414,62.37899],[-150.2158,62.36403],[-150.15297,62.38037],[-150.14838,62.4117],[-150.20678,62.4267]]]},"properties":{"cell":"860c7042fffffff","res":6,"coarsened":true,"count":2,"hv":2,"mp":0,"y0":null,"y1":null,"sp":[[63,2,2,0,null,null]]}},{"type":"Feature","geometry":{"type":"Polygon","coordinates":[[[-150.23383,62.66152],[-150.29734,62.64511],[-150.30178,62.61367],[-150.24286,62.59865],[-150.17945,62.61502],[-150.17485,62.64645],[-150.23383,62.66152]]]},"properties":{"cell":"860c70c9fffffff","res":6,"coarsened":true,"count":1,"hv":1,"mp":0,"y0":null,"y1":null,"sp":[[63,1,1,0,null,null]]}},{"type":"Feature","geometry":{"type":"Polygon","coordinates":[[[-150.15297,62.38037],[-150.2158,62.36403],[-150.22029,62.33271],[-150.1621,62.31775],[-150.09937,62.33406],[-150.09473,62.36536],[-150.15297,62.38037]]]},"properties":{"cell":"860c70477ffffff","res":6,"coarsened":true,"count":12,"hv":12,"mp":0,"y0":null,"y1":null,"sp":[[63,12,12,0,null,null]]}},{"type":"Feature","geometry":{"type":"Polygon","coordinates":[[[-151.57102,63.18253],[-151.57371,63.18118],[-151.57257,63.17959],[-151.56875,63.17933],[-151.56607,63.18068],[-151.5672,63.18228],[-151.57102,63.18253]]]},"properties":{"cell":"890c76cca93ffff","res":9,"coarsened":false,"count":1,"hv":1,"mp":0,"y0":null,"y1":null,"sp":[[140,1,1,0,null,null]]}},{"type":"Feature","geometry":{"type":"Polygon","coordinates":[[[-151.74311,63.10244],[-151.74578,63.10109],[-151.74463,63.09949],[-151.74082,63.09925],[-151.73815,63.1006],[-151.73929,63.10219],[-151.74311,63.10244]]]},"properties":{"cell":"890c7657377ffff","res":9,"coarsened":false,"count":1,"hv":1,"mp":0,"y0":null,"y1":null,"sp":[[60,1,1,0,null,null]]}},{"type":"Feature","geometry":{"type":"Polygon","coordinates":[[[-150.50235,63.33068],[-150.50509,63.32936],[-150.50403,63.32775],[-150.50021,63.32747],[-150.49746,63.32879],[-150.49853,63.3304],[-150.50235,63.33068]]]},"properties":{"cell":"890c768720bffff","res":9,"coarsened":false,"count":1,"hv":1,"mp":0,"y0":null,"y1":null,"sp":[[66,1,1,0,null,null]]}},{"type":"Feature","geometry":{"type":"Polygon","coordinates":[[[-152.10959,62.96149],[-152.11223,62.96013],[-152.11107,62.95854],[-152.10727,62.95831],[-152.10463,62.95966],[-152.10579,62.96125],[-152.10959,62.96149]]]},"properties":{"cell":"890c7641a6fffff","res":9,"coarsened":false,"count":1,"hv":1,"mp":0,"y0":null,"y1":null,"sp":[[141,1,1,0,null,null]]}},{"type":"Feature","geometry":{"type":"Polygon","coordinates":[[[-152.08036,62.9612],[-152.083,62.95984],[-152.08184,62.95825],[-152.07804,62.95802],[-152.0754,62.95937],[-152.07656,62.96096],[-152.08036,62.9612]]]},"properties":{"cell":"890c7641b53ffff","res":9,"coarsened":false,"count":3,"hv":3,"mp":0,"y0":null,"y1":null,"sp":[[84,1,1,0,null,null],[83,1,1,0,null,null],[98,1,1,0,null,null]]}},{"type":"Feature","geometry":{"type":"Polygon","coordinates":[[[-152.00004,63.05035],[-152.00269,63.04899],[-152.00153,63.0474],[-151.99772,63.04716],[-151.99507,63.04852],[-151.99623,63.05011],[-152.00004,63.05035]]]},"properties":{"cell":"890c764045bffff","res":9,"coarsened":false,"count":3,"hv":3,"mp":0,"y0":null,"y1":null,"sp":[[11,1,1,0,null,null],[49,1,1,0,null,null],[74,1,1,0,null,null]]}},{"type":"Feature","geometry":{"type":"Polygon","coordinates":[[[-151.01066,63.39308],[-151.0134,63.39174],[-151.01229,63.39014],[-151.00845,63.38987],[-151.00572,63.39121],[-151.00682,63.39281],[-151.01066,63.39308]]]},"properties":{"cell":"890c768b463ffff","res":9,"coarsened":false,"count":4,"hv":4,"mp":0,"y0":null,"y1":null,"sp":[[19,2,2,0,null,null],[163,1,1,0,null,null],[78,1,1,0,null,null]]}},{"type":"Feature","geometry":{"type":"Polygon","coordinates":[[[-152.16108,62.95251],[-152.16371,62.95116],[-152.16254,62.94957],[-152.15875,62.94933],[-152.15611,62.95069],[-152.15728,62.95228],[-152.16108,62.95251]]]},"properties":{"cell":"890c764f6d3ffff","res":9,"coarsened":false,"count":5,"hv":5,"mp":0,"y0":null,"y1":null,"sp":[[33,1,1,0,null,null],[59,1,1,0,null,null],[6,1,1,0,null,null],[120,1,1,0,null,null],[82,1,1,0,null,null]]}},{"type":"Feature","geometry":{"type":"Polygon","coordinates":[[[-152.13828,62.95111],[-152.14092,62.94976],[-152.13975,62.94817],[-152.13596,62.94793],[-152.13332,62.94929],[-152.13448,62.95088],[-152.13828,62.95111]]]},"properties":{"cell":"890c764f697ffff","res":9,"coarsened":false,"count":4,"hv":4,"mp":0,"y0":null,"y1":null,"sp":[[82,1,1,0,null,null],[120,1,1,0,null,null],[49,1,1,0,null,null],[58,1,1,0,null,null]]}},{"type":"Feature","geometry":{"type":"Polygon","coordinates":[[[-151.95329,63.06109],[-151.95595,63.05974],[-151.95479,63.05815],[-151.95098,63.05791],[-151.94832,63.05926],[-151.94948,63.06085],[-151.95329,63.06109]]]},"properties":{"cell":"890c7642227ffff","res":9,"coarsened":false,"count":3,"hv":3,"mp":0,"y0":null,"y1":null,"sp":[[83,2,2,0,null,null],[59,1,1,0,null,null]]}},{"type":"Feature","geometry":{"type":"Polygon","coordinates":[[[-151.80142,63.0925],[-151.80409,63.09115],[-151.80294,63.08955],[-151.79913,63.08931],[-151.79646,63.09066],[-151.79761,63.09225],[-151.80142,63.0925]]]},"properties":{"cell":"890c765546bffff","res":9,"coarsened":false,"count":1,"hv":1,"mp":0,"y0":null,"y1":null,"sp":[[55,1,1,0,null,null]]}},{"type":"Feature","geometry":{"type":"Polygon","coordinates":[[[-151.87308,63.09098],[-151.87574,63.08963],[-151.87459,63.08804],[-151.87078,63.0878],[-151.86811,63.08915],[-151.86927,63.09074],[-151.87308,63.09098]]]},"properties":{"cell":"890c764258bffff","res":9,"coarsened":false,"count":1,"hv":1,"mp":0,"y0":null,"y1":null,"sp":[[90,1,1,0,null,null]]}},{"type":"Feature","geometry":{"type":"Polygon","coordinates":[[[-151.83077,63.09285],[-151.83344,63.0915],[-151.83229,63.08991],[-151.82847,63.08966],[-151.82581,63.09101],[-151.82696,63.09261],[-151.83077,63.09285]]]},"properties":{"cell":"890c7655603ffff","res":9,"coarsened":false,"count":3,"hv":3,"mp":0,"y0":null,"y1":null,"sp":[[66,2,2,0,null,null],[32,1,1,0,null,null]]}},{"type":"Feature","geometry":{"type":"Polygon","coordinates":[[[-152.01893,63.0014],[-152.02158,63.00005],[-152.02042,62.99846],[-152.01662,62.99822],[-152.01397,62.99957],[-152.01513,63.00116],[-152.01893,63.0014]]]},"properties":{"cell":"890c7641cb7ffff","res":9,"coarsened":false,"count":3,"hv":3,"mp":0,"y0":null,"y1":null,"sp":[[108,1,1,0,null,null],[57,1,1,0,null,null],[70,1,1,0,null,null]]}},{"type":"Feature","geometry":{"type":"Polygon","coordinates":[[[-151.55083,63.22079],[-151.55352,63.21944],[-151.55238,63.21785],[-151.54856,63.2176],[-151.54587,63.21894],[-151.547,63.22054],[-151.55083,63.22079]]]},"properties":{"cell":"890c76cc183ffff","res":9,"coarsened":false,"count":2,"hv":2,"mp":0,"y0":null,"y1":null,"sp":[[160,1,1,0,null,null],[56,1,1,0,null,null]]}},{"type":"Feature","geometry":{"type":"Polygon","coordinates":[[[-151.46973,63.25046],[-151.47243,63.24912],[-151.4713,63.24752],[-151.46747,63.24727],[-151.46477,63.24861],[-151.4659,63.25021],[-151.46973,63.25046]]]},"properties":{"cell":"890c76cec57ffff","res":9,"coarsened":false,"count":1,"hv":1,"mp":0,"y0":null,"y1":null,"sp":[[160,1,1,0,null,null]]}},{"type":"Feature","geometry":{"type":"Polygon","coordinates":[[[-151.20809,63.27245],[-151.2108,63.27111],[-151.20969,63.26951],[-151.20587,63.26925],[-151.20315,63.27059],[-151.20427,63.27219],[-151.20809,63.27245]]]},"properties":{"cell":"890c76c6a47ffff","res":9,"coarsened":false,"count":2,"hv":2,"mp":0,"y0":null,"y1":null,"sp":[[98,2,2,0,null,null]]}},{"type":"Feature","geometry":{"type":"Polygon","coordinates":[[[-151.08117,63.9619],[-151.08397,63.96056],[-151.08283,63.95894],[-151.0789,63.95867],[-151.0761,63.96001],[-151.07724,63.96163],[-151.08117,63.9619]]]},"properties":{"cell":"890c29468d3ffff","res":9,"coarsened":false,"count":2,"hv":2,"mp":0,"y0":null,"y1":null,"sp":[[83,1,1,0,null,null],[98,1,1,0,null,null]]}},{"type":"Feature","geometry":{"type":"Polygon","coordinates":[[[-151.97214,63.08203],[-151.9748,63.08068],[-151.97364,63.07909],[-151.96983,63.07885],[-151.96717,63.0802],[-151.96833,63.08179],[-151.97214,63.08203]]]},"properties":{"cell":"890c764266bffff","res":9,"coarsened":false,"count":1,"hv":1,"mp":0,"y0":null,"y1":null,"sp":[[57,1,1,0,null,null]]}},{"type":"Feature","geometry":{"type":"Polygon","coordinates":[[[-151.58837,63.16084],[-151.59105,63.15949],[-151.58992,63.15789],[-151.5861,63.15764],[-151.58342,63.15899],[-151.58455,63.16058],[-151.58837,63.16084]]]},"properties":{"cell":"890c765649bffff","res":9,"coarsened":false,"count":2,"hv":2,"mp":0,"y0":null,"y1":null,"sp":[[11,1,1,0,null,null],[6,1,1,0,null,null]]}},{"type":"Feature","geometry":{"type":"Polygon","coordinates":[[[-151.46999,63.26115],[-151.47269,63.2598],[-151.47156,63.2582],[-151.46773,63.25795],[-151.46503,63.25929],[-151.46616,63.26089],[-151.46999,63.26115]]]},"properties":{"cell":"890c76ce1a7ffff","res":9,"coarsened":false,"count":1,"hv":1,"mp":0,"y0":null,"y1":null,"sp":[[160,1,1,0,null,null]]}},{"type":"Feature","geometry":{"type":"Polygon","coordinates":[[[-151.59301,63.15201],[-151.59569,63.15066],[-151.59455,63.14907],[-151.59074,63.14882],[-151.58806,63.15016],[-151.58919,63.15176],[-151.59301,63.15201]]]},"properties":{"cell":"890c7656403ffff","res":9,"coarsened":false,"count":3,"hv":3,"mp":0,"y0":null,"y1":null,"sp":[[13,1,1,0,null,null],[67,1,1,0,null,null],[11,1,1,0,null,null]]}},{"type":"Feature","geometry":{"type":"Polygon","coordinates":[[[-151.77933,63.11237],[-151.782,63.11102],[-151.78086,63.10943],[-151.77704,63.10918],[-151.77437,63.11053],[-151.77552,63.11212],[-151.77933,63.11237]]]},"properties":{"cell":"890c7657267ffff","res":9,"coarsened":false,"count":1,"hv":1,"mp":0,"y0":null,"y1":null,"sp":[[13,1,1,0,null,null]]}},{"type":"Feature","geometry":{"type":"Polygon","coordinates":[[[-152.14968,62.95181],[-152.15231,62.95046],[-152.15115,62.94887],[-152.14735,62.94864],[-152.14472,62.94999],[-152.14588,62.95158],[-152.14968,62.95181]]]},"properties":{"cell":"890c764f69bffff","res":9,"coarsened":false,"count":1,"hv":1,"mp":0,"y0":null,"y1":null,"sp":[[108,1,1,0,null,null]]}},{"type":"Feature","geometry":{"type":"Polygon","coordinates":[[[-152.01199,62.99186],[-152.01464,62.99051],[-152.01348,62.98891],[-152.00968,62.98868],[-152.00703,62.99003],[-152.00819,62.99162],[-152.01199,62.99186]]]},"properties":{"cell":"890c7641dc7ffff","res":9,"coarsened":false,"count":1,"hv":1,"mp":0,"y0":null,"y1":null,"sp":[[153,1,1,0,null,null]]}},{"type":"Feature","geometry":{"type":"Polygon","coordinates":[[[-151.88043,63.11121],[-151.88309,63.10986],[-151.88194,63.10827],[-151.87812,63.10803],[-151.87546,63.10938],[-151.87661,63.11097],[-151.88043,63.11121]]]},"properties":{"cell":"890c7650bcbffff","res":9,"coarsened":false,"count":1,"hv":1,"mp":0,"y0":null,"y1":null,"sp":[[83,1,1,0,null,null]]}},{"type":"Feature","geometry":{"type":"Polygon","coordinates":[[[-151.60382,63.13142],[-151.6065,63.13007],[-151.60537,63.12847],[-151.60156,63.12822],[-151.59888,63.12957],[-151.60001,63.13117],[-151.60382,63.13142]]]},"properties":{"cell":"890c7656003ffff","res":9,"coarsened":false,"count":2,"hv":2,"mp":0,"y0":null,"y1":null,"sp":[[120,1,1,0,null,null],[14,1,1,0,null,null]]}},{"type":"Feature","geometry":{"type":"Polygon","coordinates":[[[-151.19935,63.9808],[-151.26597,63.96382],[-151.26938,63.93177],[-151.20634,63.91672],[-151.13982,63.93367],[-151.13624,63.96571],[-151.19935,63.9808]]]},"properties":{"cell":"860c29447ffffff","res":6,"coarsened":true,"count":1,"hv":1,"mp":0,"y0":null,"y1":null,"sp":[[63,1,1,0,null,null]]}},{"type":"Feature","geometry":{"type":"Polygon","coordinates":[[[-150.80988,63.47364],[-150.81264,63.47231],[-150.81154,63.4707],[-150.8077,63.47043],[-150.80494,63.47176],[-150.80604,63.47337],[-150.80988,63.47364]]]},"properties":{"cell":"890c769aa53ffff","res":9,"coarsened":false,"count":1,"hv":1,"mp":0,"y0":2005,"y1":2005,"sp":[[123,1,1,0,2005,2005]]}},{"type":"Feature","geometry":{"type":"Polygon","coordinates":[[[-150.65235,63.22417],[-150.71715,63.20752],[-150.72116,63.17581],[-150.66052,63.16077],[-150.59582,63.1774],[-150.59165,63.20909],[-150.65235,63.22417]]]},"properties":{"cell":"860c768cfffffff","res":6,"coarsened":true,"count":1,"hv":1,"mp":0,"y0":2005,"y1":2005,"sp":[[173,1,1,0,2005,2005]]}},{"type":"Feature","geometry":{"type":"Polygon","coordinates":[[[-151.06169,63.39816],[-151.06442,63.39682],[-151.06331,63.39522],[-151.05947,63.39495],[-151.05674,63.39629],[-151.05784,63.39789],[-151.06169,63.39816]]]},"properties":{"cell":"890c768b6cbffff","res":9,"coarsened":false,"count":1,"hv":1,"mp":0,"y0":2005,"y1":2005,"sp":[[109,1,1,0,2005,2005]]}},{"type":"Feature","geometry":{"type":"Polygon","coordinates":[[[-150.79779,63.14475],[-150.80051,63.14343],[-150.79943,63.14183],[-150.79564,63.14156],[-150.79292,63.14288],[-150.794,63.14448],[-150.79779,63.14475]]]},"properties":{"cell":"890c7617523ffff","res":9,"coarsened":false,"count":1,"hv":1,"mp":0,"y0":2005,"y1":2005,"sp":[[13,1,1,0,2005,2005]]}},{"type":"Feature","geometry":{"type":"Polygon","coordinates":[[[-151.29312,63.4568],[-151.29585,63.45546],[-151.29472,63.45386],[-151.29086,63.4536],[-151.28814,63.45494],[-151.28926,63.45654],[-151.29312,63.4568]]]},"properties":{"cell":"890c76d7223ffff","res":9,"coarsened":false,"count":1,"hv":1,"mp":0,"y0":2005,"y1":2005,"sp":[[140,1,1,0,2005,2005]]}},{"type":"Feature","geometry":{"type":"Polygon","coordinates":[[[-151.89692,63.58812],[-151.89964,63.58676],[-151.89846,63.58516],[-151.89457,63.58491],[-151.89185,63.58627],[-151.89303,63.58787],[-151.89692,63.58812]]]},"properties":{"cell":"890c2bae1abffff","res":9,"coarsened":false,"count":1,"hv":1,"mp":0,"y0":2005,"y1":2005,"sp":[[59,1,1,0,2005,2005]]}},{"type":"Feature","geometry":{"type":"Polygon","coordinates":[[[-151.69941,63.55099],[-151.70213,63.54964],[-151.70097,63.54803],[-151.69709,63.54778],[-151.69437,63.54913],[-151.69553,63.55074],[-151.69941,63.55099]]]},"properties":{"cell":"890c2ba4a4bffff","res":9,"coarsened":false,"count":1,"hv":1,"mp":0,"y0":2005,"y1":2005,"sp":[[88,1,1,0,2005,2005]]}},{"type":"Feature","geometry":{"type":"Polygon","coordinates":[[[-151.10151,63.43452],[-151.10424,63.43318],[-151.10313,63.43158],[-151.09928,63.43131],[-151.09655,63.43265],[-151.09766,63.43425],[-151.10151,63.43452]]]},"properties":{"cell":"890c76d6e3bffff","res":9,"coarsened":false,"count":1,"hv":1,"mp":0,"y0":2005,"y1":2005,"sp":[[43,1,1,0,2005,2005]]}},{"type":"Feature","geometry":{"type":"Polygon","coordinates":[[[-148.87481,63.67291],[-148.87767,63.67162],[-148.87671,63.67],[-148.87288,63.66967],[-148.87003,63.67096],[-148.87099,63.67258],[-148.87481,63.67291]]]},"properties":{"cell":"890c7489243ffff","res":9,"coarsened":false,"count":1,"hv":1,"mp":0,"y0":2005,"y1":2005,"sp":[[28,1,1,0,2005,2005]]}},{"type":"Feature","geometry":{"type":"Polygon","coordinates":[[[-151.72357,63.48224],[-151.72628,63.48089],[-151.72512,63.47928],[-151.72125,63.47903],[-151.71854,63.48039],[-151.7197,63.48199],[-151.72357,63.48224]]]},"properties":{"cell":"890c76da36bffff","res":9,"coarsened":false,"count":1,"hv":1,"mp":0,"y0":2005,"y1":2005,"sp":[[12,1,1,0,2005,2005]]}},{"type":"Feature","geometry":{"type":"Polygon","coordinates":[[[-150.14547,62.74418],[-150.14817,62.74287],[-150.14715,62.74128],[-150.14344,62.74099],[-150.14074,62.7423],[-150.14175,62.7439],[-150.14547,62.74418]]]},"properties":{"cell":"890c70ca6cfffff","res":9,"coarsened":false,"count":1,"hv":1,"mp":0,"y0":2005,"y1":2005,"sp":[[106,1,1,0,2005,2005]]}},{"type":"Feature","geometry":{"type":"Polygon","coordinates":[[[-151.72297,63.94186],[-151.72574,63.9405],[-151.72456,63.93889],[-151.72061,63.93863],[-151.71785,63.93999],[-151.71903,63.94161],[-151.72297,63.94186]]]},"properties":{"cell":"890c2948803ffff","res":9,"coarsened":false,"count":2,"hv":2,"mp":0,"y0":null,"y1":null,"sp":[[102,2,2,0,null,null]]}},{"type":"Feature","geometry":{"type":"Polygon","coordinates":[[[-151.05064,62.31008],[-151.05326,62.30876],[-151.0522,62.30718],[-151.04852,62.30692],[-151.04591,62.30825],[-151.04697,62.30983],[-151.05064,62.31008]]]},"properties":{"cell":"890c72854abffff","res":9,"coarsened":false,"count":2,"hv":2,"mp":0,"y0":null,"y1":null,"sp":[[102,2,2,0,null,null]]}},{"type":"Feature","geometry":{"type":"Polygon","coordinates":[[[-150.97305,63.87137],[-150.97584,63.87003],[-150.97471,63.86842],[-150.9708,63.86814],[-150.96801,63.86949],[-150.96913,63.8711],[-150.97305,63.87137]]]},"properties":{"cell":"890c29706a3ffff","res":9,"coarsened":false,"count":2,"hv":2,"mp":0,"y0":null,"y1":null,"sp":[[102,2,2,0,null,null]]}},{"type":"Feature","geometry":{"type":"Polygon","coordinates":[[[-152.17101,63.70165],[-152.17373,63.70029],[-152.17253,63.69868],[-152.16861,63.69844],[-152.16589,63.6998],[-152.16709,63.70141],[-152.17101,63.70165]]]},"properties":{"cell":"890c2baa55bffff","res":9,"coarsened":false,"count":2,"hv":2,"mp":0,"y0":null,"y1":null,"sp":[[102,2,2,0,null,null]]}},{"type":"Feature","geometry":{"type":"Polygon","coordinates":[[[-152.58432,63.60092],[-152.587,63.59954],[-152.58578,63.59794],[-152.58187,63.59772],[-152.57918,63.59909],[-152.58041,63.60069],[-152.58432,63.60092]]]},"properties":{"cell":"890c2b04463ffff","res":9,"coarsened":false,"count":2,"hv":2,"mp":0,"y0":null,"y1":null,"sp":[[102,2,2,0,null,null]]}},{"type":"Feature","geometry":{"type":"Polygon","coordinates":[[[-152.74073,63.70178],[-152.74342,63.7004],[-152.74218,63.6988],[-152.73825,63.69858],[-152.73556,63.69995],[-152.7368,63.70156],[-152.74073,63.70178]]]},"properties":{"cell":"890c2b02e9bffff","res":9,"coarsened":false,"count":2,"hv":2,"mp":0,"y0":null,"y1":null,"sp":[[102,2,2,0,null,null]]}},{"type":"Feature","geometry":{"type":"Polygon","coordinates":[[[-152.50054,63.77052],[-152.50325,63.76915],[-152.50202,63.76755],[-152.49809,63.76731],[-152.49538,63.76869],[-152.49661,63.77029],[-152.50054,63.77052]]]},"properties":{"cell":"890c2b16273ffff","res":9,"coarsened":false,"count":2,"hv":2,"mp":0,"y0":null,"y1":null,"sp":[[102,2,2,0,null,null]]}},{"type":"Feature","geometry":{"type":"Polygon","coordinates":[[[-152.6025,63.55153],[-152.60518,63.55015],[-152.60395,63.54855],[-152.60005,63.54833],[-152.59737,63.5497],[-152.59859,63.5513],[-152.6025,63.55153]]]},"properties":{"cell":"890c2b05d8bffff","res":9,"coarsened":false,"count":2,"hv":2,"mp":0,"y0":null,"y1":null,"sp":[[102,2,2,0,null,null]]}},{"type":"Feature","geometry":{"type":"Polygon","coordinates":[[[-152.52198,63.64162],[-152.52467,63.64025],[-152.52345,63.63865],[-152.51953,63.63842],[-152.51684,63.63979],[-152.51806,63.64139],[-152.52198,63.64162]]]},"properties":{"cell":"890c2b060c7ffff","res":9,"coarsened":false,"count":2,"hv":2,"mp":0,"y0":null,"y1":null,"sp":[[102,2,2,0,null,null]]}},{"type":"Feature","geometry":{"type":"Polygon","coordinates":[[[-152.22798,63.8523],[-152.23071,63.85093],[-152.2295,63.84932],[-152.22555,63.84908],[-152.22282,63.85045],[-152.22404,63.85206],[-152.22798,63.8523]]]},"properties":{"cell":"890c2bbb433ffff","res":9,"coarsened":false,"count":2,"hv":2,"mp":0,"y0":null,"y1":null,"sp":[[102,2,2,0,null,null]]}},{"type":"Feature","geometry":{"type":"Polygon","coordinates":[[[-152.18863,63.44125],[-152.19132,63.43989],[-152.19013,63.43829],[-152.18625,63.43805],[-152.18356,63.43942],[-152.18475,63.44102],[-152.18863,63.44125]]]},"properties":{"cell":"890c2b3723bffff","res":9,"coarsened":false,"count":2,"hv":2,"mp":0,"y0":null,"y1":null,"sp":[[102,2,2,0,null,null]]}},{"type":"Feature","geometry":{"type":"Polygon","coordinates":[[[-151.92968,63.92128],[-151.93243,63.91991],[-151.93123,63.9183],[-151.92729,63.91805],[-151.92454,63.91941],[-151.92573,63.92103],[-151.92968,63.92128]]]},"properties":{"cell":"890c2b869afffff","res":9,"coarsened":false,"count":2,"hv":2,"mp":0,"y0":null,"y1":null,"sp":[[102,2,2,0,null,null]]}},{"type":"Feature","geometry":{"type":"Polygon","coordinates":[[[-151.88038,63.55037],[-151.88309,63.54901],[-151.88192,63.54741],[-151.87803,63.54716],[-151.87532,63.54852],[-151.8765,63.55012],[-151.88038,63.55037]]]},"properties":{"cell":"890c2bae83bffff","res":9,"coarsened":false,"count":2,"hv":2,"mp":0,"y0":null,"y1":null,"sp":[[102,2,2,0,null,null]]}},{"type":"Feature","geometry":{"type":"Polygon","coordinates":[[[-152.37882,64.00116],[-152.38156,63.99979],[-152.38033,63.99818],[-152.37635,63.99794],[-152.37361,63.99931],[-152.37484,64.00093],[-152.37882,64.00116]]]},"properties":{"cell":"890c2b8030fffff","res":9,"coarsened":false,"count":2,"hv":2,"mp":0,"y0":null,"y1":null,"sp":[[102,2,2,0,null,null]]}},{"type":"Feature","geometry":{"type":"Polygon","coordinates":[[[-152.19344,63.62189],[-152.19614,63.62053],[-152.19494,63.61893],[-152.19104,63.61869],[-152.18833,63.62005],[-152.18953,63.62165],[-152.19344,63.62189]]]},"properties":{"cell":"890c2ba8cc7ffff","res":9,"coarsened":false,"count":2,"hv":2,"mp":0,"y0":null,"y1":null,"sp":[[102,2,2,0,null,null]]}},{"type":"Feature","geometry":{"type":"Polygon","coordinates":[[[-151.87871,63.83208],[-151.88146,63.83072],[-151.88027,63.82911],[-151.87634,63.82886],[-151.8736,63.83022],[-151.87478,63.83183],[-151.87871,63.83208]]]},"properties":{"cell":"890c2bb03d3ffff","res":9,"coarsened":false,"count":2,"hv":2,"mp":0,"y0":null,"y1":null,"sp":[[102,2,2,0,null,null]]}},{"type":"Feature","geometry":{"type":"Polygon","coordinates":[[[-152.28851,63.42138],[-152.29119,63.42002],[-152.28999,63.41842],[-152.28611,63.41819],[-152.28343,63.41955],[-152.28463,63.42115],[-152.28851,63.42138]]]},"properties":{"cell":"890c2b30b67ffff","res":9,"coarsened":false,"count":2,"hv":2,"mp":0,"y0":null,"y1":null,"sp":[[102,2,2,0,null,null]]}},{"type":"Feature","geometry":{"type":"Polygon","coordinates":[[[-152.2689,63.83178],[-152.27163,63.83041],[-152.27042,63.8288],[-152.26647,63.82856],[-152.26375,63.82993],[-152.26496,63.83154],[-152.2689,63.83178]]]},"properties":{"cell":"890c2bbb04fffff","res":9,"coarsened":false,"count":2,"hv":2,"mp":0,"y0":null,"y1":null,"sp":[[102,2,2,0,null,null]]}},{"type":"Feature","geometry":{"type":"Polygon","coordinates":[[[-152.16158,62.34191],[-152.16415,62.34057],[-152.16302,62.33899],[-152.15931,62.33877],[-152.15674,62.34011],[-152.15788,62.34169],[-152.16158,62.34191]]]},"properties":{"cell":"890c72c1317ffff","res":9,"coarsened":false,"count":2,"hv":2,"mp":0,"y0":null,"y1":null,"sp":[[102,2,2,0,null,null]]}},{"type":"Feature","geometry":{"type":"Polygon","coordinates":[[[-152.10859,62.39138],[-152.11116,62.39003],[-152.11003,62.38845],[-152.10632,62.38822],[-152.10374,62.38957],[-152.10487,62.39115],[-152.10859,62.39138]]]},"properties":{"cell":"890c72c331bffff","res":9,"coarsened":false,"count":2,"hv":2,"mp":0,"y0":null,"y1":null,"sp":[[102,2,2,0,null,null]]}},{"type":"Feature","geometry":{"type":"Polygon","coordinates":[[[-152.07305,63.75075],[-152.07578,63.74939],[-152.07458,63.74778],[-152.07066,63.74754],[-152.06793,63.7489],[-152.06913,63.75051],[-152.07305,63.75075]]]},"properties":{"cell":"890c2bb8d17ffff","res":9,"coarsened":false,"count":3,"hv":3,"mp":0,"y0":null,"y1":null,"sp":[[102,2,2,0,null,null],[192,1,1,0,null,null]]}},{"type":"Feature","geometry":{"type":"Polygon","coordinates":[[[-152.51324,63.51268],[-152.51592,63.51131],[-152.5147,63.50971],[-152.51081,63.50948],[-152.50813,63.51085],[-152.50934,63.51245],[-152.51324,63.51268]]]},"properties":{"cell":"890c2b316cbffff","res":9,"coarsened":false,"count":2,"hv":2,"mp":0,"y0":null,"y1":null,"sp":[[102,2,2,0,null,null]]}},{"type":"Feature","geometry":{"type":"Polygon","coordinates":[[[-151.67174,63.92318],[-151.67451,63.92182],[-151.67333,63.92021],[-151.66939,63.91995],[-151.66663,63.92131],[-151.6678,63.92292],[-151.67174,63.92318]]]},"properties":{"cell":"890c2948937ffff","res":9,"coarsened":false,"count":2,"hv":2,"mp":0,"y0":null,"y1":null,"sp":[[102,2,2,0,null,null]]}},{"type":"Feature","geometry":{"type":"Polygon","coordinates":[[[-151.60263,63.20135],[-151.60531,63.2],[-151.60418,63.19841],[-151.60035,63.19815],[-151.59767,63.1995],[-151.59881,63.2011],[-151.60263,63.20135]]]},"properties":{"cell":"890c76cc33bffff","res":9,"coarsened":false,"count":2,"hv":2,"mp":0,"y0":null,"y1":null,"sp":[[102,2,2,0,null,null]]}},{"type":"Feature","geometry":{"type":"Polygon","coordinates":[[[-151.13013,63.97298],[-151.13293,63.97163],[-151.13179,63.97001],[-151.12785,63.96974],[-151.12506,63.97109],[-151.1262,63.9727],[-151.13013,63.97298]]]},"properties":{"cell":"890c2946337ffff","res":9,"coarsened":false,"count":2,"hv":2,"mp":0,"y0":null,"y1":null,"sp":[[102,2,2,0,null,null]]}},{"type":"Feature","geometry":{"type":"Polygon","coordinates":[[[-152.4939,63.77166],[-152.49661,63.77029],[-152.49538,63.76869],[-152.49144,63.76845],[-152.48873,63.76983],[-152.48996,63.77143],[-152.4939,63.77166]]]},"properties":{"cell":"890c2b1620fffff","res":9,"coarsened":false,"count":2,"hv":2,"mp":0,"y0":null,"y1":null,"sp":[[102,2,2,0,null,null]]}},{"type":"Feature","geometry":{"type":"Polygon","coordinates":[[[-152.11849,63.85171],[-152.12122,63.85035],[-152.12002,63.84874],[-152.11608,63.84849],[-152.11334,63.84986],[-152.11455,63.85147],[-152.11849,63.85171]]]},"properties":{"cell":"890c2bba463ffff","res":9,"coarsened":false,"count":4,"hv":4,"mp":0,"y0":null,"y1":null,"sp":[[102,4,4,0,null,null]]}},{"type":"Feature","geometry":{"type":"Polygon","coordinates":[[[-152.02034,63.91162],[-152.02309,63.91025],[-152.02189,63.90864],[-152.01794,63.90839],[-152.01519,63.90976],[-152.01639,63.91137],[-152.02034,63.91162]]]},"properties":{"cell":"890c2b84cb3ffff","res":9,"coarsened":false,"count":2,"hv":2,"mp":0,"y0":null,"y1":null,"sp":[[102,2,2,0,null,null]]}},{"type":"Feature","geometry":{"type":"Polygon","coordinates":[[[-151.86177,63.91083],[-151.86453,63.90947],[-151.86334,63.90785],[-151.85939,63.9076],[-151.85664,63.90896],[-151.85783,63.91058],[-151.86177,63.91083]]]},"properties":{"cell":"890c2949b2bffff","res":9,"coarsened":false,"count":2,"hv":2,"mp":0,"y0":null,"y1":null,"sp":[[102,2,2,0,null,null]]}},{"type":"Feature","geometry":{"type":"Polygon","coordinates":[[[-151.82151,63.19114],[-151.82418,63.18979],[-151.82303,63.1882],[-151.8192,63.18795],[-151.81653,63.1893],[-151.81768,63.1909],[-151.82151,63.19114]]]},"properties":{"cell":"890c7652e13ffff","res":9,"coarsened":false,"count":2,"hv":2,"mp":0,"y0":null,"y1":null,"sp":[[102,2,2,0,null,null]]}},{"type":"Feature","geometry":{"type":"Polygon","coordinates":[[[-151.81089,63.90297],[-151.81365,63.90161],[-151.81246,63.9],[-151.80852,63.89975],[-151.80577,63.90111],[-151.80695,63.90272],[-151.81089,63.90297]]]},"properties":{"cell":"890c2bb26afffff","res":9,"coarsened":false,"count":2,"hv":2,"mp":0,"y0":null,"y1":null,"sp":[[102,2,2,0,null,null]]}},{"type":"Feature","geometry":{"type":"Polygon","coordinates":[[[-152.50177,64.01309],[-152.50451,64.01172],[-152.50326,64.01011],[-152.49929,64.00987],[-152.49655,64.01125],[-152.49779,64.01286],[-152.50177,64.01309]]]},"properties":{"cell":"890c2b81067ffff","res":9,"coarsened":false,"count":2,"hv":2,"mp":0,"y0":null,"y1":null,"sp":[[102,2,2,0,null,null]]}},{"type":"Feature","geometry":{"type":"Polygon","coordinates":[[[-151.91908,63.87147],[-151.92182,63.87011],[-151.92063,63.8685],[-151.91669,63.86825],[-151.91395,63.86961],[-151.91514,63.87122],[-151.91908,63.87147]]]},"properties":{"cell":"890c2bb33bbffff","res":9,"coarsened":false,"count":2,"hv":2,"mp":0,"y0":null,"y1":null,"sp":[[102,2,2,0,null,null]]}},{"type":"Feature","geometry":{"type":"Polygon","coordinates":[[[-151.70843,63.91173],[-151.71119,63.91037],[-151.71001,63.90876],[-151.70607,63.90851],[-151.70331,63.90986],[-151.70449,63.91148],[-151.70843,63.91173]]]},"properties":{"cell":"890c294d6cfffff","res":9,"coarsened":false,"count":2,"hv":2,"mp":0,"y0":null,"y1":null,"sp":[[102,2,2,0,null,null]]}},{"type":"Feature","geometry":{"type":"Polygon","coordinates":[[[-151.57978,63.83272],[-151.58254,63.83136],[-151.58137,63.82975],[-151.57745,63.82949],[-151.57469,63.83085],[-151.57586,63.83246],[-151.57978,63.83272]]]},"properties":{"cell":"890c294d947ffff","res":9,"coarsened":false,"count":2,"hv":2,"mp":0,"y0":null,"y1":null,"sp":[[102,2,2,0,null,null]]}},{"type":"Feature","geometry":{"type":"Polygon","coordinates":[[[-151.73319,63.9917],[-151.73596,63.99034],[-151.73477,63.98873],[-151.73082,63.98848],[-151.72805,63.98983],[-151.72923,63.99145],[-151.73319,63.9917]]]},"properties":{"cell":"890c294853bffff","res":9,"coarsened":false,"count":2,"hv":2,"mp":0,"y0":null,"y1":null,"sp":[[102,2,2,0,null,null]]}},{"type":"Feature","geometry":{"type":"Polygon","coordinates":[[[-151.60369,63.90184],[-151.60645,63.90048],[-151.60528,63.89887],[-151.60135,63.89861],[-151.59858,63.89997],[-151.59975,63.90158],[-151.60369,63.90184]]]},"properties":{"cell":"890c294d5abffff","res":9,"coarsened":false,"count":2,"hv":2,"mp":0,"y0":null,"y1":null,"sp":[[102,2,2,0,null,null]]}},{"type":"Feature","geometry":{"type":"Polygon","coordinates":[[[-151.19276,63.99266],[-151.19555,63.99131],[-151.19441,63.98969],[-151.19047,63.98942],[-151.18767,63.99077],[-151.18882,63.99239],[-151.19276,63.99266]]]},"properties":{"cell":"890c2946257ffff","res":9,"coarsened":false,"count":2,"hv":2,"mp":0,"y0":null,"y1":null,"sp":[[102,2,2,0,null,null]]}},{"type":"Feature","geometry":{"type":"Polygon","coordinates":[[[-151.89966,63.85029],[-151.9024,63.84893],[-151.90121,63.84732],[-151.89728,63.84707],[-151.89453,63.84843],[-151.89572,63.85004],[-151.89966,63.85029]]]},"properties":{"cell":"890c2bb0677ffff","res":9,"coarsened":false,"count":2,"hv":2,"mp":0,"y0":null,"y1":null,"sp":[[102,2,2,0,null,null]]}},{"type":"Feature","geometry":{"type":"Polygon","coordinates":[[[-151.80901,63.94125],[-151.81177,63.93989],[-151.81058,63.93828],[-151.80663,63.93803],[-151.80387,63.93939],[-151.80506,63.941],[-151.80901,63.94125]]]},"properties":{"cell":"890c2949d77ffff","res":9,"coarsened":false,"count":2,"hv":2,"mp":0,"y0":null,"y1":null,"sp":[[102,2,2,0,null,null]]}},{"type":"Feature","geometry":{"type":"Polygon","coordinates":[[[-151.67266,64.00162],[-151.67543,64.00026],[-151.67425,63.99865],[-151.6703,63.99839],[-151.66752,63.99975],[-151.66871,64.00136],[-151.67266,64.00162]]]},"properties":{"cell":"890c294aeafffff","res":9,"coarsened":false,"count":2,"hv":2,"mp":0,"y0":null,"y1":null,"sp":[[102,2,2,0,null,null]]}},{"type":"Feature","geometry":{"type":"Polygon","coordinates":[[[-151.15072,62.39081],[-151.15334,62.38948],[-151.15227,62.3879],[-151.14858,62.38765],[-151.14596,62.38898],[-151.14703,62.39056],[-151.15072,62.39081]]]},"properties":{"cell":"890c7280557ffff","res":9,"coarsened":false,"count":2,"hv":2,"mp":0,"y0":null,"y1":null,"sp":[[102,2,2,0,null,null]]}},{"type":"Feature","geometry":{"type":"Polygon","coordinates":[[[-151.66824,64.02132],[-151.67101,64.01997],[-151.66983,64.01835],[-151.66587,64.01809],[-151.6631,64.01945],[-151.66428,64.02107],[-151.66824,64.02132]]]},"properties":{"cell":"890c294a133ffff","res":9,"coarsened":false,"count":2,"hv":2,"mp":0,"y0":null,"y1":null,"sp":[[102,2,2,0,null,null]]}},{"type":"Feature","geometry":{"type":"Polygon","coordinates":[[[-151.07907,62.32109],[-151.08168,62.31976],[-151.08062,62.31818],[-151.07695,62.31793],[-151.07433,62.31925],[-151.07539,62.32083],[-151.07907,62.32109]]]},"properties":{"cell":"890c72809afffff","res":9,"coarsened":false,"count":2,"hv":2,"mp":0,"y0":null,"y1":null,"sp":[[102,2,2,0,null,null]]}},{"type":"Feature","geometry":{"type":"Polygon","coordinates":[[[-151.1402,62.44286],[-151.14283,62.44153],[-151.14175,62.43995],[-151.13806,62.4397],[-151.13543,62.44102],[-151.13651,62.44261],[-151.1402,62.44286]]]},"properties":{"cell":"890c72826abffff","res":9,"coarsened":false,"count":2,"hv":2,"mp":0,"y0":null,"y1":null,"sp":[[102,2,2,0,null,null]]}},{"type":"Feature","geometry":{"type":"Polygon","coordinates":[[[-150.67373,62.62141],[-150.6764,62.62009],[-150.67535,62.61851],[-150.67164,62.61824],[-150.66897,62.61956],[-150.67002,62.62115],[-150.67373,62.62141]]]},"properties":{"cell":"890c762525bffff","res":9,"coarsened":false,"count":2,"hv":2,"mp":0,"y0":null,"y1":null,"sp":[[102,2,2,0,null,null]]}},{"type":"Feature","geometry":{"type":"Polygon","coordinates":[[[-150.58158,62.61018],[-150.58424,62.60887],[-150.5832,62.60728],[-150.5795,62.60701],[-150.57683,62.60832],[-150.57787,62.60991],[-150.58158,62.61018]]]},"properties":{"cell":"890c7625173ffff","res":9,"coarsened":false,"count":2,"hv":2,"mp":0,"y0":null,"y1":null,"sp":[[102,2,2,0,null,null]]}},{"type":"Feature","geometry":{"type":"Polygon","coordinates":[[[-150.27346,62.60247],[-150.27614,62.60116],[-150.27512,62.59957],[-150.27142,62.59929],[-150.26874,62.6006],[-150.26976,62.60219],[-150.27346,62.60247]]]},"properties":{"cell":"890c70534a7ffff","res":9,"coarsened":false,"count":2,"hv":2,"mp":0,"y0":null,"y1":null,"sp":[[102,2,2,0,null,null]]}},{"type":"Feature","geometry":{"type":"Polygon","coordinates":[[[-150.2294,62.83092],[-150.2321,62.82961],[-150.23108,62.82801],[-150.22735,62.82773],[-150.22464,62.82905],[-150.22567,62.83064],[-150.2294,62.83092]]]},"properties":{"cell":"890c70d96afffff","res":9,"coarsened":false,"count":2,"hv":2,"mp":0,"y0":null,"y1":null,"sp":[[102,2,2,0,null,null]]}},{"type":"Feature","geometry":{"type":"Polygon","coordinates":[[[-150.09976,62.4729],[-150.10243,62.47159],[-150.10143,62.47001],[-150.09776,62.46973],[-150.09509,62.47103],[-150.09609,62.47262],[-150.09976,62.4729]]]},"properties":{"cell":"890c7057357ffff","res":9,"coarsened":false,"count":2,"hv":2,"mp":0,"y0":null,"y1":null,"sp":[[102,2,2,0,null,null]]}},{"type":"Feature","geometry":{"type":"Polygon","coordinates":[[[-150.74091,64.01022],[-150.74372,64.00888],[-150.74261,64.00726],[-150.73868,64.00698],[-150.73586,64.00832],[-150.73698,64.00994],[-150.74091,64.01022]]]},"properties":{"cell":"890c290a88bffff","res":9,"coarsened":false,"count":2,"hv":2,"mp":0,"y0":null,"y1":null,"sp":[[102,2,2,0,null,null]]}},{"type":"Feature","geometry":{"type":"Polygon","coordinates":[[[-150.71266,63.9528],[-150.71547,63.95146],[-150.71436,63.94985],[-150.71044,63.94956],[-150.70763,63.9509],[-150.70874,63.95252],[-150.71266,63.9528]]]},"properties":{"cell":"890c290f2b3ffff","res":9,"coarsened":false,"count":2,"hv":2,"mp":0,"y0":null,"y1":null,"sp":[[102,2,2,0,null,null]]}},{"type":"Feature","geometry":{"type":"Polygon","coordinates":[[[-150.45348,62.57054],[-150.45615,62.56922],[-150.45512,62.56763],[-150.45142,62.56736],[-150.44876,62.56867],[-150.44979,62.57026],[-150.45348,62.57054]]]},"properties":{"cell":"890c7624bdbffff","res":9,"coarsened":false,"count":2,"hv":2,"mp":0,"y0":null,"y1":null,"sp":[[102,2,2,0,null,null]]}},{"type":"Feature","geometry":{"type":"Polygon","coordinates":[[[-150.27309,62.55254],[-150.27576,62.55123],[-150.27474,62.54964],[-150.27105,62.54937],[-150.26838,62.55068],[-150.2694,62.55226],[-150.27309,62.55254]]]},"properties":{"cell":"890c70506bbffff","res":9,"coarsened":false,"count":2,"hv":2,"mp":0,"y0":null,"y1":null,"sp":[[102,2,2,0,null,null]]}},{"type":"Feature","geometry":{"type":"Polygon","coordinates":[[[-149.93992,62.40169],[-149.94259,62.40038],[-149.9416,62.3988],[-149.93794,62.39851],[-149.93527,62.39981],[-149.93626,62.4014],[-149.93992,62.40169]]]},"properties":{"cell":"890c7054d7bffff","res":9,"coarsened":false,"count":2,"hv":2,"mp":0,"y0":null,"y1":null,"sp":[[102,2,2,0,null,null]]}},{"type":"Feature","geometry":{"type":"Polygon","coordinates":[[[-149.87788,62.93143],[-149.88061,62.93013],[-149.87961,62.92853],[-149.87587,62.92824],[-149.87314,62.92954],[-149.87415,62.93114],[-149.87788,62.93143]]]},"properties":{"cell":"890c70d3643ffff","res":9,"coarsened":false,"count":2,"hv":2,"mp":0,"y0":null,"y1":null,"sp":[[102,2,2,0,null,null]]}},{"type":"Feature","geometry":{"type":"Polygon","coordinates":[[[-150.45347,64.07092],[-150.45631,64.06959],[-150.45521,64.06797],[-150.45128,64.06768],[-150.44844,64.06901],[-150.44954,64.07063],[-150.45347,64.07092]]]},"properties":{"cell":"890c2902e1bffff","res":9,"coarsened":false,"count":2,"hv":2,"mp":0,"y0":null,"y1":null,"sp":[[102,2,2,0,null,null]]}},{"type":"Feature","geometry":{"type":"Polygon","coordinates":[[[-149.67078,63.06111],[-149.67354,63.05981],[-149.67254,63.05821],[-149.66879,63.05791],[-149.66604,63.05921],[-149.66703,63.06081],[-149.67078,63.06111]]]},"properties":{"cell":"890c746a2c3ffff","res":9,"coarsened":false,"count":2,"hv":2,"mp":0,"y0":null,"y1":null,"sp":[[102,2,2,0,null,null]]}},{"type":"Feature","geometry":{"type":"Polygon","coordinates":[[[-150.11152,62.91304],[-150.11423,62.91173],[-150.11321,62.91013],[-150.10947,62.90985],[-150.10675,62.91116],[-150.10777,62.91276],[-150.11152,62.91304]]]},"properties":{"cell":"890c76a5a8fffff","res":9,"coarsened":false,"count":2,"hv":2,"mp":0,"y0":null,"y1":null,"sp":[[102,2,2,0,null,null]]}},{"type":"Feature","geometry":{"type":"Polygon","coordinates":[[[-149.75967,62.95253],[-149.76241,62.95123],[-149.76141,62.94963],[-149.75767,62.94934],[-149.75494,62.95064],[-149.75593,62.95224],[-149.75967,62.95253]]]},"properties":{"cell":"890c7469b83ffff","res":9,"coarsened":false,"count":2,"hv":2,"mp":0,"y0":null,"y1":null,"sp":[[102,2,2,0,null,null]]}},{"type":"Feature","geometry":{"type":"Polygon","coordinates":[[[-149.76085,62.43292],[-149.76353,62.43162],[-149.76255,62.43003],[-149.7589,62.42974],[-149.75621,62.43104],[-149.75719,62.43263],[-149.76085,62.43292]]]},"properties":{"cell":"890c7019947ffff","res":9,"coarsened":false,"count":2,"hv":2,"mp":0,"y0":null,"y1":null,"sp":[[102,2,2,0,null,null]]}},{"type":"Feature","geometry":{"type":"Polygon","coordinates":[[[-148.8116,63.37151],[-148.81442,63.37022],[-148.81347,63.36861],[-148.8097,63.36829],[-148.80687,63.36957],[-148.80782,63.37119],[-148.8116,63.37151]]]},"properties":{"cell":"890c7400ccfffff","res":9,"coarsened":false,"count":2,"hv":2,"mp":0,"y0":null,"y1":null,"sp":[[102,2,2,0,null,null]]}},{"type":"Feature","geometry":{"type":"Polygon","coordinates":[[[-148.83851,63.67287],[-148.84137,63.67158],[-148.84041,63.66996],[-148.83658,63.66964],[-148.83372,63.67093],[-148.83469,63.67255],[-148.83851,63.67287]]]},"properties":{"cell":"890c74892a3ffff","res":9,"coarsened":false,"count":2,"hv":2,"mp":0,"y0":null,"y1":null,"sp":[[102,2,2,0,null,null]]}},{"type":"Feature","geometry":{"type":"Polygon","coordinates":[[[-148.8118,62.66308],[-148.81454,62.6618],[-148.81362,62.6602],[-148.80995,62.65989],[-148.80721,62.66117],[-148.80813,62.66276],[-148.8118,62.66308]]]},"properties":{"cell":"890c70846d3ffff","res":9,"coarsened":false,"count":2,"hv":2,"mp":0,"y0":null,"y1":null,"sp":[[102,2,2,0,null,null]]}},{"type":"Feature","geometry":{"type":"Polygon","coordinates":[[[-151.60917,63.97134],[-151.61195,63.96998],[-151.61077,63.96837],[-151.60682,63.96811],[-151.60405,63.96947],[-151.60523,63.97108],[-151.60917,63.97134]]]},"properties":{"cell":"890c294a923ffff","res":9,"coarsened":false,"count":2,"hv":2,"mp":0,"y0":null,"y1":null,"sp":[[102,2,2,0,null,null]]}},{"type":"Feature","geometry":{"type":"Polygon","coordinates":[[[-152.63091,63.69085],[-152.6336,63.68948],[-152.63237,63.68787],[-152.62844,63.68765],[-152.62575,63.68902],[-152.62698,63.69062],[-152.63091,63.69085]]]},"properties":{"cell":"890c2b15e7bffff","res":9,"coarsened":false,"count":2,"hv":2,"mp":0,"y0":null,"y1":null,"sp":[[102,2,2,0,null,null]]}},{"type":"Feature","geometry":{"type":"Polygon","coordinates":[[[-151.99111,63.03308],[-151.99376,63.03172],[-151.99261,63.03013],[-151.9888,63.02989],[-151.98615,63.03125],[-151.98731,63.03284],[-151.99111,63.03308]]]},"properties":{"cell":"890c76400c7ffff","res":9,"coarsened":false,"count":2,"hv":2,"mp":0,"y0":null,"y1":null,"sp":[[102,2,2,0,null,null]]}},{"type":"Feature","geometry":{"type":"Polygon","coordinates":[[[-151.91271,63.80203],[-151.91545,63.80066],[-151.91426,63.79906],[-151.91034,63.79881],[-151.9076,63.80017],[-151.90879,63.80178],[-151.91271,63.80203]]]},"properties":{"cell":"890c2bb1897ffff","res":9,"coarsened":false,"count":2,"hv":2,"mp":0,"y0":null,"y1":null,"sp":[[102,2,2,0,null,null]]}},{"type":"Feature","geometry":{"type":"Polygon","coordinates":[[[-152.79355,63.08095],[-152.79617,63.07958],[-152.79495,63.07799],[-152.79112,63.07777],[-152.7885,63.07914],[-152.78971,63.08073],[-152.79355,63.08095]]]},"properties":{"cell":"890c0d824c7ffff","res":9,"coarsened":false,"count":2,"hv":2,"mp":0,"y0":null,"y1":null,"sp":[[102,2,2,0,null,null]]}},{"type":"Feature","geometry":{"type":"Polygon","coordinates":[[[-152.73306,63.58047],[-152.73574,63.5791],[-152.7345,63.5775],[-152.73059,63.57727],[-152.72792,63.57865],[-152.72915,63.58025],[-152.73306,63.58047]]]},"properties":{"cell":"890c2b0504fffff","res":9,"coarsened":false,"count":2,"hv":2,"mp":0,"y0":null,"y1":null,"sp":[[102,2,2,0,null,null]]}},{"type":"Feature","geometry":{"type":"Polygon","coordinates":[[[-151.56249,63.93293],[-151.56526,63.93157],[-151.56409,63.92996],[-151.56015,63.9297],[-151.55738,63.93106],[-151.55855,63.93267],[-151.56249,63.93293]]]},"properties":{"cell":"890c294f11bffff","res":9,"coarsened":false,"count":2,"hv":2,"mp":0,"y0":null,"y1":null,"sp":[[102,2,2,0,null,null]]}},{"type":"Feature","geometry":{"type":"Polygon","coordinates":[[[-152.06913,63.84098],[-152.07187,63.83962],[-152.07067,63.83801],[-152.06673,63.83776],[-152.06399,63.83913],[-152.0652,63.84074],[-152.06913,63.84098]]]},"properties":{"cell":"890c2bba53bffff","res":9,"coarsened":false,"count":2,"hv":2,"mp":0,"y0":null,"y1":null,"sp":[[102,2,2,0,null,null]]}},{"type":"Feature","geometry":{"type":"Polygon","coordinates":[[[-152.10757,63.67171],[-152.11029,63.67035],[-152.10909,63.66874],[-152.10518,63.6685],[-152.10246,63.66986],[-152.10366,63.67147],[-152.10757,63.67171]]]},"properties":{"cell":"890c2baac87ffff","res":9,"coarsened":false,"count":2,"hv":2,"mp":0,"y0":null,"y1":null,"sp":[[102,2,2,0,null,null]]}},{"type":"Feature","geometry":{"type":"Polygon","coordinates":[[[-152.07267,63.81052],[-152.0754,63.80916],[-152.0742,63.80755],[-152.07027,63.80731],[-152.06753,63.80867],[-152.06873,63.81028],[-152.07267,63.81052]]]},"properties":{"cell":"890c2bbac4bffff","res":9,"coarsened":false,"count":2,"hv":2,"mp":0,"y0":null,"y1":null,"sp":[[102,2,2,0,null,null]]}},{"type":"Feature","geometry":{"type":"Polygon","coordinates":[[[-151.98276,63.90158],[-151.98551,63.90022],[-151.98431,63.89861],[-151.98037,63.89836],[-151.97762,63.89973],[-151.97882,63.90134],[-151.98276,63.90158]]]},"properties":{"cell":"890c2bb364bffff","res":9,"coarsened":false,"count":2,"hv":2,"mp":0,"y0":null,"y1":null,"sp":[[102,2,2,0,null,null]]}},{"type":"Feature","geometry":{"type":"Polygon","coordinates":[[[-151.88921,63.88186],[-151.89196,63.8805],[-151.89077,63.87889],[-151.88683,63.87864],[-151.88408,63.88],[-151.88527,63.88161],[-151.88921,63.88186]]]},"properties":{"cell":"890c2bb31c7ffff","res":9,"coarsened":false,"count":2,"hv":2,"mp":0,"y0":null,"y1":null,"sp":[[102,2,2,0,null,null]]}},{"type":"Feature","geometry":{"type":"Polygon","coordinates":[[[-150.87257,63.36199],[-150.87531,63.36066],[-150.87421,63.35905],[-150.87038,63.35878],[-150.86765,63.36011],[-150.86874,63.36172],[-150.87257,63.36199]]]},"properties":{"cell":"890c768a3b7ffff","res":9,"coarsened":false,"count":2,"hv":2,"mp":0,"y0":null,"y1":null,"sp":[[102,2,2,0,null,null]]}},{"type":"Feature","geometry":{"type":"Polygon","coordinates":[[[-152.04163,63.48257],[-152.04433,63.48121],[-152.04315,63.47961],[-152.03927,63.47936],[-152.03657,63.48072],[-152.03775,63.48232],[-152.04163,63.48257]]]},"properties":{"cell":"890c2bad92bffff","res":9,"coarsened":false,"count":2,"hv":2,"mp":0,"y0":null,"y1":null,"sp":[[102,2,2,0,null,null]]}},{"type":"Feature","geometry":{"type":"Polygon","coordinates":[[[-151.69162,64.01208],[-151.69439,64.01072],[-151.69321,64.0091],[-151.68925,64.00885],[-151.68648,64.0102],[-151.68766,64.01182],[-151.69162,64.01208]]]},"properties":{"cell":"890c294aed7ffff","res":9,"coarsened":false,"count":2,"hv":2,"mp":0,"y0":null,"y1":null,"sp":[[102,2,2,0,null,null]]}},{"type":"Feature","geometry":{"type":"Polygon","coordinates":[[[-151.35276,63.89131],[-151.35554,63.88997],[-151.35438,63.88835],[-151.35046,63.88809],[-151.34768,63.88944],[-151.34883,63.89105],[-151.35276,63.89131]]]},"properties":{"cell":"890c294e987ffff","res":9,"coarsened":false,"count":2,"hv":2,"mp":0,"y0":null,"y1":null,"sp":[[102,2,2,0,null,null]]}},{"type":"Feature","geometry":{"type":"Polygon","coordinates":[[[-152.69913,63.55101],[-152.7018,63.54963],[-152.70057,63.54804],[-152.69667,63.54781],[-152.69399,63.54918],[-152.69522,63.55078],[-152.69913,63.55101]]]},"properties":{"cell":"890c2b05e57ffff","res":9,"coarsened":false,"count":2,"hv":2,"mp":0,"y0":null,"y1":null,"sp":[[102,2,2,0,null,null]]}},{"type":"Feature","geometry":{"type":"Polygon","coordinates":[[[-151.18109,63.87044],[-151.18387,63.86909],[-151.18273,63.86748],[-151.17881,63.86721],[-151.17603,63.86855],[-151.17717,63.87017],[-151.18109,63.87044]]]},"properties":{"cell":"890c297a5dbffff","res":9,"coarsened":false,"count":2,"hv":2,"mp":0,"y0":null,"y1":null,"sp":[[102,2,2,0,null,null]]}},{"type":"Feature","geometry":{"type":"Polygon","coordinates":[[[-149.8616,62.78137],[-149.86431,62.78006],[-149.86331,62.77847],[-149.8596,62.77818],[-149.85688,62.77948],[-149.85788,62.78107],[-149.8616,62.78137]]]},"properties":{"cell":"890c70c3507ffff","res":9,"coarsened":false,"count":2,"hv":2,"mp":0,"y0":null,"y1":null,"sp":[[102,2,2,0,null,null]]}},{"type":"Feature","geometry":{"type":"Polygon","coordinates":[[[-150.7527,64.01106],[-150.75552,64.00973],[-150.7544,64.00811],[-150.75047,64.00783],[-150.74766,64.00916],[-150.74877,64.01078],[-150.7527,64.01106]]]},"properties":{"cell":"890c290a8c3ffff","res":9,"coarsened":false,"count":2,"hv":2,"mp":0,"y0":null,"y1":null,"sp":[[102,2,2,0,null,null]]}},{"type":"Feature","geometry":{"type":"Polygon","coordinates":[[[-150.74338,62.40141],[-150.74601,62.40009],[-150.74497,62.39851],[-150.74129,62.39825],[-150.73865,62.39957],[-150.7397,62.40115],[-150.74338,62.40141]]]},"properties":{"cell":"890c704b647ffff","res":9,"coarsened":false,"count":2,"hv":2,"mp":0,"y0":null,"y1":null,"sp":[[102,2,2,0,null,null]]}},{"type":"Feature","geometry":{"type":"Polygon","coordinates":[[[-150.60997,62.63191],[-150.61263,62.6306],[-150.61159,62.62901],[-150.60788,62.62874],[-150.60521,62.63006],[-150.60626,62.63164],[-150.60997,62.63191]]]},"properties":{"cell":"890c76250c7ffff","res":9,"coarsened":false,"count":2,"hv":2,"mp":0,"y0":null,"y1":null,"sp":[[102,2,2,0,null,null]]}},{"type":"Feature","geometry":{"type":"Polygon","coordinates":[[[-151.87361,63.91158],[-151.87636,63.91022],[-151.87517,63.90861],[-151.87122,63.90836],[-151.86847,63.90972],[-151.86966,63.91133],[-151.87361,63.91158]]]},"properties":{"cell":"890c2949b63ffff","res":9,"coarsened":false,"count":2,"hv":2,"mp":0,"y0":null,"y1":null,"sp":[[102,2,2,0,null,null]]}},{"type":"Feature","geometry":{"type":"Polygon","coordinates":[[[-151.53993,63.2414],[-151.54262,63.24005],[-151.54149,63.23845],[-151.53766,63.2382],[-151.53497,63.23955],[-151.5361,63.24115],[-151.53993,63.2414]]]},"properties":{"cell":"890c76cc583ffff","res":9,"coarsened":false,"count":2,"hv":2,"mp":0,"y0":null,"y1":null,"sp":[[102,2,2,0,null,null]]}},{"type":"Feature","geometry":{"type":"Polygon","coordinates":[[[-150.44202,62.59085],[-150.44469,62.58954],[-150.44366,62.58795],[-150.43996,62.58768],[-150.43729,62.58899],[-150.43832,62.59058],[-150.44202,62.59085]]]},"properties":{"cell":"890c76248dbffff","res":9,"coarsened":false,"count":2,"hv":2,"mp":0,"y0":null,"y1":null,"sp":[[102,2,2,0,null,null]]}},{"type":"Feature","geometry":{"type":"Polygon","coordinates":[[[-150.2608,62.47305],[-150.32383,62.45665],[-150.3282,62.42529],[-150.26971,62.41033],[-150.20678,62.4267],[-150.20225,62.45806],[-150.2608,62.47305]]]},"properties":{"cell":"860c70427ffffff","res":6,"coarsened":true,"count":1,"hv":1,"mp":0,"y0":null,"y1":null,"sp":[[63,1,1,0,null,null]]}},{"type":"Feature","geometry":{"type":"Polygon","coordinates":[[[-150.39373,62.46187],[-150.39638,62.46056],[-150.39536,62.45897],[-150.39168,62.4587],[-150.38902,62.46001],[-150.39005,62.4616],[-150.39373,62.46187]]]},"properties":{"cell":"890c7043443ffff","res":9,"coarsened":false,"count":2,"hv":2,"mp":0,"y0":null,"y1":null,"sp":[[102,2,2,0,null,null]]}},{"type":"Feature","geometry":{"type":"Polygon","coordinates":[[[-150.91268,63.8702],[-150.91547,63.86886],[-150.91435,63.86725],[-150.91044,63.86697],[-150.90764,63.86831],[-150.90876,63.86993],[-150.91268,63.8702]]]},"properties":{"cell":"890c29705c7ffff","res":9,"coarsened":false,"count":2,"hv":2,"mp":0,"y0":null,"y1":null,"sp":[[102,2,2,0,null,null]]}},{"type":"Feature","geometry":{"type":"Polygon","coordinates":[[[-149.41074,62.85152],[-149.41348,62.85023],[-149.41251,62.84863],[-149.4088,62.84832],[-149.40606,62.84962],[-149.40703,62.85122],[-149.41074,62.85152]]]},"properties":{"cell":"890c746cb07ffff","res":9,"coarsened":false,"count":2,"hv":2,"mp":0,"y0":null,"y1":null,"sp":[[102,2,2,0,null,null]]}},{"type":"Feature","geometry":{"type":"Polygon","coordinates":[[[-149.33151,62.38314],[-149.33421,62.38185],[-149.33326,62.38026],[-149.32962,62.37996],[-149.32693,62.38125],[-149.32787,62.38284],[-149.33151,62.38314]]]},"properties":{"cell":"890c700292bffff","res":9,"coarsened":false,"count":2,"hv":2,"mp":0,"y0":null,"y1":null,"sp":[[102,2,2,0,null,null]]}},{"type":"Feature","geometry":{"type":"Polygon","coordinates":[[[-149.00966,63.36087],[-149.01247,63.35958],[-149.01151,63.35797],[-149.00773,63.35765],[-149.00492,63.35894],[-149.00588,63.36055],[-149.00966,63.36087]]]},"properties":{"cell":"890c740ad83ffff","res":9,"coarsened":false,"count":2,"hv":2,"mp":0,"y0":null,"y1":null,"sp":[[102,2,2,0,null,null]]}},{"type":"Feature","geometry":{"type":"Polygon","coordinates":[[[-149.57976,62.89106],[-149.58249,62.88976],[-149.58151,62.88816],[-149.57779,62.88786],[-149.57505,62.88916],[-149.57603,62.89076],[-149.57976,62.89106]]]},"properties":{"cell":"890c746d327ffff","res":9,"coarsened":false,"count":2,"hv":2,"mp":0,"y0":null,"y1":null,"sp":[[102,2,2,0,null,null]]}},{"type":"Feature","geometry":{"type":"Polygon","coordinates":[[[-149.4129,63.19272],[-149.41568,63.19142],[-149.41469,63.18981],[-149.41093,63.18951],[-149.40815,63.19081],[-149.40913,63.19241],[-149.4129,63.19272]]]},"properties":{"cell":"890c747139bffff","res":9,"coarsened":false,"count":2,"hv":2,"mp":0,"y0":null,"y1":null,"sp":[[102,2,2,0,null,null]]}},{"type":"Feature","geometry":{"type":"Polygon","coordinates":[[[-149.27206,63.1903],[-149.27485,63.189],[-149.27387,63.1874],[-149.27011,63.18709],[-149.26733,63.18838],[-149.2683,63.18999],[-149.27206,63.1903]]]},"properties":{"cell":"890c747014bffff","res":9,"coarsened":false,"count":2,"hv":2,"mp":0,"y0":null,"y1":null,"sp":[[102,2,2,0,null,null]]}},{"type":"Feature","geometry":{"type":"Polygon","coordinates":[[[-148.90006,63.72732],[-148.90292,63.72603],[-148.90195,63.72441],[-148.89812,63.72408],[-148.89526,63.72537],[-148.89623,63.72699],[-148.90006,63.72732]]]},"properties":{"cell":"890c74d4a83ffff","res":9,"coarsened":false,"count":1,"hv":1,"mp":0,"y0":2004,"y1":2004,"sp":[[28,1,1,0,2004,2004]]}},{"type":"Feature","geometry":{"type":"Polygon","coordinates":[[[-149.5006,62.50272],[-149.5033,62.50142],[-149.50234,62.49983],[-149.49868,62.49954],[-149.49598,62.50083],[-149.49694,62.50242],[-149.5006,62.50272]]]},"properties":{"cell":"890c7011e2bffff","res":9,"coarsened":false,"count":1,"hv":1,"mp":0,"y0":2004,"y1":2004,"sp":[[186,1,1,0,2004,2004]]}},{"type":"Feature","geometry":{"type":"Polygon","coordinates":[[[-150.49969,63.50165],[-150.50246,63.50032],[-150.50138,63.49871],[-150.49754,63.49843],[-150.49477,63.49975],[-150.49585,63.50136],[-150.49969,63.50165]]]},"properties":{"cell":"890c7690c43ffff","res":9,"coarsened":false,"count":1,"hv":1,"mp":0,"y0":2004,"y1":2004,"sp":[[186,1,1,0,2004,2004]]}},{"type":"Feature","geometry":{"type":"Polygon","coordinates":[[[-150.90226,63.51231],[-150.90501,63.51098],[-150.90391,63.50937],[-150.90006,63.5091],[-150.89731,63.51043],[-150.89841,63.51204],[-150.90226,63.51231]]]},"properties":{"cell":"890c769b11bffff","res":9,"coarsened":false,"count":1,"hv":1,"mp":0,"y0":null,"y1":null,"sp":[[98,1,1,0,null,null]]}},{"type":"Feature","geometry":{"type":"Polygon","coordinates":[[[-150.03184,62.38165],[-150.09473,62.36536],[-150.09937,62.33406],[-150.04128,62.31904],[-149.97849,62.3353],[-149.9737,62.36659],[-150.03184,62.38165]]]},"properties":{"cell":"860c70467ffffff","res":6,"coarsened":true,"count":11,"hv":11,"mp":0,"y0":null,"y1":null,"sp":[[63,11,11,0,null,null]]}},{"type":"Feature","geometry":{"type":"Polygon","coordinates":[[[-149.79755,62.71265],[-149.86137,62.69645],[-149.86636,62.66504],[-149.8077,62.64983],[-149.74398,62.66599],[-149.73883,62.6974],[-149.79755,62.71265]]]},"properties":{"cell":"860c70c0fffffff","res":6,"coarsened":true,"count":1,"hv":1,"mp":0,"y0":null,"y1":null,"sp":[[63,1,1,0,null,null]]}},{"type":"Feature","geometry":{"type":"Polygon","coordinates":[[[-150.69275,62.42039],[-150.75546,62.40379],[-150.7593,62.3724],[-150.70056,62.35763],[-150.63794,62.37421],[-150.63396,62.40558],[-150.69275,62.42039]]]},"properties":{"cell":"860c704b7ffffff","res":6,"coarsened":true,"count":3,"hv":3,"mp":0,"y0":null,"y1":null,"sp":[[63,3,3,0,null,null]]}},{"type":"Feature","geometry":{"type":"Polygon","coordinates":[[[-149.9888,62.66397],[-150.05242,62.64768],[-150.05716,62.61627],[-149.99845,62.60115],[-149.93493,62.6174],[-149.93003,62.64881],[-149.9888,62.66397]]]},"properties":{"cell":"860c70cf7ffffff","res":6,"coarsened":true,"count":2,"hv":2,"mp":0,"y0":null,"y1":null,"sp":[[63,2,2,0,null,null]]}},{"type":"Feature","geometry":{"type":"Polygon","coordinates":[[[-149.72849,62.76025],[-149.79246,62.74408],[-149.79755,62.71265],[-149.73883,62.6974],[-149.67496,62.71354],[-149.66972,62.74496],[-149.72849,62.76025]]]},"properties":{"cell":"860c70c2fffffff","res":6,"coarsened":true,"count":2,"hv":2,"mp":0,"y0":null,"y1":null,"sp":[[63,2,2,0,null,null]]}},{"type":"Feature","geometry":{"type":"Polygon","coordinates":[[[-149.01867,63.71279],[-149.02153,63.71149],[-149.02055,63.70988],[-149.01671,63.70955],[-149.01386,63.71085],[-149.01484,63.71247],[-149.01867,63.71279]]]},"properties":{"cell":"890c74d5bcbffff","res":9,"coarsened":false,"count":42,"hv":42,"mp":0,"y0":null,"y1":null,"sp":[[75,1,1,0,null,null],[66,1,1,0,null,null],[83,1,1,0,null,null],[32,1,1,0,null,null],[102,1,1,0,null,null],[49,1,1,0,null,null],[14,1,1,0,null,null],[30,1,1,0,null,null],[12,1,1,0,null,null],[168,1,1,0,null,null],[77,1,1,0,null,null],[163,1,1,0,null,null],[6,1,1,0,null,null],[190,1,1,0,null,null],[98,1,1,0,null,null],[84,1,1,0,null,null],[45,1,1,0,null,null],[43,1,1,0,null,null],[162,1,1,0,null,null],[33,1,1,0,null,null],[58,1,1,0,null,null],[50,1,1,0,null,null],[19,1,1,0,null,null],[88,1,1,0,null,null],[157,1,1,0,null,null],[26,1,1,0,null,null],[78,1,1,0,null,null],[100,1,1,0,null,null],[41,1,1,0,null,null],[90,1,1,0,null,null],[55,1,1,0,null,null],[44,1,1,0,null,null],[70,1,1,0,null,null],[176,1,1,0,null,null],[82,1,1,0,null,null],[59,1,1,0,null,null],[76,1,1,0,null,null],[29,1,1,0,null,null],[140,1,1,0,null,null],[28,1,1,0,null,null],[13,1,1,0,null,null],[67,1,1,0,null,null]]}},{"type":"Feature","geometry":{"type":"Polygon","coordinates":[[[-150.12529,62.56855],[-150.1886,62.5522],[-150.19317,62.52081],[-150.13456,62.50577],[-150.07134,62.52209],[-150.06663,62.55347],[-150.12529,62.56855]]]},"properties":{"cell":"860c7052fffffff","res":6,"coarsened":true,"count":1,"hv":1,"mp":0,"y0":null,"y1":null,"sp":[[63,1,1,0,null,null]]}},{"type":"Feature","geometry":{"type":"Polygon","coordinates":[[[-149.65919,62.80783],[-149.7233,62.79169],[-149.72849,62.76025],[-149.66972,62.74496],[-149.6057,62.76106],[-149.60036,62.7925],[-149.65919,62.80783]]]},"properties":{"cell":"860c70d57ffffff","res":6,"coarsened":true,"count":1,"hv":1,"mp":0,"y0":null,"y1":null,"sp":[[63,1,1,0,null,null]]}},{"type":"Feature","geometry":{"type":"Polygon","coordinates":[[[-150.13918,62.4744],[-150.20225,62.45806],[-150.20678,62.4267],[-150.14838,62.4117],[-150.08541,62.42802],[-150.08073,62.45936],[-150.13918,62.4744]]]},"properties":{"cell":"860c70557ffffff","res":6,"coarsened":true,"count":1,"hv":1,"mp":0,"y0":null,"y1":null,"sp":[[63,1,1,0,null,null]]}},{"type":"Feature","geometry":{"type":"Polygon","coordinates":[[[-149.07383,63.9483],[-149.14127,63.93236],[-149.14747,63.90053],[-149.0864,63.88464],[-149.01907,63.90054],[-149.0127,63.93236],[-149.07383,63.9483]]]},"properties":{"cell":"860c74d27ffffff","res":6,"coarsened":true,"count":1,"hv":1,"mp":0,"y0":null,"y1":null,"sp":[[63,1,1,0,null,null]]}},{"type":"Feature","geometry":{"type":"Polygon","coordinates":[[[-150.44342,63.42257],[-150.44618,63.42124],[-150.44511,63.41963],[-150.44128,63.41935],[-150.43852,63.42068],[-150.43959,63.42228],[-150.44342,63.42257]]]},"properties":{"cell":"890c769539bffff","res":9,"coarsened":false,"count":42,"hv":42,"mp":0,"y0":null,"y1":null,"sp":[[77,1,1,0,null,null],[13,1,1,0,null,null],[98,1,1,0,null,null],[70,1,1,0,null,null],[11,1,1,0,null,null],[41,1,1,0,null,null],[19,1,1,0,null,null],[163,1,1,0,null,null],[66,1,1,0,null,null],[49,1,1,0,null,null],[38,1,1,0,null,null],[14,1,1,0,null,null],[176,1,1,0,null,null],[84,1,1,0,null,null],[43,1,1,0,null,null],[106,1,1,0,null,null],[122,1,1,0,null,null],[29,1,1,0,null,null],[109,1,1,0,null,null],[134,1,1,0,null,null],[168,1,1,0,null,null],[162,1,1,0,null,null],[76,1,1,0,null,null],[81,1,1,0,null,null],[59,1,1,0,null,null],[83,1,1,0,null,null],[58,1,1,0,null,null],[137,1,1,0,null,null],[12,1,1,0,null,null],[33,1,1,0,null,null],[188,1,1,0,null,null],[6,1,1,0,null,null],[20,1,1,0,null,null],[32,1,1,0,null,null],[153,1,1,0,null,null],[82,1,1,0,null,null],[64,1,1,0,null,null],[56,1,1,0,null,null],[90,1,1,0,null,null],[55,1,1,0,null,null],[78,1,1,0,null,null],[85,1,1,0,null,null]]}},{"type":"Feature","geometry":{"type":"Polygon","coordinates":[[[-150.80998,63.44155],[-150.81272,63.44022],[-150.81163,63.43861],[-150.80779,63.43834],[-150.80504,63.43967],[-150.80613,63.44128],[-150.80998,63.44155]]]},"properties":{"cell":"890c7698c67ffff","res":9,"coarsened":false,"count":36,"hv":36,"mp":0,"y0":null,"y1":null,"sp":[[56,1,1,0,null,null],[58,1,1,0,null,null],[60,1,1,0,null,null],[157,1,1,0,null,null],[176,1,1,0,null,null],[29,1,1,0,null,null],[78,1,1,0,null,null],[43,1,1,0,null,null],[123,1,1,0,null,null],[44,1,1,0,null,null],[6,1,1,0,null,null],[76,1,1,0,null,null],[98,1,1,0,null,null],[162,1,1,0,null,null],[137,1,1,0,null,null],[67,1,1,0,null,null],[163,1,1,0,null,null],[134,1,1,0,null,null],[90,1,1,0,null,null],[45,1,1,0,null,null],[75,1,1,0,null,null],[33,1,1,0,null,null],[70,1,1,0,null,null],[83,1,1,0,null,null],[59,1,1,0,null,null],[82,1,1,0,null,null],[84,1,1,0,null,null],[66,1,1,0,null,null],[153,1,1,0,null,null],[41,1,1,0,null,null],[13,1,1,0,null,null],[40,1,1,0,null,null],[50,1,1,0,null,null],[49,1,1,0,null,null],[32,1,1,0,null,null],[19,1,1,0,null,null]]}},{"type":"Feature","geometry":{"type":"Polygon","coordinates":[[[-149.84281,62.43032],[-149.90589,62.41413],[-149.91077,62.38282],[-149.85273,62.36772],[-149.78975,62.38388],[-149.78471,62.41518],[-149.84281,62.43032]]]},"properties":{"cell":"860c700b7ffffff","res":6,"coarsened":true,"count":2,"hv":2,"mp":0,"y0":null,"y1":null,"sp":[[63,2,2,0,null,null]]}},{"type":"Feature","geometry":{"type":"Polygon","coordinates":[[[-149.78975,62.38388],[-149.85273,62.36772],[-149.85767,62.33643],[-149.79978,62.32133],[-149.73689,62.33746],[-149.7318,62.36873],[-149.78975,62.38388]]]},"properties":{"cell":"860c70087ffffff","res":6,"coarsened":true,"count":1,"hv":1,"mp":0,"y0":null,"y1":null,"sp":[[63,1,1,0,null,null]]}},{"type":"Feature","geometry":{"type":"Polygon","coordinates":[[[-149.62727,62.99675],[-149.69189,62.98061],[-149.69716,62.94909],[-149.63796,62.93373],[-149.57344,62.94983],[-149.56802,62.98134],[-149.62727,62.99675]]]},"properties":{"cell":"860c7468fffffff","res":6,"coarsened":true,"count":1,"hv":1,"mp":0,"y0":null,"y1":null,"sp":[[63,1,1,0,null,null]]}},{"type":"Feature","geometry":{"type":"Polygon","coordinates":[[[-149.95956,62.85274],[-150.02367,62.83645],[-150.02849,62.80496],[-149.96935,62.78977],[-149.90534,62.80603],[-149.90036,62.83751],[-149.95956,62.85274]]]},"properties":{"cell":"860c70dafffffff","res":6,"coarsened":true,"count":1,"hv":1,"mp":0,"y0":null,"y1":null,"sp":[[63,1,1,0,null,null]]}},{"type":"Feature","geometry":{"type":"Polygon","coordinates":[[[-149.65318,62.47873],[-149.71646,62.46262],[-149.72159,62.43131],[-149.66359,62.41613],[-149.60041,62.4322],[-149.59514,62.4635],[-149.65318,62.47873]]]},"properties":{"cell":"860c7018fffffff","res":6,"coarsened":true,"count":1,"hv":1,"mp":0,"y0":null,"y1":null,"sp":[[63,1,1,0,null,null]]}},{"type":"Feature","geometry":{"type":"Polygon","coordinates":[[[-149.91077,62.38282],[-149.9737,62.36659],[-149.97849,62.3353],[-149.9205,62.32024],[-149.85767,62.33643],[-149.85273,62.36772],[-149.91077,62.38282]]]},"properties":{"cell":"860c70097ffffff","res":6,"coarsened":true,"count":1,"hv":1,"mp":0,"y0":null,"y1":null,"sp":[[63,1,1,0,null,null]]}},{"type":"Feature","geometry":{"type":"Polygon","coordinates":[[[-149.89037,62.9005],[-149.95464,62.88424],[-149.95956,62.85274],[-149.90036,62.83751],[-149.83619,62.85373],[-149.83112,62.88522],[-149.89037,62.9005]]]},"properties":{"cell":"860c70d17ffffff","res":6,"coarsened":true,"count":1,"hv":1,"mp":0,"y0":null,"y1":null,"sp":[[63,1,1,0,null,null]]}},{"type":"Feature","geometry":{"type":"Polygon","coordinates":[[[-149.27401,63.23473],[-149.3394,63.21875],[-149.34517,63.18717],[-149.2857,63.17159],[-149.22041,63.18754],[-149.21448,63.21911],[-149.27401,63.23473]]]},"properties":{"cell":"860c74707ffffff","res":6,"coarsened":true,"count":1,"hv":1,"mp":0,"y0":null,"y1":null,"sp":[[63,1,1,0,null,null]]}},{"type":"Feature","geometry":{"type":"Polygon","coordinates":[[[-149.61113,63.09137],[-149.67601,63.07523],[-149.68132,63.04368],[-149.6219,63.02828],[-149.55713,63.04438],[-149.55166,63.07592],[-149.61113,63.09137]]]},"properties":{"cell":"860c746a7ffffff","res":6,"coarsened":true,"count":1,"hv":1,"mp":0,"y0":null,"y1":null,"sp":[[63,1,1,0,null,null]]}},{"type":"Feature","geometry":{"type":"Polygon","coordinates":[[[-149.72159,62.43131],[-149.78471,62.41518],[-149.78975,62.38388],[-149.7318,62.36873],[-149.66877,62.38484],[-149.66359,62.41613],[-149.72159,62.43131]]]},"properties":{"cell":"860c700a7ffffff","res":6,"coarsened":true,"count":2,"hv":2,"mp":0,"y0":null,"y1":null,"sp":[[63,2,2,0,null,null]]}},{"type":"Feature","geometry":{"type":"Polygon","coordinates":[[[-150.28842,62.70803],[-150.35203,62.6916],[-150.35641,62.66013],[-150.29734,62.64511],[-150.23383,62.66152],[-150.22929,62.69297],[-150.28842,62.70803]]]},"properties":{"cell":"860c70c97ffffff","res":6,"coarsened":true,"count":2,"hv":2,"mp":0,"y0":null,"y1":null,"sp":[[63,2,2,0,null,null]]}},{"type":"Feature","geometry":{"type":"Polygon","coordinates":[[[-149.7668,62.90142],[-149.83112,62.88522],[-149.83619,62.85373],[-149.7771,62.83845],[-149.71289,62.85462],[-149.70766,62.8861],[-149.7668,62.90142]]]},"properties":{"cell":"860c70d07ffffff","res":6,"coarsened":true,"count":1,"hv":1,"mp":0,"y0":null,"y1":null,"sp":[[63,1,1,0,null,null]]}},{"type":"Feature","geometry":{"type":"Polygon","coordinates":[[[-149.53181,62.47955],[-149.59514,62.4635],[-149.60041,62.4322],[-149.54252,62.41697],[-149.4793,62.43299],[-149.47387,62.46427],[-149.53181,62.47955]]]},"properties":{"cell":"860c70037ffffff","res":6,"coarsened":true,"count":1,"hv":1,"mp":0,"y0":null,"y1":null,"sp":[[63,1,1,0,null,null]]}},{"type":"Feature","geometry":{"type":"Polygon","coordinates":[[[-151.11371,63.67404],[-151.11647,63.6727],[-151.11534,63.67109],[-151.11146,63.67082],[-151.1087,63.67216],[-151.10982,63.67377],[-151.11371,63.67404]]]},"properties":{"cell":"890c29618d3ffff","res":9,"coarsened":false,"count":5,"hv":5,"mp":0,"y0":1999,"y1":1999,"sp":[[75,3,3,0,1999,1999],[67,1,1,0,1999,1999],[13,1,1,0,1999,1999]]}},{"type":"Feature","geometry":{"type":"Polygon","coordinates":[[[-151.18932,62.31813],[-151.25157,62.30129],[-151.25478,62.2699],[-151.19587,62.25536],[-151.13371,62.27217],[-151.13035,62.30355],[-151.18932,62.31813]]]},"properties":{"cell":"860c728e7ffffff","res":6,"coarsened":true,"count":2,"hv":2,"mp":0,"y0":null,"y1":null,"sp":[[63,2,2,0,null,null]]}},{"type":"Feature","geometry":{"type":"Polygon","coordinates":[[[-151.30119,62.4101],[-151.36363,62.3932],[-151.3667,62.36177],[-151.30749,62.34724],[-151.24514,62.36411],[-151.24191,62.39553],[-151.30119,62.4101]]]},"properties":{"cell":"860c72817ffffff","res":6,"coarsened":true,"count":2,"hv":2,"mp":0,"y0":null,"y1":null,"sp":[[63,2,2,0,null,null]]}},{"type":"Feature","geometry":{"type":"Polygon","coordinates":[[[-151.42299,62.40772],[-151.48538,62.39077],[-151.4883,62.35932],[-151.429,62.34484],[-151.3667,62.36177],[-151.36363,62.3932],[-151.42299,62.40772]]]},"properties":{"cell":"860c728a7ffffff","res":6,"coarsened":true,"count":2,"hv":2,"mp":0,"y0":null,"y1":null,"sp":[[63,2,2,0,null,null]]}},{"type":"Feature","geometry":{"type":"Polygon","coordinates":[[[-149.5836,63.00085],[-149.58636,62.99955],[-149.58537,62.99795],[-149.58163,62.99765],[-149.57888,62.99895],[-149.57987,63.00055],[-149.5836,63.00085]]]},"properties":{"cell":"890c746abc3ffff","res":9,"coarsened":false,"count":1,"hv":1,"mp":0,"y0":1993,"y1":1993,"sp":[[6,1,1,0,1993,1993]]}},{"type":"Feature","geometry":{"type":"Polygon","coordinates":[[[-149.01946,63.46734],[-149.02228,63.46605],[-149.02132,63.46444],[-149.01752,63.46411],[-149.01469,63.46541],[-149.01566,63.46702],[-149.01946,63.46734]]]},"properties":{"cell":"890c7418c87ffff","res":9,"coarsened":false,"count":2,"hv":2,"mp":0,"y0":1993,"y1":1993,"sp":[[33,2,2,0,1993,1993]]}},{"type":"Feature","geometry":{"type":"Polygon","coordinates":[[[-150.17033,62.60071],[-150.17301,62.59941],[-150.172,62.59782],[-150.1683,62.59754],[-150.16562,62.59884],[-150.16663,62.60043],[-150.17033,62.60071]]]},"properties":{"cell":"890c705243bffff","res":9,"coarsened":false,"count":8,"hv":8,"mp":0,"y0":1993,"y1":1993,"sp":[[98,2,2,0,1993,1993],[82,2,2,0,1993,1993],[83,1,1,0,1993,1993],[32,1,1,0,1993,1993],[58,1,1,0,1993,1993],[163,1,1,0,1993,1993]]}},{"type":"Feature","geometry":{"type":"Polygon","coordinates":[[[-149.26982,63.71839],[-149.27267,63.71709],[-149.27167,63.71547],[-149.26783,63.71515],[-149.26499,63.71646],[-149.26598,63.71807],[-149.26982,63.71839]]]},"properties":{"cell":"890c74c02a7ffff","res":9,"coarsened":false,"count":1,"hv":1,"mp":0,"y0":1992,"y1":1992,"sp":[[172,1,1,0,1992,1992]]}},{"type":"Feature","geometry":{"type":"Polygon","coordinates":[[[-150.70082,63.96271],[-150.70363,63.96138],[-150.70252,63.95976],[-150.6986,63.95948],[-150.69579,63.96081],[-150.69689,63.96243],[-150.70082,63.96271]]]},"properties":{"cell":"890c290f0cbffff","res":9,"coarsened":false,"count":2,"hv":2,"mp":0,"y0":null,"y1":null,"sp":[[114,2,2,0,null,null]]}},{"type":"Feature","geometry":{"type":"Polygon","coordinates":[[[-152.53816,63.68237],[-152.54085,63.681],[-152.53963,63.67939],[-152.5357,63.67916],[-152.53301,63.68054],[-152.53423,63.68214],[-152.53816,63.68237]]]},"properties":{"cell":"890c2b15d67ffff","res":9,"coarsened":false,"count":1,"hv":1,"mp":0,"y0":null,"y1":null,"sp":[[114,1,1,0,null,null]]}},{"type":"Feature","geometry":{"type":"Polygon","coordinates":[[[-152.57993,63.94241],[-152.58266,63.94103],[-152.58141,63.93942],[-152.57745,63.93919],[-152.57472,63.94057],[-152.57596,63.94218],[-152.57993,63.94241]]]},"properties":{"cell":"890c2b8ab67ffff","res":9,"coarsened":false,"count":1,"hv":1,"mp":0,"y0":null,"y1":null,"sp":[[114,1,1,0,null,null]]}},{"type":"Feature","geometry":{"type":"Polygon","coordinates":[[[-151.91924,63.95288],[-151.922,63.95151],[-151.9208,63.9499],[-151.91685,63.94965],[-151.91409,63.95101],[-151.91529,63.95263],[-151.91924,63.95288]]]},"properties":{"cell":"890c2b86d97ffff","res":9,"coarsened":false,"count":1,"hv":1,"mp":0,"y0":null,"y1":null,"sp":[[114,1,1,0,null,null]]}},{"type":"Feature","geometry":{"type":"Polygon","coordinates":[[[-151.90185,63.82281],[-151.90459,63.82145],[-151.9034,63.81984],[-151.89947,63.81959],[-151.89673,63.82095],[-151.89792,63.82256],[-151.90185,63.82281]]]},"properties":{"cell":"890c2bb1c97ffff","res":9,"coarsened":false,"count":1,"hv":1,"mp":0,"y0":null,"y1":null,"sp":[[114,1,1,0,null,null]]}},{"type":"Feature","geometry":{"type":"Polygon","coordinates":[[[-151.63103,64.02197],[-151.63381,64.02062],[-151.63263,64.019],[-151.62867,64.01874],[-151.62589,64.0201],[-151.62707,64.02172],[-151.63103,64.02197]]]},"properties":{"cell":"890c294ac93ffff","res":9,"coarsened":false,"count":1,"hv":1,"mp":0,"y0":null,"y1":null,"sp":[[177,1,1,0,null,null]]}},{"type":"Feature","geometry":{"type":"Polygon","coordinates":[[[-151.59029,63.96088],[-151.59306,63.95952],[-151.59189,63.95791],[-151.58794,63.95765],[-151.58517,63.95901],[-151.58634,63.96062],[-151.59029,63.96088]]]},"properties":{"cell":"890c294f473ffff","res":9,"coarsened":false,"count":3,"hv":3,"mp":0,"y0":null,"y1":null,"sp":[[114,2,2,0,null,null],[177,1,1,0,null,null]]}},{"type":"Feature","geometry":{"type":"Polygon","coordinates":[[[-150.8189,63.8313],[-150.82169,63.82997],[-150.82058,63.82835],[-150.81667,63.82807],[-150.81388,63.82941],[-150.81499,63.83103],[-150.8189,63.8313]]]},"properties":{"cell":"890c29776cbffff","res":9,"coarsened":false,"count":1,"hv":1,"mp":0,"y0":null,"y1":null,"sp":[[114,1,1,0,null,null]]}},{"type":"Feature","geometry":{"type":"Polygon","coordinates":[[[-151.0985,62.38119],[-151.10112,62.37986],[-151.10005,62.37828],[-151.09637,62.37802],[-151.09375,62.37935],[-151.09481,62.38093],[-151.0985,62.38119]]]},"properties":{"cell":"890c7282a8fffff","res":9,"coarsened":false,"count":1,"hv":1,"mp":0,"y0":null,"y1":null,"sp":[[27,1,1,0,null,null]]}},{"type":"Feature","geometry":{"type":"Polygon","coordinates":[[[-151.72335,63.95264],[-151.72612,63.95128],[-151.72494,63.94967],[-151.72099,63.94942],[-151.71822,63.95077],[-151.71941,63.95239],[-151.72335,63.95264]]]},"properties":{"cell":"890c2948c6fffff","res":9,"coarsened":false,"count":1,"hv":1,"mp":0,"y0":null,"y1":null,"sp":[[114,1,1,0,null,null]]}},{"type":"Feature","geometry":{"type":"Polygon","coordinates":[[[-152.11015,63.82051],[-152.11288,63.81915],[-152.11168,63.81754],[-152.10774,63.8173],[-152.10501,63.81866],[-152.10621,63.82027],[-152.11015,63.82051]]]},"properties":{"cell":"890c2bba3b3ffff","res":9,"coarsened":false,"count":2,"hv":2,"mp":0,"y0":null,"y1":null,"sp":[[114,2,2,0,null,null]]}},{"type":"Feature","geometry":{"type":"Polygon","coordinates":[[[-151.80943,63.95203],[-151.81219,63.95067],[-151.811,63.94906],[-151.80705,63.94881],[-151.80429,63.95017],[-151.80548,63.95178],[-151.80943,63.95203]]]},"properties":{"cell":"890c2949dc7ffff","res":9,"coarsened":false,"count":1,"hv":1,"mp":0,"y0":null,"y1":null,"sp":[[114,1,1,0,null,null]]}},{"type":"Feature","geometry":{"type":"Polygon","coordinates":[[[-151.87026,63.95284],[-151.87301,63.95148],[-151.87182,63.94987],[-151.86787,63.94962],[-151.86511,63.95098],[-151.8663,63.95259],[-151.87026,63.95284]]]},"properties":{"cell":"890c2949ea3ffff","res":9,"coarsened":false,"count":1,"hv":1,"mp":0,"y0":null,"y1":null,"sp":[[114,1,1,0,null,null]]}},{"type":"Feature","geometry":{"type":"Polygon","coordinates":[[[-151.79758,63.95127],[-151.80034,63.94991],[-151.79915,63.9483],[-151.79521,63.94805],[-151.79244,63.94941],[-151.79363,63.95102],[-151.79758,63.95127]]]},"properties":{"cell":"890c2949d8fffff","res":9,"coarsened":false,"count":1,"hv":1,"mp":0,"y0":null,"y1":null,"sp":[[114,1,1,0,null,null]]}},{"type":"Feature","geometry":{"type":"Polygon","coordinates":[[[-150.39842,62.38225],[-150.40107,62.38094],[-150.40005,62.37936],[-150.39638,62.37909],[-150.39373,62.3804],[-150.39475,62.38198],[-150.39842,62.38225]]]},"properties":{"cell":"890c70411b7ffff","res":9,"coarsened":false,"count":1,"hv":1,"mp":0,"y0":null,"y1":null,"sp":[[114,1,1,0,null,null]]}},{"type":"Feature","geometry":{"type":"Polygon","coordinates":[[[-152.12225,63.89185],[-152.12499,63.89048],[-152.12378,63.88887],[-152.11983,63.88863],[-152.1171,63.89],[-152.1183,63.8916],[-152.12225,63.89185]]]},"properties":{"cell":"890c2b85dabffff","res":9,"coarsened":false,"count":1,"hv":1,"mp":0,"y0":null,"y1":null,"sp":[[177,1,1,0,null,null]]}},{"type":"Feature","geometry":{"type":"Polygon","coordinates":[[[-150.78291,62.38163],[-150.78554,62.38031],[-150.78449,62.37873],[-150.78081,62.37846],[-150.77818,62.37978],[-150.77923,62.38136],[-150.78291,62.38163]]]},"properties":{"cell":"890c729498bffff","res":9,"coarsened":false,"count":1,"hv":1,"mp":0,"y0":null,"y1":null,"sp":[[114,1,1,0,null,null]]}},{"type":"Feature","geometry":{"type":"Polygon","coordinates":[[[-152.5985,63.68284],[-152.60119,63.68147],[-152.59996,63.67986],[-152.59603,63.67963],[-152.59334,63.68101],[-152.59457,63.68261],[-152.5985,63.68284]]]},"properties":{"cell":"890c2b15843ffff","res":9,"coarsened":false,"count":2,"hv":2,"mp":0,"y0":null,"y1":null,"sp":[[192,2,2,0,null,null]]}},{"type":"Feature","geometry":{"type":"Polygon","coordinates":[[[-151.77315,64.02042],[-151.77592,64.01906],[-151.77474,64.01744],[-151.77078,64.01719],[-151.76801,64.01855],[-151.76919,64.02016],[-151.77315,64.02042]]]},"properties":{"cell":"890c294a26fffff","res":9,"coarsened":false,"count":1,"hv":1,"mp":0,"y0":null,"y1":null,"sp":[[192,1,1,0,null,null]]}},{"type":"Feature","geometry":{"type":"Polygon","coordinates":[[[-149.88281,63.76761],[-149.88564,63.76629],[-149.88459,63.76468],[-149.88073,63.76438],[-149.8779,63.76569],[-149.87894,63.76731],[-149.88281,63.76761]]]},"properties":{"cell":"890c293425bffff","res":9,"coarsened":false,"count":2,"hv":2,"mp":0,"y0":1982,"y1":1982,"sp":[[11,1,1,0,1982,1982],[59,1,1,0,1982,1982]]}},{"type":"Feature","geometry":{"type":"Polygon","coordinates":[[[-149.9013,63.51753],[-149.9041,63.51622],[-149.90307,63.51461],[-149.89924,63.51431],[-149.89644,63.51562],[-149.89748,63.51723],[-149.9013,63.51753]]]},"properties":{"cell":"890c745a14fffff","res":9,"coarsened":false,"count":2,"hv":2,"mp":0,"y0":1982,"y1":1982,"sp":[[82,1,1,0,1982,1982],[11,1,1,0,1982,1982]]}},{"type":"Feature","geometry":{"type":"Polygon","coordinates":[[[-150.23463,62.56929],[-150.23731,62.56798],[-150.23629,62.5664],[-150.2326,62.56612],[-150.22992,62.56743],[-150.23094,62.56901],[-150.23463,62.56929]]]},"properties":{"cell":"890c7052267ffff","res":9,"coarsened":false,"count":4,"hv":4,"mp":0,"y0":1982,"y1":1982,"sp":[[90,2,2,0,1982,1982],[6,1,1,0,1982,1982],[49,1,1,0,1982,1982]]}},{"type":"Feature","geometry":{"type":"Polygon","coordinates":[[[-149.93532,63.70107],[-149.93813,63.69975],[-149.93709,63.69814],[-149.93323,63.69784],[-149.93041,63.69915],[-149.93146,63.70077],[-149.93532,63.70107]]]},"properties":{"cell":"890c292748fffff","res":9,"coarsened":false,"count":3,"hv":3,"mp":0,"y0":1982,"y1":1982,"sp":[[11,2,2,0,null,null],[82,1,1,0,1982,1982]]}},{"type":"Feature","geometry":{"type":"Polygon","coordinates":[[[-149.9309,63.51831],[-149.9337,63.51699],[-149.93266,63.51538],[-149.92883,63.51508],[-149.92604,63.5164],[-149.92707,63.51801],[-149.9309,63.51831]]]},"properties":{"cell":"890c745a3c7ffff","res":9,"coarsened":false,"count":3,"hv":3,"mp":0,"y0":1982,"y1":1982,"sp":[[11,2,2,0,1982,1982],[82,1,1,0,1982,1982]]}},{"type":"Feature","geometry":{"type":"Polygon","coordinates":[[[-150.09882,63.46851],[-150.1016,63.46719],[-150.10055,63.46558],[-150.09673,63.46529],[-150.09395,63.4666],[-150.09499,63.46821],[-150.09882,63.46851]]]},"properties":{"cell":"890c745914fffff","res":9,"coarsened":false,"count":5,"hv":5,"mp":0,"y0":1982,"y1":1982,"sp":[[57,2,2,0,1982,1982],[60,1,1,0,1982,1982],[119,1,1,0,1982,1982],[69,1,1,0,1982,1982]]}},{"type":"Feature","geometry":{"type":"Polygon","coordinates":[[[-150.86924,63.48551],[-150.87199,63.48417],[-150.87089,63.48257],[-150.86704,63.48229],[-150.86429,63.48363],[-150.86539,63.48523],[-150.86924,63.48551]]]},"properties":{"cell":"890c769809bffff","res":9,"coarsened":false,"count":1,"hv":1,"mp":0,"y0":1982,"y1":1982,"sp":[[134,1,1,0,1982,1982]]}},{"type":"Feature","geometry":{"type":"Polygon","coordinates":[[[-149.47029,63.7179],[-149.47313,63.71659],[-149.47212,63.71497],[-149.46827,63.71466],[-149.46543,63.71597],[-149.46644,63.71758],[-149.47029,63.7179]]]},"properties":{"cell":"890c74ca1c7ffff","res":9,"coarsened":false,"count":2,"hv":2,"mp":0,"y0":1982,"y1":1982,"sp":[[14,1,1,0,1982,1982],[43,1,1,0,null,null]]}},{"type":"Feature","geometry":{"type":"Polygon","coordinates":[[[-150.25354,62.38498],[-150.25619,62.38367],[-150.25518,62.38209],[-150.25152,62.38181],[-150.24886,62.38312],[-150.24987,62.3847],[-150.25354,62.38498]]]},"properties":{"cell":"890c7042a3bffff","res":9,"coarsened":false,"count":1,"hv":1,"mp":0,"y0":1982,"y1":1982,"sp":[[90,1,1,0,1982,1982]]}},{"type":"Feature","geometry":{"type":"Polygon","coordinates":[[[-149.56483,63.05109],[-149.56758,63.04979],[-149.56659,63.04819],[-149.56285,63.04789],[-149.56009,63.04919],[-149.56108,63.05079],[-149.56483,63.05109]]]},"properties":{"cell":"890c746a1b3ffff","res":9,"coarsened":false,"count":1,"hv":1,"mp":0,"y0":1974,"y1":1974,"sp":[[82,1,1,0,1974,1974]]}},{"type":"Feature","geometry":{"type":"Polygon","coordinates":[[[-149.64955,62.96963],[-149.65229,62.96833],[-149.6513,62.96673],[-149.64756,62.96643],[-149.64482,62.96773],[-149.64581,62.96933],[-149.64955,62.96963]]]},"properties":{"cell":"890c7468853ffff","res":9,"coarsened":false,"count":1,"hv":1,"mp":0,"y0":1974,"y1":1974,"sp":[[82,1,1,0,1974,1974]]}},{"type":"Feature","geometry":{"type":"Polygon","coordinates":[[[-150.24998,62.4013],[-150.25264,62.39999],[-150.25163,62.39841],[-150.24796,62.39813],[-150.2453,62.39944],[-150.24631,62.40103],[-150.24998,62.4013]]]},"properties":{"cell":"890c7042e67ffff","res":9,"coarsened":false,"count":1,"hv":1,"mp":0,"y0":1974,"y1":1974,"sp":[[82,1,1,0,1974,1974]]}},{"type":"Feature","geometry":{"type":"Polygon","coordinates":[[[-149.35124,63.16784],[-149.35402,63.16654],[-149.35304,63.16493],[-149.34928,63.16463],[-149.3465,63.16592],[-149.34748,63.16753],[-149.35124,63.16784]]]},"properties":{"cell":"890c7471c6fffff","res":9,"coarsened":false,"count":3,"hv":3,"mp":0,"y0":1973,"y1":1973,"sp":[[82,2,2,0,1973,1973],[6,1,1,0,1973,1973]]}},{"type":"Feature","geometry":{"type":"Polygon","coordinates":[[[-149.04901,63.90153],[-149.05189,63.90023],[-149.0509,63.8986],[-149.04703,63.89828],[-149.04416,63.89958],[-149.04514,63.9012],[-149.04901,63.90153]]]},"properties":{"cell":"890c74d210fffff","res":9,"coarsened":false,"count":1,"hv":1,"mp":0,"y0":1971,"y1":1971,"sp":[[82,1,1,0,1971,1971]]}},{"type":"Feature","geometry":{"type":"Polygon","coordinates":[[[-149.64947,63.585],[-149.65228,63.58369],[-149.65126,63.58208],[-149.64743,63.58177],[-149.64462,63.58308],[-149.64563,63.58469],[-149.64947,63.585]]]},"properties":{"cell":"890c74522dbffff","res":9,"coarsened":false,"count":1,"hv":1,"mp":0,"y0":1971,"y1":1971,"sp":[[82,1,1,0,1971,1971]]}},{"type":"Feature","geometry":{"type":"Polygon","coordinates":[[[-148.88236,63.80118],[-148.88523,63.79989],[-148.88426,63.79827],[-148.88041,63.79794],[-148.87754,63.79923],[-148.87851,63.80085],[-148.88236,63.80118]]]},"properties":{"cell":"890c74d634bffff","res":9,"coarsened":false,"count":1,"hv":1,"mp":0,"y0":1971,"y1":1971,"sp":[[82,1,1,0,1971,1971]]}},{"type":"Feature","geometry":{"type":"Polygon","coordinates":[[[-150.88243,63.45128],[-150.88518,63.44995],[-150.88408,63.44834],[-150.88023,63.44807],[-150.87749,63.4494],[-150.87859,63.45101],[-150.88243,63.45128]]]},"properties":{"cell":"890c769833bffff","res":9,"coarsened":false,"count":8,"hv":8,"mp":0,"y0":1971,"y1":1971,"sp":[[6,4,4,0,1971,1971],[59,1,1,0,1971,1971],[98,1,1,0,1971,1971],[82,1,1,0,1971,1971],[32,1,1,0,1971,1971]]}},{"type":"Feature","geometry":{"type":"Polygon","coordinates":[[[-149.03291,63.85089],[-149.03578,63.84959],[-149.03479,63.84797],[-149.03094,63.84765],[-149.02806,63.84894],[-149.02905,63.85057],[-149.03291,63.85089]]]},"properties":{"cell":"890c74d2b17ffff","res":9,"coarsened":false,"count":3,"hv":3,"mp":0,"y0":1971,"y1":1971,"sp":[[6,2,2,0,1971,1971],[82,1,1,0,1971,1971]]}},{"type":"Feature","geometry":{"type":"Polygon","coordinates":[[[-148.98284,63.85282],[-148.98572,63.85153],[-148.98474,63.8499],[-148.98088,63.84958],[-148.97801,63.85087],[-148.97899,63.8525],[-148.98284,63.85282]]]},"properties":{"cell":"890c74d2933ffff","res":9,"coarsened":false,"count":1,"hv":1,"mp":0,"y0":1971,"y1":1971,"sp":[[82,1,1,0,1971,1971]]}},{"type":"Feature","geometry":{"type":"Polygon","coordinates":[[[-150.83627,63.46941],[-150.83902,63.46807],[-150.83792,63.46647],[-150.83408,63.46619],[-150.83133,63.46753],[-150.83243,63.46913],[-150.83627,63.46941]]]},"properties":{"cell":"890c769818bffff","res":9,"coarsened":false,"count":1,"hv":1,"mp":0,"y0":1971,"y1":1971,"sp":[[82,1,1,0,1971,1971]]}},{"type":"Feature","geometry":{"type":"Polygon","coordinates":[[[-149.00114,63.85283],[-149.00402,63.85153],[-149.00304,63.84991],[-148.99918,63.84958],[-148.99631,63.85088],[-148.99729,63.8525],[-149.00114,63.85283]]]},"properties":{"cell":"890c74d2973ffff","res":9,"coarsened":false,"count":2,"hv":2,"mp":0,"y0":1971,"y1":1971,"sp":[[82,2,2,0,1971,1971]]}},{"type":"Feature","geometry":{"type":"Polygon","coordinates":[[[-148.83364,63.65248],[-148.8365,63.65119],[-148.83553,63.64957],[-148.83171,63.64925],[-148.82886,63.65054],[-148.82982,63.65216],[-148.83364,63.65248]]]},"properties":{"cell":"890c7489363ffff","res":9,"coarsened":false,"count":3,"hv":3,"mp":0,"y0":1971,"y1":1971,"sp":[[6,2,2,0,1971,1971],[82,1,1,0,1971,1971]]}},{"type":"Feature","geometry":{"type":"Polygon","coordinates":[[[-149.13213,64.01948],[-149.13502,64.01817],[-149.13402,64.01655],[-149.13014,64.01622],[-149.12725,64.01753],[-149.12825,64.01915],[-149.13213,64.01948]]]},"properties":{"cell":"890d5a695abffff","res":9,"coarsened":false,"count":2,"hv":2,"mp":0,"y0":1971,"y1":1971,"sp":[[82,2,2,0,1971,1971]]}},{"type":"Feature","geometry":{"type":"Polygon","coordinates":[[[-150.6848,63.45091],[-150.68755,63.44958],[-150.68647,63.44797],[-150.68263,63.4477],[-150.67988,63.44903],[-150.68096,63.45063],[-150.6848,63.45091]]]},"properties":{"cell":"890c768340bffff","res":9,"coarsened":false,"count":1,"hv":1,"mp":0,"y0":1971,"y1":1971,"sp":[[82,1,1,0,1971,1971]]}},{"type":"Feature","geometry":{"type":"Polygon","coordinates":[[[-149.98524,63.51793],[-149.98804,63.51661],[-149.987,63.515],[-149.98317,63.5147],[-149.98038,63.51602],[-149.98141,63.51763],[-149.98524,63.51793]]]},"properties":{"cell":"890c745b1a7ffff","res":9,"coarsened":false,"count":1,"hv":1,"mp":0,"y0":1971,"y1":1971,"sp":[[82,1,1,0,1971,1971]]}},{"type":"Feature","geometry":{"type":"Polygon","coordinates":[[[-149.12033,63.95219],[-149.12321,63.95089],[-149.12222,63.94926],[-149.11834,63.94894],[-149.11546,63.95024],[-149.11646,63.95186],[-149.12033,63.95219]]]},"properties":{"cell":"890d5a69943ffff","res":9,"coarsened":false,"count":2,"hv":2,"mp":0,"y0":1971,"y1":1971,"sp":[[82,2,2,0,1971,1971]]}},{"type":"Feature","geometry":{"type":"Polygon","coordinates":[[[-150.38239,63.43485],[-150.38515,63.43353],[-150.38409,63.43192],[-150.38026,63.43164],[-150.3775,63.43296],[-150.37856,63.43457],[-150.38239,63.43485]]]},"properties":{"cell":"890c7695523ffff","res":9,"coarsened":false,"count":1,"hv":1,"mp":0,"y0":1971,"y1":1971,"sp":[[82,1,1,0,1971,1971]]}},{"type":"Feature","geometry":{"type":"Polygon","coordinates":[[[-148.88267,63.41895],[-148.8855,63.41766],[-148.88454,63.41605],[-148.88076,63.41572],[-148.87793,63.41701],[-148.87889,63.41863],[-148.88267,63.41895]]]},"properties":{"cell":"890c740312fffff","res":9,"coarsened":false,"count":1,"hv":1,"mp":0,"y0":1971,"y1":1971,"sp":[[82,1,1,0,1971,1971]]}},{"type":"Feature","geometry":{"type":"Polygon","coordinates":[[[-150.10266,63.50246],[-150.10545,63.50115],[-150.1044,63.49954],[-150.10057,63.49924],[-150.09779,63.50056],[-150.09883,63.50217],[-150.10266,63.50246]]]},"properties":{"cell":"890c745940fffff","res":9,"coarsened":false,"count":1,"hv":1,"mp":0,"y0":1971,"y1":1971,"sp":[[66,1,1,0,1971,1971]]}},{"type":"Feature","geometry":{"type":"Polygon","coordinates":[[[-149.92956,63.51055],[-149.93235,63.50923],[-149.93132,63.50762],[-149.92749,63.50732],[-149.9247,63.50864],[-149.92573,63.51025],[-149.92956,63.51055]]]},"properties":{"cell":"890c745a30fffff","res":9,"coarsened":false,"count":2,"hv":2,"mp":0,"y0":null,"y1":null,"sp":[[98,1,1,0,null,null],[38,1,1,0,null,null]]}},{"type":"Feature","geometry":{"type":"Polygon","coordinates":[[[-150.99753,63.06148],[-151.00022,63.06015],[-150.99913,63.05856],[-150.99535,63.05829],[-150.99265,63.05962],[-150.99374,63.06122],[-150.99753,63.06148]]]},"properties":{"cell":"890c7602eb7ffff","res":9,"coarsened":false,"count":1,"hv":1,"mp":0,"y0":null,"y1":null,"sp":[[174,1,1,0,null,null]]}},{"type":"Feature","geometry":{"type":"Polygon","coordinates":[[[-150.42992,63.35282],[-150.43267,63.35149],[-150.43161,63.34989],[-150.4278,63.34961],[-150.42504,63.35093],[-150.4261,63.35253],[-150.42992,63.35282]]]},"properties":{"cell":"890c7687423ffff","res":9,"coarsened":false,"count":1,"hv":1,"mp":0,"y0":null,"y1":null,"sp":[[98,1,1,0,null,null]]}},{"type":"Feature","geometry":{"type":"Polygon","coordinates":[[[-150.87089,63.47186],[-150.87364,63.47053],[-150.87254,63.46892],[-150.8687,63.46865],[-150.86595,63.46999],[-150.86704,63.47159],[-150.87089,63.47186]]]},"properties":{"cell":"890c769803bffff","res":9,"coarsened":false,"count":1,"hv":1,"mp":0,"y0":null,"y1":null,"sp":[[38,1,1,0,null,null]]}},{"type":"Feature","geometry":{"type":"Polygon","coordinates":[[[-149.57264,63.57271],[-149.57546,63.57141],[-149.57444,63.56979],[-149.57062,63.56949],[-149.5678,63.57079],[-149.56881,63.57241],[-149.57264,63.57271]]]},"properties":{"cell":"890c7452153ffff","res":9,"coarsened":false,"count":1,"hv":1,"mp":0,"y0":null,"y1":null,"sp":[[98,1,1,0,null,null]]}},{"type":"Feature","geometry":{"type":"Polygon","coordinates":[[[-149.57228,63.67085],[-149.57511,63.66955],[-149.5741,63.66793],[-149.57025,63.66762],[-149.56742,63.66893],[-149.56844,63.67054],[-149.57228,63.67085]]]},"properties":{"cell":"890c74c802bffff","res":9,"coarsened":false,"count":1,"hv":1,"mp":0,"y0":null,"y1":null,"sp":[[98,1,1,0,null,null]]}},{"type":"Feature","geometry":{"type":"Polygon","coordinates":[[[-148.80759,63.03668],[-148.81037,63.0354],[-148.80944,63.0338],[-148.80571,63.03347],[-148.80293,63.03476],[-148.80386,63.03636],[-148.80759,63.03668]]]},"properties":{"cell":"890c7428403ffff","res":9,"coarsened":false,"count":3,"hv":3,"mp":0,"y0":null,"y1":null,"sp":[[11,2,2,0,null,null],[28,1,1,0,null,null]]}},{"type":"Feature","geometry":{"type":"Polygon","coordinates":[[[-149.98253,63.50241],[-149.98532,63.50109],[-149.98428,63.49948],[-149.98045,63.49919],[-149.97766,63.5005],[-149.9787,63.50211],[-149.98253,63.50241]]]},"properties":{"cell":"890c7458473ffff","res":9,"coarsened":false,"count":4,"hv":4,"mp":0,"y0":null,"y1":null,"sp":[[112,1,1,0,null,null],[83,1,1,0,null,null],[128,1,1,0,null,null],[174,1,1,0,null,null]]}}],"park":"denali","h3_res":9,"species_index":[{"n":"Ursus arctos","c":"Brown Bear","k":"Mammalia"},{"n":"Rangifer tarandus","c":"Caribou","k":"Mammalia"},{"n":"Alces alces","c":"Moose","k":"Mammalia"},{"n":"Ochotona collaris","c":"Collared Pika","k":"Mammalia"},{"n":"Urocitellus parryii","c":"Arctic Ground Squirrel","k":"Mammalia"},{"n":"Vulpes vulpes","c":"Red Fox","k":"Mammalia"},{"n":"Zonotrichia leucophrys","c":"White-crowned Sparrow","k":"Aves"},{"n":"Ovis dalli","c":"Dall's Sheep","k":"Mammalia"},{"n":"Marmota caligata","c":"Hoary Marmot","k":"Mammalia"},{"n":"Ursus americanus","c":"American Black Bear","k":"Mammalia"},{"n":"Lepus americanus","c":"Snowshoe Hare","k":"Mammalia"},{"n":"Lagopus lagopus","c":"Willow Ptarmigan","k":"Aves"},{"n":"Aquila chrysaetos","c":"Golden Eagle","k":"Aves"},{"n":"Junco hyemalis","c":"Dark-eyed Junco","k":"Aves"},{"n":"Pica hudsonia","c":"Black-billed Magpie","k":"Aves"},{"n":"Castor canadensis","c":"American Beaver","k":"Mammalia"},{"n":"Erethizon dorsatum","c":"North American Porcupine","k":"Mammalia"},{"n":"Tringa solitaria","c":"Solitary Sandpiper","k":"Aves"},{"n":"Pinicola enucleator","c":"Pine Grosbeak","k":"Aves"},{"n":"Loxia leucoptera","c":"White-winged Crossbill","k":"Aves"},{"n":"Mareca americana","c":"American Wigeon","k":"Aves"},{"n":"Bucephala islandica","c":"Barrow's Goldeneye","k":"Aves"},{"n":"Antigone canadensis","c":"Sandhill Crane","k":"Aves"},{"n":"Spatula clypeata","c":"Northern Shoveler","k":"Aves"},{"n":"Phalaropus lobatus","c":"Red-necked Phalarope","k":"Aves"},{"n":"Oenanthe oenanthe","c":"Northern Wheatear","k":"Aves"},{"n":"Canachites canadensis","c":"Spruce Grouse","k":"Aves"},{"n":"Bucephala albeola","c":"Bufflehead","k":"Aves"},{"n":"Picoides dorsalis","c":"American Three-toed Woodpecker","k":"Aves"},{"n":"Corvus corax","c":"Common Raven","k":"Aves"},{"n":"Megaceryle alcyon","c":"Belted Kingfisher","k":"Aves"},{"n":"Larus brachyrhynchus","c":"Short-billed Gull","k":"Aves"},{"n":"Cardellina pusilla","c":"Wilson's Warbler","k":"Aves"},{"n":"Passerculus sandwichensis","c":"Savannah Sparrow","k":"Aves"},{"n":"Petrochelidon pyrrhonota","c":"Cliff Swallow","k":"Aves"},{"n":"Ondatra zibethicus","c":"Muskrat","k":"Mammalia"},{"n":"Tamiasciurus hudsonicus","c":"American Red Squirrel","k":"Mammalia"},{"n":"Canis latrans","c":"Coyote","k":"Mammalia"},{"n":"Cygnus columbianus","c":"Tundra Swan","k":"Aves"},{"n":"Setophaga aestiva","c":"Northern Yellow Warbler","k":"Aves"},{"n":"Gavia immer","c":"Common Loon","k":"Aves"},{"n":"Falco columbarius","c":"Merlin","k":"Aves"},{"n":"Lontra canadensis","c":"North American River Otter","k":"Mammalia"},{"n":"Perisoreus canadensis","c":"Canada Jay","k":"Aves"},{"n":"Poecile hudsonicus","c":"Boreal Chickadee","k":"Aves"},{"n":"Setophaga coronata","c":"Yellow-rumped Warbler","k":"Aves"},{"n":"Bonasa umbellus","c":"Ruffed Grouse","k":"Aves"},{"n":"Bubo virginianus","c":"Great Horned Owl","k":"Aves"},{"n":"Astur atricapillus","c":"American Goshawk","k":"Aves"},{"n":"Empidonax alnorum","c":"Alder Flycatcher","k":"Aves"},{"n":"Empidonax hammondii","c":"Hammond's Flycatcher","k":"Aves"},{"n":"Mustela erminea","c":"Eurasian Stoat","k":"Mammalia"},{"n":"Circus hudsonius","c":"Northern Harrier","k":"Aves"},{"n":"Corthylio calendula","c":"Ruby-crowned Kinglet","k":"Aves"},{"n":"Clethrionomys rutilus","c":"Northern Red-backed Vole","k":"Mammalia"},{"n":"Anas crecca","c":"Green-winged Teal","k":"Aves"},{"n":"Asio flammeus","c":"Short-eared Owl","k":"Aves"},{"n":"Lagopus muta","c":"Rock Ptarmigan","k":"Aves"},{"n":"Leiothlypis celata","c":"Orange-crowned Warbler","k":"Aves"},{"n":"Spizelloides arborea","c":"American Tree Sparrow","k":"Aves"},{"n":"Stercorarius longicaudus","c":"Long-tailed Jaeger","k":"Aves"},{"n":"Anser albifrons","c":"Greater White-fronted Goose","k":"Aves"},{"n":"Corvus","c":"Crows and Ravens","k":"Aves"},{"n":"Haliaeetus leucocephalus","c":"Bald Eagle","k":"Aves"},{"n":"Histrionicus histrionicus","c":"Harlequin Duck","k":"Aves"},{"n":"Eremophila alpestris","c":"Horned Lark","k":"Aves"},{"n":"Phylloscopus borealis","c":"Arctic Warbler","k":"Aves"},{"n":"Catharus ustulatus","c":"Swainson's Thrush","k":"Aves"},{"n":"Cinclus mexicanus","c":"American Dipper","k":"Aves"},{"n":"Pluvialis dominica","c":"American Golden-Plover","k":"Aves"},{"n":"Turdus migratorius","c":"American Robin","k":"Aves"},{"n":"Anthus rubescens","c":"American Pipit","k":"Aves"},{"n":"Lagopus leucura","c":"White-tailed Ptarmigan","k":"Aves"},{"n":"Mergus serrator","c":"Red-breasted Merganser","k":"Aves"},{"n":"Aythya marila","c":"Greater Scaup","k":"Aves"},{"n":"Ixoreus naevius","c":"Varied Thrush","k":"Aves"},{"n":"Acanthis flammea","c":"Redpoll","k":"Aves"},{"n":"Melospiza lincolnii","c":"Lincoln's Sparrow","k":"Aves"},{"n":"Bombycilla garrulus","c":"Bohemian Waxwing","k":"Aves"},{"n":"Anas platyrhynchos","c":"Mallard","k":"Aves"},{"n":"Larus smithsonianus","c":"American Herring Gull","k":"Aves"},{"n":"Actitis macularius","c":"Spotted Sandpiper","k":"Aves"},{"n":"Passerella iliaca","c":"Fox Sparrow","k":"Aves"},{"n":"Setophaga striata","c":"Blackpoll Warbler","k":"Aves"},{"n":"Zonotrichia atricapilla","c":"Golden-crowned Sparrow","k":"Aves"},{"n":"Anas acuta","c":"Northern Pintail","k":"Aves"},{"n":"Tringa melanoleuca","c":"Greater Yellowlegs","k":"Aves"},{"n":"Falco sparverius","c":"American Kestrel","k":"Aves"},{"n":"Poecile atricapillus","c":"Black-capped Chickadee","k":"Aves"},{"n":"Calidris bairdii","c":"Baird's Sandpiper","k":"Aves"},{"n":"Parkesia noveboracensis","c":"Northern Waterthrush","k":"Aves"},{"n":"Sitta canadensis","c":"Red-breasted Nuthatch","k":"Aves"},{"n":"Buteo jamaicensis","c":"Red-tailed Hawk","k":"Aves"},{"n":"Podiceps auritus","c":"Horned Grebe","k":"Aves"},{"n":"Podiceps grisegena","c":"Red-necked Grebe","k":"Aves"},{"n":"Melanitta perspicillata","c":"Surf Scoter","k":"Aves"},{"n":"Charadrius semipalmatus","c":"Semipalmated Plover","k":"Aves"},{"n":"Accipiter striatus","c":"Sharp-shinned Hawk","k":"Aves"},{"n":"Catharus minimus","c":"Gray-cheeked Thrush","k":"Aves"},{"n":"Melanitta americana","c":"Black Scoter","k":"Aves"},{"n":"Catharus guttatus","c":"Hermit Thrush","k":"Aves"},{"n":"Aythya collaris","c":"Ring-necked Duck","k":"Aves"},{"n":"Cygnus buccinator","c":"Trumpeter Swan","k":"Aves"},{"n":"Clangula hyemalis","c":"Long-tailed Duck","k":"Aves"},{"n":"Lanius borealis","c":"Northern Shrike","k":"Aves"},{"n":"Myadestes townsendi","c":"Townsend's Solitaire","k":"Aves"},{"n":"Sayornis saya","c":"Say's Phoebe","k":"Aves"},{"n":"Spinus pinus","c":"Pine Siskin","k":"Aves"},{"n":"Chroicocephalus philadelphia","c":"Bonaparte's Gull","k":"Aves"},{"n":"Calidris minutilla","c":"Least Sandpiper","k":"Aves"},{"n":"Larus glaucescens","c":"Glaucous-winged Gull","k":"Aves"},{"n":"Neogale vison","c":"Alaskan Mink","k":"Mammalia"},{"n":"Euphagus carolinus","c":"Rusty Blackbird","k":"Aves"},{"n":"Pandion haliaetus","c":"Osprey","k":"Aves"},{"n":"Sterna paradisaea","c":"Arctic Tern","k":"Aves"},{"n":"Dryobates pubescens","c":"Downy Woodpecker","k":"Aves"},{"n":"Melospiza melodia","c":"Song Sparrow","k":"Aves"},{"n":"Calidris melanotos","c":"Pectoral Sandpiper","k":"Aves"},{"n":"Numenius hudsonicus","c":"Hudsonian Whimbrel","k":"Aves"},{"n":"Calcarius lapponicus","c":"Lapland Longspur","k":"Aves"},{"n":"Leucosticte tephrocotis","c":"Hepburn's Rosy-Finch","k":"Aves"},{"n":"Spatula discors","c":"Blue-winged Teal","k":"Aves"},{"n":"Tringa incana","c":"Wandering Tattler","k":"Aves"},{"n":"Gavia pacifica","c":"Pacific Loon","k":"Aves"},{"n":"Mergus merganser","c":"Common Merganser","k":"Aves"},{"n":"Spizella passerina","c":"Chipping Sparrow","k":"Aves"},{"n":"Loxia curvirostra","c":"Red Crossbill","k":"Aves"},{"n":"Plectrophenax nivalis","c":"Snow Bunting","k":"Aves"},{"n":"Anser caerulescens","c":"Snow Goose","k":"Aves"},{"n":"Calidris virgata","c":"Surfbird","k":"Aves"},{"n":"Tachycineta thalassina","c":"Violet-green Swallow","k":"Aves"},{"n":"Picoides arcticus","c":"Black-backed Woodpecker","k":"Aves"},{"n":"Lagopus","c":"Ptarmigans","k":"Aves"},{"n":"Aythya affinis","c":"Lesser Scaup","k":"Aves"},{"n":"Tringa flavipes","c":"Lesser Yellowlegs","k":"Aves"},{"n":"Calidris pusilla","c":"Semipalmated Sandpiper","k":"Aves"},{"n":"Tachycineta bicolor","c":"Tree Swallow","k":"Aves"},{"n":"Gallinago delicata","c":"Wilson's Snipe","k":"Aves"},{"n":"Falco peregrinus","c":"Peregrine Falcon","k":"Aves"},{"n":"Aegolius funereus","c":"Boreal Owl","k":"Aves"},{"n":"Colaptes auratus","c":"Northern Flicker","k":"Aves"},{"n":"Bucephala clangula","c":"Common Goldeneye","k":"Aves"},{"n":"Alces americanus","c":"Moose","k":"Mammalia"},{"n":"Ursus maritimus","c":null,"k":"Mammalia"},{"n":"Sciurus Linnaeus, 1758","c":null,"k":"Mammalia"},{"n":"Spermophilus F.Cuvier, 1825","c":null,"k":"Mammalia"},{"n":"Ovis canadensis","c":null,"k":"Mammalia"},{"n":"Erethizon dorsatus","c":null,"k":"Mammalia"},{"n":"Myotis Kaup, 1829","c":null,"k":"Mammalia"},{"n":"Ovibos moschatus","c":"Muskox","k":"Mammalia"},{"n":"Mustela vison","c":"American Mink","k":"Mammalia"},{"n":"Delphinapterus leucas","c":null,"k":"Mammalia"},{"n":"Orcinus orca","c":null,"k":"Mammalia"},{"n":"Circus cyaneus","c":"Northern Harrier","k":"Aves"},{"n":"Riparia riparia","c":"Bank Swallow","k":"Aves"},{"n":"Aythya americana","c":"Redhead","k":"Aves"},{"n":"Tympanuchus phasianellus","c":"Sharp-tailed Grouse","k":"Aves"},{"n":"Regulus calendula","c":"Rubycrowned Kinglet","k":"Aves"},{"n":"Surnia ulula","c":"Northern Hawk Owl","k":"Aves"},{"n":"Aves","c":null,"k":"Aves"},{"n":"Numenius phaeopus","c":"Whimbrel","k":"Aves"},{"n":"Accipitridae","c":null,"k":"Aves"},{"n":"Larus canus","c":"Mew Gull","k":"Aves"},{"n":"Setophaga petechia","c":"Yellow Warbler","k":"Aves"},{"n":"Bartramia longicauda","c":"Upland Sandpiper","k":"Aves"},{"n":"Laridae","c":"Unknown Gull","k":"Aves"},{"n":"Emberizidae","c":null,"k":"Aves"},{"n":"Strix nebulosa","c":"Great Gray Owl","k":"Aves"},{"n":"Accipiter gentilis","c":"Northern Goshawk","k":"Aves"},{"n":"Asio otus","c":"Long-eared Owl","k":"Aves"},{"n":"Myiarchus cinerascens","c":"Ash-throated Flycatcher","k":"Aves"},{"n":"Contopus sordidulus","c":"Western Woodpewee","k":"Aves"},{"n":"Melanitta deglandi","c":"White-winged Scoter","k":"Aves"},{"n":"Falco rusticolus","c":"Gyrfalcon","k":"Aves"},{"n":"Grus canadensis","c":"Sandhill Crane","k":"Aves"},{"n":"Anas carolinensis","c":"Green-winged Teal","k":"Aves"},{"n":"Contopus cooperi","c":"Olivesided Flycatcher","k":"Aves"},{"n":"Branta canadensis","c":"Canada Goose","k":"Aves"},{"n":"Leuconotopicus villosus","c":"Hairy Woodpecker","k":"Aves"},{"n":"Acanthis hornemanni","c":"Arctic Redpoll","k":"Aves"},{"n":"Regulus satrapa","c":"Goldencrowned Kinglet","k":"Aves"},{"n":"Larus argentatus","c":"Herring Gull","k":"Aves"},{"n":"Setophaga townsendi","c":"Townsends Warbler","k":"Aves"},{"n":"Falco atricapillus","c":"American Goshawk","k":"Aves"},{"n":"Melanitta fusca","c":"Whitewinged Scoter","k":"Aves"},{"n":"Gavia stellata","c":"Redthroated Loon","k":"Aves"},{"n":"Phoebastria immutabilis","c":"Laysan albatross","k":"Aves"},{"n":"Limnodromus griseus","c":"Shortbilled Dowitcher","k":"Aves"},{"n":"Lanius excubitor","c":"Northern Shrike","k":"Aves"},{"n":"Limosa haemastica","c":"Hudsonian Godwit","k":"Aves"},{"n":"Empidonax flaviventris","c":"Yellowbellied Flycatcher","k":"Aves"},{"n":"Certhia americana","c":"Brown Creeper","k":"Aves"},{"n":"Aythya valisineria","c":"Canvasback","k":"Aves"}],"entry":["species_index","count","human_verified","model_predicted","first_year","last_year"],"suppressed":{"excluded":{"Lynx canadensis":46,"Canis lupus":102,"Gulo gulo":11},"coarsened":{"Ursus arctos":856,"Haliaeetus leucocephalus":95,"Surnia ulula":32,"Strix nebulosa":5,"Falco rusticolus":11}},"merged_names":{"Ovis dalli dalli":"Ovis dalli","Ursus arctos horribilis":"Ursus arctos","Alces alces gigas":"Alces alces","Cygnus columbianus columbianus":"Cygnus columbianus","Junco hyemalis hyemalis":"Junco hyemalis","Canis lupus occidentalis":"Canis lupus","Rangifer tarandus granti":"Rangifer tarandus","Gulo gulo luscus":"Gulo gulo","Haliaeetus leucocephalus washingtoniensis":"Haliaeetus leucocephalus","Falco columbarius columbarius":"Falco columbarius","Setophaga coronata coronata":"Setophaga coronata","Lagopus lagopus alascensis":"Lagopus lagopus","Catharus guttatus guttatus":"Catharus guttatus","Neogale vison ingens":"Neogale vison","Aquila chrysaetos canadensis":"Aquila chrysaetos","Leucosticte tephrocotis littoralis":"Leucosticte tephrocotis","Tamiasciurus hudsonicus preblei":"Tamiasciurus hudsonicus","Astur atricapillus atricapillus":"Astur atricapillus","Vulpes vulpes alascensis":"Vulpes vulpes","Canis latrans incolatus":"Canis latrans","Perisoreus canadensis pacificus":"Perisoreus canadensis","Zonotrichia leucophrys gambelii":"Zonotrichia leucophrys","Buteo jamaicensis harlani":"Buteo jamaicensis","Accipiter striatus velox":"Accipiter striatus","Canachites canadensis osgoodi":"Canachites canadensis","Poecile atricapillus turneri":"Poecile atricapillus"}}