{"type":"FeatureCollection","features":[{"type":"Feature","geometry":{"type":"Polygon","coordinates":[[[-111.24825,38.28486],[-111.24695,38.28646],[-111.2481,38.28811],[-111.25055,38.28815],[-111.25185,38.28655],[-111.2507,38.28491],[-111.24825,38.28486]]]},"properties":{"cell":"8929922a567ffff","res":9,"coarsened":false,"count":84,"hv":84,"mp":0,"y0":2011,"y1":2026,"sp":[[2,23,23,0,2012,2026],[10,11,11,0,2016,2024],[4,9,9,0,2017,2026],[0,8,8,0,2012,2026],[1,6,6,0,2011,2022],[18,5,5,0,2018,2026],[54,3,3,0,2019,2019],[17,2,2,0,2017,2020],[37,2,2,0,2019,2022],[25,2,2,0,2017,2022],[66,2,2,0,2024,2025],[14,1,1,0,2017,2017],[23,1,1,0,2020,2020],[47,1,1,0,2020,2020],[51,1,1,0,2020,2020],[9,1,1,0,2020,2020],[16,1,1,0,2020,2020],[83,1,1,0,2022,2022],[22,1,1,0,2024,2024],[79,1,1,0,2024,2024],[92,1,1,0,2026,2026],[35,1,1,0,2024,2024]]}},{"type":"Feature","geometry":{"type":"Polygon","coordinates":[[[-111.24464,38.28317],[-111.24334,38.28477],[-111.24449,38.28642],[-111.24695,38.28646],[-111.24825,38.28486],[-111.2471,38.28322],[-111.24464,38.28317]]]},"properties":{"cell":"8929922a563ffff","res":9,"coarsened":false,"count":235,"hv":235,"mp":0,"y0":1989,"y1":2026,"sp":[[2,79,79,0,1989,2026],[10,35,35,0,2015,2026],[4,21,21,0,2016,2026],[15,9,9,0,2017,2026],[0,6,6,0,2017,2024],[1,5,5,0,2012,2022],[32,5,5,0,2020,2024],[33,4,4,0,2018,2026],[55,4,4,0,2019,2024],[54,3,3,0,2019,2023],[30,3,3,0,2020,2024],[24,3,3,0,2020,2023],[9,3,3,0,2020,2024],[59,3,3,0,2008,2024],[62,3,3,0,2022,2025],[37,3,3,0,2023,2024],[14,2,2,0,2017,2021],[16,2,2,0,2020,2020],[70,2,2,0,2021,2024],[66,2,2,0,2021,2025],[23,2,2,0,2021,2024],[18,2,2,0,2022,2026],[88,2,2,0,2005,2005],[91,2,2,0,2023,2024],[67,2,2,0,2025,2025],[51,2,2,0,2017,2017],[7,1,1,0,2016,2016],[13,1,1,0,2017,2017],[39,1,1,0,2018,2018],[22,1,1,0,2020,2020],[57,1,1,0,2020,2020],[68,1,1,0,2021,2021],[69,1,1,0,2021,2021],[72,1,1,0,2021,2021],[73,1,1,0,2021,2021],[79,1,1,0,2022,2022],[25,1,1,0,2022,2022],[85,1,1,0,2022,2022],[42,1,1,0,2022,2022],[36,1,1,0,2022,2022],[44,1,1,0,2023,2023],[81,1,1,0,2023,2023],[90,1,1,0,2023,2023],[102,1,1,0,2019,2019],[103,1,1,0,2024,2024],[26,1,1,0,2025,2025],[84,1,1,0,2025,2025],[48,1,1,0,2003,2003],[83,1,1,0,2026,2026],[82,1,1,0,2026,2026],[21,1,1,0,2024,2024],[120,1,1,0,2018,2018]]}},{"type":"Feature","geometry":{"type":"Polygon","coordinates":[[[-111.26653,38.36638],[-111.26522,38.36798],[-111.26637,38.36962],[-111.26883,38.36967],[-111.27013,38.36807],[-111.26898,38.36642],[-111.26653,38.36638]]]},"properties":{"cell":"8929922ab6fffff","res":9,"coarsened":false,"count":1,"hv":1,"mp":0,"y0":2008,"y1":2008,"sp":[[3,1,1,0,2008,2008]]}},{"type":"Feature","geometry":{"type":"Polygon","coordinates":[[[-111.23337,38.28784],[-111.23207,38.28944],[-111.23322,38.29108],[-111.23567,38.29113],[-111.23698,38.28953],[-111.23583,38.28788],[-111.23337,38.28784]]]},"properties":{"cell":"8929922a0afffff","res":9,"coarsened":false,"count":5,"hv":5,"mp":0,"y0":2016,"y1":2026,"sp":[[2,2,2,0,2020,2026],[5,1,1,0,2016,2016],[10,1,1,0,2024,2024],[74,1,1,0,2026,2026]]}},{"type":"Feature","geometry":{"type":"Polygon","coordinates":[[[-111.24449,38.28642],[-111.24319,38.28802],[-111.24434,38.28966],[-111.24679,38.28971],[-111.2481,38.28811],[-111.24695,38.28646],[-111.24449,38.28642]]]},"properties":{"cell":"8929922a56fffff","res":9,"coarsened":false,"count":27,"hv":27,"mp":0,"y0":2008,"y1":2026,"sp":[[2,16,16,0,2015,2026],[4,3,3,0,2008,2021],[1,2,2,0,2016,2017],[34,1,1,0,2018,2018],[36,1,1,0,2018,2018],[9,1,1,0,2019,2019],[55,1,1,0,2019,2019],[14,1,1,0,2021,2021],[26,1,1,0,2022,2022]]}},{"type":"Feature","geometry":{"type":"Polygon","coordinates":[[[-111.25916,38.36624],[-111.25785,38.36784],[-111.25901,38.36949],[-111.26146,38.36953],[-111.26277,38.36793],[-111.26161,38.36629],[-111.25916,38.36624]]]},"properties":{"cell":"89299228ca7ffff","res":9,"coarsened":false,"count":4,"hv":4,"mp":0,"y0":2016,"y1":2017,"sp":[[6,1,1,0,2016,2016],[5,1,1,0,2017,2017],[40,1,1,0,2017,2017],[42,1,1,0,2017,2017]]}},{"type":"Feature","geometry":{"type":"Polygon","coordinates":[[[-111.25906,38.28993],[-111.25776,38.29153],[-111.25891,38.29318],[-111.26136,38.29323],[-111.26267,38.29163],[-111.26152,38.28998],[-111.25906,38.28993]]]},"properties":{"cell":"8929922124bffff","res":9,"coarsened":false,"count":41,"hv":41,"mp":0,"y0":2013,"y1":2026,"sp":[[2,8,8,0,2013,2026],[0,5,5,0,2021,2025],[4,4,4,0,2020,2022],[25,3,3,0,2017,2023],[54,2,2,0,2021,2024],[15,2,2,0,2021,2026],[55,2,2,0,2024,2025],[1,1,1,0,2016,2016],[71,1,1,0,2021,2021],[28,1,1,0,2021,2021],[79,1,1,0,2023,2023],[75,1,1,0,2023,2023],[22,1,1,0,2021,2021],[5,1,1,0,2015,2015],[94,1,1,0,2024,2024],[32,1,1,0,2024,2024],[98,1,1,0,2024,2024],[102,1,1,0,2025,2025],[104,1,1,0,2025,2025],[19,1,1,0,2025,2025],[14,1,1,0,2025,2025],[64,1,1,0,2025,2025]]}},{"type":"Feature","geometry":{"type":"Polygon","coordinates":[[[-111.24311,38.31562],[-111.24181,38.31722],[-111.24296,38.31887],[-111.24542,38.31891],[-111.24672,38.31731],[-111.24557,38.31567],[-111.24311,38.31562]]]},"properties":{"cell":"8929922aec7ffff","res":9,"coarsened":false,"count":1,"hv":1,"mp":0,"y0":2016,"y1":2016,"sp":[[8,1,1,0,2016,2016]]}},{"type":"Feature","geometry":{"type":"Polygon","coordinates":[[[-111.24073,38.28797],[-111.23943,38.28957],[-111.24058,38.29122],[-111.24303,38.29126],[-111.24434,38.28966],[-111.24319,38.28802],[-111.24073,38.28797]]]},"properties":{"cell":"8929922a1d3ffff","res":9,"coarsened":false,"count":26,"hv":26,"mp":0,"y0":2012,"y1":2026,"sp":[[2,8,8,0,2012,2025],[54,3,3,0,2022,2025],[46,2,2,0,2013,2020],[37,1,1,0,2018,2018],[4,1,1,0,2021,2021],[59,1,1,0,2022,2022],[29,1,1,0,2022,2022],[5,1,1,0,2023,2023],[99,1,1,0,2024,2024],[22,1,1,0,2025,2025],[31,1,1,0,2025,2025],[53,1,1,0,2015,2015],[79,1,1,0,2025,2025],[55,1,1,0,2026,2026],[83,1,1,0,2026,2026],[20,1,1,0,2024,2024]]}},{"type":"Feature","geometry":{"type":"Polygon","coordinates":[[[-111.16348,38.20852],[-111.16218,38.21012],[-111.16332,38.21177],[-111.16578,38.21182],[-111.16708,38.21022],[-111.16593,38.20857],[-111.16348,38.20852]]]},"properties":{"cell":"89299239cdbffff","res":9,"coarsened":false,"count":9,"hv":9,"mp":0,"y0":2014,"y1":2026,"sp":[[9,2,2,0,2014,2017],[5,2,2,0,2019,2026],[46,2,2,0,2023,2023],[0,1,1,0,2017,2017],[3,1,1,0,2017,2017],[2,1,1,0,2024,2024]]}},{"type":"Feature","geometry":{"type":"Polygon","coordinates":[[[-111.26297,38.28513],[-111.26167,38.28673],[-111.26282,38.28838],[-111.26527,38.28842],[-111.26658,38.28682],[-111.26543,38.28518],[-111.26297,38.28513]]]},"properties":{"cell":"89299221253ffff","res":9,"coarsened":false,"count":1,"hv":1,"mp":0,"y0":2016,"y1":2016,"sp":[[2,1,1,0,2016,2016]]}},{"type":"Feature","geometry":{"type":"Polygon","coordinates":[[[-111.2448,38.27993],[-111.24349,38.28153],[-111.24464,38.28317],[-111.2471,38.28322],[-111.2484,38.28162],[-111.24725,38.27997],[-111.2448,38.27993]]]},"properties":{"cell":"8929922a573ffff","res":9,"coarsened":false,"count":36,"hv":36,"mp":0,"y0":1999,"y1":2026,"sp":[[10,12,12,0,2016,2026],[2,7,7,0,2016,2025],[4,3,3,0,2018,2025],[54,2,2,0,2022,2023],[45,1,1,0,2019,2019],[17,1,1,0,2022,2022],[9,1,1,0,2022,2022],[16,1,1,0,2022,2022],[55,1,1,0,2022,2022],[25,1,1,0,2023,2023],[46,1,1,0,2024,2024],[30,1,1,0,2025,2025],[15,1,1,0,2026,2026],[64,1,1,0,2024,2024],[67,1,1,0,2024,2024],[11,1,1,0,1999,1999]]}},{"type":"Feature","geometry":{"type":"Polygon","coordinates":[[[-111.27963,38.32279],[-111.27833,38.32439],[-111.27948,38.32603],[-111.28193,38.32608],[-111.28324,38.32448],[-111.28208,38.32283],[-111.27963,38.32279]]]},"properties":{"cell":"8929922a897ffff","res":9,"coarsened":false,"count":1,"hv":1,"mp":0,"y0":2016,"y1":2016,"sp":[[1,1,1,0,2016,2016]]}},{"type":"Feature","geometry":{"type":"Polygon","coordinates":[[[-111.28851,38.29047],[-111.28721,38.29207],[-111.28836,38.29372],[-111.29081,38.29376],[-111.29212,38.29216],[-111.29096,38.29052],[-111.28851,38.29047]]]},"properties":{"cell":"892992213dbffff","res":9,"coarsened":false,"count":1,"hv":1,"mp":0,"y0":2016,"y1":2016,"sp":[[2,1,1,0,2016,2016]]}},{"type":"Feature","geometry":{"type":"Polygon","coordinates":[[[-111.16724,38.20697],[-111.16593,38.20857],[-111.16708,38.21022],[-111.16953,38.21027],[-111.17084,38.20867],[-111.16969,38.20702],[-111.16724,38.20697]]]},"properties":{"cell":"89299239cd3ffff","res":9,"coarsened":false,"count":5,"hv":5,"mp":0,"y0":2016,"y1":2024,"sp":[[5,1,1,0,2016,2016],[0,1,1,0,2018,2018],[30,1,1,0,2023,2023],[3,1,1,0,2023,2023],[36,1,1,0,2024,2024]]}},{"type":"Feature","geometry":{"type":"Polygon","coordinates":[[[-111.23713,38.28628],[-111.23583,38.28788],[-111.23698,38.28953],[-111.23943,38.28957],[-111.24073,38.28797],[-111.23958,38.28633],[-111.23713,38.28628]]]},"properties":{"cell":"8929922a0a7ffff","res":9,"coarsened":false,"count":26,"hv":26,"mp":0,"y0":2014,"y1":2026,"sp":[[2,8,8,0,2019,2025],[1,2,2,0,2017,2019],[5,2,2,0,2022,2023],[11,1,1,0,2014,2014],[9,1,1,0,2017,2017],[0,1,1,0,2018,2018],[37,1,1,0,2021,2021],[10,1,1,0,2021,2021],[4,1,1,0,2022,2022],[14,1,1,0,2023,2023],[21,1,1,0,2023,2023],[32,1,1,0,2023,2023],[18,1,1,0,2025,2025],[60,1,1,0,2025,2025],[79,1,1,0,2025,2025],[22,1,1,0,2026,2026],[109,1,1,0,2017,2017]]}},{"type":"Feature","geometry":{"type":"Polygon","coordinates":[[[-111.21489,38.28911],[-111.21358,38.29071],[-111.21473,38.29236],[-111.21719,38.29241],[-111.21849,38.29081],[-111.21734,38.28916],[-111.21489,38.28911]]]},"properties":{"cell":"8929922a047ffff","res":9,"coarsened":false,"count":1,"hv":1,"mp":0,"y0":2017,"y1":2017,"sp":[[5,1,1,0,2017,2017]]}},{"type":"Feature","geometry":{"type":"Polygon","coordinates":[[[-111.21252,38.26146],[-111.21121,38.26306],[-111.21236,38.2647],[-111.21482,38.26475],[-111.21612,38.26315],[-111.21497,38.2615],[-111.21252,38.26146]]]},"properties":{"cell":"8929922a453ffff","res":9,"coarsened":false,"count":8,"hv":8,"mp":0,"y0":2013,"y1":2026,"sp":[[18,3,3,0,2026,2026],[21,2,2,0,2024,2024],[12,1,1,0,2013,2013],[66,1,1,0,2021,2021],[67,1,1,0,2021,2021]]}},{"type":"Feature","geometry":{"type":"Polygon","coordinates":[[[-111.23322,38.29108],[-111.23191,38.29268],[-111.23306,38.29433],[-111.23552,38.29437],[-111.23682,38.29277],[-111.23567,38.29113],[-111.23322,38.29108]]]},"properties":{"cell":"8929922a037ffff","res":9,"coarsened":false,"count":12,"hv":12,"mp":0,"y0":2017,"y1":2026,"sp":[[5,8,8,0,2017,2024],[18,3,3,0,2026,2026],[47,1,1,0,2024,2024]]}},{"type":"Feature","geometry":{"type":"Polygon","coordinates":[[[-111.15972,38.21008],[-111.15842,38.21168],[-111.15957,38.21332],[-111.16202,38.21337],[-111.16332,38.21177],[-111.16218,38.21012],[-111.15972,38.21008]]]},"properties":{"cell":"89299239137ffff","res":9,"coarsened":false,"count":4,"hv":4,"mp":0,"y0":2017,"y1":2025,"sp":[[0,2,2,0,2017,2023],[5,1,1,0,2021,2021],[78,1,1,0,2025,2025]]}},{"type":"Feature","geometry":{"type":"Polygon","coordinates":[[[-111.2484,38.28162],[-111.2471,38.28322],[-111.24825,38.28486],[-111.2507,38.28491],[-111.25201,38.28331],[-111.25086,38.28166],[-111.2484,38.28162]]]},"properties":{"cell":"8929922a577ffff","res":9,"coarsened":false,"count":137,"hv":137,"mp":0,"y0":1999,"y1":2026,"sp":[[2,59,59,0,2015,2026],[4,14,14,0,2009,2026],[54,9,9,0,2021,2026],[11,5,5,0,1999,2003],[0,4,4,0,2009,2023],[1,4,4,0,2021,2022],[15,4,4,0,2022,2026],[110,4,4,0,2017,2018],[38,3,3,0,2018,2026],[47,3,3,0,2017,2018],[57,3,3,0,2022,2022],[16,2,2,0,2017,2025],[22,2,2,0,2017,2022],[23,2,2,0,2017,2024],[32,2,2,0,2018,2022],[14,2,2,0,2018,2022],[28,2,2,0,2022,2026],[45,1,1,0,2021,2021],[86,1,1,0,2022,2022],[30,1,1,0,2023,2023],[91,1,1,0,2024,2024],[55,1,1,0,2024,2024],[108,1,1,0,2025,2025],[82,1,1,0,2025,2025],[18,1,1,0,2026,2026],[35,1,1,0,2024,2024],[81,1,1,0,2018,2018],[29,1,1,0,2018,2018],[127,1,1,0,2009,2009],[70,1,1,0,2009,2009]]}},{"type":"Feature","geometry":{"type":"Polygon","coordinates":[[[-111.18555,38.20895],[-111.18425,38.21055],[-111.1854,38.21219],[-111.18785,38.21224],[-111.18915,38.21064],[-111.188,38.20899],[-111.18555,38.20895]]]},"properties":{"cell":"8929923834bffff","res":9,"coarsened":false,"count":4,"hv":4,"mp":0,"y0":2015,"y1":2018,"sp":[[10,1,1,0,2017,2017],[5,1,1,0,2018,2018],[112,1,1,0,2015,2015],[30,1,1,0,2015,2015]]}},{"type":"Feature","geometry":{"type":"Polygon","coordinates":[[[-111.25216,38.28006],[-111.25086,38.28166],[-111.25201,38.28331],[-111.25446,38.28335],[-111.25576,38.28175],[-111.25461,38.28011],[-111.25216,38.28006]]]},"properties":{"cell":"8929922a53bffff","res":9,"coarsened":false,"count":14,"hv":14,"mp":0,"y0":2017,"y1":2025,"sp":[[2,4,4,0,2018,2024],[4,2,2,0,2017,2022],[82,2,2,0,2022,2022],[76,1,1,0,2021,2021],[20,1,1,0,2022,2022],[35,1,1,0,2023,2023],[70,1,1,0,2024,2024],[18,1,1,0,2024,2024],[47,1,1,0,2025,2025]]}},{"type":"Feature","geometry":{"type":"Polygon","coordinates":[[[-111.25231,38.27682],[-111.25101,38.27842],[-111.25216,38.28006],[-111.25461,38.28011],[-111.25592,38.27851],[-111.25477,38.27686],[-111.25231,38.27682]]]},"properties":{"cell":"8929922a507ffff","res":9,"coarsened":false,"count":22,"hv":22,"mp":0,"y0":2017,"y1":2025,"sp":[[22,4,4,0,2017,2025],[18,2,2,0,2017,2021],[7,2,2,0,2017,2021],[54,2,2,0,2022,2022],[10,2,2,0,2023,2023],[2,2,2,0,2025,2025],[19,1,1,0,2017,2017],[20,1,1,0,2017,2017],[21,1,1,0,2017,2017],[24,1,1,0,2017,2017],[25,1,1,0,2017,2017],[4,1,1,0,2022,2022],[14,1,1,0,2022,2022],[32,1,1,0,2025,2025]]}},{"type":"Feature","geometry":{"type":"Polygon","coordinates":[[[-111.24855,38.27837],[-111.24725,38.27997],[-111.2484,38.28162],[-111.25086,38.28166],[-111.25216,38.28006],[-111.25101,38.27842],[-111.24855,38.27837]]]},"properties":{"cell":"8929922a50fffff","res":9,"coarsened":false,"count":46,"hv":46,"mp":0,"y0":2006,"y1":2026,"sp":[[2,22,22,0,2015,2025],[4,4,4,0,2021,2025],[22,3,3,0,2017,2021],[10,3,3,0,2019,2026],[36,3,3,0,2022,2022],[23,2,2,0,2017,2022],[18,2,2,0,2021,2026],[13,1,1,0,2017,2017],[1,1,1,0,2022,2022],[16,1,1,0,2006,2006],[0,1,1,0,2023,2023],[29,1,1,0,2024,2024],[96,1,1,0,2024,2024],[54,1,1,0,2025,2025]]}},{"type":"Feature","geometry":{"type":"Polygon","coordinates":[[[-111.25155,38.29304],[-111.25024,38.29464],[-111.25139,38.29629],[-111.25385,38.29634],[-111.25515,38.29473],[-111.254,38.29309],[-111.25155,38.29304]]]},"properties":{"cell":"8929922a18fffff","res":9,"coarsened":false,"count":1,"hv":1,"mp":0,"y0":2017,"y1":2017,"sp":[[26,1,1,0,2017,2017]]}},{"type":"Feature","geometry":{"type":"Polygon","coordinates":[[[-111.22961,38.28939],[-111.22831,38.29099],[-111.22946,38.29264],[-111.23191,38.29268],[-111.23322,38.29108],[-111.23207,38.28944],[-111.22961,38.28939]]]},"properties":{"cell":"8929922a033ffff","res":9,"coarsened":false,"count":8,"hv":8,"mp":0,"y0":2017,"y1":2026,"sp":[[27,4,4,0,2017,2026],[43,2,2,0,2022,2023],[46,1,1,0,2023,2023],[0,1,1,0,2025,2025]]}},{"type":"Feature","geometry":{"type":"Polygon","coordinates":[[[-111.25922,38.28669],[-111.25791,38.28829],[-111.25906,38.28993],[-111.26152,38.28998],[-111.26282,38.28838],[-111.26167,38.28673],[-111.25922,38.28669]]]},"properties":{"cell":"8929922125bffff","res":9,"coarsened":false,"count":7,"hv":7,"mp":0,"y0":2017,"y1":2026,"sp":[[2,5,5,0,2017,2026],[23,1,1,0,2020,2020],[14,1,1,0,2021,2021]]}},{"type":"Feature","geometry":{"type":"Polygon","coordinates":[[[-111.22992,38.2829],[-111.22862,38.2845],[-111.22977,38.28614],[-111.23222,38.28619],[-111.23352,38.28459],[-111.23237,38.28294],[-111.22992,38.2829]]]},"properties":{"cell":"8929922a0bbffff","res":9,"coarsened":false,"count":1,"hv":1,"mp":0,"y0":2017,"y1":2017,"sp":[[2,1,1,0,2017,2017]]}},{"type":"Feature","geometry":{"type":"Polygon","coordinates":[[[-111.24043,38.29446],[-111.23912,38.29606],[-111.24027,38.29771],[-111.24273,38.29775],[-111.24403,38.29615],[-111.24288,38.29451],[-111.24043,38.29446]]]},"properties":{"cell":"8929922a1cfffff","res":9,"coarsened":false,"count":1,"hv":1,"mp":0,"y0":2015,"y1":2015,"sp":[[18,1,1,0,2015,2015]]}},{"type":"Feature","geometry":{"type":"Polygon","coordinates":[[[-111.15254,38.28306],[-111.15124,38.28465],[-111.15238,38.2863],[-111.15484,38.28635],[-111.15614,38.28475],[-111.15499,38.2831],[-111.15254,38.28306]]]},"properties":{"cell":"8929922b42fffff","res":9,"coarsened":false,"count":1,"hv":1,"mp":0,"y0":2015,"y1":2015,"sp":[[2,1,1,0,2015,2015]]}},{"type":"Feature","geometry":{"type":"Polygon","coordinates":[[[-111.25891,38.29318],[-111.25761,38.29478],[-111.25876,38.29643],[-111.26121,38.29647],[-111.26251,38.29487],[-111.26136,38.29323],[-111.25891,38.29318]]]},"properties":{"cell":"8929922a1b3ffff","res":9,"coarsened":false,"count":12,"hv":12,"mp":0,"y0":2017,"y1":2017,"sp":[[23,2,2,0,2017,2017],[28,1,1,0,2017,2017],[21,1,1,0,2017,2017],[2,1,1,0,2017,2017],[29,1,1,0,2017,2017],[22,1,1,0,2017,2017],[7,1,1,0,2017,2017],[15,1,1,0,2017,2017],[31,1,1,0,2017,2017],[32,1,1,0,2017,2017],[33,1,1,0,2017,2017]]}},{"type":"Feature","geometry":{"type":"Polygon","coordinates":[[[-111.19671,38.2839],[-111.19541,38.2855],[-111.19656,38.28715],[-111.19901,38.28719],[-111.20032,38.28559],[-111.19917,38.28395],[-111.19671,38.2839]]]},"properties":{"cell":"8929922a667ffff","res":9,"coarsened":false,"count":4,"hv":4,"mp":0,"y0":2017,"y1":2023,"sp":[[2,2,2,0,2017,2023],[79,1,1,0,2021,2021],[33,1,1,0,2023,2023]]}},{"type":"Feature","geometry":{"type":"Polygon","coordinates":[[[-111.23728,38.28304],[-111.23598,38.28464],[-111.23713,38.28628],[-111.23958,38.28633],[-111.24089,38.28473],[-111.23974,38.28308],[-111.23728,38.28304]]]},"properties":{"cell":"8929922a0b7ffff","res":9,"coarsened":false,"count":8,"hv":8,"mp":0,"y0":2017,"y1":2024,"sp":[[5,3,3,0,2022,2024],[18,2,2,0,2022,2024],[30,1,1,0,2017,2017],[50,1,1,0,2022,2022],[43,1,1,0,2022,2022]]}},{"type":"Feature","geometry":{"type":"Polygon","coordinates":[[[-111.23744,38.27979],[-111.23613,38.28139],[-111.23728,38.28304],[-111.23974,38.28308],[-111.24104,38.28148],[-111.23989,38.27984],[-111.23744,38.27979]]]},"properties":{"cell":"8929922a54fffff","res":9,"coarsened":false,"count":5,"hv":5,"mp":0,"y0":2017,"y1":2023,"sp":[[5,1,1,0,2017,2017],[13,1,1,0,2020,2020],[62,1,1,0,2020,2020],[18,1,1,0,2022,2022],[3,1,1,0,2023,2023]]}},{"type":"Feature","geometry":{"type":"Polygon","coordinates":[[[-111.30578,38.31514],[-111.30448,38.31674],[-111.30563,38.31839],[-111.30808,38.31843],[-111.30939,38.31683],[-111.30824,38.31519],[-111.30578,38.31514]]]},"properties":{"cell":"8929922ad87ffff","res":9,"coarsened":false,"count":1,"hv":1,"mp":0,"y0":2018,"y1":2018,"sp":[[25,1,1,0,2018,2018]]}},{"type":"Feature","geometry":{"type":"Polygon","coordinates":[[[-111.23383,38.2781],[-111.23253,38.2797],[-111.23368,38.28134],[-111.23613,38.28139],[-111.23744,38.27979],[-111.23629,38.27814],[-111.23383,38.2781]]]},"properties":{"cell":"8929922a54bffff","res":9,"coarsened":false,"count":2,"hv":2,"mp":0,"y0":2018,"y1":2023,"sp":[[35,1,1,0,2018,2018],[49,1,1,0,2023,2023]]}},{"type":"Feature","geometry":{"type":"Polygon","coordinates":[[[-111.21113,38.29067],[-111.20983,38.29227],[-111.21098,38.29391],[-111.21343,38.29396],[-111.21473,38.29236],[-111.21358,38.29071],[-111.21113,38.29067]]]},"properties":{"cell":"8929922a04fffff","res":9,"coarsened":false,"count":1,"hv":1,"mp":0,"y0":2018,"y1":2018,"sp":[[2,1,1,0,2018,2018]]}},{"type":"Feature","geometry":{"type":"Polygon","coordinates":[[[-111.22363,38.26004],[-111.22233,38.26164],[-111.22348,38.26329],[-111.22593,38.26333],[-111.22724,38.26173],[-111.22609,38.26009],[-111.22363,38.26004]]]},"properties":{"cell":"8929922a413ffff","res":9,"coarsened":false,"count":17,"hv":17,"mp":0,"y0":2018,"y1":2026,"sp":[[5,9,9,0,2018,2026],[18,7,7,0,2022,2026],[53,1,1,0,2025,2025]]}},{"type":"Feature","geometry":{"type":"Polygon","coordinates":[[[-111.36488,38.47195],[-111.36358,38.47355],[-111.36473,38.47519],[-111.36719,38.47523],[-111.3685,38.47363],[-111.36734,38.47199],[-111.36488,38.47195]]]},"properties":{"cell":"8929922dd0bffff","res":9,"coarsened":false,"count":2,"hv":2,"mp":0,"y0":2017,"y1":2026,"sp":[[41,1,1,0,2017,2017],[43,1,1,0,2026,2026]]}},{"type":"Feature","geometry":{"type":"Polygon","coordinates":[[[-111.22977,38.28614],[-111.22846,38.28774],[-111.22961,38.28939],[-111.23207,38.28944],[-111.23337,38.28784],[-111.23222,38.28619],[-111.22977,38.28614]]]},"properties":{"cell":"8929922a0abffff","res":9,"coarsened":false,"count":7,"hv":7,"mp":0,"y0":2015,"y1":2022,"sp":[[2,3,3,0,2015,2020],[21,2,2,0,2022,2022],[9,1,1,0,2019,2019],[1,1,1,0,2017,2017]]}},{"type":"Feature","geometry":{"type":"Polygon","coordinates":[[[-111.29405,38.32954],[-111.29275,38.33114],[-111.2939,38.33279],[-111.29636,38.33283],[-111.29766,38.33123],[-111.29651,38.32959],[-111.29405,38.32954]]]},"properties":{"cell":"8929922ad63ffff","res":9,"coarsened":false,"count":1,"hv":1,"mp":0,"y0":2019,"y1":2019,"sp":[[2,1,1,0,2019,2019]]}},{"type":"Feature","geometry":{"type":"Polygon","coordinates":[[[-111.33508,38.31891],[-111.33378,38.32051],[-111.33493,38.32216],[-111.33739,38.3222],[-111.33869,38.3206],[-111.33754,38.31896],[-111.33508,38.31891]]]},"properties":{"cell":"89299221e27ffff","res":9,"coarsened":false,"count":1,"hv":1,"mp":0,"y0":2013,"y1":2013,"sp":[[21,1,1,0,2013,2013]]}},{"type":"Feature","geometry":{"type":"Polygon","coordinates":[[[-111.22601,38.2877],[-111.22471,38.2893],[-111.22586,38.29094],[-111.22831,38.29099],[-111.22961,38.28939],[-111.22846,38.28774],[-111.22601,38.2877]]]},"properties":{"cell":"8929922a007ffff","res":9,"coarsened":false,"count":19,"hv":19,"mp":0,"y0":2019,"y1":2026,"sp":[[25,3,3,0,2022,2026],[44,2,2,0,2019,2019],[2,2,2,0,2022,2024],[0,2,2,0,2024,2026],[43,1,1,0,2019,2019],[1,1,1,0,2022,2022],[80,1,1,0,2022,2022],[61,1,1,0,2022,2022],[87,1,1,0,2022,2022],[82,1,1,0,2022,2022],[13,1,1,0,2023,2023],[33,1,1,0,2025,2025],[32,1,1,0,2025,2025],[106,1,1,0,2025,2025]]}},{"type":"Feature","geometry":{"type":"Polygon","coordinates":[[[-111.24794,38.29135],[-111.24664,38.29295],[-111.24779,38.2946],[-111.25024,38.29464],[-111.25155,38.29304],[-111.2504,38.2914],[-111.24794,38.29135]]]},"properties":{"cell":"8929922a18bffff","res":9,"coarsened":false,"count":1,"hv":1,"mp":0,"y0":2019,"y1":2019,"sp":[[26,1,1,0,2019,2019]]}},{"type":"Feature","geometry":{"type":"Polygon","coordinates":[[[-111.24119,38.27824],[-111.23989,38.27984],[-111.24104,38.28148],[-111.24349,38.28153],[-111.2448,38.27993],[-111.24365,38.27828],[-111.24119,38.27824]]]},"properties":{"cell":"8929922a547ffff","res":9,"coarsened":false,"count":6,"hv":6,"mp":0,"y0":2017,"y1":2025,"sp":[[46,1,1,0,2019,2019],[21,1,1,0,2022,2022],[9,1,1,0,2022,2022],[36,1,1,0,2022,2022],[43,1,1,0,2025,2025],[111,1,1,0,2017,2017]]}},{"type":"Feature","geometry":{"type":"Polygon","coordinates":[[[-111.34966,38.32242],[-111.34836,38.32402],[-111.34951,38.32566],[-111.35197,38.3257],[-111.35327,38.3241],[-111.35212,38.32246],[-111.34966,38.32242]]]},"properties":{"cell":"89299221803ffff","res":9,"coarsened":false,"count":1,"hv":1,"mp":0,"y0":2018,"y1":2018,"sp":[[2,1,1,0,2018,2018]]}},{"type":"Feature","geometry":{"type":"Polygon","coordinates":[[[-111.17568,38.18438],[-111.17437,38.18598],[-111.17552,38.18762],[-111.17798,38.18767],[-111.17928,38.18607],[-111.17813,38.18442],[-111.17568,38.18438]]]},"properties":{"cell":"8929923829bffff","res":9,"coarsened":false,"count":2,"hv":2,"mp":0,"y0":2019,"y1":2019,"sp":[[48,1,1,0,2019,2019],[0,1,1,0,2019,2019]]}},{"type":"Feature","geometry":{"type":"Polygon","coordinates":[[[-111.19306,38.20584],[-111.19176,38.20744],[-111.19291,38.20909],[-111.19536,38.20913],[-111.19666,38.20753],[-111.19551,38.20589],[-111.19306,38.20584]]]},"properties":{"cell":"89299238357ffff","res":9,"coarsened":false,"count":7,"hv":7,"mp":0,"y0":2016,"y1":2026,"sp":[[25,5,5,0,2018,2025],[11,1,1,0,2016,2016],[21,1,1,0,2026,2026]]}},{"type":"Feature","geometry":{"type":"Polygon","coordinates":[[[-111.16203,38.0849],[-111.16073,38.08651],[-111.16187,38.08816],[-111.16432,38.0882],[-111.16563,38.0866],[-111.16448,38.08495],[-111.16203,38.0849]]]},"properties":{"cell":"89299205a87ffff","res":9,"coarsened":false,"count":1,"hv":1,"mp":0,"y0":2019,"y1":2019,"sp":[[0,1,1,0,2019,2019]]}},{"type":"Feature","geometry":{"type":"Polygon","coordinates":[[[-111.24436,38.44547],[-111.24305,38.44707],[-111.2442,38.44872],[-111.24666,38.44876],[-111.24797,38.44716],[-111.24681,38.44552],[-111.24436,38.44547]]]},"properties":{"cell":"8926936de6fffff","res":9,"coarsened":false,"count":1,"hv":1,"mp":0,"y0":2019,"y1":2019,"sp":[[2,1,1,0,2019,2019]]}},{"type":"Feature","geometry":{"type":"Polygon","coordinates":[[[-111.22285,38.4321],[-111.22155,38.4337],[-111.2227,38.43534],[-111.22516,38.43539],[-111.22646,38.43379],[-111.22531,38.43215],[-111.22285,38.4321]]]},"properties":{"cell":"8926936dbd3ffff","res":9,"coarsened":false,"count":1,"hv":1,"mp":0,"y0":2019,"y1":2019,"sp":[[49,1,1,0,2019,2019]]}},{"type":"Feature","geometry":{"type":"Polygon","coordinates":[[[-111.27324,38.45897],[-111.27193,38.46057],[-111.27309,38.46222],[-111.27554,38.46226],[-111.27685,38.46066],[-111.2757,38.45902],[-111.27324,38.45897]]]},"properties":{"cell":"8926936d36bffff","res":9,"coarsened":false,"count":1,"hv":1,"mp":0,"y0":2019,"y1":2019,"sp":[[8,1,1,0,2019,2019]]}},{"type":"Feature","geometry":{"type":"Polygon","coordinates":[[[-111.3393,38.46664],[-111.338,38.46824],[-111.33915,38.46988],[-111.34161,38.46992],[-111.34291,38.46832],[-111.34176,38.46668],[-111.3393,38.46664]]]},"properties":{"cell":"8929922dc63ffff","res":9,"coarsened":false,"count":1,"hv":1,"mp":0,"y0":2019,"y1":2019,"sp":[[8,1,1,0,2019,2019]]}},{"type":"Feature","geometry":{"type":"Polygon","coordinates":[[[-111.17959,38.17957],[-111.17829,38.18117],[-111.17943,38.18282],[-111.18189,38.18287],[-111.18319,38.18127],[-111.18204,38.17962],[-111.17959,38.17957]]]},"properties":{"cell":"8929923862bffff","res":9,"coarsened":false,"count":2,"hv":2,"mp":0,"y0":2019,"y1":2023,"sp":[[19,1,1,0,2019,2019],[25,1,1,0,2023,2023]]}},{"type":"Feature","geometry":{"type":"Polygon","coordinates":[[[-111.27517,38.4963],[-111.27387,38.4979],[-111.27502,38.49954],[-111.27748,38.49959],[-111.27879,38.49799],[-111.27763,38.49635],[-111.27517,38.4963]]]},"properties":{"cell":"8926936d0cbffff","res":9,"coarsened":false,"count":3,"hv":3,"mp":0,"y0":2019,"y1":2020,"sp":[[28,2,2,0,2019,2019],[56,1,1,0,2020,2020]]}},{"type":"Feature","geometry":{"type":"Polygon","coordinates":[[[-111.34517,38.49917],[-111.34387,38.50076],[-111.34502,38.50241],[-111.34748,38.50245],[-111.34878,38.50085],[-111.34763,38.49921],[-111.34517,38.49917]]]},"properties":{"cell":"8929922db8fffff","res":9,"coarsened":false,"count":2,"hv":2,"mp":0,"y0":2019,"y1":2019,"sp":[[50,2,2,0,2019,2019]]}},{"type":"Feature","geometry":{"type":"Polygon","coordinates":[[[-111.26282,38.28838],[-111.26152,38.28998],[-111.26267,38.29163],[-111.26512,38.29167],[-111.26642,38.29007],[-111.26527,38.28842],[-111.26282,38.28838]]]},"properties":{"cell":"89299221243ffff","res":9,"coarsened":false,"count":12,"hv":12,"mp":0,"y0":2019,"y1":2024,"sp":[[51,1,1,0,2019,2019],[30,1,1,0,2020,2020],[50,1,1,0,2020,2020],[31,1,1,0,2020,2020],[28,1,1,0,2020,2020],[0,1,1,0,2020,2020],[58,1,1,0,2020,2020],[19,1,1,0,2020,2020],[47,1,1,0,2020,2020],[4,1,1,0,2024,2024],[14,1,1,0,2024,2024],[118,1,1,0,2024,2024]]}},{"type":"Feature","geometry":{"type":"Polygon","coordinates":[[[-111.25622,38.27202],[-111.25492,38.27362],[-111.25607,38.27526],[-111.25852,38.27531],[-111.25983,38.27371],[-111.25867,38.27206],[-111.25622,38.27202]]]},"properties":{"cell":"8929922a5bbffff","res":9,"coarsened":false,"count":1,"hv":1,"mp":0,"y0":2019,"y1":2019,"sp":[[2,1,1,0,2019,2019]]}},{"type":"Feature","geometry":{"type":"Polygon","coordinates":[[[-111.19569,38.15061],[-111.16029,38.1727],[-111.16724,38.20697],[-111.20961,38.21916],[-111.24502,38.19706],[-111.23804,38.1628],[-111.19569,38.15061]]]},"properties":{"cell":"862992387ffffff","res":6,"coarsened":true,"count":1,"hv":1,"mp":0,"y0":2019,"y1":2019,"sp":[[52,1,1,0,2019,2019]]}},{"type":"Feature","geometry":{"type":"Polygon","coordinates":[[[-111.2481,38.28811],[-111.24679,38.28971],[-111.24794,38.29135],[-111.2504,38.2914],[-111.2517,38.2898],[-111.25055,38.28815],[-111.2481,38.28811]]]},"properties":{"cell":"8929922a19bffff","res":9,"coarsened":false,"count":6,"hv":6,"mp":0,"y0":2011,"y1":2025,"sp":[[2,4,4,0,2019,2025],[37,1,1,0,2021,2021],[13,1,1,0,2011,2011]]}},{"type":"Feature","geometry":{"type":"Polygon","coordinates":[[[-111.27618,38.31785],[-111.27487,38.31945],[-111.27602,38.3211],[-111.27848,38.32114],[-111.27978,38.31954],[-111.27863,38.3179],[-111.27618,38.31785]]]},"properties":{"cell":"8929922ac2bffff","res":9,"coarsened":false,"count":1,"hv":1,"mp":0,"y0":2019,"y1":2019,"sp":[[53,1,1,0,2019,2019]]}},{"type":"Feature","geometry":{"type":"Polygon","coordinates":[[[-111.26866,38.32096],[-111.26736,38.32256],[-111.26851,38.32421],[-111.27096,38.32425],[-111.27226,38.32265],[-111.27111,38.32101],[-111.26866,38.32096]]]},"properties":{"cell":"8929922ac6fffff","res":9,"coarsened":false,"count":1,"hv":1,"mp":0,"y0":2019,"y1":2019,"sp":[[43,1,1,0,2019,2019]]}},{"type":"Feature","geometry":{"type":"Polygon","coordinates":[[[-111.2224,38.28601],[-111.2211,38.28761],[-111.22225,38.28925],[-111.22471,38.2893],[-111.22601,38.2877],[-111.22486,38.28605],[-111.2224,38.28601]]]},"properties":{"cell":"8929922a003ffff","res":9,"coarsened":false,"count":4,"hv":4,"mp":0,"y0":2018,"y1":2026,"sp":[[33,1,1,0,2019,2019],[30,1,1,0,2024,2024],[31,1,1,0,2026,2026],[81,1,1,0,2018,2018]]}},{"type":"Feature","geometry":{"type":"Polygon","coordinates":[[[-111.23306,38.29433],[-111.23176,38.29593],[-111.23291,38.29757],[-111.23537,38.29762],[-111.23667,38.29602],[-111.23552,38.29437],[-111.23306,38.29433]]]},"properties":{"cell":"8929922a027ffff","res":9,"coarsened":false,"count":1,"hv":1,"mp":0,"y0":2019,"y1":2019,"sp":[[1,1,1,0,2019,2019]]}},{"type":"Feature","geometry":{"type":"Polygon","coordinates":[[[-111.22302,38.27302],[-111.22172,38.27462],[-111.22287,38.27627],[-111.22532,38.27632],[-111.22662,38.27472],[-111.22547,38.27307],[-111.22302,38.27302]]]},"properties":{"cell":"8929922a467ffff","res":9,"coarsened":false,"count":1,"hv":1,"mp":0,"y0":2019,"y1":2019,"sp":[[2,1,1,0,2019,2019]]}},{"type":"Feature","geometry":{"type":"Polygon","coordinates":[[[-111.15597,38.21163],[-111.15466,38.21323],[-111.15581,38.21488],[-111.15826,38.21492],[-111.15957,38.21332],[-111.15842,38.21168],[-111.15597,38.21163]]]},"properties":{"cell":"89299239123ffff","res":9,"coarsened":false,"count":5,"hv":5,"mp":0,"y0":2019,"y1":2026,"sp":[[5,3,3,0,2019,2024],[0,2,2,0,2026,2026]]}},{"type":"Feature","geometry":{"type":"Polygon","coordinates":[[[-111.25546,38.28824],[-111.25415,38.28984],[-111.25531,38.29149],[-111.25776,38.29153],[-111.25906,38.28993],[-111.25791,38.28829],[-111.25546,38.28824]]]},"properties":{"cell":"8929922a197ffff","res":9,"coarsened":false,"count":7,"hv":7,"mp":0,"y0":2017,"y1":2024,"sp":[[2,2,2,0,2023,2024],[1,1,1,0,2019,2019],[10,1,1,0,2021,2021],[69,1,1,0,2021,2021],[14,1,1,0,2023,2023],[4,1,1,0,2017,2017]]}},{"type":"Feature","geometry":{"type":"Polygon","coordinates":[[[-111.1106,38.00739],[-111.1093,38.009],[-111.11044,38.01065],[-111.11289,38.0107],[-111.11419,38.00909],[-111.11305,38.00744],[-111.1106,38.00739]]]},"properties":{"cell":"8929920092bffff","res":9,"coarsened":false,"count":1,"hv":1,"mp":0,"y0":2019,"y1":2019,"sp":[[3,1,1,0,2019,2019]]}},{"type":"Feature","geometry":{"type":"Polygon","coordinates":[[[-111.25185,38.28655],[-111.25055,38.28815],[-111.2517,38.2898],[-111.25415,38.28984],[-111.25546,38.28824],[-111.25431,38.2866],[-111.25185,38.28655]]]},"properties":{"cell":"8929922a193ffff","res":9,"coarsened":false,"count":9,"hv":9,"mp":0,"y0":2017,"y1":2023,"sp":[[2,3,3,0,2021,2022],[15,1,1,0,2017,2017],[0,1,1,0,2022,2022],[30,1,1,0,2022,2022],[45,1,1,0,2023,2023],[14,1,1,0,2023,2023],[10,1,1,0,2023,2023]]}},{"type":"Feature","geometry":{"type":"Polygon","coordinates":[[[-111.18966,38.27727],[-111.18836,38.27887],[-111.18951,38.28051],[-111.19196,38.28056],[-111.19327,38.27896],[-111.19212,38.27732],[-111.18966,38.27727]]]},"properties":{"cell":"8929922a647ffff","res":9,"coarsened":false,"count":3,"hv":3,"mp":0,"y0":2020,"y1":2026,"sp":[[15,1,1,0,2020,2020],[18,1,1,0,2025,2025],[33,1,1,0,2026,2026]]}},{"type":"Feature","geometry":{"type":"Polygon","coordinates":[[[-111.2517,38.2898],[-111.2504,38.2914],[-111.25155,38.29304],[-111.254,38.29309],[-111.25531,38.29149],[-111.25415,38.28984],[-111.2517,38.2898]]]},"properties":{"cell":"8929922a183ffff","res":9,"coarsened":false,"count":1,"hv":1,"mp":0,"y0":2020,"y1":2020,"sp":[[2,1,1,0,2020,2020]]}},{"type":"Feature","geometry":{"type":"Polygon","coordinates":[[[-111.26988,38.29501],[-111.26857,38.29661],[-111.26972,38.29825],[-111.27218,38.2983],[-111.27348,38.29669],[-111.27233,38.29505],[-111.26988,38.29501]]]},"properties":{"cell":"89299221263ffff","res":9,"coarsened":false,"count":1,"hv":1,"mp":0,"y0":1995,"y1":1995,"sp":[[2,1,1,0,1995,1995]]}},{"type":"Feature","geometry":{"type":"Polygon","coordinates":[[[-111.20423,38.28079],[-111.20293,38.28239],[-111.20408,38.28404],[-111.20653,38.28408],[-111.20783,38.28249],[-111.20668,38.28084],[-111.20423,38.28079]]]},"properties":{"cell":"8929922a623ffff","res":9,"coarsened":false,"count":1,"hv":1,"mp":0,"y0":2020,"y1":2020,"sp":[[25,1,1,0,2020,2020]]}},{"type":"Feature","geometry":{"type":"Polygon","coordinates":[[[-111.24104,38.28148],[-111.23974,38.28308],[-111.24089,38.28473],[-111.24334,38.28477],[-111.24464,38.28317],[-111.24349,38.28153],[-111.24104,38.28148]]]},"properties":{"cell":"8929922a57bffff","res":9,"coarsened":false,"count":7,"hv":7,"mp":0,"y0":2008,"y1":2026,"sp":[[24,2,2,0,2022,2022],[37,1,1,0,2008,2008],[5,1,1,0,2019,2019],[30,1,1,0,2022,2022],[14,1,1,0,2022,2022],[46,1,1,0,2026,2026]]}},{"type":"Feature","geometry":{"type":"Polygon","coordinates":[[[-111.25555,38.36455],[-111.25425,38.36615],[-111.2554,38.3678],[-111.25785,38.36784],[-111.25916,38.36624],[-111.25801,38.3646],[-111.25555,38.36455]]]},"properties":{"cell":"89299228ca3ffff","res":9,"coarsened":false,"count":1,"hv":1,"mp":0,"y0":2020,"y1":2020,"sp":[[2,1,1,0,2020,2020]]}},{"type":"Feature","geometry":{"type":"Polygon","coordinates":[[[-111.19342,38.27572],[-111.19212,38.27732],[-111.19327,38.27896],[-111.19572,38.27901],[-111.19702,38.27741],[-111.19587,38.27576],[-111.19342,38.27572]]]},"properties":{"cell":"8929922a60bffff","res":9,"coarsened":false,"count":8,"hv":8,"mp":0,"y0":2020,"y1":2026,"sp":[[25,3,3,0,2021,2026],[5,1,1,0,2020,2020],[60,1,1,0,2020,2020],[23,1,1,0,2023,2023],[67,1,1,0,2024,2024],[18,1,1,0,2026,2026]]}},{"type":"Feature","geometry":{"type":"Polygon","coordinates":[[[-111.17854,38.27868],[-111.17724,38.28028],[-111.17839,38.28193],[-111.18084,38.28197],[-111.18214,38.28037],[-111.181,38.27873],[-111.17854,38.27868]]]},"properties":{"cell":"8929922b587ffff","res":9,"coarsened":false,"count":2,"hv":2,"mp":0,"y0":2020,"y1":2025,"sp":[[61,1,1,0,2020,2020],[62,1,1,0,2025,2025]]}},{"type":"Feature","geometry":{"type":"Polygon","coordinates":[[[-111.12982,38.06638],[-111.12852,38.06798],[-111.12966,38.06963],[-111.13211,38.06968],[-111.13342,38.06807],[-111.13227,38.06642],[-111.12982,38.06638]]]},"properties":{"cell":"89299205367ffff","res":9,"coarsened":false,"count":1,"hv":1,"mp":0,"y0":2017,"y1":2017,"sp":[[1,1,1,0,2017,2017]]}},{"type":"Feature","geometry":{"type":"Polygon","coordinates":[[[-111.11793,38.16049],[-111.08251,38.18255],[-111.08943,38.21683],[-111.13181,38.22904],[-111.16724,38.20697],[-111.16029,38.1727],[-111.11793,38.16049]]]},"properties":{"cell":"862992397ffffff","res":6,"coarsened":true,"count":1,"hv":1,"mp":0,"y0":2020,"y1":2020,"sp":[[52,1,1,0,2020,2020]]}},{"type":"Feature","geometry":{"type":"Polygon","coordinates":[[[-111.17711,38.23154],[-111.17581,38.23314],[-111.17695,38.23479],[-111.17941,38.23483],[-111.18071,38.23323],[-111.17956,38.23159],[-111.17711,38.23154]]]},"properties":{"cell":"89299239883ffff","res":9,"coarsened":false,"count":1,"hv":1,"mp":0,"y0":2020,"y1":2020,"sp":[[33,1,1,0,2020,2020]]}},{"type":"Feature","geometry":{"type":"Polygon","coordinates":[[[-111.22816,38.24225],[-111.22686,38.24385],[-111.22801,38.2455],[-111.23046,38.24555],[-111.23176,38.24395],[-111.23061,38.2423],[-111.22816,38.24225]]]},"properties":{"cell":"89299238a07ffff","res":9,"coarsened":false,"count":1,"hv":1,"mp":0,"y0":2021,"y1":2021,"sp":[[2,1,1,0,2021,2021]]}},{"type":"Feature","geometry":{"type":"Polygon","coordinates":[[[-111.08498,38.00525],[-111.08367,38.00686],[-111.08482,38.00851],[-111.08727,38.00856],[-111.08857,38.00695],[-111.08742,38.0053],[-111.08498,38.00525]]]},"properties":{"cell":"89299200b8fffff","res":9,"coarsened":false,"count":3,"hv":3,"mp":0,"y0":2020,"y1":2022,"sp":[[43,3,3,0,2020,2022]]}},{"type":"Feature","geometry":{"type":"Polygon","coordinates":[[[-111.20109,38.26936],[-111.19979,38.27096],[-111.20094,38.27261],[-111.20339,38.27266],[-111.20469,38.27106],[-111.20354,38.26941],[-111.20109,38.26936]]]},"properties":{"cell":"8929922a68fffff","res":9,"coarsened":false,"count":1,"hv":1,"mp":0,"y0":2018,"y1":2018,"sp":[[18,1,1,0,2018,2018]]}},{"type":"Feature","geometry":{"type":"Polygon","coordinates":[[[-111.25901,38.36949],[-111.2577,38.37109],[-111.25885,38.37273],[-111.26131,38.37277],[-111.26261,38.37118],[-111.26146,38.36953],[-111.25901,38.36949]]]},"properties":{"cell":"89299228ddbffff","res":9,"coarsened":false,"count":1,"hv":1,"mp":0,"y0":2021,"y1":2021,"sp":[[0,1,1,0,2021,2021]]}},{"type":"Feature","geometry":{"type":"Polygon","coordinates":[[[-111.22586,38.29094],[-111.22455,38.29254],[-111.2257,38.29419],[-111.22816,38.29423],[-111.22946,38.29264],[-111.22831,38.29099],[-111.22586,38.29094]]]},"properties":{"cell":"8929922a03bffff","res":9,"coarsened":false,"count":3,"hv":3,"mp":0,"y0":2021,"y1":2026,"sp":[[9,1,1,0,2021,2021],[2,1,1,0,2021,2021],[21,1,1,0,2026,2026]]}},{"type":"Feature","geometry":{"type":"Polygon","coordinates":[[[-110.99034,37.8371],[-110.98904,37.8387],[-110.99018,37.84036],[-110.99263,37.84041],[-110.99393,37.8388],[-110.99279,37.83715],[-110.99034,37.8371]]]},"properties":{"cell":"89299211a93ffff","res":9,"coarsened":false,"count":1,"hv":1,"mp":0,"y0":2021,"y1":2021,"sp":[[63,1,1,0,2021,2021]]}},{"type":"Feature","geometry":{"type":"Polygon","coordinates":[[[-111.20861,38.26626],[-111.2073,38.26786],[-111.20845,38.2695],[-111.2109,38.26955],[-111.21221,38.26795],[-111.21106,38.2663],[-111.20861,38.26626]]]},"properties":{"cell":"8929922a44bffff","res":9,"coarsened":false,"count":8,"hv":8,"mp":0,"y0":2016,"y1":2026,"sp":[[50,2,2,0,2016,2026],[5,2,2,0,2016,2026],[0,1,1,0,2021,2021],[78,1,1,0,2016,2016],[75,1,1,0,2026,2026],[112,1,1,0,2024,2024]]}},{"type":"Feature","geometry":{"type":"Polygon","coordinates":[[[-111.21627,38.2599],[-111.21497,38.2615],[-111.21612,38.26315],[-111.21857,38.26319],[-111.21988,38.26159],[-111.21873,38.25995],[-111.21627,38.2599]]]},"properties":{"cell":"8929922a4cfffff","res":9,"coarsened":false,"count":1,"hv":1,"mp":0,"y0":2021,"y1":2021,"sp":[[30,1,1,0,2021,2021]]}},{"type":"Feature","geometry":{"type":"Polygon","coordinates":[[[-111.21236,38.2647],[-111.21106,38.2663],[-111.21221,38.26795],[-111.21466,38.26799],[-111.21597,38.26639],[-111.21482,38.26475],[-111.21236,38.2647]]]},"properties":{"cell":"8929922a443ffff","res":9,"coarsened":false,"count":16,"hv":16,"mp":0,"y0":2021,"y1":2026,"sp":[[13,2,2,0,2021,2021],[21,2,2,0,2021,2026],[18,2,2,0,2023,2024],[50,2,2,0,2026,2026],[35,1,1,0,2021,2021],[64,1,1,0,2021,2021],[65,1,1,0,2021,2021],[9,1,1,0,2021,2021],[19,1,1,0,2021,2021],[66,1,1,0,2021,2021],[5,1,1,0,2025,2025],[112,1,1,0,2024,2024]]}},{"type":"Feature","geometry":{"type":"Polygon","coordinates":[[[-111.22003,38.25835],[-111.21873,38.25995],[-111.21988,38.26159],[-111.22233,38.26164],[-111.22363,38.26004],[-111.22248,38.25839],[-111.22003,38.25835]]]},"properties":{"cell":"8929922a4c7ffff","res":9,"coarsened":false,"count":4,"hv":4,"mp":0,"y0":2021,"y1":2026,"sp":[[65,1,1,0,2021,2021],[64,1,1,0,2021,2021],[59,1,1,0,2025,2025],[5,1,1,0,2026,2026]]}},{"type":"Feature","geometry":{"type":"Polygon","coordinates":[[[-111.24434,38.28966],[-111.24303,38.29126],[-111.24419,38.29291],[-111.24664,38.29295],[-111.24794,38.29135],[-111.24679,38.28971],[-111.24434,38.28966]]]},"properties":{"cell":"8929922a1d7ffff","res":9,"coarsened":false,"count":1,"hv":1,"mp":0,"y0":2021,"y1":2021,"sp":[[27,1,1,0,2021,2021]]}},{"type":"Feature","geometry":{"type":"Polygon","coordinates":[[[-111.14753,38.31057],[-111.14623,38.31217],[-111.14738,38.31381],[-111.14983,38.31386],[-111.15114,38.31226],[-111.14999,38.31062],[-111.14753,38.31057]]]},"properties":{"cell":"8929922b383ffff","res":9,"coarsened":false,"count":1,"hv":1,"mp":0,"y0":2021,"y1":2021,"sp":[[19,1,1,0,2021,2021]]}},{"type":"Feature","geometry":{"type":"Polygon","coordinates":[[[-111.14079,38.29745],[-111.13949,38.29905],[-111.14064,38.30069],[-111.14309,38.30074],[-111.1444,38.29914],[-111.14325,38.29749],[-111.14079,38.29745]]]},"properties":{"cell":"8929922b00bffff","res":9,"coarsened":false,"count":1,"hv":1,"mp":0,"y0":2021,"y1":2021,"sp":[[30,1,1,0,2021,2021]]}},{"type":"Feature","geometry":{"type":"Polygon","coordinates":[[[-111.14831,38.29434],[-111.14701,38.29594],[-111.14816,38.29759],[-111.15061,38.29764],[-111.15192,38.29604],[-111.15077,38.29439],[-111.14831,38.29434]]]},"properties":{"cell":"8929922b017ffff","res":9,"coarsened":false,"count":1,"hv":1,"mp":0,"y0":2021,"y1":2021,"sp":[[3,1,1,0,2021,2021]]}},{"type":"Feature","geometry":{"type":"Polygon","coordinates":[[[-111.21988,38.26159],[-111.21857,38.26319],[-111.21972,38.26484],[-111.22218,38.26489],[-111.22348,38.26329],[-111.22233,38.26164],[-111.21988,38.26159]]]},"properties":{"cell":"8929922a41bffff","res":9,"coarsened":false,"count":2,"hv":2,"mp":0,"y0":2021,"y1":2023,"sp":[[7,1,1,0,2021,2021],[43,1,1,0,2023,2023]]}},{"type":"Feature","geometry":{"type":"Polygon","coordinates":[[[-111.19702,38.27741],[-111.19572,38.27901],[-111.19687,38.28065],[-111.19932,38.2807],[-111.20063,38.2791],[-111.19948,38.27745],[-111.19702,38.27741]]]},"properties":{"cell":"8929922a60fffff","res":9,"coarsened":false,"count":1,"hv":1,"mp":0,"y0":2021,"y1":2021,"sp":[[5,1,1,0,2021,2021]]}},{"type":"Feature","geometry":{"type":"Polygon","coordinates":[[[-111.25448,38.38726],[-111.25318,38.38885],[-111.25433,38.3905],[-111.25678,38.39054],[-111.25809,38.38894],[-111.25694,38.3873],[-111.25448,38.38726]]]},"properties":{"cell":"892992288a3ffff","res":9,"coarsened":false,"count":1,"hv":1,"mp":0,"y0":2021,"y1":2021,"sp":[[33,1,1,0,2021,2021]]}},{"type":"Feature","geometry":{"type":"Polygon","coordinates":[[[-111.35706,38.48154],[-111.35576,38.48314],[-111.35691,38.48478],[-111.35937,38.48482],[-111.36067,38.48322],[-111.35952,38.48158],[-111.35706,38.48154]]]},"properties":{"cell":"8929922d8a7ffff","res":9,"coarsened":false,"count":1,"hv":1,"mp":0,"y0":2021,"y1":2021,"sp":[[8,1,1,0,2021,2021]]}},{"type":"Feature","geometry":{"type":"Polygon","coordinates":[[[-111.1835,38.17477],[-111.18219,38.17637],[-111.18334,38.17802],[-111.18579,38.17807],[-111.1871,38.17647],[-111.18595,38.17482],[-111.1835,38.17477]]]},"properties":{"cell":"89299238633ffff","res":9,"coarsened":false,"count":1,"hv":1,"mp":0,"y0":2021,"y1":2021,"sp":[[71,1,1,0,2021,2021]]}},{"type":"Feature","geometry":{"type":"Polygon","coordinates":[[[-111.17943,38.18282],[-111.17813,38.18442],[-111.17928,38.18607],[-111.18173,38.18612],[-111.18303,38.18452],[-111.18189,38.18287],[-111.17943,38.18282]]]},"properties":{"cell":"89299238293ffff","res":9,"coarsened":false,"count":1,"hv":1,"mp":0,"y0":2021,"y1":2021,"sp":[[74,1,1,0,2021,2021]]}},{"type":"Feature","geometry":{"type":"Polygon","coordinates":[[[-111.30878,38.32981],[-111.30748,38.33141],[-111.30863,38.33305],[-111.31109,38.3331],[-111.31239,38.3315],[-111.31124,38.32985],[-111.30878,38.32981]]]},"properties":{"cell":"8929922ad27ffff","res":9,"coarsened":false,"count":1,"hv":1,"mp":0,"y0":2021,"y1":2021,"sp":[[24,1,1,0,2021,2021]]}},{"type":"Feature","geometry":{"type":"Polygon","coordinates":[[[-111.04694,37.88067],[-111.04564,37.88227],[-111.04679,37.88392],[-111.04923,37.88397],[-111.05053,37.88237],[-111.04939,37.88072],[-111.04694,37.88067]]]},"properties":{"cell":"89299202627ffff","res":9,"coarsened":false,"count":1,"hv":1,"mp":0,"y0":2016,"y1":2016,"sp":[[75,1,1,0,2016,2016]]}},{"type":"Feature","geometry":{"type":"Polygon","coordinates":[[[-111.23575,38.31549],[-111.23445,38.31709],[-111.2356,38.31873],[-111.23805,38.31878],[-111.23936,38.31718],[-111.2382,38.31553],[-111.23575,38.31549]]]},"properties":{"cell":"8929922aecbffff","res":9,"coarsened":false,"count":1,"hv":1,"mp":0,"y0":2021,"y1":2021,"sp":[[77,1,1,0,2021,2021]]}},{"type":"Feature","geometry":{"type":"Polygon","coordinates":[[[-111.24089,38.28473],[-111.23958,38.28633],[-111.24073,38.28797],[-111.24319,38.28802],[-111.24449,38.28642],[-111.24334,38.28477],[-111.24089,38.28473]]]},"properties":{"cell":"8929922a56bffff","res":9,"coarsened":false,"count":4,"hv":4,"mp":0,"y0":2021,"y1":2022,"sp":[[2,3,3,0,2021,2022],[53,1,1,0,2022,2022]]}},{"type":"Feature","geometry":{"type":"Polygon","coordinates":[[[-111.22456,38.24056],[-111.22325,38.24216],[-111.2244,38.24381],[-111.22686,38.24385],[-111.22816,38.24225],[-111.22701,38.24061],[-111.22456,38.24056]]]},"properties":{"cell":"89299238a03ffff","res":9,"coarsened":false,"count":1,"hv":1,"mp":0,"y0":2022,"y1":2022,"sp":[[50,1,1,0,2022,2022]]}},{"type":"Feature","geometry":{"type":"Polygon","coordinates":[[[-111.20753,38.28898],[-111.20622,38.29058],[-111.20737,38.29222],[-111.20983,38.29227],[-111.21113,38.29067],[-111.20998,38.28902],[-111.20753,38.28898]]]},"properties":{"cell":"8929922a04bffff","res":9,"coarsened":false,"count":1,"hv":1,"mp":0,"y0":2022,"y1":2022,"sp":[[74,1,1,0,2022,2022]]}},{"type":"Feature","geometry":{"type":"Polygon","coordinates":[[[-111.21612,38.26315],[-111.21482,38.26475],[-111.21597,38.26639],[-111.21842,38.26644],[-111.21972,38.26484],[-111.21857,38.26319],[-111.21612,38.26315]]]},"properties":{"cell":"8929922a457ffff","res":9,"coarsened":false,"count":14,"hv":14,"mp":0,"y0":2011,"y1":2026,"sp":[[5,4,4,0,2023,2026],[25,2,2,0,2022,2026],[59,2,2,0,2026,2026],[66,2,2,0,2026,2026],[30,1,1,0,2011,2011],[9,1,1,0,2026,2026],[112,1,1,0,2023,2023],[109,1,1,0,2019,2019]]}},{"type":"Feature","geometry":{"type":"Polygon","coordinates":[[[-111.22126,38.23237],[-111.21996,38.23398],[-111.22111,38.23562],[-111.22356,38.23567],[-111.22486,38.23407],[-111.22371,38.23242],[-111.22126,38.23237]]]},"properties":{"cell":"89299238ad7ffff","res":9,"coarsened":false,"count":1,"hv":1,"mp":0,"y0":2011,"y1":2011,"sp":[[18,1,1,0,2011,2011]]}},{"type":"Feature","geometry":{"type":"Polygon","coordinates":[[[-111.19666,38.20753],[-111.19536,38.20913],[-111.19651,38.21078],[-111.19896,38.21083],[-111.20027,38.20923],[-111.19912,38.20758],[-111.19666,38.20753]]]},"properties":{"cell":"8929923830bffff","res":9,"coarsened":false,"count":2,"hv":2,"mp":0,"y0":2011,"y1":2022,"sp":[[35,1,1,0,2011,2011],[25,1,1,0,2022,2022]]}},{"type":"Feature","geometry":{"type":"Polygon","coordinates":[[[-110.99896,37.81119],[-110.99765,37.81279],[-110.9988,37.81444],[-111.00124,37.8145],[-111.00254,37.81289],[-111.0014,37.81124],[-110.99896,37.81119]]]},"properties":{"cell":"89299211127ffff","res":9,"coarsened":false,"count":1,"hv":1,"mp":0,"y0":2022,"y1":2022,"sp":[[43,1,1,0,2022,2022]]}},{"type":"Feature","geometry":{"type":"Polygon","coordinates":[[[-110.99912,37.80793],[-110.99781,37.80953],[-110.99896,37.81119],[-111.0014,37.81124],[-111.0027,37.80963],[-111.00156,37.80798],[-110.99912,37.80793]]]},"properties":{"cell":"89299211137ffff","res":9,"coarsened":false,"count":1,"hv":1,"mp":0,"y0":2022,"y1":2022,"sp":[[33,1,1,0,2022,2022]]}},{"type":"Feature","geometry":{"type":"Polygon","coordinates":[[[-111.29557,38.2971],[-111.29427,38.2987],[-111.29542,38.30034],[-111.29787,38.30039],[-111.29917,38.29879],[-111.29802,38.29714],[-111.29557,38.2971]]]},"properties":{"cell":"8929922131bffff","res":9,"coarsened":false,"count":1,"hv":1,"mp":0,"y0":2022,"y1":2022,"sp":[[18,1,1,0,2022,2022]]}},{"type":"Feature","geometry":{"type":"Polygon","coordinates":[[[-111.15233,38.05705],[-111.15103,38.05865],[-111.15217,38.0603],[-111.15462,38.06035],[-111.15592,38.05875],[-111.15478,38.0571],[-111.15233,38.05705]]]},"properties":{"cell":"8929920516fffff","res":9,"coarsened":false,"count":1,"hv":1,"mp":0,"y0":2022,"y1":2022,"sp":[[22,1,1,0,2022,2022]]}},{"type":"Feature","geometry":{"type":"Polygon","coordinates":[[[-111.20978,38.16389],[-111.20848,38.16549],[-111.20962,38.16714],[-111.21208,38.16719],[-111.21338,38.16558],[-111.21223,38.16394],[-111.20978,38.16389]]]},"properties":{"cell":"89299238433ffff","res":9,"coarsened":false,"count":1,"hv":1,"mp":0,"y0":2022,"y1":2022,"sp":[[81,1,1,0,2022,2022]]}},{"type":"Feature","geometry":{"type":"Polygon","coordinates":[[[-111.15406,38.09777],[-111.15276,38.09937],[-111.1539,38.10102],[-111.15635,38.10106],[-111.15766,38.09946],[-111.15651,38.09781],[-111.15406,38.09777]]]},"properties":{"cell":"89299205a77ffff","res":9,"coarsened":false,"count":1,"hv":1,"mp":0,"y0":2022,"y1":2022,"sp":[[10,1,1,0,2022,2022]]}},{"type":"Feature","geometry":{"type":"Polygon","coordinates":[[[-111.17642,38.09169],[-111.17512,38.09329],[-111.17626,38.09494],[-111.17871,38.09499],[-111.18001,38.09339],[-111.17887,38.09174],[-111.17642,38.09169]]]},"properties":{"cell":"8929920586fffff","res":9,"coarsened":false,"count":1,"hv":1,"mp":0,"y0":2022,"y1":2022,"sp":[[2,1,1,0,2022,2022]]}},{"type":"Feature","geometry":{"type":"Polygon","coordinates":[[[-111.13782,38.28277],[-111.13651,38.28437],[-111.13766,38.28602],[-111.14011,38.28606],[-111.14142,38.28446],[-111.14027,38.28282],[-111.13782,38.28277]]]},"properties":{"cell":"8929922b46bffff","res":9,"coarsened":false,"count":1,"hv":1,"mp":0,"y0":2022,"y1":2022,"sp":[[54,1,1,0,2022,2022]]}},{"type":"Feature","geometry":{"type":"Polygon","coordinates":[[[-111.14092,38.06497],[-111.13962,38.06657],[-111.14076,38.06822],[-111.14321,38.06827],[-111.14452,38.06666],[-111.14337,38.06501],[-111.14092,38.06497]]]},"properties":{"cell":"89299205327ffff","res":9,"coarsened":false,"count":3,"hv":3,"mp":0,"y0":2022,"y1":2022,"sp":[[2,1,1,0,2022,2022],[54,1,1,0,2022,2022],[18,1,1,0,2022,2022]]}},{"type":"Feature","geometry":{"type":"Polygon","coordinates":[[[-111.32351,38.33007],[-111.32221,38.33167],[-111.32336,38.33332],[-111.32582,38.33336],[-111.32712,38.33176],[-111.32597,38.33011],[-111.32351,38.33007]]]},"properties":{"cell":"89299221a13ffff","res":9,"coarsened":false,"count":1,"hv":1,"mp":0,"y0":2022,"y1":2022,"sp":[[50,1,1,0,2022,2022]]}},{"type":"Feature","geometry":{"type":"Polygon","coordinates":[[[-111.20047,38.28235],[-111.19917,38.28395],[-111.20032,38.28559],[-111.20277,38.28564],[-111.20408,38.28404],[-111.20293,38.28239],[-111.20047,38.28235]]]},"properties":{"cell":"8929922a62bffff","res":9,"coarsened":false,"count":1,"hv":1,"mp":0,"y0":2022,"y1":2022,"sp":[[70,1,1,0,2022,2022]]}},{"type":"Feature","geometry":{"type":"Polygon","coordinates":[[[-111.13623,38.08603],[-111.13493,38.08763],[-111.13608,38.08928],[-111.13852,38.08933],[-111.13983,38.08773],[-111.13868,38.08608],[-111.13623,38.08603]]]},"properties":{"cell":"8929920ed23ffff","res":9,"coarsened":false,"count":2,"hv":2,"mp":0,"y0":2022,"y1":2024,"sp":[[82,1,1,0,2022,2022],[23,1,1,0,2024,2024]]}},{"type":"Feature","geometry":{"type":"Polygon","coordinates":[[[-111.14936,38.04235],[-111.14805,38.04395],[-111.1492,38.0456],[-111.15165,38.04565],[-111.15295,38.04404],[-111.1518,38.04239],[-111.14936,38.04235]]]},"properties":{"cell":"892992051cfffff","res":9,"coarsened":false,"count":4,"hv":4,"mp":0,"y0":2016,"y1":2024,"sp":[[2,2,2,0,2016,2023],[84,1,1,0,2022,2022],[54,1,1,0,2024,2024]]}},{"type":"Feature","geometry":{"type":"Polygon","coordinates":[[[-111.21658,38.25341],[-111.18115,38.27548],[-111.18811,38.30972],[-111.23053,38.32189],[-111.26597,38.29981],[-111.25898,38.26557],[-111.21658,38.25341]]]},"properties":{"cell":"8629922a7ffffff","res":6,"coarsened":true,"count":2,"hv":2,"mp":0,"y0":2022,"y1":2022,"sp":[[52,2,2,0,2022,2022]]}},{"type":"Feature","geometry":{"type":"Polygon","coordinates":[[[-110.93148,37.69225],[-110.93017,37.69385],[-110.93131,37.69551],[-110.93375,37.69556],[-110.93506,37.69396],[-110.93392,37.6923],[-110.93148,37.69225]]]},"properties":{"cell":"892992c684fffff","res":9,"coarsened":false,"count":1,"hv":1,"mp":0,"y0":2022,"y1":2022,"sp":[[7,1,1,0,2022,2022]]}},{"type":"Feature","geometry":{"type":"Polygon","coordinates":[[[-111.22509,38.30717],[-111.22378,38.30877],[-111.22493,38.31041],[-111.22739,38.31046],[-111.22869,38.30886],[-111.22754,38.30722],[-111.22509,38.30717]]]},"properties":{"cell":"8929922a317ffff","res":9,"coarsened":false,"count":1,"hv":1,"mp":0,"y0":2022,"y1":2022,"sp":[[38,1,1,0,2022,2022]]}},{"type":"Feature","geometry":{"type":"Polygon","coordinates":[[[-111.19013,38.26753],[-111.18882,38.26913],[-111.18997,38.27078],[-111.19242,38.27082],[-111.19373,38.26922],[-111.19258,38.26758],[-111.19013,38.26753]]]},"properties":{"cell":"8929922a6c3ffff","res":9,"coarsened":false,"count":1,"hv":1,"mp":0,"y0":2021,"y1":2021,"sp":[[25,1,1,0,2021,2021]]}},{"type":"Feature","geometry":{"type":"Polygon","coordinates":[[[-111.13654,38.07953],[-111.13524,38.08113],[-111.13639,38.08278],[-111.13884,38.08282],[-111.14014,38.08122],[-111.13899,38.07957],[-111.13654,38.07953]]]},"properties":{"cell":"8929920edabffff","res":9,"coarsened":false,"count":1,"hv":1,"mp":0,"y0":2023,"y1":2023,"sp":[[2,1,1,0,2023,2023]]}},{"type":"Feature","geometry":{"type":"Polygon","coordinates":[[[-111.22869,38.30886],[-111.22739,38.31046],[-111.22854,38.31211],[-111.23099,38.31215],[-111.2323,38.31055],[-111.23115,38.30891],[-111.22869,38.30886]]]},"properties":{"cell":"8929922a3abffff","res":9,"coarsened":false,"count":1,"hv":1,"mp":0,"y0":2023,"y1":2023,"sp":[[14,1,1,0,2023,2023]]}},{"type":"Feature","geometry":{"type":"Polygon","coordinates":[[[-111.30293,38.29723],[-111.30163,38.29883],[-111.30278,38.30047],[-111.30523,38.30052],[-111.30654,38.29892],[-111.30539,38.29727],[-111.30293,38.29723]]]},"properties":{"cell":"89299221317ffff","res":9,"coarsened":false,"count":2,"hv":2,"mp":0,"y0":2023,"y1":2026,"sp":[[72,1,1,0,2023,2023],[59,1,1,0,2026,2026]]}},{"type":"Feature","geometry":{"type":"Polygon","coordinates":[[[-111.2323,38.31055],[-111.23099,38.31215],[-111.23214,38.3138],[-111.2346,38.31384],[-111.2359,38.31224],[-111.23475,38.3106],[-111.2323,38.31055]]]},"properties":{"cell":"8929922a3afffff","res":9,"coarsened":false,"count":1,"hv":1,"mp":0,"y0":2023,"y1":2023,"sp":[[89,1,1,0,2023,2023]]}},{"type":"Feature","geometry":{"type":"Polygon","coordinates":[[[-111.23053,38.26992],[-111.22923,38.27152],[-111.23038,38.27316],[-111.23283,38.27321],[-111.23414,38.27161],[-111.23299,38.26996],[-111.23053,38.26992]]]},"properties":{"cell":"8929922a423ffff","res":9,"coarsened":false,"count":1,"hv":1,"mp":0,"y0":2023,"y1":2023,"sp":[[42,1,1,0,2023,2023]]}},{"type":"Feature","geometry":{"type":"Polygon","coordinates":[[[-111.19327,38.27896],[-111.19196,38.28056],[-111.19311,38.28221],[-111.19556,38.28225],[-111.19687,38.28065],[-111.19572,38.27901],[-111.19327,38.27896]]]},"properties":{"cell":"8929922a673ffff","res":9,"coarsened":false,"count":1,"hv":1,"mp":0,"y0":2023,"y1":2023,"sp":[[62,1,1,0,2023,2023]]}},{"type":"Feature","geometry":{"type":"Polygon","coordinates":[[[-111.23444,38.26512],[-111.23314,38.26672],[-111.23429,38.26836],[-111.23675,38.26841],[-111.23805,38.26681],[-111.2369,38.26516],[-111.23444,38.26512]]]},"properties":{"cell":"8929922a4afffff","res":9,"coarsened":false,"count":1,"hv":1,"mp":0,"y0":2023,"y1":2023,"sp":[[71,1,1,0,2023,2023]]}},{"type":"Feature","geometry":{"type":"Polygon","coordinates":[[[-111.19244,38.21883],[-111.19114,38.22043],[-111.19229,38.22208],[-111.19474,38.22212],[-111.19605,38.22052],[-111.1949,38.21888],[-111.19244,38.21883]]]},"properties":{"cell":"89299239dd3ffff","res":9,"coarsened":false,"count":1,"hv":1,"mp":0,"y0":2023,"y1":2023,"sp":[[27,1,1,0,2023,2023]]}},{"type":"Feature","geometry":{"type":"Polygon","coordinates":[[[-111.189,38.21389],[-111.18769,38.21549],[-111.18884,38.21714],[-111.1913,38.21718],[-111.1926,38.21558],[-111.19145,38.21394],[-111.189,38.21389]]]},"properties":{"cell":"89299239cb7ffff","res":9,"coarsened":false,"count":1,"hv":1,"mp":0,"y0":2023,"y1":2023,"sp":[[42,1,1,0,2023,2023]]}},{"type":"Feature","geometry":{"type":"Polygon","coordinates":[[[-111.27754,38.28865],[-111.27624,38.29025],[-111.27739,38.29189],[-111.27985,38.29194],[-111.28115,38.29034],[-111.28,38.28869],[-111.27754,38.28865]]]},"properties":{"cell":"89299221207ffff","res":9,"coarsened":false,"count":1,"hv":1,"mp":0,"y0":2023,"y1":2023,"sp":[[62,1,1,0,2023,2023]]}},{"type":"Feature","geometry":{"type":"Polygon","coordinates":[[[-111.30278,38.30047],[-111.30148,38.30207],[-111.30263,38.30372],[-111.30508,38.30376],[-111.30639,38.30216],[-111.30523,38.30052],[-111.30278,38.30047]]]},"properties":{"cell":"89299221307ffff","res":9,"coarsened":false,"count":1,"hv":1,"mp":0,"y0":2023,"y1":2023,"sp":[[0,1,1,0,2023,2023]]}},{"type":"Feature","geometry":{"type":"Polygon","coordinates":[[[-111.15155,38.07331],[-111.15025,38.07491],[-111.1514,38.07656],[-111.15385,38.07661],[-111.15515,38.07501],[-111.154,38.07336],[-111.15155,38.07331]]]},"properties":{"cell":"89299205e73ffff","res":9,"coarsened":false,"count":1,"hv":1,"mp":0,"y0":2023,"y1":2023,"sp":[[10,1,1,0,2023,2023]]}},{"type":"Feature","geometry":{"type":"Polygon","coordinates":[[[-111.12044,38.03201],[-111.11914,38.03361],[-111.12029,38.03526],[-111.12273,38.03531],[-111.12404,38.03371],[-111.12289,38.03206],[-111.12044,38.03201]]]},"properties":{"cell":"89299205053ffff","res":9,"coarsened":false,"count":1,"hv":1,"mp":0,"y0":2023,"y1":2023,"sp":[[5,1,1,0,2023,2023]]}},{"type":"Feature","geometry":{"type":"Polygon","coordinates":[[[-111.19718,38.27416],[-111.19587,38.27576],[-111.19702,38.27741],[-111.19948,38.27745],[-111.20078,38.27585],[-111.19963,38.27421],[-111.19718,38.27416]]]},"properties":{"cell":"8929922a603ffff","res":9,"coarsened":false,"count":3,"hv":3,"mp":0,"y0":2023,"y1":2026,"sp":[[59,1,1,0,2023,2023],[5,1,1,0,2026,2026],[50,1,1,0,2025,2025]]}},{"type":"Feature","geometry":{"type":"Polygon","coordinates":[[[-111.17835,38.20556],[-111.17705,38.20716],[-111.17819,38.20881],[-111.18065,38.20885],[-111.18195,38.20725],[-111.1808,38.20561],[-111.17835,38.20556]]]},"properties":{"cell":"89299239c93ffff","res":9,"coarsened":false,"count":1,"hv":1,"mp":0,"y0":2023,"y1":2023,"sp":[[10,1,1,0,2023,2023]]}},{"type":"Feature","geometry":{"type":"Polygon","coordinates":[[[-111.17084,38.20867],[-111.16953,38.21027],[-111.17068,38.21191],[-111.17313,38.21196],[-111.17444,38.21036],[-111.17329,38.20871],[-111.17084,38.20867]]]},"properties":{"cell":"89299239cd7ffff","res":9,"coarsened":false,"count":1,"hv":1,"mp":0,"y0":2023,"y1":2023,"sp":[[3,1,1,0,2023,2023]]}},{"type":"Feature","geometry":{"type":"Polygon","coordinates":[[[-111.35736,38.47506],[-111.35606,38.47666],[-111.35721,38.4783],[-111.35967,38.47834],[-111.36097,38.47674],[-111.35982,38.4751],[-111.35736,38.47506]]]},"properties":{"cell":"8929922dd4fffff","res":9,"coarsened":false,"count":1,"hv":1,"mp":0,"y0":2023,"y1":2023,"sp":[[30,1,1,0,2023,2023]]}},{"type":"Feature","geometry":{"type":"Polygon","coordinates":[[[-111.36052,38.48646],[-111.35922,38.48806],[-111.36037,38.4897],[-111.36283,38.48975],[-111.36414,38.48815],[-111.36298,38.48651],[-111.36052,38.48646]]]},"properties":{"cell":"8929922d9c3ffff","res":9,"coarsened":false,"count":1,"hv":1,"mp":0,"y0":2023,"y1":2023,"sp":[[71,1,1,0,2023,2023]]}},{"type":"Feature","geometry":{"type":"Polygon","coordinates":[[[-111.18195,38.20725],[-111.18065,38.20885],[-111.1818,38.2105],[-111.18425,38.21055],[-111.18555,38.20895],[-111.1844,38.2073],[-111.18195,38.20725]]]},"properties":{"cell":"89299239c97ffff","res":9,"coarsened":false,"count":2,"hv":2,"mp":0,"y0":2022,"y1":2026,"sp":[[5,2,2,0,2022,2026]]}},{"type":"Feature","geometry":{"type":"Polygon","coordinates":[[[-111.20469,38.27106],[-111.20339,38.27266],[-111.20454,38.2743],[-111.20699,38.27435],[-111.2083,38.27275],[-111.20715,38.2711],[-111.20469,38.27106]]]},"properties":{"cell":"8929922a6bbffff","res":9,"coarsened":false,"count":2,"hv":2,"mp":0,"y0":2023,"y1":2025,"sp":[[46,1,1,0,2023,2023],[18,1,1,0,2025,2025]]}},{"type":"Feature","geometry":{"type":"Polygon","coordinates":[[[-111.20845,38.2695],[-111.20715,38.2711],[-111.2083,38.27275],[-111.21075,38.27279],[-111.21205,38.27119],[-111.2109,38.26955],[-111.20845,38.2695]]]},"properties":{"cell":"8929922a6b3ffff","res":9,"coarsened":false,"count":4,"hv":4,"mp":0,"y0":2023,"y1":2026,"sp":[[13,1,1,0,2023,2023],[46,1,1,0,2024,2024],[18,1,1,0,2026,2026],[119,1,1,0,2024,2024]]}},{"type":"Feature","geometry":{"type":"Polygon","coordinates":[[[-111.297,38.50318],[-111.29569,38.50478],[-111.29685,38.50642],[-111.29931,38.50646],[-111.30061,38.50486],[-111.29946,38.50322],[-111.297,38.50318]]]},"properties":{"cell":"8926936d657ffff","res":9,"coarsened":false,"count":1,"hv":1,"mp":0,"y0":2023,"y1":2023,"sp":[[56,1,1,0,2023,2023]]}},{"type":"Feature","geometry":{"type":"Polygon","coordinates":[[[-111.20073,38.19948],[-111.19942,38.20108],[-111.20057,38.20273],[-111.20303,38.20278],[-111.20433,38.20118],[-111.20318,38.19953],[-111.20073,38.19948]]]},"properties":{"cell":"8929923838bffff","res":9,"coarsened":false,"count":1,"hv":1,"mp":0,"y0":2023,"y1":2023,"sp":[[25,1,1,0,2023,2023]]}},{"type":"Feature","geometry":{"type":"Polygon","coordinates":[[[-111.23007,38.27965],[-111.22877,38.28125],[-111.22992,38.2829],[-111.23237,38.28294],[-111.23368,38.28134],[-111.23253,38.2797],[-111.23007,38.27965]]]},"properties":{"cell":"8929922a087ffff","res":9,"coarsened":false,"count":1,"hv":1,"mp":0,"y0":2023,"y1":2023,"sp":[[49,1,1,0,2023,2023]]}},{"type":"Feature","geometry":{"type":"Polygon","coordinates":[[[-111.21144,38.28418],[-111.21013,38.28578],[-111.21128,38.28742],[-111.21374,38.28747],[-111.21504,38.28587],[-111.21389,38.28422],[-111.21144,38.28418]]]},"properties":{"cell":"8929922a053ffff","res":9,"coarsened":false,"count":3,"hv":3,"mp":0,"y0":2017,"y1":2026,"sp":[[46,1,1,0,2017,2017],[0,1,1,0,2017,2017],[70,1,1,0,2026,2026]]}},{"type":"Feature","geometry":{"type":"Polygon","coordinates":[[[-111.25607,38.27526],[-111.25477,38.27686],[-111.25592,38.27851],[-111.25837,38.27855],[-111.25967,38.27695],[-111.25852,38.27531],[-111.25607,38.27526]]]},"properties":{"cell":"8929922a5abffff","res":9,"coarsened":false,"count":1,"hv":1,"mp":0,"y0":2023,"y1":2023,"sp":[[18,1,1,0,2023,2023]]}},{"type":"Feature","geometry":{"type":"Polygon","coordinates":[[[-111.30069,38.26633],[-111.29939,38.26793],[-111.30054,38.26958],[-111.30299,38.26962],[-111.30429,38.26802],[-111.30314,38.26637],[-111.30069,38.26633]]]},"properties":{"cell":"8929922109bffff","res":9,"coarsened":false,"count":1,"hv":1,"mp":0,"y0":2023,"y1":2023,"sp":[[0,1,1,0,2023,2023]]}},{"type":"Feature","geometry":{"type":"Polygon","coordinates":[[[-111.27079,38.27553],[-111.26949,38.27713],[-111.27064,38.27878],[-111.27309,38.27882],[-111.27439,38.27722],[-111.27324,38.27558],[-111.27079,38.27553]]]},"properties":{"cell":"8929922166fffff","res":9,"coarsened":false,"count":1,"hv":1,"mp":0,"y0":2023,"y1":2023,"sp":[[0,1,1,0,2023,2023]]}},{"type":"Feature","geometry":{"type":"Polygon","coordinates":[[[-111.28369,38.31474],[-111.28239,38.31634],[-111.28354,38.31799],[-111.28599,38.31803],[-111.2873,38.31643],[-111.28615,38.31479],[-111.28369,38.31474]]]},"properties":{"cell":"8929922ac37ffff","res":9,"coarsened":false,"count":4,"hv":4,"mp":0,"y0":2016,"y1":2024,"sp":[[25,2,2,0,2023,2023],[7,1,1,0,2016,2016],[112,1,1,0,2024,2024]]}},{"type":"Feature","geometry":{"type":"Polygon","coordinates":[[[-111.33569,38.46495],[-111.33438,38.46655],[-111.33554,38.46819],[-111.338,38.46824],[-111.3393,38.46664],[-111.33815,38.465],[-111.33569,38.46495]]]},"properties":{"cell":"8929922dc7bffff","res":9,"coarsened":false,"count":1,"hv":1,"mp":0,"y0":2023,"y1":2023,"sp":[[7,1,1,0,2023,2023]]}},{"type":"Feature","geometry":{"type":"Polygon","coordinates":[[[-111.1492,38.0456],[-111.1479,38.0472],[-111.14904,38.04885],[-111.15149,38.0489],[-111.1528,38.0473],[-111.15165,38.04565],[-111.1492,38.0456]]]},"properties":{"cell":"89299205157ffff","res":9,"coarsened":false,"count":1,"hv":1,"mp":0,"y0":2023,"y1":2023,"sp":[[59,1,1,0,2023,2023]]}},{"type":"Feature","geometry":{"type":"Polygon","coordinates":[[[-111.14154,38.05196],[-111.14024,38.05356],[-111.14139,38.05521],[-111.14384,38.05526],[-111.14514,38.05366],[-111.14399,38.05201],[-111.14154,38.05196]]]},"properties":{"cell":"892992053b3ffff","res":9,"coarsened":false,"count":1,"hv":1,"mp":0,"y0":2023,"y1":2023,"sp":[[25,1,1,0,2023,2023]]}},{"type":"Feature","geometry":{"type":"Polygon","coordinates":[[[-111.14764,38.07812],[-111.14634,38.07972],[-111.14749,38.08137],[-111.14994,38.08141],[-111.15124,38.07981],[-111.15009,38.07816],[-111.14764,38.07812]]]},"properties":{"cell":"89299205e6bffff","res":9,"coarsened":false,"count":1,"hv":1,"mp":0,"y0":2022,"y1":2022,"sp":[[4,1,1,0,2022,2022]]}},{"type":"Feature","geometry":{"type":"Polygon","coordinates":[[[-110.94012,37.73977],[-110.93882,37.74138],[-110.93996,37.74304],[-110.9424,37.74309],[-110.9437,37.74148],[-110.94256,37.73983],[-110.94012,37.73977]]]},"properties":{"cell":"892992c4d77ffff","res":9,"coarsened":false,"count":1,"hv":1,"mp":0,"y0":2024,"y1":2024,"sp":[[45,1,1,0,2024,2024]]}},{"type":"Feature","geometry":{"type":"Polygon","coordinates":[[[-111.00222,37.81941],[-111.00092,37.82101],[-111.00206,37.82267],[-111.00451,37.82272],[-111.00581,37.82112],[-111.00467,37.81946],[-111.00222,37.81941]]]},"properties":{"cell":"89299211c4fffff","res":9,"coarsened":false,"count":1,"hv":1,"mp":0,"y0":2024,"y1":2024,"sp":[[92,1,1,0,2024,2024]]}},{"type":"Feature","geometry":{"type":"Polygon","coordinates":[[[-110.98756,37.8191],[-110.98626,37.8207],[-110.9874,37.82236],[-110.98984,37.82241],[-110.99114,37.82081],[-110.99,37.81915],[-110.98756,37.8191]]]},"properties":{"cell":"89299211e8bffff","res":9,"coarsened":false,"count":5,"hv":5,"mp":0,"y0":2024,"y1":2024,"sp":[[9,5,5,0,2024,2024]]}},{"type":"Feature","geometry":{"type":"Polygon","coordinates":[[[-111.29151,38.30514],[-111.29021,38.30674],[-111.29136,38.30839],[-111.29381,38.30843],[-111.29511,38.30683],[-111.29396,38.30519],[-111.29151,38.30514]]]},"properties":{"cell":"8929922137bffff","res":9,"coarsened":false,"count":1,"hv":1,"mp":0,"y0":2024,"y1":2024,"sp":[[93,1,1,0,2024,2024]]}},{"type":"Feature","geometry":{"type":"Polygon","coordinates":[[[-111.19311,38.28221],[-111.19181,38.28381],[-111.19296,38.28545],[-111.19541,38.2855],[-111.19671,38.2839],[-111.19556,38.28225],[-111.19311,38.28221]]]},"properties":{"cell":"8929922a663ffff","res":9,"coarsened":false,"count":2,"hv":2,"mp":0,"y0":2024,"y1":2025,"sp":[[95,1,1,0,2024,2024],[48,1,1,0,2025,2025]]}},{"type":"Feature","geometry":{"type":"Polygon","coordinates":[[[-111.21972,38.26484],[-111.21842,38.26644],[-111.21957,38.26809],[-111.22202,38.26813],[-111.22333,38.26653],[-111.22218,38.26489],[-111.21972,38.26484]]]},"properties":{"cell":"8929922a40bffff","res":9,"coarsened":false,"count":1,"hv":1,"mp":0,"y0":2024,"y1":2024,"sp":[[5,1,1,0,2024,2024]]}},{"type":"Feature","geometry":{"type":"Polygon","coordinates":[[[-111.15248,38.0538],[-111.15118,38.0554],[-111.15233,38.05705],[-111.15478,38.0571],[-111.15608,38.0555],[-111.15493,38.05385],[-111.15248,38.0538]]]},"properties":{"cell":"89299205163ffff","res":9,"coarsened":false,"count":1,"hv":1,"mp":0,"y0":2021,"y1":2021,"sp":[[2,1,1,0,2021,2021]]}},{"type":"Feature","geometry":{"type":"Polygon","coordinates":[[[-111.25561,38.285],[-111.25431,38.2866],[-111.25546,38.28824],[-111.25791,38.28829],[-111.25922,38.28669],[-111.25806,38.28504],[-111.25561,38.285]]]},"properties":{"cell":"8929922a52fffff","res":9,"coarsened":false,"count":5,"hv":5,"mp":0,"y0":2024,"y1":2026,"sp":[[2,5,5,0,2024,2026]]}},{"type":"Feature","geometry":{"type":"Polygon","coordinates":[[[-111.09219,37.93211],[-111.09089,37.93371],[-111.09203,37.93536],[-111.09448,37.93541],[-111.09578,37.93381],[-111.09463,37.93215],[-111.09219,37.93211]]]},"properties":{"cell":"89299202a97ffff","res":9,"coarsened":false,"count":1,"hv":1,"mp":0,"y0":2023,"y1":2023,"sp":[[7,1,1,0,2023,2023]]}},{"type":"Feature","geometry":{"type":"Polygon","coordinates":[[[-111.2152,38.28262],[-111.21389,38.28422],[-111.21504,38.28587],[-111.2175,38.28592],[-111.2188,38.28432],[-111.21765,38.28267],[-111.2152,38.28262]]]},"properties":{"cell":"8929922a0cfffff","res":9,"coarsened":false,"count":1,"hv":1,"mp":0,"y0":2023,"y1":2023,"sp":[[33,1,1,0,2023,2023]]}},{"type":"Feature","geometry":{"type":"Polygon","coordinates":[[[-111.22524,38.30392],[-111.22394,38.30552],[-111.22509,38.30717],[-111.22754,38.30722],[-111.22885,38.30562],[-111.2277,38.30397],[-111.22524,38.30392]]]},"properties":{"cell":"8929922a38fffff","res":9,"coarsened":false,"count":1,"hv":1,"mp":0,"y0":2024,"y1":2024,"sp":[[21,1,1,0,2024,2024]]}},{"type":"Feature","geometry":{"type":"Polygon","coordinates":[[[-111.20799,38.27924],[-111.20668,38.28084],[-111.20783,38.28249],[-111.21029,38.28253],[-111.21159,38.28093],[-111.21044,38.27929],[-111.20799,38.27924]]]},"properties":{"cell":"8929922a637ffff","res":9,"coarsened":false,"count":1,"hv":1,"mp":0,"y0":2024,"y1":2024,"sp":[[5,1,1,0,2024,2024]]}},{"type":"Feature","geometry":{"type":"Polygon","coordinates":[[[-111.04336,37.87896],[-111.04205,37.88056],[-111.0432,37.88222],[-111.04564,37.88227],[-111.04694,37.88067],[-111.0458,37.87901],[-111.04336,37.87896]]]},"properties":{"cell":"89299202623ffff","res":9,"coarsened":false,"count":1,"hv":1,"mp":0,"y0":2024,"y1":2024,"sp":[[7,1,1,0,2024,2024]]}},{"type":"Feature","geometry":{"type":"Polygon","coordinates":[[[-111.09495,38.10311],[-111.09364,38.10471],[-111.09479,38.10636],[-111.09724,38.10641],[-111.09854,38.10481],[-111.0974,38.10316],[-111.09495,38.10311]]]},"properties":{"cell":"8929920ebd3ffff","res":9,"coarsened":false,"count":1,"hv":1,"mp":0,"y0":2024,"y1":2024,"sp":[[97,1,1,0,2024,2024]]}},{"type":"Feature","geometry":{"type":"Polygon","coordinates":[[[-111.14342,38.08942],[-111.14212,38.09102],[-111.14327,38.09267],[-111.14572,38.09272],[-111.14702,38.09112],[-111.14587,38.08947],[-111.14342,38.08942]]]},"properties":{"cell":"89299205a53ffff","res":9,"coarsened":false,"count":1,"hv":1,"mp":0,"y0":2024,"y1":2024,"sp":[[76,1,1,0,2024,2024]]}},{"type":"Feature","geometry":{"type":"Polygon","coordinates":[[[-111.29527,38.30359],[-111.29396,38.30519],[-111.29511,38.30683],[-111.29757,38.30688],[-111.29887,38.30528],[-111.29772,38.30363],[-111.29527,38.30359]]]},"properties":{"cell":"89299221373ffff","res":9,"coarsened":false,"count":1,"hv":1,"mp":0,"y0":2024,"y1":2024,"sp":[[15,1,1,0,2024,2024]]}},{"type":"Feature","geometry":{"type":"Polygon","coordinates":[[[-111.30202,38.3167],[-111.30072,38.3183],[-111.30187,38.31994],[-111.30433,38.31999],[-111.30563,38.31839],[-111.30448,38.31674],[-111.30202,38.3167]]]},"properties":{"cell":"8929922ad8fffff","res":9,"coarsened":false,"count":1,"hv":1,"mp":0,"y0":2012,"y1":2012,"sp":[[49,1,1,0,2012,2012]]}},{"type":"Feature","geometry":{"type":"Polygon","coordinates":[[[-110.9768,37.81398],[-110.9755,37.81558],[-110.97664,37.81724],[-110.97908,37.81729],[-110.98039,37.81569],[-110.97925,37.81403],[-110.9768,37.81398]]]},"properties":{"cell":"892992113a7ffff","res":9,"coarsened":false,"count":1,"hv":1,"mp":0,"y0":2024,"y1":2024,"sp":[[100,1,1,0,2024,2024]]}},{"type":"Feature","geometry":{"type":"Polygon","coordinates":[[[-111.29196,38.29541],[-111.29066,38.29701],[-111.29181,38.29865],[-111.29427,38.2987],[-111.29557,38.2971],[-111.29442,38.29545],[-111.29196,38.29541]]]},"properties":{"cell":"892992213cfffff","res":9,"coarsened":false,"count":2,"hv":2,"mp":0,"y0":2023,"y1":2026,"sp":[[59,1,1,0,2023,2023],[27,1,1,0,2026,2026]]}},{"type":"Feature","geometry":{"type":"Polygon","coordinates":[[[-111.20078,38.27585],[-111.19948,38.27745],[-111.20063,38.2791],[-111.20308,38.27915],[-111.20439,38.27755],[-111.20324,38.2759],[-111.20078,38.27585]]]},"properties":{"cell":"8929922a607ffff","res":9,"coarsened":false,"count":1,"hv":1,"mp":0,"y0":2024,"y1":2024,"sp":[[101,1,1,0,2024,2024]]}},{"type":"Feature","geometry":{"type":"Polygon","coordinates":[[[-111.1854,38.21219],[-111.18409,38.2138],[-111.18524,38.21544],[-111.18769,38.21549],[-111.189,38.21389],[-111.18785,38.21224],[-111.1854,38.21219]]]},"properties":{"cell":"89299239cb3ffff","res":9,"coarsened":false,"count":1,"hv":1,"mp":0,"y0":2024,"y1":2024,"sp":[[25,1,1,0,2024,2024]]}},{"type":"Feature","geometry":{"type":"Polygon","coordinates":[[[-111.23958,38.23434],[-111.23828,38.23594],[-111.23943,38.23759],[-111.24188,38.23763],[-111.24318,38.23603],[-111.24203,38.23439],[-111.23958,38.23434]]]},"properties":{"cell":"8929923884fffff","res":9,"coarsened":false,"count":2,"hv":2,"mp":0,"y0":2024,"y1":2024,"sp":[[73,1,1,0,2024,2024],[61,1,1,0,2024,2024]]}},{"type":"Feature","geometry":{"type":"Polygon","coordinates":[[[-111.13639,38.08278],[-111.13508,38.08438],[-111.13623,38.08603],[-111.13868,38.08608],[-111.13998,38.08447],[-111.13884,38.08282],[-111.13639,38.08278]]]},"properties":{"cell":"8929920ed33ffff","res":9,"coarsened":false,"count":1,"hv":1,"mp":0,"y0":2024,"y1":2024,"sp":[[82,1,1,0,2024,2024]]}},{"type":"Feature","geometry":{"type":"Polygon","coordinates":[[[-111.29511,38.30683],[-111.29381,38.30843],[-111.29496,38.31008],[-111.29742,38.31012],[-111.29872,38.30852],[-111.29757,38.30688],[-111.29511,38.30683]]]},"properties":{"cell":"89299221363ffff","res":9,"coarsened":false,"count":1,"hv":1,"mp":0,"y0":2025,"y1":2025,"sp":[[37,1,1,0,2025,2025]]}},{"type":"Feature","geometry":{"type":"Polygon","coordinates":[[[-111.17483,38.04772],[-111.13946,38.06982],[-111.1464,38.10412],[-111.18873,38.11633],[-111.22411,38.09423],[-111.21715,38.05993],[-111.17483,38.04772]]]},"properties":{"cell":"86299205fffffff","res":6,"coarsened":true,"count":1,"hv":1,"mp":0,"y0":2025,"y1":2025,"sp":[[52,1,1,0,2025,2025]]}},{"type":"Feature","geometry":{"type":"Polygon","coordinates":[[[-111.14108,38.06171],[-111.13977,38.06332],[-111.14092,38.06497],[-111.14337,38.06501],[-111.14467,38.06341],[-111.14352,38.06176],[-111.14108,38.06171]]]},"properties":{"cell":"89299205337ffff","res":9,"coarsened":false,"count":1,"hv":1,"mp":0,"y0":2025,"y1":2025,"sp":[[18,1,1,0,2025,2025]]}},{"type":"Feature","geometry":{"type":"Polygon","coordinates":[[[-111.17459,38.20711],[-111.17329,38.20871],[-111.17444,38.21036],[-111.17689,38.21041],[-111.17819,38.20881],[-111.17705,38.20716],[-111.17459,38.20711]]]},"properties":{"cell":"89299239c9bffff","res":9,"coarsened":false,"count":1,"hv":1,"mp":0,"y0":2025,"y1":2025,"sp":[[2,1,1,0,2025,2025]]}},{"type":"Feature","geometry":{"type":"Polygon","coordinates":[[[-111.23115,38.25693],[-111.22984,38.25853],[-111.23099,38.26018],[-111.23345,38.26022],[-111.23475,38.25862],[-111.2336,38.25698],[-111.23115,38.25693]]]},"properties":{"cell":"8929922a487ffff","res":9,"coarsened":false,"count":2,"hv":2,"mp":0,"y0":2025,"y1":2026,"sp":[[67,1,1,0,2025,2025],[33,1,1,0,2026,2026]]}},{"type":"Feature","geometry":{"type":"Polygon","coordinates":[[[-111.27018,38.28851],[-111.26888,38.29011],[-111.27003,38.29176],[-111.27248,38.2918],[-111.27379,38.2902],[-111.27264,38.28856],[-111.27018,38.28851]]]},"properties":{"cell":"8929922120bffff","res":9,"coarsened":false,"count":2,"hv":2,"mp":0,"y0":2025,"y1":2025,"sp":[[105,1,1,0,2025,2025],[106,1,1,0,2025,2025]]}},{"type":"Feature","geometry":{"type":"Polygon","coordinates":[[[-111.17614,38.17463],[-111.17484,38.17623],[-111.17599,38.17788],[-111.17844,38.17793],[-111.17974,38.17633],[-111.17859,38.17468],[-111.17614,38.17463]]]},"properties":{"cell":"8929923860fffff","res":9,"coarsened":false,"count":2,"hv":2,"mp":0,"y0":2025,"y1":2025,"sp":[[18,1,1,0,2025,2025],[2,1,1,0,2025,2025]]}},{"type":"Feature","geometry":{"type":"Polygon","coordinates":[[[-111.13279,38.08108],[-111.13149,38.08268],[-111.13263,38.08433],[-111.13508,38.08438],[-111.13639,38.08278],[-111.13524,38.08113],[-111.13279,38.08108]]]},"properties":{"cell":"8929920ed07ffff","res":9,"coarsened":false,"count":1,"hv":1,"mp":0,"y0":2020,"y1":2020,"sp":[[2,1,1,0,2020,2020]]}},{"type":"Feature","geometry":{"type":"Polygon","coordinates":[[[-111.17819,38.20881],[-111.17689,38.21041],[-111.17804,38.21205],[-111.18049,38.2121],[-111.1818,38.2105],[-111.18065,38.20885],[-111.17819,38.20881]]]},"properties":{"cell":"89299239c83ffff","res":9,"coarsened":false,"count":4,"hv":4,"mp":0,"y0":2025,"y1":2025,"sp":[[18,1,1,0,2025,2025],[5,1,1,0,2025,2025],[0,1,1,0,2025,2025],[2,1,1,0,2025,2025]]}},{"type":"Feature","geometry":{"type":"Polygon","coordinates":[[[-111.15975,38.28644],[-111.15844,38.28804],[-111.15959,38.28969],[-111.16205,38.28974],[-111.16335,38.28814],[-111.1622,38.28649],[-111.15975,38.28644]]]},"properties":{"cell":"8929922b543ffff","res":9,"coarsened":false,"count":1,"hv":1,"mp":0,"y0":2025,"y1":2025,"sp":[[107,1,1,0,2025,2025]]}},{"type":"Feature","geometry":{"type":"Polygon","coordinates":[[[-111.14423,38.22603],[-111.14292,38.22763],[-111.14407,38.22928],[-111.14653,38.22932],[-111.14783,38.22772],[-111.14668,38.22608],[-111.14423,38.22603]]]},"properties":{"cell":"89299239e1bffff","res":9,"coarsened":false,"count":1,"hv":1,"mp":0,"y0":2025,"y1":2025,"sp":[[25,1,1,0,2025,2025]]}},{"type":"Feature","geometry":{"type":"Polygon","coordinates":[[[-111.13201,38.09733],[-111.13071,38.09894],[-111.13185,38.10058],[-111.1343,38.10063],[-111.13561,38.09903],[-111.13446,38.09738],[-111.13201,38.09733]]]},"properties":{"cell":"8929920e98fffff","res":9,"coarsened":false,"count":1,"hv":1,"mp":0,"y0":2016,"y1":2016,"sp":[[10,1,1,0,2016,2016]]}},{"type":"Feature","geometry":{"type":"Polygon","coordinates":[[[-111.12841,38.09564],[-111.12711,38.09724],[-111.12826,38.09889],[-111.13071,38.09894],[-111.13201,38.09733],[-111.13086,38.09568],[-111.12841,38.09564]]]},"properties":{"cell":"8929920e98bffff","res":9,"coarsened":false,"count":1,"hv":1,"mp":0,"y0":2016,"y1":2016,"sp":[[54,1,1,0,2016,2016]]}},{"type":"Feature","geometry":{"type":"Polygon","coordinates":[[[-111.11715,38.10029],[-111.11585,38.1019],[-111.117,38.10355],[-111.11945,38.10359],[-111.12075,38.10199],[-111.1196,38.10034],[-111.11715,38.10029]]]},"properties":{"cell":"8929920e953ffff","res":9,"coarsened":false,"count":1,"hv":1,"mp":0,"y0":2016,"y1":2016,"sp":[[70,1,1,0,2016,2016]]}},{"type":"Feature","geometry":{"type":"Polygon","coordinates":[[[-111.1281,38.17858],[-111.1268,38.18018],[-111.12795,38.18182],[-111.1304,38.18187],[-111.1317,38.18027],[-111.13055,38.17862],[-111.1281,38.17858]]]},"properties":{"cell":"8929923942bffff","res":9,"coarsened":false,"count":1,"hv":1,"mp":0,"y0":2025,"y1":2025,"sp":[[46,1,1,0,2025,2025]]}},{"type":"Feature","geometry":{"type":"Polygon","coordinates":[[[-111.14545,38.04715],[-111.14415,38.04875],[-111.14529,38.0504],[-111.14774,38.05045],[-111.14904,38.04885],[-111.1479,38.0472],[-111.14545,38.04715]]]},"properties":{"cell":"89299205143ffff","res":9,"coarsened":false,"count":1,"hv":1,"mp":0,"y0":2024,"y1":2024,"sp":[[2,1,1,0,2024,2024]]}},{"type":"Feature","geometry":{"type":"Polygon","coordinates":[[[-111.20094,38.27261],[-111.19963,38.27421],[-111.20078,38.27585],[-111.20324,38.2759],[-111.20454,38.2743],[-111.20339,38.27266],[-111.20094,38.27261]]]},"properties":{"cell":"8929922a617ffff","res":9,"coarsened":false,"count":2,"hv":2,"mp":0,"y0":2024,"y1":2025,"sp":[[49,1,1,0,2025,2025],[0,1,1,0,2024,2024]]}},{"type":"Feature","geometry":{"type":"Polygon","coordinates":[[[-111.16848,38.18099],[-111.16717,38.18259],[-111.16832,38.18423],[-111.17077,38.18428],[-111.17208,38.18268],[-111.17093,38.18103],[-111.16848,38.18099]]]},"properties":{"cell":"8929923866bffff","res":9,"coarsened":false,"count":1,"hv":1,"mp":0,"y0":2025,"y1":2025,"sp":[[2,1,1,0,2025,2025]]}},{"type":"Feature","geometry":{"type":"Polygon","coordinates":[[[-111.07408,37.92685],[-111.07278,37.92845],[-111.07392,37.93011],[-111.07637,37.93016],[-111.07767,37.92855],[-111.07652,37.9269],[-111.07408,37.92685]]]},"properties":{"cell":"892992005b7ffff","res":9,"coarsened":false,"count":1,"hv":1,"mp":0,"y0":2016,"y1":2016,"sp":[[46,1,1,0,2016,2016]]}},{"type":"Feature","geometry":{"type":"Polygon","coordinates":[[[-111.29466,38.31657],[-111.29336,38.31817],[-111.29451,38.31981],[-111.29696,38.31985],[-111.29827,38.31825],[-111.29712,38.31661],[-111.29466,38.31657]]]},"properties":{"cell":"8929922adc7ffff","res":9,"coarsened":false,"count":2,"hv":2,"mp":0,"y0":2025,"y1":2025,"sp":[[71,2,2,0,2025,2025]]}},{"type":"Feature","geometry":{"type":"Polygon","coordinates":[[[-111.0231,37.84268],[-111.0218,37.84428],[-111.02294,37.84593],[-111.02539,37.84598],[-111.02669,37.84438],[-111.02555,37.84273],[-111.0231,37.84268]]]},"properties":{"cell":"89299211837ffff","res":9,"coarsened":false,"count":1,"hv":1,"mp":0,"y0":2026,"y1":2026,"sp":[[0,1,1,0,2026,2026]]}},{"type":"Feature","geometry":{"type":"Polygon","coordinates":[[[-111.20768,38.28573],[-111.20638,38.28733],[-111.20753,38.28898],[-111.20998,38.28902],[-111.21128,38.28742],[-111.21013,38.28578],[-111.20768,38.28573]]]},"properties":{"cell":"8929922a05bffff","res":9,"coarsened":false,"count":1,"hv":1,"mp":0,"y0":2026,"y1":2026,"sp":[[2,1,1,0,2026,2026]]}},{"type":"Feature","geometry":{"type":"Polygon","coordinates":[[[-111.17444,38.21036],[-111.17313,38.21196],[-111.17428,38.21361],[-111.17674,38.21365],[-111.17804,38.21205],[-111.17689,38.21041],[-111.17444,38.21036]]]},"properties":{"cell":"89299239c8bffff","res":9,"coarsened":false,"count":1,"hv":1,"mp":0,"y0":2026,"y1":2026,"sp":[[30,1,1,0,2026,2026]]}},{"type":"Feature","geometry":{"type":"Polygon","coordinates":[[[-111.12701,38.04842],[-111.1257,38.05002],[-111.12685,38.05167],[-111.1293,38.05172],[-111.1306,38.05012],[-111.12945,38.04847],[-111.12701,38.04842]]]},"properties":{"cell":"892992053d7ffff","res":9,"coarsened":false,"count":1,"hv":1,"mp":0,"y0":2024,"y1":2024,"sp":[[30,1,1,0,2024,2024]]}},{"type":"Feature","geometry":{"type":"Polygon","coordinates":[[[-111.16994,38.3045],[-111.16863,38.3061],[-111.16978,38.30775],[-111.17224,38.3078],[-111.17354,38.3062],[-111.17239,38.30455],[-111.16994,38.3045]]]},"properties":{"cell":"8929922b113ffff","res":9,"coarsened":false,"count":1,"hv":1,"mp":0,"y0":2026,"y1":2026,"sp":[[23,1,1,0,2026,2026]]}},{"type":"Feature","geometry":{"type":"Polygon","coordinates":[[[-111.18226,38.20076],[-111.18096,38.20236],[-111.1821,38.20401],[-111.18456,38.20405],[-111.18586,38.20245],[-111.18471,38.2008],[-111.18226,38.20076]]]},"properties":{"cell":"89299238223ffff","res":9,"coarsened":false,"count":1,"hv":1,"mp":0,"y0":2026,"y1":2026,"sp":[[76,1,1,0,2026,2026]]}},{"type":"Feature","geometry":{"type":"Polygon","coordinates":[[[-111.23368,38.28134],[-111.23237,38.28294],[-111.23352,38.28459],[-111.23598,38.28464],[-111.23728,38.28304],[-111.23613,38.28139],[-111.23368,38.28134]]]},"properties":{"cell":"8929922a0b3ffff","res":9,"coarsened":false,"count":1,"hv":1,"mp":0,"y0":2026,"y1":2026,"sp":[[15,1,1,0,2026,2026]]}},{"type":"Feature","geometry":{"type":"Polygon","coordinates":[[[-111.22594,38.21134],[-111.22463,38.21294],[-111.22578,38.21458],[-111.22824,38.21463],[-111.22954,38.21303],[-111.22839,38.21138],[-111.22594,38.21134]]]},"properties":{"cell":"89299238e8bffff","res":9,"coarsened":false,"count":1,"hv":1,"mp":0,"y0":2026,"y1":2026,"sp":[[71,1,1,0,2026,2026]]}},{"type":"Feature","geometry":{"type":"Polygon","coordinates":[[[-111.29857,38.31176],[-111.29727,38.31336],[-111.29842,38.31501],[-111.30087,38.31505],[-111.30218,38.31345],[-111.30102,38.31181],[-111.29857,38.31176]]]},"properties":{"cell":"8929922ad9bffff","res":9,"coarsened":false,"count":1,"hv":1,"mp":0,"y0":2026,"y1":2026,"sp":[[30,1,1,0,2026,2026]]}},{"type":"Feature","geometry":{"type":"Polygon","coordinates":[[[-111.20747,38.21261],[-111.20616,38.21421],[-111.20731,38.21586],[-111.20977,38.21591],[-111.21107,38.21431],[-111.20992,38.21266],[-111.20747,38.21261]]]},"properties":{"cell":"89299238323ffff","res":9,"coarsened":false,"count":1,"hv":1,"mp":0,"y0":2026,"y1":2026,"sp":[[21,1,1,0,2026,2026]]}},{"type":"Feature","geometry":{"type":"Polygon","coordinates":[[[-111.22754,38.25524],[-111.22624,38.25684],[-111.22739,38.25849],[-111.22984,38.25853],[-111.23115,38.25693],[-111.23,38.25529],[-111.22754,38.25524]]]},"properties":{"cell":"8929922a483ffff","res":9,"coarsened":false,"count":1,"hv":1,"mp":0,"y0":2015,"y1":2015,"sp":[[1,1,1,0,2015,2015]]}},{"type":"Feature","geometry":{"type":"Polygon","coordinates":[[[-111.21781,38.22744],[-111.21651,38.22904],[-111.21766,38.23068],[-111.22011,38.23073],[-111.22141,38.22913],[-111.22026,38.22748],[-111.21781,38.22744]]]},"properties":{"cell":"89299238e6bffff","res":9,"coarsened":false,"count":1,"hv":1,"mp":0,"y0":2015,"y1":2015,"sp":[[2,1,1,0,2015,2015]]}},{"type":"Feature","geometry":{"type":"Polygon","coordinates":[[[-111.1907,38.17816],[-111.1894,38.17976],[-111.19054,38.18141],[-111.193,38.18146],[-111.1943,38.17985],[-111.19315,38.17821],[-111.1907,38.17816]]]},"properties":{"cell":"892992380cbffff","res":9,"coarsened":false,"count":1,"hv":1,"mp":0,"y0":2015,"y1":2015,"sp":[[109,1,1,0,2015,2015]]}},{"type":"Feature","geometry":{"type":"Polygon","coordinates":[[[-111.0641,37.90546],[-111.0628,37.90707],[-111.06394,37.90872],[-111.06638,37.90877],[-111.06769,37.90717],[-111.06654,37.90551],[-111.0641,37.90546]]]},"properties":{"cell":"89299202317ffff","res":9,"coarsened":false,"count":1,"hv":1,"mp":0,"y0":2003,"y1":2003,"sp":[[75,1,1,0,2003,2003]]}},{"type":"Feature","geometry":{"type":"Polygon","coordinates":[[[-111.07096,37.91538],[-111.06966,37.91698],[-111.0708,37.91864],[-111.07325,37.91869],[-111.07455,37.91708],[-111.07341,37.91543],[-111.07096,37.91538]]]},"properties":{"cell":"89299202327ffff","res":9,"coarsened":false,"count":1,"hv":1,"mp":0,"y0":2003,"y1":2003,"sp":[[27,1,1,0,2003,2003]]}},{"type":"Feature","geometry":{"type":"Polygon","coordinates":[[[-111.25983,38.27371],[-111.25852,38.27531],[-111.25967,38.27695],[-111.26213,38.277],[-111.26343,38.2754],[-111.26228,38.27375],[-111.25983,38.27371]]]},"properties":{"cell":"8929922a5a3ffff","res":9,"coarsened":false,"count":1,"hv":1,"mp":0,"y0":2026,"y1":2026,"sp":[[37,1,1,0,2026,2026]]}},{"type":"Feature","geometry":{"type":"Polygon","coordinates":[[[-111.19697,38.20104],[-111.19567,38.20264],[-111.19682,38.20429],[-111.19927,38.20433],[-111.20057,38.20273],[-111.19942,38.20108],[-111.19697,38.20104]]]},"properties":{"cell":"892992383c7ffff","res":9,"coarsened":false,"count":1,"hv":1,"mp":0,"y0":2026,"y1":2026,"sp":[[26,1,1,0,2026,2026]]}},{"type":"Feature","geometry":{"type":"Polygon","coordinates":[[[-111.14845,38.21473],[-111.14715,38.21633],[-111.1483,38.21798],[-111.15075,38.21803],[-111.15205,38.21643],[-111.15091,38.21478],[-111.14845,38.21473]]]},"properties":{"cell":"89299239167ffff","res":9,"coarsened":false,"count":1,"hv":1,"mp":0,"y0":2026,"y1":2026,"sp":[[18,1,1,0,2026,2026]]}},{"type":"Feature","geometry":{"type":"Polygon","coordinates":[[[-111.1818,38.2105],[-111.18049,38.2121],[-111.18164,38.21375],[-111.18409,38.2138],[-111.1854,38.21219],[-111.18425,38.21055],[-111.1818,38.2105]]]},"properties":{"cell":"89299239c87ffff","res":9,"coarsened":false,"count":1,"hv":1,"mp":0,"y0":2026,"y1":2026,"sp":[[5,1,1,0,2026,2026]]}},{"type":"Feature","geometry":{"type":"Polygon","coordinates":[[[-111.04088,37.85446],[-111.03958,37.85606],[-111.04072,37.85772],[-111.04316,37.85777],[-111.04447,37.85616],[-111.04332,37.85451],[-111.04088,37.85446]]]},"properties":{"cell":"8929921193bffff","res":9,"coarsened":false,"count":1,"hv":1,"mp":0,"y0":2026,"y1":2026,"sp":[[71,1,1,0,2026,2026]]}},{"type":"Feature","geometry":{"type":"Polygon","coordinates":[[[-111.364,38.01054],[-111.3627,38.01215],[-111.36385,38.0138],[-111.3663,38.01384],[-111.3676,38.01224],[-111.36645,38.01059],[-111.364,38.01054]]]},"properties":{"cell":"892992a9877ffff","res":9,"coarsened":false,"count":1,"hv":1,"mp":0,"y0":2024,"y1":2024,"sp":[[91,1,1,0,2024,2024]]}},{"type":"Feature","geometry":{"type":"Polygon","coordinates":[[[-111.28301,38.17176],[-111.28171,38.17336],[-111.28286,38.17501],[-111.28531,38.17505],[-111.28661,38.17345],[-111.28546,38.1718],[-111.28301,38.17176]]]},"properties":{"cell":"8929923a817ffff","res":9,"coarsened":false,"count":12,"hv":12,"mp":0,"y0":2019,"y1":2024,"sp":[[14,2,2,0,2019,2019],[2,1,1,0,2019,2019],[113,1,1,0,2019,2019],[7,1,1,0,2019,2019],[18,1,1,0,2019,2019],[114,1,1,0,2019,2019],[21,1,1,0,2024,2024],[13,1,1,0,2024,2024],[50,1,1,0,2024,2024],[4,1,1,0,2019,2019],[92,1,1,0,2019,2019]]}},{"type":"Feature","geometry":{"type":"Polygon","coordinates":[[[-111.12998,38.06312],[-111.12867,38.06473],[-111.12982,38.06638],[-111.13227,38.06642],[-111.13357,38.06482],[-111.13243,38.06317],[-111.12998,38.06312]]]},"properties":{"cell":"89299205377ffff","res":9,"coarsened":false,"count":6,"hv":6,"mp":0,"y0":2017,"y1":2017,"sp":[[25,1,1,0,2017,2017],[115,1,1,0,2017,2017],[111,1,1,0,2017,2017],[18,1,1,0,2017,2017],[110,1,1,0,2017,2017],[80,1,1,0,2017,2017]]}},{"type":"Feature","geometry":{"type":"Polygon","coordinates":[[[-111.25201,38.28331],[-111.2507,38.28491],[-111.25185,38.28655],[-111.25431,38.2866],[-111.25561,38.285],[-111.25446,38.28335],[-111.25201,38.28331]]]},"properties":{"cell":"8929922a52bffff","res":9,"coarsened":false,"count":1,"hv":1,"mp":0,"y0":2008,"y1":2008,"sp":[[2,1,1,0,2008,2008]]}},{"type":"Feature","geometry":{"type":"Polygon","coordinates":[[[-111.41351,38.29592],[-111.41221,38.29752],[-111.41336,38.29916],[-111.41581,38.29921],[-111.41711,38.29761],[-111.41596,38.29596],[-111.41351,38.29592]]]},"properties":{"cell":"89299220eb3ffff","res":9,"coarsened":false,"count":1,"hv":1,"mp":0,"y0":2025,"y1":2025,"sp":[[86,1,1,0,2025,2025]]}},{"type":"Feature","geometry":{"type":"Polygon","coordinates":[[[-111.39329,37.60834],[-111.392,37.60995],[-111.39314,37.6116],[-111.39558,37.61165],[-111.39687,37.61004],[-111.39573,37.60838],[-111.39329,37.60834]]]},"properties":{"cell":"8929928444bffff","res":9,"coarsened":false,"count":1,"hv":1,"mp":0,"y0":2025,"y1":2025,"sp":[[116,1,1,0,2025,2025]]}},{"type":"Feature","geometry":{"type":"Polygon","coordinates":[[[-111.354,38.22829],[-111.3527,38.22989],[-111.35385,38.23154],[-111.3563,38.23158],[-111.35761,38.22998],[-111.35645,38.22833],[-111.354,38.22829]]]},"properties":{"cell":"89299223113ffff","res":9,"coarsened":false,"count":1,"hv":1,"mp":0,"y0":2025,"y1":2025,"sp":[[43,1,1,0,2025,2025]]}},{"type":"Feature","geometry":{"type":"Polygon","coordinates":[[[-111.35651,38.01367],[-111.35521,38.01527],[-111.35636,38.01692],[-111.35881,38.01696],[-111.36011,38.01536],[-111.35896,38.01371],[-111.35651,38.01367]]]},"properties":{"cell":"892992a986bffff","res":9,"coarsened":false,"count":1,"hv":1,"mp":0,"y0":2024,"y1":2024,"sp":[[117,1,1,0,2024,2024]]}},{"type":"Feature","geometry":{"type":"Polygon","coordinates":[[[-111.41506,37.77519],[-111.41377,37.7768],[-111.41491,37.77845],[-111.41735,37.77849],[-111.41865,37.77689],[-111.4175,37.77523],[-111.41506,37.77519]]]},"properties":{"cell":"892992b8553ffff","res":9,"coarsened":false,"count":1,"hv":1,"mp":0,"y0":2024,"y1":2024,"sp":[[51,1,1,0,2024,2024]]}},{"type":"Feature","geometry":{"type":"Polygon","coordinates":[[[-111.41711,38.29761],[-111.41581,38.29921],[-111.41697,38.30085],[-111.41942,38.30089],[-111.42072,38.29929],[-111.41957,38.29765],[-111.41711,38.29761]]]},"properties":{"cell":"89299220eb7ffff","res":9,"coarsened":false,"count":1,"hv":1,"mp":0,"y0":2024,"y1":2024,"sp":[[45,1,1,0,2024,2024]]}},{"type":"Feature","geometry":{"type":"Polygon","coordinates":[[[-111.42087,38.29605],[-111.41957,38.29765],[-111.42072,38.29929],[-111.42317,38.29933],[-111.42447,38.29773],[-111.42332,38.29609],[-111.42087,38.29605]]]},"properties":{"cell":"89299220c7bffff","res":9,"coarsened":false,"count":3,"hv":3,"mp":0,"y0":2024,"y1":2024,"sp":[[98,1,1,0,2024,2024],[71,1,1,0,2024,2024],[43,1,1,0,2024,2024]]}},{"type":"Feature","geometry":{"type":"Polygon","coordinates":[[[-111.10789,38.29193],[-111.10659,38.29353],[-111.10774,38.29518],[-111.11019,38.29523],[-111.1115,38.29363],[-111.11035,38.29198],[-111.10789,38.29193]]]},"properties":{"cell":"89299274db7ffff","res":9,"coarsened":false,"count":1,"hv":1,"mp":0,"y0":2023,"y1":2023,"sp":[[0,1,1,0,2023,2023]]}},{"type":"Feature","geometry":{"type":"Polygon","coordinates":[[[-111.40239,38.29735],[-111.40109,38.29895],[-111.40224,38.3006],[-111.4047,38.30064],[-111.406,38.29904],[-111.40484,38.2974],[-111.40239,38.29735]]]},"properties":{"cell":"89299220e13ffff","res":9,"coarsened":false,"count":1,"hv":1,"mp":0,"y0":2019,"y1":2019,"sp":[[4,1,1,0,2019,2019]]}},{"type":"Feature","geometry":{"type":"Polygon","coordinates":[[[-111.3851,37.95067],[-111.3838,37.95228],[-111.38495,37.95393],[-111.38739,37.95397],[-111.38869,37.95237],[-111.38754,37.95072],[-111.3851,37.95067]]]},"properties":{"cell":"892992a8047ffff","res":9,"coarsened":false,"count":1,"hv":1,"mp":0,"y0":2019,"y1":2019,"sp":[[50,1,1,0,2019,2019]]}},{"type":"Feature","geometry":{"type":"Polygon","coordinates":[[[-111.39864,38.29891],[-111.39733,38.30051],[-111.39849,38.30216],[-111.40094,38.3022],[-111.40224,38.3006],[-111.40109,38.29895],[-111.39864,38.29891]]]},"properties":{"cell":"89299220e1bffff","res":9,"coarsened":false,"count":4,"hv":4,"mp":0,"y0":2018,"y1":2019,"sp":[[86,2,2,0,2018,2019],[122,1,1,0,2018,2018],[24,1,1,0,2018,2018]]}},{"type":"Feature","geometry":{"type":"Polygon","coordinates":[[[-111.26206,38.30461],[-111.26075,38.30621],[-111.2619,38.30785],[-111.26436,38.3079],[-111.26566,38.3063],[-111.26451,38.30465],[-111.26206,38.30461]]]},"properties":{"cell":"8929922accbffff","res":9,"coarsened":false,"count":1,"hv":1,"mp":0,"y0":2018,"y1":2018,"sp":[[109,1,1,0,2018,2018]]}},{"type":"Feature","geometry":{"type":"Polygon","coordinates":[[[-111.40961,37.89572],[-111.40832,37.89733],[-111.40947,37.89898],[-111.41191,37.89902],[-111.41321,37.89741],[-111.41206,37.89577],[-111.40961,37.89572]]]},"properties":{"cell":"892992aa04fffff","res":9,"coarsened":false,"count":2,"hv":2,"mp":0,"y0":2018,"y1":2018,"sp":[[43,1,1,0,2018,2018],[26,1,1,0,2018,2018]]}},{"type":"Feature","geometry":{"type":"Polygon","coordinates":[[[-111.42039,37.9008],[-111.4191,37.9024],[-111.42025,37.90405],[-111.42269,37.9041],[-111.42399,37.90249],[-111.42284,37.90084],[-111.42039,37.9008]]]},"properties":{"cell":"892992aa067ffff","res":9,"coarsened":false,"count":4,"hv":4,"mp":0,"y0":2018,"y1":2018,"sp":[[51,2,2,0,2018,2018],[109,1,1,0,2018,2018],[121,1,1,0,2018,2018]]}},{"type":"Feature","geometry":{"type":"Polygon","coordinates":[[[-111.39878,38.29567],[-111.39748,38.29727],[-111.39864,38.29891],[-111.40109,38.29895],[-111.40239,38.29735],[-111.40124,38.29571],[-111.39878,38.29567]]]},"properties":{"cell":"89299220ec7ffff","res":9,"coarsened":false,"count":2,"hv":2,"mp":0,"y0":2018,"y1":2018,"sp":[[98,1,1,0,2018,2018],[45,1,1,0,2018,2018]]}},{"type":"Feature","geometry":{"type":"Polygon","coordinates":[[[-111.28979,38.10521],[-111.28849,38.10681],[-111.28964,38.10846],[-111.29209,38.1085],[-111.29339,38.1069],[-111.29224,38.10525],[-111.28979,38.10521]]]},"properties":{"cell":"892992316abffff","res":9,"coarsened":false,"count":1,"hv":1,"mp":0,"y0":2018,"y1":2018,"sp":[[60,1,1,0,2018,2018]]}},{"type":"Feature","geometry":{"type":"Polygon","coordinates":[[[-111.33373,38.10926],[-111.33243,38.11086],[-111.33358,38.11251],[-111.33603,38.11255],[-111.33733,38.11095],[-111.33618,38.1093],[-111.33373,38.10926]]]},"properties":{"cell":"8929923150fffff","res":9,"coarsened":false,"count":6,"hv":6,"mp":0,"y0":2008,"y1":2017,"sp":[[47,3,3,0,2008,2017],[81,2,2,0,2008,2017],[123,1,1,0,2017,2017]]}},{"type":"Feature","geometry":{"type":"Polygon","coordinates":[[[-111.27237,38.39894],[-111.27107,38.40054],[-111.27222,38.40218],[-111.27467,38.40223],[-111.27598,38.40063],[-111.27483,38.39898],[-111.27237,38.39894]]]},"properties":{"cell":"89299228917ffff","res":9,"coarsened":false,"count":2,"hv":2,"mp":0,"y0":2017,"y1":2017,"sp":[[24,1,1,0,2017,2017],[66,1,1,0,2017,2017]]}},{"type":"Feature","geometry":{"type":"Polygon","coordinates":[[[-111.37926,38.31969],[-111.37796,38.32129],[-111.37912,38.32293],[-111.38157,38.32297],[-111.38287,38.32137],[-111.38172,38.31973],[-111.37926,38.31969]]]},"properties":{"cell":"89299221d2bffff","res":9,"coarsened":false,"count":7,"hv":7,"mp":0,"y0":2008,"y1":2016,"sp":[[14,1,1,0,2016,2016],[28,1,1,0,2016,2016],[45,1,1,0,2016,2016],[125,1,1,0,2016,2016],[126,1,1,0,2016,2016],[124,1,1,0,2016,2016],[128,1,1,0,2008,2008]]}},{"type":"Feature","geometry":{"type":"Polygon","coordinates":[[[-111.26627,38.29332],[-111.26497,38.29492],[-111.26612,38.29656],[-111.26857,38.29661],[-111.26988,38.29501],[-111.26873,38.29336],[-111.26627,38.29332]]]},"properties":{"cell":"8929922127bffff","res":9,"coarsened":false,"count":1,"hv":1,"mp":0,"y0":2016,"y1":2016,"sp":[[124,1,1,0,2016,2016]]}},{"type":"Feature","geometry":{"type":"Polygon","coordinates":[[[-111.37941,38.31644],[-111.37811,38.31804],[-111.37926,38.31969],[-111.38172,38.31973],[-111.38302,38.31813],[-111.38187,38.31648],[-111.37941,38.31644]]]},"properties":{"cell":"89299221d3bffff","res":9,"coarsened":false,"count":3,"hv":3,"mp":0,"y0":2016,"y1":2016,"sp":[[4,1,1,0,2016,2016],[65,1,1,0,2016,2016],[81,1,1,0,2016,2016]]}},{"type":"Feature","geometry":{"type":"Polygon","coordinates":[[[-111.32758,38.16281],[-111.32628,38.16441],[-111.32743,38.16606],[-111.32988,38.1661],[-111.33118,38.1645],[-111.33003,38.16285],[-111.32758,38.16281]]]},"properties":{"cell":"89299231e6fffff","res":9,"coarsened":false,"count":2,"hv":2,"mp":0,"y0":2015,"y1":2015,"sp":[[81,2,2,0,2015,2015]]}},{"type":"Feature","geometry":{"type":"Polygon","coordinates":[[[-111.37551,38.32124],[-111.37421,38.32284],[-111.37536,38.32449],[-111.37781,38.32453],[-111.37912,38.32293],[-111.37796,38.32129],[-111.37551,38.32124]]]},"properties":{"cell":"89299221d67ffff","res":9,"coarsened":false,"count":1,"hv":1,"mp":0,"y0":2013,"y1":2013,"sp":[[62,1,1,0,2013,2013]]}},{"type":"Feature","geometry":{"type":"Polygon","coordinates":[[[-111.22785,38.24875],[-111.22655,38.25035],[-111.2277,38.25199],[-111.23015,38.25204],[-111.23145,38.25044],[-111.2303,38.24879],[-111.22785,38.24875]]]},"properties":{"cell":"89299238a2bffff","res":9,"coarsened":false,"count":1,"hv":1,"mp":0,"y0":2009,"y1":2009,"sp":[[47,1,1,0,2009,2009]]}},{"type":"Feature","geometry":{"type":"Polygon","coordinates":[[[-111.25998,38.27046],[-111.25867,38.27206],[-111.25983,38.27371],[-111.26228,38.27375],[-111.26358,38.27215],[-111.26243,38.27051],[-111.25998,38.27046]]]},"properties":{"cell":"8929922a5b3ffff","res":9,"coarsened":false,"count":1,"hv":1,"mp":0,"y0":2008,"y1":2008,"sp":[[26,1,1,0,2008,2008]]}},{"type":"Feature","geometry":{"type":"Polygon","coordinates":[[[-111.23475,38.25862],[-111.23345,38.26022],[-111.2346,38.26187],[-111.23705,38.26191],[-111.23835,38.26031],[-111.2372,38.25867],[-111.23475,38.25862]]]},"properties":{"cell":"8929922a4b3ffff","res":9,"coarsened":false,"count":1,"hv":1,"mp":0,"y0":2002,"y1":2002,"sp":[[11,1,1,0,2002,2002]]}}],"park":"capitol_reef","h3_res":9,"species_index":[{"n":"Sayornis saya","c":"Say's Phoebe","k":"Aves"},{"n":"Meleagris gallopavo","c":"Wild Turkey","k":"Aves"},{"n":"Odocoileus hemionus","c":"Mule Deer","k":"Mammalia"},{"n":"Setophaga nigrescens","c":"Black-throated Gray Warbler","k":"Aves"},{"n":"Turdus migratorius","c":"American Robin","k":"Aves"},{"n":"Neotamias rufus","c":"Hopi Chipmunk","k":"Mammalia"},{"n":"Neotamias minimus","c":"Least Chipmunk","k":"Mammalia"},{"n":"Sylvilagus audubonii","c":"Desert Cottontail","k":"Mammalia"},{"n":"Taxidea taxus","c":"American Badger","k":"Mammalia"},{"n":"Haemorhous mexicanus","c":"House Finch","k":"Aves"},{"n":"Marmota flaviventris","c":"Yellow-bellied Marmot","k":"Mammalia"},{"n":"Alectoris chukar","c":"Chukar","k":"Aves"},{"n":"Leucosticte atrata","c":"Black Rosy-Finch","k":"Aves"},{"n":"Myiarchus cinerascens","c":"Ash-throated Flycatcher","k":"Aves"},{"n":"Colaptes auratus","c":"Northern Flicker","k":"Aves"},{"n":"Molothrus ater","c":"Brown-headed Cowbird","k":"Aves"},{"n":"Contopus sordidulus","c":"Western Wood-Pewee","k":"Aves"},{"n":"Tyrannus verticalis","c":"Western Kingbird","k":"Aves"},{"n":"Otospermophilus variegatus","c":"Rock Squirrel","k":"Mammalia"},{"n":"Passerina amoena","c":"Lazuli Bunting","k":"Aves"},{"n":"Melospiza melodia","c":"Song Sparrow","k":"Aves"},{"n":"Polioptila caerulea","c":"Blue-gray Gnatcatcher","k":"Aves"},{"n":"Setophaga aestiva","c":"Northern Yellow Warbler","k":"Aves"},{"n":"Pheucticus melanocephalus","c":"Black-headed Grosbeak","k":"Aves"},{"n":"Spinus psaltria","c":"Lesser Goldfinch","k":"Aves"},{"n":"Ammospermophilus leucurus","c":"White-tailed Antelope Squirrel","k":"Mammalia"},{"n":"Aquila chrysaetos","c":"Golden Eagle","k":"Aves"},{"n":"Baeolophus ridgwayi","c":"Juniper Titmouse","k":"Aves"},{"n":"Chondestes grammacus","c":"Lark Sparrow","k":"Aves"},{"n":"Dumetella carolinensis","c":"Gray Catbird","k":"Aves"},{"n":"Salpinctes obsoletus","c":"Rock Wren","k":"Aves"},{"n":"Tachycineta thalassina","c":"Violet-green Swallow","k":"Aves"},{"n":"Piranga ludoviciana","c":"Western Tanager","k":"Aves"},{"n":"Pipilo maculatus","c":"Spotted Towhee","k":"Aves"},{"n":"Melospiza lincolnii","c":"Lincoln's Sparrow","k":"Aves"},{"n":"Setophaga coronata","c":"Yellow-rumped Warbler","k":"Aves"},{"n":"Corthylio calendula","c":"Ruby-crowned Kinglet","k":"Aves"},{"n":"Neotamias dorsalis","c":"Cliff Chipmunk","k":"Mammalia"},{"n":"Lasionycteris noctivagans","c":"Silver-haired Bat","k":"Mammalia"},{"n":"Geothlypis tolmiei","c":"MacGillivray's Warbler","k":"Aves"},{"n":"Neotamias umbrinus","c":"Uinta Chipmunk","k":"Mammalia"},{"n":"Empidonax wrightii","c":"Gray Flycatcher","k":"Aves"},{"n":"Psaltriparus minimus","c":"Bushtit","k":"Aves"},{"n":"Aphelocoma woodhouseii","c":"Woodhouse's Scrub-Jay","k":"Aves"},{"n":"Sayornis nigricans","c":"Black Phoebe","k":"Aves"},{"n":"Sialia currucoides","c":"Mountain Bluebird","k":"Aves"},{"n":"Catherpes mexicanus","c":"Canyon Wren","k":"Aves"},{"n":"Archilochus alexandri","c":"Black-chinned Hummingbird","k":"Aves"},{"n":"Canis latrans","c":"Coyote","k":"Mammalia"},{"n":"Lepus californicus","c":"Black-tailed Jackrabbit","k":"Mammalia"},{"n":"Amphispiza bilineata","c":"Black-throated Sparrow","k":"Aves"},{"n":"Sialia mexicana","c":"Western Bluebird","k":"Aves"},{"n":"Puma concolor","c":"Mountain Lion","k":"Mammalia"},{"n":"Aeronautes saxatalis","c":"White-throated Swift","k":"Aves"},{"n":"Icterus bullockii","c":"Bullock's Oriole","k":"Aves"},{"n":"Leuconotopicus villosus","c":"Hairy Woodpecker","k":"Aves"},{"n":"Antilocapra americana","c":"Pronghorn","k":"Mammalia"},{"n":"Vireo plumbeus","c":"Plumbeous Vireo","k":"Aves"},{"n":"Leiothlypis virginiae","c":"Virginia's Warbler","k":"Aves"},{"n":"Corvus corax","c":"Common Raven","k":"Aves"},{"n":"Poecile gambeli","c":"Mountain Chickadee","k":"Aves"},{"n":"Castor canadensis","c":"American Beaver","k":"Mammalia"},{"n":"Junco hyemalis","c":"Dark-eyed Junco","k":"Aves"},{"n":"Onychomys leucogaster","c":"Northern Grasshopper Mouse","k":"Mammalia"},{"n":"Pipilo chlorurus","c":"Green-tailed Towhee","k":"Aves"},{"n":"Spizella breweri","c":"Brewer's Sparrow","k":"Aves"},{"n":"Spizella passerina","c":"Chipping Sparrow","k":"Aves"},{"n":"Zonotrichia leucophrys","c":"White-crowned Sparrow","k":"Aves"},{"n":"Spinus pinus","c":"Pine Siskin","k":"Aves"},{"n":"Cardellina pusilla","c":"Wilson's Warbler","k":"Aves"},{"n":"Icteria virens","c":"Yellow-breasted Chat","k":"Aves"},{"n":"Gymnorhinus cyanocephalus","c":"Pinyon Jay","k":"Aves"},{"n":"Cinclus mexicanus","c":"American Dipper","k":"Aves"},{"n":"Catharus guttatus","c":"Hermit Thrush","k":"Aves"},{"n":"Neotoma lepida","c":"Desert Woodrat","k":"Mammalia"},{"n":"Buteo jamaicensis","c":"Red-tailed Hawk","k":"Aves"},{"n":"Nucifraga columbiana","c":"Clark's Nutcracker","k":"Aves"},{"n":"Vireo swainsoni","c":"Western Warbling Vireo","k":"Aves"},{"n":"Falco peregrinus","c":"Peregrine Falcon","k":"Aves"},{"n":"Glaucidium gnoma","c":"Northern Pygmy-Owl","k":"Aves"},{"n":"Vireo vicinior","c":"Gray Vireo","k":"Aves"},{"n":"Selasphorus platycercus","c":"Broad-tailed Hummingbird","k":"Aves"},{"n":"Procyon lotor","c":"Common Raccoon","k":"Mammalia"},{"n":"Mephitis mephitis","c":"Striped Skunk","k":"Mammalia"},{"n":"Astur cooperii","c":"Cooper's Hawk","k":"Aves"},{"n":"Felis catus","c":"Domestic Cat","k":"Mammalia"},{"n":"Passer domesticus","c":"House Sparrow","k":"Aves"},{"n":"Petrochelidon pyrrhonota","c":"Cliff Swallow","k":"Aves"},{"n":"Myadestes townsendi","c":"Townsend's Solitaire","k":"Aves"},{"n":"Artemisiospiza nevadensis","c":"Sagebrush Sparrow","k":"Aves"},{"n":"Haemorhous cassinii","c":"Cassin's Finch","k":"Aves"},{"n":"Cervus canadensis","c":"Wapiti","k":"Mammalia"},{"n":"Sphyrapicus nuchalis","c":"Red-naped Sapsucker","k":"Aves"},{"n":"Empidonax difficilis","c":"Western Flycatcher","k":"Aves"},{"n":"Bassariscus astutus","c":"Ringtail","k":"Mammalia"},{"n":"Erethizon dorsatum","c":"North American Porcupine","k":"Mammalia"},{"n":"Contopus cooperi","c":"Olive-sided Flycatcher","k":"Aves"},{"n":"Canis familiaris","c":"Domestic Dog","k":"Mammalia"},{"n":"Oreoscoptes montanus","c":"Sage Thrasher","k":"Aves"},{"n":"Falco sparverius","c":"American Kestrel","k":"Aves"},{"n":"Lynx rufus","c":"Bobcat","k":"Mammalia"},{"n":"Megascapheus fulvus","c":"Fulvous Pocket Gopher","k":"Mammalia"},{"n":"Dryobates pubescens","c":"Downy Woodpecker","k":"Aves"},{"n":"Zenaida macroura","c":"Mourning Dove","k":"Aves"},{"n":"Ardea herodias","c":"Great Blue Heron","k":"Aves"},{"n":"Antrozous pallidus","c":"Pallid Bat","k":"Mammalia"},{"n":"Parastrellus hesperus","c":"Canyon Bat","k":"Mammalia"},{"n":"Branta canadensis","c":"Canada Goose","k":"Aves"},{"n":"Microtus drummondii","c":"Western Meadow Vole","k":"Mammalia"},{"n":"Cathartes aura","c":"Turkey Vulture","k":"Aves"},{"n":"Selasphorus rufus","c":"Rufous Hummingbird","k":"Aves"},{"n":"Callospermophilus lateralis","c":"Common Golden-mantled Ground Squirrel","k":"Mammalia"},{"n":"Sciuridae","c":"Hopi Chipmunk","k":"Mammalia"},{"n":"Tamias umbrinus","c":null,"k":"Mammalia"},{"n":"Tamias dorsalis","c":null,"k":"Mammalia"},{"n":"Vulpes macrotis","c":"Kit Fox","k":"Mammalia"},{"n":"Geococcyx californianus","c":"Greater Roadrunner","k":"Aves"},{"n":"Pica hudsonia","c":"Black-billed Magpie","k":"Aves"},{"n":"Leiothlypis celata","c":"Orange-crowned Warbler","k":"Aves"},{"n":"Streptoprocne zonaris","c":null,"k":"Aves"},{"n":"Cyanocitta stelleri","c":"Steller's Jay","k":"Aves"},{"n":"Sialia sialis","c":"Eastern Bluebird","k":"Aves"},{"n":"Lanius ludovicianus","c":"Loggerhead Shrike","k":"Aves"},{"n":"Picoides dorsalis","c":"American Three-toed Woodpecker","k":"Aves"},{"n":"Mimus polyglottos","c":"Northern Mockingbird","k":"Aves"},{"n":"Toxostoma bendirei","c":"Bendire's Thrasher","k":"Aves"},{"n":"Hirundo rustica","c":"American Barn Swallow","k":"Aves"},{"n":"Aves","c":"Unidentified bird","k":"Aves"},{"n":"Callipepla gambelii","c":"Gambel's Quail","k":"Aves"}],"entry":["species_index","count","human_verified","model_predicted","first_year","last_year"],"suppressed":{"excluded":{},"coarsened":{"Puma concolor":5}},"merged_names":{"Odocoileus hemionus hemionus":"Odocoileus hemionus","Otospermophilus variegatus utah":"Otospermophilus variegatus","Colaptes auratus cafer":"Colaptes auratus","Meleagris gallopavo intermedia":"Meleagris gallopavo","Cervus elaphus":"Cervus canadensis"}}