{"type":"FeatureCollection","features":[{"type":"Feature","geometry":{"type":"Polygon","coordinates":[[[-158.8074,67.04315],[-158.81016,67.04161],[-158.80823,67.03999],[-158.80354,67.0399],[-158.80079,67.04144],[-158.80271,67.04306],[-158.8074,67.04315]]]},"properties":{"cell":"890c22d2e27ffff","res":9,"coarsened":false,"count":2,"hv":2,"mp":0,"y0":2019,"y1":2020,"sp":[[0,1,1,0,2019,2019],[3,1,1,0,2020,2020]]}},{"type":"Feature","geometry":{"type":"Polygon","coordinates":[[[-158.87192,67.03955],[-158.87467,67.03801],[-158.87274,67.03639],[-158.86805,67.03631],[-158.8653,67.03784],[-158.86723,67.03947],[-158.87192,67.03955]]]},"properties":{"cell":"890c22d0507ffff","res":9,"coarsened":false,"count":1,"hv":1,"mp":0,"y0":2019,"y1":2019,"sp":[[1,1,1,0,2019,2019]]}},{"type":"Feature","geometry":{"type":"Polygon","coordinates":[[[-158.87936,67.0381],[-158.88211,67.03656],[-158.88018,67.03494],[-158.87549,67.03485],[-158.87274,67.03639],[-158.87467,67.03801],[-158.87936,67.0381]]]},"properties":{"cell":"890c22d050fffff","res":9,"coarsened":false,"count":1,"hv":1,"mp":0,"y0":2019,"y1":2019,"sp":[[2,1,1,0,2019,2019]]}},{"type":"Feature","geometry":{"type":"Polygon","coordinates":[[[-158.8595,67.03298],[-158.86225,67.03144],[-158.86032,67.02982],[-158.85564,67.02974],[-158.85288,67.03127],[-158.85482,67.0329],[-158.8595,67.03298]]]},"properties":{"cell":"890c22d0527ffff","res":9,"coarsened":false,"count":1,"hv":1,"mp":0,"y0":2019,"y1":2019,"sp":[[3,1,1,0,2019,2019]]}},{"type":"Feature","geometry":{"type":"Polygon","coordinates":[[[-158.83553,67.04366],[-158.83828,67.04212],[-158.83635,67.0405],[-158.83166,67.04041],[-158.82891,67.04195],[-158.83084,67.04357],[-158.83553,67.04366]]]},"properties":{"cell":"890c22d2e63ffff","res":9,"coarsened":false,"count":1,"hv":1,"mp":0,"y0":2020,"y1":2020,"sp":[[4,1,1,0,2020,2020]]}},{"type":"Feature","geometry":{"type":"Polygon","coordinates":[[[-158.81402,67.04486],[-158.81678,67.04332],[-158.81485,67.0417],[-158.81016,67.04161],[-158.8074,67.04315],[-158.80933,67.04477],[-158.81402,67.04486]]]},"properties":{"cell":"890c22d2e23ffff","res":9,"coarsened":false,"count":3,"hv":3,"mp":0,"y0":2020,"y1":2020,"sp":[[14,2,2,0,2020,2020],[5,1,1,0,2020,2020]]}},{"type":"Feature","geometry":{"type":"Polygon","coordinates":[[[-158.81319,67.04801],[-158.81595,67.04648],[-158.81402,67.04486],[-158.80933,67.04477],[-158.80657,67.04631],[-158.8085,67.04793],[-158.81319,67.04801]]]},"properties":{"cell":"890c22d2e33ffff","res":9,"coarsened":false,"count":3,"hv":3,"mp":0,"y0":2020,"y1":2020,"sp":[[4,1,1,0,2020,2020],[11,1,1,0,2020,2020],[13,1,1,0,2020,2020]]}},{"type":"Feature","geometry":{"type":"Polygon","coordinates":[[[-158.80079,67.04144],[-158.80354,67.0399],[-158.80162,67.03828],[-158.79693,67.0382],[-158.79417,67.03973],[-158.7961,67.04135],[-158.80079,67.04144]]]},"properties":{"cell":"890c22d2853ffff","res":9,"coarsened":false,"count":3,"hv":3,"mp":0,"y0":2020,"y1":2020,"sp":[[4,1,1,0,2020,2020],[5,1,1,0,2020,2020],[12,1,1,0,2020,2020]]}},{"type":"Feature","geometry":{"type":"Polygon","coordinates":[[[-158.78673,67.04118],[-158.78949,67.03965],[-158.78756,67.03802],[-158.78287,67.03794],[-158.78011,67.03947],[-158.78204,67.0411],[-158.78673,67.04118]]]},"properties":{"cell":"890c22d281bffff","res":9,"coarsened":false,"count":3,"hv":3,"mp":0,"y0":2020,"y1":2020,"sp":[[4,2,2,0,2020,2020],[5,1,1,0,2020,2020]]}},{"type":"Feature","geometry":{"type":"Polygon","coordinates":[[[-158.83635,67.0405],[-158.83911,67.03896],[-158.83718,67.03734],[-158.83249,67.03726],[-158.82973,67.03879],[-158.83166,67.04041],[-158.83635,67.0405]]]},"properties":{"cell":"890c22d2e6fffff","res":9,"coarsened":false,"count":1,"hv":1,"mp":0,"y0":2020,"y1":2020,"sp":[[6,1,1,0,2020,2020]]}},{"type":"Feature","geometry":{"type":"Polygon","coordinates":[[[-158.76112,67.03119],[-158.76388,67.02965],[-158.76195,67.02803],[-158.75727,67.02794],[-158.75451,67.02948],[-158.75643,67.0311],[-158.76112,67.03119]]]},"properties":{"cell":"890c22d2827ffff","res":9,"coarsened":false,"count":1,"hv":1,"mp":0,"y0":2020,"y1":2020,"sp":[[0,1,1,0,2020,2020]]}},{"type":"Feature","geometry":{"type":"Polygon","coordinates":[[[-158.74874,67.02461],[-158.7515,67.02308],[-158.74958,67.02146],[-158.7449,67.02137],[-158.74214,67.0229],[-158.74406,67.02453],[-158.74874,67.02461]]]},"properties":{"cell":"890c22d2947ffff","res":9,"coarsened":false,"count":9,"hv":9,"mp":0,"y0":2020,"y1":2020,"sp":[[10,3,3,0,2020,2020],[3,1,1,0,2020,2020],[4,1,1,0,2020,2020],[8,1,1,0,2020,2020],[9,1,1,0,2020,2020],[15,1,1,0,2020,2020],[16,1,1,0,2020,2020]]}},{"type":"Feature","geometry":{"type":"Polygon","coordinates":[[[-158.75618,67.02316],[-158.75894,67.02163],[-158.75702,67.02001],[-158.75234,67.01992],[-158.74958,67.02146],[-158.7515,67.02308],[-158.75618,67.02316]]]},"properties":{"cell":"890c22d294fffff","res":9,"coarsened":false,"count":2,"hv":2,"mp":0,"y0":2020,"y1":2025,"sp":[[7,1,1,0,2020,2020],[11,1,1,0,2025,2025]]}},{"type":"Feature","geometry":{"type":"Polygon","coordinates":[[[-158.77767,67.02197],[-158.78043,67.02044],[-158.7785,67.01882],[-158.77382,67.01873],[-158.77106,67.02027],[-158.77299,67.02189],[-158.77767,67.02197]]]},"properties":{"cell":"890c22d2b8fffff","res":9,"coarsened":false,"count":1,"hv":1,"mp":0,"y0":2020,"y1":2020,"sp":[[3,1,1,0,2020,2020]]}},{"type":"Feature","geometry":{"type":"Polygon","coordinates":[[[-158.72557,67.03211],[-158.72833,67.03058],[-158.72641,67.02896],[-158.72173,67.02887],[-158.71897,67.0304],[-158.72089,67.03203],[-158.72557,67.03211]]]},"properties":{"cell":"890c22d298fffff","res":9,"coarsened":false,"count":1,"hv":1,"mp":0,"y0":2020,"y1":2020,"sp":[[0,1,1,0,2020,2020]]}},{"type":"Feature","geometry":{"type":"Polygon","coordinates":[[[-158.71981,67.02725],[-158.72257,67.02571],[-158.72065,67.02409],[-158.71597,67.024],[-158.71321,67.02554],[-158.71513,67.02716],[-158.71981,67.02725]]]},"properties":{"cell":"890c22d29abffff","res":9,"coarsened":false,"count":1,"hv":1,"mp":0,"y0":2020,"y1":2020,"sp":[[3,1,1,0,2020,2020]]}},{"type":"Feature","geometry":{"type":"Polygon","coordinates":[[[-158.7694,67.02658],[-158.77215,67.02505],[-158.77023,67.02342],[-158.76555,67.02334],[-158.76279,67.02487],[-158.76471,67.0265],[-158.7694,67.02658]]]},"properties":{"cell":"890c22d2b97ffff","res":9,"coarsened":false,"count":1,"hv":1,"mp":0,"y0":2020,"y1":2020,"sp":[[11,1,1,0,2020,2020]]}},{"type":"Feature","geometry":{"type":"Polygon","coordinates":[[[-158.27262,67.11025],[-158.27542,67.10873],[-158.27352,67.1071],[-158.26883,67.107],[-158.26603,67.10852],[-158.26792,67.11015],[-158.27262,67.11025]]]},"properties":{"cell":"890c2665863ffff","res":9,"coarsened":false,"count":1,"hv":1,"mp":0,"y0":2020,"y1":2020,"sp":[[17,1,1,0,2020,2020]]}},{"type":"Feature","geometry":{"type":"Polygon","coordinates":[[[-158.27171,67.11341],[-158.27451,67.11188],[-158.27262,67.11025],[-158.26792,67.11015],[-158.26512,67.11168],[-158.26702,67.11331],[-158.27171,67.11341]]]},"properties":{"cell":"890c2665873ffff","res":9,"coarsened":false,"count":1,"hv":1,"mp":0,"y0":2020,"y1":2020,"sp":[[0,1,1,0,2020,2020]]}},{"type":"Feature","geometry":{"type":"Polygon","coordinates":[[[-158.52676,67.1902],[-158.52956,67.18867],[-158.52764,67.18704],[-158.52293,67.18695],[-158.52013,67.18848],[-158.52205,67.19011],[-158.52676,67.1902]]]},"properties":{"cell":"890c26619abffff","res":9,"coarsened":false,"count":3,"hv":3,"mp":0,"y0":2021,"y1":2021,"sp":[[18,1,1,0,2021,2021],[6,1,1,0,2021,2021],[19,1,1,0,2021,2021]]}},{"type":"Feature","geometry":{"type":"Polygon","coordinates":[[[-159.192,67.17518],[-159.19475,67.17364],[-159.19278,67.17202],[-159.18805,67.17194],[-159.1853,67.17349],[-159.18727,67.17511],[-159.192,67.17518]]]},"properties":{"cell":"890c35a608bffff","res":9,"coarsened":false,"count":1,"hv":1,"mp":0,"y0":2021,"y1":2021,"sp":[[3,1,1,0,2021,2021]]}},{"type":"Feature","geometry":{"type":"Polygon","coordinates":[[[-159.68309,67.11072],[-159.68581,67.10916],[-159.6838,67.10755],[-159.67908,67.10749],[-159.67637,67.10904],[-159.67838,67.11066],[-159.68309,67.11072]]]},"properties":{"cell":"890c35af4a3ffff","res":9,"coarsened":false,"count":1,"hv":1,"mp":0,"y0":2021,"y1":2021,"sp":[[3,1,1,0,2021,2021]]}},{"type":"Feature","geometry":{"type":"Polygon","coordinates":[[[-159.08616,67.17187],[-159.08892,67.17033],[-159.08695,67.16871],[-159.08223,67.16863],[-159.07948,67.17017],[-159.08144,67.17179],[-159.08616,67.17187]]]},"properties":{"cell":"890c266928fffff","res":9,"coarsened":false,"count":3,"hv":3,"mp":0,"y0":2021,"y1":2021,"sp":[[20,1,1,0,2021,2021],[21,1,1,0,2021,2021],[22,1,1,0,2021,2021]]}},{"type":"Feature","geometry":{"type":"Polygon","coordinates":[[[-159.45162,67.16003],[-159.45436,67.15848],[-159.45236,67.15686],[-159.44764,67.1568],[-159.44491,67.15835],[-159.4469,67.15996],[-159.45162,67.16003]]]},"properties":{"cell":"890c35a0d0bffff","res":9,"coarsened":false,"count":3,"hv":3,"mp":0,"y0":2021,"y1":2021,"sp":[[23,1,1,0,2021,2021],[24,1,1,0,2021,2021],[25,1,1,0,2021,2021]]}},{"type":"Feature","geometry":{"type":"Polygon","coordinates":[[[-159.5946,67.12545],[-159.59732,67.1239],[-159.59532,67.12229],[-159.5906,67.12222],[-159.58788,67.12378],[-159.58988,67.12539],[-159.5946,67.12545]]]},"properties":{"cell":"890c35a193bffff","res":9,"coarsened":false,"count":1,"hv":1,"mp":0,"y0":2021,"y1":2021,"sp":[[26,1,1,0,2021,2021]]}},{"type":"Feature","geometry":{"type":"Polygon","coordinates":[[[-158.60239,67.19965],[-158.60518,67.19812],[-158.60326,67.19649],[-158.59854,67.1964],[-158.59575,67.19793],[-158.59767,67.19956],[-158.60239,67.19965]]]},"properties":{"cell":"890c2661847ffff","res":9,"coarsened":false,"count":4,"hv":4,"mp":0,"y0":2021,"y1":2021,"sp":[[18,2,2,0,2021,2021],[23,1,1,0,2021,2021],[9,1,1,0,2021,2021]]}},{"type":"Feature","geometry":{"type":"Polygon","coordinates":[[[-159.02341,67.13904],[-159.02616,67.1375],[-159.02421,67.13588],[-159.0195,67.1358],[-159.01674,67.13734],[-159.0187,67.13896],[-159.02341,67.13904]]]},"properties":{"cell":"890c2669e4fffff","res":9,"coarsened":false,"count":5,"hv":5,"mp":0,"y0":2021,"y1":2021,"sp":[[18,2,2,0,2021,2021],[19,1,1,0,2021,2021],[13,1,1,0,2021,2021],[27,1,1,0,2021,2021]]}},{"type":"Feature","geometry":{"type":"Polygon","coordinates":[[[-158.8797,67.17308],[-158.88247,67.17154],[-158.88052,67.16992],[-158.87581,67.16983],[-158.87304,67.17137],[-158.87498,67.17299],[-158.8797,67.17308]]]},"properties":{"cell":"890c2668397ffff","res":9,"coarsened":false,"count":1,"hv":1,"mp":0,"y0":2021,"y1":2021,"sp":[[28,1,1,0,2021,2021]]}},{"type":"Feature","geometry":{"type":"Polygon","coordinates":[[[-158.8438,67.03905],[-158.84655,67.03751],[-158.84462,67.03589],[-158.83993,67.0358],[-158.83718,67.03734],[-158.83911,67.03896],[-158.8438,67.03905]]]},"properties":{"cell":"890c22d2ad3ffff","res":9,"coarsened":false,"count":1,"hv":1,"mp":0,"y0":2021,"y1":2021,"sp":[[3,1,1,0,2021,2021]]}},{"type":"Feature","geometry":{"type":"Polygon","coordinates":[[[-158.84297,67.04221],[-158.84573,67.04067],[-158.8438,67.03905],[-158.83911,67.03896],[-158.83635,67.0405],[-158.83828,67.04212],[-158.84297,67.04221]]]},"properties":{"cell":"890c22d2e6bffff","res":9,"coarsened":false,"count":1,"hv":1,"mp":0,"y0":2021,"y1":2021,"sp":[[1,1,1,0,2021,2021]]}},{"type":"Feature","geometry":{"type":"Polygon","coordinates":[[[-158.78682,66.98724],[-158.78957,66.98571],[-158.78765,66.98408],[-158.78298,66.984],[-158.78022,66.98553],[-158.78214,66.98716],[-158.78682,66.98724]]]},"properties":{"cell":"890c22d0d2bffff","res":9,"coarsened":false,"count":1,"hv":1,"mp":0,"y0":2019,"y1":2019,"sp":[[1,1,1,0,2019,2019]]}},{"type":"Feature","geometry":{"type":"Polygon","coordinates":[[[-158.91748,67.05464],[-158.92024,67.0531],[-158.9183,67.05148],[-158.91361,67.0514],[-158.91085,67.05294],[-158.91279,67.05456],[-158.91748,67.05464]]]},"properties":{"cell":"890c22d0417ffff","res":9,"coarsened":false,"count":1,"hv":1,"mp":0,"y0":2024,"y1":2024,"sp":[[0,1,1,0,2024,2024]]}},{"type":"Feature","geometry":{"type":"Polygon","coordinates":[[[-158.62405,67.19849],[-158.62684,67.19695],[-158.62491,67.19533],[-158.6202,67.19523],[-158.61741,67.19677],[-158.61933,67.1984],[-158.62405,67.19849]]]},"properties":{"cell":"890c2661a87ffff","res":9,"coarsened":false,"count":1,"hv":1,"mp":0,"y0":2025,"y1":2025,"sp":[[11,1,1,0,2025,2025]]}},{"type":"Feature","geometry":{"type":"Polygon","coordinates":[[[-159.19757,67.35501],[-159.20034,67.35346],[-159.19836,67.35184],[-159.19359,67.35176],[-159.19082,67.35331],[-159.19281,67.35493],[-159.19757,67.35501]]]},"properties":{"cell":"890c264d90fffff","res":9,"coarsened":false,"count":1,"hv":1,"mp":0,"y0":2025,"y1":2025,"sp":[[29,1,1,0,2025,2025]]}},{"type":"Feature","geometry":{"type":"Polygon","coordinates":[[[-159.10743,67.3997],[-159.11022,67.39816],[-159.10823,67.39653],[-159.10346,67.39645],[-159.10068,67.398],[-159.10266,67.39962],[-159.10743,67.3997]]]},"properties":{"cell":"890c264cc43ffff","res":9,"coarsened":false,"count":1,"hv":1,"mp":0,"y0":2025,"y1":2025,"sp":[[29,1,1,0,2025,2025]]}},{"type":"Feature","geometry":{"type":"Polygon","coordinates":[[[-159.15383,67.18569],[-159.15659,67.18415],[-159.15462,67.18253],[-159.14989,67.18245],[-159.14714,67.184],[-159.14911,67.18562],[-159.15383,67.18569]]]},"properties":{"cell":"890c35a65c3ffff","res":9,"coarsened":false,"count":1,"hv":1,"mp":0,"y0":2025,"y1":2025,"sp":[[25,1,1,0,2025,2025]]}},{"type":"Feature","geometry":{"type":"Polygon","coordinates":[[[-158.2708,67.11656],[-158.2736,67.11504],[-158.27171,67.11341],[-158.26702,67.11331],[-158.26422,67.11483],[-158.26611,67.11646],[-158.2708,67.11656]]]},"properties":{"cell":"890c266580bffff","res":9,"coarsened":false,"count":1,"hv":1,"mp":0,"y0":2022,"y1":2022,"sp":[[30,1,1,0,2022,2022]]}},{"type":"Feature","geometry":{"type":"Polygon","coordinates":[[[-158.54997,67.1319],[-158.55275,67.13037],[-158.55083,67.12874],[-158.54613,67.12865],[-158.54335,67.13018],[-158.54526,67.1318],[-158.54997,67.1319]]]},"properties":{"cell":"890c266c483ffff","res":9,"coarsened":false,"count":1,"hv":1,"mp":0,"y0":null,"y1":null,"sp":[[31,1,1,0,null,null]]}},{"type":"Feature","geometry":{"type":"Polygon","coordinates":[[[-159.52879,67.07213],[-159.53151,67.07058],[-159.52952,67.06897],[-159.52481,67.0689],[-159.5221,67.07045],[-159.52408,67.07207],[-159.52879,67.07213]]]},"properties":{"cell":"890c35aeed3ffff","res":9,"coarsened":false,"count":1,"hv":1,"mp":0,"y0":null,"y1":null,"sp":[[32,1,1,0,null,null]]}},{"type":"Feature","geometry":{"type":"Polygon","coordinates":[[[-158.61868,67.06181],[-158.62146,67.06028],[-158.61954,67.05865],[-158.61485,67.05856],[-158.61208,67.0601],[-158.614,67.06172],[-158.61868,67.06181]]]},"properties":{"cell":"890c266dc2bffff","res":9,"coarsened":false,"count":1,"hv":1,"mp":0,"y0":null,"y1":null,"sp":[[31,1,1,0,null,null]]}},{"type":"Feature","geometry":{"type":"Polygon","coordinates":[[[-158.2656,67.0609],[-158.26839,67.05938],[-158.2665,67.05775],[-158.26182,67.05765],[-158.25903,67.05917],[-158.26092,67.0608],[-158.2656,67.0609]]]},"properties":{"cell":"890c229b197ffff","res":9,"coarsened":false,"count":1,"hv":1,"mp":0,"y0":null,"y1":null,"sp":[[31,1,1,0,null,null]]}},{"type":"Feature","geometry":{"type":"Polygon","coordinates":[[[-157.96871,66.92102],[-157.97151,66.9195],[-157.96965,66.91787],[-157.96501,66.91776],[-157.96222,66.91928],[-157.96407,66.92091],[-157.96871,66.92102]]]},"properties":{"cell":"890c2280207ffff","res":9,"coarsened":false,"count":2,"hv":2,"mp":0,"y0":null,"y1":null,"sp":[[33,2,2,0,null,null]]}},{"type":"Feature","geometry":{"type":"Polygon","coordinates":[[[-158.42967,67.13104],[-158.43246,67.12951],[-158.43056,67.12789],[-158.42586,67.12779],[-158.42306,67.12932],[-158.42497,67.13095],[-158.42967,67.13104]]]},"properties":{"cell":"890c266ec43ffff","res":9,"coarsened":false,"count":3,"hv":3,"mp":0,"y0":null,"y1":null,"sp":[[31,3,3,0,null,null]]}},{"type":"Feature","geometry":{"type":"Polygon","coordinates":[[[-158.34966,67.26282],[-158.35248,67.26129],[-158.35057,67.25966],[-158.34584,67.25956],[-158.34303,67.26109],[-158.34494,67.26272],[-158.34966,67.26282]]]},"properties":{"cell":"890c26628afffff","res":9,"coarsened":false,"count":1,"hv":1,"mp":0,"y0":null,"y1":null,"sp":[[32,1,1,0,null,null]]}},{"type":"Feature","geometry":{"type":"Polygon","coordinates":[[[-158.61208,67.0601],[-158.61485,67.05856],[-158.61294,67.05694],[-158.60825,67.05685],[-158.60548,67.05838],[-158.6074,67.06],[-158.61208,67.0601]]]},"properties":{"cell":"890c266dc2fffff","res":9,"coarsened":false,"count":1,"hv":1,"mp":0,"y0":null,"y1":null,"sp":[[34,1,1,0,null,null]]}},{"type":"Feature","geometry":{"type":"Polygon","coordinates":[[[-159.47023,67.14122],[-159.47296,67.13967],[-159.47097,67.13806],[-159.46625,67.13799],[-159.46352,67.13954],[-159.46551,67.14116],[-159.47023,67.14122]]]},"properties":{"cell":"890c35a0953ffff","res":9,"coarsened":false,"count":1,"hv":1,"mp":0,"y0":null,"y1":null,"sp":[[32,1,1,0,null,null]]}},{"type":"Feature","geometry":{"type":"Polygon","coordinates":[[[-159.63506,67.07197],[-159.63777,67.07041],[-159.63578,67.0688],[-159.63107,67.06874],[-159.62836,67.07029],[-159.63036,67.07191],[-159.63506,67.07197]]]},"properties":{"cell":"890c35ac4dbffff","res":9,"coarsened":false,"count":1,"hv":1,"mp":0,"y0":null,"y1":null,"sp":[[33,1,1,0,null,null]]}},{"type":"Feature","geometry":{"type":"Polygon","coordinates":[[[-159.50055,67.07174],[-159.50327,67.07019],[-159.50129,67.06858],[-159.49658,67.06851],[-159.49386,67.07006],[-159.49585,67.07168],[-159.50055,67.07174]]]},"properties":{"cell":"890c35aee97ffff","res":9,"coarsened":false,"count":1,"hv":1,"mp":0,"y0":null,"y1":null,"sp":[[34,1,1,0,null,null]]}},{"type":"Feature","geometry":{"type":"Polygon","coordinates":[[[-158.49238,67.26261],[-158.49518,67.26108],[-158.49326,67.25945],[-158.48853,67.25936],[-158.48573,67.26089],[-158.48765,67.26252],[-158.49238,67.26261]]]},"properties":{"cell":"890c266054fffff","res":9,"coarsened":false,"count":2,"hv":2,"mp":0,"y0":null,"y1":null,"sp":[[32,2,2,0,null,null]]}},{"type":"Feature","geometry":{"type":"Polygon","coordinates":[[[-158.56904,67.06243],[-158.57181,67.06089],[-158.5699,67.05927],[-158.56522,67.05918],[-158.56244,67.06071],[-158.56435,67.06233],[-158.56904,67.06243]]]},"properties":{"cell":"890c266dd8fffff","res":9,"coarsened":false,"count":1,"hv":1,"mp":0,"y0":null,"y1":null,"sp":[[31,1,1,0,null,null]]}},{"type":"Feature","geometry":{"type":"Polygon","coordinates":[[[-158.47196,67.13191],[-158.47475,67.13038],[-158.47285,67.12875],[-158.46815,67.12866],[-158.46536,67.13019],[-158.46726,67.13182],[-158.47196,67.13191]]]},"properties":{"cell":"890c266eed3ffff","res":9,"coarsened":false,"count":4,"hv":4,"mp":0,"y0":null,"y1":null,"sp":[[26,4,4,0,null,null]]}},{"type":"Feature","geometry":{"type":"Polygon","coordinates":[[[-159.51296,67.20223],[-159.51569,67.20068],[-159.51369,67.19906],[-159.50896,67.199],[-159.50622,67.20055],[-159.50822,67.20217],[-159.51296,67.20223]]]},"properties":{"cell":"890c35a0537ffff","res":9,"coarsened":false,"count":1,"hv":1,"mp":0,"y0":null,"y1":null,"sp":[[32,1,1,0,null,null]]}},{"type":"Feature","geometry":{"type":"Polygon","coordinates":[[[-159.56304,67.20133],[-159.56577,67.19978],[-159.56376,67.19816],[-159.55903,67.1981],[-159.5563,67.19965],[-159.5583,67.20127],[-159.56304,67.20133]]]},"properties":{"cell":"890c35a00b3ffff","res":9,"coarsened":false,"count":1,"hv":1,"mp":0,"y0":null,"y1":null,"sp":[[32,1,1,0,null,null]]}},{"type":"Feature","geometry":{"type":"Polygon","coordinates":[[[-158.48469,67.06074],[-158.48747,67.05921],[-158.48557,67.05758],[-158.48088,67.05749],[-158.4781,67.05902],[-158.48001,67.06064],[-158.48469,67.06074]]]},"properties":{"cell":"890c266c8c7ffff","res":9,"coarsened":false,"count":2,"hv":2,"mp":0,"y0":null,"y1":null,"sp":[[32,1,1,0,null,null],[29,1,1,0,null,null]]}},{"type":"Feature","geometry":{"type":"Polygon","coordinates":[[[-157.9334,66.92177],[-157.9362,66.92025],[-157.93435,66.91862],[-157.9297,66.91851],[-157.92691,66.92003],[-157.92876,66.92166],[-157.9334,66.92177]]]},"properties":{"cell":"890c228006fffff","res":9,"coarsened":false,"count":1,"hv":1,"mp":0,"y0":null,"y1":null,"sp":[[31,1,1,0,null,null]]}},{"type":"Feature","geometry":{"type":"Polygon","coordinates":[[[-158.54335,67.13018],[-158.54613,67.12865],[-158.54422,67.12702],[-158.53952,67.12693],[-158.53673,67.12846],[-158.53865,67.13008],[-158.54335,67.13018]]]},"properties":{"cell":"890c266c487ffff","res":9,"coarsened":false,"count":2,"hv":2,"mp":0,"y0":null,"y1":null,"sp":[[32,2,2,0,null,null]]}},{"type":"Feature","geometry":{"type":"Polygon","coordinates":[[[-158.20991,67.13111],[-158.21271,67.12958],[-158.21082,67.12795],[-158.20613,67.12785],[-158.20332,67.12937],[-158.20521,67.131],[-158.20991,67.13111]]]},"properties":{"cell":"890c2665d13ffff","res":9,"coarsened":false,"count":2,"hv":2,"mp":0,"y0":null,"y1":null,"sp":[[32,2,2,0,null,null]]}},{"type":"Feature","geometry":{"type":"Polygon","coordinates":[[[-159.20957,67.13256],[-159.21232,67.13101],[-159.21035,67.12939],[-159.20564,67.12932],[-159.20289,67.13086],[-159.20486,67.13248],[-159.20957,67.13256]]]},"properties":{"cell":"890c35a45d7ffff","res":9,"coarsened":false,"count":2,"hv":2,"mp":0,"y0":null,"y1":null,"sp":[[26,2,2,0,null,null]]}},{"type":"Feature","geometry":{"type":"Polygon","coordinates":[[[-158.67572,67.19154],[-158.67851,67.19001],[-158.67658,67.18838],[-158.67186,67.18829],[-158.66908,67.18983],[-158.67101,67.19145],[-158.67572,67.19154]]]},"properties":{"cell":"890c266a997ffff","res":9,"coarsened":false,"count":1,"hv":1,"mp":0,"y0":null,"y1":null,"sp":[[32,1,1,0,null,null]]}},{"type":"Feature","geometry":{"type":"Polygon","coordinates":[[[-159.56445,67.07103],[-159.56717,67.06948],[-159.56518,67.06786],[-159.56047,67.0678],[-159.55775,67.06935],[-159.55975,67.07097],[-159.56445,67.07103]]]},"properties":{"cell":"890c35ae30fffff","res":9,"coarsened":false,"count":1,"hv":1,"mp":0,"y0":null,"y1":null,"sp":[[33,1,1,0,null,null]]}},{"type":"Feature","geometry":{"type":"Polygon","coordinates":[[[-158.72014,67.13202],[-158.72291,67.13049],[-158.72098,67.12886],[-158.71628,67.12877],[-158.7135,67.13031],[-158.71543,67.13193],[-158.72014,67.13202]]]},"properties":{"cell":"890c266f27bffff","res":9,"coarsened":false,"count":1,"hv":1,"mp":0,"y0":null,"y1":null,"sp":[[34,1,1,0,null,null]]}},{"type":"Feature","geometry":{"type":"Polygon","coordinates":[[[-158.12318,66.99272],[-158.12597,66.9912],[-158.1241,66.98957],[-158.11944,66.98947],[-158.11665,66.99099],[-158.11851,66.99262],[-158.12318,66.99272]]]},"properties":{"cell":"890c2298ca7ffff","res":9,"coarsened":false,"count":1,"hv":1,"mp":0,"y0":null,"y1":null,"sp":[[33,1,1,0,null,null]]}},{"type":"Feature","geometry":{"type":"Polygon","coordinates":[[[-157.8916,66.92077],[-157.8944,66.91926],[-157.89256,66.91763],[-157.88791,66.91752],[-157.88511,66.91903],[-157.88696,66.92066],[-157.8916,66.92077]]]},"properties":{"cell":"890c2280157ffff","res":9,"coarsened":false,"count":1,"hv":1,"mp":0,"y0":null,"y1":null,"sp":[[32,1,1,0,null,null]]}},{"type":"Feature","geometry":{"type":"Polygon","coordinates":[[[-159.45829,67.13152],[-159.46102,67.12997],[-159.45903,67.12835],[-159.45432,67.12829],[-159.45159,67.12984],[-159.45358,67.13145],[-159.45829,67.13152]]]},"properties":{"cell":"890c35a0963ffff","res":9,"coarsened":false,"count":1,"hv":1,"mp":0,"y0":null,"y1":null,"sp":[[32,1,1,0,null,null]]}},{"type":"Feature","geometry":{"type":"Polygon","coordinates":[[[-158.55907,67.20197],[-158.56186,67.20044],[-158.55994,67.19881],[-158.55523,67.19872],[-158.55243,67.20025],[-158.55435,67.20188],[-158.55907,67.20197]]]},"properties":{"cell":"890c26618a7ffff","res":9,"coarsened":false,"count":1,"hv":1,"mp":0,"y0":null,"y1":null,"sp":[[31,1,1,0,null,null]]}},{"type":"Feature","geometry":{"type":"Polygon","coordinates":[[[-157.95194,66.93013],[-157.95474,66.92861],[-157.95289,66.92698],[-157.94824,66.92687],[-157.94544,66.92839],[-157.94729,66.93002],[-157.95194,66.93013]]]},"properties":{"cell":"890c228004bffff","res":9,"coarsened":false,"count":1,"hv":1,"mp":0,"y0":null,"y1":null,"sp":[[31,1,1,0,null,null]]}},{"type":"Feature","geometry":{"type":"Polygon","coordinates":[[[-158.22399,67.13142],[-158.2268,67.12989],[-158.22491,67.12826],[-158.22021,67.12816],[-158.21741,67.12968],[-158.2193,67.13131],[-158.22399,67.13142]]]},"properties":{"cell":"890c2665dcfffff","res":9,"coarsened":false,"count":1,"hv":1,"mp":0,"y0":null,"y1":null,"sp":[[32,1,1,0,null,null]]}},{"type":"Feature","geometry":{"type":"Polygon","coordinates":[[[-158.90061,67.20206],[-158.90338,67.20052],[-158.90143,67.19889],[-158.89671,67.19881],[-158.89393,67.20035],[-158.89588,67.20197],[-158.90061,67.20206]]]},"properties":{"cell":"890c266847bffff","res":9,"coarsened":false,"count":1,"hv":1,"mp":0,"y0":null,"y1":null,"sp":[[32,1,1,0,null,null]]}},{"type":"Feature","geometry":{"type":"Polygon","coordinates":[[[-158.49496,67.20227],[-158.49776,67.20074],[-158.49584,67.19911],[-158.49113,67.19902],[-158.48833,67.20055],[-158.49025,67.20218],[-158.49496,67.20227]]]},"properties":{"cell":"890c2660a1bffff","res":9,"coarsened":false,"count":1,"hv":1,"mp":0,"y0":null,"y1":null,"sp":[[32,1,1,0,null,null]]}},{"type":"Feature","geometry":{"type":"Polygon","coordinates":[[[-158.61388,67.13157],[-158.61666,67.13004],[-158.61474,67.12841],[-158.61003,67.12832],[-158.60725,67.12985],[-158.60917,67.13148],[-158.61388,67.13157]]]},"properties":{"cell":"890c266f173ffff","res":9,"coarsened":false,"count":2,"hv":2,"mp":0,"y0":null,"y1":null,"sp":[[31,1,1,0,null,null],[32,1,1,0,null,null]]}},{"type":"Feature","geometry":{"type":"Polygon","coordinates":[[[-159.48455,67.20183],[-159.48729,67.20028],[-159.48529,67.19866],[-159.48056,67.1986],[-159.47782,67.20015],[-159.47982,67.20177],[-159.48455,67.20183]]]},"properties":{"cell":"890c35a2a8bffff","res":9,"coarsened":false,"count":1,"hv":1,"mp":0,"y0":null,"y1":null,"sp":[[33,1,1,0,null,null]]}},{"type":"Feature","geometry":{"type":"Polygon","coordinates":[[[-158.47945,67.13048],[-158.48224,67.12895],[-158.48033,67.12732],[-158.47564,67.12722],[-158.47285,67.12875],[-158.47475,67.13038],[-158.47945,67.13048]]]},"properties":{"cell":"890c266eedbffff","res":9,"coarsened":false,"count":4,"hv":4,"mp":0,"y0":null,"y1":null,"sp":[[26,3,3,0,null,null],[34,1,1,0,null,null]]}},{"type":"Feature","geometry":{"type":"Polygon","coordinates":[[[-158.5141,67.26147],[-158.5169,67.25993],[-158.51498,67.2583],[-158.51025,67.25821],[-158.50745,67.25974],[-158.50937,67.26137],[-158.5141,67.26147]]]},"properties":{"cell":"890c266008fffff","res":9,"coarsened":false,"count":1,"hv":1,"mp":0,"y0":null,"y1":null,"sp":[[32,1,1,0,null,null]]}},{"type":"Feature","geometry":{"type":"Polygon","coordinates":[[[-159.45615,67.20143],[-159.45889,67.19988],[-159.4569,67.19826],[-159.45217,67.19819],[-159.44943,67.19974],[-159.45142,67.20136],[-159.45615,67.20143]]]},"properties":{"cell":"890c35a284fffff","res":9,"coarsened":false,"count":1,"hv":1,"mp":0,"y0":null,"y1":null,"sp":[[32,1,1,0,null,null]]}},{"type":"Feature","geometry":{"type":"Polygon","coordinates":[[[-159.32092,67.20103],[-159.32367,67.19948],[-159.32168,67.19786],[-159.31695,67.19779],[-159.31421,67.19934],[-159.31619,67.20096],[-159.32092,67.20103]]]},"properties":{"cell":"890c35b5a33ffff","res":9,"coarsened":false,"count":1,"hv":1,"mp":0,"y0":null,"y1":null,"sp":[[32,1,1,0,null,null]]}},{"type":"Feature","geometry":{"type":"Polygon","coordinates":[[[-159.67073,67.07084],[-159.67344,67.06929],[-159.67144,67.06767],[-159.66673,67.06761],[-159.66402,67.06917],[-159.66602,67.07078],[-159.67073,67.07084]]]},"properties":{"cell":"890c35af173ffff","res":9,"coarsened":false,"count":1,"hv":1,"mp":0,"y0":null,"y1":null,"sp":[[32,1,1,0,null,null]]}},{"type":"Feature","geometry":{"type":"Polygon","coordinates":[[[-159.59269,67.07141],[-159.59541,67.06986],[-159.59341,67.06824],[-159.58871,67.06818],[-159.58599,67.06973],[-159.58799,67.07135],[-159.59269,67.07141]]]},"properties":{"cell":"890c35ae34bffff","res":9,"coarsened":false,"count":1,"hv":1,"mp":0,"y0":null,"y1":null,"sp":[[31,1,1,0,null,null]]}},{"type":"Feature","geometry":{"type":"Polygon","coordinates":[[[-158.25155,67.0606],[-158.25435,67.05907],[-158.25246,67.05744],[-158.24778,67.05734],[-158.24499,67.05887],[-158.24687,67.0605],[-158.25155,67.0606]]]},"properties":{"cell":"890c229a243ffff","res":9,"coarsened":false,"count":1,"hv":1,"mp":0,"y0":null,"y1":null,"sp":[[31,1,1,0,null,null]]}},{"type":"Feature","geometry":{"type":"Polygon","coordinates":[[[-158.71054,67.06198],[-158.7133,67.06045],[-158.71138,67.05883],[-158.70669,67.05874],[-158.70393,67.06027],[-158.70585,67.0619],[-158.71054,67.06198]]]},"properties":{"cell":"890c266d32fffff","res":9,"coarsened":false,"count":1,"hv":1,"mp":0,"y0":null,"y1":null,"sp":[[31,1,1,0,null,null]]}},{"type":"Feature","geometry":{"type":"Polygon","coordinates":[[[-158.04304,66.93067],[-158.04583,66.92914],[-158.04398,66.92752],[-158.03933,66.92741],[-158.03654,66.92893],[-158.03839,66.93056],[-158.04304,66.93067]]]},"properties":{"cell":"890c228154fffff","res":9,"coarsened":false,"count":1,"hv":1,"mp":0,"y0":null,"y1":null,"sp":[[35,1,1,0,null,null]]}},{"type":"Feature","geometry":{"type":"Polygon","coordinates":[[[-159.69898,67.0712],[-159.70169,67.06965],[-159.69969,67.06803],[-159.69498,67.06797],[-159.69227,67.06953],[-159.69428,67.07114],[-159.69898,67.0712]]]},"properties":{"cell":"890c35af387ffff","res":9,"coarsened":false,"count":1,"hv":1,"mp":0,"y0":null,"y1":null,"sp":[[32,1,1,0,null,null]]}},{"type":"Feature","geometry":{"type":"Polygon","coordinates":[[[-158.70602,67.13176],[-158.7088,67.13022],[-158.70687,67.12859],[-158.70217,67.12851],[-158.69939,67.13004],[-158.70132,67.13167],[-158.70602,67.13176]]]},"properties":{"cell":"890c266f277ffff","res":9,"coarsened":false,"count":1,"hv":1,"mp":0,"y0":null,"y1":null,"sp":[[33,1,1,0,null,null]]}},{"type":"Feature","geometry":{"type":"Polygon","coordinates":[[[-159.29254,67.2006],[-159.29529,67.19905],[-159.29331,67.19743],[-159.28858,67.19736],[-159.28583,67.1989],[-159.28781,67.20052],[-159.29254,67.2006]]]},"properties":{"cell":"890c35b5bd7ffff","res":9,"coarsened":false,"count":1,"hv":1,"mp":0,"y0":null,"y1":null,"sp":[[33,1,1,0,null,null]]}},{"type":"Feature","geometry":{"type":"Polygon","coordinates":[[[-159.17157,67.20029],[-159.17432,67.19874],[-159.17235,67.19712],[-159.16762,67.19704],[-159.16487,67.19859],[-159.16684,67.20021],[-159.17157,67.20029]]]},"properties":{"cell":"890c35a6497ffff","res":9,"coarsened":false,"count":1,"hv":1,"mp":0,"y0":null,"y1":null,"sp":[[33,1,1,0,null,null]]}},{"type":"Feature","geometry":{"type":"Polygon","coordinates":[[[-158.34303,67.26109],[-158.34584,67.25956],[-158.34393,67.25793],[-158.3392,67.25783],[-158.33639,67.25936],[-158.3383,67.26099],[-158.34303,67.26109]]]},"properties":{"cell":"890c26629dbffff","res":9,"coarsened":false,"count":1,"hv":1,"mp":0,"y0":null,"y1":null,"sp":[[32,1,1,0,null,null]]}},{"type":"Feature","geometry":{"type":"Polygon","coordinates":[[[-158.93277,67.13271],[-158.93553,67.13117],[-158.93359,67.12955],[-158.92888,67.12947],[-158.92612,67.13101],[-158.92806,67.13263],[-158.93277,67.13271]]]},"properties":{"cell":"890c26698a3ffff","res":9,"coarsened":false,"count":1,"hv":1,"mp":0,"y0":null,"y1":null,"sp":[[32,1,1,0,null,null]]}},{"type":"Feature","geometry":{"type":"Polygon","coordinates":[[[-157.91947,66.92144],[-157.92226,66.91992],[-157.92042,66.91829],[-157.91577,66.91818],[-157.91298,66.9197],[-157.91482,66.92133],[-157.91947,66.92144]]]},"properties":{"cell":"890c2280393ffff","res":9,"coarsened":false,"count":1,"hv":1,"mp":0,"y0":null,"y1":null,"sp":[[33,1,1,0,null,null]]}},{"type":"Feature","geometry":{"type":"Polygon","coordinates":[[[-158.43564,67.26145],[-158.43845,67.25991],[-158.43653,67.25829],[-158.43181,67.25819],[-158.429,67.25972],[-158.43091,67.26135],[-158.43564,67.26145]]]},"properties":{"cell":"890c2662ac3ffff","res":9,"coarsened":false,"count":1,"hv":1,"mp":0,"y0":null,"y1":null,"sp":[[32,1,1,0,null,null]]}},{"type":"Feature","geometry":{"type":"Polygon","coordinates":[[[-159.59099,67.1413],[-159.59371,67.13975],[-159.59171,67.13813],[-159.58699,67.13807],[-159.58427,67.13962],[-159.58627,67.14124],[-159.59099,67.1413]]]},"properties":{"cell":"890c35a1993ffff","res":9,"coarsened":false,"count":1,"hv":1,"mp":0,"y0":null,"y1":null,"sp":[[32,1,1,0,null,null]]}},{"type":"Feature","geometry":{"type":"Polygon","coordinates":[[[-158.75584,67.1311],[-158.75862,67.12957],[-158.75668,67.12794],[-158.75198,67.12785],[-158.74921,67.12939],[-158.75114,67.13102],[-158.75584,67.1311]]]},"properties":{"cell":"890c2668913ffff","res":9,"coarsened":false,"count":1,"hv":1,"mp":0,"y0":null,"y1":null,"sp":[[31,1,1,0,null,null]]}},{"type":"Feature","geometry":{"type":"Polygon","coordinates":[[[-159.19994,67.20074],[-159.20269,67.19919],[-159.20071,67.19757],[-159.19599,67.1975],[-159.19323,67.19904],[-159.19521,67.20067],[-159.19994,67.20074]]]},"properties":{"cell":"890c35a64d3ffff","res":9,"coarsened":false,"count":1,"hv":1,"mp":0,"y0":null,"y1":null,"sp":[[32,1,1,0,null,null]]}},{"type":"Feature","geometry":{"type":"Polygon","coordinates":[[[-158.73425,67.13229],[-158.73702,67.13075],[-158.73509,67.12913],[-158.73039,67.12904],[-158.72761,67.13057],[-158.72954,67.1322],[-158.73425,67.13229]]]},"properties":{"cell":"890c26689b3ffff","res":9,"coarsened":false,"count":1,"hv":1,"mp":0,"y0":null,"y1":null,"sp":[[31,1,1,0,null,null]]}},{"type":"Feature","geometry":{"type":"Polygon","coordinates":[[[-159.49424,67.19084],[-159.49697,67.18929],[-159.49497,67.18767],[-159.49024,67.1876],[-159.48751,67.18916],[-159.4895,67.19077],[-159.49424,67.19084]]]},"properties":{"cell":"890c35a2a73ffff","res":9,"coarsened":false,"count":1,"hv":1,"mp":0,"y0":null,"y1":null,"sp":[[32,1,1,0,null,null]]}},{"type":"Feature","geometry":{"type":"Polygon","coordinates":[[[-159.55521,67.1424],[-159.55794,67.14085],[-159.55594,67.13924],[-159.55122,67.13917],[-159.54849,67.14072],[-159.55049,67.14234],[-159.55521,67.1424]]]},"properties":{"cell":"890c35a0a1bffff","res":9,"coarsened":false,"count":1,"hv":1,"mp":0,"y0":null,"y1":null,"sp":[[23,1,1,0,null,null]]}},{"type":"Feature","geometry":{"type":"Polygon","coordinates":[[[-158.073,67.52082],[-158.07587,67.5193],[-158.07396,67.51766],[-158.06918,67.51755],[-158.06632,67.51908],[-158.06823,67.52071],[-158.073,67.52082]]]},"properties":{"cell":"890c260e237ffff","res":9,"coarsened":false,"count":2,"hv":2,"mp":0,"y0":null,"y1":null,"sp":[[30,1,1,0,null,null],[36,1,1,0,null,null]]}},{"type":"Feature","geometry":{"type":"Polygon","coordinates":[[[-158.06154,67.511],[-158.06441,67.50947],[-158.0625,67.50784],[-158.05772,67.50773],[-158.05486,67.50925],[-158.05677,67.51089],[-158.06154,67.511]]]},"properties":{"cell":"890c260e347ffff","res":9,"coarsened":false,"count":11,"hv":11,"mp":0,"y0":null,"y1":null,"sp":[[36,3,3,0,null,null],[41,2,2,0,null,null],[43,2,2,0,null,null],[14,1,1,0,null,null],[38,1,1,0,null,null],[11,1,1,0,null,null],[44,1,1,0,null,null]]}},{"type":"Feature","geometry":{"type":"Polygon","coordinates":[[[-158.04245,67.50259],[-158.04531,67.50107],[-158.04341,67.49943],[-158.03864,67.49932],[-158.03577,67.50084],[-158.03768,67.50248],[-158.04245,67.50259]]]},"properties":{"cell":"890c260c593ffff","res":9,"coarsened":false,"count":6,"hv":6,"mp":0,"y0":null,"y1":null,"sp":[[37,2,2,0,null,null],[40,1,1,0,null,null],[41,1,1,0,null,null],[38,1,1,0,null,null],[42,1,1,0,null,null]]}},{"type":"Feature","geometry":{"type":"Polygon","coordinates":[[[-158.03957,67.51208],[-158.04244,67.51056],[-158.04053,67.50892],[-158.03576,67.50881],[-158.03289,67.51033],[-158.0348,67.51197],[-158.03957,67.51208]]]},"properties":{"cell":"890c260e307ffff","res":9,"coarsened":false,"count":6,"hv":6,"mp":0,"y0":null,"y1":null,"sp":[[38,2,2,0,null,null],[41,2,2,0,null,null],[42,1,1,0,null,null],[43,1,1,0,null,null]]}},{"type":"Feature","geometry":{"type":"Polygon","coordinates":[[[-158.03289,67.51033],[-158.03576,67.50881],[-158.03385,67.50717],[-158.02908,67.50706],[-158.02621,67.50858],[-158.02812,67.51022],[-158.03289,67.51033]]]},"properties":{"cell":"890c260e333ffff","res":9,"coarsened":false,"count":3,"hv":3,"mp":0,"y0":null,"y1":null,"sp":[[44,2,2,0,null,null],[39,1,1,0,null,null]]}},{"type":"Feature","geometry":{"type":"Polygon","coordinates":[[[-158.07587,67.51133],[-158.07873,67.50981],[-158.07682,67.50817],[-158.07204,67.50806],[-158.06918,67.50959],[-158.07109,67.51122],[-158.07587,67.51133]]]},"properties":{"cell":"890c260e34bffff","res":9,"coarsened":false,"count":8,"hv":8,"mp":0,"y0":null,"y1":null,"sp":[[40,2,2,0,null,null],[41,1,1,0,null,null],[38,1,1,0,null,null],[11,1,1,0,null,null],[44,1,1,0,null,null],[43,1,1,0,null,null],[48,1,1,0,null,null]]}},{"type":"Feature","geometry":{"type":"Polygon","coordinates":[[[-158.0539,67.51242],[-158.05677,67.51089],[-158.05486,67.50925],[-158.05008,67.50914],[-158.04722,67.51067],[-158.04912,67.5123],[-158.0539,67.51242]]]},"properties":{"cell":"890c260e30bffff","res":9,"coarsened":false,"count":3,"hv":3,"mp":0,"y0":null,"y1":null,"sp":[[36,2,2,0,null,null],[41,1,1,0,null,null]]}},{"type":"Feature","geometry":{"type":"Polygon","coordinates":[[[-158.01867,67.46222],[-158.02153,67.4607],[-158.01963,67.45906],[-158.01487,67.45895],[-158.01201,67.46047],[-158.01391,67.46211],[-158.01867,67.46222]]]},"properties":{"cell":"890c260ccc7ffff","res":9,"coarsened":false,"count":4,"hv":4,"mp":0,"y0":null,"y1":null,"sp":[[36,1,1,0,null,null],[43,1,1,0,null,null],[40,1,1,0,null,null],[41,1,1,0,null,null]]}},{"type":"Feature","geometry":{"type":"Polygon","coordinates":[[[-158.03009,67.47204],[-158.03295,67.47052],[-158.03105,67.46888],[-158.02628,67.46877],[-158.02342,67.4703],[-158.02532,67.47193],[-158.03009,67.47204]]]},"properties":{"cell":"890c260c1b7ffff","res":9,"coarsened":false,"count":1,"hv":1,"mp":0,"y0":null,"y1":null,"sp":[[44,1,1,0,null,null]]}},{"type":"Feature","geometry":{"type":"Polygon","coordinates":[[[-158.10254,67.47054],[-158.1054,67.46901],[-158.10349,67.46738],[-158.09872,67.46727],[-158.09586,67.46879],[-158.09777,67.47043],[-158.10254,67.47054]]]},"properties":{"cell":"890c260c393ffff","res":9,"coarsened":false,"count":2,"hv":2,"mp":0,"y0":null,"y1":null,"sp":[[45,1,1,0,null,null],[36,1,1,0,null,null]]}},{"type":"Feature","geometry":{"type":"Polygon","coordinates":[[[-158.07299,67.47304],[-158.07585,67.47152],[-158.07394,67.46988],[-158.06917,67.46977],[-158.06631,67.4713],[-158.06822,67.47293],[-158.07299,67.47304]]]},"properties":{"cell":"890c260c1cfffff","res":9,"coarsened":false,"count":2,"hv":2,"mp":0,"y0":null,"y1":null,"sp":[[36,1,1,0,null,null],[44,1,1,0,null,null]]}},{"type":"Feature","geometry":{"type":"Polygon","coordinates":[[[-158.11216,67.51058],[-158.11502,67.50905],[-158.11311,67.50741],[-158.10833,67.5073],[-158.10547,67.50883],[-158.10738,67.51047],[-158.11216,67.51058]]]},"properties":{"cell":"890c260c4c3ffff","res":9,"coarsened":false,"count":2,"hv":2,"mp":0,"y0":null,"y1":null,"sp":[[44,1,1,0,null,null],[36,1,1,0,null,null]]}},{"type":"Feature","geometry":{"type":"Polygon","coordinates":[[[-158.10452,67.512],[-158.10738,67.51047],[-158.10547,67.50883],[-158.10069,67.50872],[-158.09783,67.51025],[-158.09974,67.51189],[-158.10452,67.512]]]},"properties":{"cell":"890c260c4d7ffff","res":9,"coarsened":false,"count":3,"hv":3,"mp":0,"y0":null,"y1":null,"sp":[[46,1,1,0,null,null],[44,1,1,0,null,null],[40,1,1,0,null,null]]}},{"type":"Feature","geometry":{"type":"Polygon","coordinates":[[[-158.09019,67.51166],[-158.09306,67.51014],[-158.09114,67.5085],[-158.08637,67.50839],[-158.08351,67.50992],[-158.08542,67.51155],[-158.09019,67.51166]]]},"properties":{"cell":"890c260c483ffff","res":9,"coarsened":false,"count":4,"hv":4,"mp":0,"y0":null,"y1":null,"sp":[[44,1,1,0,null,null],[36,1,1,0,null,null],[43,1,1,0,null,null],[47,1,1,0,null,null]]}},{"type":"Feature","geometry":{"type":"Polygon","coordinates":[[[-158.05009,67.50118],[-158.05295,67.49965],[-158.05104,67.49801],[-158.04627,67.4979],[-158.04341,67.49943],[-158.04531,67.50107],[-158.05009,67.50118]]]},"properties":{"cell":"890c260c59bffff","res":9,"coarsened":false,"count":4,"hv":4,"mp":0,"y0":null,"y1":null,"sp":[[37,1,1,0,null,null],[38,1,1,0,null,null],[41,1,1,0,null,null],[43,1,1,0,null,null]]}},{"type":"Feature","geometry":{"type":"Polygon","coordinates":[[[-158.04439,67.47238],[-158.04725,67.47085],[-158.04534,67.46922],[-158.04058,67.4691],[-158.03772,67.47063],[-158.03962,67.47227],[-158.04439,67.47238]]]},"properties":{"cell":"890c260c1bbffff","res":9,"coarsened":false,"count":1,"hv":1,"mp":0,"y0":null,"y1":null,"sp":[[45,1,1,0,null,null]]}},{"type":"Feature","geometry":{"type":"Polygon","coordinates":[[[-158.05202,67.47096],[-158.05488,67.46944],[-158.05297,67.4678],[-158.04821,67.46769],[-158.04534,67.46922],[-158.04725,67.47085],[-158.05202,67.47096]]]},"properties":{"cell":"890c260c117ffff","res":9,"coarsened":false,"count":1,"hv":1,"mp":0,"y0":null,"y1":null,"sp":[[36,1,1,0,null,null]]}},{"type":"Feature","geometry":{"type":"Polygon","coordinates":[[[-158.09491,67.47196],[-158.09777,67.47043],[-158.09586,67.46879],[-158.0911,67.46868],[-158.08824,67.47021],[-158.09015,67.47185],[-158.09491,67.47196]]]},"properties":{"cell":"890c260c02fffff","res":9,"coarsened":false,"count":1,"hv":1,"mp":0,"y0":null,"y1":null,"sp":[[36,1,1,0,null,null]]}},{"type":"Feature","geometry":{"type":"Polygon","coordinates":[[[-159.54356,67.47171],[-159.54633,67.47016],[-159.5443,67.46853],[-159.53951,67.46847],[-159.53674,67.47002],[-159.53877,67.47164],[-159.54356,67.47171]]]},"properties":{"cell":"890c2649ddbffff","res":9,"coarsened":false,"count":3,"hv":3,"mp":0,"y0":null,"y1":null,"sp":[[36,1,1,0,null,null],[12,1,1,0,null,null],[55,1,1,0,null,null]]}},{"type":"Feature","geometry":{"type":"Polygon","coordinates":[[[-160.16904,67.66123],[-160.1718,67.65966],[-160.1697,67.65804],[-160.16485,67.65799],[-160.1621,67.65956],[-160.1642,67.66118],[-160.16904,67.66123]]]},"properties":{"cell":"890c359015bffff","res":9,"coarsened":false,"count":6,"hv":6,"mp":0,"y0":null,"y1":null,"sp":[[44,2,2,0,null,null],[49,1,1,0,null,null],[40,1,1,0,null,null],[38,1,1,0,null,null],[51,1,1,0,null,null]]}},{"type":"Feature","geometry":{"type":"Polygon","coordinates":[[[-160.15801,67.36119],[-160.16073,67.35963],[-160.15866,67.35801],[-160.15388,67.35797],[-160.15117,67.35953],[-160.15323,67.36115],[-160.15801,67.36119]]]},"properties":{"cell":"890c358ea1bffff","res":9,"coarsened":false,"count":9,"hv":9,"mp":0,"y0":null,"y1":null,"sp":[[30,2,2,0,null,null],[52,2,2,0,null,null],[36,2,2,0,null,null],[50,1,1,0,null,null],[56,1,1,0,null,null],[44,1,1,0,null,null]]}},{"type":"Feature","geometry":{"type":"Polygon","coordinates":[[[-160.15246,67.35317],[-160.15518,67.35161],[-160.15311,67.34999],[-160.14833,67.34994],[-160.14562,67.35151],[-160.14769,67.35312],[-160.15246,67.35317]]]},"properties":{"cell":"890c358ea77ffff","res":9,"coarsened":false,"count":3,"hv":3,"mp":0,"y0":null,"y1":null,"sp":[[44,2,2,0,null,null],[53,1,1,0,null,null]]}},{"type":"Feature","geometry":{"type":"Polygon","coordinates":[[[-160.15647,67.65152],[-160.15922,67.64995],[-160.15713,67.64833],[-160.15228,67.64828],[-160.14953,67.64985],[-160.15163,67.65147],[-160.15647,67.65152]]]},"properties":{"cell":"890c359016bffff","res":9,"coarsened":false,"count":12,"hv":12,"mp":0,"y0":null,"y1":null,"sp":[[51,3,3,0,null,null],[49,3,3,0,null,null],[44,2,2,0,null,null],[45,1,1,0,null,null],[43,1,1,0,null,null],[69,1,1,0,null,null],[40,1,1,0,null,null]]}},{"type":"Feature","geometry":{"type":"Polygon","coordinates":[[[-160.14073,67.34031],[-160.14344,67.33874],[-160.14138,67.33713],[-160.1366,67.33708],[-160.13389,67.33865],[-160.13595,67.34026],[-160.14073,67.34031]]]},"properties":{"cell":"890c358ccbbffff","res":9,"coarsened":false,"count":6,"hv":6,"mp":0,"y0":null,"y1":null,"sp":[[44,3,3,0,null,null],[36,2,2,0,null,null],[49,1,1,0,null,null]]}},{"type":"Feature","geometry":{"type":"Polygon","coordinates":[[[-160.13434,67.65288],[-160.13709,67.65131],[-160.135,67.64969],[-160.13016,67.64964],[-160.12741,67.65121],[-160.1295,67.65283],[-160.13434,67.65288]]]},"properties":{"cell":"890c359012bffff","res":9,"coarsened":false,"count":5,"hv":5,"mp":0,"y0":null,"y1":null,"sp":[[44,2,2,0,null,null],[40,2,2,0,null,null],[49,1,1,0,null,null]]}},{"type":"Feature","geometry":{"type":"Polygon","coordinates":[[[-160.08581,67.64118],[-160.08856,67.63962],[-160.08648,67.638],[-160.08164,67.63794],[-160.07888,67.63951],[-160.08097,67.64113],[-160.08581,67.64118]]]},"properties":{"cell":"890c3590c2bffff","res":9,"coarsened":false,"count":10,"hv":10,"mp":0,"y0":null,"y1":null,"sp":[[43,4,4,0,null,null],[44,2,2,0,null,null],[40,2,2,0,null,null],[51,2,2,0,null,null]]}},{"type":"Feature","geometry":{"type":"Polygon","coordinates":[[[-160.05302,67.38241],[-160.05574,67.38084],[-160.05368,67.37923],[-160.0489,67.37918],[-160.04618,67.38074],[-160.04824,67.38236],[-160.05302,67.38241]]]},"properties":{"cell":"890c358ed1bffff","res":9,"coarsened":false,"count":18,"hv":18,"mp":0,"y0":null,"y1":null,"sp":[[41,6,6,0,null,null],[38,3,3,0,null,null],[43,3,3,0,null,null],[37,1,1,0,null,null],[14,1,1,0,null,null],[12,1,1,0,null,null],[64,1,1,0,null,null],[49,1,1,0,null,null],[51,1,1,0,null,null]]}},{"type":"Feature","geometry":{"type":"Polygon","coordinates":[[[-160.02266,67.87065],[-160.02545,67.86909],[-160.02334,67.86746],[-160.01845,67.86741],[-160.01566,67.86897],[-160.01777,67.8706],[-160.02266,67.87065]]]},"properties":{"cell":"890d1b2a1afffff","res":9,"coarsened":false,"count":2,"hv":2,"mp":0,"y0":null,"y1":null,"sp":[[51,1,1,0,null,null],[54,1,1,0,null,null]]}},{"type":"Feature","geometry":{"type":"Polygon","coordinates":[[[-159.96327,67.87316],[-159.96606,67.87159],[-159.96396,67.86997],[-159.95907,67.86991],[-159.95628,67.87148],[-159.95838,67.8731],[-159.96327,67.87316]]]},"properties":{"cell":"890d1b21353ffff","res":9,"coarsened":false,"count":4,"hv":4,"mp":0,"y0":null,"y1":null,"sp":[[51,2,2,0,null,null],[44,1,1,0,null,null],[46,1,1,0,null,null]]}},{"type":"Feature","geometry":{"type":"Polygon","coordinates":[[[-159.94369,67.86173],[-159.94648,67.86016],[-159.94438,67.85854],[-159.93949,67.85848],[-159.9367,67.86005],[-159.9388,67.86167],[-159.94369,67.86173]]]},"properties":{"cell":"890d1b21367ffff","res":9,"coarsened":false,"count":10,"hv":10,"mp":0,"y0":null,"y1":null,"sp":[[43,2,2,0,null,null],[12,2,2,0,null,null],[51,2,2,0,null,null],[53,2,2,0,null,null],[50,1,1,0,null,null],[44,1,1,0,null,null]]}},{"type":"Feature","geometry":{"type":"Polygon","coordinates":[[[-159.91924,67.87263],[-159.92204,67.87107],[-159.91994,67.86944],[-159.91505,67.86938],[-159.91226,67.87095],[-159.91435,67.87258],[-159.91924,67.87263]]]},"properties":{"cell":"890d1b213a3ffff","res":9,"coarsened":false,"count":4,"hv":4,"mp":0,"y0":null,"y1":null,"sp":[[1,2,2,0,null,null],[53,2,2,0,null,null]]}},{"type":"Feature","geometry":{"type":"Polygon","coordinates":[[[-159.91645,67.85181],[-159.91924,67.85024],[-159.91714,67.84861],[-159.91226,67.84856],[-159.90947,67.85012],[-159.91156,67.85175],[-159.91645,67.85181]]]},"properties":{"cell":"890d1b2adb7ffff","res":9,"coarsened":false,"count":12,"hv":12,"mp":0,"y0":null,"y1":null,"sp":[[10,4,4,0,null,null],[36,3,3,0,null,null],[55,2,2,0,null,null],[52,1,1,0,null,null],[30,1,1,0,null,null],[1,1,1,0,null,null]]}},{"type":"Feature","geometry":{"type":"Polygon","coordinates":[[[-159.91435,67.86138],[-159.91715,67.85981],[-159.91505,67.85819],[-159.91016,67.85813],[-159.90737,67.85969],[-159.90946,67.86132],[-159.91435,67.86138]]]},"properties":{"cell":"890d1b21e53ffff","res":9,"coarsened":false,"count":14,"hv":14,"mp":0,"y0":null,"y1":null,"sp":[[36,3,3,0,null,null],[40,3,3,0,null,null],[44,3,3,0,null,null],[51,2,2,0,null,null],[53,1,1,0,null,null],[10,1,1,0,null,null],[30,1,1,0,null,null]]}},{"type":"Feature","geometry":{"type":"Polygon","coordinates":[[[-159.91226,67.87095],[-159.91505,67.86938],[-159.91296,67.86776],[-159.90807,67.8677],[-159.90527,67.86927],[-159.90737,67.87089],[-159.91226,67.87095]]]},"properties":{"cell":"890d1b213a7ffff","res":9,"coarsened":false,"count":3,"hv":3,"mp":0,"y0":null,"y1":null,"sp":[[1,2,2,0,null,null],[63,1,1,0,null,null]]}},{"type":"Feature","geometry":{"type":"Polygon","coordinates":[[[-160.15052,67.36271],[-160.15323,67.36115],[-160.15117,67.35953],[-160.14639,67.35948],[-160.14367,67.36105],[-160.14574,67.36266],[-160.15052,67.36271]]]},"properties":{"cell":"890c358ea13ffff","res":9,"coarsened":false,"count":8,"hv":8,"mp":0,"y0":null,"y1":null,"sp":[[44,5,5,0,null,null],[43,2,2,0,null,null],[53,1,1,0,null,null]]}},{"type":"Feature","geometry":{"type":"Polygon","coordinates":[[[-160.10459,67.34153],[-160.1073,67.33996],[-160.10524,67.33835],[-160.10047,67.3383],[-160.09775,67.33987],[-160.09981,67.34148],[-160.10459,67.34153]]]},"properties":{"cell":"890c358eb77ffff","res":9,"coarsened":false,"count":5,"hv":5,"mp":0,"y0":null,"y1":null,"sp":[[44,2,2,0,null,null],[49,1,1,0,null,null],[43,1,1,0,null,null],[36,1,1,0,null,null]]}},{"type":"Feature","geometry":{"type":"Polygon","coordinates":[[[-160.06251,67.37136],[-160.06523,67.36979],[-160.06317,67.36818],[-160.05839,67.36812],[-160.05567,67.36969],[-160.05773,67.3713],[-160.06251,67.37136]]]},"properties":{"cell":"890c358ed6bffff","res":9,"coarsened":false,"count":15,"hv":15,"mp":0,"y0":null,"y1":null,"sp":[[53,2,2,0,null,null],[24,2,2,0,null,null],[14,2,2,0,null,null],[49,2,2,0,null,null],[71,2,2,0,null,null],[41,1,1,0,null,null],[43,1,1,0,null,null],[70,1,1,0,null,null],[73,1,1,0,null,null],[46,1,1,0,null,null]]}},{"type":"Feature","geometry":{"type":"Polygon","coordinates":[[[-160.01004,67.86091],[-160.01282,67.85934],[-160.01072,67.85772],[-160.00583,67.85766],[-160.00305,67.85923],[-160.00515,67.86085],[-160.01004,67.86091]]]},"properties":{"cell":"890d1b2ac57ffff","res":9,"coarsened":false,"count":1,"hv":1,"mp":0,"y0":null,"y1":null,"sp":[[51,1,1,0,null,null]]}},{"type":"Feature","geometry":{"type":"Polygon","coordinates":[[[-159.70977,67.79162],[-159.71257,67.79006],[-159.7105,67.78843],[-159.70563,67.78837],[-159.70283,67.78993],[-159.7049,67.79155],[-159.70977,67.79162]]]},"properties":{"cell":"890d1b2e11bffff","res":9,"coarsened":false,"count":11,"hv":11,"mp":0,"y0":null,"y1":null,"sp":[[51,5,5,0,null,null],[12,2,2,0,null,null],[40,2,2,0,null,null],[43,1,1,0,null,null],[53,1,1,0,null,null]]}},{"type":"Feature","geometry":{"type":"Polygon","coordinates":[[[-160.17042,67.37088],[-160.17313,67.36931],[-160.17106,67.3677],[-160.16628,67.36765],[-160.16357,67.36922],[-160.16564,67.37083],[-160.17042,67.37088]]]},"properties":{"cell":"890c358c5a7ffff","res":9,"coarsened":false,"count":9,"hv":9,"mp":0,"y0":null,"y1":null,"sp":[[43,4,4,0,null,null],[44,4,4,0,null,null],[36,1,1,0,null,null]]}},{"type":"Feature","geometry":{"type":"Polygon","coordinates":[[[-160.13324,67.34183],[-160.13595,67.34026],[-160.13389,67.33865],[-160.12911,67.3386],[-160.1264,67.34016],[-160.12846,67.34178],[-160.13324,67.34183]]]},"properties":{"cell":"890c358ccb3ffff","res":9,"coarsened":false,"count":11,"hv":11,"mp":0,"y0":null,"y1":null,"sp":[[44,6,6,0,null,null],[49,2,2,0,null,null],[36,1,1,0,null,null],[43,1,1,0,null,null],[53,1,1,0,null,null]]}},{"type":"Feature","geometry":{"type":"Polygon","coordinates":[[[-160.11891,67.34168],[-160.12163,67.34011],[-160.11957,67.3385],[-160.11479,67.33845],[-160.11208,67.34001],[-160.11414,67.34163],[-160.11891,67.34168]]]},"properties":{"cell":"890c358eb7bffff","res":9,"coarsened":false,"count":4,"hv":4,"mp":0,"y0":null,"y1":null,"sp":[[43,2,2,0,null,null],[44,1,1,0,null,null],[49,1,1,0,null,null]]}},{"type":"Feature","geometry":{"type":"Polygon","coordinates":[[[-160.11486,67.6415],[-160.11761,67.63993],[-160.11552,67.63831],[-160.11068,67.63826],[-160.10793,67.63982],[-160.11002,67.64144],[-160.11486,67.6415]]]},"properties":{"cell":"890c3590eb7ffff","res":9,"coarsened":false,"count":3,"hv":3,"mp":0,"y0":null,"y1":null,"sp":[[40,2,2,0,null,null],[30,1,1,0,null,null]]}},{"type":"Feature","geometry":{"type":"Polygon","coordinates":[[[-160.10263,67.35107],[-160.10534,67.3495],[-160.10328,67.34789],[-160.0985,67.34784],[-160.09579,67.3494],[-160.09785,67.35102],[-160.10263,67.35107]]]},"properties":{"cell":"890c358eb13ffff","res":9,"coarsened":false,"count":3,"hv":3,"mp":0,"y0":null,"y1":null,"sp":[[43,1,1,0,null,null],[44,1,1,0,null,null],[36,1,1,0,null,null]]}},{"type":"Feature","geometry":{"type":"Polygon","coordinates":[[[-160.09274,67.64285],[-160.09549,67.64129],[-160.09341,67.63967],[-160.08856,67.63962],[-160.08581,67.64118],[-160.0879,67.6428],[-160.09274,67.64285]]]},"properties":{"cell":"890c3590c77ffff","res":9,"coarsened":false,"count":2,"hv":2,"mp":0,"y0":null,"y1":null,"sp":[[40,1,1,0,null,null],[68,1,1,0,null,null]]}},{"type":"Feature","geometry":{"type":"Polygon","coordinates":[[[-160.08381,67.65074],[-160.08657,67.64918],[-160.08448,67.64756],[-160.07964,67.6475],[-160.07688,67.64907],[-160.07897,67.65069],[-160.08381,67.65074]]]},"properties":{"cell":"890c3590c17ffff","res":9,"coarsened":false,"count":2,"hv":2,"mp":0,"y0":null,"y1":null,"sp":[[44,1,1,0,null,null],[40,1,1,0,null,null]]}},{"type":"Feature","geometry":{"type":"Polygon","coordinates":[[[-160.0634,67.40164],[-160.06612,67.40008],[-160.06406,67.39846],[-160.05928,67.39841],[-160.05655,67.39997],[-160.05861,67.40159],[-160.0634,67.40164]]]},"properties":{"cell":"890c3585343ffff","res":9,"coarsened":false,"count":4,"hv":4,"mp":0,"y0":null,"y1":null,"sp":[[36,2,2,0,null,null],[52,1,1,0,null,null],[44,1,1,0,null,null]]}},{"type":"Feature","geometry":{"type":"Polygon","coordinates":[[[-160.05103,67.39195],[-160.05375,67.39038],[-160.05169,67.38877],[-160.04691,67.38871],[-160.04418,67.39028],[-160.04624,67.39189],[-160.05103,67.39195]]]},"properties":{"cell":"890c358536fffff","res":9,"coarsened":false,"count":8,"hv":8,"mp":0,"y0":null,"y1":null,"sp":[[44,2,2,0,null,null],[43,2,2,0,null,null],[49,1,1,0,null,null],[40,1,1,0,null,null],[53,1,1,0,null,null],[52,1,1,0,null,null]]}},{"type":"Feature","geometry":{"type":"Polygon","coordinates":[[[-160.01498,67.87217],[-160.01777,67.8706],[-160.01566,67.86897],[-160.01077,67.86892],[-160.00798,67.87048],[-160.01009,67.87211],[-160.01498,67.87217]]]},"properties":{"cell":"890d1b2a1a7ffff","res":9,"coarsened":false,"count":9,"hv":9,"mp":0,"y0":null,"y1":null,"sp":[[12,3,3,0,null,null],[38,2,2,0,null,null],[53,2,2,0,null,null],[43,1,1,0,null,null],[51,1,1,0,null,null]]}},{"type":"Feature","geometry":{"type":"Polygon","coordinates":[[[-159.71454,67.80287],[-159.71733,67.80131],[-159.71526,67.79968],[-159.71039,67.79962],[-159.70759,67.80118],[-159.70966,67.80281],[-159.71454,67.80287]]]},"properties":{"cell":"890d1b2e56bffff","res":9,"coarsened":false,"count":4,"hv":4,"mp":0,"y0":null,"y1":null,"sp":[[53,2,2,0,null,null],[51,1,1,0,null,null],[1,1,1,0,null,null]]}},{"type":"Feature","geometry":{"type":"Polygon","coordinates":[[[-159.67852,66.97249],[-159.68121,66.97094],[-159.67922,66.96933],[-159.67454,66.96927],[-159.67184,66.97082],[-159.67383,66.97243],[-159.67852,66.97249]]]},"properties":{"cell":"890c35adb83ffff","res":9,"coarsened":false,"count":2,"hv":2,"mp":0,"y0":null,"y1":null,"sp":[[52,1,1,0,null,null],[36,1,1,0,null,null]]}},{"type":"Feature","geometry":{"type":"Polygon","coordinates":[[[-160.19162,67.37268],[-160.19433,67.37112],[-160.19226,67.3695],[-160.18748,67.36946],[-160.18477,67.37102],[-160.18684,67.37264],[-160.19162,67.37268]]]},"properties":{"cell":"890c358c517ffff","res":9,"coarsened":false,"count":6,"hv":6,"mp":0,"y0":null,"y1":null,"sp":[[44,3,3,0,null,null],[43,2,2,0,null,null],[58,1,1,0,null,null]]}},{"type":"Feature","geometry":{"type":"Polygon","coordinates":[[[-160.18447,67.62146],[-160.18721,67.61989],[-160.18512,67.61827],[-160.18028,67.61822],[-160.17754,67.61979],[-160.17963,67.62141],[-160.18447,67.62146]]]},"properties":{"cell":"890c3591d23ffff","res":9,"coarsened":false,"count":4,"hv":4,"mp":0,"y0":null,"y1":null,"sp":[[36,1,1,0,null,null],[55,1,1,0,null,null],[40,1,1,0,null,null],[44,1,1,0,null,null]]}},{"type":"Feature","geometry":{"type":"Polygon","coordinates":[[[-160.17493,67.63254],[-160.17767,67.63097],[-160.17558,67.62935],[-160.17074,67.62931],[-160.16799,67.63087],[-160.17009,67.63249],[-160.17493,67.63254]]]},"properties":{"cell":"890c3591db3ffff","res":9,"coarsened":false,"count":6,"hv":6,"mp":0,"y0":null,"y1":null,"sp":[[40,2,2,0,null,null],[49,1,1,0,null,null],[36,1,1,0,null,null],[45,1,1,0,null,null],[57,1,1,0,null,null]]}},{"type":"Feature","geometry":{"type":"Polygon","coordinates":[[[-160.15995,67.35165],[-160.16267,67.35009],[-160.1606,67.34847],[-160.15582,67.34843],[-160.15311,67.34999],[-160.15518,67.35161],[-160.15995,67.35165]]]},"properties":{"cell":"890c358ea63ffff","res":9,"coarsened":false,"count":1,"hv":1,"mp":0,"y0":null,"y1":null,"sp":[[36,1,1,0,null,null]]}},{"type":"Feature","geometry":{"type":"Polygon","coordinates":[[[-160.16341,67.65319],[-160.16616,67.65162],[-160.16407,67.65],[-160.15922,67.64995],[-160.15647,67.65152],[-160.15857,67.65314],[-160.16341,67.65319]]]},"properties":{"cell":"890c35903b7ffff","res":9,"coarsened":false,"count":7,"hv":7,"mp":0,"y0":null,"y1":null,"sp":[[51,2,2,0,null,null],[49,2,2,0,null,null],[43,1,1,0,null,null],[69,1,1,0,null,null],[58,1,1,0,null,null]]}},{"type":"Feature","geometry":{"type":"Polygon","coordinates":[[[-160.15505,67.34045],[-160.15776,67.33889],[-160.1557,67.33727],[-160.15092,67.33723],[-160.14821,67.33879],[-160.15028,67.34041],[-160.15505,67.34045]]]},"properties":{"cell":"890c358cc13ffff","res":9,"coarsened":false,"count":10,"hv":10,"mp":0,"y0":null,"y1":null,"sp":[[44,6,6,0,null,null],[36,1,1,0,null,null],[49,1,1,0,null,null],[43,1,1,0,null,null],[53,1,1,0,null,null]]}},{"type":"Feature","geometry":{"type":"Polygon","coordinates":[[[-160.04904,67.40149],[-160.05176,67.39992],[-160.0497,67.39831],[-160.04492,67.39825],[-160.04219,67.39982],[-160.04425,67.40143],[-160.04904,67.40149]]]},"properties":{"cell":"890c358530bffff","res":9,"coarsened":false,"count":5,"hv":5,"mp":0,"y0":null,"y1":null,"sp":[[44,3,3,0,null,null],[30,1,1,0,null,null],[45,1,1,0,null,null]]}},{"type":"Feature","geometry":{"type":"Polygon","coordinates":[[[-159.97095,67.87165],[-159.97374,67.87009],[-159.97164,67.86846],[-159.96675,67.8684],[-159.96396,67.86997],[-159.96606,67.87159],[-159.97095,67.87165]]]},"properties":{"cell":"890d1b2135bffff","res":9,"coarsened":false,"count":9,"hv":9,"mp":0,"y0":null,"y1":null,"sp":[[51,3,3,0,null,null],[60,1,1,0,null,null],[38,1,1,0,null,null],[50,1,1,0,null,null],[12,1,1,0,null,null],[43,1,1,0,null,null],[40,1,1,0,null,null]]}},{"type":"Feature","geometry":{"type":"Polygon","coordinates":[[[-159.92902,67.86155],[-159.93181,67.85999],[-159.92971,67.85836],[-159.92483,67.8583],[-159.92203,67.85987],[-159.92413,67.8615],[-159.92902,67.86155]]]},"properties":{"cell":"890d1b2132fffff","res":9,"coarsened":false,"count":3,"hv":3,"mp":0,"y0":null,"y1":null,"sp":[[53,2,2,0,null,null],[50,1,1,0,null,null]]}},{"type":"Feature","geometry":{"type":"Polygon","coordinates":[[[-159.91156,67.84055],[-159.91435,67.83898],[-159.91226,67.83736],[-159.90738,67.8373],[-159.90459,67.83887],[-159.90668,67.84049],[-159.91156,67.84055]]]},"properties":{"cell":"890d1b21acfffff","res":9,"coarsened":false,"count":2,"hv":2,"mp":0,"y0":null,"y1":null,"sp":[[44,1,1,0,null,null],[57,1,1,0,null,null]]}},{"type":"Feature","geometry":{"type":"Polygon","coordinates":[[[-159.66049,67.78296],[-159.66329,67.7814],[-159.66122,67.77978],[-159.65635,67.77971],[-159.65355,67.78127],[-159.65562,67.7829],[-159.66049,67.78296]]]},"properties":{"cell":"890d1b2ecc7ffff","res":9,"coarsened":false,"count":5,"hv":5,"mp":0,"y0":null,"y1":null,"sp":[[51,3,3,0,null,null],[53,1,1,0,null,null],[66,1,1,0,null,null]]}},{"type":"Feature","geometry":{"type":"Polygon","coordinates":[[[-159.65576,67.77171],[-159.65855,67.77015],[-159.65649,67.76853],[-159.65163,67.76846],[-159.64883,67.77002],[-159.65089,67.77165],[-159.65576,67.77171]]]},"properties":{"cell":"890d1b2ec77ffff","res":9,"coarsened":false,"count":5,"hv":5,"mp":0,"y0":null,"y1":null,"sp":[[12,4,4,0,null,null],[54,1,1,0,null,null]]}},{"type":"Feature","geometry":{"type":"Polygon","coordinates":[[[-159.63846,66.96246],[-159.64116,66.96091],[-159.63917,66.95929],[-159.63449,66.95923],[-159.63179,66.96079],[-159.63378,66.9624],[-159.63846,66.96246]]]},"properties":{"cell":"890c353669bffff","res":9,"coarsened":false,"count":11,"hv":11,"mp":0,"y0":null,"y1":null,"sp":[[12,3,3,0,null,null],[41,3,3,0,null,null],[43,2,2,0,null,null],[40,1,1,0,null,null],[49,1,1,0,null,null],[45,1,1,0,null,null]]}},{"type":"Feature","geometry":{"type":"Polygon","coordinates":[[[-159.62227,66.97177],[-159.62497,66.97022],[-159.62299,66.96861],[-159.6183,66.96854],[-159.6156,66.9701],[-159.61759,66.97171],[-159.62227,66.97177]]]},"properties":{"cell":"890c35ad933ffff","res":9,"coarsened":false,"count":5,"hv":5,"mp":0,"y0":null,"y1":null,"sp":[[40,2,2,0,null,null],[12,1,1,0,null,null],[43,1,1,0,null,null],[49,1,1,0,null,null]]}},{"type":"Feature","geometry":{"type":"Polygon","coordinates":[[[-159.62243,67.8208],[-159.62523,67.81924],[-159.62317,67.81762],[-159.61829,67.81755],[-159.61549,67.81911],[-159.61755,67.82074],[-159.62243,67.8208]]]},"properties":{"cell":"890d1b256afffff","res":9,"coarsened":false,"count":6,"hv":6,"mp":0,"y0":null,"y1":null,"sp":[[59,2,2,0,null,null],[53,2,2,0,null,null],[52,1,1,0,null,null],[10,1,1,0,null,null]]}},{"type":"Feature","geometry":{"type":"Polygon","coordinates":[[[-159.56388,66.98052],[-159.56659,66.97897],[-159.5646,66.97736],[-159.55992,66.97729],[-159.55721,66.97885],[-159.5592,66.98046],[-159.56388,66.98052]]]},"properties":{"cell":"890c35aca37ffff","res":9,"coarsened":false,"count":1,"hv":1,"mp":0,"y0":null,"y1":null,"sp":[[45,1,1,0,null,null]]}},{"type":"Feature","geometry":{"type":"Polygon","coordinates":[[[-159.54578,67.46218],[-159.54854,67.46062],[-159.54652,67.459],[-159.54172,67.45894],[-159.53896,67.46049],[-159.54099,67.46211],[-159.54578,67.46218]]]},"properties":{"cell":"890c2649d43ffff","res":9,"coarsened":false,"count":4,"hv":4,"mp":0,"y0":null,"y1":null,"sp":[[53,2,2,0,null,null],[12,1,1,0,null,null],[45,1,1,0,null,null]]}},{"type":"Feature","geometry":{"type":"Polygon","coordinates":[[[-159.52837,66.98163],[-159.53107,66.98008],[-159.52909,66.97846],[-159.52441,66.9784],[-159.5217,66.97995],[-159.52368,66.98157],[-159.52837,66.98163]]]},"properties":{"cell":"890c35acb83ffff","res":9,"coarsened":false,"count":1,"hv":1,"mp":0,"y0":null,"y1":null,"sp":[[40,1,1,0,null,null]]}},{"type":"Feature","geometry":{"type":"Polygon","coordinates":[[[-159.51431,66.98144],[-159.51701,66.97989],[-159.51503,66.97827],[-159.51035,66.97821],[-159.50764,66.97976],[-159.50962,66.98137],[-159.51431,66.98144]]]},"properties":{"cell":"890c35ac94bffff","res":9,"coarsened":false,"count":6,"hv":6,"mp":0,"y0":null,"y1":null,"sp":[[40,2,2,0,null,null],[12,1,1,0,null,null],[14,1,1,0,null,null],[41,1,1,0,null,null],[46,1,1,0,null,null]]}},{"type":"Feature","geometry":{"type":"Polygon","coordinates":[[[-159.505,67.48232],[-159.50777,67.48077],[-159.50574,67.47915],[-159.50095,67.47908],[-159.49818,67.48063],[-159.5002,67.48225],[-159.505,67.48232]]]},"properties":{"cell":"890c2648333ffff","res":9,"coarsened":false,"count":3,"hv":3,"mp":0,"y0":null,"y1":null,"sp":[[40,1,1,0,null,null],[44,1,1,0,null,null],[36,1,1,0,null,null]]}},{"type":"Feature","geometry":{"type":"Polygon","coordinates":[[[-159.46618,67.37184],[-159.46894,67.37028],[-159.46693,67.36866],[-159.46216,67.36859],[-159.4594,67.37015],[-159.46141,67.37177],[-159.46618,67.37184]]]},"properties":{"cell":"890c35b2e43ffff","res":9,"coarsened":false,"count":3,"hv":3,"mp":0,"y0":null,"y1":null,"sp":[[52,2,2,0,null,null],[36,1,1,0,null,null]]}},{"type":"Feature","geometry":{"type":"Polygon","coordinates":[[[-159.45198,67.46243],[-159.45475,67.46088],[-159.45273,67.45926],[-159.44794,67.45919],[-159.44517,67.46074],[-159.44719,67.46236],[-159.45198,67.46243]]]},"properties":{"cell":"890c264885bffff","res":9,"coarsened":false,"count":3,"hv":3,"mp":0,"y0":null,"y1":null,"sp":[[44,2,2,0,null,null],[41,1,1,0,null,null]]}},{"type":"Feature","geometry":{"type":"Polygon","coordinates":[[[-159.43002,67.34265],[-159.43278,67.3411],[-159.43078,67.33948],[-159.42601,67.33941],[-159.42326,67.34096],[-159.42526,67.34258],[-159.43002,67.34265]]]},"properties":{"cell":"890c35b2a27ffff","res":9,"coarsened":false,"count":9,"hv":9,"mp":0,"y0":null,"y1":null,"sp":[[12,3,3,0,null,null],[41,2,2,0,null,null],[14,1,1,0,null,null],[38,1,1,0,null,null],[37,1,1,0,null,null],[67,1,1,0,null,null]]}},{"type":"Feature","geometry":{"type":"Polygon","coordinates":[[[-159.43529,67.35069],[-159.43805,67.34914],[-159.43604,67.34752],[-159.43128,67.34745],[-159.42852,67.349],[-159.43053,67.35062],[-159.43529,67.35069]]]},"properties":{"cell":"890c35b2aabffff","res":9,"coarsened":false,"count":6,"hv":6,"mp":0,"y0":null,"y1":null,"sp":[[60,2,2,0,null,null],[41,1,1,0,null,null],[45,1,1,0,null,null],[40,1,1,0,null,null],[14,1,1,0,null,null]]}},{"type":"Feature","geometry":{"type":"Polygon","coordinates":[[[-159.421,67.35048],[-159.42376,67.34893],[-159.42175,67.34731],[-159.41699,67.34724],[-159.41423,67.34879],[-159.41623,67.35041],[-159.421,67.35048]]]},"properties":{"cell":"890c35b2aa7ffff","res":9,"coarsened":false,"count":10,"hv":10,"mp":0,"y0":null,"y1":null,"sp":[[41,5,5,0,null,null],[14,1,1,0,null,null],[62,1,1,0,null,null],[40,1,1,0,null,null],[49,1,1,0,null,null],[45,1,1,0,null,null]]}},{"type":"Feature","geometry":{"type":"Polygon","coordinates":[[[-159.40887,67.4618],[-159.41164,67.46025],[-159.40963,67.45862],[-159.40484,67.45855],[-159.40207,67.4601],[-159.40408,67.46173],[-159.40887,67.4618]]]},"properties":{"cell":"890c26488abffff","res":9,"coarsened":false,"count":4,"hv":4,"mp":0,"y0":null,"y1":null,"sp":[[44,2,2,0,null,null],[51,1,1,0,null,null],[65,1,1,0,null,null]]}},{"type":"Feature","geometry":{"type":"Polygon","coordinates":[[[-159.39918,67.35175],[-159.40194,67.3502],[-159.39993,67.34858],[-159.39517,67.34851],[-159.39241,67.35006],[-159.39441,67.35168],[-159.39918,67.35175]]]},"properties":{"cell":"890c35b2867ffff","res":9,"coarsened":false,"count":2,"hv":2,"mp":0,"y0":null,"y1":null,"sp":[[41,2,2,0,null,null]]}},{"type":"Feature","geometry":{"type":"Polygon","coordinates":[[[-159.38938,67.36275],[-159.39214,67.3612],[-159.39014,67.35958],[-159.38537,67.35951],[-159.38261,67.36106],[-159.38461,67.36268],[-159.38938,67.36275]]]},"properties":{"cell":"890c35b2817ffff","res":9,"coarsened":false,"count":5,"hv":5,"mp":0,"y0":null,"y1":null,"sp":[[41,2,2,0,null,null],[45,1,1,0,null,null],[37,1,1,0,null,null],[16,1,1,0,null,null]]}},{"type":"Feature","geometry":{"type":"Polygon","coordinates":[[[-159.34123,67.74157],[-159.34404,67.74001],[-159.34201,67.73838],[-159.33716,67.73831],[-159.33434,67.73986],[-159.33638,67.74149],[-159.34123,67.74157]]]},"properties":{"cell":"890d1b24b2fffff","res":9,"coarsened":false,"count":9,"hv":9,"mp":0,"y0":null,"y1":null,"sp":[[44,3,3,0,null,null],[57,1,1,0,null,null],[51,1,1,0,null,null],[49,1,1,0,null,null],[40,1,1,0,null,null],[36,1,1,0,null,null],[46,1,1,0,null,null]]}},{"type":"Feature","geometry":{"type":"Polygon","coordinates":[[[-159.33356,67.74304],[-159.33638,67.74149],[-159.33434,67.73986],[-159.32949,67.73979],[-159.32667,67.74134],[-159.32871,67.74297],[-159.33356,67.74304]]]},"properties":{"cell":"890d1b24b27ffff","res":9,"coarsened":false,"count":15,"hv":15,"mp":0,"y0":null,"y1":null,"sp":[[44,4,4,0,null,null],[43,3,3,0,null,null],[40,2,2,0,null,null],[57,1,1,0,null,null],[46,1,1,0,null,null],[45,1,1,0,null,null],[53,1,1,0,null,null],[72,1,1,0,null,null],[1,1,1,0,null,null]]}},{"type":"Feature","geometry":{"type":"Polygon","coordinates":[[[-159.30004,67.5829],[-159.30284,67.58135],[-159.30082,67.57972],[-159.296,67.57965],[-159.29321,67.5812],[-159.29522,67.58283],[-159.30004,67.5829]]]},"properties":{"cell":"890c264146fffff","res":9,"coarsened":false,"count":3,"hv":3,"mp":0,"y0":null,"y1":null,"sp":[[46,1,1,0,null,null],[43,1,1,0,null,null],[38,1,1,0,null,null]]}},{"type":"Feature","geometry":{"type":"Polygon","coordinates":[[[-159.28091,67.60174],[-159.28371,67.60019],[-159.28169,67.59857],[-159.27687,67.59849],[-159.27407,67.60004],[-159.27609,67.60167],[-159.28091,67.60174]]]},"properties":{"cell":"890c2641483ffff","res":9,"coarsened":false,"count":6,"hv":6,"mp":0,"y0":null,"y1":null,"sp":[[44,4,4,0,null,null],[43,1,1,0,null,null],[41,1,1,0,null,null]]}},{"type":"Feature","geometry":{"type":"Polygon","coordinates":[[[-159.26903,67.56168],[-159.27182,67.56013],[-159.26981,67.5585],[-159.265,67.55843],[-159.2622,67.55998],[-159.26422,67.5616],[-159.26903,67.56168]]]},"properties":{"cell":"890c2641153ffff","res":9,"coarsened":false,"count":19,"hv":19,"mp":0,"y0":null,"y1":null,"sp":[[53,3,3,0,null,null],[41,3,3,0,null,null],[44,2,2,0,null,null],[43,2,2,0,null,null],[60,2,2,0,null,null],[12,1,1,0,null,null],[38,1,1,0,null,null],[66,1,1,0,null,null],[50,1,1,0,null,null],[58,1,1,0,null,null],[40,1,1,0,null,null],[49,1,1,0,null,null]]}},{"type":"Feature","geometry":{"type":"Polygon","coordinates":[[[-159.25907,67.57269],[-159.26187,67.57114],[-159.25985,67.56951],[-159.25504,67.56943],[-159.25224,67.57098],[-159.25426,67.57261],[-159.25907,67.57269]]]},"properties":{"cell":"890c264156bffff","res":9,"coarsened":false,"count":8,"hv":8,"mp":0,"y0":null,"y1":null,"sp":[[41,2,2,0,null,null],[58,1,1,0,null,null],[51,1,1,0,null,null],[46,1,1,0,null,null],[14,1,1,0,null,null],[38,1,1,0,null,null],[49,1,1,0,null,null]]}},{"type":"Feature","geometry":{"type":"Polygon","coordinates":[[[-159.25249,67.54069],[-159.25528,67.53914],[-159.25327,67.53751],[-159.24847,67.53744],[-159.24567,67.53899],[-159.24768,67.54061],[-159.25249,67.54069]]]},"properties":{"cell":"890c2641e13ffff","res":9,"coarsened":false,"count":7,"hv":7,"mp":0,"y0":null,"y1":null,"sp":[[44,1,1,0,null,null],[46,1,1,0,null,null],[40,1,1,0,null,null],[43,1,1,0,null,null],[55,1,1,0,null,null],[60,1,1,0,null,null],[12,1,1,0,null,null]]}},{"type":"Feature","geometry":{"type":"Polygon","coordinates":[[[-159.23257,67.5627],[-159.23536,67.56115],[-159.23335,67.55952],[-159.22855,67.55944],[-159.22575,67.56099],[-159.22776,67.56262],[-159.23257,67.5627]]]},"properties":{"cell":"890c26411bbffff","res":9,"coarsened":false,"count":8,"hv":8,"mp":0,"y0":null,"y1":null,"sp":[[50,3,3,0,null,null],[51,1,1,0,null,null],[44,1,1,0,null,null],[12,1,1,0,null,null],[40,1,1,0,null,null],[53,1,1,0,null,null]]}},{"type":"Feature","geometry":{"type":"Polygon","coordinates":[[[-159.22338,67.57052],[-159.22618,67.56897],[-159.22417,67.56734],[-159.21936,67.56727],[-159.21656,67.56882],[-159.21857,67.57044],[-159.22338,67.57052]]]},"properties":{"cell":"890c264025bffff","res":9,"coarsened":false,"count":7,"hv":7,"mp":0,"y0":null,"y1":null,"sp":[[38,2,2,0,null,null],[46,1,1,0,null,null],[51,1,1,0,null,null],[40,1,1,0,null,null],[48,1,1,0,null,null],[60,1,1,0,null,null]]}},{"type":"Feature","geometry":{"type":"Polygon","coordinates":[[[-159.21607,67.5417],[-159.21886,67.54015],[-159.21685,67.53852],[-159.21205,67.53845],[-159.20926,67.54],[-159.21126,67.54162],[-159.21607,67.5417]]]},"properties":{"cell":"890c2641c7bffff","res":9,"coarsened":false,"count":3,"hv":3,"mp":0,"y0":null,"y1":null,"sp":[[36,1,1,0,null,null],[44,1,1,0,null,null],[40,1,1,0,null,null]]}},{"type":"Feature","geometry":{"type":"Polygon","coordinates":[[[-159.07662,67.86187],[-159.07947,67.86032],[-159.07744,67.85869],[-159.07257,67.8586],[-159.06972,67.86015],[-159.07175,67.86178],[-159.07662,67.86187]]]},"properties":{"cell":"890c26c8363ffff","res":9,"coarsened":false,"count":4,"hv":4,"mp":0,"y0":null,"y1":null,"sp":[[44,2,2,0,null,null],[51,1,1,0,null,null],[1,1,1,0,null,null]]}},{"type":"Feature","geometry":{"type":"Polygon","coordinates":[[[-159.062,67.86162],[-159.06485,67.86007],[-159.06283,67.85843],[-159.05795,67.85835],[-159.0551,67.8599],[-159.05713,67.86153],[-159.062,67.86162]]]},"properties":{"cell":"890c26c832bffff","res":9,"coarsened":false,"count":7,"hv":7,"mp":0,"y0":null,"y1":null,"sp":[[44,2,2,0,null,null],[57,2,2,0,null,null],[51,2,2,0,null,null],[43,1,1,0,null,null]]}},{"type":"Feature","geometry":{"type":"Polygon","coordinates":[[[-159.03276,67.86111],[-159.03561,67.85956],[-159.03359,67.85792],[-159.02872,67.85784],[-159.02587,67.85939],[-159.02789,67.86102],[-159.03276,67.86111]]]},"properties":{"cell":"890c26c8ecfffff","res":9,"coarsened":false,"count":7,"hv":7,"mp":0,"y0":null,"y1":null,"sp":[[53,2,2,0,null,null],[51,2,2,0,null,null],[44,1,1,0,null,null],[40,1,1,0,null,null],[12,1,1,0,null,null]]}},{"type":"Feature","geometry":{"type":"Polygon","coordinates":[[[-158.95448,67.85172],[-158.95733,67.85018],[-158.95532,67.84854],[-158.95045,67.84845],[-158.9476,67.85],[-158.94961,67.85164],[-158.95448,67.85172]]]},"properties":{"cell":"890c26c8887ffff","res":9,"coarsened":false,"count":4,"hv":4,"mp":0,"y0":null,"y1":null,"sp":[[40,2,2,0,null,null],[53,1,1,0,null,null],[12,1,1,0,null,null]]}},{"type":"Feature","geometry":{"type":"Polygon","coordinates":[[[-159.40368,67.36296],[-159.40644,67.36141],[-159.40444,67.35979],[-159.39967,67.35972],[-159.39691,67.36127],[-159.39891,67.36289],[-159.40368,67.36296]]]},"properties":{"cell":"890c35b281bffff","res":9,"coarsened":false,"count":2,"hv":2,"mp":0,"y0":null,"y1":null,"sp":[[41,2,2,0,null,null]]}},{"type":"Feature","geometry":{"type":"Polygon","coordinates":[[[-159.39482,67.76156],[-159.39764,67.76],[-159.39559,67.75838],[-159.39074,67.7583],[-159.38792,67.75986],[-159.38997,67.76149],[-159.39482,67.76156]]]},"properties":{"cell":"890d1b24a07ffff","res":9,"coarsened":false,"count":1,"hv":1,"mp":0,"y0":null,"y1":null,"sp":[[40,1,1,0,null,null]]}},{"type":"Feature","geometry":{"type":"Polygon","coordinates":[[[-159.35122,67.73054],[-159.35404,67.72899],[-159.352,67.72736],[-159.34715,67.72728],[-159.34434,67.72884],[-159.34638,67.73047],[-159.35122,67.73054]]]},"properties":{"cell":"890c265a517ffff","res":9,"coarsened":false,"count":9,"hv":9,"mp":0,"y0":null,"y1":null,"sp":[[44,3,3,0,null,null],[40,2,2,0,null,null],[49,2,2,0,null,null],[53,1,1,0,null,null],[46,1,1,0,null,null]]}},{"type":"Feature","geometry":{"type":"Polygon","coordinates":[[[-159.30532,67.59096],[-159.30811,67.58941],[-159.30609,67.58778],[-159.30128,67.58771],[-159.29848,67.58926],[-159.3005,67.59089],[-159.30532,67.59096]]]},"properties":{"cell":"890c2641447ffff","res":9,"coarsened":false,"count":6,"hv":6,"mp":0,"y0":null,"y1":null,"sp":[[44,2,2,0,null,null],[43,1,1,0,null,null],[60,1,1,0,null,null],[40,1,1,0,null,null],[12,1,1,0,null,null]]}},{"type":"Feature","geometry":{"type":"Polygon","coordinates":[[[-159.64372,66.97046],[-159.64642,66.96891],[-159.64443,66.9673],[-159.63974,66.96724],[-159.63704,66.96879],[-159.63903,66.9704],[-159.64372,66.97046]]]},"properties":{"cell":"890c35ad973ffff","res":9,"coarsened":false,"count":6,"hv":6,"mp":0,"y0":null,"y1":null,"sp":[[40,3,3,0,null,null],[45,1,1,0,null,null],[43,1,1,0,null,null],[41,1,1,0,null,null]]}},{"type":"Feature","geometry":{"type":"Polygon","coordinates":[[[-159.63179,66.96079],[-159.63449,66.95923],[-159.6325,66.95762],[-159.62782,66.95756],[-159.62512,66.95911],[-159.62711,66.96072],[-159.63179,66.96079]]]},"properties":{"cell":"890c3536683ffff","res":9,"coarsened":false,"count":8,"hv":8,"mp":0,"y0":null,"y1":null,"sp":[[43,3,3,0,null,null],[41,2,2,0,null,null],[12,2,2,0,null,null],[40,1,1,0,null,null]]}},{"type":"Feature","geometry":{"type":"Polygon","coordinates":[[[-159.62215,67.79043],[-159.62495,67.78887],[-159.62289,67.78724],[-159.61802,67.78717],[-159.61522,67.78873],[-159.61728,67.79036],[-159.62215,67.79043]]]},"properties":{"cell":"890d1b25353ffff","res":9,"coarsened":false,"count":4,"hv":4,"mp":0,"y0":null,"y1":null,"sp":[[51,2,2,0,null,null],[59,1,1,0,null,null],[49,1,1,0,null,null]]}},{"type":"Feature","geometry":{"type":"Polygon","coordinates":[[[-159.45954,67.46095],[-159.46231,67.4594],[-159.46029,67.45777],[-159.4555,67.4577],[-159.45273,67.45926],[-159.45475,67.46088],[-159.45954,67.46095]]]},"properties":{"cell":"890c2648a97ffff","res":9,"coarsened":false,"count":4,"hv":4,"mp":0,"y0":null,"y1":null,"sp":[[40,1,1,0,null,null],[38,1,1,0,null,null],[44,1,1,0,null,null],[41,1,1,0,null,null]]}},{"type":"Feature","geometry":{"type":"Polygon","coordinates":[[[-159.45078,67.74163],[-159.45359,67.74008],[-159.45154,67.73845],[-159.44669,67.73838],[-159.44388,67.73993],[-159.44593,67.74156],[-159.45078,67.74163]]]},"properties":{"cell":"890c265a693ffff","res":9,"coarsened":false,"count":4,"hv":4,"mp":0,"y0":null,"y1":null,"sp":[[1,1,1,0,null,null],[58,1,1,0,null,null],[36,1,1,0,null,null],[52,1,1,0,null,null]]}},{"type":"Feature","geometry":{"type":"Polygon","coordinates":[[[-159.44517,67.46074],[-159.44794,67.45919],[-159.44592,67.45756],[-159.44113,67.45749],[-159.43836,67.45905],[-159.44038,67.46067],[-159.44517,67.46074]]]},"properties":{"cell":"890c2648843ffff","res":9,"coarsened":false,"count":3,"hv":3,"mp":0,"y0":null,"y1":null,"sp":[[44,3,3,0,null,null]]}},{"type":"Feature","geometry":{"type":"Polygon","coordinates":[[[-159.43533,67.44147],[-159.4381,67.43992],[-159.43608,67.4383],[-159.4313,67.43823],[-159.42853,67.43978],[-159.43054,67.4414],[-159.43533,67.44147]]]},"properties":{"cell":"890c2648b1bffff","res":9,"coarsened":false,"count":2,"hv":2,"mp":0,"y0":null,"y1":null,"sp":[[36,2,2,0,null,null]]}},{"type":"Feature","geometry":{"type":"Polygon","coordinates":[[[-159.4187,67.45079],[-159.42148,67.44924],[-159.41946,67.44761],[-159.41468,67.44754],[-159.4119,67.4491],[-159.41392,67.45072],[-159.4187,67.45079]]]},"properties":{"cell":"890c2648b93ffff","res":9,"coarsened":false,"count":2,"hv":2,"mp":0,"y0":null,"y1":null,"sp":[[36,1,1,0,null,null],[45,1,1,0,null,null]]}},{"type":"Feature","geometry":{"type":"Polygon","coordinates":[[[-159.35811,67.73224],[-159.36092,67.73069],[-159.35888,67.72906],[-159.35404,67.72899],[-159.35122,67.73054],[-159.35326,67.73217],[-159.35811,67.73224]]]},"properties":{"cell":"890c265a513ffff","res":9,"coarsened":false,"count":1,"hv":1,"mp":0,"y0":null,"y1":null,"sp":[[36,1,1,0,null,null]]}},{"type":"Feature","geometry":{"type":"Polygon","coordinates":[[[-159.29087,67.59073],[-159.29366,67.58918],[-159.29165,67.58756],[-159.28683,67.58748],[-159.28403,67.58903],[-159.28605,67.59066],[-159.29087,67.59073]]]},"properties":{"cell":"890c264140fffff","res":9,"coarsened":false,"count":7,"hv":7,"mp":0,"y0":null,"y1":null,"sp":[[50,2,2,0,null,null],[61,1,1,0,null,null],[46,1,1,0,null,null],[43,1,1,0,null,null],[38,1,1,0,null,null],[12,1,1,0,null,null]]}},{"type":"Feature","geometry":{"type":"Polygon","coordinates":[[[-159.2641,67.61105],[-159.2669,67.6095],[-159.26488,67.60787],[-159.26006,67.6078],[-159.25726,67.60935],[-159.25928,67.61097],[-159.2641,67.61105]]]},"properties":{"cell":"890c2643237ffff","res":9,"coarsened":false,"count":6,"hv":6,"mp":0,"y0":null,"y1":null,"sp":[[43,3,3,0,null,null],[41,1,1,0,null,null],[40,1,1,0,null,null],[38,1,1,0,null,null]]}},{"type":"Feature","geometry":{"type":"Polygon","coordinates":[[[-158.9278,67.84165],[-158.93065,67.84011],[-158.92864,67.83847],[-158.92378,67.83838],[-158.92092,67.83993],[-158.92293,67.84156],[-158.9278,67.84165]]]},"properties":{"cell":"890c26c89d7ffff","res":9,"coarsened":false,"count":2,"hv":2,"mp":0,"y0":null,"y1":null,"sp":[[53,2,2,0,null,null]]}},{"type":"Feature","geometry":{"type":"Polygon","coordinates":[[[-159.66446,66.97231],[-159.66715,66.97076],[-159.66516,66.96915],[-159.66048,66.96909],[-159.65778,66.97064],[-159.65977,66.97225],[-159.66446,66.97231]]]},"properties":{"cell":"890c35ad94bffff","res":9,"coarsened":false,"count":2,"hv":2,"mp":0,"y0":null,"y1":null,"sp":[[41,1,1,0,null,null],[43,1,1,0,null,null]]}},{"type":"Feature","geometry":{"type":"Polygon","coordinates":[[[-159.63129,67.78256],[-159.63409,67.781],[-159.63203,67.77938],[-159.62716,67.77931],[-159.62436,67.78087],[-159.62643,67.7825],[-159.63129,67.78256]]]},"properties":{"cell":"890d1b2ecb3ffff","res":9,"coarsened":false,"count":3,"hv":3,"mp":0,"y0":null,"y1":null,"sp":[[51,3,3,0,null,null]]}},{"type":"Feature","geometry":{"type":"Polygon","coordinates":[[[-159.62441,66.96228],[-159.62711,66.96072],[-159.62512,66.95911],[-159.62044,66.95905],[-159.61774,66.9606],[-159.61972,66.96222],[-159.62441,66.96228]]]},"properties":{"cell":"890c3536697ffff","res":9,"coarsened":false,"count":6,"hv":6,"mp":0,"y0":null,"y1":null,"sp":[[40,3,3,0,null,null],[49,1,1,0,null,null],[43,1,1,0,null,null],[41,1,1,0,null,null]]}},{"type":"Feature","geometry":{"type":"Polygon","coordinates":[[[-159.62465,67.81124],[-159.62745,67.80968],[-159.62538,67.80806],[-159.62051,67.80799],[-159.61771,67.80955],[-159.61977,67.81117],[-159.62465,67.81124]]]},"properties":{"cell":"890d1b2505bffff","res":9,"coarsened":false,"count":5,"hv":5,"mp":0,"y0":null,"y1":null,"sp":[[59,4,4,0,null,null],[53,1,1,0,null,null]]}},{"type":"Feature","geometry":{"type":"Polygon","coordinates":[[[-159.55333,67.46069],[-159.5561,67.45914],[-159.55407,67.45751],[-159.54928,67.45745],[-159.54652,67.459],[-159.54854,67.46062],[-159.55333,67.46069]]]},"properties":{"cell":"890c2649d4bffff","res":9,"coarsened":false,"count":3,"hv":3,"mp":0,"y0":null,"y1":null,"sp":[[12,1,1,0,null,null],[40,1,1,0,null,null],[53,1,1,0,null,null]]}},{"type":"Feature","geometry":{"type":"Polygon","coordinates":[[[-159.54243,66.98182],[-159.54513,66.98027],[-159.54315,66.97866],[-159.53847,66.97859],[-159.53576,66.98014],[-159.53774,66.98176],[-159.54243,66.98182]]]},"properties":{"cell":"890c35acbd7ffff","res":9,"coarsened":false,"count":3,"hv":3,"mp":0,"y0":null,"y1":null,"sp":[[43,1,1,0,null,null],[14,1,1,0,null,null],[40,1,1,0,null,null]]}},{"type":"Feature","geometry":{"type":"Polygon","coordinates":[[[-159.50042,67.4711],[-159.50319,67.46955],[-159.50116,67.46792],[-159.49637,67.46785],[-159.4936,67.46941],[-159.49562,67.47103],[-159.50042,67.4711]]]},"properties":{"cell":"890c2648e4bffff","res":9,"coarsened":false,"count":4,"hv":4,"mp":0,"y0":null,"y1":null,"sp":[[55,2,2,0,null,null],[40,1,1,0,null,null],[44,1,1,0,null,null]]}},{"type":"Feature","geometry":{"type":"Polygon","coordinates":[[[-159.49285,67.47259],[-159.49562,67.47103],[-159.4936,67.46941],[-159.48881,67.46934],[-159.48604,67.47089],[-159.48806,67.47252],[-159.49285,67.47259]]]},"properties":{"cell":"890c2648e43ffff","res":9,"coarsened":false,"count":5,"hv":5,"mp":0,"y0":null,"y1":null,"sp":[[12,2,2,0,null,null],[40,1,1,0,null,null],[38,1,1,0,null,null],[53,1,1,0,null,null]]}},{"type":"Feature","geometry":{"type":"Polygon","coordinates":[[[-159.48072,67.46285],[-159.48349,67.4613],[-159.48147,67.45967],[-159.47668,67.4596],[-159.47391,67.46116],[-159.47593,67.46278],[-159.48072,67.46285]]]},"properties":{"cell":"890c2648e6fffff","res":9,"coarsened":false,"count":6,"hv":6,"mp":0,"y0":null,"y1":null,"sp":[[40,2,2,0,null,null],[44,1,1,0,null,null],[36,1,1,0,null,null],[12,1,1,0,null,null],[46,1,1,0,null,null]]}},{"type":"Feature","geometry":{"type":"Polygon","coordinates":[[[-159.41115,67.45227],[-159.41392,67.45072],[-159.4119,67.4491],[-159.40712,67.44902],[-159.40434,67.45058],[-159.40636,67.4522],[-159.41115,67.45227]]]},"properties":{"cell":"890c264882fffff","res":9,"coarsened":false,"count":2,"hv":2,"mp":0,"y0":null,"y1":null,"sp":[[44,1,1,0,null,null],[36,1,1,0,null,null]]}},{"type":"Feature","geometry":{"type":"Polygon","coordinates":[[[-159.29536,67.60197],[-159.29816,67.60042],[-159.29614,67.59879],[-159.29132,67.59872],[-159.28852,67.60027],[-159.29054,67.6019],[-159.29536,67.60197]]]},"properties":{"cell":"890c26414d7ffff","res":9,"coarsened":false,"count":9,"hv":9,"mp":0,"y0":null,"y1":null,"sp":[[43,3,3,0,null,null],[41,2,2,0,null,null],[44,1,1,0,null,null],[60,1,1,0,null,null],[38,1,1,0,null,null],[61,1,1,0,null,null]]}},{"type":"Feature","geometry":{"type":"Polygon","coordinates":[[[-159.20165,67.54147],[-159.20445,67.53992],[-159.20245,67.53829],[-159.19764,67.53821],[-159.19485,67.53976],[-159.19685,67.54139],[-159.20165,67.54147]]]},"properties":{"cell":"890c2641c77ffff","res":9,"coarsened":false,"count":4,"hv":4,"mp":0,"y0":null,"y1":null,"sp":[[36,2,2,0,null,null],[52,2,2,0,null,null]]}},{"type":"Feature","geometry":{"type":"Polygon","coordinates":[[[-159.65355,67.78127],[-159.65635,67.77971],[-159.65429,67.77808],[-159.64942,67.77802],[-159.64662,67.77958],[-159.64869,67.7812],[-159.65355,67.78127]]]},"properties":{"cell":"890d1b2ec13ffff","res":9,"coarsened":false,"count":3,"hv":3,"mp":0,"y0":null,"y1":null,"sp":[[51,1,1,0,null,null],[45,1,1,0,null,null],[54,1,1,0,null,null]]}},{"type":"Feature","geometry":{"type":"Polygon","coordinates":[[[-159.62436,67.78087],[-159.62716,67.77931],[-159.6251,67.77768],[-159.62024,67.77762],[-159.61744,67.77918],[-159.6195,67.7808],[-159.62436,67.78087]]]},"properties":{"cell":"890d1b2ecb7ffff","res":9,"coarsened":false,"count":1,"hv":1,"mp":0,"y0":null,"y1":null,"sp":[[53,1,1,0,null,null]]}},{"type":"Feature","geometry":{"type":"Polygon","coordinates":[[[-159.5148,67.47131],[-159.51757,67.46975],[-159.51554,67.46813],[-159.51075,67.46806],[-159.50798,67.46961],[-159.51,67.47124],[-159.5148,67.47131]]]},"properties":{"cell":"890c2649d83ffff","res":9,"coarsened":false,"count":2,"hv":2,"mp":0,"y0":null,"y1":null,"sp":[[53,1,1,0,null,null],[36,1,1,0,null,null]]}},{"type":"Feature","geometry":{"type":"Polygon","coordinates":[[[-159.45535,67.72253],[-159.45816,67.72098],[-159.45611,67.71935],[-159.45127,67.71928],[-159.44846,67.72083],[-159.4505,67.72246],[-159.45535,67.72253]]]},"properties":{"cell":"890c265a62bffff","res":9,"coarsened":false,"count":2,"hv":2,"mp":0,"y0":null,"y1":null,"sp":[[30,1,1,0,null,null],[65,1,1,0,null,null]]}},{"type":"Feature","geometry":{"type":"Polygon","coordinates":[[[-159.44209,67.38263],[-159.44485,67.38108],[-159.44284,67.37946],[-159.43807,67.37939],[-159.4353,67.38094],[-159.43731,67.38256],[-159.44209,67.38263]]]},"properties":{"cell":"890c35b2e9bffff","res":9,"coarsened":false,"count":2,"hv":2,"mp":0,"y0":null,"y1":null,"sp":[[40,1,1,0,null,null],[36,1,1,0,null,null]]}},{"type":"Feature","geometry":{"type":"Polygon","coordinates":[[[-159.40249,67.76008],[-159.4053,67.75852],[-159.40326,67.75689],[-159.39841,67.75682],[-159.39559,67.75838],[-159.39764,67.76],[-159.40249,67.76008]]]},"properties":{"cell":"890d1b24a0fffff","res":9,"coarsened":false,"count":4,"hv":4,"mp":0,"y0":null,"y1":null,"sp":[[40,2,2,0,null,null],[44,1,1,0,null,null],[38,1,1,0,null,null]]}},{"type":"Feature","geometry":{"type":"Polygon","coordinates":[[[-159.38032,67.73099],[-159.38313,67.72943],[-159.38109,67.7278],[-159.37624,67.72773],[-159.37343,67.72928],[-159.37547,67.73091],[-159.38032,67.73099]]]},"properties":{"cell":"890c265a553ffff","res":9,"coarsened":false,"count":2,"hv":2,"mp":0,"y0":null,"y1":null,"sp":[[52,1,1,0,null,null],[56,1,1,0,null,null]]}},{"type":"Feature","geometry":{"type":"Polygon","coordinates":[[[-158.93987,67.85146],[-158.94273,67.84991],[-158.94071,67.84828],[-158.93585,67.84819],[-158.93299,67.84974],[-158.935,67.85137],[-158.93987,67.85146]]]},"properties":{"cell":"890c26c8d4fffff","res":9,"coarsened":false,"count":3,"hv":3,"mp":0,"y0":null,"y1":null,"sp":[[38,2,2,0,null,null],[44,1,1,0,null,null]]}},{"type":"Feature","geometry":{"type":"Polygon","coordinates":[[[-160.18359,67.66138],[-160.18634,67.65981],[-160.18424,67.65819],[-160.17939,67.65814],[-160.17664,67.65971],[-160.17874,67.66133],[-160.18359,67.66138]]]},"properties":{"cell":"890c3590393ffff","res":9,"coarsened":false,"count":2,"hv":2,"mp":0,"y0":null,"y1":null,"sp":[[43,1,1,0,null,null],[36,1,1,0,null,null]]}},{"type":"Feature","geometry":{"type":"Polygon","coordinates":[[[-159.45307,67.73208],[-159.45588,67.73053],[-159.45383,67.7289],[-159.44898,67.72883],[-159.44617,67.73038],[-159.44822,67.73201],[-159.45307,67.73208]]]},"properties":{"cell":"890c265a617ffff","res":9,"coarsened":false,"count":2,"hv":2,"mp":0,"y0":null,"y1":null,"sp":[[44,2,2,0,null,null]]}},{"type":"Feature","geometry":{"type":"Polygon","coordinates":[[[-159.52918,67.47151],[-159.53195,67.46995],[-159.52992,67.46833],[-159.52513,67.46826],[-159.52236,67.46982],[-159.52438,67.47144],[-159.52918,67.47151]]]},"properties":{"cell":"890c2649dd7ffff","res":9,"coarsened":false,"count":1,"hv":1,"mp":0,"y0":null,"y1":null,"sp":[[40,1,1,0,null,null]]}},{"type":"Feature","geometry":{"type":"Polygon","coordinates":[[[-160.14194,67.65136],[-160.14469,67.6498],[-160.1426,67.64818],[-160.13775,67.64813],[-160.135,67.64969],[-160.13709,67.65131],[-160.14194,67.65136]]]},"properties":{"cell":"890c3590167ffff","res":9,"coarsened":false,"count":1,"hv":1,"mp":0,"y0":null,"y1":null,"sp":[[40,1,1,0,null,null]]}},{"type":"Feature","geometry":{"type":"Polygon","coordinates":[[[-160.10946,67.35273],[-160.11218,67.35117],[-160.11012,67.34955],[-160.10534,67.3495],[-160.10263,67.35107],[-160.10469,67.35268],[-160.10946,67.35273]]]},"properties":{"cell":"890c358ebc7ffff","res":9,"coarsened":false,"count":1,"hv":1,"mp":0,"y0":null,"y1":null,"sp":[[36,1,1,0,null,null]]}},{"type":"Feature","geometry":{"type":"Polygon","coordinates":[[[-159.67289,67.79272],[-159.67569,67.79116],[-159.67362,67.78953],[-159.66875,67.78947],[-159.66595,67.79103],[-159.66802,67.79266],[-159.67289,67.79272]]]},"properties":{"cell":"890d1b2e1b7ffff","res":9,"coarsened":false,"count":1,"hv":1,"mp":0,"y0":null,"y1":null,"sp":[[1,1,1,0,null,null]]}},{"type":"Feature","geometry":{"type":"Polygon","coordinates":[[[-159.45187,67.37163],[-159.45463,67.37008],[-159.45262,67.36846],[-159.44785,67.36839],[-159.44509,67.36994],[-159.4471,67.37156],[-159.45187,67.37163]]]},"properties":{"cell":"890c35b2e0bffff","res":9,"coarsened":false,"count":1,"hv":1,"mp":0,"y0":null,"y1":null,"sp":[[44,1,1,0,null,null]]}},{"type":"Feature","geometry":{"type":"Polygon","coordinates":[[[-159.24253,67.55169],[-159.24533,67.55014],[-159.24332,67.54852],[-159.23851,67.54844],[-159.23572,67.54999],[-159.23773,67.55162],[-159.24253,67.55169]]]},"properties":{"cell":"890c264112bffff","res":9,"coarsened":false,"count":7,"hv":7,"mp":0,"y0":null,"y1":null,"sp":[[40,2,2,0,null,null],[46,1,1,0,null,null],[38,1,1,0,null,null],[44,1,1,0,null,null],[51,1,1,0,null,null],[41,1,1,0,null,null]]}},{"type":"Feature","geometry":{"type":"Polygon","coordinates":[[[-159.23048,67.54193],[-159.23327,67.54038],[-159.23126,67.53876],[-159.22646,67.53868],[-159.22367,67.54023],[-159.22567,67.54186],[-159.23048,67.54193]]]},"properties":{"cell":"890c2641eb3ffff","res":9,"coarsened":false,"count":8,"hv":8,"mp":0,"y0":null,"y1":null,"sp":[[43,2,2,0,null,null],[44,2,2,0,null,null],[49,1,1,0,null,null],[38,1,1,0,null,null],[46,1,1,0,null,null],[40,1,1,0,null,null]]}},{"type":"Feature","geometry":{"type":"Polygon","coordinates":[[[-159.46164,67.36062],[-159.4644,67.35907],[-159.46239,67.35745],[-159.45762,67.35738],[-159.45487,67.35893],[-159.45688,67.36056],[-159.46164,67.36062]]]},"properties":{"cell":"890c35b2ad3ffff","res":9,"coarsened":false,"count":1,"hv":1,"mp":0,"y0":null,"y1":null,"sp":[[36,1,1,0,null,null]]}},{"type":"Feature","geometry":{"type":"Polygon","coordinates":[[[-159.69298,67.80098],[-159.69578,67.79942],[-159.69371,67.7978],[-159.68884,67.79773],[-159.68604,67.79929],[-159.68811,67.80092],[-159.69298,67.80098]]]},"properties":{"cell":"890d1b2e193ffff","res":9,"coarsened":false,"count":1,"hv":1,"mp":0,"y0":null,"y1":null,"sp":[[50,1,1,0,null,null]]}},{"type":"Feature","geometry":{"type":"Polygon","coordinates":[[[-159.65252,66.96264],[-159.65521,66.96109],[-159.65322,66.95947],[-159.64854,66.95941],[-159.64584,66.96097],[-159.64783,66.96258],[-159.65252,66.96264]]]},"properties":{"cell":"890c35366d3ffff","res":9,"coarsened":false,"count":7,"hv":7,"mp":0,"y0":null,"y1":null,"sp":[[40,2,2,0,null,null],[41,2,2,0,null,null],[43,1,1,0,null,null],[12,1,1,0,null,null],[46,1,1,0,null,null]]}},{"type":"Feature","geometry":{"type":"Polygon","coordinates":[[[-159.38257,67.75179],[-159.38539,67.75023],[-159.38335,67.7486],[-159.37849,67.74853],[-159.37568,67.75008],[-159.37772,67.75171],[-159.38257,67.75179]]]},"properties":{"cell":"890d1b24b5bffff","res":9,"coarsened":false,"count":1,"hv":1,"mp":0,"y0":null,"y1":null,"sp":[[30,1,1,0,null,null]]}},{"type":"Feature","geometry":{"type":"Polygon","coordinates":[[[-159.25224,67.57098],[-159.25504,67.56943],[-159.25303,67.56781],[-159.24822,67.56773],[-159.24542,67.56928],[-159.24743,67.57091],[-159.25224,67.57098]]]},"properties":{"cell":"890c264156fffff","res":9,"coarsened":false,"count":8,"hv":8,"mp":0,"y0":null,"y1":null,"sp":[[41,2,2,0,null,null],[49,1,1,0,null,null],[51,1,1,0,null,null],[12,1,1,0,null,null],[14,1,1,0,null,null],[38,1,1,0,null,null],[40,1,1,0,null,null]]}},{"type":"Feature","geometry":{"type":"Polygon","coordinates":[[[-159.2302,67.57223],[-159.233,67.57068],[-159.23099,67.56905],[-159.22618,67.56897],[-159.22338,67.57052],[-159.22539,67.57215],[-159.2302,67.57223]]]},"properties":{"cell":"890c264152fffff","res":9,"coarsened":false,"count":5,"hv":5,"mp":0,"y0":null,"y1":null,"sp":[[58,1,1,0,null,null],[46,1,1,0,null,null],[69,1,1,0,null,null],[12,1,1,0,null,null],[38,1,1,0,null,null]]}},{"type":"Feature","geometry":{"type":"Polygon","coordinates":[[[-159.44959,67.3509],[-159.45235,67.34934],[-159.45034,67.34772],[-159.44557,67.34765],[-159.44282,67.34921],[-159.44482,67.35083],[-159.44959,67.3509]]]},"properties":{"cell":"890c35b2a03ffff","res":9,"coarsened":false,"count":2,"hv":2,"mp":0,"y0":null,"y1":null,"sp":[[36,1,1,0,null,null],[44,1,1,0,null,null]]}},{"type":"Feature","geometry":{"type":"Polygon","coordinates":[[[-159.50025,66.98124],[-159.50296,66.97969],[-159.50098,66.97808],[-159.49629,66.97801],[-159.49358,66.97956],[-159.49556,66.98118],[-159.50025,66.98124]]]},"properties":{"cell":"890c35ac947ffff","res":9,"coarsened":false,"count":2,"hv":2,"mp":0,"y0":null,"y1":null,"sp":[[66,1,1,0,null,null],[41,1,1,0,null,null]]}},{"type":"Feature","geometry":{"type":"Polygon","coordinates":[[[-159.71195,67.78206],[-159.71474,67.7805],[-159.71267,67.77887],[-159.70781,67.7788],[-159.70501,67.78037],[-159.70708,67.78199],[-159.71195,67.78206]]]},"properties":{"cell":"890d1b2e163ffff","res":9,"coarsened":false,"count":5,"hv":5,"mp":0,"y0":null,"y1":null,"sp":[[43,2,2,0,null,null],[38,1,1,0,null,null],[44,1,1,0,null,null],[51,1,1,0,null,null]]}},{"type":"Feature","geometry":{"type":"Polygon","coordinates":[[[-159.69992,67.80268],[-159.70272,67.80111],[-159.70065,67.79949],[-159.69578,67.79942],[-159.69298,67.80098],[-159.69505,67.80261],[-159.69992,67.80268]]]},"properties":{"cell":"890d1b2e567ffff","res":9,"coarsened":false,"count":3,"hv":3,"mp":0,"y0":null,"y1":null,"sp":[[53,2,2,0,null,null],[59,1,1,0,null,null]]}},{"type":"Feature","geometry":{"type":"Polygon","coordinates":[[[-160.19911,67.37116],[-160.20183,67.3696],[-160.19975,67.36798],[-160.19497,67.36794],[-160.19226,67.3695],[-160.19433,67.37112],[-160.19911,67.37116]]]},"properties":{"cell":"890c358c503ffff","res":9,"coarsened":false,"count":2,"hv":2,"mp":0,"y0":null,"y1":null,"sp":[[44,2,2,0,null,null]]}},{"type":"Feature","geometry":{"type":"Polygon","coordinates":[[[-160.09074,67.65242],[-160.0935,67.65085],[-160.09141,67.64923],[-160.08657,67.64918],[-160.08381,67.65074],[-160.0859,67.65236],[-160.09074,67.65242]]]},"properties":{"cell":"890c3590c13ffff","res":9,"coarsened":false,"count":4,"hv":4,"mp":0,"y0":null,"y1":null,"sp":[[51,2,2,0,null,null],[44,2,2,0,null,null]]}},{"type":"Feature","geometry":{"type":"Polygon","coordinates":[[[-159.95628,67.87148],[-159.95907,67.86991],[-159.95697,67.86829],[-159.95208,67.86823],[-159.94929,67.8698],[-159.95138,67.87142],[-159.95628,67.87148]]]},"properties":{"cell":"890d1b21357ffff","res":9,"coarsened":false,"count":8,"hv":8,"mp":0,"y0":null,"y1":null,"sp":[[53,2,2,0,null,null],[51,2,2,0,null,null],[38,1,1,0,null,null],[44,1,1,0,null,null],[43,1,1,0,null,null],[57,1,1,0,null,null]]}},{"type":"Feature","geometry":{"type":"Polygon","coordinates":[[[-159.68056,67.79123],[-159.68336,67.78967],[-159.68129,67.78804],[-159.67642,67.78797],[-159.67362,67.78953],[-159.67569,67.79116],[-159.68056,67.79123]]]},"properties":{"cell":"890d1b2e1a3ffff","res":9,"coarsened":false,"count":4,"hv":4,"mp":0,"y0":null,"y1":null,"sp":[[46,1,1,0,null,null],[48,1,1,0,null,null],[43,1,1,0,null,null],[40,1,1,0,null,null]]}},{"type":"Feature","geometry":{"type":"Polygon","coordinates":[[[-159.67184,66.97082],[-159.67454,66.96927],[-159.67254,66.96766],[-159.66786,66.9676],[-159.66516,66.96915],[-159.66715,66.97076],[-159.67184,66.97082]]]},"properties":{"cell":"890c35adb87ffff","res":9,"coarsened":false,"count":9,"hv":9,"mp":0,"y0":null,"y1":null,"sp":[[45,2,2,0,null,null],[43,2,2,0,null,null],[46,2,2,0,null,null],[52,1,1,0,null,null],[40,1,1,0,null,null],[41,1,1,0,null,null]]}},{"type":"Feature","geometry":{"type":"Polygon","coordinates":[[[-160.10034,67.64134],[-160.10309,67.63977],[-160.101,67.63815],[-160.09616,67.6381],[-160.09341,67.63967],[-160.09549,67.64129],[-160.10034,67.64134]]]},"properties":{"cell":"890c3590c63ffff","res":9,"coarsened":false,"count":4,"hv":4,"mp":0,"y0":null,"y1":null,"sp":[[40,2,2,0,null,null],[49,1,1,0,null,null],[50,1,1,0,null,null]]}},{"type":"Feature","geometry":{"type":"Polygon","coordinates":[[[-159.65039,66.97213],[-159.65309,66.97058],[-159.6511,66.96897],[-159.64642,66.96891],[-159.64372,66.97046],[-159.64571,66.97207],[-159.65039,66.97213]]]},"properties":{"cell":"890c35ad947ffff","res":9,"coarsened":false,"count":4,"hv":4,"mp":0,"y0":null,"y1":null,"sp":[[40,2,2,0,null,null],[45,1,1,0,null,null],[12,1,1,0,null,null]]}},{"type":"Feature","geometry":{"type":"Polygon","coordinates":[[[-159.4431,67.71277],[-159.4459,67.71121],[-159.44386,67.70959],[-159.43901,67.70951],[-159.43621,67.71107],[-159.43825,67.7127],[-159.4431,67.71277]]]},"properties":{"cell":"890c265a2b3ffff","res":9,"coarsened":false,"count":1,"hv":1,"mp":0,"y0":null,"y1":null,"sp":[[45,1,1,0,null,null]]}},{"type":"Feature","geometry":{"type":"Polygon","coordinates":[[[-159.4308,67.46053],[-159.43357,67.45898],[-159.43156,67.45735],[-159.42677,67.45728],[-159.42399,67.45884],[-159.42601,67.46046],[-159.4308,67.46053]]]},"properties":{"cell":"890c264880bffff","res":9,"coarsened":false,"count":3,"hv":3,"mp":0,"y0":null,"y1":null,"sp":[[44,2,2,0,null,null],[51,1,1,0,null,null]]}},{"type":"Feature","geometry":{"type":"Polygon","coordinates":[[[-159.36034,67.75304],[-159.36316,67.75149],[-159.36112,67.74986],[-159.35626,67.74979],[-159.35345,67.75134],[-159.35549,67.75297],[-159.36034,67.75304]]]},"properties":{"cell":"890d1b24b1bffff","res":9,"coarsened":false,"count":3,"hv":3,"mp":0,"y0":null,"y1":null,"sp":[[52,2,2,0,null,null],[55,1,1,0,null,null]]}},{"type":"Feature","geometry":{"type":"Polygon","coordinates":[[[-159.26455,67.55045],[-159.26735,67.5489],[-159.26534,67.54727],[-159.26053,67.54719],[-159.25774,67.54874],[-159.25975,67.55037],[-159.26455,67.55045]]]},"properties":{"cell":"890c264116bffff","res":9,"coarsened":false,"count":7,"hv":7,"mp":0,"y0":null,"y1":null,"sp":[[43,2,2,0,null,null],[41,1,1,0,null,null],[52,1,1,0,null,null],[40,1,1,0,null,null],[49,1,1,0,null,null],[36,1,1,0,null,null]]}},{"type":"Feature","geometry":{"type":"Polygon","coordinates":[[[-159.24489,67.54216],[-159.24768,67.54061],[-159.24567,67.53899],[-159.24087,67.53891],[-159.23808,67.54046],[-159.24009,67.54209],[-159.24489,67.54216]]]},"properties":{"cell":"890c2641e8fffff","res":9,"coarsened":false,"count":5,"hv":5,"mp":0,"y0":null,"y1":null,"sp":[[44,2,2,0,null,null],[46,2,2,0,null,null],[43,1,1,0,null,null]]}},{"type":"Feature","geometry":{"type":"Polygon","coordinates":[[[-159.19405,67.54294],[-159.19685,67.54139],[-159.19485,67.53976],[-159.19004,67.53968],[-159.18724,67.54123],[-159.18925,67.54286],[-159.19405,67.54294]]]},"properties":{"cell":"890c2641c3bffff","res":9,"coarsened":false,"count":1,"hv":1,"mp":0,"y0":null,"y1":null,"sp":[[36,1,1,0,null,null]]}},{"type":"Feature","geometry":{"type":"Polygon","coordinates":[[[-160.12542,67.66077],[-160.12818,67.65921],[-160.12608,67.65759],[-160.12124,67.65753],[-160.11849,67.6591],[-160.12058,67.66072],[-160.12542,67.66077]]]},"properties":{"cell":"890c35901abffff","res":9,"coarsened":false,"count":4,"hv":4,"mp":0,"y0":null,"y1":null,"sp":[[51,2,2,0,null,null],[44,1,1,0,null,null],[40,1,1,0,null,null]]}},{"type":"Feature","geometry":{"type":"Polygon","coordinates":[[[-160.10528,67.65257],[-160.10803,67.651],[-160.10594,67.64938],[-160.1011,67.64933],[-160.09834,67.6509],[-160.10043,67.65252],[-160.10528,67.65257]]]},"properties":{"cell":"890c3590ccfffff","res":9,"coarsened":false,"count":3,"hv":3,"mp":0,"y0":null,"y1":null,"sp":[[44,2,2,0,null,null],[57,1,1,0,null,null]]}},{"type":"Feature","geometry":{"type":"Polygon","coordinates":[[[-160.16041,67.63239],[-160.16315,67.63082],[-160.16106,67.6292],[-160.15622,67.62915],[-160.15347,67.63072],[-160.15556,67.63234],[-160.16041,67.63239]]]},"properties":{"cell":"890c3590e7bffff","res":9,"coarsened":false,"count":3,"hv":3,"mp":0,"y0":null,"y1":null,"sp":[[40,1,1,0,null,null],[51,1,1,0,null,null],[44,1,1,0,null,null]]}},{"type":"Feature","geometry":{"type":"Polygon","coordinates":[[[-160.11981,67.65273],[-160.12256,67.65116],[-160.12047,67.64954],[-160.11563,67.64949],[-160.11287,67.65106],[-160.11496,67.65268],[-160.11981,67.65273]]]},"properties":{"cell":"890c3590127ffff","res":9,"coarsened":false,"count":1,"hv":1,"mp":0,"y0":null,"y1":null,"sp":[[10,1,1,0,null,null]]}},{"type":"Feature","geometry":{"type":"Polygon","coordinates":[[[-159.62686,67.80168],[-159.62967,67.80012],[-159.6276,67.7985],[-159.62273,67.79843],[-159.61993,67.79999],[-159.62199,67.80161],[-159.62686,67.80168]]]},"properties":{"cell":"890d1b252a3ffff","res":9,"coarsened":false,"count":4,"hv":4,"mp":0,"y0":null,"y1":null,"sp":[[51,3,3,0,null,null],[53,1,1,0,null,null]]}},{"type":"Feature","geometry":{"type":"Polygon","coordinates":[[[-159.52097,66.98312],[-159.52368,66.98157],[-159.5217,66.97995],[-159.51701,66.97989],[-159.51431,66.98144],[-159.51629,66.98305],[-159.52097,66.98312]]]},"properties":{"cell":"890c35acb97ffff","res":9,"coarsened":false,"count":2,"hv":2,"mp":0,"y0":null,"y1":null,"sp":[[45,1,1,0,null,null],[41,1,1,0,null,null]]}},{"type":"Feature","geometry":{"type":"Polygon","coordinates":[[[-159.41347,67.35196],[-159.41623,67.35041],[-159.41423,67.34879],[-159.40946,67.34872],[-159.4067,67.35027],[-159.40871,67.35189],[-159.41347,67.35196]]]},"properties":{"cell":"890c35b286bffff","res":9,"coarsened":false,"count":4,"hv":4,"mp":0,"y0":null,"y1":null,"sp":[[41,3,3,0,null,null],[14,1,1,0,null,null]]}},{"type":"Feature","geometry":{"type":"Polygon","coordinates":[[[-158.97095,67.8728],[-158.97381,67.87125],[-158.97179,67.86962],[-158.96691,67.86953],[-158.96406,67.87108],[-158.96608,67.87271],[-158.97095,67.8728]]]},"properties":{"cell":"890c26c8cc7ffff","res":9,"coarsened":false,"count":2,"hv":2,"mp":0,"y0":null,"y1":null,"sp":[[49,1,1,0,null,null],[53,1,1,0,null,null]]}},{"type":"Feature","geometry":{"type":"Polygon","coordinates":[[[-158.93215,67.85292],[-158.935,67.85137],[-158.93299,67.84974],[-158.92812,67.84965],[-158.92527,67.8512],[-158.92728,67.85283],[-158.93215,67.85292]]]},"properties":{"cell":"890c26c8d47ffff","res":9,"coarsened":false,"count":2,"hv":2,"mp":0,"y0":null,"y1":null,"sp":[[1,1,1,0,null,null],[10,1,1,0,null,null]]}},{"type":"Feature","geometry":{"type":"Polygon","coordinates":[[[-159.60951,67.7503],[-159.61231,67.74874],[-159.61025,67.74712],[-159.60539,67.74705],[-159.60259,67.74861],[-159.60465,67.75024],[-159.60951,67.7503]]]},"properties":{"cell":"890d1b2e98bffff","res":9,"coarsened":false,"count":1,"hv":1,"mp":0,"y0":null,"y1":null,"sp":[[30,1,1,0,null,null]]}},{"type":"Feature","geometry":{"type":"Polygon","coordinates":[[[-159.58462,66.98239],[-159.58732,66.98083],[-159.58534,66.97922],[-159.58065,66.97916],[-159.57795,66.98071],[-159.57993,66.98232],[-159.58462,66.98239]]]},"properties":{"cell":"890c35aca0fffff","res":9,"coarsened":false,"count":4,"hv":4,"mp":0,"y0":null,"y1":null,"sp":[[46,1,1,0,null,null],[12,1,1,0,null,null],[40,1,1,0,null,null],[41,1,1,0,null,null]]}},{"type":"Feature","geometry":{"type":"Polygon","coordinates":[[[-159.54982,66.98033],[-159.55253,66.97878],[-159.55054,66.97717],[-159.54586,66.97711],[-159.54315,66.97866],[-159.54513,66.98027],[-159.54982,66.98033]]]},"properties":{"cell":"890c35acbc3ffff","res":9,"coarsened":false,"count":6,"hv":6,"mp":0,"y0":null,"y1":null,"sp":[[12,3,3,0,null,null],[49,1,1,0,null,null],[40,1,1,0,null,null],[45,1,1,0,null,null]]}},{"type":"Feature","geometry":{"type":"Polygon","coordinates":[[[-159.43163,67.76052],[-159.43444,67.75896],[-159.4324,67.75733],[-159.42754,67.75726],[-159.42473,67.75882],[-159.42677,67.76044],[-159.43163,67.76052]]]},"properties":{"cell":"890d1b24a4bffff","res":9,"coarsened":false,"count":1,"hv":1,"mp":0,"y0":null,"y1":null,"sp":[[36,1,1,0,null,null]]}},{"type":"Feature","geometry":{"type":"Polygon","coordinates":[[[-159.42326,67.34096],[-159.42601,67.33941],[-159.42401,67.33779],[-159.41925,67.33772],[-159.41649,67.33927],[-159.41849,67.34089],[-159.42326,67.34096]]]},"properties":{"cell":"890c35b2b53ffff","res":9,"coarsened":false,"count":2,"hv":2,"mp":0,"y0":null,"y1":null,"sp":[[41,1,1,0,null,null],[37,1,1,0,null,null]]}},{"type":"Feature","geometry":{"type":"Polygon","coordinates":[[[-159.41121,67.36148],[-159.41397,67.35993],[-159.41196,67.35831],[-159.4072,67.35824],[-159.40444,67.35979],[-159.40644,67.36141],[-159.41121,67.36148]]]},"properties":{"cell":"890c35b2857ffff","res":9,"coarsened":false,"count":4,"hv":4,"mp":0,"y0":null,"y1":null,"sp":[[41,4,4,0,null,null]]}},{"type":"Feature","geometry":{"type":"Polygon","coordinates":[[[-159.37266,67.73247],[-159.37547,67.73091],[-159.37343,67.72928],[-159.36858,67.72921],[-159.36577,67.73076],[-159.36781,67.73239],[-159.37266,67.73247]]]},"properties":{"cell":"890c265a5cfffff","res":9,"coarsened":false,"count":2,"hv":2,"mp":0,"y0":null,"y1":null,"sp":[[45,1,1,0,null,null],[52,1,1,0,null,null]]}},{"type":"Feature","geometry":{"type":"Polygon","coordinates":[[[-159.28345,67.56191],[-159.28625,67.56036],[-159.28423,67.55873],[-159.27943,67.55866],[-159.27663,67.56021],[-159.27864,67.56183],[-159.28345,67.56191]]]},"properties":{"cell":"890c264102fffff","res":9,"coarsened":false,"count":6,"hv":6,"mp":0,"y0":null,"y1":null,"sp":[[37,2,2,0,null,null],[41,1,1,0,null,null],[46,1,1,0,null,null],[60,1,1,0,null,null],[14,1,1,0,null,null]]}},{"type":"Feature","geometry":{"type":"Polygon","coordinates":[[[-159.05428,67.86308],[-159.05713,67.86153],[-159.0551,67.8599],[-159.05023,67.85981],[-159.04738,67.86136],[-159.04941,67.86299],[-159.05428,67.86308]]]},"properties":{"cell":"890c26c8323ffff","res":9,"coarsened":false,"count":4,"hv":4,"mp":0,"y0":null,"y1":null,"sp":[[51,2,2,0,null,null],[43,1,1,0,null,null],[53,1,1,0,null,null]]}},{"type":"Feature","geometry":{"type":"Polygon","coordinates":[[[-158.96406,67.87108],[-158.96691,67.86953],[-158.9649,67.86789],[-158.96002,67.86781],[-158.95717,67.86935],[-158.95918,67.87099],[-158.96406,67.87108]]]},"properties":{"cell":"890c26c8c13ffff","res":9,"coarsened":false,"count":2,"hv":2,"mp":0,"y0":null,"y1":null,"sp":[[51,1,1,0,null,null],[49,1,1,0,null,null]]}},{"type":"Feature","geometry":{"type":"Polygon","coordinates":[[[-159.68531,67.80248],[-159.68811,67.80092],[-159.68604,67.79929],[-159.68117,67.79923],[-159.67837,67.80079],[-159.68044,67.80241],[-159.68531,67.80248]]]},"properties":{"cell":"890d1b2e52fffff","res":9,"coarsened":false,"count":3,"hv":3,"mp":0,"y0":null,"y1":null,"sp":[[53,2,2,0,null,null],[51,1,1,0,null,null]]}},{"type":"Feature","geometry":{"type":"Polygon","coordinates":[[[-159.47391,67.46116],[-159.47668,67.4596],[-159.47466,67.45798],[-159.46987,67.45791],[-159.4671,67.45947],[-159.46912,67.46109],[-159.47391,67.46116]]]},"properties":{"cell":"890c2648a9bffff","res":9,"coarsened":false,"count":3,"hv":3,"mp":0,"y0":null,"y1":null,"sp":[[44,1,1,0,null,null],[40,1,1,0,null,null],[12,1,1,0,null,null]]}},{"type":"Feature","geometry":{"type":"Polygon","coordinates":[[[-159.39241,67.35006],[-159.39517,67.34851],[-159.39317,67.34689],[-159.3884,67.34681],[-159.38564,67.34837],[-159.38764,67.34999],[-159.39241,67.35006]]]},"properties":{"cell":"890c35b2b93ffff","res":9,"coarsened":false,"count":2,"hv":2,"mp":0,"y0":null,"y1":null,"sp":[[41,2,2,0,null,null]]}},{"type":"Feature","geometry":{"type":"Polygon","coordinates":[[[-159.36801,67.75156],[-159.37082,67.75001],[-159.36879,67.74838],[-159.36393,67.74831],[-159.36112,67.74986],[-159.36316,67.75149],[-159.36801,67.75156]]]},"properties":{"cell":"890d1b24b57ffff","res":9,"coarsened":false,"count":2,"hv":2,"mp":0,"y0":null,"y1":null,"sp":[[56,1,1,0,null,null],[52,1,1,0,null,null]]}},{"type":"Feature","geometry":{"type":"Polygon","coordinates":[[[-159.63896,67.78107],[-159.64176,67.77951],[-159.63969,67.77788],[-159.63483,67.77782],[-159.63203,67.77938],[-159.63409,67.781],[-159.63896,67.78107]]]},"properties":{"cell":"890d1b2ecbbffff","res":9,"coarsened":false,"count":3,"hv":3,"mp":0,"y0":null,"y1":null,"sp":[[53,2,2,0,null,null],[43,1,1,0,null,null]]}},{"type":"Feature","geometry":{"type":"Polygon","coordinates":[[[-159.43853,67.76222],[-159.44135,67.76066],[-159.4393,67.75903],[-159.43444,67.75896],[-159.43163,67.76052],[-159.43368,67.76215],[-159.43853,67.76222]]]},"properties":{"cell":"890d1b25997ffff","res":9,"coarsened":false,"count":4,"hv":4,"mp":0,"y0":null,"y1":null,"sp":[[59,1,1,0,null,null],[51,1,1,0,null,null],[40,1,1,0,null,null],[53,1,1,0,null,null]]}},{"type":"Feature","geometry":{"type":"Polygon","coordinates":[[[-159.60821,66.97159],[-159.61091,66.97004],[-159.60893,66.96842],[-159.60424,66.96836],[-159.60154,66.96991],[-159.60353,66.97153],[-159.60821,66.97159]]]},"properties":{"cell":"890c35364dbffff","res":9,"coarsened":false,"count":3,"hv":3,"mp":0,"y0":null,"y1":null,"sp":[[40,1,1,0,null,null],[45,1,1,0,null,null],[12,1,1,0,null,null]]}},{"type":"Feature","geometry":{"type":"Polygon","coordinates":[[[-158.96657,67.86153],[-158.96943,67.85998],[-158.96741,67.85835],[-158.96254,67.85826],[-158.95969,67.85981],[-158.9617,67.86144],[-158.96657,67.86153]]]},"properties":{"cell":"890c26c8c77ffff","res":9,"coarsened":false,"count":2,"hv":2,"mp":0,"y0":null,"y1":null,"sp":[[51,1,1,0,null,null],[43,1,1,0,null,null]]}},{"type":"Feature","geometry":{"type":"Polygon","coordinates":[[[-160.19813,67.66153],[-160.20088,67.65996],[-160.19878,67.65834],[-160.19393,67.65829],[-160.19118,67.65986],[-160.19328,67.66148],[-160.19813,67.66153]]]},"properties":{"cell":"890c359006fffff","res":9,"coarsened":false,"count":1,"hv":1,"mp":0,"y0":null,"y1":null,"sp":[[30,1,1,0,null,null]]}},{"type":"Feature","geometry":{"type":"Polygon","coordinates":[[[-159.59416,66.9714],[-159.59686,66.96985],[-159.59487,66.96824],[-159.59019,66.96818],[-159.58749,66.96973],[-159.58947,66.97134],[-159.59416,66.9714]]]},"properties":{"cell":"890c35364d7ffff","res":9,"coarsened":false,"count":1,"hv":1,"mp":0,"y0":null,"y1":null,"sp":[[41,1,1,0,null,null]]}},{"type":"Feature","geometry":{"type":"Polygon","coordinates":[[[-159.52162,67.473],[-159.52438,67.47144],[-159.52236,67.46982],[-159.51757,67.46975],[-159.5148,67.47131],[-159.51682,67.47293],[-159.52162,67.473]]]},"properties":{"cell":"890c2649d9bffff","res":9,"coarsened":false,"count":2,"hv":2,"mp":0,"y0":null,"y1":null,"sp":[[30,1,1,0,null,null],[40,1,1,0,null,null]]}},{"type":"Feature","geometry":{"type":"Polygon","coordinates":[[[-159.35345,67.75134],[-159.35626,67.74979],[-159.35423,67.74816],[-159.34937,67.74808],[-159.34656,67.74964],[-159.3486,67.75126],[-159.35345,67.75134]]]},"properties":{"cell":"890d1b24b03ffff","res":9,"coarsened":false,"count":1,"hv":1,"mp":0,"y0":null,"y1":null,"sp":[[52,1,1,0,null,null]]}},{"type":"Feature","geometry":{"type":"Polygon","coordinates":[[[-159.76013,67.08308],[-159.76284,67.08153],[-159.76083,67.07991],[-159.75612,67.07986],[-159.75341,67.08141],[-159.75542,67.08302],[-159.76013,67.08308]]]},"properties":{"cell":"890c35af28bffff","res":9,"coarsened":false,"count":40,"hv":40,"mp":0,"y0":null,"y1":null,"sp":[[20,1,1,0,null,null],[27,1,1,0,null,null],[16,1,1,0,null,null],[24,1,1,0,null,null],[9,1,1,0,null,null],[15,1,1,0,null,null],[46,1,1,0,null,null],[74,1,1,0,null,null],[75,1,1,0,null,null],[76,1,1,0,null,null],[77,1,1,0,null,null],[43,1,1,0,null,null],[64,1,1,0,null,null],[42,1,1,0,null,null],[38,1,1,0,null,null],[78,1,1,0,null,null],[83,1,1,0,null,null],[8,1,1,0,null,null],[84,1,1,0,null,null],[85,1,1,0,null,null],[45,1,1,0,null,null],[12,1,1,0,null,null],[86,1,1,0,null,null],[48,1,1,0,null,null],[41,1,1,0,null,null],[87,1,1,0,null,null],[18,1,1,0,null,null],[49,1,1,0,null,null],[88,1,1,0,null,null],[37,1,1,0,null,null],[71,1,1,0,null,null],[58,1,1,0,null,null],[53,1,1,0,null,null],[89,1,1,0,null,null],[90,1,1,0,null,null],[91,1,1,0,null,null],[40,1,1,0,null,null],[14,1,1,0,null,null],[73,1,1,0,null,null],[67,1,1,0,null,null]]}},{"type":"Feature","geometry":{"type":"Polygon","coordinates":[[[-157.84914,67.08306],[-157.85196,67.08154],[-157.8501,67.07991],[-157.84543,67.0798],[-157.8426,67.08131],[-157.84446,67.08295],[-157.84914,67.08306]]]},"properties":{"cell":"890c22901dbffff","res":9,"coarsened":false,"count":11,"hv":11,"mp":0,"y0":null,"y1":null,"sp":[[35,5,5,0,null,null],[81,2,2,0,null,null],[79,1,1,0,null,null],[80,1,1,0,null,null],[29,1,1,0,null,null],[82,1,1,0,null,null]]}},{"type":"Feature","geometry":{"type":"Polygon","coordinates":[[[-158.27534,67.10079],[-158.27814,67.09926],[-158.27625,67.09763],[-158.27156,67.09753],[-158.26876,67.09906],[-158.27065,67.10069],[-158.27534,67.10079]]]},"properties":{"cell":"890c2665bc7ffff","res":9,"coarsened":false,"count":133,"hv":133,"mp":0,"y0":null,"y1":null,"sp":[[8,6,6,0,null,null],[15,6,6,0,null,null],[71,6,6,0,null,null],[12,6,6,0,null,null],[46,6,6,0,null,null],[41,6,6,0,null,null],[67,6,6,0,null,null],[48,6,6,0,null,null],[43,6,6,0,null,null],[51,6,6,0,null,null],[49,6,6,0,null,null],[40,5,5,0,null,null],[92,5,5,0,null,null],[86,5,5,0,null,null],[27,5,5,0,null,null],[38,5,5,0,null,null],[58,4,4,0,null,null],[9,4,4,0,null,null],[77,4,4,0,null,null],[24,3,3,0,null,null],[18,2,2,0,null,null],[2,2,2,0,null,null],[91,2,2,0,null,null],[25,2,2,0,null,null],[45,2,2,0,null,null],[42,1,1,0,null,null],[83,1,1,0,null,null],[33,1,1,0,null,null],[59,1,1,0,null,null],[93,1,1,0,null,null],[16,1,1,0,null,null],[53,1,1,0,null,null],[26,1,1,0,null,null],[89,1,1,0,null,null],[1,1,1,0,null,null],[70,1,1,0,null,null],[34,1,1,0,null,null],[76,1,1,0,null,null],[73,1,1,0,null,null],[11,1,1,0,null,null],[75,1,1,0,null,null],[63,1,1,0,null,null]]}},{"type":"Feature","geometry":{"type":"Polygon","coordinates":[[[-158.79819,67.13189],[-158.80096,67.13035],[-158.79903,67.12873],[-158.79432,67.12864],[-158.79155,67.13018],[-158.79349,67.1318],[-158.79819,67.13189]]]},"properties":{"cell":"890c266882bffff","res":9,"coarsened":false,"count":1,"hv":1,"mp":0,"y0":null,"y1":null,"sp":[[18,1,1,0,null,null]]}},{"type":"Feature","geometry":{"type":"Polygon","coordinates":[[[-158.43305,67.22007],[-158.43585,67.21854],[-158.43394,67.21691],[-158.42922,67.21681],[-158.42642,67.21834],[-158.42833,67.21997],[-158.43305,67.22007]]]},"properties":{"cell":"890c266089bffff","res":9,"coarsened":false,"count":1,"hv":1,"mp":0,"y0":null,"y1":null,"sp":[[24,1,1,0,null,null]]}},{"type":"Feature","geometry":{"type":"Polygon","coordinates":[[[-159.47997,67.16043],[-159.4827,67.15888],[-159.48071,67.15727],[-159.47598,67.1572],[-159.47325,67.15875],[-159.47524,67.16037],[-159.47997,67.16043]]]},"properties":{"cell":"890c35a0897ffff","res":9,"coarsened":false,"count":1,"hv":1,"mp":0,"y0":null,"y1":null,"sp":[[24,1,1,0,null,null]]}},{"type":"Feature","geometry":{"type":"Polygon","coordinates":[[[-159.28146,67.07014],[-159.28419,67.06859],[-159.28222,67.06697],[-159.27752,67.0669],[-159.27479,67.06845],[-159.27676,67.07007],[-159.28146,67.07014]]]},"properties":{"cell":"890c35a5d57ffff","res":9,"coarsened":false,"count":1,"hv":1,"mp":0,"y0":null,"y1":null,"sp":[[18,1,1,0,null,null]]}},{"type":"Feature","geometry":{"type":"Polygon","coordinates":[[[-158.07372,66.92186],[-158.07651,66.92034],[-158.07465,66.91871],[-158.07001,66.91861],[-158.06722,66.92013],[-158.06908,66.92175],[-158.07372,66.92186]]]},"properties":{"cell":"890c228100fffff","res":9,"coarsened":false,"count":1,"hv":1,"mp":0,"y0":null,"y1":null,"sp":[[18,1,1,0,null,null]]}},{"type":"Feature","geometry":{"type":"Polygon","coordinates":[[[-159.49386,67.07006],[-159.49658,67.06851],[-159.49459,67.0669],[-159.48989,67.06683],[-159.48717,67.06838],[-159.48916,67.07],[-159.49386,67.07006]]]},"properties":{"cell":"890c35aec4bffff","res":9,"coarsened":false,"count":1,"hv":1,"mp":0,"y0":null,"y1":null,"sp":[[18,1,1,0,null,null]]}},{"type":"Feature","geometry":{"type":"Polygon","coordinates":[[[-158.01129,66.99016],[-158.01409,66.98864],[-158.01223,66.98701],[-158.00757,66.98691],[-158.00477,66.98843],[-158.00663,66.99006],[-158.01129,66.99016]]]},"properties":{"cell":"890c228346fffff","res":9,"coarsened":false,"count":1,"hv":1,"mp":0,"y0":null,"y1":null,"sp":[[18,1,1,0,null,null]]}},{"type":"Feature","geometry":{"type":"Polygon","coordinates":[[[-159.5994,67.07309],[-159.60211,67.07153],[-159.60011,67.06992],[-159.59541,67.06986],[-159.59269,67.07141],[-159.59469,67.07302],[-159.5994,67.07309]]]},"properties":{"cell":"890c35ac497ffff","res":9,"coarsened":false,"count":1,"hv":1,"mp":0,"y0":null,"y1":null,"sp":[[18,1,1,0,null,null]]}},{"type":"Feature","geometry":{"type":"Polygon","coordinates":[[[-158.563,67.29107],[-158.5658,67.28954],[-158.56387,67.28791],[-158.55913,67.28781],[-158.55633,67.28935],[-158.55826,67.29097],[-158.563,67.29107]]]},"properties":{"cell":"890c2663103ffff","res":9,"coarsened":false,"count":1,"hv":1,"mp":0,"y0":null,"y1":null,"sp":[[18,1,1,0,null,null]]}},{"type":"Feature","geometry":{"type":"Polygon","coordinates":[[[-159.38002,67.16217],[-159.38276,67.16062],[-159.38077,67.159],[-159.37605,67.15893],[-159.37331,67.16048],[-159.3753,67.1621],[-159.38002,67.16217]]]},"properties":{"cell":"890c35a762fffff","res":9,"coarsened":false,"count":2,"hv":2,"mp":0,"y0":null,"y1":null,"sp":[[18,2,2,0,null,null]]}},{"type":"Feature","geometry":{"type":"Polygon","coordinates":[[[-158.38401,67.09199],[-158.3868,67.09046],[-158.3849,67.08883],[-158.38021,67.08874],[-158.37742,67.09027],[-158.37932,67.09189],[-158.38401,67.09199]]]},"properties":{"cell":"890c266e97bffff","res":9,"coarsened":false,"count":3,"hv":3,"mp":0,"y0":null,"y1":null,"sp":[[18,3,3,0,null,null]]}},{"type":"Feature","geometry":{"type":"Polygon","coordinates":[[[-157.93136,66.95183],[-157.93416,66.95031],[-157.93231,66.94868],[-157.92766,66.94857],[-157.92486,66.95009],[-157.92671,66.95172],[-157.93136,66.95183]]]},"properties":{"cell":"890c2280447ffff","res":9,"coarsened":false,"count":1,"hv":1,"mp":0,"y0":null,"y1":null,"sp":[[18,1,1,0,null,null]]}},{"type":"Feature","geometry":{"type":"Polygon","coordinates":[[[-158.33432,67.09253],[-158.33711,67.091],[-158.33522,67.08937],[-158.33053,67.08927],[-158.32774,67.0908],[-158.32963,67.09243],[-158.33432,67.09253]]]},"properties":{"cell":"890c229b4c3ffff","res":9,"coarsened":false,"count":2,"hv":2,"mp":0,"y0":null,"y1":null,"sp":[[18,2,2,0,null,null]]}},{"type":"Feature","geometry":{"type":"Polygon","coordinates":[[[-158.32025,67.09223],[-158.32305,67.0907],[-158.32115,67.08907],[-158.31647,67.08897],[-158.31367,67.0905],[-158.31556,67.09213],[-158.32025,67.09223]]]},"properties":{"cell":"890c229b48bffff","res":9,"coarsened":false,"count":4,"hv":4,"mp":0,"y0":null,"y1":null,"sp":[[18,4,4,0,null,null]]}},{"type":"Feature","geometry":{"type":"Polygon","coordinates":[[[-158.47552,67.22094],[-158.47832,67.21941],[-158.4764,67.21778],[-158.47168,67.21769],[-158.46888,67.21922],[-158.4708,67.22085],[-158.47552,67.22094]]]},"properties":{"cell":"890c2660e07ffff","res":9,"coarsened":false,"count":1,"hv":1,"mp":0,"y0":null,"y1":null,"sp":[[18,1,1,0,null,null]]}},{"type":"Feature","geometry":{"type":"Polygon","coordinates":[[[-158.47853,67.03205],[-158.4813,67.03052],[-158.4794,67.0289],[-158.47473,67.0288],[-158.47195,67.03033],[-158.47385,67.03196],[-158.47853,67.03205]]]},"properties":{"cell":"890c266cb07ffff","res":9,"coarsened":false,"count":2,"hv":2,"mp":0,"y0":null,"y1":null,"sp":[[29,2,2,0,null,null]]}},{"type":"Feature","geometry":{"type":"Polygon","coordinates":[[[-159.54492,67.03265],[-159.54764,67.0311],[-159.54565,67.02949],[-159.54095,67.02942],[-159.53824,67.03097],[-159.54023,67.03259],[-159.54492,67.03265]]]},"properties":{"cell":"890c35ac1b7ffff","res":9,"coarsened":false,"count":1,"hv":1,"mp":0,"y0":null,"y1":null,"sp":[[18,1,1,0,null,null]]}},{"type":"Feature","geometry":{"type":"Polygon","coordinates":[[[-159.24506,67.16171],[-159.24781,67.16017],[-159.24584,67.15855],[-159.24112,67.15848],[-159.23837,67.16002],[-159.24034,67.16164],[-159.24506,67.16171]]]},"properties":{"cell":"890c35a6213ffff","res":9,"coarsened":false,"count":1,"hv":1,"mp":0,"y0":null,"y1":null,"sp":[[18,1,1,0,null,null]]}},{"type":"Feature","geometry":{"type":"Polygon","coordinates":[[[-159.1027,67.16261],[-159.10545,67.16107],[-159.10349,67.15945],[-159.09877,67.15937],[-159.09602,67.16091],[-159.09798,67.16253],[-159.1027,67.16261]]]},"properties":{"cell":"890c2669273ffff","res":9,"coarsened":false,"count":1,"hv":1,"mp":0,"y0":null,"y1":null,"sp":[[18,1,1,0,null,null]]}},{"type":"Feature","geometry":{"type":"Polygon","coordinates":[[[-157.88893,67.02216],[-157.89174,67.02064],[-157.88989,67.01901],[-157.88522,67.0189],[-157.88241,67.02042],[-157.88427,67.02205],[-157.88893,67.02216]]]},"properties":{"cell":"890c2291917ffff","res":9,"coarsened":false,"count":1,"hv":1,"mp":0,"y0":null,"y1":null,"sp":[[18,1,1,0,null,null]]}},{"type":"Feature","geometry":{"type":"Polygon","coordinates":[[[-158.9127,67.1006],[-158.91546,67.09906],[-158.91352,67.09744],[-158.90882,67.09735],[-158.90606,67.09889],[-158.908,67.10051],[-158.9127,67.1006]]]},"properties":{"cell":"890c22d2613ffff","res":9,"coarsened":false,"count":1,"hv":1,"mp":0,"y0":null,"y1":null,"sp":[[18,1,1,0,null,null]]}},{"type":"Feature","geometry":{"type":"Polygon","coordinates":[[[-158.6778,67.13122],[-158.68057,67.12968],[-158.67865,67.12806],[-158.67395,67.12797],[-158.67117,67.1295],[-158.67309,67.13113],[-158.6778,67.13122]]]},"properties":{"cell":"890c266f3cbffff","res":9,"coarsened":false,"count":2,"hv":2,"mp":0,"y0":null,"y1":null,"sp":[[33,2,2,0,null,null]]}},{"type":"Feature","geometry":{"type":"Polygon","coordinates":[[[-159.50086,67.16232],[-159.50359,67.16077],[-159.5016,67.15915],[-159.49687,67.15908],[-159.49414,67.16063],[-159.49614,67.16225],[-159.50086,67.16232]]]},"properties":{"cell":"890c35a0c6fffff","res":9,"coarsened":false,"count":1,"hv":1,"mp":0,"y0":null,"y1":null,"sp":[[18,1,1,0,null,null]]}},{"type":"Feature","geometry":{"type":"Polygon","coordinates":[[[-159.39419,67.16238],[-159.39693,67.16083],[-159.39494,67.15921],[-159.39022,67.15914],[-159.38748,67.16069],[-159.38947,67.16231],[-159.39419,67.16238]]]},"properties":{"cell":"890c35a7667ffff","res":9,"coarsened":false,"count":1,"hv":1,"mp":0,"y0":null,"y1":null,"sp":[[18,1,1,0,null,null]]}},{"type":"Feature","geometry":{"type":"Polygon","coordinates":[[[-158.48216,67.22267],[-158.48496,67.22114],[-158.48304,67.21951],[-158.47832,67.21941],[-158.47552,67.22094],[-158.47744,67.22257],[-158.48216,67.22267]]]},"properties":{"cell":"890c2660e03ffff","res":9,"coarsened":false,"count":1,"hv":1,"mp":0,"y0":null,"y1":null,"sp":[[18,1,1,0,null,null]]}},{"type":"Feature","geometry":{"type":"Polygon","coordinates":[[[-158.45046,67.03148],[-158.45324,67.02995],[-158.45134,67.02832],[-158.44666,67.02823],[-158.44388,67.02976],[-158.44578,67.03138],[-158.45046,67.03148]]]},"properties":{"cell":"890c22996d3ffff","res":9,"coarsened":false,"count":1,"hv":1,"mp":0,"y0":null,"y1":null,"sp":[[18,1,1,0,null,null]]}},{"type":"Feature","geometry":{"type":"Polygon","coordinates":[[[-158.00208,66.95032],[-158.00487,66.9488],[-158.00302,66.94717],[-157.99837,66.94706],[-157.99557,66.94858],[-157.99743,66.95021],[-158.00208,66.95032]]]},"properties":{"cell":"890c2283323ffff","res":9,"coarsened":false,"count":1,"hv":1,"mp":0,"y0":null,"y1":null,"sp":[[18,1,1,0,null,null]]}},{"type":"Feature","geometry":{"type":"Polygon","coordinates":[[[-158.47065,67.16206],[-158.47344,67.16053],[-158.47153,67.1589],[-158.46682,67.1588],[-158.46403,67.16034],[-158.46594,67.16196],[-158.47065,67.16206]]]},"properties":{"cell":"890c266e54fffff","res":9,"coarsened":false,"count":1,"hv":1,"mp":0,"y0":null,"y1":null,"sp":[[18,1,1,0,null,null]]}},{"type":"Feature","geometry":{"type":"Polygon","coordinates":[[[-159.74181,67.10192],[-159.74451,67.10037],[-159.7425,67.09875],[-159.73779,67.0987],[-159.73508,67.10025],[-159.73709,67.10187],[-159.74181,67.10192]]]},"properties":{"cell":"890c35af6bbffff","res":9,"coarsened":false,"count":2,"hv":2,"mp":0,"y0":null,"y1":null,"sp":[[77,1,1,0,null,null],[91,1,1,0,null,null]]}},{"type":"Feature","geometry":{"type":"Polygon","coordinates":[[[-159.22336,66.93118],[-159.22608,66.92964],[-159.22412,66.92802],[-159.21945,66.92795],[-159.21673,66.92949],[-159.21869,66.93111],[-159.22336,66.93118]]]},"properties":{"cell":"890c22d8c4fffff","res":9,"coarsened":false,"count":1,"hv":1,"mp":0,"y0":null,"y1":null,"sp":[[94,1,1,0,null,null]]}},{"type":"Feature","geometry":{"type":"Polygon","coordinates":[[[-158.79482,67.17154],[-158.79759,67.17],[-158.79565,67.16838],[-158.79094,67.16829],[-158.78817,67.16983],[-158.7901,67.17145],[-158.79482,67.17154]]]},"properties":{"cell":"890c2668c9bffff","res":9,"coarsened":false,"count":1,"hv":1,"mp":0,"y0":null,"y1":null,"sp":[[73,1,1,0,null,null]]}},{"type":"Feature","geometry":{"type":"Polygon","coordinates":[[[-158.60153,67.20281],[-158.60432,67.20128],[-158.60239,67.19965],[-158.59767,67.19956],[-158.59488,67.20109],[-158.59681,67.20272],[-158.60153,67.20281]]]},"properties":{"cell":"890c2661857ffff","res":9,"coarsened":false,"count":1,"hv":1,"mp":0,"y0":null,"y1":null,"sp":[[92,1,1,0,null,null]]}},{"type":"Feature","geometry":{"type":"Polygon","coordinates":[[[-158.35273,67.85257],[-158.35562,67.85103],[-158.35366,67.84939],[-158.3488,67.84929],[-158.34591,67.85082],[-158.34787,67.85246],[-158.35273,67.85257]]]},"properties":{"cell":"890c26c430fffff","res":9,"coarsened":false,"count":2,"hv":2,"mp":0,"y0":null,"y1":null,"sp":[[35,1,1,0,null,null],[94,1,1,0,null,null]]}},{"type":"Feature","geometry":{"type":"Polygon","coordinates":[[[-158.38337,67.82288],[-158.38626,67.82134],[-158.38429,67.8197],[-158.37944,67.8196],[-158.37655,67.82113],[-158.37852,67.82277],[-158.38337,67.82288]]]},"properties":{"cell":"890c26c58a7ffff","res":9,"coarsened":false,"count":1,"hv":1,"mp":0,"y0":null,"y1":null,"sp":[[95,1,1,0,null,null]]}},{"type":"Feature","geometry":{"type":"Polygon","coordinates":[[[-158.30077,67.11086],[-158.30357,67.10933],[-158.30167,67.1077],[-158.29698,67.1076],[-158.29418,67.10913],[-158.29608,67.11076],[-158.30077,67.11086]]]},"properties":{"cell":"890c2665abbffff","res":9,"coarsened":false,"count":16,"hv":16,"mp":0,"y0":null,"y1":null,"sp":[[25,3,3,0,null,null],[73,2,2,0,null,null],[92,2,2,0,null,null],[81,2,2,0,null,null],[35,2,2,0,null,null],[46,2,2,0,null,null],[79,1,1,0,null,null],[96,1,1,0,null,null],[29,1,1,0,null,null]]}},{"type":"Feature","geometry":{"type":"Polygon","coordinates":[[[-158.58594,67.18185],[-158.58873,67.18032],[-158.5868,67.17869],[-158.58209,67.1786],[-158.5793,67.18013],[-158.58122,67.18176],[-158.58594,67.18185]]]},"properties":{"cell":"890c2661b17ffff","res":9,"coarsened":false,"count":11,"hv":11,"mp":0,"y0":null,"y1":null,"sp":[[96,2,2,0,null,null],[35,1,1,0,null,null],[79,1,1,0,null,null],[77,1,1,0,null,null],[80,1,1,0,null,null],[94,1,1,0,null,null],[46,1,1,0,null,null],[29,1,1,0,null,null],[73,1,1,0,null,null],[92,1,1,0,null,null]]}},{"type":"Feature","geometry":{"type":"Polygon","coordinates":[[[-158.04273,67.2401],[-158.04556,67.23857],[-158.04367,67.23694],[-158.03896,67.23683],[-158.03613,67.23835],[-158.03801,67.23999],[-158.04273,67.2401]]]},"properties":{"cell":"890c262967bffff","res":9,"coarsened":false,"count":1,"hv":1,"mp":0,"y0":null,"y1":null,"sp":[[96,1,1,0,null,null]]}}],"park":"kobuk_valley","h3_res":9,"species_index":[{"n":"Rangifer tarandus","c":"Caribou","k":"Mammalia"},{"n":"Stercorarius longicaudus","c":"Long-tailed Jaeger","k":"Aves"},{"n":"Podiceps grisegena","c":"Red-necked Grebe","k":"Aves"},{"n":"Ursus americanus","c":"American Black Bear","k":"Mammalia"},{"n":"Alces alces","c":"Moose","k":"Mammalia"},{"n":"Lontra canadensis","c":"North American River Otter","k":"Mammalia"},{"n":"Antigone canadensis","c":"Sandhill Crane","k":"Aves"},{"n":"Vulpes vulpes","c":"Red Fox","k":"Mammalia"},{"n":"Riparia riparia","c":"Bank Swallow","k":"Aves"},{"n":"Pinicola enucleator","c":"Pine Grosbeak","k":"Aves"},{"n":"Pluvialis dominica","c":"American Golden-Plover","k":"Aves"},{"n":"Charadrius semipalmatus","c":"Semipalmated Plover","k":"Aves"},{"n":"Zonotrichia leucophrys","c":"White-crowned Sparrow","k":"Aves"},{"n":"Circus hudsonius","c":"Northern Harrier","k":"Aves"},{"n":"Setophaga coronata","c":"Yellow-rumped Warbler","k":"Aves"},{"n":"Acanthis flammea","c":"Redpoll","k":"Aves"},{"n":"Perisoreus canadensis","c":"Canada Jay","k":"Aves"},{"n":"Canachites canadensis","c":"Spruce Grouse","k":"Aves"},{"n":"Mareca americana","c":"American Wigeon","k":"Aves"},{"n":"Mergus serrator","c":"Red-breasted Merganser","k":"Aves"},{"n":"Buteo lagopus","c":"Rough-legged Hawk","k":"Aves"},{"n":"Tamiasciurus hudsonicus","c":"American Red Squirrel","k":"Mammalia"},{"n":"Asio flammeus","c":"Short-eared Owl","k":"Aves"},{"n":"Gavia stellata","c":"Red-throated Loon","k":"Aves"},{"n":"Sterna paradisaea","c":"Arctic Tern","k":"Aves"},{"n":"Larus hyperboreus","c":"Glaucous Gull","k":"Aves"},{"n":"Melanitta americana","c":"Black Scoter","k":"Aves"},{"n":"Tringa flavipes","c":"Lesser Yellowlegs","k":"Aves"},{"n":"Tringa melanoleuca","c":"Greater Yellowlegs","k":"Aves"},{"n":"Cygnus columbianus","c":"Tundra Swan","k":"Aves"},{"n":"Oenanthe oenanthe","c":"Northern Wheatear","k":"Aves"},{"n":"Gavia pacifica","c":"Pacific Loon","k":"Aves"},{"n":"Anser albifrons","c":"Greater Whitefronted Goose","k":"Aves"},{"n":"Branta canadensis","c":"Canada Goose","k":"Aves"},{"n":"Melanitta perspicillata","c":"Surf Scoter","k":"Aves"},{"n":"Clangula hyemalis","c":"Longtailed Duck","k":"Aves"},{"n":"Anthus rubescens","c":"American Pipit","k":"Aves"},{"n":"Regulus calendula","c":"Rubycrowned Kinglet","k":"Aves"},{"n":"Cardellina pusilla","c":"Wilsons Warbler","k":"Aves"},{"n":"Tachycineta thalassina","c":"Violetgreen Swallow","k":"Aves"},{"n":"Turdus migratorius","c":"American Robin","k":"Aves"},{"n":"Ixoreus naevius","c":"Varied Thrush","k":"Aves"},{"n":"Bombycilla garrulus","c":"Bohemian Waxwing","k":"Aves"},{"n":"Passerella iliaca","c":"Fox Sparrow","k":"Aves"},{"n":"Zonotrichia atricapilla","c":"Goldencrowned Sparrow","k":"Aves"},{"n":"Corvus corax","c":"Common Raven","k":"Aves"},{"n":"Catharus minimus","c":"Graycheeked Thrush","k":"Aves"},{"n":"Sayornis saya","c":"Says Phoebe","k":"Aves"},{"n":"Setophaga petechia","c":"Yellow Warbler","k":"Aves"},{"n":"Gallinago delicata","c":"Wilsons Snipe","k":"Aves"},{"n":"Lagopus muta","c":"Rock Ptarmigan","k":"Aves"},{"n":"Spizelloides arborea","c":"American Tree Sparrow","k":"Aves"},{"n":"Eremophila alpestris","c":"Horned Lark","k":"Aves"},{"n":"Passerculus sandwichensis","c":"Savannah Sparrow","k":"Aves"},{"n":"Circus cyaneus","c":"Northern Harrier","k":"Aves"},{"n":"Calidris virgata","c":"Surfbird","k":"Aves"},{"n":"Calidris bairdii","c":"Bairds Sandpiper","k":"Aves"},{"n":"Luscinia svecica","c":"Bluethroat","k":"Aves"},{"n":"Larus canus","c":"Mew Gull","k":"Aves"},{"n":"Calcarius lapponicus","c":"Lapland Longspur","k":"Aves"},{"n":"Leiothlypis celata","c":"Orangecrowned Warbler","k":"Aves"},{"n":"Falco columbarius","c":"Merlin","k":"Aves"},{"n":"Colaptes auratus","c":"Northern Flicker","k":"Aves"},{"n":"Numenius phaeopus","c":"Whimbrel","k":"Aves"},{"n":"Poecile hudsonicus","c":"Boreal Chickadee","k":"Aves"},{"n":"Leucosticte tephrocotis","c":"Graycrowned RosyFinch","k":"Aves"},{"n":"Aquila chrysaetos","c":"Golden Eagle","k":"Aves"},{"n":"Catharus ustulatus","c":"Swainsons Thrush","k":"Aves"},{"n":"Lagopus lagopus","c":"Willow Ptarmigan","k":"Aves"},{"n":"Tringa incana","c":"Wandering Tattler","k":"Aves"},{"n":"Actitis macularius","c":"Spotted Sandpiper","k":"Aves"},{"n":"Parkesia noveboracensis","c":"Northern Waterthrush","k":"Aves"},{"n":"Falco peregrinus","c":"Peregrine Falcon","k":"Aves"},{"n":"Euphagus carolinus","c":"Rusty Blackbird","k":"Aves"},{"n":"Poecile atricapillus","c":"Blackcapped Chickadee","k":"Aves"},{"n":"Pandion haliaetus","c":"Osprey","k":"Aves"},{"n":"Chroicocephalus philadelphia","c":"Bonapartes Gull","k":"Aves"},{"n":"Setophaga striata","c":"Blackpoll Warbler","k":"Aves"},{"n":"Tringa solitaria","c":"Solitary Sandpiper","k":"Aves"},{"n":"Anser caerulescens","c":"Snow Goose","k":"Aves"},{"n":"Branta bernicla","c":"Brant","k":"Aves"},{"n":"Anas acuta","c":"Northern Pintail","k":"Aves"},{"n":"Anser canagicus","c":"Emperor Goose","k":"Aves"},{"n":"Loxia leucoptera","c":"Whitewinged Crossbill","k":"Aves"},{"n":"Junco hyemalis","c":"Darkeyed Junco","k":"Aves"},{"n":"Bubo virginianus","c":"Great Horned Owl","k":"Aves"},{"n":"Empidonax alnorum","c":"Alder Flycatcher","k":"Aves"},{"n":"Lanius excubitor","c":"Northern Shrike","k":"Aves"},{"n":"Leuconotopicus villosus","c":"Hairy Woodpecker","k":"Aves"},{"n":"Megaceryle alcyon","c":"Belted Kingfisher","k":"Aves"},{"n":"Phalaropus lobatus","c":"Rednecked Phalarope","k":"Aves"},{"n":"Contopus cooperi","c":"Olivesided Flycatcher","k":"Aves"},{"n":"Grus canadensis","c":"Sandhill Crane","k":"Aves"},{"n":"Calidris minutilla","c":"Least Sandpiper","k":"Aves"},{"n":"Calidris melanotos","c":"Pectoral Sandpiper","k":"Aves"},{"n":"Phylloscopus borealis","c":"Arctic Warbler","k":"Aves"},{"n":"Falco rusticolus","c":"Gyrfalcon","k":"Aves"}],"entry":["species_index","count","human_verified","model_predicted","first_year","last_year"],"suppressed":{"excluded":{"Canis lupus":5},"coarsened":{}},"merged_names":{}}