{"type":"FeatureCollection","features":[{"type":"Feature","geometry":{"type":"Polygon","coordinates":[[[-80.81799,33.82401],[-80.81659,33.8252],[-80.81708,33.82695],[-80.81897,33.82751],[-80.82037,33.82632],[-80.81988,33.82457],[-80.81799,33.82401]]]},"properties":{"cell":"8944d164a83ffff","res":9,"coarsened":false,"count":151,"hv":151,"mp":0,"y0":2010,"y1":2026,"sp":[[41,18,18,0,2017,2026],[1,13,13,0,2021,2026],[2,11,11,0,2020,2026],[50,11,11,0,2021,2026],[3,8,8,0,2021,2026],[29,8,8,0,2022,2026],[17,7,7,0,2016,2025],[7,7,7,0,2021,2026],[43,6,6,0,2016,2026],[45,5,5,0,2016,2026],[15,4,4,0,2016,2026],[14,4,4,0,2020,2024],[11,4,4,0,2017,2024],[47,4,4,0,2023,2026],[0,3,3,0,2010,2025],[24,3,3,0,2022,2024],[108,3,3,0,2022,2023],[8,2,2,0,2021,2025],[56,2,2,0,2021,2026],[21,2,2,0,2021,2022],[42,2,2,0,2022,2023],[46,2,2,0,2024,2024],[48,2,2,0,2024,2026],[93,2,2,0,2025,2025],[76,2,2,0,2025,2025],[57,1,1,0,2019,2019],[52,1,1,0,2021,2021],[58,1,1,0,2023,2023],[22,1,1,0,2023,2023],[72,1,1,0,2023,2023],[6,1,1,0,2024,2024],[26,1,1,0,2024,2024],[132,1,1,0,2024,2024],[100,1,1,0,2024,2024],[95,1,1,0,2025,2025],[82,1,1,0,2025,2025],[75,1,1,0,2025,2025],[10,1,1,0,2025,2025],[55,1,1,0,2026,2026],[18,1,1,0,2026,2026],[32,1,1,0,2024,2024]]}},{"type":"Feature","geometry":{"type":"Polygon","coordinates":[[[-80.77626,33.79887],[-80.77487,33.80006],[-80.77536,33.8018],[-80.77725,33.80236],[-80.77864,33.80117],[-80.77815,33.79943],[-80.77626,33.79887]]]},"properties":{"cell":"8944d165c0bffff","res":9,"coarsened":false,"count":3,"hv":3,"mp":0,"y0":2014,"y1":2025,"sp":[[1,1,1,0,2014,2014],[55,1,1,0,2025,2025],[50,1,1,0,2025,2025]]}},{"type":"Feature","geometry":{"type":"Polygon","coordinates":[[[-80.82037,33.82632],[-80.81897,33.82751],[-80.81946,33.82925],[-80.82135,33.82981],[-80.82275,33.82862],[-80.82226,33.82688],[-80.82037,33.82632]]]},"properties":{"cell":"8944d164a87ffff","res":9,"coarsened":false,"count":163,"hv":163,"mp":0,"y0":2015,"y1":2026,"sp":[[41,22,22,0,2016,2026],[1,18,18,0,2016,2026],[2,14,14,0,2016,2026],[15,10,10,0,2022,2026],[14,6,6,0,2022,2026],[45,5,5,0,2020,2025],[46,5,5,0,2021,2024],[6,5,5,0,2022,2026],[11,5,5,0,2022,2026],[7,5,5,0,2024,2025],[8,4,4,0,2015,2026],[42,4,4,0,2016,2024],[38,4,4,0,2022,2025],[47,3,3,0,2017,2023],[17,3,3,0,2020,2024],[13,3,3,0,2021,2026],[9,3,3,0,2022,2026],[3,3,3,0,2022,2025],[43,3,3,0,2024,2025],[62,3,3,0,2023,2025],[29,3,3,0,2025,2026],[18,2,2,0,2021,2024],[92,2,2,0,2023,2024],[10,2,2,0,2025,2026],[5,2,2,0,2025,2026],[55,2,2,0,2025,2026],[129,2,2,0,2025,2025],[100,2,2,0,2026,2026],[24,1,1,0,2022,2022],[50,1,1,0,2022,2022],[108,1,1,0,2023,2023],[12,1,1,0,2024,2024],[121,1,1,0,2024,2024],[53,1,1,0,2024,2024],[117,1,1,0,2023,2023],[58,1,1,0,2025,2025],[52,1,1,0,2025,2025],[40,1,1,0,2025,2025],[25,1,1,0,2025,2025],[60,1,1,0,2025,2025],[66,1,1,0,2025,2025],[88,1,1,0,2026,2026],[56,1,1,0,2026,2026],[87,1,1,0,2026,2026],[0,1,1,0,2023,2023],[21,1,1,0,2023,2023]]}},{"type":"Feature","geometry":{"type":"Polygon","coordinates":[[[-80.81889,33.82108],[-80.81749,33.82227],[-80.81799,33.82401],[-80.81988,33.82457],[-80.82127,33.82338],[-80.82078,33.82164],[-80.81889,33.82108]]]},"properties":{"cell":"8944d164a93ffff","res":9,"coarsened":false,"count":146,"hv":146,"mp":0,"y0":2016,"y1":2026,"sp":[[2,17,17,0,2016,2026],[41,13,13,0,2021,2026],[24,12,12,0,2021,2026],[15,9,9,0,2019,2026],[55,9,9,0,2023,2026],[28,7,7,0,2020,2026],[7,5,5,0,2023,2025],[56,4,4,0,2020,2026],[29,4,4,0,2021,2026],[11,4,4,0,2021,2023],[4,3,3,0,2016,2021],[43,3,3,0,2016,2025],[1,3,3,0,2021,2025],[58,3,3,0,2022,2026],[42,3,3,0,2022,2024],[108,3,3,0,2022,2022],[48,3,3,0,2023,2026],[46,3,3,0,2024,2026],[21,3,3,0,2025,2026],[3,2,2,0,2016,2026],[44,2,2,0,2016,2023],[53,2,2,0,2018,2026],[75,2,2,0,2022,2022],[37,2,2,0,2022,2023],[17,2,2,0,2022,2026],[23,1,1,0,2016,2016],[27,1,1,0,2016,2016],[100,1,1,0,2021,2021],[101,1,1,0,2021,2021],[45,1,1,0,2021,2021],[14,1,1,0,2022,2022],[8,1,1,0,2022,2022],[0,1,1,0,2022,2022],[90,1,1,0,2022,2022],[87,1,1,0,2023,2023],[40,1,1,0,2023,2023],[50,1,1,0,2023,2023],[71,1,1,0,2023,2023],[32,1,1,0,2023,2023],[70,1,1,0,2024,2024],[119,1,1,0,2024,2024],[76,1,1,0,2025,2025],[47,1,1,0,2023,2023],[62,1,1,0,2025,2025],[38,1,1,0,2026,2026],[18,1,1,0,2026,2026],[84,1,1,0,2026,2026],[10,1,1,0,2026,2026]]}},{"type":"Feature","geometry":{"type":"Polygon","coordinates":[[[-80.81946,33.82925],[-80.81807,33.83044],[-80.81856,33.83219],[-80.82045,33.83275],[-80.82185,33.83156],[-80.82135,33.82981],[-80.81946,33.82925]]]},"properties":{"cell":"8944d164abbffff","res":9,"coarsened":false,"count":83,"hv":83,"mp":0,"y0":2016,"y1":2026,"sp":[[13,10,10,0,2016,2026],[5,8,8,0,2016,2026],[43,7,7,0,2021,2026],[1,6,6,0,2016,2024],[29,6,6,0,2023,2026],[0,5,5,0,2021,2025],[42,5,5,0,2021,2026],[71,3,3,0,2017,2023],[14,3,3,0,2022,2025],[6,3,3,0,2025,2026],[7,2,2,0,2016,2025],[54,2,2,0,2023,2023],[9,2,2,0,2024,2025],[19,1,1,0,2016,2016],[36,1,1,0,2016,2016],[37,1,1,0,2016,2016],[38,1,1,0,2016,2016],[40,1,1,0,2016,2016],[88,1,1,0,2021,2021],[45,1,1,0,2021,2021],[46,1,1,0,2022,2022],[48,1,1,0,2022,2022],[92,1,1,0,2022,2022],[8,1,1,0,2022,2022],[18,1,1,0,2022,2022],[120,1,1,0,2022,2022],[65,1,1,0,2023,2023],[62,1,1,0,2023,2023],[41,1,1,0,2024,2024],[142,1,1,0,2025,2025],[75,1,1,0,2026,2026],[11,1,1,0,2026,2026],[47,1,1,0,2026,2026],[10,1,1,0,2023,2023]]}},{"type":"Feature","geometry":{"type":"Polygon","coordinates":[[[-80.79236,33.80683],[-80.79096,33.80802],[-80.79145,33.80977],[-80.79334,33.81032],[-80.79474,33.80914],[-80.79425,33.80739],[-80.79236,33.80683]]]},"properties":{"cell":"8944d165dc3ffff","res":9,"coarsened":false,"count":4,"hv":4,"mp":0,"y0":2016,"y1":2024,"sp":[[5,1,1,0,2016,2016],[50,1,1,0,2021,2021],[114,1,1,0,2024,2024],[49,1,1,0,2024,2024]]}},{"type":"Feature","geometry":{"type":"Polygon","coordinates":[[[-80.7715,33.79426],[-80.77011,33.79545],[-80.7706,33.79719],[-80.77249,33.79775],[-80.77388,33.79656],[-80.77339,33.79482],[-80.7715,33.79426]]]},"properties":{"cell":"8944d165c53ffff","res":9,"coarsened":false,"count":8,"hv":8,"mp":0,"y0":2016,"y1":2016,"sp":[[1,1,1,0,2016,2016],[2,1,1,0,2016,2016],[18,1,1,0,2016,2016],[12,1,1,0,2016,2016],[19,1,1,0,2016,2016],[20,1,1,0,2016,2016],[35,1,1,0,2016,2016],[9,1,1,0,2016,2016]]}},{"type":"Feature","geometry":{"type":"Polygon","coordinates":[[[-80.82366,33.82569],[-80.82226,33.82688],[-80.82275,33.82862],[-80.82464,33.82918],[-80.82604,33.82799],[-80.82555,33.82625],[-80.82366,33.82569]]]},"properties":{"cell":"8944d16484bffff","res":9,"coarsened":false,"count":287,"hv":287,"mp":0,"y0":2006,"y1":2026,"sp":[[41,55,55,0,2019,2026],[1,37,37,0,2016,2026],[2,27,27,0,2006,2026],[3,16,16,0,2021,2026],[42,13,13,0,2021,2026],[14,12,12,0,2021,2025],[46,10,10,0,2022,2026],[10,9,9,0,2016,2026],[15,8,8,0,2021,2026],[6,7,7,0,2016,2026],[7,7,7,0,2016,2026],[45,7,7,0,2021,2025],[44,6,6,0,2021,2021],[43,6,6,0,2022,2026],[17,5,5,0,2016,2025],[50,5,5,0,2023,2023],[11,4,4,0,2016,2021],[29,4,4,0,2024,2026],[8,3,3,0,2016,2022],[9,3,3,0,2016,2024],[61,3,3,0,2021,2025],[72,3,3,0,2021,2023],[21,3,3,0,2021,2022],[47,3,3,0,2021,2024],[5,3,3,0,2022,2024],[0,3,3,0,2022,2026],[55,3,3,0,2025,2026],[48,2,2,0,2023,2025],[62,2,2,0,2018,2025],[13,2,2,0,2026,2026],[12,1,1,0,2016,2016],[52,1,1,0,2018,2018],[23,1,1,0,2019,2019],[24,1,1,0,2020,2020],[19,1,1,0,2021,2021],[22,1,1,0,2021,2021],[31,1,1,0,2021,2021],[40,1,1,0,2023,2023],[129,1,1,0,2023,2023],[114,1,1,0,2024,2024],[60,1,1,0,2019,2019],[18,1,1,0,2025,2025],[142,1,1,0,2025,2025],[88,1,1,0,2025,2025],[32,1,1,0,2025,2025],[144,1,1,0,2026,2026]]}},{"type":"Feature","geometry":{"type":"Polygon","coordinates":[[[-80.82275,33.82862],[-80.82135,33.82981],[-80.82185,33.83156],[-80.82374,33.83212],[-80.82513,33.83093],[-80.82464,33.82918],[-80.82275,33.82862]]]},"properties":{"cell":"8944d164ab3ffff","res":9,"coarsened":false,"count":270,"hv":270,"mp":0,"y0":2015,"y1":2026,"sp":[[41,29,29,0,2019,2026],[1,28,28,0,2020,2026],[2,20,20,0,2016,2026],[42,15,15,0,2019,2026],[14,14,14,0,2019,2026],[18,12,12,0,2021,2026],[7,9,9,0,2016,2026],[8,9,9,0,2019,2026],[3,8,8,0,2021,2025],[62,7,7,0,2021,2024],[44,6,6,0,2021,2024],[10,6,6,0,2022,2026],[46,6,6,0,2022,2026],[43,5,5,0,2019,2025],[17,5,5,0,2021,2026],[45,5,5,0,2021,2026],[9,4,4,0,2016,2025],[37,4,4,0,2022,2023],[54,4,4,0,2022,2025],[12,4,4,0,2023,2026],[129,4,4,0,2023,2025],[29,4,4,0,2024,2025],[6,3,3,0,2015,2025],[11,3,3,0,2021,2026],[52,3,3,0,2022,2025],[0,3,3,0,2023,2025],[117,3,3,0,2023,2026],[87,3,3,0,2025,2026],[53,3,3,0,2025,2026],[13,3,3,0,2025,2026],[59,2,2,0,2018,2026],[60,2,2,0,2019,2022],[32,2,2,0,2019,2024],[15,2,2,0,2019,2026],[19,2,2,0,2021,2023],[92,2,2,0,2021,2023],[61,2,2,0,2022,2023],[84,2,2,0,2022,2025],[38,2,2,0,2022,2025],[23,2,2,0,2023,2026],[100,2,2,0,2024,2025],[121,2,2,0,2025,2025],[39,1,1,0,2016,2016],[66,1,1,0,2021,2021],[5,1,1,0,2022,2022],[50,1,1,0,2022,2022],[124,1,1,0,2023,2023],[26,1,1,0,2023,2023],[115,1,1,0,2024,2024],[141,1,1,0,2025,2025],[101,1,1,0,2025,2025],[143,1,1,0,2025,2025],[22,1,1,0,2025,2025],[24,1,1,0,2026,2026],[70,1,1,0,2026,2026],[20,1,1,0,2024,2024]]}},{"type":"Feature","geometry":{"type":"Polygon","coordinates":[[[-80.82604,33.82799],[-80.82464,33.82918],[-80.82513,33.83093],[-80.82702,33.83149],[-80.82842,33.8303],[-80.82793,33.82855],[-80.82604,33.82799]]]},"properties":{"cell":"8944d16484fffff","res":9,"coarsened":false,"count":94,"hv":94,"mp":0,"y0":2016,"y1":2026,"sp":[[2,12,12,0,2021,2025],[41,9,9,0,2021,2026],[14,6,6,0,2016,2026],[1,6,6,0,2021,2026],[45,6,6,0,2021,2025],[42,6,6,0,2022,2024],[10,4,4,0,2022,2025],[46,3,3,0,2019,2022],[47,3,3,0,2021,2024],[3,3,3,0,2016,2022],[8,3,3,0,2022,2023],[29,3,3,0,2024,2024],[58,2,2,0,2021,2025],[44,2,2,0,2021,2024],[18,2,2,0,2022,2026],[7,2,2,0,2022,2026],[48,2,2,0,2023,2024],[62,2,2,0,2023,2023],[9,2,2,0,2023,2025],[11,2,2,0,2024,2026],[5,2,2,0,2024,2025],[6,1,1,0,2017,2017],[112,1,1,0,2023,2023],[75,1,1,0,2024,2024],[43,1,1,0,2024,2024],[114,1,1,0,2024,2024],[83,1,1,0,2024,2024],[37,1,1,0,2025,2025],[38,1,1,0,2025,2025],[88,1,1,0,2025,2025],[143,1,1,0,2025,2025],[144,1,1,0,2026,2026],[40,1,1,0,2026,2026]]}},{"type":"Feature","geometry":{"type":"Polygon","coordinates":[[[-80.85957,33.79947],[-80.85817,33.80066],[-80.85867,33.8024],[-80.86056,33.80296],[-80.86196,33.80177],[-80.86146,33.80003],[-80.85957,33.79947]]]},"properties":{"cell":"8944d166b57ffff","res":9,"coarsened":false,"count":2,"hv":2,"mp":0,"y0":2016,"y1":2016,"sp":[[12,2,2,0,2016,2016]]}},{"type":"Feature","geometry":{"type":"Polygon","coordinates":[[[-80.80065,33.83009],[-80.79925,33.83128],[-80.79974,33.83303],[-80.80163,33.83359],[-80.80303,33.8324],[-80.80254,33.83065],[-80.80065,33.83009]]]},"properties":{"cell":"8944d164a4bffff","res":9,"coarsened":false,"count":8,"hv":8,"mp":0,"y0":2016,"y1":2026,"sp":[[16,2,2,0,2016,2016],[29,1,1,0,2016,2016],[32,1,1,0,2016,2016],[18,1,1,0,2021,2021],[42,1,1,0,2025,2025],[7,1,1,0,2026,2026],[50,1,1,0,2026,2026]]}},{"type":"Feature","geometry":{"type":"Polygon","coordinates":[[[-80.63979,33.78079],[-80.6384,33.78198],[-80.63888,33.78372],[-80.64077,33.78428],[-80.64216,33.7831],[-80.64168,33.78135],[-80.63979,33.78079]]]},"properties":{"cell":"8944d16c697ffff","res":9,"coarsened":false,"count":18,"hv":18,"mp":0,"y0":2016,"y1":2025,"sp":[[14,3,3,0,2021,2024],[24,2,2,0,2021,2021],[109,2,2,0,2021,2021],[43,2,2,0,2024,2024],[17,1,1,0,2016,2016],[69,1,1,0,2021,2021],[2,1,1,0,2021,2021],[121,1,1,0,2022,2022],[64,1,1,0,2024,2024],[42,1,1,0,2024,2024],[75,1,1,0,2025,2025],[23,1,1,0,2025,2025],[57,1,1,0,2025,2025]]}},{"type":"Feature","geometry":{"type":"Polygon","coordinates":[[[-80.64286,33.7609],[-80.64146,33.76209],[-80.64195,33.76384],[-80.64384,33.7644],[-80.64523,33.76321],[-80.64474,33.76146],[-80.64286,33.7609]]]},"properties":{"cell":"8944d16f183ffff","res":9,"coarsened":false,"count":15,"hv":15,"mp":0,"y0":2016,"y1":2026,"sp":[[125,4,4,0,2023,2024],[20,2,2,0,2023,2024],[33,2,2,0,2025,2025],[21,1,1,0,2016,2016],[81,1,1,0,2020,2020],[109,1,1,0,2022,2022],[2,1,1,0,2024,2024],[26,1,1,0,2025,2025],[105,1,1,0,2026,2026],[18,1,1,0,2026,2026]]}},{"type":"Feature","geometry":{"type":"Polygon","coordinates":[[[-80.64014,33.7697],[-80.63874,33.77088],[-80.63923,33.77263],[-80.64112,33.77319],[-80.64251,33.772],[-80.64202,33.77026],[-80.64014,33.7697]]]},"properties":{"cell":"8944d16f107ffff","res":9,"coarsened":false,"count":13,"hv":13,"mp":0,"y0":2016,"y1":2026,"sp":[[24,4,4,0,2021,2023],[2,2,2,0,2021,2026],[22,1,1,0,2016,2016],[67,1,1,0,2020,2020],[111,1,1,0,2021,2021],[28,1,1,0,2022,2022],[27,1,1,0,2022,2022],[34,1,1,0,2023,2023],[17,1,1,0,2023,2023]]}},{"type":"Feature","geometry":{"type":"Polygon","coordinates":[[[-80.63651,33.78142],[-80.63512,33.7826],[-80.63561,33.78435],[-80.63749,33.78491],[-80.63888,33.78372],[-80.6384,33.78198],[-80.63651,33.78142]]]},"properties":{"cell":"8944d16c683ffff","res":9,"coarsened":false,"count":21,"hv":21,"mp":0,"y0":2016,"y1":2026,"sp":[[105,3,3,0,2021,2025],[33,2,2,0,2016,2026],[4,2,2,0,2025,2025],[17,1,1,0,2016,2016],[28,1,1,0,2016,2016],[69,1,1,0,2020,2020],[27,1,1,0,2020,2020],[66,1,1,0,2020,2020],[74,1,1,0,2022,2022],[0,1,1,0,2022,2022],[102,1,1,0,2023,2023],[24,1,1,0,2023,2023],[56,1,1,0,2024,2024],[125,1,1,0,2025,2025],[147,1,1,0,2026,2026],[22,1,1,0,2026,2026],[46,1,1,0,2024,2024]]}},{"type":"Feature","geometry":{"type":"Polygon","coordinates":[[[-80.82546,33.81982],[-80.82407,33.82101],[-80.82456,33.82275],[-80.82645,33.82331],[-80.82785,33.82212],[-80.82735,33.82038],[-80.82546,33.81982]]]},"properties":{"cell":"8944d164e27ffff","res":9,"coarsened":false,"count":41,"hv":41,"mp":0,"y0":2016,"y1":2026,"sp":[[1,8,8,0,2019,2026],[15,6,6,0,2023,2025],[21,4,4,0,2021,2022],[41,3,3,0,2019,2023],[37,2,2,0,2022,2023],[45,2,2,0,2022,2023],[2,2,2,0,2019,2023],[24,1,1,0,2016,2016],[62,1,1,0,2019,2019],[112,1,1,0,2021,2021],[47,1,1,0,2021,2021],[5,1,1,0,2022,2022],[58,1,1,0,2022,2022],[88,1,1,0,2022,2022],[17,1,1,0,2022,2022],[3,1,1,0,2022,2022],[98,1,1,0,2023,2023],[50,1,1,0,2024,2024],[76,1,1,0,2025,2025],[7,1,1,0,2023,2023],[43,1,1,0,2023,2023]]}},{"type":"Feature","geometry":{"type":"Polygon","coordinates":[[[-80.81651,33.81877],[-80.81511,33.81996],[-80.8156,33.82171],[-80.81749,33.82227],[-80.81889,33.82108],[-80.8184,33.81933],[-80.81651,33.81877]]]},"properties":{"cell":"8944d164e67ffff","res":9,"coarsened":false,"count":54,"hv":54,"mp":0,"y0":2016,"y1":2026,"sp":[[28,13,13,0,2019,2026],[24,5,5,0,2023,2026],[15,4,4,0,2018,2026],[7,2,2,0,2016,2023],[4,2,2,0,2019,2023],[55,2,2,0,2021,2021],[21,2,2,0,2022,2026],[2,2,2,0,2022,2025],[1,2,2,0,2023,2026],[0,2,2,0,2023,2023],[41,2,2,0,2023,2025],[102,1,1,0,2021,2021],[3,1,1,0,2023,2023],[72,1,1,0,2023,2023],[43,1,1,0,2023,2023],[11,1,1,0,2024,2024],[5,1,1,0,2024,2024],[14,1,1,0,2024,2024],[29,1,1,0,2024,2024],[66,1,1,0,2024,2024],[90,1,1,0,2023,2023],[42,1,1,0,2025,2025],[48,1,1,0,2025,2025],[8,1,1,0,2025,2025],[97,1,1,0,2026,2026],[98,1,1,0,2026,2026],[9,1,1,0,2026,2026]]}},{"type":"Feature","geometry":{"type":"Polygon","coordinates":[[[-80.62738,33.7611],[-80.62598,33.76229],[-80.62647,33.76403],[-80.62835,33.76459],[-80.62975,33.76341],[-80.62926,33.76166],[-80.62738,33.7611]]]},"properties":{"cell":"8944d16f027ffff","res":9,"coarsened":false,"count":5,"hv":5,"mp":0,"y0":2016,"y1":2024,"sp":[[25,1,1,0,2016,2016],[26,1,1,0,2016,2016],[50,1,1,0,2021,2021],[29,1,1,0,2023,2023],[10,1,1,0,2024,2024]]}},{"type":"Feature","geometry":{"type":"Polygon","coordinates":[[[-80.81922,33.80997],[-80.81782,33.81116],[-80.81832,33.81291],[-80.82021,33.81346],[-80.8216,33.81228],[-80.82111,33.81053],[-80.81922,33.80997]]]},"properties":{"cell":"8944d164e03ffff","res":9,"coarsened":false,"count":15,"hv":15,"mp":0,"y0":2016,"y1":2026,"sp":[[2,2,2,0,2016,2025],[60,2,2,0,2021,2024],[45,2,2,0,2024,2025],[70,2,2,0,2026,2026],[1,1,1,0,2019,2019],[90,1,1,0,2021,2021],[14,1,1,0,2022,2022],[3,1,1,0,2023,2023],[72,1,1,0,2023,2023],[50,1,1,0,2023,2023],[47,1,1,0,2025,2025]]}},{"type":"Feature","geometry":{"type":"Polygon","coordinates":[[[-80.81708,33.82695],[-80.81568,33.82814],[-80.81618,33.82988],[-80.81807,33.83044],[-80.81946,33.82925],[-80.81897,33.82751],[-80.81708,33.82695]]]},"properties":{"cell":"8944d164a8fffff","res":9,"coarsened":false,"count":105,"hv":105,"mp":0,"y0":2016,"y1":2026,"sp":[[41,17,17,0,2019,2026],[13,6,6,0,2025,2026],[43,5,5,0,2022,2026],[62,5,5,0,2022,2026],[17,5,5,0,2023,2026],[55,5,5,0,2025,2026],[11,4,4,0,2016,2024],[9,4,4,0,2019,2026],[1,4,4,0,2021,2023],[6,4,4,0,2021,2026],[45,4,4,0,2023,2024],[2,3,3,0,2018,2025],[42,3,3,0,2018,2024],[14,3,3,0,2021,2022],[58,3,3,0,2022,2023],[7,3,3,0,2022,2026],[8,3,3,0,2022,2023],[15,3,3,0,2024,2025],[71,2,2,0,2022,2024],[57,2,2,0,2022,2023],[38,2,2,0,2023,2024],[50,2,2,0,2019,2026],[48,2,2,0,2024,2025],[10,1,1,0,2022,2022],[0,1,1,0,2022,2022],[12,1,1,0,2023,2023],[117,1,1,0,2023,2023],[19,1,1,0,2023,2023],[52,1,1,0,2023,2023],[92,1,1,0,2024,2024],[40,1,1,0,2025,2025],[47,1,1,0,2025,2025],[46,1,1,0,2026,2026],[121,1,1,0,2026,2026]]}},{"type":"Feature","geometry":{"type":"Polygon","coordinates":[[[-80.81618,33.82988],[-80.81478,33.83107],[-80.81527,33.83282],[-80.81716,33.83338],[-80.81856,33.83219],[-80.81807,33.83044],[-80.81618,33.82988]]]},"properties":{"cell":"8944d164a17ffff","res":9,"coarsened":false,"count":35,"hv":35,"mp":0,"y0":2016,"y1":2026,"sp":[[29,9,9,0,2016,2026],[37,3,3,0,2017,2024],[20,3,3,0,2024,2024],[49,2,2,0,2018,2025],[18,2,2,0,2021,2025],[54,2,2,0,2025,2025],[32,1,1,0,2017,2017],[42,1,1,0,2017,2017],[7,1,1,0,2017,2017],[56,1,1,0,2020,2020],[40,1,1,0,2021,2021],[19,1,1,0,2022,2022],[46,1,1,0,2022,2022],[38,1,1,0,2023,2023],[65,1,1,0,2023,2023],[9,1,1,0,2023,2023],[1,1,1,0,2024,2024],[133,1,1,0,2024,2024],[71,1,1,0,2025,2025],[8,1,1,0,2026,2026]]}},{"type":"Feature","geometry":{"type":"Polygon","coordinates":[[[-80.78874,33.81857],[-80.78734,33.81976],[-80.78783,33.8215],[-80.78972,33.82206],[-80.79112,33.82087],[-80.79063,33.81913],[-80.78874,33.81857]]]},"properties":{"cell":"8944d165d7bffff","res":9,"coarsened":false,"count":5,"hv":5,"mp":0,"y0":2016,"y1":2026,"sp":[[13,1,1,0,2016,2016],[1,1,1,0,2023,2023],[109,1,1,0,2025,2025],[93,1,1,0,2026,2026],[55,1,1,0,2026,2026]]}},{"type":"Feature","geometry":{"type":"Polygon","coordinates":[[[-80.71297,33.81373],[-80.71157,33.81491],[-80.71206,33.81666],[-80.71395,33.81722],[-80.71534,33.81603],[-80.71485,33.81429],[-80.71297,33.81373]]]},"properties":{"cell":"8944d16e807ffff","res":9,"coarsened":false,"count":8,"hv":8,"mp":0,"y0":2016,"y1":2026,"sp":[[30,1,1,0,2016,2016],[31,1,1,0,2016,2016],[50,1,1,0,2022,2022],[8,1,1,0,2025,2025],[37,1,1,0,2025,2025],[54,1,1,0,2025,2025],[62,1,1,0,2025,2025],[18,1,1,0,2026,2026]]}},{"type":"Feature","geometry":{"type":"Polygon","coordinates":[[[-80.63323,33.78204],[-80.63184,33.78323],[-80.63233,33.78497],[-80.63421,33.78553],[-80.63561,33.78435],[-80.63512,33.7826],[-80.63323,33.78204]]]},"properties":{"cell":"8944d16c68bffff","res":9,"coarsened":false,"count":5,"hv":5,"mp":0,"y0":2016,"y1":2025,"sp":[[27,1,1,0,2016,2016],[34,1,1,0,2016,2016],[24,1,1,0,2016,2016],[98,1,1,0,2025,2025],[26,1,1,0,2025,2025]]}},{"type":"Feature","geometry":{"type":"Polygon","coordinates":[[[-80.829,33.83847],[-80.8276,33.83966],[-80.82809,33.84141],[-80.82998,33.84197],[-80.83138,33.84078],[-80.83089,33.83903],[-80.829,33.83847]]]},"properties":{"cell":"8944d164bd7ffff","res":9,"coarsened":false,"count":24,"hv":24,"mp":0,"y0":2016,"y1":2026,"sp":[[29,3,3,0,2016,2026],[18,3,3,0,2025,2026],[84,3,3,0,2025,2026],[65,2,2,0,2021,2026],[82,1,1,0,2021,2021],[17,1,1,0,2024,2024],[137,1,1,0,2024,2024],[33,1,1,0,2025,2025],[19,1,1,0,2025,2025],[32,1,1,0,2025,2025],[20,1,1,0,2025,2025],[13,1,1,0,2025,2025],[2,1,1,0,2025,2025],[133,1,1,0,2026,2026],[145,1,1,0,2026,2026],[8,1,1,0,2026,2026],[0,1,1,0,2026,2026]]}},{"type":"Feature","geometry":{"type":"Polygon","coordinates":[[[-80.82456,33.82275],[-80.82316,33.82394],[-80.82366,33.82569],[-80.82555,33.82625],[-80.82694,33.82506],[-80.82645,33.82331],[-80.82456,33.82275]]]},"properties":{"cell":"8944d16485bffff","res":9,"coarsened":false,"count":125,"hv":125,"mp":0,"y0":2012,"y1":2026,"sp":[[41,17,17,0,2021,2026],[1,9,9,0,2016,2026],[8,9,9,0,2019,2024],[15,9,9,0,2012,2026],[14,7,7,0,2020,2025],[21,6,6,0,2021,2026],[48,5,5,0,2017,2025],[46,5,5,0,2023,2025],[55,4,4,0,2022,2025],[42,4,4,0,2022,2026],[11,4,4,0,2017,2026],[45,3,3,0,2021,2024],[2,3,3,0,2022,2026],[18,3,3,0,2022,2026],[3,3,3,0,2023,2026],[50,3,3,0,2023,2023],[29,3,3,0,2025,2025],[6,2,2,0,2016,2025],[24,2,2,0,2021,2023],[37,2,2,0,2022,2022],[32,2,2,0,2022,2022],[114,2,2,0,2022,2023],[44,2,2,0,2023,2023],[58,2,2,0,2023,2024],[47,2,2,0,2023,2024],[38,2,2,0,2024,2025],[17,1,1,0,2022,2022],[75,1,1,0,2023,2023],[52,1,1,0,2023,2023],[36,1,1,0,2023,2023],[7,1,1,0,2024,2024],[92,1,1,0,2025,2025],[108,1,1,0,2025,2025],[76,1,1,0,2025,2025],[9,1,1,0,2023,2023],[10,1,1,0,2026,2026]]}},{"type":"Feature","geometry":{"type":"Polygon","coordinates":[[[-80.8156,33.82171],[-80.81421,33.8229],[-80.8147,33.82464],[-80.81659,33.8252],[-80.81799,33.82401],[-80.81749,33.82227],[-80.8156,33.82171]]]},"properties":{"cell":"8944d164a9bffff","res":9,"coarsened":false,"count":14,"hv":14,"mp":0,"y0":2016,"y1":2026,"sp":[[2,3,3,0,2021,2026],[29,2,2,0,2016,2020],[14,2,2,0,2021,2024],[44,1,1,0,2019,2019],[43,1,1,0,2020,2020],[45,1,1,0,2020,2020],[1,1,1,0,2023,2023],[47,1,1,0,2026,2026],[3,1,1,0,2026,2026],[42,1,1,0,2026,2026]]}},{"type":"Feature","geometry":{"type":"Polygon","coordinates":[[[-80.77241,33.79133],[-80.77101,33.79251],[-80.7715,33.79426],[-80.77339,33.79482],[-80.77479,33.79363],[-80.7743,33.79188],[-80.77241,33.79133]]]},"properties":{"cell":"8944d165ccbffff","res":9,"coarsened":false,"count":6,"hv":6,"mp":0,"y0":2017,"y1":2025,"sp":[[32,1,1,0,2017,2017],[14,1,1,0,2017,2017],[45,1,1,0,2017,2017],[46,1,1,0,2017,2017],[50,1,1,0,2024,2024],[114,1,1,0,2025,2025]]}},{"type":"Feature","geometry":{"type":"Polygon","coordinates":[[[-80.82431,33.80347],[-80.82292,33.80466],[-80.82341,33.80641],[-80.8253,33.80696],[-80.8267,33.80578],[-80.8262,33.80403],[-80.82431,33.80347]]]},"properties":{"cell":"8944d164e83ffff","res":9,"coarsened":false,"count":8,"hv":8,"mp":0,"y0":2017,"y1":2025,"sp":[[5,1,1,0,2017,2017],[42,1,1,0,2017,2017],[0,1,1,0,2017,2017],[70,1,1,0,2021,2021],[30,1,1,0,2021,2021],[101,1,1,0,2022,2022],[6,1,1,0,2023,2023],[10,1,1,0,2025,2025]]}},{"type":"Feature","geometry":{"type":"Polygon","coordinates":[[[-80.81117,33.80599],[-80.80977,33.80718],[-80.81026,33.80892],[-80.81215,33.80948],[-80.81355,33.8083],[-80.81306,33.80655],[-80.81117,33.80599]]]},"properties":{"cell":"8944d164e53ffff","res":9,"coarsened":false,"count":5,"hv":5,"mp":0,"y0":2017,"y1":2025,"sp":[[14,1,1,0,2017,2017],[62,1,1,0,2022,2022],[50,1,1,0,2023,2023],[2,1,1,0,2024,2024],[11,1,1,0,2025,2025]]}},{"type":"Feature","geometry":{"type":"Polygon","coordinates":[[[-80.81445,33.80536],[-80.81306,33.80655],[-80.81355,33.8083],[-80.81544,33.80885],[-80.81684,33.80767],[-80.81634,33.80592],[-80.81445,33.80536]]]},"properties":{"cell":"8944d164ecfffff","res":9,"coarsened":false,"count":3,"hv":3,"mp":0,"y0":2017,"y1":2026,"sp":[[55,2,2,0,2024,2026],[14,1,1,0,2017,2017]]}},{"type":"Feature","geometry":{"type":"Polygon","coordinates":[[[-80.81774,33.80473],[-80.81634,33.80592],[-80.81684,33.80767],[-80.81873,33.80822],[-80.82012,33.80704],[-80.81963,33.80529],[-80.81774,33.80473]]]},"properties":{"cell":"8944d164ec7ffff","res":9,"coarsened":false,"count":3,"hv":3,"mp":0,"y0":2017,"y1":2023,"sp":[[2,1,1,0,2017,2017],[1,1,1,0,2021,2021],[12,1,1,0,2023,2023]]}},{"type":"Feature","geometry":{"type":"Polygon","coordinates":[[[-80.82308,33.81751],[-80.82168,33.8187],[-80.82218,33.82045],[-80.82407,33.82101],[-80.82546,33.81982],[-80.82497,33.81807],[-80.82308,33.81751]]]},"properties":{"cell":"8944d164e23ffff","res":9,"coarsened":false,"count":37,"hv":37,"mp":0,"y0":2017,"y1":2026,"sp":[[29,3,3,0,2021,2025],[14,3,3,0,2022,2025],[0,2,2,0,2019,2019],[8,2,2,0,2020,2025],[5,2,2,0,2020,2021],[46,2,2,0,2021,2024],[41,2,2,0,2021,2025],[2,2,2,0,2023,2025],[48,2,2,0,2025,2025],[4,2,2,0,2025,2025],[18,2,2,0,2026,2026],[1,1,1,0,2017,2017],[58,1,1,0,2021,2021],[45,1,1,0,2021,2021],[100,1,1,0,2022,2022],[50,1,1,0,2023,2023],[89,1,1,0,2024,2024],[114,1,1,0,2025,2025],[56,1,1,0,2025,2025],[92,1,1,0,2025,2025],[70,1,1,0,2026,2026],[24,1,1,0,2026,2026],[55,1,1,0,2026,2026],[22,1,1,0,2026,2026]]}},{"type":"Feature","geometry":{"type":"Polygon","coordinates":[[[-80.73844,33.78127],[-80.73704,33.78245],[-80.73753,33.7842],[-80.73942,33.78476],[-80.74081,33.78357],[-80.74032,33.78183],[-80.73844,33.78127]]]},"properties":{"cell":"8944d1653c7ffff","res":9,"coarsened":false,"count":1,"hv":1,"mp":0,"y0":2017,"y1":2017,"sp":[[1,1,1,0,2017,2017]]}},{"type":"Feature","geometry":{"type":"Polygon","coordinates":[[[-80.8147,33.82464],[-80.8133,33.82583],[-80.81379,33.82758],[-80.81568,33.82814],[-80.81708,33.82695],[-80.81659,33.8252],[-80.8147,33.82464]]]},"properties":{"cell":"8944d164a8bffff","res":9,"coarsened":false,"count":5,"hv":5,"mp":0,"y0":2017,"y1":2026,"sp":[[17,1,1,0,2017,2017],[29,1,1,0,2018,2018],[41,1,1,0,2019,2019],[80,1,1,0,2020,2020],[14,1,1,0,2026,2026]]}},{"type":"Feature","geometry":{"type":"Polygon","coordinates":[[[-80.77003,33.78902],[-80.76863,33.79021],[-80.76913,33.79195],[-80.77101,33.79251],[-80.77241,33.79133],[-80.77192,33.78958],[-80.77003,33.78902]]]},"properties":{"cell":"8944d165137ffff","res":9,"coarsened":false,"count":2,"hv":2,"mp":0,"y0":2016,"y1":2018,"sp":[[2,1,1,0,2016,2016],[11,1,1,0,2018,2018]]}},{"type":"Feature","geometry":{"type":"Polygon","coordinates":[[[-80.74229,33.78881],[-80.74089,33.79],[-80.74138,33.79174],[-80.74327,33.7923],[-80.74467,33.79112],[-80.74417,33.78937],[-80.74229,33.78881]]]},"properties":{"cell":"8944d165307ffff","res":9,"coarsened":false,"count":1,"hv":1,"mp":0,"y0":2017,"y1":2017,"sp":[[15,1,1,0,2017,2017]]}},{"type":"Feature","geometry":{"type":"Polygon","coordinates":[[[-80.82637,33.81689],[-80.82497,33.81807],[-80.82546,33.81982],[-80.82735,33.82038],[-80.82875,33.81919],[-80.82826,33.81744],[-80.82637,33.81689]]]},"properties":{"cell":"8944d164e37ffff","res":9,"coarsened":false,"count":18,"hv":18,"mp":0,"y0":2018,"y1":2026,"sp":[[2,5,5,0,2021,2026],[58,2,2,0,2023,2024],[50,1,1,0,2018,2018],[17,1,1,0,2019,2019],[8,1,1,0,2020,2020],[52,1,1,0,2021,2021],[92,1,1,0,2022,2022],[4,1,1,0,2024,2024],[3,1,1,0,2025,2025],[95,1,1,0,2025,2025],[76,1,1,0,2025,2025],[29,1,1,0,2025,2025],[70,1,1,0,2025,2025]]}},{"type":"Feature","geometry":{"type":"Polygon","coordinates":[[[-80.64726,33.77661],[-80.64586,33.7778],[-80.64635,33.77954],[-80.64823,33.7801],[-80.64963,33.77892],[-80.64914,33.77717],[-80.64726,33.77661]]]},"properties":{"cell":"8944d16c4cbffff","res":9,"coarsened":false,"count":8,"hv":8,"mp":0,"y0":2018,"y1":2026,"sp":[[56,2,2,0,2021,2024],[22,1,1,0,2018,2018],[53,1,1,0,2022,2022],[58,1,1,0,2023,2023],[5,1,1,0,2024,2024],[80,1,1,0,2025,2025],[45,1,1,0,2026,2026]]}},{"type":"Feature","geometry":{"type":"Polygon","coordinates":[[[-80.76551,33.80369],[-80.76411,33.80488],[-80.7646,33.80662],[-80.76649,33.80718],[-80.76789,33.80599],[-80.76739,33.80425],[-80.76551,33.80369]]]},"properties":{"cell":"8944d165ea3ffff","res":9,"coarsened":false,"count":1,"hv":1,"mp":0,"y0":2017,"y1":2017,"sp":[[4,1,1,0,2017,2017]]}},{"type":"Feature","geometry":{"type":"Polygon","coordinates":[[[-80.82571,33.8391],[-80.82431,33.84029],[-80.8248,33.84204],[-80.8267,33.8426],[-80.82809,33.84141],[-80.8276,33.83966],[-80.82571,33.8391]]]},"properties":{"cell":"8944d164bc3ffff","res":9,"coarsened":false,"count":2,"hv":2,"mp":0,"y0":2018,"y1":2026,"sp":[[18,1,1,0,2018,2018],[124,1,1,0,2026,2026]]}},{"type":"Feature","geometry":{"type":"Polygon","coordinates":[[[-80.82752,33.83323],[-80.82612,33.83442],[-80.82661,33.83617],[-80.8285,33.83673],[-80.8299,33.83554],[-80.82941,33.83379],[-80.82752,33.83323]]]},"properties":{"cell":"8944d16486bffff","res":9,"coarsened":false,"count":150,"hv":150,"mp":0,"y0":2015,"y1":2026,"sp":[[84,24,24,0,2021,2026],[18,15,15,0,2021,2026],[145,13,13,0,2026,2026],[20,9,9,0,2022,2026],[54,8,8,0,2018,2026],[64,7,7,0,2020,2026],[31,6,6,0,2021,2026],[29,5,5,0,2023,2026],[19,4,4,0,2021,2026],[16,4,4,0,2021,2024],[9,4,4,0,2022,2024],[8,4,4,0,2023,2023],[12,3,3,0,2021,2026],[46,3,3,0,2021,2026],[42,3,3,0,2021,2026],[110,3,3,0,2023,2025],[33,3,3,0,2024,2025],[7,2,2,0,2015,2025],[37,2,2,0,2021,2025],[123,2,2,0,2023,2026],[40,2,2,0,2025,2026],[100,2,2,0,2026,2026],[51,1,1,0,2018,2018],[74,1,1,0,2020,2020],[5,1,1,0,2021,2021],[24,1,1,0,2022,2022],[38,1,1,0,2022,2022],[126,1,1,0,2023,2023],[32,1,1,0,2023,2023],[128,1,1,0,2023,2023],[109,1,1,0,2023,2023],[57,1,1,0,2024,2024],[49,1,1,0,2025,2025],[58,1,1,0,2025,2025],[125,1,1,0,2025,2025],[66,1,1,0,2023,2023],[22,1,1,0,2023,2023],[65,1,1,0,2023,2023],[43,1,1,0,2023,2023],[13,1,1,0,2025,2025],[113,1,1,0,2026,2026],[56,1,1,0,2026,2026],[1,1,1,0,2026,2026],[127,1,1,0,2026,2026]]}},{"type":"Feature","geometry":{"type":"Polygon","coordinates":[[[-80.82218,33.82045],[-80.82078,33.82164],[-80.82127,33.82338],[-80.82316,33.82394],[-80.82456,33.82275],[-80.82407,33.82101],[-80.82218,33.82045]]]},"properties":{"cell":"8944d164e2fffff","res":9,"coarsened":false,"count":120,"hv":120,"mp":0,"y0":2014,"y1":2026,"sp":[[1,10,10,0,2021,2026],[41,7,7,0,2019,2026],[2,6,6,0,2020,2026],[15,6,6,0,2021,2026],[55,6,6,0,2021,2025],[37,6,6,0,2021,2025],[24,5,5,0,2022,2026],[11,5,5,0,2022,2026],[9,4,4,0,2021,2025],[14,4,4,0,2022,2025],[70,4,4,0,2025,2026],[7,3,3,0,2014,2023],[3,3,3,0,2021,2022],[58,3,3,0,2021,2024],[75,3,3,0,2022,2023],[21,3,3,0,2022,2024],[42,3,3,0,2023,2025],[72,3,3,0,2024,2024],[46,2,2,0,2021,2024],[56,2,2,0,2022,2023],[6,2,2,0,2022,2025],[53,2,2,0,2022,2024],[12,2,2,0,2023,2024],[82,2,2,0,2025,2025],[50,1,1,0,2018,2018],[10,1,1,0,2019,2019],[79,1,1,0,2021,2021],[108,1,1,0,2021,2021],[43,1,1,0,2021,2021],[8,1,1,0,2021,2021],[38,1,1,0,2021,2021],[92,1,1,0,2021,2021],[4,1,1,0,2022,2022],[17,1,1,0,2022,2022],[32,1,1,0,2022,2022],[57,1,1,0,2023,2023],[52,1,1,0,2023,2023],[119,1,1,0,2023,2023],[61,1,1,0,2023,2023],[48,1,1,0,2023,2023],[95,1,1,0,2024,2024],[134,1,1,0,2024,2024],[135,1,1,0,2024,2024],[44,1,1,0,2025,2025],[29,1,1,0,2025,2025],[62,1,1,0,2025,2025],[114,1,1,0,2025,2025],[47,1,1,0,2024,2024]]}},{"type":"Feature","geometry":{"type":"Polygon","coordinates":[[[-80.81265,33.81123],[-80.81125,33.81242],[-80.81174,33.81416],[-80.81363,33.81472],[-80.81503,33.81353],[-80.81454,33.81179],[-80.81265,33.81123]]]},"properties":{"cell":"8944d164e47ffff","res":9,"coarsened":false,"count":11,"hv":11,"mp":0,"y0":2016,"y1":2026,"sp":[[2,2,2,0,2016,2026],[24,1,1,0,2021,2021],[55,1,1,0,2022,2022],[21,1,1,0,2022,2022],[58,1,1,0,2022,2022],[119,1,1,0,2024,2024],[48,1,1,0,2025,2025],[87,1,1,0,2026,2026],[41,1,1,0,2026,2026],[1,1,1,0,2026,2026]]}},{"type":"Feature","geometry":{"type":"Polygon","coordinates":[[[-80.83146,33.81039],[-80.83007,33.81157],[-80.83056,33.81332],[-80.83245,33.81388],[-80.83385,33.81269],[-80.83335,33.81094],[-80.83146,33.81039]]]},"properties":{"cell":"8944d164eb7ffff","res":9,"coarsened":false,"count":15,"hv":15,"mp":0,"y0":2016,"y1":2026,"sp":[[56,2,2,0,2021,2025],[14,2,2,0,2021,2023],[55,1,1,0,2016,2016],[91,1,1,0,2021,2021],[7,1,1,0,2021,2021],[58,1,1,0,2022,2022],[90,1,1,0,2022,2022],[106,1,1,0,2025,2025],[2,1,1,0,2025,2025],[11,1,1,0,2025,2025],[4,1,1,0,2025,2025],[24,1,1,0,2026,2026],[21,1,1,0,2026,2026]]}},{"type":"Feature","geometry":{"type":"Polygon","coordinates":[[[-80.81832,33.81291],[-80.81692,33.81409],[-80.81741,33.81584],[-80.8193,33.8164],[-80.8207,33.81521],[-80.82021,33.81346],[-80.81832,33.81291]]]},"properties":{"cell":"8944d164e0fffff","res":9,"coarsened":false,"count":4,"hv":4,"mp":0,"y0":2019,"y1":2026,"sp":[[45,1,1,0,2019,2019],[73,1,1,0,2024,2024],[84,1,1,0,2026,2026],[70,1,1,0,2026,2026]]}},{"type":"Feature","geometry":{"type":"Polygon","coordinates":[[[-80.81593,33.8106],[-80.81454,33.81179],[-80.81503,33.81353],[-80.81692,33.81409],[-80.81832,33.81291],[-80.81782,33.81116],[-80.81593,33.8106]]]},"properties":{"cell":"8944d164e0bffff","res":9,"coarsened":false,"count":13,"hv":13,"mp":0,"y0":2019,"y1":2026,"sp":[[56,1,1,0,2019,2019],[58,1,1,0,2019,2019],[14,1,1,0,2021,2021],[2,1,1,0,2022,2022],[9,1,1,0,2023,2023],[92,1,1,0,2024,2024],[45,1,1,0,2024,2024],[61,1,1,0,2025,2025],[47,1,1,0,2025,2025],[3,1,1,0,2026,2026],[43,1,1,0,2026,2026],[70,1,1,0,2026,2026],[40,1,1,0,2026,2026]]}},{"type":"Feature","geometry":{"type":"Polygon","coordinates":[[[-80.81503,33.81353],[-80.81363,33.81472],[-80.81412,33.81647],[-80.81601,33.81703],[-80.81741,33.81584],[-80.81692,33.81409],[-80.81503,33.81353]]]},"properties":{"cell":"8944d164e73ffff","res":9,"coarsened":false,"count":3,"hv":3,"mp":0,"y0":2019,"y1":2024,"sp":[[42,1,1,0,2019,2019],[2,1,1,0,2022,2022],[58,1,1,0,2024,2024]]}},{"type":"Feature","geometry":{"type":"Polygon","coordinates":[[[-80.86369,33.8263],[-80.86229,33.82749],[-80.86279,33.82924],[-80.86468,33.8298],[-80.86608,33.82861],[-80.86558,33.82686],[-80.86369,33.8263]]]},"properties":{"cell":"8944d164d33ffff","res":9,"coarsened":false,"count":1,"hv":1,"mp":0,"y0":2019,"y1":2019,"sp":[[24,1,1,0,2019,2019]]}},{"type":"Feature","geometry":{"type":"Polygon","coordinates":[[[-80.78136,33.79237],[-80.77996,33.79356],[-80.78045,33.79531],[-80.78234,33.79587],[-80.78374,33.79468],[-80.78325,33.79293],[-80.78136,33.79237]]]},"properties":{"cell":"8944d165c8bffff","res":9,"coarsened":false,"count":2,"hv":2,"mp":0,"y0":2008,"y1":2021,"sp":[[53,1,1,0,2008,2008],[88,1,1,0,2021,2021]]}},{"type":"Feature","geometry":{"type":"Polygon","coordinates":[[[-80.82727,33.81395],[-80.82588,33.81514],[-80.82637,33.81689],[-80.82826,33.81744],[-80.82966,33.81626],[-80.82916,33.81451],[-80.82727,33.81395]]]},"properties":{"cell":"8944d164eafffff","res":9,"coarsened":false,"count":37,"hv":37,"mp":0,"y0":2019,"y1":2026,"sp":[[15,4,4,0,2019,2026],[14,4,4,0,2019,2025],[4,4,4,0,2021,2026],[28,3,3,0,2022,2026],[41,3,3,0,2023,2026],[2,2,2,0,2021,2021],[114,2,2,0,2024,2025],[75,1,1,0,2021,2021],[89,1,1,0,2022,2022],[5,1,1,0,2022,2022],[0,1,1,0,2022,2022],[90,1,1,0,2022,2022],[42,1,1,0,2023,2023],[127,1,1,0,2023,2023],[53,1,1,0,2024,2024],[80,1,1,0,2024,2024],[50,1,1,0,2024,2024],[38,1,1,0,2025,2025],[8,1,1,0,2025,2025],[70,1,1,0,2026,2026],[43,1,1,0,2026,2026],[1,1,1,0,2026,2026]]}},{"type":"Feature","geometry":{"type":"Polygon","coordinates":[[[-80.82251,33.80934],[-80.82111,33.81053],[-80.8216,33.81228],[-80.82349,33.81283],[-80.82489,33.81165],[-80.8244,33.8099],[-80.82251,33.80934]]]},"properties":{"cell":"8944d164e17ffff","res":9,"coarsened":false,"count":18,"hv":18,"mp":0,"y0":2019,"y1":2026,"sp":[[11,2,2,0,2019,2026],[43,2,2,0,2025,2025],[7,1,1,0,2019,2019],[42,1,1,0,2019,2019],[12,1,1,0,2019,2019],[0,1,1,0,2019,2019],[61,1,1,0,2019,2019],[46,1,1,0,2019,2019],[40,1,1,0,2019,2019],[70,1,1,0,2022,2022],[14,1,1,0,2023,2023],[41,1,1,0,2024,2024],[90,1,1,0,2024,2024],[1,1,1,0,2025,2025],[55,1,1,0,2026,2026],[98,1,1,0,2026,2026]]}},{"type":"Feature","geometry":{"type":"Polygon","coordinates":[[[-80.82012,33.80704],[-80.81873,33.80822],[-80.81922,33.80997],[-80.82111,33.81053],[-80.82251,33.80934],[-80.82201,33.80759],[-80.82012,33.80704]]]},"properties":{"cell":"8944d164e13ffff","res":9,"coarsened":false,"count":2,"hv":2,"mp":0,"y0":2019,"y1":2026,"sp":[[0,1,1,0,2019,2019],[98,1,1,0,2026,2026]]}},{"type":"Feature","geometry":{"type":"Polygon","coordinates":[[[-80.75803,33.80788],[-80.75664,33.80907],[-80.75713,33.81081],[-80.75901,33.81137],[-80.76041,33.81018],[-80.75992,33.80844],[-80.75803,33.80788]]]},"properties":{"cell":"8944d165e3bffff","res":9,"coarsened":false,"count":5,"hv":5,"mp":0,"y0":2019,"y1":2025,"sp":[[13,2,2,0,2019,2025],[2,1,1,0,2024,2024],[5,1,1,0,2024,2024],[14,1,1,0,2025,2025]]}},{"type":"Feature","geometry":{"type":"Polygon","coordinates":[[[-80.7638,33.77917],[-80.7624,33.78036],[-80.76289,33.78211],[-80.76478,33.78266],[-80.76618,33.78148],[-80.76569,33.77973],[-80.7638,33.77917]]]},"properties":{"cell":"8944d165113ffff","res":9,"coarsened":false,"count":1,"hv":1,"mp":0,"y0":2019,"y1":2019,"sp":[[10,1,1,0,2019,2019]]}},{"type":"Feature","geometry":{"type":"Polygon","coordinates":[[[-80.8207,33.81521],[-80.8193,33.8164],[-80.81979,33.81814],[-80.82168,33.8187],[-80.82308,33.81751],[-80.82259,33.81577],[-80.8207,33.81521]]]},"properties":{"cell":"8944d164e3bffff","res":9,"coarsened":false,"count":10,"hv":10,"mp":0,"y0":2019,"y1":2026,"sp":[[55,1,1,0,2019,2019],[50,1,1,0,2023,2023],[48,1,1,0,2024,2024],[2,1,1,0,2024,2024],[134,1,1,0,2024,2024],[8,1,1,0,2025,2025],[14,1,1,0,2025,2025],[3,1,1,0,2025,2025],[1,1,1,0,2025,2025],[28,1,1,0,2026,2026]]}},{"type":"Feature","geometry":{"type":"Polygon","coordinates":[[[-80.64523,33.76321],[-80.64384,33.7644],[-80.64433,33.76614],[-80.64621,33.7667],[-80.6476,33.76552],[-80.64712,33.76377],[-80.64523,33.76321]]]},"properties":{"cell":"8944d16f187ffff","res":9,"coarsened":false,"count":15,"hv":15,"mp":0,"y0":2019,"y1":2026,"sp":[[17,2,2,0,2025,2025],[72,2,2,0,2025,2026],[13,1,1,0,2019,2019],[11,1,1,0,2019,2019],[104,1,1,0,2021,2021],[21,1,1,0,2022,2022],[22,1,1,0,2022,2022],[106,1,1,0,2023,2023],[50,1,1,0,2023,2023],[62,1,1,0,2024,2024],[38,1,1,0,2024,2024],[3,1,1,0,2026,2026],[121,1,1,0,2026,2026]]}},{"type":"Feature","geometry":{"type":"Polygon","coordinates":[[[-80.82513,33.83093],[-80.82374,33.83212],[-80.82423,33.83386],[-80.82612,33.83442],[-80.82752,33.83323],[-80.82702,33.83149],[-80.82513,33.83093]]]},"properties":{"cell":"8944d164ab7ffff","res":9,"coarsened":false,"count":63,"hv":63,"mp":0,"y0":2015,"y1":2026,"sp":[[29,6,6,0,2021,2026],[18,5,5,0,2021,2026],[42,5,5,0,2021,2026],[41,4,4,0,2015,2026],[1,4,4,0,2015,2025],[19,4,4,0,2021,2026],[32,3,3,0,2021,2026],[46,3,3,0,2021,2023],[16,3,3,0,2023,2023],[37,3,3,0,2024,2025],[40,3,3,0,2024,2026],[43,2,2,0,2022,2023],[31,2,2,0,2022,2026],[20,2,2,0,2023,2026],[7,2,2,0,2024,2025],[8,2,2,0,2024,2026],[84,2,2,0,2026,2026],[50,1,1,0,2022,2022],[45,1,1,0,2023,2023],[39,1,1,0,2023,2023],[117,1,1,0,2025,2025],[2,1,1,0,2025,2025],[5,1,1,0,2025,2025],[33,1,1,0,2026,2026],[13,1,1,0,2026,2026]]}},{"type":"Feature","geometry":{"type":"Polygon","coordinates":[[[-80.65144,33.77306],[-80.61872,33.78573],[-80.61579,33.81845],[-80.64559,33.83851],[-80.67833,33.82585],[-80.68125,33.79311],[-80.65144,33.77306]]]},"properties":{"cell":"8644d16c7ffffff","res":6,"coarsened":true,"count":2,"hv":2,"mp":0,"y0":2020,"y1":2020,"sp":[[63,2,2,0,2020,2020]]}},{"type":"Feature","geometry":{"type":"Polygon","coordinates":[[[-80.82333,33.8368],[-80.82193,33.83799],[-80.82242,33.83973],[-80.82431,33.84029],[-80.82571,33.8391],[-80.82522,33.83736],[-80.82333,33.8368]]]},"properties":{"cell":"8944d164bdbffff","res":9,"coarsened":false,"count":1,"hv":1,"mp":0,"y0":2020,"y1":2020,"sp":[[65,1,1,0,2020,2020]]}},{"type":"Feature","geometry":{"type":"Polygon","coordinates":[[[-80.86008,33.83804],[-80.85868,33.83923],[-80.85917,33.84098],[-80.86106,33.84154],[-80.86246,33.84035],[-80.86197,33.8386],[-80.86008,33.83804]]]},"properties":{"cell":"8944d164987ffff","res":9,"coarsened":false,"count":19,"hv":19,"mp":0,"y0":2020,"y1":2026,"sp":[[47,2,2,0,2021,2022],[3,2,2,0,2022,2022],[66,1,1,0,2020,2020],[12,1,1,0,2021,2021],[11,1,1,0,2021,2021],[4,1,1,0,2021,2021],[44,1,1,0,2022,2022],[5,1,1,0,2022,2022],[29,1,1,0,2022,2022],[8,1,1,0,2022,2022],[15,1,1,0,2024,2024],[0,1,1,0,2024,2024],[22,1,1,0,2024,2024],[139,1,1,0,2025,2025],[117,1,1,0,2025,2025],[2,1,1,0,2026,2026],[87,1,1,0,2026,2026]]}},{"type":"Feature","geometry":{"type":"Polygon","coordinates":[[[-80.75565,33.80557],[-80.75426,33.80676],[-80.75475,33.80851],[-80.75664,33.80907],[-80.75803,33.80788],[-80.75754,33.80613],[-80.75565,33.80557]]]},"properties":{"cell":"8944d165e0fffff","res":9,"coarsened":false,"count":3,"hv":3,"mp":0,"y0":2020,"y1":2025,"sp":[[50,1,1,0,2020,2020],[30,1,1,0,2022,2022],[17,1,1,0,2025,2025]]}},{"type":"Feature","geometry":{"type":"Polygon","coordinates":[[[-80.76041,33.81018],[-80.75901,33.81137],[-80.75951,33.81312],[-80.76139,33.81368],[-80.76279,33.81249],[-80.7623,33.81074],[-80.76041,33.81018]]]},"properties":{"cell":"8944d165e23ffff","res":9,"coarsened":false,"count":7,"hv":7,"mp":0,"y0":2020,"y1":2026,"sp":[[50,2,2,0,2022,2026],[49,1,1,0,2020,2020],[84,1,1,0,2022,2022],[66,1,1,0,2022,2022],[2,1,1,0,2025,2025],[30,1,1,0,2026,2026]]}},{"type":"Feature","geometry":{"type":"Polygon","coordinates":[[[-80.78169,33.78127],[-80.7803,33.78245],[-80.78079,33.7842],[-80.78268,33.78476],[-80.78407,33.78357],[-80.78358,33.78182],[-80.78169,33.78127]]]},"properties":{"cell":"8944d164273ffff","res":9,"coarsened":false,"count":1,"hv":1,"mp":0,"y0":2006,"y1":2006,"sp":[[8,1,1,0,2006,2006]]}},{"type":"Feature","geometry":{"type":"Polygon","coordinates":[[[-80.81412,33.81647],[-80.81273,33.81766],[-80.81322,33.8194],[-80.81511,33.81996],[-80.81651,33.81877],[-80.81601,33.81703],[-80.81412,33.81647]]]},"properties":{"cell":"8944d164e63ffff","res":9,"coarsened":false,"count":12,"hv":12,"mp":0,"y0":2017,"y1":2026,"sp":[[1,2,2,0,2017,2026],[3,1,1,0,2021,2021],[6,1,1,0,2022,2022],[118,1,1,0,2022,2022],[14,1,1,0,2026,2026],[55,1,1,0,2026,2026],[15,1,1,0,2026,2026],[53,1,1,0,2026,2026],[90,1,1,0,2026,2026],[10,1,1,0,2026,2026],[22,1,1,0,2026,2026]]}},{"type":"Feature","geometry":{"type":"Polygon","coordinates":[[[-80.82933,33.82736],[-80.82793,33.82855],[-80.82842,33.8303],[-80.83031,33.83086],[-80.83171,33.82967],[-80.83122,33.82792],[-80.82933,33.82736]]]},"properties":{"cell":"8944d164847ffff","res":9,"coarsened":false,"count":3,"hv":3,"mp":0,"y0":2012,"y1":2026,"sp":[[11,1,1,0,2012,2012],[1,1,1,0,2023,2023],[45,1,1,0,2026,2026]]}},{"type":"Feature","geometry":{"type":"Polygon","coordinates":[[[-80.78817,33.8104],[-80.78677,33.81158],[-80.78726,33.81333],[-80.78915,33.81389],[-80.79055,33.8127],[-80.79006,33.81095],[-80.78817,33.8104]]]},"properties":{"cell":"8944d165d53ffff","res":9,"coarsened":false,"count":10,"hv":10,"mp":0,"y0":2007,"y1":2026,"sp":[[2,1,1,0,2007,2007],[3,1,1,0,2021,2021],[30,1,1,0,2022,2022],[37,1,1,0,2022,2022],[92,1,1,0,2022,2022],[75,1,1,0,2022,2022],[72,1,1,0,2023,2023],[47,1,1,0,2025,2025],[6,1,1,0,2026,2026],[14,1,1,0,2026,2026]]}},{"type":"Feature","geometry":{"type":"Polygon","coordinates":[[[-80.85982,33.81876],[-80.85843,33.81995],[-80.85892,33.82169],[-80.86081,33.82225],[-80.86221,33.82106],[-80.86171,33.81931],[-80.85982,33.81876]]]},"properties":{"cell":"8944d164d13ffff","res":9,"coarsened":false,"count":3,"hv":3,"mp":0,"y0":2020,"y1":2026,"sp":[[2,2,2,0,2020,2021],[62,1,1,0,2026,2026]]}},{"type":"Feature","geometry":{"type":"Polygon","coordinates":[[[-80.77026,33.8083],[-80.76887,33.80949],[-80.76936,33.81123],[-80.77125,33.81179],[-80.77264,33.8106],[-80.77215,33.80886],[-80.77026,33.8083]]]},"properties":{"cell":"8944d1658d3ffff","res":9,"coarsened":false,"count":2,"hv":2,"mp":0,"y0":2020,"y1":2022,"sp":[[15,1,1,0,2020,2020],[14,1,1,0,2022,2022]]}},{"type":"Feature","geometry":{"type":"Polygon","coordinates":[[[-80.63993,33.75043],[-80.63853,33.75162],[-80.63902,33.75336],[-80.64091,33.75392],[-80.6423,33.75274],[-80.64181,33.75099],[-80.63993,33.75043]]]},"properties":{"cell":"8944d16f573ffff","res":9,"coarsened":false,"count":4,"hv":4,"mp":0,"y0":2020,"y1":2024,"sp":[[61,1,1,0,2020,2020],[74,1,1,0,2022,2022],[15,1,1,0,2024,2024],[62,1,1,0,2024,2024]]}},{"type":"Feature","geometry":{"type":"Polygon","coordinates":[[[-80.64558,33.75211],[-80.64418,33.7533],[-80.64467,33.75504],[-80.64656,33.7556],[-80.64795,33.75442],[-80.64746,33.75267],[-80.64558,33.75211]]]},"properties":{"cell":"8944d16f53bffff","res":9,"coarsened":false,"count":21,"hv":21,"mp":0,"y0":2020,"y1":2026,"sp":[[68,7,7,0,2020,2025],[17,2,2,0,2026,2026],[91,1,1,0,2021,2021],[14,1,1,0,2021,2021],[130,1,1,0,2024,2024],[69,1,1,0,2024,2024],[56,1,1,0,2025,2025],[76,1,1,0,2025,2025],[102,1,1,0,2025,2025],[61,1,1,0,2025,2025],[50,1,1,0,2026,2026],[125,1,1,0,2026,2026],[33,1,1,0,2026,2026],[20,1,1,0,2026,2026]]}},{"type":"Feature","geometry":{"type":"Polygon","coordinates":[[[-80.76789,33.80599],[-80.76649,33.80718],[-80.76698,33.80893],[-80.76887,33.80949],[-80.77026,33.8083],[-80.76977,33.80655],[-80.76789,33.80599]]]},"properties":{"cell":"8944d165ea7ffff","res":9,"coarsened":false,"count":1,"hv":1,"mp":0,"y0":2020,"y1":2020,"sp":[[2,1,1,0,2020,2020]]}},{"type":"Feature","geometry":{"type":"Polygon","coordinates":[[[-80.7885,33.79929],[-80.7871,33.80048],[-80.7876,33.80222],[-80.78948,33.80278],[-80.79088,33.80159],[-80.79039,33.79985],[-80.7885,33.79929]]]},"properties":{"cell":"8944d165ca3ffff","res":9,"coarsened":false,"count":2,"hv":2,"mp":0,"y0":2020,"y1":2026,"sp":[[55,1,1,0,2020,2020],[50,1,1,0,2026,2026]]}},{"type":"Feature","geometry":{"type":"Polygon","coordinates":[[[-80.78012,33.80641],[-80.77872,33.8076],[-80.77922,33.80935],[-80.7811,33.80991],[-80.7825,33.80872],[-80.78201,33.80697],[-80.78012,33.80641]]]},"properties":{"cell":"8944d165c2bffff","res":9,"coarsened":false,"count":3,"hv":3,"mp":0,"y0":2020,"y1":2021,"sp":[[55,1,1,0,2020,2020],[21,1,1,0,2020,2020],[48,1,1,0,2021,2021]]}},{"type":"Feature","geometry":{"type":"Polygon","coordinates":[[[-80.78579,33.80809],[-80.78439,33.80928],[-80.78488,33.81102],[-80.78677,33.81158],[-80.78817,33.8104],[-80.78767,33.80865],[-80.78579,33.80809]]]},"properties":{"cell":"8944d165c27ffff","res":9,"coarsened":false,"count":20,"hv":20,"mp":0,"y0":2020,"y1":2026,"sp":[[58,3,3,0,2022,2023],[9,2,2,0,2026,2026],[18,1,1,0,2020,2020],[23,1,1,0,2021,2021],[2,1,1,0,2021,2021],[45,1,1,0,2021,2021],[0,1,1,0,2021,2021],[99,1,1,0,2021,2021],[5,1,1,0,2022,2022],[121,1,1,0,2022,2022],[52,1,1,0,2022,2022],[37,1,1,0,2022,2022],[53,1,1,0,2023,2023],[4,1,1,0,2024,2024],[14,1,1,0,2026,2026],[46,1,1,0,2026,2026],[70,1,1,0,2026,2026]]}},{"type":"Feature","geometry":{"type":"Polygon","coordinates":[[[-80.79836,33.7974],[-80.79696,33.79859],[-80.79745,33.80033],[-80.79934,33.80089],[-80.80074,33.7997],[-80.80024,33.79796],[-80.79836,33.7974]]]},"properties":{"cell":"8944d164373ffff","res":9,"coarsened":false,"count":3,"hv":3,"mp":0,"y0":2020,"y1":2023,"sp":[[2,1,1,0,2020,2020],[21,1,1,0,2021,2021],[50,1,1,0,2023,2023]]}},{"type":"Feature","geometry":{"type":"Polygon","coordinates":[[[-80.79031,33.79342],[-80.78891,33.79461],[-80.7894,33.79635],[-80.79129,33.79691],[-80.79269,33.79572],[-80.7922,33.79398],[-80.79031,33.79342]]]},"properties":{"cell":"8944d16434bffff","res":9,"coarsened":false,"count":4,"hv":4,"mp":0,"y0":2020,"y1":2021,"sp":[[70,2,2,0,2020,2021],[90,2,2,0,2021,2021]]}},{"type":"Feature","geometry":{"type":"Polygon","coordinates":[[[-80.80369,33.81018],[-80.80229,33.81137],[-80.80279,33.81312],[-80.80468,33.81368],[-80.80607,33.81249],[-80.80558,33.81074],[-80.80369,33.81018]]]},"properties":{"cell":"8944d165d87ffff","res":9,"coarsened":false,"count":2,"hv":2,"mp":0,"y0":2010,"y1":2021,"sp":[[2,1,1,0,2010,2010],[60,1,1,0,2021,2021]]}},{"type":"Feature","geometry":{"type":"Polygon","coordinates":[[[-80.82842,33.8303],[-80.82702,33.83149],[-80.82752,33.83323],[-80.82941,33.83379],[-80.83081,33.8326],[-80.83031,33.83086],[-80.82842,33.8303]]]},"properties":{"cell":"8944d16487bffff","res":9,"coarsened":false,"count":7,"hv":7,"mp":0,"y0":2020,"y1":2026,"sp":[[84,4,4,0,2025,2026],[1,1,1,0,2020,2020],[41,1,1,0,2021,2021],[42,1,1,0,2023,2023]]}},{"type":"Feature","geometry":{"type":"Polygon","coordinates":[[[-80.63449,33.76802],[-80.63309,33.7692],[-80.63358,33.77095],[-80.63547,33.77151],[-80.63686,33.77032],[-80.63637,33.76858],[-80.63449,33.76802]]]},"properties":{"cell":"8944d16f10bffff","res":9,"coarsened":false,"count":3,"hv":3,"mp":0,"y0":2020,"y1":2026,"sp":[[72,2,2,0,2020,2025],[4,1,1,0,2026,2026]]}},{"type":"Feature","geometry":{"type":"Polygon","coordinates":[[[-80.63923,33.77263],[-80.63784,33.77381],[-80.63833,33.77556],[-80.64021,33.77612],[-80.64161,33.77493],[-80.64112,33.77319],[-80.63923,33.77263]]]},"properties":{"cell":"8944d16f13bffff","res":9,"coarsened":false,"count":6,"hv":6,"mp":0,"y0":2020,"y1":2022,"sp":[[4,1,1,0,2020,2020],[43,1,1,0,2021,2021],[95,1,1,0,2021,2021],[107,1,1,0,2021,2021],[28,1,1,0,2021,2021],[109,1,1,0,2022,2022]]}},{"type":"Feature","geometry":{"type":"Polygon","coordinates":[[[-80.63958,33.76153],[-80.63819,33.76272],[-80.63867,33.76446],[-80.64056,33.76502],[-80.64195,33.76384],[-80.64146,33.76209],[-80.63958,33.76153]]]},"properties":{"cell":"8944d16f18bffff","res":9,"coarsened":false,"count":8,"hv":8,"mp":0,"y0":2020,"y1":2026,"sp":[[66,2,2,0,2025,2025],[33,1,1,0,2020,2020],[104,1,1,0,2021,2021],[90,1,1,0,2021,2021],[4,1,1,0,2021,2021],[20,1,1,0,2023,2023],[50,1,1,0,2026,2026]]}},{"type":"Feature","geometry":{"type":"Polygon","coordinates":[[[-80.83738,33.83134],[-80.83598,33.83253],[-80.83648,33.83428],[-80.83837,33.83484],[-80.83977,33.83365],[-80.83927,33.8319],[-80.83738,33.83134]]]},"properties":{"cell":"8944d16483bffff","res":9,"coarsened":false,"count":1,"hv":1,"mp":0,"y0":2020,"y1":2020,"sp":[[50,1,1,0,2020,2020]]}},{"type":"Feature","geometry":{"type":"Polygon","coordinates":[[[-80.83409,33.83197],[-80.8327,33.83316],[-80.83319,33.83491],[-80.83508,33.83547],[-80.83648,33.83428],[-80.83598,33.83253],[-80.83409,33.83197]]]},"properties":{"cell":"8944d164877ffff","res":9,"coarsened":false,"count":2,"hv":2,"mp":0,"y0":2020,"y1":2025,"sp":[[10,1,1,0,2020,2020],[14,1,1,0,2025,2025]]}},{"type":"Feature","geometry":{"type":"Polygon","coordinates":[[[-80.83081,33.8326],[-80.82941,33.83379],[-80.8299,33.83554],[-80.83179,33.8361],[-80.83319,33.83491],[-80.8327,33.83316],[-80.83081,33.8326]]]},"properties":{"cell":"8944d164863ffff","res":9,"coarsened":false,"count":3,"hv":3,"mp":0,"y0":2020,"y1":2021,"sp":[[73,1,1,0,2020,2020],[50,1,1,0,2021,2021],[17,1,1,0,2021,2021]]}},{"type":"Feature","geometry":{"type":"Polygon","coordinates":[[[-80.79564,33.8062],[-80.79425,33.80739],[-80.79474,33.80914],[-80.79663,33.8097],[-80.79802,33.80851],[-80.79753,33.80676],[-80.79564,33.8062]]]},"properties":{"cell":"8944d165dd7ffff","res":9,"coarsened":false,"count":3,"hv":3,"mp":0,"y0":2020,"y1":2022,"sp":[[50,2,2,0,2022,2022],[2,1,1,0,2020,2020]]}},{"type":"Feature","geometry":{"type":"Polygon","coordinates":[[[-80.85802,33.82463],[-80.85662,33.82582],[-80.85711,33.82756],[-80.859,33.82812],[-80.8604,33.82693],[-80.85991,33.82519],[-80.85802,33.82463]]]},"properties":{"cell":"8944d164d0fffff","res":9,"coarsened":false,"count":4,"hv":4,"mp":0,"y0":2021,"y1":2025,"sp":[[75,1,1,0,2021,2021],[76,1,1,0,2021,2021],[78,1,1,0,2021,2021],[88,1,1,0,2025,2025]]}},{"type":"Feature","geometry":{"type":"Polygon","coordinates":[[[-80.84996,33.82065],[-80.84856,33.82184],[-80.84905,33.82358],[-80.85095,33.82414],[-80.85234,33.82295],[-80.85185,33.82121],[-80.84996,33.82065]]]},"properties":{"cell":"8944d164d43ffff","res":9,"coarsened":false,"count":1,"hv":1,"mp":0,"y0":2021,"y1":2021,"sp":[[58,1,1,0,2021,2021]]}},{"type":"Feature","geometry":{"type":"Polygon","coordinates":[[[-80.85234,33.82295],[-80.85095,33.82414],[-80.85144,33.82589],[-80.85333,33.82645],[-80.85473,33.82526],[-80.85423,33.82351],[-80.85234,33.82295]]]},"properties":{"cell":"8944d164d47ffff","res":9,"coarsened":false,"count":2,"hv":2,"mp":0,"y0":2021,"y1":2021,"sp":[[77,1,1,0,2021,2021],[53,1,1,0,2021,2021]]}},{"type":"Feature","geometry":{"type":"Polygon","coordinates":[[[-80.85144,33.82589],[-80.85004,33.82708],[-80.85054,33.82882],[-80.85243,33.82938],[-80.85382,33.82819],[-80.85333,33.82645],[-80.85144,33.82589]]]},"properties":{"cell":"8944d164d7bffff","res":9,"coarsened":false,"count":3,"hv":3,"mp":0,"y0":2020,"y1":2021,"sp":[[29,1,1,0,2021,2021],[8,1,1,0,2021,2021],[82,1,1,0,2020,2020]]}},{"type":"Feature","geometry":{"type":"Polygon","coordinates":[[[-80.78726,33.81333],[-80.78587,33.81452],[-80.78636,33.81626],[-80.78825,33.81682],[-80.78964,33.81563],[-80.78915,33.81389],[-80.78726,33.81333]]]},"properties":{"cell":"8944d165d43ffff","res":9,"coarsened":false,"count":17,"hv":17,"mp":0,"y0":2021,"y1":2026,"sp":[[2,3,3,0,2022,2026],[14,2,2,0,2021,2026],[79,1,1,0,2021,2021],[89,1,1,0,2021,2021],[10,1,1,0,2021,2021],[21,1,1,0,2022,2022],[46,1,1,0,2022,2022],[73,1,1,0,2023,2023],[38,1,1,0,2023,2023],[112,1,1,0,2023,2023],[72,1,1,0,2023,2023],[1,1,1,0,2025,2025],[3,1,1,0,2026,2026],[48,1,1,0,2026,2026]]}},{"type":"Feature","geometry":{"type":"Polygon","coordinates":[[[-80.6423,33.75274],[-80.64091,33.75392],[-80.64139,33.75567],[-80.64328,33.75623],[-80.64467,33.75504],[-80.64418,33.7533],[-80.6423,33.75274]]]},"properties":{"cell":"8944d16f577ffff","res":9,"coarsened":false,"count":9,"hv":9,"mp":0,"y0":2020,"y1":2026,"sp":[[15,2,2,0,2024,2025],[80,1,1,0,2020,2020],[22,1,1,0,2022,2022],[9,1,1,0,2022,2022],[72,1,1,0,2022,2022],[131,1,1,0,2024,2024],[123,1,1,0,2025,2025],[64,1,1,0,2026,2026]]}},{"type":"Feature","geometry":{"type":"Polygon","coordinates":[[[-80.64195,33.76384],[-80.64056,33.76502],[-80.64105,33.76677],[-80.64293,33.76733],[-80.64433,33.76614],[-80.64384,33.7644],[-80.64195,33.76384]]]},"properties":{"cell":"8944d16f18fffff","res":9,"coarsened":false,"count":41,"hv":41,"mp":0,"y0":2020,"y1":2026,"sp":[[72,4,4,0,2021,2026],[33,3,3,0,2023,2025],[125,3,3,0,2024,2026],[4,2,2,0,2021,2021],[104,2,2,0,2022,2025],[15,2,2,0,2024,2025],[68,2,2,0,2024,2025],[146,2,2,0,2026,2026],[2,2,2,0,2026,2026],[57,1,1,0,2020,2020],[89,1,1,0,2021,2021],[106,1,1,0,2021,2021],[109,1,1,0,2021,2021],[46,1,1,0,2022,2022],[6,1,1,0,2023,2023],[20,1,1,0,2024,2024],[105,1,1,0,2025,2025],[108,1,1,0,2025,2025],[22,1,1,0,2025,2025],[51,1,1,0,2025,2025],[66,1,1,0,2025,2025],[28,1,1,0,2025,2025],[25,1,1,0,2025,2025],[17,1,1,0,2025,2025],[18,1,1,0,2025,2025],[11,1,1,0,2025,2025],[100,1,1,0,2026,2026],[21,1,1,0,2026,2026]]}},{"type":"Feature","geometry":{"type":"Polygon","coordinates":[[[-80.63561,33.78435],[-80.63421,33.78553],[-80.6347,33.78728],[-80.63658,33.78784],[-80.63798,33.78665],[-80.63749,33.78491],[-80.63561,33.78435]]]},"properties":{"cell":"8944d16c68fffff","res":9,"coarsened":false,"count":2,"hv":2,"mp":0,"y0":2020,"y1":2022,"sp":[[78,1,1,0,2020,2020],[34,1,1,0,2022,2022]]}},{"type":"Feature","geometry":{"type":"Polygon","coordinates":[[[-80.85621,33.8305],[-80.85481,33.83169],[-80.8553,33.83343],[-80.8572,33.83399],[-80.85859,33.8328],[-80.8581,33.83106],[-80.85621,33.8305]]]},"properties":{"cell":"8944d164d67ffff","res":9,"coarsened":false,"count":2,"hv":2,"mp":0,"y0":2020,"y1":2022,"sp":[[5,1,1,0,2020,2020],[18,1,1,0,2022,2022]]}},{"type":"Feature","geometry":{"type":"Polygon","coordinates":[[[-80.85769,33.83574],[-80.85629,33.83693],[-80.85679,33.83867],[-80.85868,33.83923],[-80.86008,33.83804],[-80.85958,33.8363],[-80.85769,33.83574]]]},"properties":{"cell":"8944d164983ffff","res":9,"coarsened":false,"count":3,"hv":3,"mp":0,"y0":2020,"y1":2024,"sp":[[83,1,1,0,2020,2020],[1,1,1,0,2024,2024],[123,1,1,0,2024,2024]]}},{"type":"Feature","geometry":{"type":"Polygon","coordinates":[[[-80.82661,33.83617],[-80.82522,33.83736],[-80.82571,33.8391],[-80.8276,33.83966],[-80.829,33.83847],[-80.8285,33.83673],[-80.82661,33.83617]]]},"properties":{"cell":"8944d164bd3ffff","res":9,"coarsened":false,"count":10,"hv":10,"mp":0,"y0":2020,"y1":2026,"sp":[[84,3,3,0,2020,2026],[103,1,1,0,2021,2021],[110,1,1,0,2021,2021],[17,1,1,0,2021,2021],[9,1,1,0,2024,2024],[14,1,1,0,2026,2026],[29,1,1,0,2026,2026],[33,1,1,0,2026,2026]]}},{"type":"Feature","geometry":{"type":"Polygon","coordinates":[[[-80.81379,33.82758],[-80.8124,33.82877],[-80.81289,33.83051],[-80.81478,33.83107],[-80.81618,33.82988],[-80.81568,33.82814],[-80.81379,33.82758]]]},"properties":{"cell":"8944d164a13ffff","res":9,"coarsened":false,"count":1,"hv":1,"mp":0,"y0":2020,"y1":2020,"sp":[[44,1,1,0,2020,2020]]}},{"type":"Feature","geometry":{"type":"Polygon","coordinates":[[[-80.63833,33.77556],[-80.63693,33.77674],[-80.63742,33.77849],[-80.6393,33.77905],[-80.6407,33.77786],[-80.64021,33.77612],[-80.63833,33.77556]]]},"properties":{"cell":"8944d16f12bffff","res":9,"coarsened":false,"count":7,"hv":7,"mp":0,"y0":2020,"y1":2023,"sp":[[24,2,2,0,2021,2023],[85,1,1,0,2020,2020],[2,1,1,0,2021,2021],[89,1,1,0,2021,2021],[4,1,1,0,2023,2023],[28,1,1,0,2023,2023]]}},{"type":"Feature","geometry":{"type":"Polygon","coordinates":[[[-80.70245,33.75779],[-80.70106,33.75898],[-80.70155,33.76073],[-80.70343,33.76129],[-80.70483,33.7601],[-80.70434,33.75835],[-80.70245,33.75779]]]},"properties":{"cell":"8944d16e573ffff","res":9,"coarsened":false,"count":1,"hv":1,"mp":0,"y0":2020,"y1":2020,"sp":[[86,1,1,0,2020,2020]]}},{"type":"Feature","geometry":{"type":"Polygon","coordinates":[[[-80.78907,33.80746],[-80.78767,33.80865],[-80.78817,33.8104],[-80.79006,33.81095],[-80.79145,33.80977],[-80.79096,33.80802],[-80.78907,33.80746]]]},"properties":{"cell":"8944d165dcbffff","res":9,"coarsened":false,"count":3,"hv":3,"mp":0,"y0":2007,"y1":2026,"sp":[[55,1,1,0,2007,2007],[89,1,1,0,2021,2021],[48,1,1,0,2026,2026]]}},{"type":"Feature","geometry":{"type":"Polygon","coordinates":[[[-80.78669,33.80516],[-80.78529,33.80634],[-80.78579,33.80809],[-80.78767,33.80865],[-80.78907,33.80746],[-80.78858,33.80571],[-80.78669,33.80516]]]},"properties":{"cell":"8944d165c37ffff","res":9,"coarsened":false,"count":15,"hv":15,"mp":0,"y0":2007,"y1":2026,"sp":[[87,2,2,0,2007,2023],[50,2,2,0,2021,2024],[58,2,2,0,2022,2024],[29,1,1,0,2021,2021],[53,1,1,0,2022,2022],[88,1,1,0,2022,2022],[14,1,1,0,2025,2025],[11,1,1,0,2025,2025],[70,1,1,0,2025,2025],[38,1,1,0,2026,2026],[45,1,1,0,2026,2026],[92,1,1,0,2026,2026]]}},{"type":"Feature","geometry":{"type":"Polygon","coordinates":[[[-80.78521,33.79992],[-80.78382,33.8011],[-80.78431,33.80285],[-80.7862,33.80341],[-80.7876,33.80222],[-80.7871,33.80048],[-80.78521,33.79992]]]},"properties":{"cell":"8944d165cabffff","res":9,"coarsened":false,"count":12,"hv":12,"mp":0,"y0":2021,"y1":2026,"sp":[[55,2,2,0,2021,2021],[88,1,1,0,2021,2021],[90,1,1,0,2022,2022],[52,1,1,0,2022,2022],[3,1,1,0,2022,2022],[98,1,1,0,2024,2024],[70,1,1,0,2024,2024],[21,1,1,0,2025,2025],[92,1,1,0,2025,2025],[58,1,1,0,2026,2026],[50,1,1,0,2026,2026]]}},{"type":"Feature","geometry":{"type":"Polygon","coordinates":[[[-80.77207,33.80243],[-80.77068,33.80362],[-80.77117,33.80537],[-80.77306,33.80592],[-80.77445,33.80474],[-80.77396,33.80299],[-80.77207,33.80243]]]},"properties":{"cell":"8944d165c7bffff","res":9,"coarsened":false,"count":1,"hv":1,"mp":0,"y0":2021,"y1":2021,"sp":[[89,1,1,0,2021,2021]]}},{"type":"Feature","geometry":{"type":"Polygon","coordinates":[[[-80.78464,33.79174],[-80.78325,33.79293],[-80.78374,33.79468],[-80.78563,33.79524],[-80.78702,33.79405],[-80.78653,33.7923],[-80.78464,33.79174]]]},"properties":{"cell":"8944d165c83ffff","res":9,"coarsened":false,"count":2,"hv":2,"mp":0,"y0":2011,"y1":2022,"sp":[[1,1,1,0,2011,2011],[50,1,1,0,2022,2022]]}},{"type":"Feature","geometry":{"type":"Polygon","coordinates":[[[-80.84461,33.80786],[-80.84322,33.80905],[-80.84371,33.8108],[-80.8456,33.81136],[-80.847,33.81017],[-80.8465,33.80842],[-80.84461,33.80786]]]},"properties":{"cell":"8944d164c07ffff","res":9,"coarsened":false,"count":2,"hv":2,"mp":0,"y0":2021,"y1":2022,"sp":[[90,1,1,0,2021,2021],[58,1,1,0,2022,2022]]}},{"type":"Feature","geometry":{"type":"Polygon","coordinates":[[[-80.68708,33.72762],[-80.65437,33.74032],[-80.65144,33.77306],[-80.68125,33.79311],[-80.71399,33.78042],[-80.7169,33.74767],[-80.68708,33.72762]]]},"properties":{"cell":"8644d16e7ffffff","res":6,"coarsened":true,"count":1,"hv":1,"mp":0,"y0":2020,"y1":2020,"sp":[[63,1,1,0,2020,2020]]}},{"type":"Feature","geometry":{"type":"Polygon","coordinates":[[[-80.8359,33.82611],[-80.8345,33.82729],[-80.835,33.82904],[-80.83689,33.8296],[-80.83829,33.82841],[-80.83779,33.82666],[-80.8359,33.82611]]]},"properties":{"cell":"8944d164803ffff","res":9,"coarsened":false,"count":2,"hv":2,"mp":0,"y0":2020,"y1":2023,"sp":[[58,1,1,0,2020,2020],[1,1,1,0,2023,2023]]}},{"type":"Feature","geometry":{"type":"Polygon","coordinates":[[[-80.78398,33.81396],[-80.78258,33.81515],[-80.78307,33.81689],[-80.78496,33.81745],[-80.78636,33.81626],[-80.78587,33.81452],[-80.78398,33.81396]]]},"properties":{"cell":"8944d165d4bffff","res":9,"coarsened":false,"count":7,"hv":7,"mp":0,"y0":2021,"y1":2026,"sp":[[1,2,2,0,2024,2026],[92,1,1,0,2021,2021],[122,1,1,0,2022,2022],[55,1,1,0,2023,2023],[6,1,1,0,2026,2026],[17,1,1,0,2026,2026]]}},{"type":"Feature","geometry":{"type":"Polygon","coordinates":[[[-80.77683,33.80704],[-80.77544,33.80823],[-80.77593,33.80998],[-80.77782,33.81053],[-80.77922,33.80935],[-80.77872,33.8076],[-80.77683,33.80704]]]},"properties":{"cell":"8944d165c67ffff","res":9,"coarsened":false,"count":3,"hv":3,"mp":0,"y0":2021,"y1":2022,"sp":[[50,1,1,0,2021,2021],[93,1,1,0,2021,2021],[19,1,1,0,2022,2022]]}},{"type":"Feature","geometry":{"type":"Polygon","coordinates":[[[-80.77445,33.80474],[-80.77306,33.80592],[-80.77355,33.80767],[-80.77544,33.80823],[-80.77683,33.80704],[-80.77634,33.8053],[-80.77445,33.80474]]]},"properties":{"cell":"8944d165c63ffff","res":9,"coarsened":false,"count":2,"hv":2,"mp":0,"y0":2021,"y1":2025,"sp":[[3,1,1,0,2021,2021],[14,1,1,0,2025,2025]]}},{"type":"Feature","geometry":{"type":"Polygon","coordinates":[[[-80.78431,33.80285],[-80.78291,33.80404],[-80.78341,33.80579],[-80.78529,33.80634],[-80.78669,33.80516],[-80.7862,33.80341],[-80.78431,33.80285]]]},"properties":{"cell":"8944d165c33ffff","res":9,"coarsened":false,"count":6,"hv":6,"mp":0,"y0":2021,"y1":2026,"sp":[[94,1,1,0,2021,2021],[21,1,1,0,2022,2022],[89,1,1,0,2022,2022],[70,1,1,0,2022,2022],[32,1,1,0,2026,2026],[50,1,1,0,2026,2026]]}},{"type":"Feature","geometry":{"type":"Polygon","coordinates":[[[-80.7766,33.78776],[-80.74384,33.80047],[-80.74094,33.83322],[-80.77081,33.85328],[-80.8036,33.84057],[-80.80649,33.80781],[-80.7766,33.78776]]]},"properties":{"cell":"8644d165fffffff","res":6,"coarsened":true,"count":1,"hv":1,"mp":0,"y0":2021,"y1":2021,"sp":[[63,1,1,0,2021,2021]]}},{"type":"Feature","geometry":{"type":"Polygon","coordinates":[[[-80.81174,33.81416],[-80.81034,33.81535],[-80.81084,33.8171],[-80.81273,33.81766],[-80.81412,33.81647],[-80.81363,33.81472],[-80.81174,33.81416]]]},"properties":{"cell":"8944d164e7bffff","res":9,"coarsened":false,"count":6,"hv":6,"mp":0,"y0":2021,"y1":2024,"sp":[[60,2,2,0,2023,2024],[89,1,1,0,2021,2021],[42,1,1,0,2023,2023],[101,1,1,0,2024,2024],[5,1,1,0,2024,2024]]}},{"type":"Feature","geometry":{"type":"Polygon","coordinates":[[[-80.64105,33.76677],[-80.63965,33.76795],[-80.64014,33.7697],[-80.64202,33.77026],[-80.64342,33.76907],[-80.64293,33.76733],[-80.64105,33.76677]]]},"properties":{"cell":"8944d16f117ffff","res":9,"coarsened":false,"count":2,"hv":2,"mp":0,"y0":2021,"y1":2026,"sp":[[28,1,1,0,2021,2021],[15,1,1,0,2026,2026]]}},{"type":"Feature","geometry":{"type":"Polygon","coordinates":[[[-80.63742,33.77849],[-80.63602,33.77967],[-80.63651,33.78142],[-80.6384,33.78198],[-80.63979,33.78079],[-80.6393,33.77905],[-80.63742,33.77849]]]},"properties":{"cell":"8944d16c693ffff","res":9,"coarsened":false,"count":2,"hv":2,"mp":0,"y0":2021,"y1":2025,"sp":[[96,1,1,0,2021,2021],[140,1,1,0,2025,2025]]}},{"type":"Feature","geometry":{"type":"Polygon","coordinates":[[[-80.77174,33.81354],[-80.77034,33.81473],[-80.77083,33.81647],[-80.77272,33.81703],[-80.77412,33.81584],[-80.77363,33.8141],[-80.77174,33.81354]]]},"properties":{"cell":"8944d1658c7ffff","res":9,"coarsened":false,"count":2,"hv":2,"mp":0,"y0":2021,"y1":2025,"sp":[[50,1,1,0,2021,2021],[30,1,1,0,2025,2025]]}},{"type":"Feature","geometry":{"type":"Polygon","coordinates":[[[-80.76279,33.81249],[-80.76139,33.81368],[-80.76189,33.81542],[-80.76377,33.81598],[-80.76517,33.81479],[-80.76468,33.81305],[-80.76279,33.81249]]]},"properties":{"cell":"8944d165e27ffff","res":9,"coarsened":false,"count":3,"hv":3,"mp":0,"y0":2021,"y1":2026,"sp":[[49,2,2,0,2021,2025],[62,1,1,0,2026,2026]]}},{"type":"Feature","geometry":{"type":"Polygon","coordinates":[[[-80.78636,33.81626],[-80.78496,33.81745],[-80.78545,33.8192],[-80.78734,33.81976],[-80.78874,33.81857],[-80.78825,33.81682],[-80.78636,33.81626]]]},"properties":{"cell":"8944d165d4fffff","res":9,"coarsened":false,"count":9,"hv":9,"mp":0,"y0":2021,"y1":2026,"sp":[[2,3,3,0,2021,2025],[8,2,2,0,2022,2026],[18,1,1,0,2021,2021],[10,1,1,0,2023,2023],[22,1,1,0,2024,2024],[4,1,1,0,2025,2025]]}},{"type":"Feature","geometry":{"type":"Polygon","coordinates":[[[-80.80484,33.82653],[-80.80344,33.82772],[-80.80393,33.82946],[-80.80582,33.83002],[-80.80722,33.82884],[-80.80673,33.82709],[-80.80484,33.82653]]]},"properties":{"cell":"8944d164a53ffff","res":9,"coarsened":false,"count":2,"hv":2,"mp":0,"y0":2021,"y1":2024,"sp":[[14,1,1,0,2021,2021],[2,1,1,0,2024,2024]]}},{"type":"Feature","geometry":{"type":"Polygon","coordinates":[[[-80.80631,33.83177],[-80.80492,33.83296],[-80.80541,33.8347],[-80.8073,33.83526],[-80.8087,33.83408],[-80.8082,33.83233],[-80.80631,33.83177]]]},"properties":{"cell":"8944d164a47ffff","res":9,"coarsened":false,"count":3,"hv":3,"mp":0,"y0":2021,"y1":2022,"sp":[[50,1,1,0,2021,2021],[116,1,1,0,2022,2022],[17,1,1,0,2022,2022]]}},{"type":"Feature","geometry":{"type":"Polygon","coordinates":[[[-80.78283,33.79761],[-80.78144,33.7988],[-80.78193,33.80055],[-80.78382,33.8011],[-80.78521,33.79992],[-80.78472,33.79817],[-80.78283,33.79761]]]},"properties":{"cell":"8944d165c17ffff","res":9,"coarsened":false,"count":4,"hv":4,"mp":0,"y0":2021,"y1":2026,"sp":[[97,1,1,0,2021,2021],[14,1,1,0,2022,2022],[30,1,1,0,2023,2023],[50,1,1,0,2026,2026]]}},{"type":"Feature","geometry":{"type":"Polygon","coordinates":[[[-80.78488,33.81102],[-80.78348,33.81221],[-80.78398,33.81396],[-80.78587,33.81452],[-80.78726,33.81333],[-80.78677,33.81158],[-80.78488,33.81102]]]},"properties":{"cell":"8944d165d5bffff","res":9,"coarsened":false,"count":14,"hv":14,"mp":0,"y0":2021,"y1":2026,"sp":[[113,2,2,0,2022,2022],[50,1,1,0,2021,2021],[61,1,1,0,2021,2021],[24,1,1,0,2021,2021],[57,1,1,0,2022,2022],[14,1,1,0,2022,2022],[3,1,1,0,2022,2022],[41,1,1,0,2022,2022],[44,1,1,0,2022,2022],[45,1,1,0,2023,2023],[121,1,1,0,2024,2024],[58,1,1,0,2024,2024],[62,1,1,0,2026,2026]]}},{"type":"Feature","geometry":{"type":"Polygon","coordinates":[[[-80.64307,33.78017],[-80.64168,33.78135],[-80.64216,33.7831],[-80.64405,33.78366],[-80.64544,33.78247],[-80.64495,33.78073],[-80.64307,33.78017]]]},"properties":{"cell":"8944d16c45bffff","res":9,"coarsened":false,"count":15,"hv":15,"mp":0,"y0":2021,"y1":2025,"sp":[[50,3,3,0,2022,2024],[24,2,2,0,2021,2025],[70,2,2,0,2023,2025],[2,1,1,0,2021,2021],[0,1,1,0,2021,2021],[40,1,1,0,2021,2021],[73,1,1,0,2021,2021],[69,1,1,0,2022,2022],[14,1,1,0,2023,2023],[38,1,1,0,2024,2024],[21,1,1,0,2025,2025]]}},{"type":"Feature","geometry":{"type":"Polygon","coordinates":[[[-80.84609,33.8131],[-80.8447,33.81429],[-80.84519,33.81604],[-80.84708,33.8166],[-80.84848,33.81541],[-80.84798,33.81366],[-80.84609,33.8131]]]},"properties":{"cell":"8944d164c23ffff","res":9,"coarsened":false,"count":2,"hv":2,"mp":0,"y0":2021,"y1":2026,"sp":[[98,1,1,0,2021,2021],[55,1,1,0,2026,2026]]}},{"type":"Feature","geometry":{"type":"Polygon","coordinates":[[[-80.84429,33.81897],[-80.84289,33.82016],[-80.84338,33.82191],[-80.84527,33.82247],[-80.84667,33.82128],[-80.84618,33.81953],[-80.84429,33.81897]]]},"properties":{"cell":"8944d164897ffff","res":9,"coarsened":false,"count":3,"hv":3,"mp":0,"y0":2021,"y1":2021,"sp":[[91,1,1,0,2021,2021],[55,1,1,0,2021,2021],[50,1,1,0,2021,2021]]}},{"type":"Feature","geometry":{"type":"Polygon","coordinates":[[[-80.83533,33.81793],[-80.83393,33.81912],[-80.83442,33.82087],[-80.83631,33.82142],[-80.83771,33.82023],[-80.83722,33.81849],[-80.83533,33.81793]]]},"properties":{"cell":"8944d1648d7ffff","res":9,"coarsened":false,"count":1,"hv":1,"mp":0,"y0":2021,"y1":2021,"sp":[[50,1,1,0,2021,2021]]}},{"type":"Feature","geometry":{"type":"Polygon","coordinates":[[[-80.86098,33.83511],[-80.85958,33.8363],[-80.86008,33.83804],[-80.86197,33.8386],[-80.86336,33.83741],[-80.86287,33.83567],[-80.86098,33.83511]]]},"properties":{"cell":"8944d164997ffff","res":9,"coarsened":false,"count":2,"hv":2,"mp":0,"y0":2021,"y1":2022,"sp":[[14,1,1,0,2021,2021],[17,1,1,0,2022,2022]]}},{"type":"Feature","geometry":{"type":"Polygon","coordinates":[[[-80.86279,33.82924],[-80.86139,33.83043],[-80.86188,33.83217],[-80.86377,33.83273],[-80.86517,33.83154],[-80.86468,33.8298],[-80.86279,33.82924]]]},"properties":{"cell":"8944d164d23ffff","res":9,"coarsened":false,"count":4,"hv":4,"mp":0,"y0":2021,"y1":2025,"sp":[[70,1,1,0,2021,2021],[15,1,1,0,2023,2023],[24,1,1,0,2024,2024],[21,1,1,0,2025,2025]]}},{"type":"Feature","geometry":{"type":"Polygon","coordinates":[[[-80.85711,33.82756],[-80.85572,33.82875],[-80.85621,33.8305],[-80.8581,33.83106],[-80.8595,33.82987],[-80.859,33.82812],[-80.85711,33.82756]]]},"properties":{"cell":"8944d164d77ffff","res":9,"coarsened":false,"count":1,"hv":1,"mp":0,"y0":2021,"y1":2021,"sp":[[82,1,1,0,2021,2021]]}},{"type":"Feature","geometry":{"type":"Polygon","coordinates":[[[-80.65381,33.77536],[-80.65242,33.77655],[-80.65291,33.77829],[-80.65479,33.77885],[-80.65619,33.77767],[-80.6557,33.77592],[-80.65381,33.77536]]]},"properties":{"cell":"8944d16c4d7ffff","res":9,"coarsened":false,"count":4,"hv":4,"mp":0,"y0":2021,"y1":2025,"sp":[[2,1,1,0,2021,2021],[50,1,1,0,2023,2023],[12,1,1,0,2025,2025],[70,1,1,0,2025,2025]]}},{"type":"Feature","geometry":{"type":"Polygon","coordinates":[[[-80.80336,33.82129],[-80.80196,33.82248],[-80.80246,33.82423],[-80.80434,33.82478],[-80.80574,33.8236],[-80.80525,33.82185],[-80.80336,33.82129]]]},"properties":{"cell":"8944d165d37ffff","res":9,"coarsened":false,"count":1,"hv":1,"mp":0,"y0":2021,"y1":2021,"sp":[[20,1,1,0,2021,2021]]}},{"type":"Feature","geometry":{"type":"Polygon","coordinates":[[[-80.79826,33.82779],[-80.79687,33.82898],[-80.79736,33.83072],[-80.79925,33.83128],[-80.80065,33.83009],[-80.80015,33.82835],[-80.79826,33.82779]]]},"properties":{"cell":"8944d165997ffff","res":9,"coarsened":false,"count":88,"hv":88,"mp":0,"y0":2021,"y1":2026,"sp":[[17,39,39,0,2026,2026],[84,17,17,0,2026,2026],[30,9,9,0,2026,2026],[55,8,8,0,2026,2026],[50,7,7,0,2021,2026],[29,4,4,0,2026,2026],[13,2,2,0,2026,2026],[16,1,1,0,2026,2026],[41,1,1,0,2026,2026]]}},{"type":"Feature","geometry":{"type":"Polygon","coordinates":[[[-80.83056,33.81332],[-80.82916,33.81451],[-80.82966,33.81626],[-80.83155,33.81681],[-80.83294,33.81563],[-80.83245,33.81388],[-80.83056,33.81332]]]},"properties":{"cell":"8944d164ea7ffff","res":9,"coarsened":false,"count":34,"hv":34,"mp":0,"y0":2021,"y1":2026,"sp":[[4,18,18,0,2021,2026],[29,2,2,0,2021,2025],[55,2,2,0,2026,2026],[2,1,1,0,2021,2021],[47,1,1,0,2021,2021],[58,1,1,0,2022,2022],[70,1,1,0,2022,2022],[80,1,1,0,2023,2023],[38,1,1,0,2023,2023],[43,1,1,0,2023,2023],[92,1,1,0,2024,2024],[3,1,1,0,2024,2024],[76,1,1,0,2025,2025],[1,1,1,0,2026,2026],[41,1,1,0,2026,2026]]}},{"type":"Feature","geometry":{"type":"Polygon","coordinates":[[[-80.79383,33.81207],[-80.79244,33.81326],[-80.79293,33.81501],[-80.79482,33.81556],[-80.79621,33.81438],[-80.79572,33.81263],[-80.79383,33.81207]]]},"properties":{"cell":"8944d165d1bffff","res":9,"coarsened":false,"count":4,"hv":4,"mp":0,"y0":2021,"y1":2026,"sp":[[90,2,2,0,2025,2026],[24,1,1,0,2021,2021],[21,1,1,0,2022,2022]]}},{"type":"Feature","geometry":{"type":"Polygon","coordinates":[[[-80.79293,33.81501],[-80.79153,33.81619],[-80.79202,33.81794],[-80.79391,33.8185],[-80.79531,33.81731],[-80.79482,33.81556],[-80.79293,33.81501]]]},"properties":{"cell":"8944d165d0bffff","res":9,"coarsened":false,"count":4,"hv":4,"mp":0,"y0":2021,"y1":2023,"sp":[[100,1,1,0,2021,2021],[50,1,1,0,2021,2021],[108,1,1,0,2022,2022],[56,1,1,0,2023,2023]]}},{"type":"Feature","geometry":{"type":"Polygon","coordinates":[[[-80.78964,33.81563],[-80.78825,33.81682],[-80.78874,33.81857],[-80.79063,33.81913],[-80.79202,33.81794],[-80.79153,33.81619],[-80.78964,33.81563]]]},"properties":{"cell":"8944d165d47ffff","res":9,"coarsened":false,"count":5,"hv":5,"mp":0,"y0":2021,"y1":2026,"sp":[[100,1,1,0,2021,2021],[48,1,1,0,2022,2022],[14,1,1,0,2023,2023],[21,1,1,0,2024,2024],[80,1,1,0,2026,2026]]}},{"type":"Feature","geometry":{"type":"Polygon","coordinates":[[[-80.81856,33.83219],[-80.81716,33.83338],[-80.81765,33.83512],[-80.81955,33.83568],[-80.82094,33.83449],[-80.82045,33.83275],[-80.81856,33.83219]]]},"properties":{"cell":"8944d164aabffff","res":9,"coarsened":false,"count":15,"hv":15,"mp":0,"y0":2021,"y1":2026,"sp":[[18,3,3,0,2021,2025],[31,3,3,0,2026,2026],[29,2,2,0,2023,2025],[32,1,1,0,2021,2021],[8,1,1,0,2021,2021],[47,1,1,0,2022,2022],[124,1,1,0,2024,2024],[1,1,1,0,2024,2024],[43,1,1,0,2026,2026],[5,1,1,0,2026,2026]]}},{"type":"Feature","geometry":{"type":"Polygon","coordinates":[[[-80.82185,33.83156],[-80.82045,33.83275],[-80.82094,33.83449],[-80.82283,33.83505],[-80.82423,33.83386],[-80.82374,33.83212],[-80.82185,33.83156]]]},"properties":{"cell":"8944d164aa3ffff","res":9,"coarsened":false,"count":30,"hv":30,"mp":0,"y0":2021,"y1":2026,"sp":[[19,4,4,0,2023,2026],[37,3,3,0,2021,2024],[29,3,3,0,2023,2026],[1,3,3,0,2025,2025],[10,2,2,0,2021,2021],[16,2,2,0,2021,2021],[42,2,2,0,2021,2021],[3,2,2,0,2026,2026],[18,1,1,0,2021,2021],[61,1,1,0,2021,2021],[117,1,1,0,2022,2022],[8,1,1,0,2022,2022],[31,1,1,0,2023,2023],[54,1,1,0,2024,2024],[142,1,1,0,2025,2025],[32,1,1,0,2026,2026],[43,1,1,0,2026,2026]]}},{"type":"Feature","geometry":{"type":"Polygon","coordinates":[[[-80.82423,33.83386],[-80.82283,33.83505],[-80.82333,33.8368],[-80.82522,33.83736],[-80.82661,33.83617],[-80.82612,33.83442],[-80.82423,33.83386]]]},"properties":{"cell":"8944d164aa7ffff","res":9,"coarsened":false,"count":13,"hv":13,"mp":0,"y0":2021,"y1":2026,"sp":[[8,2,2,0,2021,2021],[42,2,2,0,2021,2025],[18,1,1,0,2021,2021],[20,1,1,0,2021,2021],[37,1,1,0,2021,2021],[32,1,1,0,2021,2021],[95,1,1,0,2022,2022],[66,1,1,0,2022,2022],[1,1,1,0,2022,2022],[45,1,1,0,2023,2023],[29,1,1,0,2026,2026]]}},{"type":"Feature","geometry":{"type":"Polygon","coordinates":[[[-80.8299,33.83554],[-80.8285,33.83673],[-80.829,33.83847],[-80.83089,33.83903],[-80.83229,33.83784],[-80.83179,33.8361],[-80.8299,33.83554]]]},"properties":{"cell":"8944d16486fffff","res":9,"coarsened":false,"count":6,"hv":6,"mp":0,"y0":2021,"y1":2025,"sp":[[84,2,2,0,2021,2023],[17,2,2,0,2025,2025],[41,1,1,0,2021,2021],[18,1,1,0,2023,2023]]}},{"type":"Feature","geometry":{"type":"Polygon","coordinates":[[[-80.62591,33.75587],[-80.62452,33.75705],[-80.625,33.7588],[-80.62689,33.75936],[-80.62828,33.75817],[-80.62779,33.75643],[-80.62591,33.75587]]]},"properties":{"cell":"8944d16f033ffff","res":9,"coarsened":false,"count":1,"hv":1,"mp":0,"y0":2021,"y1":2021,"sp":[[55,1,1,0,2021,2021]]}},{"type":"Feature","geometry":{"type":"Polygon","coordinates":[[[-80.63121,33.76864],[-80.62982,33.76983],[-80.6303,33.77157],[-80.63219,33.77213],[-80.63358,33.77095],[-80.63309,33.7692],[-80.63121,33.76864]]]},"properties":{"cell":"8944d16f147ffff","res":9,"coarsened":false,"count":7,"hv":7,"mp":0,"y0":2021,"y1":2026,"sp":[[70,1,1,0,2021,2021],[58,1,1,0,2022,2022],[82,1,1,0,2022,2022],[15,1,1,0,2022,2022],[72,1,1,0,2024,2024],[48,1,1,0,2026,2026],[50,1,1,0,2026,2026]]}},{"type":"Feature","geometry":{"type":"Polygon","coordinates":[[[-80.62884,33.76634],[-80.62744,33.76752],[-80.62793,33.76927],[-80.62982,33.76983],[-80.63121,33.76864],[-80.63072,33.7669],[-80.62884,33.76634]]]},"properties":{"cell":"8944d16f143ffff","res":9,"coarsened":false,"count":3,"hv":3,"mp":0,"y0":2021,"y1":2024,"sp":[[38,1,1,0,2021,2021],[58,1,1,0,2024,2024],[52,1,1,0,2024,2024]]}},{"type":"Feature","geometry":{"type":"Polygon","coordinates":[[[-80.65507,33.76133],[-80.65367,33.76252],[-80.65416,33.76426],[-80.65605,33.76482],[-80.65744,33.76364],[-80.65695,33.76189],[-80.65507,33.76133]]]},"properties":{"cell":"8944d16e257ffff","res":9,"coarsened":false,"count":2,"hv":2,"mp":0,"y0":2021,"y1":2024,"sp":[[13,1,1,0,2021,2021],[50,1,1,0,2024,2024]]}},{"type":"Feature","geometry":{"type":"Polygon","coordinates":[[[-80.84396,33.83008],[-80.84256,33.83127],[-80.84305,33.83302],[-80.84495,33.83358],[-80.84634,33.83239],[-80.84585,33.83064],[-80.84396,33.83008]]]},"properties":{"cell":"8944d1648afffff","res":9,"coarsened":false,"count":1,"hv":1,"mp":0,"y0":2021,"y1":2021,"sp":[[30,1,1,0,2021,2021]]}},{"type":"Feature","geometry":{"type":"Polygon","coordinates":[[[-80.84157,33.82778],[-80.84018,33.82897],[-80.84067,33.83072],[-80.84256,33.83127],[-80.84396,33.83008],[-80.84346,33.82834],[-80.84157,33.82778]]]},"properties":{"cell":"8944d1648abffff","res":9,"coarsened":false,"count":4,"hv":4,"mp":0,"y0":2021,"y1":2024,"sp":[[89,1,1,0,2021,2021],[101,1,1,0,2021,2021],[92,1,1,0,2024,2024],[22,1,1,0,2024,2024]]}},{"type":"Feature","geometry":{"type":"Polygon","coordinates":[[[-80.83919,33.82548],[-80.83779,33.82666],[-80.83829,33.82841],[-80.84018,33.82897],[-80.84157,33.82778],[-80.84108,33.82603],[-80.83919,33.82548]]]},"properties":{"cell":"8944d164817ffff","res":9,"coarsened":false,"count":6,"hv":6,"mp":0,"y0":2021,"y1":2024,"sp":[[2,2,2,0,2021,2024],[26,1,1,0,2021,2021],[82,1,1,0,2023,2023],[38,1,1,0,2023,2023],[58,1,1,0,2024,2024]]}},{"type":"Feature","geometry":{"type":"Polygon","coordinates":[[[-80.71603,33.79383],[-80.71463,33.79502],[-80.71512,33.79676],[-80.71701,33.79732],[-80.7184,33.79614],[-80.71791,33.79439],[-80.71603,33.79383]]]},"properties":{"cell":"8944d16ec0fffff","res":9,"coarsened":false,"count":2,"hv":2,"mp":0,"y0":2021,"y1":2021,"sp":[[70,1,1,0,2021,2021],[61,1,1,0,2021,2021]]}},{"type":"Feature","geometry":{"type":"Polygon","coordinates":[[[-80.71693,33.7909],[-80.71553,33.79208],[-80.71603,33.79383],[-80.71791,33.79439],[-80.71931,33.7932],[-80.71882,33.79146],[-80.71693,33.7909]]]},"properties":{"cell":"8944d16ec03ffff","res":9,"coarsened":false,"count":2,"hv":2,"mp":0,"y0":2021,"y1":2021,"sp":[[21,1,1,0,2021,2021],[15,1,1,0,2021,2021]]}},{"type":"Feature","geometry":{"type":"Polygon","coordinates":[[[-80.71659,33.802],[-80.71519,33.80319],[-80.71568,33.80493],[-80.71757,33.80549],[-80.71897,33.80431],[-80.71848,33.80256],[-80.71659,33.802]]]},"properties":{"cell":"8944d16e893ffff","res":9,"coarsened":false,"count":10,"hv":10,"mp":0,"y0":2021,"y1":2025,"sp":[[89,2,2,0,2022,2025],[90,2,2,0,2023,2025],[0,1,1,0,2021,2021],[55,1,1,0,2021,2021],[15,1,1,0,2024,2024],[44,1,1,0,2024,2024],[5,1,1,0,2025,2025],[11,1,1,0,2025,2025]]}},{"type":"Feature","geometry":{"type":"Polygon","coordinates":[[[-80.71059,33.81142],[-80.70919,33.81261],[-80.70968,33.81435],[-80.71157,33.81491],[-80.71297,33.81373],[-80.71248,33.81198],[-80.71059,33.81142]]]},"properties":{"cell":"8944d16e803ffff","res":9,"coarsened":false,"count":3,"hv":3,"mp":0,"y0":2021,"y1":2025,"sp":[[10,1,1,0,2021,2021],[23,1,1,0,2023,2023],[6,1,1,0,2025,2025]]}},{"type":"Feature","geometry":{"type":"Polygon","coordinates":[[[-80.70584,33.80681],[-80.70444,33.808],[-80.70493,33.80974],[-80.70682,33.8103],[-80.70821,33.80912],[-80.70772,33.80737],[-80.70584,33.80681]]]},"properties":{"cell":"8944d16e8cfffff","res":9,"coarsened":false,"count":1,"hv":1,"mp":0,"y0":2021,"y1":2021,"sp":[[12,1,1,0,2021,2021]]}},{"type":"Feature","geometry":{"type":"Polygon","coordinates":[[[-80.62954,33.74414],[-80.62814,33.74533],[-80.62863,33.74707],[-80.63051,33.74763],[-80.63191,33.74645],[-80.63142,33.7447],[-80.62954,33.74414]]]},"properties":{"cell":"8944d16f097ffff","res":9,"coarsened":false,"count":1,"hv":1,"mp":0,"y0":2021,"y1":2021,"sp":[[70,1,1,0,2021,2021]]}},{"type":"Feature","geometry":{"type":"Polygon","coordinates":[[[-80.62626,33.74477],[-80.62487,33.74595],[-80.62535,33.7477],[-80.62724,33.74826],[-80.62863,33.74707],[-80.62814,33.74533],[-80.62626,33.74477]]]},"properties":{"cell":"8944d16f083ffff","res":9,"coarsened":false,"count":1,"hv":1,"mp":0,"y0":2021,"y1":2021,"sp":[[12,1,1,0,2021,2021]]}},{"type":"Feature","geometry":{"type":"Polygon","coordinates":[[[-80.63812,33.75629],[-80.63672,33.75748],[-80.63721,33.75923],[-80.63909,33.75979],[-80.64049,33.7586],[-80.64,33.75685],[-80.63812,33.75629]]]},"properties":{"cell":"8944d16f56fffff","res":9,"coarsened":false,"count":1,"hv":1,"mp":0,"y0":2021,"y1":2021,"sp":[[21,1,1,0,2021,2021]]}},{"type":"Feature","geometry":{"type":"Polygon","coordinates":[[[-80.63575,33.75399],[-80.63435,33.75517],[-80.63484,33.75692],[-80.63672,33.75748],[-80.63812,33.75629],[-80.63763,33.75455],[-80.63575,33.75399]]]},"properties":{"cell":"8944d16f56bffff","res":9,"coarsened":false,"count":1,"hv":1,"mp":0,"y0":2021,"y1":2021,"sp":[[70,1,1,0,2021,2021]]}},{"type":"Feature","geometry":{"type":"Polygon","coordinates":[[[-80.63721,33.75923],[-80.63581,33.76041],[-80.6363,33.76216],[-80.63819,33.76272],[-80.63958,33.76153],[-80.63909,33.75979],[-80.63721,33.75923]]]},"properties":{"cell":"8944d16f1d7ffff","res":9,"coarsened":false,"count":1,"hv":1,"mp":0,"y0":2021,"y1":2021,"sp":[[21,1,1,0,2021,2021]]}},{"type":"Feature","geometry":{"type":"Polygon","coordinates":[[[-80.63867,33.76446],[-80.63728,33.76565],[-80.63777,33.76739],[-80.63965,33.76795],[-80.64105,33.76677],[-80.64056,33.76502],[-80.63867,33.76446]]]},"properties":{"cell":"8944d16f113ffff","res":9,"coarsened":false,"count":9,"hv":9,"mp":0,"y0":2021,"y1":2026,"sp":[[50,2,2,0,2026,2026],[15,2,2,0,2026,2026],[70,1,1,0,2021,2021],[58,1,1,0,2025,2025],[20,1,1,0,2026,2026],[146,1,1,0,2026,2026],[11,1,1,0,2026,2026]]}},{"type":"Feature","geometry":{"type":"Polygon","coordinates":[[[-80.64467,33.75504],[-80.64328,33.75623],[-80.64377,33.75797],[-80.64565,33.75853],[-80.64704,33.75735],[-80.64656,33.7556],[-80.64467,33.75504]]]},"properties":{"cell":"8944d16f52bffff","res":9,"coarsened":false,"count":7,"hv":7,"mp":0,"y0":2021,"y1":2025,"sp":[[68,3,3,0,2021,2025],[70,3,3,0,2021,2024],[45,1,1,0,2025,2025]]}},{"type":"Feature","geometry":{"type":"Polygon","coordinates":[[[-80.82875,33.81919],[-80.82735,33.82038],[-80.82785,33.82212],[-80.82974,33.82268],[-80.83113,33.8215],[-80.83064,33.81975],[-80.82875,33.81919]]]},"properties":{"cell":"8944d1648cbffff","res":9,"coarsened":false,"count":50,"hv":50,"mp":0,"y0":2021,"y1":2026,"sp":[[50,35,35,0,2026,2026],[17,3,3,0,2026,2026],[41,3,3,0,2026,2026],[2,2,2,0,2021,2025],[30,2,2,0,2026,2026],[62,1,1,0,2023,2023],[8,1,1,0,2025,2025],[87,1,1,0,2026,2026],[55,1,1,0,2026,2026],[122,1,1,0,2026,2026]]}},{"type":"Feature","geometry":{"type":"Polygon","coordinates":[[[-80.82966,33.81626],[-80.82826,33.81744],[-80.82875,33.81919],[-80.83064,33.81975],[-80.83204,33.81856],[-80.83155,33.81681],[-80.82966,33.81626]]]},"properties":{"cell":"8944d1648dbffff","res":9,"coarsened":false,"count":5,"hv":5,"mp":0,"y0":2021,"y1":2025,"sp":[[98,1,1,0,2021,2021],[22,1,1,0,2021,2021],[2,1,1,0,2023,2023],[14,1,1,0,2023,2023],[62,1,1,0,2025,2025]]}},{"type":"Feature","geometry":{"type":"Polygon","coordinates":[[[-80.76845,33.81417],[-80.76706,33.81535],[-80.76755,33.8171],[-80.76944,33.81766],[-80.77083,33.81647],[-80.77034,33.81473],[-80.76845,33.81417]]]},"properties":{"cell":"8944d1658cfffff","res":9,"coarsened":false,"count":4,"hv":4,"mp":0,"y0":2021,"y1":2023,"sp":[[12,2,2,0,2022,2023],[18,1,1,0,2021,2021],[58,1,1,0,2021,2021]]}},{"type":"Feature","geometry":{"type":"Polygon","coordinates":[[[-80.80426,33.81836],[-80.80287,33.81955],[-80.80336,33.82129],[-80.80525,33.82185],[-80.80665,33.82066],[-80.80615,33.81892],[-80.80426,33.81836]]]},"properties":{"cell":"8944d165dafffff","res":9,"coarsened":false,"count":2,"hv":2,"mp":0,"y0":2021,"y1":2024,"sp":[[2,1,1,0,2021,2021],[75,1,1,0,2024,2024]]}},{"type":"Feature","geometry":{"type":"Polygon","coordinates":[[[-80.85054,33.82882],[-80.84914,33.83001],[-80.84963,33.83176],[-80.85152,33.83232],[-80.85292,33.83113],[-80.85243,33.82938],[-80.85054,33.82882]]]},"properties":{"cell":"8944d164d6bffff","res":9,"coarsened":false,"count":1,"hv":1,"mp":0,"y0":2021,"y1":2021,"sp":[[6,1,1,0,2021,2021]]}},{"type":"Feature","geometry":{"type":"Polygon","coordinates":[[[-80.7876,33.80222],[-80.7862,33.80341],[-80.78669,33.80516],[-80.78858,33.80571],[-80.78998,33.80453],[-80.78948,33.80278],[-80.7876,33.80222]]]},"properties":{"cell":"8944d165cafffff","res":9,"coarsened":false,"count":16,"hv":16,"mp":0,"y0":2021,"y1":2026,"sp":[[70,5,5,0,2021,2024],[89,2,2,0,2021,2024],[56,1,1,0,2021,2021],[97,1,1,0,2021,2021],[21,1,1,0,2022,2022],[2,1,1,0,2022,2022],[78,1,1,0,2024,2024],[90,1,1,0,2025,2025],[3,1,1,0,2026,2026],[88,1,1,0,2026,2026],[58,1,1,0,2026,2026]]}},{"type":"Feature","geometry":{"type":"Polygon","coordinates":[[[-80.78612,33.79698],[-80.78472,33.79817],[-80.78521,33.79992],[-80.7871,33.80048],[-80.7885,33.79929],[-80.78801,33.79754],[-80.78612,33.79698]]]},"properties":{"cell":"8944d165cbbffff","res":9,"coarsened":false,"count":2,"hv":2,"mp":0,"y0":2021,"y1":2024,"sp":[[21,1,1,0,2021,2021],[42,1,1,0,2024,2024]]}},{"type":"Feature","geometry":{"type":"Polygon","coordinates":[[[-80.78702,33.79405],[-80.78563,33.79524],[-80.78612,33.79698],[-80.78801,33.79754],[-80.7894,33.79635],[-80.78891,33.79461],[-80.78702,33.79405]]]},"properties":{"cell":"8944d165c87ffff","res":9,"coarsened":false,"count":2,"hv":2,"mp":0,"y0":2021,"y1":2024,"sp":[[70,1,1,0,2021,2021],[55,1,1,0,2024,2024]]}},{"type":"Feature","geometry":{"type":"Polygon","coordinates":[[[-80.64635,33.77954],[-80.64495,33.78073],[-80.64544,33.78247],[-80.64733,33.78303],[-80.64872,33.78185],[-80.64823,33.7801],[-80.64635,33.77954]]]},"properties":{"cell":"8944d16c453ffff","res":9,"coarsened":false,"count":16,"hv":16,"mp":0,"y0":2021,"y1":2026,"sp":[[42,3,3,0,2026,2026],[70,2,2,0,2021,2021],[50,2,2,0,2022,2026],[47,1,1,0,2022,2022],[58,1,1,0,2022,2022],[99,1,1,0,2022,2022],[15,1,1,0,2025,2025],[52,1,1,0,2026,2026],[4,1,1,0,2026,2026],[45,1,1,0,2026,2026],[66,1,1,0,2026,2026],[6,1,1,0,2026,2026]]}},{"type":"Feature","geometry":{"type":"Polygon","coordinates":[[[-80.66037,33.77411],[-80.65898,33.7753],[-80.65947,33.77704],[-80.66135,33.7776],[-80.66275,33.77642],[-80.66226,33.77467],[-80.66037,33.77411]]]},"properties":{"cell":"8944d16c493ffff","res":9,"coarsened":false,"count":2,"hv":2,"mp":0,"y0":2021,"y1":2024,"sp":[[21,1,1,0,2021,2021],[70,1,1,0,2024,2024]]}},{"type":"Feature","geometry":{"type":"Polygon","coordinates":[[[-80.67949,33.76218],[-80.6781,33.76337],[-80.67858,33.76512],[-80.68047,33.76568],[-80.68186,33.76449],[-80.68138,33.76274],[-80.67949,33.76218]]]},"properties":{"cell":"8944d16e073ffff","res":9,"coarsened":false,"count":1,"hv":1,"mp":0,"y0":2021,"y1":2021,"sp":[[21,1,1,0,2021,2021]]}},{"type":"Feature","geometry":{"type":"Polygon","coordinates":[[[-80.68605,33.76093],[-80.68466,33.76212],[-80.68515,33.76386],[-80.68703,33.76442],[-80.68843,33.76324],[-80.68794,33.76149],[-80.68605,33.76093]]]},"properties":{"cell":"8944d16e007ffff","res":9,"coarsened":false,"count":3,"hv":3,"mp":0,"y0":2021,"y1":2026,"sp":[[89,1,1,0,2021,2021],[62,1,1,0,2026,2026],[72,1,1,0,2026,2026]]}},{"type":"Feature","geometry":{"type":"Polygon","coordinates":[[[-80.67349,33.77161],[-80.6721,33.77279],[-80.67259,33.77454],[-80.67447,33.7751],[-80.67587,33.77391],[-80.67538,33.77217],[-80.67349,33.77161]]]},"properties":{"cell":"8944d16e3c3ffff","res":9,"coarsened":false,"count":2,"hv":2,"mp":0,"y0":2021,"y1":2022,"sp":[[69,1,1,0,2021,2021],[2,1,1,0,2022,2022]]}},{"type":"Feature","geometry":{"type":"Polygon","coordinates":[[[-80.67021,33.77223],[-80.66882,33.77342],[-80.66931,33.77516],[-80.67119,33.77572],[-80.67259,33.77454],[-80.6721,33.77279],[-80.67021,33.77223]]]},"properties":{"cell":"8944d16e3cbffff","res":9,"coarsened":false,"count":2,"hv":2,"mp":0,"y0":2021,"y1":2022,"sp":[[21,1,1,0,2021,2021],[15,1,1,0,2022,2022]]}},{"type":"Feature","geometry":{"type":"Polygon","coordinates":[[[-80.65054,33.77599],[-80.64914,33.77717],[-80.64963,33.77892],[-80.65151,33.77948],[-80.65291,33.77829],[-80.65242,33.77655],[-80.65054,33.77599]]]},"properties":{"cell":"8944d16c4c3ffff","res":9,"coarsened":false,"count":5,"hv":5,"mp":0,"y0":2021,"y1":2025,"sp":[[15,1,1,0,2021,2021],[121,1,1,0,2022,2022],[70,1,1,0,2024,2024],[45,1,1,0,2025,2025],[0,1,1,0,2025,2025]]}},{"type":"Feature","geometry":{"type":"Polygon","coordinates":[[[-80.64963,33.77892],[-80.64823,33.7801],[-80.64872,33.78185],[-80.65061,33.78241],[-80.652,33.78122],[-80.65151,33.77948],[-80.64963,33.77892]]]},"properties":{"cell":"8944d16c4cfffff","res":9,"coarsened":false,"count":3,"hv":3,"mp":0,"y0":2021,"y1":2023,"sp":[[28,1,1,0,2021,2021],[53,1,1,0,2023,2023],[62,1,1,0,2023,2023]]}},{"type":"Feature","geometry":{"type":"Polygon","coordinates":[[[-80.86253,33.80995],[-80.86114,33.81114],[-80.86163,33.81289],[-80.86352,33.81344],[-80.86492,33.81225],[-80.86443,33.81051],[-80.86253,33.80995]]]},"properties":{"cell":"8944d166b67ffff","res":9,"coarsened":false,"count":3,"hv":3,"mp":0,"y0":2021,"y1":2022,"sp":[[18,1,1,0,2021,2021],[61,1,1,0,2021,2021],[9,1,1,0,2022,2022]]}},{"type":"Feature","geometry":{"type":"Polygon","coordinates":[[[-80.83237,33.80745],[-80.83097,33.80864],[-80.83146,33.81039],[-80.83335,33.81094],[-80.83475,33.80975],[-80.83426,33.80801],[-80.83237,33.80745]]]},"properties":{"cell":"8944d164c4fffff","res":9,"coarsened":false,"count":6,"hv":6,"mp":0,"y0":2021,"y1":2025,"sp":[[89,3,3,0,2022,2023],[21,1,1,0,2021,2021],[58,1,1,0,2022,2022],[6,1,1,0,2025,2025]]}},{"type":"Feature","geometry":{"type":"Polygon","coordinates":[[[-80.62535,33.7477],[-80.62396,33.74888],[-80.62445,33.75063],[-80.62633,33.75119],[-80.62773,33.75],[-80.62724,33.74826],[-80.62535,33.7477]]]},"properties":{"cell":"8944d16f08fffff","res":9,"coarsened":false,"count":1,"hv":1,"mp":0,"y0":2021,"y1":2021,"sp":[[21,1,1,0,2021,2021]]}},{"type":"Feature","geometry":{"type":"Polygon","coordinates":[[[-80.63484,33.75692],[-80.63344,33.75811],[-80.63393,33.75985],[-80.63581,33.76041],[-80.63721,33.75923],[-80.63672,33.75748],[-80.63484,33.75692]]]},"properties":{"cell":"8944d16f1d3ffff","res":9,"coarsened":false,"count":2,"hv":2,"mp":0,"y0":2021,"y1":2023,"sp":[[55,1,1,0,2021,2021],[50,1,1,0,2023,2023]]}},{"type":"Feature","geometry":{"type":"Polygon","coordinates":[[[-80.64398,33.77724],[-80.64258,33.77842],[-80.64307,33.78017],[-80.64495,33.78073],[-80.64635,33.77954],[-80.64586,33.7778],[-80.64398,33.77724]]]},"properties":{"cell":"8944d16f127ffff","res":9,"coarsened":false,"count":9,"hv":9,"mp":0,"y0":2021,"y1":2026,"sp":[[70,2,2,0,2025,2026],[2,1,1,0,2021,2021],[100,1,1,0,2022,2022],[92,1,1,0,2024,2024],[37,1,1,0,2024,2024],[58,1,1,0,2024,2024],[26,1,1,0,2026,2026],[50,1,1,0,2026,2026]]}},{"type":"Feature","geometry":{"type":"Polygon","coordinates":[[[-80.81084,33.8171],[-80.80944,33.81829],[-80.80993,33.82003],[-80.81182,33.82059],[-80.81322,33.8194],[-80.81273,33.81766],[-80.81084,33.8171]]]},"properties":{"cell":"8944d164e6bffff","res":9,"coarsened":false,"count":4,"hv":4,"mp":0,"y0":2021,"y1":2025,"sp":[[66,1,1,0,2021,2021],[22,1,1,0,2021,2021],[8,1,1,0,2025,2025],[72,1,1,0,2025,2025]]}},{"type":"Feature","geometry":{"type":"Polygon","coordinates":[[[-80.64691,33.78771],[-80.64551,33.7889],[-80.646,33.79064],[-80.64789,33.7912],[-80.64928,33.79002],[-80.64879,33.78827],[-80.64691,33.78771]]]},"properties":{"cell":"8944d16c47bffff","res":9,"coarsened":false,"count":1,"hv":1,"mp":0,"y0":2021,"y1":2021,"sp":[[50,1,1,0,2021,2021]]}},{"type":"Feature","geometry":{"type":"Polygon","coordinates":[[[-80.65256,33.78939],[-80.65117,33.79058],[-80.65165,33.79232],[-80.65354,33.79288],[-80.65493,33.7917],[-80.65445,33.78995],[-80.65256,33.78939]]]},"properties":{"cell":"8944d16c477ffff","res":9,"coarsened":false,"count":2,"hv":2,"mp":0,"y0":2021,"y1":2021,"sp":[[24,1,1,0,2021,2021],[21,1,1,0,2021,2021]]}},{"type":"Feature","geometry":{"type":"Polygon","coordinates":[[[-80.79088,33.80159],[-80.78948,33.80278],[-80.78998,33.80453],[-80.79186,33.80509],[-80.79326,33.8039],[-80.79277,33.80215],[-80.79088,33.80159]]]},"properties":{"cell":"8944d165ca7ffff","res":9,"coarsened":false,"count":6,"hv":6,"mp":0,"y0":2021,"y1":2025,"sp":[[8,1,1,0,2021,2021],[58,1,1,0,2022,2022],[29,1,1,0,2022,2022],[97,1,1,0,2023,2023],[48,1,1,0,2024,2024],[2,1,1,0,2025,2025]]}},{"type":"Feature","geometry":{"type":"Polygon","coordinates":[[[-80.79655,33.80327],[-80.79515,33.80446],[-80.79564,33.8062],[-80.79753,33.80676],[-80.79893,33.80557],[-80.79844,33.80383],[-80.79655,33.80327]]]},"properties":{"cell":"8944d16436fffff","res":9,"coarsened":false,"count":2,"hv":2,"mp":0,"y0":2021,"y1":2023,"sp":[[60,1,1,0,2021,2021],[121,1,1,0,2023,2023]]}},{"type":"Feature","geometry":{"type":"Polygon","coordinates":[[[-80.79474,33.80914],[-80.79334,33.81032],[-80.79383,33.81207],[-80.79572,33.81263],[-80.79712,33.81144],[-80.79663,33.8097],[-80.79474,33.80914]]]},"properties":{"cell":"8944d165dc7ffff","res":9,"coarsened":false,"count":2,"hv":2,"mp":0,"y0":2021,"y1":2022,"sp":[[30,1,1,0,2021,2021],[3,1,1,0,2022,2022]]}},{"type":"Feature","geometry":{"type":"Polygon","coordinates":[[[-80.79802,33.80851],[-80.79663,33.8097],[-80.79712,33.81144],[-80.79901,33.812],[-80.80041,33.81081],[-80.79991,33.80907],[-80.79802,33.80851]]]},"properties":{"cell":"8944d165d8bffff","res":9,"coarsened":false,"count":2,"hv":2,"mp":0,"y0":2021,"y1":2025,"sp":[[90,1,1,0,2021,2021],[14,1,1,0,2025,2025]]}},{"type":"Feature","geometry":{"type":"Polygon","coordinates":[[[-80.80698,33.80955],[-80.80558,33.81074],[-80.80607,33.81249],[-80.80796,33.81305],[-80.80936,33.81186],[-80.80887,33.81011],[-80.80698,33.80955]]]},"properties":{"cell":"8944d164e4bffff","res":9,"coarsened":false,"count":1,"hv":1,"mp":0,"y0":2021,"y1":2021,"sp":[[60,1,1,0,2021,2021]]}},{"type":"Feature","geometry":{"type":"Polygon","coordinates":[[[-80.8046,33.80725],[-80.8032,33.80844],[-80.80369,33.81018],[-80.80558,33.81074],[-80.80698,33.80955],[-80.80649,33.80781],[-80.8046,33.80725]]]},"properties":{"cell":"8944d165d97ffff","res":9,"coarsened":false,"count":1,"hv":1,"mp":0,"y0":2021,"y1":2021,"sp":[[60,1,1,0,2021,2021]]}},{"type":"Feature","geometry":{"type":"Polygon","coordinates":[[[-80.80131,33.80788],[-80.79991,33.80907],[-80.80041,33.81081],[-80.80229,33.81137],[-80.80369,33.81018],[-80.8032,33.80844],[-80.80131,33.80788]]]},"properties":{"cell":"8944d165d83ffff","res":9,"coarsened":false,"count":2,"hv":2,"mp":0,"y0":2021,"y1":2024,"sp":[[50,2,2,0,2021,2024]]}},{"type":"Feature","geometry":{"type":"Polygon","coordinates":[[[-80.65032,33.75672],[-80.64893,33.75791],[-80.64942,33.75965],[-80.6513,33.76021],[-80.6527,33.75903],[-80.65221,33.75728],[-80.65032,33.75672]]]},"properties":{"cell":"8944d16f527ffff","res":9,"coarsened":false,"count":3,"hv":3,"mp":0,"y0":2021,"y1":2024,"sp":[[55,1,1,0,2021,2021],[30,1,1,0,2021,2021],[50,1,1,0,2024,2024]]}},{"type":"Feature","geometry":{"type":"Polygon","coordinates":[[[-80.63777,33.76739],[-80.63637,33.76858],[-80.63686,33.77032],[-80.63874,33.77088],[-80.64014,33.7697],[-80.63965,33.76795],[-80.63777,33.76739]]]},"properties":{"cell":"8944d16f103ffff","res":9,"coarsened":false,"count":6,"hv":6,"mp":0,"y0":2021,"y1":2026,"sp":[[72,1,1,0,2021,2021],[58,1,1,0,2022,2022],[1,1,1,0,2022,2022],[69,1,1,0,2023,2023],[98,1,1,0,2024,2024],[2,1,1,0,2026,2026]]}},{"type":"Feature","geometry":{"type":"Polygon","coordinates":[[[-80.8267,33.80578],[-80.8253,33.80696],[-80.82579,33.80871],[-80.82768,33.80927],[-80.82908,33.80808],[-80.82859,33.80633],[-80.8267,33.80578]]]},"properties":{"cell":"8944d164e87ffff","res":9,"coarsened":false,"count":2,"hv":2,"mp":0,"y0":2021,"y1":2025,"sp":[[2,2,2,0,2021,2025]]}},{"type":"Feature","geometry":{"type":"Polygon","coordinates":[[[-80.84248,33.82484],[-80.84108,33.82603],[-80.84157,33.82778],[-80.84346,33.82834],[-80.84486,33.82715],[-80.84437,33.8254],[-80.84248,33.82484]]]},"properties":{"cell":"8944d1648bbffff","res":9,"coarsened":false,"count":2,"hv":2,"mp":0,"y0":2021,"y1":2024,"sp":[[5,1,1,0,2021,2021],[45,1,1,0,2024,2024]]}},{"type":"Feature","geometry":{"type":"Polygon","coordinates":[[[-80.84667,33.82128],[-80.84527,33.82247],[-80.84577,33.82421],[-80.84766,33.82477],[-80.84905,33.82358],[-80.84856,33.82184],[-80.84667,33.82128]]]},"properties":{"cell":"8944d164d4bffff","res":9,"coarsened":false,"count":1,"hv":1,"mp":0,"y0":2021,"y1":2021,"sp":[[17,1,1,0,2021,2021]]}},{"type":"Feature","geometry":{"type":"Polygon","coordinates":[[[-80.86188,33.83217],[-80.86049,33.83336],[-80.86098,33.83511],[-80.86287,33.83567],[-80.86427,33.83448],[-80.86377,33.83273],[-80.86188,33.83217]]]},"properties":{"cell":"8944d164d2fffff","res":9,"coarsened":false,"count":1,"hv":1,"mp":0,"y0":2021,"y1":2021,"sp":[[41,1,1,0,2021,2021]]}},{"type":"Feature","geometry":{"type":"Polygon","coordinates":[[[-80.73991,33.7865],[-80.73851,33.78769],[-80.739,33.78944],[-80.74089,33.79],[-80.74229,33.78881],[-80.7418,33.78706],[-80.73991,33.7865]]]},"properties":{"cell":"8944d165303ffff","res":9,"coarsened":false,"count":1,"hv":1,"mp":0,"y0":2021,"y1":2021,"sp":[[2,1,1,0,2021,2021]]}},{"type":"Feature","geometry":{"type":"Polygon","coordinates":[[[-80.646,33.79064],[-80.64461,33.79183],[-80.6451,33.79357],[-80.64698,33.79413],[-80.64837,33.79295],[-80.64789,33.7912],[-80.646,33.79064]]]},"properties":{"cell":"8944d16c46bffff","res":9,"coarsened":false,"count":2,"hv":2,"mp":0,"y0":2021,"y1":2025,"sp":[[50,2,2,0,2021,2025]]}},{"type":"Feature","geometry":{"type":"Polygon","coordinates":[[[-80.64928,33.79002],[-80.64789,33.7912],[-80.64837,33.79295],[-80.65026,33.79351],[-80.65165,33.79232],[-80.65117,33.79058],[-80.64928,33.79002]]]},"properties":{"cell":"8944d16c463ffff","res":9,"coarsened":false,"count":3,"hv":3,"mp":0,"y0":2021,"y1":2022,"sp":[[46,1,1,0,2021,2021],[50,1,1,0,2021,2021],[5,1,1,0,2022,2022]]}},{"type":"Feature","geometry":{"type":"Polygon","coordinates":[[[-80.65437,33.78353],[-80.65298,33.78471],[-80.65347,33.78646],[-80.65535,33.78702],[-80.65675,33.78583],[-80.65626,33.78409],[-80.65437,33.78353]]]},"properties":{"cell":"8944d16c403ffff","res":9,"coarsened":false,"count":1,"hv":1,"mp":0,"y0":2021,"y1":2021,"sp":[[41,1,1,0,2021,2021]]}},{"type":"Feature","geometry":{"type":"Polygon","coordinates":[[[-80.65291,33.77829],[-80.65151,33.77948],[-80.652,33.78122],[-80.65389,33.78178],[-80.65528,33.7806],[-80.65479,33.77885],[-80.65291,33.77829]]]},"properties":{"cell":"8944d16c4c7ffff","res":9,"coarsened":false,"count":5,"hv":5,"mp":0,"y0":2021,"y1":2025,"sp":[[50,2,2,0,2023,2024],[14,1,1,0,2021,2021],[6,1,1,0,2024,2024],[22,1,1,0,2025,2025]]}},{"type":"Feature","geometry":{"type":"Polygon","coordinates":[[[-80.80674,33.79027],[-80.80534,33.79146],[-80.80583,33.79321],[-80.80772,33.79376],[-80.80912,33.79258],[-80.80862,33.79083],[-80.80674,33.79027]]]},"properties":{"cell":"8944d16438fffff","res":9,"coarsened":false,"count":1,"hv":1,"mp":0,"y0":2021,"y1":2021,"sp":[[50,1,1,0,2021,2021]]}},{"type":"Feature","geometry":{"type":"Polygon","coordinates":[[[-80.80526,33.78503],[-80.80386,33.78622],[-80.80435,33.78797],[-80.80624,33.78852],[-80.80764,33.78734],[-80.80715,33.78559],[-80.80526,33.78503]]]},"properties":{"cell":"8944d16439bffff","res":9,"coarsened":false,"count":1,"hv":1,"mp":0,"y0":2021,"y1":2021,"sp":[[30,1,1,0,2021,2021]]}},{"type":"Feature","geometry":{"type":"Polygon","coordinates":[[[-80.81002,33.78964],[-80.80862,33.79083],[-80.80912,33.79258],[-80.81101,33.79313],[-80.8124,33.79195],[-80.81191,33.7902],[-80.81002,33.78964]]]},"properties":{"cell":"8944d164387ffff","res":9,"coarsened":false,"count":1,"hv":1,"mp":0,"y0":2021,"y1":2021,"sp":[[50,1,1,0,2021,2021]]}},{"type":"Feature","geometry":{"type":"Polygon","coordinates":[[[-80.83656,33.80388],[-80.83516,33.80507],[-80.83565,33.80682],[-80.83754,33.80738],[-80.83894,33.80619],[-80.83845,33.80444],[-80.83656,33.80388]]]},"properties":{"cell":"8944d164c57ffff","res":9,"coarsened":false,"count":1,"hv":1,"mp":0,"y0":2021,"y1":2021,"sp":[[2,1,1,0,2021,2021]]}},{"type":"Feature","geometry":{"type":"Polygon","coordinates":[[[-80.84009,33.82254],[-80.8387,33.82373],[-80.83919,33.82548],[-80.84108,33.82603],[-80.84248,33.82484],[-80.84198,33.8231],[-80.84009,33.82254]]]},"properties":{"cell":"8944d16488fffff","res":9,"coarsened":false,"count":1,"hv":1,"mp":0,"y0":2021,"y1":2021,"sp":[[88,1,1,0,2021,2021]]}},{"type":"Feature","geometry":{"type":"Polygon","coordinates":[[[-80.83681,33.82317],[-80.83541,33.82436],[-80.8359,33.82611],[-80.83779,33.82666],[-80.83919,33.82548],[-80.8387,33.82373],[-80.83681,33.82317]]]},"properties":{"cell":"8944d164813ffff","res":9,"coarsened":false,"count":2,"hv":2,"mp":0,"y0":2021,"y1":2024,"sp":[[14,1,1,0,2021,2021],[17,1,1,0,2024,2024]]}},{"type":"Feature","geometry":{"type":"Polygon","coordinates":[[[-80.77593,33.80998],[-80.77453,33.81116],[-80.77503,33.81291],[-80.77691,33.81347],[-80.77831,33.81228],[-80.77782,33.81053],[-80.77593,33.80998]]]},"properties":{"cell":"8944d16589bffff","res":9,"coarsened":false,"count":6,"hv":6,"mp":0,"y0":2021,"y1":2026,"sp":[[4,2,2,0,2021,2022],[92,1,1,0,2024,2024],[15,1,1,0,2026,2026],[84,1,1,0,2026,2026],[18,1,1,0,2026,2026]]}},{"type":"Feature","geometry":{"type":"Polygon","coordinates":[[[-80.77355,33.80767],[-80.77215,33.80886],[-80.77264,33.8106],[-80.77453,33.81116],[-80.77593,33.80998],[-80.77544,33.80823],[-80.77355,33.80767]]]},"properties":{"cell":"8944d165c6fffff","res":9,"coarsened":false,"count":8,"hv":8,"mp":0,"y0":2021,"y1":2026,"sp":[[2,5,5,0,2022,2026],[90,1,1,0,2021,2021],[21,1,1,0,2023,2023],[10,1,1,0,2025,2025]]}},{"type":"Feature","geometry":{"type":"Polygon","coordinates":[[[-80.76698,33.80893],[-80.76558,33.81011],[-80.76608,33.81186],[-80.76796,33.81242],[-80.76936,33.81123],[-80.76887,33.80949],[-80.76698,33.80893]]]},"properties":{"cell":"8944d1658dbffff","res":9,"coarsened":false,"count":2,"hv":2,"mp":0,"y0":2021,"y1":2023,"sp":[[90,1,1,0,2021,2021],[84,1,1,0,2023,2023]]}},{"type":"Feature","geometry":{"type":"Polygon","coordinates":[[[-80.76936,33.81123],[-80.76796,33.81242],[-80.76845,33.81417],[-80.77034,33.81473],[-80.77174,33.81354],[-80.77125,33.81179],[-80.76936,33.81123]]]},"properties":{"cell":"8944d1658c3ffff","res":9,"coarsened":false,"count":2,"hv":2,"mp":0,"y0":2021,"y1":2026,"sp":[[90,1,1,0,2021,2021],[11,1,1,0,2026,2026]]}},{"type":"Feature","geometry":{"type":"Polygon","coordinates":[[[-80.78307,33.81689],[-80.78167,33.81808],[-80.78217,33.81983],[-80.78406,33.82038],[-80.78545,33.8192],[-80.78496,33.81745],[-80.78307,33.81689]]]},"properties":{"cell":"8944d1658b3ffff","res":9,"coarsened":false,"count":1,"hv":1,"mp":0,"y0":2021,"y1":2021,"sp":[[2,1,1,0,2021,2021]]}},{"type":"Feature","geometry":{"type":"Polygon","coordinates":[[[-80.85679,33.83867],[-80.85539,33.83986],[-80.85588,33.84161],[-80.85777,33.84217],[-80.85917,33.84098],[-80.85868,33.83923],[-80.85679,33.83867]]]},"properties":{"cell":"8944d16498fffff","res":9,"coarsened":false,"count":1,"hv":1,"mp":0,"y0":2022,"y1":2022,"sp":[[87,1,1,0,2022,2022]]}},{"type":"Feature","geometry":{"type":"Polygon","coordinates":[[[-80.85859,33.8328],[-80.8572,33.83399],[-80.85769,33.83574],[-80.85958,33.8363],[-80.86098,33.83511],[-80.86049,33.83336],[-80.85859,33.8328]]]},"properties":{"cell":"8944d164993ffff","res":9,"coarsened":false,"count":1,"hv":1,"mp":0,"y0":2022,"y1":2022,"sp":[[48,1,1,0,2022,2022]]}},{"type":"Feature","geometry":{"type":"Polygon","coordinates":[[[-80.85563,33.82232],[-80.85423,33.82351],[-80.85473,33.82526],[-80.85662,33.82582],[-80.85802,33.82463],[-80.85752,33.82288],[-80.85563,33.82232]]]},"properties":{"cell":"8944d164d0bffff","res":9,"coarsened":false,"count":1,"hv":1,"mp":0,"y0":2022,"y1":2022,"sp":[[50,1,1,0,2022,2022]]}},{"type":"Feature","geometry":{"type":"Polygon","coordinates":[[[-80.84371,33.8108],[-80.84231,33.81199],[-80.84281,33.81373],[-80.8447,33.81429],[-80.84609,33.8131],[-80.8456,33.81136],[-80.84371,33.8108]]]},"properties":{"cell":"8944d164c3bffff","res":9,"coarsened":false,"count":1,"hv":1,"mp":0,"y0":2022,"y1":2022,"sp":[[88,1,1,0,2022,2022]]}},{"type":"Feature","geometry":{"type":"Polygon","coordinates":[[[-80.84042,33.81143],[-80.83902,33.81262],[-80.83952,33.81436],[-80.84141,33.81492],[-80.84281,33.81373],[-80.84231,33.81199],[-80.84042,33.81143]]]},"properties":{"cell":"8944d164c77ffff","res":9,"coarsened":false,"count":1,"hv":1,"mp":0,"y0":2022,"y1":2022,"sp":[[76,1,1,0,2022,2022]]}},{"type":"Feature","geometry":{"type":"Polygon","coordinates":[[[-80.8479,33.80723],[-80.8465,33.80842],[-80.847,33.81017],[-80.84889,33.81073],[-80.85029,33.80954],[-80.84979,33.80779],[-80.8479,33.80723]]]},"properties":{"cell":"8944d164cabffff","res":9,"coarsened":false,"count":2,"hv":2,"mp":0,"y0":2022,"y1":2023,"sp":[[29,1,1,0,2022,2022],[50,1,1,0,2023,2023]]}},{"type":"Feature","geometry":{"type":"Polygon","coordinates":[[[-80.85029,33.80954],[-80.84889,33.81073],[-80.84938,33.81247],[-80.85127,33.81303],[-80.85267,33.81184],[-80.85218,33.8101],[-80.85029,33.80954]]]},"properties":{"cell":"8944d164cafffff","res":9,"coarsened":false,"count":2,"hv":2,"mp":0,"y0":2022,"y1":2025,"sp":[[29,1,1,0,2022,2022],[90,1,1,0,2025,2025]]}},{"type":"Feature","geometry":{"type":"Polygon","coordinates":[[[-80.86015,33.80764],[-80.85875,33.80883],[-80.85925,33.81058],[-80.86114,33.81114],[-80.86253,33.80995],[-80.86204,33.8082],[-80.86015,33.80764]]]},"properties":{"cell":"8944d166b63ffff","res":9,"coarsened":false,"count":3,"hv":3,"mp":0,"y0":2022,"y1":2026,"sp":[[3,1,1,0,2022,2022],[14,1,1,0,2024,2024],[15,1,1,0,2026,2026]]}},{"type":"Feature","geometry":{"type":"Polygon","coordinates":[[[-80.85686,33.80828],[-80.85546,33.80946],[-80.85596,33.81121],[-80.85785,33.81177],[-80.85925,33.81058],[-80.85875,33.80883],[-80.85686,33.80828]]]},"properties":{"cell":"8944d166b6bffff","res":9,"coarsened":false,"count":1,"hv":1,"mp":0,"y0":2022,"y1":2022,"sp":[[89,1,1,0,2022,2022]]}},{"type":"Feature","geometry":{"type":"Polygon","coordinates":[[[-80.85834,33.81352],[-80.85694,33.81471],[-80.85744,33.81645],[-80.85933,33.81701],[-80.86073,33.81582],[-80.86023,33.81407],[-80.85834,33.81352]]]},"properties":{"cell":"8944d164dd7ffff","res":9,"coarsened":false,"count":1,"hv":1,"mp":0,"y0":2022,"y1":2022,"sp":[[29,1,1,0,2022,2022]]}},{"type":"Feature","geometry":{"type":"Polygon","coordinates":[[[-80.80312,33.80201],[-80.80172,33.8032],[-80.80221,33.80494],[-80.8041,33.8055],[-80.8055,33.80431],[-80.80501,33.80257],[-80.80312,33.80201]]]},"properties":{"cell":"8944d16432bffff","res":9,"coarsened":false,"count":5,"hv":5,"mp":0,"y0":2022,"y1":2024,"sp":[[1,1,1,0,2022,2022],[14,1,1,0,2022,2022],[50,1,1,0,2022,2022],[48,1,1,0,2023,2023],[135,1,1,0,2024,2024]]}},{"type":"Feature","geometry":{"type":"Polygon","coordinates":[[[-80.79326,33.8039],[-80.79186,33.80509],[-80.79236,33.80683],[-80.79425,33.80739],[-80.79564,33.8062],[-80.79515,33.80446],[-80.79326,33.8039]]]},"properties":{"cell":"8944d165dd3ffff","res":9,"coarsened":false,"count":2,"hv":2,"mp":0,"y0":2022,"y1":2023,"sp":[[113,1,1,0,2022,2022],[121,1,1,0,2023,2023]]}},{"type":"Feature","geometry":{"type":"Polygon","coordinates":[[[-80.79893,33.80557],[-80.79753,33.80676],[-80.79802,33.80851],[-80.79991,33.80907],[-80.80131,33.80788],[-80.80082,33.80613],[-80.79893,33.80557]]]},"properties":{"cell":"8944d165d9bffff","res":9,"coarsened":false,"count":2,"hv":2,"mp":0,"y0":2022,"y1":2023,"sp":[[44,1,1,0,2022,2022],[30,1,1,0,2023,2023]]}},{"type":"Feature","geometry":{"type":"Polygon","coordinates":[[[-80.80041,33.81081],[-80.79901,33.812],[-80.7995,33.81375],[-80.80139,33.81431],[-80.80279,33.81312],[-80.80229,33.81137],[-80.80041,33.81081]]]},"properties":{"cell":"8944d165d8fffff","res":9,"coarsened":false,"count":1,"hv":1,"mp":0,"y0":2022,"y1":2022,"sp":[[37,1,1,0,2022,2022]]}},{"type":"Feature","geometry":{"type":"Polygon","coordinates":[[[-80.76584,33.79258],[-80.76444,33.79377],[-80.76494,33.79552],[-80.76682,33.79608],[-80.76822,33.79489],[-80.76773,33.79314],[-80.76584,33.79258]]]},"properties":{"cell":"8944d16512fffff","res":9,"coarsened":false,"count":1,"hv":1,"mp":0,"y0":2022,"y1":2022,"sp":[[44,1,1,0,2022,2022]]}},{"type":"Feature","geometry":{"type":"Polygon","coordinates":[[[-80.62228,33.76759],[-80.62089,33.76877],[-80.62138,33.77052],[-80.62326,33.77108],[-80.62465,33.76989],[-80.62417,33.76815],[-80.62228,33.76759]]]},"properties":{"cell":"8944d16f387ffff","res":9,"coarsened":false,"count":2,"hv":2,"mp":0,"y0":2022,"y1":2022,"sp":[[2,2,2,0,2022,2022]]}},{"type":"Feature","geometry":{"type":"Polygon","coordinates":[[[-80.61901,33.76821],[-80.61761,33.7694],[-80.6181,33.77114],[-80.61998,33.7717],[-80.62138,33.77052],[-80.62089,33.76877],[-80.61901,33.76821]]]},"properties":{"cell":"8944d16f38fffff","res":9,"coarsened":false,"count":1,"hv":1,"mp":0,"y0":2022,"y1":2022,"sp":[[8,1,1,0,2022,2022]]}},{"type":"Feature","geometry":{"type":"Polygon","coordinates":[[[-80.61991,33.76528],[-80.61852,33.76647],[-80.61901,33.76821],[-80.62089,33.76877],[-80.62228,33.76759],[-80.6218,33.76584],[-80.61991,33.76528]]]},"properties":{"cell":"8944d16f383ffff","res":9,"coarsened":false,"count":2,"hv":2,"mp":0,"y0":2022,"y1":2022,"sp":[[58,1,1,0,2022,2022],[46,1,1,0,2022,2022]]}},{"type":"Feature","geometry":{"type":"Polygon","coordinates":[[[-80.62459,33.72027],[-80.5919,33.73294],[-80.58896,33.76567],[-80.61872,33.78573],[-80.65144,33.77306],[-80.65437,33.74032],[-80.62459,33.72027]]]},"properties":{"cell":"8644d16f7ffffff","res":6,"coarsened":true,"count":4,"hv":4,"mp":0,"y0":2022,"y1":2025,"sp":[[63,4,4,0,2022,2025]]}},{"type":"Feature","geometry":{"type":"Polygon","coordinates":[[[-80.62082,33.76235],[-80.61943,33.76354],[-80.61991,33.76528],[-80.6218,33.76584],[-80.62319,33.76466],[-80.6227,33.76291],[-80.62082,33.76235]]]},"properties":{"cell":"8944d16f393ffff","res":9,"coarsened":false,"count":1,"hv":1,"mp":0,"y0":2022,"y1":2022,"sp":[[45,1,1,0,2022,2022]]}},{"type":"Feature","geometry":{"type":"Polygon","coordinates":[[[-80.63212,33.76571],[-80.63072,33.7669],[-80.63121,33.76864],[-80.63309,33.7692],[-80.63449,33.76802],[-80.634,33.76627],[-80.63212,33.76571]]]},"properties":{"cell":"8944d16f157ffff","res":9,"coarsened":false,"count":4,"hv":4,"mp":0,"y0":2022,"y1":2023,"sp":[[21,2,2,0,2023,2023],[2,1,1,0,2022,2022],[55,1,1,0,2023,2023]]}},{"type":"Feature","geometry":{"type":"Polygon","coordinates":[[[-80.82127,33.82338],[-80.81988,33.82457],[-80.82037,33.82632],[-80.82226,33.82688],[-80.82366,33.82569],[-80.82316,33.82394],[-80.82127,33.82338]]]},"properties":{"cell":"8944d164a97ffff","res":9,"coarsened":false,"count":104,"hv":104,"mp":0,"y0":2022,"y1":2026,"sp":[[41,21,21,0,2023,2026],[1,9,9,0,2022,2026],[14,8,8,0,2022,2026],[2,7,7,0,2023,2025],[15,7,7,0,2025,2026],[3,6,6,0,2024,2026],[24,4,4,0,2024,2026],[45,3,3,0,2022,2026],[11,3,3,0,2022,2023],[6,3,3,0,2023,2025],[28,3,3,0,2025,2026],[43,2,2,0,2022,2024],[46,2,2,0,2022,2024],[17,2,2,0,2023,2024],[55,2,2,0,2024,2025],[50,2,2,0,2024,2026],[48,2,2,0,2024,2025],[129,2,2,0,2025,2025],[18,2,2,0,2026,2026],[22,1,1,0,2022,2022],[38,1,1,0,2022,2022],[7,1,1,0,2022,2022],[32,1,1,0,2022,2022],[61,1,1,0,2022,2022],[66,1,1,0,2023,2023],[52,1,1,0,2023,2023],[53,1,1,0,2024,2024],[92,1,1,0,2024,2024],[72,1,1,0,2025,2025],[80,1,1,0,2025,2025],[114,1,1,0,2026,2026],[47,1,1,0,2026,2026],[62,1,1,0,2026,2026]]}},{"type":"Feature","geometry":{"type":"Polygon","coordinates":[[[-80.82818,33.81102],[-80.82678,33.8122],[-80.82727,33.81395],[-80.82916,33.81451],[-80.83056,33.81332],[-80.83007,33.81157],[-80.82818,33.81102]]]},"properties":{"cell":"8944d164ea3ffff","res":9,"coarsened":false,"count":2,"hv":2,"mp":0,"y0":2022,"y1":2022,"sp":[[50,2,2,0,2022,2022]]}},{"type":"Feature","geometry":{"type":"Polygon","coordinates":[[[-80.84404,33.79969],[-80.84264,33.80088],[-80.84313,33.80262],[-80.84502,33.80318],[-80.84642,33.80199],[-80.84593,33.80025],[-80.84404,33.79969]]]},"properties":{"cell":"8944d164c8bffff","res":9,"coarsened":false,"count":1,"hv":1,"mp":0,"y0":2022,"y1":2022,"sp":[[50,1,1,0,2022,2022]]}},{"type":"Feature","geometry":{"type":"Polygon","coordinates":[[[-80.84732,33.79906],[-80.84593,33.80025],[-80.84642,33.80199],[-80.84831,33.80255],[-80.84971,33.80136],[-80.84921,33.79961],[-80.84732,33.79906]]]},"properties":{"cell":"8944d164c83ffff","res":9,"coarsened":false,"count":2,"hv":2,"mp":0,"y0":2022,"y1":2022,"sp":[[50,2,2,0,2022,2022]]}},{"type":"Feature","geometry":{"type":"Polygon","coordinates":[[[-80.84971,33.80136],[-80.84831,33.80255],[-80.8488,33.8043],[-80.8507,33.80485],[-80.85209,33.80367],[-80.8516,33.80192],[-80.84971,33.80136]]]},"properties":{"cell":"8944d164c87ffff","res":9,"coarsened":false,"count":1,"hv":1,"mp":0,"y0":2022,"y1":2022,"sp":[[49,1,1,0,2022,2022]]}},{"type":"Feature","geometry":{"type":"Polygon","coordinates":[[[-80.83713,33.81206],[-80.83574,33.81325],[-80.83623,33.81499],[-80.83812,33.81555],[-80.83952,33.81436],[-80.83902,33.81262],[-80.83713,33.81206]]]},"properties":{"cell":"8944d164c63ffff","res":9,"coarsened":false,"count":3,"hv":3,"mp":0,"y0":2022,"y1":2022,"sp":[[56,1,1,0,2022,2022],[31,1,1,0,2022,2022],[58,1,1,0,2022,2022]]}},{"type":"Feature","geometry":{"type":"Polygon","coordinates":[[[-80.64433,33.76614],[-80.64293,33.76733],[-80.64342,33.76907],[-80.6453,33.76963],[-80.6467,33.76845],[-80.64621,33.7667],[-80.64433,33.76614]]]},"properties":{"cell":"8944d16f1bbffff","res":9,"coarsened":false,"count":1,"hv":1,"mp":0,"y0":2022,"y1":2022,"sp":[[42,1,1,0,2022,2022]]}},{"type":"Feature","geometry":{"type":"Polygon","coordinates":[[[-80.80755,33.81773],[-80.80615,33.81892],[-80.80665,33.82066],[-80.80854,33.82122],[-80.80993,33.82003],[-80.80944,33.81829],[-80.80755,33.81773]]]},"properties":{"cell":"8944d165da7ffff","res":9,"coarsened":false,"count":6,"hv":6,"mp":0,"y0":2022,"y1":2025,"sp":[[50,2,2,0,2022,2022],[4,1,1,0,2022,2022],[89,1,1,0,2024,2024],[38,1,1,0,2025,2025],[58,1,1,0,2025,2025]]}},{"type":"Feature","geometry":{"type":"Polygon","coordinates":[[[-80.80303,33.8324],[-80.80163,33.83359],[-80.80212,33.83533],[-80.80401,33.83589],[-80.80541,33.8347],[-80.80492,33.83296],[-80.80303,33.8324]]]},"properties":{"cell":"8944d164a4fffff","res":9,"coarsened":false,"count":2,"hv":2,"mp":0,"y0":2022,"y1":2025,"sp":[[50,1,1,0,2022,2022],[16,1,1,0,2025,2025]]}},{"type":"Feature","geometry":{"type":"Polygon","coordinates":[[[-80.83475,33.80975],[-80.83335,33.81094],[-80.83385,33.81269],[-80.83574,33.81325],[-80.83713,33.81206],[-80.83664,33.81031],[-80.83475,33.80975]]]},"properties":{"cell":"8944d164c7bffff","res":9,"coarsened":false,"count":4,"hv":4,"mp":0,"y0":2022,"y1":2025,"sp":[[115,1,1,0,2022,2022],[2,1,1,0,2022,2022],[70,1,1,0,2024,2024],[21,1,1,0,2025,2025]]}},{"type":"Feature","geometry":{"type":"Polygon","coordinates":[[[-80.81979,33.81814],[-80.8184,33.81933],[-80.81889,33.82108],[-80.82078,33.82164],[-80.82218,33.82045],[-80.82168,33.8187],[-80.81979,33.81814]]]},"properties":{"cell":"8944d164e2bffff","res":9,"coarsened":false,"count":5,"hv":5,"mp":0,"y0":2022,"y1":2026,"sp":[[3,1,1,0,2022,2022],[14,1,1,0,2022,2022],[53,1,1,0,2024,2024],[4,1,1,0,2026,2026],[21,1,1,0,2026,2026]]}},{"type":"Feature","geometry":{"type":"Polygon","coordinates":[[[-80.81741,33.81584],[-80.81601,33.81703],[-80.81651,33.81877],[-80.8184,33.81933],[-80.81979,33.81814],[-80.8193,33.8164],[-80.81741,33.81584]]]},"properties":{"cell":"8944d164e77ffff","res":9,"coarsened":false,"count":5,"hv":5,"mp":0,"y0":2022,"y1":2024,"sp":[[50,1,1,0,2022,2022],[2,1,1,0,2023,2023],[72,1,1,0,2024,2024],[135,1,1,0,2024,2024],[136,1,1,0,2024,2024]]}},{"type":"Feature","geometry":{"type":"Polygon","coordinates":[[[-80.82809,33.84141],[-80.8267,33.8426],[-80.82719,33.84434],[-80.82908,33.8449],[-80.83048,33.84371],[-80.82998,33.84197],[-80.82809,33.84141]]]},"properties":{"cell":"8944d164bc7ffff","res":9,"coarsened":false,"count":3,"hv":3,"mp":0,"y0":2022,"y1":2026,"sp":[[13,2,2,0,2025,2026],[115,1,1,0,2022,2022]]}},{"type":"Feature","geometry":{"type":"Polygon","coordinates":[[[-80.76108,33.78797],[-80.75969,33.78916],[-80.76018,33.79091],[-80.76207,33.79147],[-80.76346,33.79028],[-80.76297,33.78853],[-80.76108,33.78797]]]},"properties":{"cell":"8944d165177ffff","res":9,"coarsened":false,"count":1,"hv":1,"mp":0,"y0":2022,"y1":2022,"sp":[[75,1,1,0,2022,2022]]}},{"type":"Feature","geometry":{"type":"Polygon","coordinates":[[[-80.6753,33.76574],[-80.67391,33.76693],[-80.6744,33.76867],[-80.67628,33.76923],[-80.67768,33.76805],[-80.67719,33.7663],[-80.6753,33.76574]]]},"properties":{"cell":"8944d16e06bffff","res":9,"coarsened":false,"count":1,"hv":1,"mp":0,"y0":2022,"y1":2022,"sp":[[78,1,1,0,2022,2022]]}},{"type":"Feature","geometry":{"type":"Polygon","coordinates":[[[-80.75418,33.80034],[-80.75278,33.80152],[-80.75327,33.80327],[-80.75516,33.80383],[-80.75656,33.80264],[-80.75607,33.80089],[-80.75418,33.80034]]]},"properties":{"cell":"8944d165e1bffff","res":9,"coarsened":false,"count":1,"hv":1,"mp":0,"y0":2022,"y1":2022,"sp":[[70,1,1,0,2022,2022]]}},{"type":"Feature","geometry":{"type":"Polygon","coordinates":[[[-80.76222,33.80432],[-80.76082,33.8055],[-80.76132,33.80725],[-80.7632,33.80781],[-80.7646,33.80662],[-80.76411,33.80488],[-80.76222,33.80432]]]},"properties":{"cell":"8944d165eabffff","res":9,"coarsened":false,"count":1,"hv":1,"mp":0,"y0":2022,"y1":2022,"sp":[[75,1,1,0,2022,2022]]}},{"type":"Feature","geometry":{"type":"Polygon","coordinates":[[[-80.82103,33.8041],[-80.81963,33.80529],[-80.82012,33.80704],[-80.82201,33.80759],[-80.82341,33.80641],[-80.82292,33.80466],[-80.82103,33.8041]]]},"properties":{"cell":"8944d164e8bffff","res":9,"coarsened":false,"count":2,"hv":2,"mp":0,"y0":2022,"y1":2025,"sp":[[50,1,1,0,2022,2022],[70,1,1,0,2025,2025]]}},{"type":"Feature","geometry":{"type":"Polygon","coordinates":[[[-80.64377,33.75797],[-80.64237,33.75916],[-80.64286,33.7609],[-80.64474,33.76146],[-80.64614,33.76028],[-80.64565,33.75853],[-80.64377,33.75797]]]},"properties":{"cell":"8944d16f193ffff","res":9,"coarsened":false,"count":2,"hv":2,"mp":0,"y0":2022,"y1":2024,"sp":[[27,1,1,0,2022,2022],[70,1,1,0,2024,2024]]}},{"type":"Feature","geometry":{"type":"Polygon","coordinates":[[[-80.80879,33.80369],[-80.80739,33.80487],[-80.80788,33.80662],[-80.80977,33.80718],[-80.81117,33.80599],[-80.81068,33.80424],[-80.80879,33.80369]]]},"properties":{"cell":"8944d164327ffff","res":9,"coarsened":false,"count":4,"hv":4,"mp":0,"y0":2022,"y1":2026,"sp":[[2,1,1,0,2022,2022],[55,1,1,0,2023,2023],[17,1,1,0,2023,2023],[15,1,1,0,2026,2026]]}},{"type":"Feature","geometry":{"type":"Polygon","coordinates":[[[-80.78374,33.79468],[-80.78234,33.79587],[-80.78283,33.79761],[-80.78472,33.79817],[-80.78612,33.79698],[-80.78563,33.79524],[-80.78374,33.79468]]]},"properties":{"cell":"8944d165c8fffff","res":9,"coarsened":false,"count":2,"hv":2,"mp":0,"y0":2022,"y1":2025,"sp":[[70,1,1,0,2022,2022],[2,1,1,0,2025,2025]]}},{"type":"Feature","geometry":{"type":"Polygon","coordinates":[[[-80.77841,33.78189],[-80.77701,33.78308],[-80.7775,33.78483],[-80.77939,33.78539],[-80.78079,33.7842],[-80.7803,33.78245],[-80.77841,33.78189]]]},"properties":{"cell":"8944d16427bffff","res":9,"coarsened":false,"count":1,"hv":1,"mp":0,"y0":2022,"y1":2022,"sp":[[2,1,1,0,2022,2022]]}},{"type":"Feature","geometry":{"type":"Polygon","coordinates":[[[-80.77274,33.78022],[-80.77135,33.78141],[-80.77184,33.78315],[-80.77373,33.78371],[-80.77512,33.78252],[-80.77463,33.78078],[-80.77274,33.78022]]]},"properties":{"cell":"8944d1651b3ffff","res":9,"coarsened":false,"count":10,"hv":10,"mp":0,"y0":2022,"y1":2024,"sp":[[94,3,3,0,2022,2024],[89,2,2,0,2022,2022],[28,1,1,0,2022,2022],[72,1,1,0,2022,2022],[4,1,1,0,2022,2022],[55,1,1,0,2022,2022],[15,1,1,0,2024,2024]]}},{"type":"Feature","geometry":{"type":"Polygon","coordinates":[[[-80.63798,33.78665],[-80.63658,33.78784],[-80.63707,33.78959],[-80.63895,33.79015],[-80.64035,33.78896],[-80.63986,33.78721],[-80.63798,33.78665]]]},"properties":{"cell":"8944d16c6bbffff","res":9,"coarsened":false,"count":1,"hv":1,"mp":0,"y0":2022,"y1":2022,"sp":[[68,1,1,0,2022,2022]]}},{"type":"Feature","geometry":{"type":"Polygon","coordinates":[[[-80.79145,33.80977],[-80.79006,33.81095],[-80.79055,33.8127],[-80.79244,33.81326],[-80.79383,33.81207],[-80.79334,33.81032],[-80.79145,33.80977]]]},"properties":{"cell":"8944d165dcfffff","res":9,"coarsened":false,"count":3,"hv":3,"mp":0,"y0":2022,"y1":2022,"sp":[[70,1,1,0,2022,2022],[97,1,1,0,2022,2022],[50,1,1,0,2022,2022]]}},{"type":"Feature","geometry":{"type":"Polygon","coordinates":[[[-80.79055,33.8127],[-80.78915,33.81389],[-80.78964,33.81563],[-80.79153,33.81619],[-80.79293,33.81501],[-80.79244,33.81326],[-80.79055,33.8127]]]},"properties":{"cell":"8944d165d57ffff","res":9,"coarsened":false,"count":2,"hv":2,"mp":0,"y0":2022,"y1":2022,"sp":[[21,2,2,0,2022,2022]]}},{"type":"Feature","geometry":{"type":"Polygon","coordinates":[[[-80.79507,33.79803],[-80.79367,33.79922],[-80.79417,33.80096],[-80.79605,33.80152],[-80.79745,33.80033],[-80.79696,33.79859],[-80.79507,33.79803]]]},"properties":{"cell":"8944d16437bffff","res":9,"coarsened":false,"count":1,"hv":1,"mp":0,"y0":2022,"y1":2022,"sp":[[2,1,1,0,2022,2022]]}},{"type":"Feature","geometry":{"type":"Polygon","coordinates":[[[-80.76075,33.79908],[-80.75935,33.80027],[-80.75984,33.80201],[-80.76173,33.80257],[-80.76313,33.80138],[-80.76263,33.79964],[-80.76075,33.79908]]]},"properties":{"cell":"8944d165e8fffff","res":9,"coarsened":false,"count":1,"hv":1,"mp":0,"y0":2021,"y1":2021,"sp":[[29,1,1,0,2021,2021]]}},{"type":"Feature","geometry":{"type":"Polygon","coordinates":[[[-80.66456,33.77055],[-80.66316,33.77174],[-80.66365,33.77348],[-80.66554,33.77404],[-80.66693,33.77286],[-80.66644,33.77111],[-80.66456,33.77055]]]},"properties":{"cell":"8944d16e223ffff","res":9,"coarsened":false,"count":2,"hv":2,"mp":0,"y0":2022,"y1":2024,"sp":[[72,2,2,0,2022,2024]]}},{"type":"Feature","geometry":{"type":"Polygon","coordinates":[[[-80.67112,33.7693],[-80.66972,33.77049],[-80.67021,33.77223],[-80.6721,33.77279],[-80.67349,33.77161],[-80.673,33.76986],[-80.67112,33.7693]]]},"properties":{"cell":"8944d16e3dbffff","res":9,"coarsened":false,"count":1,"hv":1,"mp":0,"y0":2022,"y1":2022,"sp":[[21,1,1,0,2022,2022]]}},{"type":"Feature","geometry":{"type":"Polygon","coordinates":[[[-80.66365,33.77348],[-80.66226,33.77467],[-80.66275,33.77642],[-80.66463,33.77698],[-80.66603,33.77579],[-80.66554,33.77404],[-80.66365,33.77348]]]},"properties":{"cell":"8944d16e22fffff","res":9,"coarsened":false,"count":1,"hv":1,"mp":0,"y0":2022,"y1":2022,"sp":[[23,1,1,0,2022,2022]]}},{"type":"Feature","geometry":{"type":"Polygon","coordinates":[[[-80.64872,33.78185],[-80.64733,33.78303],[-80.64782,33.78478],[-80.6497,33.78534],[-80.65109,33.78415],[-80.65061,33.78241],[-80.64872,33.78185]]]},"properties":{"cell":"8944d16c457ffff","res":9,"coarsened":false,"count":1,"hv":1,"mp":0,"y0":2022,"y1":2022,"sp":[[50,1,1,0,2022,2022]]}},{"type":"Feature","geometry":{"type":"Polygon","coordinates":[[[-80.75452,33.78923],[-80.75312,33.79042],[-80.75361,33.79216],[-80.7555,33.79272],[-80.75689,33.79154],[-80.7564,33.78979],[-80.75452,33.78923]]]},"properties":{"cell":"8944d16516bffff","res":9,"coarsened":false,"count":1,"hv":1,"mp":0,"y0":2022,"y1":2022,"sp":[[30,1,1,0,2022,2022]]}},{"type":"Feature","geometry":{"type":"Polygon","coordinates":[[[-80.63505,33.77618],[-80.63365,33.77737],[-80.63414,33.77911],[-80.63602,33.77967],[-80.63742,33.77849],[-80.63693,33.77674],[-80.63505,33.77618]]]},"properties":{"cell":"8944d16f167ffff","res":9,"coarsened":false,"count":3,"hv":3,"mp":0,"y0":2022,"y1":2026,"sp":[[70,1,1,0,2022,2022],[28,1,1,0,2025,2025],[50,1,1,0,2026,2026]]}},{"type":"Feature","geometry":{"type":"Polygon","coordinates":[[[-80.64704,33.75735],[-80.64565,33.75853],[-80.64614,33.76028],[-80.64802,33.76084],[-80.64942,33.75965],[-80.64893,33.75791],[-80.64704,33.75735]]]},"properties":{"cell":"8944d16f52fffff","res":9,"coarsened":false,"count":2,"hv":2,"mp":0,"y0":2022,"y1":2026,"sp":[[70,1,1,0,2022,2022],[89,1,1,0,2026,2026]]}},{"type":"Feature","geometry":{"type":"Polygon","coordinates":[[[-80.74795,33.79049],[-80.74655,33.79167],[-80.74704,33.79342],[-80.74893,33.79398],[-80.75033,33.79279],[-80.74984,33.79105],[-80.74795,33.79049]]]},"properties":{"cell":"8944d1653afffff","res":9,"coarsened":false,"count":20,"hv":20,"mp":0,"y0":2016,"y1":2026,"sp":[[2,4,4,0,2016,2026],[50,3,3,0,2022,2023],[1,3,3,0,2025,2026],[14,2,2,0,2023,2026],[41,2,2,0,2023,2026],[42,1,1,0,2023,2023],[7,1,1,0,2025,2025],[84,1,1,0,2025,2025],[90,1,1,0,2025,2025],[9,1,1,0,2025,2025],[6,1,1,0,2025,2025]]}},{"type":"Feature","geometry":{"type":"Polygon","coordinates":[[[-80.62612,33.77513],[-80.62472,33.77631],[-80.62521,33.77806],[-80.6271,33.77862],[-80.62849,33.77743],[-80.628,33.77569],[-80.62612,33.77513]]]},"properties":{"cell":"8944d16f3a7ffff","res":9,"coarsened":false,"count":1,"hv":1,"mp":0,"y0":2022,"y1":2022,"sp":[[17,1,1,0,2022,2022]]}},{"type":"Feature","geometry":{"type":"Polygon","coordinates":[[[-80.61956,33.77638],[-80.61817,33.77756],[-80.61866,33.77931],[-80.62054,33.77987],[-80.62193,33.77868],[-80.62145,33.77694],[-80.61956,33.77638]]]},"properties":{"cell":"8944d16f333ffff","res":9,"coarsened":false,"count":1,"hv":1,"mp":0,"y0":2022,"y1":2022,"sp":[[9,1,1,0,2022,2022]]}},{"type":"Feature","geometry":{"type":"Polygon","coordinates":[[[-80.63686,33.77032],[-80.63547,33.77151],[-80.63595,33.77325],[-80.63784,33.77381],[-80.63923,33.77263],[-80.63874,33.77088],[-80.63686,33.77032]]]},"properties":{"cell":"8944d16f10fffff","res":9,"coarsened":false,"count":4,"hv":4,"mp":0,"y0":2022,"y1":2025,"sp":[[28,1,1,0,2022,2022],[17,1,1,0,2024,2024],[107,1,1,0,2025,2025],[24,1,1,0,2025,2025]]}},{"type":"Feature","geometry":{"type":"Polygon","coordinates":[[[-80.64049,33.7586],[-80.63909,33.75979],[-80.63958,33.76153],[-80.64146,33.76209],[-80.64286,33.7609],[-80.64237,33.75916],[-80.64049,33.7586]]]},"properties":{"cell":"8944d16f19bffff","res":9,"coarsened":false,"count":8,"hv":8,"mp":0,"y0":2022,"y1":2025,"sp":[[24,2,2,0,2024,2024],[69,1,1,0,2022,2022],[4,1,1,0,2022,2022],[15,1,1,0,2023,2023],[72,1,1,0,2024,2024],[109,1,1,0,2024,2024],[130,1,1,0,2025,2025]]}},{"type":"Feature","geometry":{"type":"Polygon","coordinates":[[[-80.77536,33.8018],[-80.77396,33.80299],[-80.77445,33.80474],[-80.77634,33.8053],[-80.77774,33.80411],[-80.77725,33.80236],[-80.77536,33.8018]]]},"properties":{"cell":"8944d165c73ffff","res":9,"coarsened":false,"count":3,"hv":3,"mp":0,"y0":2022,"y1":2023,"sp":[[15,2,2,0,2022,2023],[58,1,1,0,2022,2022]]}},{"type":"Feature","geometry":{"type":"Polygon","coordinates":[[[-80.78193,33.80055],[-80.78053,33.80173],[-80.78102,33.80348],[-80.78291,33.80404],[-80.78431,33.80285],[-80.78382,33.8011],[-80.78193,33.80055]]]},"properties":{"cell":"8944d165c07ffff","res":9,"coarsened":false,"count":3,"hv":3,"mp":0,"y0":2022,"y1":2022,"sp":[[15,1,1,0,2022,2022],[32,1,1,0,2022,2022],[23,1,1,0,2022,2022]]}},{"type":"Feature","geometry":{"type":"Polygon","coordinates":[[[-80.81289,33.83051],[-80.81149,33.8317],[-80.81198,33.83345],[-80.81387,33.834],[-80.81527,33.83282],[-80.81478,33.83107],[-80.81289,33.83051]]]},"properties":{"cell":"8944d164a03ffff","res":9,"coarsened":false,"count":4,"hv":4,"mp":0,"y0":2022,"y1":2025,"sp":[[16,2,2,0,2024,2024],[54,1,1,0,2022,2022],[29,1,1,0,2025,2025]]}},{"type":"Feature","geometry":{"type":"Polygon","coordinates":[[[-80.81355,33.8083],[-80.81215,33.80948],[-80.81265,33.81123],[-80.81454,33.81179],[-80.81593,33.8106],[-80.81544,33.80885],[-80.81355,33.8083]]]},"properties":{"cell":"8944d164e57ffff","res":9,"coarsened":false,"count":6,"hv":6,"mp":0,"y0":2022,"y1":2026,"sp":[[2,2,2,0,2022,2026],[90,1,1,0,2022,2022],[62,1,1,0,2022,2022],[14,1,1,0,2025,2025],[43,1,1,0,2026,2026]]}},{"type":"Feature","geometry":{"type":"Polygon","coordinates":[[[-80.60952,33.75899],[-80.60813,33.76017],[-80.60862,33.76192],[-80.6105,33.76248],[-80.61189,33.7613],[-80.61141,33.75955],[-80.60952,33.75899]]]},"properties":{"cell":"8944d16f2a7ffff","res":9,"coarsened":false,"count":1,"hv":1,"mp":0,"y0":2022,"y1":2022,"sp":[[24,1,1,0,2022,2022]]}},{"type":"Feature","geometry":{"type":"Polygon","coordinates":[[[-80.61699,33.75481],[-80.61559,33.756],[-80.61608,33.75774],[-80.61796,33.7583],[-80.61936,33.75712],[-80.61887,33.75537],[-80.61699,33.75481]]]},"properties":{"cell":"8944d16f073ffff","res":9,"coarsened":false,"count":1,"hv":1,"mp":0,"y0":2022,"y1":2022,"sp":[[28,1,1,0,2022,2022]]}},{"type":"Feature","geometry":{"type":"Polygon","coordinates":[[[-80.75304,33.78399],[-80.75165,33.78518],[-80.75214,33.78693],[-80.75402,33.78748],[-80.75542,33.7863],[-80.75493,33.78455],[-80.75304,33.78399]]]},"properties":{"cell":"8944d16514fffff","res":9,"coarsened":false,"count":1,"hv":1,"mp":0,"y0":2022,"y1":2022,"sp":[[14,1,1,0,2022,2022]]}},{"type":"Feature","geometry":{"type":"Polygon","coordinates":[[[-80.81298,33.80012],[-80.81158,33.80131],[-80.81207,33.80306],[-80.81396,33.80361],[-80.81536,33.80243],[-80.81487,33.80068],[-80.81298,33.80012]]]},"properties":{"cell":"8944d164edbffff","res":9,"coarsened":false,"count":3,"hv":3,"mp":0,"y0":2022,"y1":2022,"sp":[[50,1,1,0,2022,2022],[2,1,1,0,2022,2022],[69,1,1,0,2022,2022]]}},{"type":"Feature","geometry":{"type":"Polygon","coordinates":[[[-80.81717,33.79656],[-80.81577,33.79774],[-80.81626,33.79949],[-80.81815,33.80005],[-80.81955,33.79886],[-80.81906,33.79711],[-80.81717,33.79656]]]},"properties":{"cell":"8944d16416bffff","res":9,"coarsened":false,"count":1,"hv":1,"mp":0,"y0":2022,"y1":2022,"sp":[[73,1,1,0,2022,2022]]}},{"type":"Feature","geometry":{"type":"Polygon","coordinates":[[[-80.82136,33.79299],[-80.81996,33.79418],[-80.82045,33.79593],[-80.82234,33.79648],[-80.82374,33.7953],[-80.82325,33.79355],[-80.82136,33.79299]]]},"properties":{"cell":"8944d164173ffff","res":9,"coarsened":false,"count":2,"hv":2,"mp":0,"y0":2022,"y1":2026,"sp":[[2,2,2,0,2022,2026]]}},{"type":"Feature","geometry":{"type":"Polygon","coordinates":[[[-80.81626,33.79949],[-80.81487,33.80068],[-80.81536,33.80243],[-80.81725,33.80298],[-80.81865,33.8018],[-80.81815,33.80005],[-80.81626,33.79949]]]},"properties":{"cell":"8944d164ed3ffff","res":9,"coarsened":false,"count":1,"hv":1,"mp":0,"y0":2022,"y1":2022,"sp":[[50,1,1,0,2022,2022]]}},{"type":"Feature","geometry":{"type":"Polygon","coordinates":[[[-80.80969,33.80075],[-80.80829,33.80194],[-80.80879,33.80369],[-80.81068,33.80424],[-80.81207,33.80306],[-80.81158,33.80131],[-80.80969,33.80075]]]},"properties":{"cell":"8944d164337ffff","res":9,"coarsened":false,"count":2,"hv":2,"mp":0,"y0":2022,"y1":2025,"sp":[[69,1,1,0,2022,2022],[21,1,1,0,2025,2025]]}},{"type":"Feature","geometry":{"type":"Polygon","coordinates":[[[-80.81207,33.80306],[-80.81068,33.80424],[-80.81117,33.80599],[-80.81306,33.80655],[-80.81445,33.80536],[-80.81396,33.80361],[-80.81207,33.80306]]]},"properties":{"cell":"8944d164ecbffff","res":9,"coarsened":false,"count":1,"hv":1,"mp":0,"y0":2022,"y1":2022,"sp":[[21,1,1,0,2022,2022]]}},{"type":"Feature","geometry":{"type":"Polygon","coordinates":[[[-80.63595,33.77325],[-80.63456,33.77444],[-80.63505,33.77618],[-80.63693,33.77674],[-80.63833,33.77556],[-80.63784,33.77381],[-80.63595,33.77325]]]},"properties":{"cell":"8944d16f177ffff","res":9,"coarsened":false,"count":7,"hv":7,"mp":0,"y0":2022,"y1":2026,"sp":[[21,2,2,0,2022,2022],[69,2,2,0,2022,2026],[9,1,1,0,2022,2022],[28,1,1,0,2022,2022],[2,1,1,0,2022,2022]]}},{"type":"Feature","geometry":{"type":"Polygon","coordinates":[[[-80.63177,33.77681],[-80.63037,33.77799],[-80.63086,33.77974],[-80.63275,33.7803],[-80.63414,33.77911],[-80.63365,33.77737],[-80.63177,33.77681]]]},"properties":{"cell":"8944d16f16fffff","res":9,"coarsened":false,"count":1,"hv":1,"mp":0,"y0":2022,"y1":2022,"sp":[[98,1,1,0,2022,2022]]}},{"type":"Feature","geometry":{"type":"Polygon","coordinates":[[[-80.62849,33.77743],[-80.6271,33.77862],[-80.62758,33.78036],[-80.62947,33.78092],[-80.63086,33.77974],[-80.63037,33.77799],[-80.62849,33.77743]]]},"properties":{"cell":"8944d16c6d3ffff","res":9,"coarsened":false,"count":1,"hv":1,"mp":0,"y0":2022,"y1":2022,"sp":[[62,1,1,0,2022,2022]]}},{"type":"Feature","geometry":{"type":"Polygon","coordinates":[[[-80.79441,33.82024],[-80.79301,33.82143],[-80.7935,33.82318],[-80.79539,33.82374],[-80.79679,33.82255],[-80.79629,33.8208],[-80.79441,33.82024]]]},"properties":{"cell":"8944d165d77ffff","res":9,"coarsened":false,"count":1,"hv":1,"mp":0,"y0":2022,"y1":2022,"sp":[[99,1,1,0,2022,2022]]}},{"type":"Feature","geometry":{"type":"Polygon","coordinates":[[[-80.79769,33.81962],[-80.79629,33.8208],[-80.79679,33.82255],[-80.79868,33.82311],[-80.80007,33.82192],[-80.79958,33.82017],[-80.79769,33.81962]]]},"properties":{"cell":"8944d165d3bffff","res":9,"coarsened":false,"count":1,"hv":1,"mp":0,"y0":2022,"y1":2022,"sp":[[21,1,1,0,2022,2022]]}},{"type":"Feature","geometry":{"type":"Polygon","coordinates":[[[-80.6839,33.7779],[-80.6825,33.77908],[-80.68299,33.78083],[-80.68487,33.78139],[-80.68627,33.7802],[-80.68578,33.77846],[-80.6839,33.7779]]]},"properties":{"cell":"8944d16e3bbffff","res":9,"coarsened":false,"count":1,"hv":1,"mp":0,"y0":2022,"y1":2022,"sp":[[55,1,1,0,2022,2022]]}},{"type":"Feature","geometry":{"type":"Polygon","coordinates":[[[-80.68061,33.77852],[-80.67922,33.77971],[-80.67971,33.78145],[-80.68159,33.78201],[-80.68299,33.78083],[-80.6825,33.77908],[-80.68061,33.77852]]]},"properties":{"cell":"8944d16e317ffff","res":9,"coarsened":false,"count":2,"hv":2,"mp":0,"y0":2022,"y1":2024,"sp":[[90,1,1,0,2022,2022],[21,1,1,0,2024,2024]]}},{"type":"Feature","geometry":{"type":"Polygon","coordinates":[[[-80.67496,33.77684],[-80.67356,33.77803],[-80.67405,33.77977],[-80.67594,33.78033],[-80.67733,33.77915],[-80.67685,33.7774],[-80.67496,33.77684]]]},"properties":{"cell":"8944d16e31bffff","res":9,"coarsened":false,"count":3,"hv":3,"mp":0,"y0":2022,"y1":2024,"sp":[[109,1,1,0,2022,2022],[38,1,1,0,2024,2024],[8,1,1,0,2024,2024]]}},{"type":"Feature","geometry":{"type":"Polygon","coordinates":[[[-80.65947,33.77704],[-80.65807,33.77823],[-80.65856,33.77997],[-80.66044,33.78053],[-80.66184,33.77935],[-80.66135,33.7776],[-80.65947,33.77704]]]},"properties":{"cell":"8944d16c483ffff","res":9,"coarsened":false,"count":3,"hv":3,"mp":0,"y0":2022,"y1":2025,"sp":[[119,1,1,0,2022,2022],[70,1,1,0,2023,2023],[15,1,1,0,2025,2025]]}},{"type":"Feature","geometry":{"type":"Polygon","coordinates":[[[-80.82908,33.80808],[-80.82768,33.80927],[-80.82818,33.81102],[-80.83007,33.81157],[-80.83146,33.81039],[-80.83097,33.80864],[-80.82908,33.80808]]]},"properties":{"cell":"8944d164eb3ffff","res":9,"coarsened":false,"count":1,"hv":1,"mp":0,"y0":2022,"y1":2022,"sp":[[101,1,1,0,2022,2022]]}},{"type":"Feature","geometry":{"type":"Polygon","coordinates":[[[-80.64321,33.74981],[-80.64181,33.75099],[-80.6423,33.75274],[-80.64418,33.7533],[-80.64558,33.75211],[-80.64509,33.75037],[-80.64321,33.74981]]]},"properties":{"cell":"8944d16f50fffff","res":9,"coarsened":false,"count":1,"hv":1,"mp":0,"y0":2022,"y1":2022,"sp":[[27,1,1,0,2022,2022]]}},{"type":"Feature","geometry":{"type":"Polygon","coordinates":[[[-80.77955,33.79824],[-80.77815,33.79943],[-80.77864,33.80117],[-80.78053,33.80173],[-80.78193,33.80055],[-80.78144,33.7988],[-80.77955,33.79824]]]},"properties":{"cell":"8944d165c03ffff","res":9,"coarsened":false,"count":1,"hv":1,"mp":0,"y0":2022,"y1":2022,"sp":[[21,1,1,0,2022,2022]]}},{"type":"Feature","geometry":{"type":"Polygon","coordinates":[[[-80.76732,33.79782],[-80.76592,33.79901],[-80.76641,33.80076],[-80.7683,33.80131],[-80.7697,33.80013],[-80.7692,33.79838],[-80.76732,33.79782]]]},"properties":{"cell":"8944d165c4bffff","res":9,"coarsened":false,"count":2,"hv":2,"mp":0,"y0":2022,"y1":2025,"sp":[[50,1,1,0,2022,2022],[9,1,1,0,2025,2025]]}},{"type":"Feature","geometry":{"type":"Polygon","coordinates":[[[-80.76403,33.79845],[-80.76263,33.79964],[-80.76313,33.80138],[-80.76501,33.80194],[-80.76641,33.80076],[-80.76592,33.79901],[-80.76403,33.79845]]]},"properties":{"cell":"8944d165e87ffff","res":9,"coarsened":false,"count":2,"hv":2,"mp":0,"y0":2022,"y1":2025,"sp":[[21,2,2,0,2022,2025]]}},{"type":"Feature","geometry":{"type":"Polygon","coordinates":[[[-80.76879,33.80306],[-80.76739,33.80425],[-80.76789,33.80599],[-80.76977,33.80655],[-80.77117,33.80537],[-80.77068,33.80362],[-80.76879,33.80306]]]},"properties":{"cell":"8944d165eb7ffff","res":9,"coarsened":false,"count":1,"hv":1,"mp":0,"y0":2022,"y1":2022,"sp":[[2,1,1,0,2022,2022]]}},{"type":"Feature","geometry":{"type":"Polygon","coordinates":[[[-80.74467,33.79112],[-80.74327,33.7923],[-80.74376,33.79405],[-80.74565,33.79461],[-80.74704,33.79342],[-80.74655,33.79167],[-80.74467,33.79112]]]},"properties":{"cell":"8944d165333ffff","res":9,"coarsened":false,"count":2,"hv":2,"mp":0,"y0":2022,"y1":2024,"sp":[[15,1,1,0,2022,2022],[42,1,1,0,2024,2024]]}},{"type":"Feature","geometry":{"type":"Polygon","coordinates":[[[-80.71568,33.80493],[-80.71429,33.80612],[-80.71478,33.80786],[-80.71667,33.80842],[-80.71806,33.80724],[-80.71757,33.80549],[-80.71568,33.80493]]]},"properties":{"cell":"8944d16e883ffff","res":9,"coarsened":false,"count":17,"hv":17,"mp":0,"y0":2022,"y1":2026,"sp":[[2,3,3,0,2023,2025],[50,2,2,0,2024,2024],[46,2,2,0,2024,2026],[53,1,1,0,2022,2022],[14,1,1,0,2022,2022],[82,1,1,0,2023,2023],[15,1,1,0,2023,2023],[13,1,1,0,2023,2023],[90,1,1,0,2023,2023],[92,1,1,0,2025,2025],[56,1,1,0,2026,2026],[89,1,1,0,2026,2026],[8,1,1,0,2026,2026]]}},{"type":"Feature","geometry":{"type":"Polygon","coordinates":[[[-80.75123,33.78986],[-80.74984,33.79105],[-80.75033,33.79279],[-80.75221,33.79335],[-80.75361,33.79216],[-80.75312,33.79042],[-80.75123,33.78986]]]},"properties":{"cell":"8944d1653a7ffff","res":9,"coarsened":false,"count":1,"hv":1,"mp":0,"y0":2022,"y1":2022,"sp":[[1,1,1,0,2022,2022]]}},{"type":"Feature","geometry":{"type":"Polygon","coordinates":[[[-80.80345,33.7909],[-80.80205,33.79209],[-80.80255,33.79384],[-80.80443,33.79439],[-80.80583,33.79321],[-80.80534,33.79146],[-80.80345,33.7909]]]},"properties":{"cell":"8944d164313ffff","res":9,"coarsened":false,"count":5,"hv":5,"mp":0,"y0":2022,"y1":2022,"sp":[[8,1,1,0,2022,2022],[44,1,1,0,2022,2022],[5,1,1,0,2022,2022],[14,1,1,0,2022,2022],[41,1,1,0,2022,2022]]}},{"type":"Feature","geometry":{"type":"Polygon","coordinates":[[[-80.77479,33.79363],[-80.77339,33.79482],[-80.77388,33.79656],[-80.77577,33.79712],[-80.77717,33.79594],[-80.77668,33.79419],[-80.77479,33.79363]]]},"properties":{"cell":"8944d165ccfffff","res":9,"coarsened":false,"count":2,"hv":2,"mp":0,"y0":2022,"y1":2026,"sp":[[5,1,1,0,2022,2022],[21,1,1,0,2026,2026]]}},{"type":"Feature","geometry":{"type":"Polygon","coordinates":[[[-80.74885,33.78755],[-80.74746,33.78874],[-80.74795,33.79049],[-80.74984,33.79105],[-80.75123,33.78986],[-80.75074,33.78811],[-80.74885,33.78755]]]},"properties":{"cell":"8944d1653a3ffff","res":9,"coarsened":false,"count":2,"hv":2,"mp":0,"y0":2022,"y1":2022,"sp":[[47,1,1,0,2022,2022],[84,1,1,0,2022,2022]]}},{"type":"Feature","geometry":{"type":"Polygon","coordinates":[[[-80.85925,33.81058],[-80.85785,33.81177],[-80.85834,33.81352],[-80.86023,33.81407],[-80.86163,33.81289],[-80.86114,33.81114],[-80.85925,33.81058]]]},"properties":{"cell":"8944d166b6fffff","res":9,"coarsened":false,"count":1,"hv":1,"mp":0,"y0":2022,"y1":2022,"sp":[[50,1,1,0,2022,2022]]}},{"type":"Feature","geometry":{"type":"Polygon","coordinates":[[[-80.77083,33.81647],[-80.76944,33.81766],[-80.76993,33.8194],[-80.77182,33.81996],[-80.77322,33.81878],[-80.77272,33.81703],[-80.77083,33.81647]]]},"properties":{"cell":"8944d16581bffff","res":9,"coarsened":false,"count":4,"hv":4,"mp":0,"y0":2022,"y1":2025,"sp":[[49,1,1,0,2022,2022],[83,1,1,0,2022,2022],[64,1,1,0,2023,2023],[20,1,1,0,2025,2025]]}},{"type":"Feature","geometry":{"type":"Polygon","coordinates":[[[-80.71387,33.8108],[-80.71248,33.81198],[-80.71297,33.81373],[-80.71485,33.81429],[-80.71625,33.8131],[-80.71576,33.81136],[-80.71387,33.8108]]]},"properties":{"cell":"8944d16e817ffff","res":9,"coarsened":false,"count":11,"hv":11,"mp":0,"y0":2022,"y1":2026,"sp":[[38,2,2,0,2022,2023],[43,1,1,0,2022,2022],[101,1,1,0,2023,2023],[37,1,1,0,2023,2023],[20,1,1,0,2024,2024],[54,1,1,0,2025,2025],[18,1,1,0,2025,2025],[50,1,1,0,2025,2025],[25,1,1,0,2025,2025],[12,1,1,0,2026,2026]]}},{"type":"Feature","geometry":{"type":"Polygon","coordinates":[[[-80.8276,33.80284],[-80.8262,33.80403],[-80.8267,33.80578],[-80.82859,33.80633],[-80.82998,33.80515],[-80.82949,33.8034],[-80.8276,33.80284]]]},"properties":{"cell":"8944d164e97ffff","res":9,"coarsened":false,"count":3,"hv":3,"mp":0,"y0":2023,"y1":2026,"sp":[[56,1,1,0,2023,2023],[2,1,1,0,2023,2023],[75,1,1,0,2026,2026]]}},{"type":"Feature","geometry":{"type":"Polygon","coordinates":[[[-80.82579,33.80871],[-80.8244,33.8099],[-80.82489,33.81165],[-80.82678,33.8122],[-80.82818,33.81102],[-80.82768,33.80927],[-80.82579,33.80871]]]},"properties":{"cell":"8944d164ebbffff","res":9,"coarsened":false,"count":2,"hv":2,"mp":0,"y0":2023,"y1":2023,"sp":[[1,1,1,0,2023,2023],[3,1,1,0,2023,2023]]}},{"type":"Feature","geometry":{"type":"Polygon","coordinates":[[[-80.79426,33.77057],[-80.79286,33.77176],[-80.79335,33.77351],[-80.79524,33.77407],[-80.79664,33.77288],[-80.79615,33.77113],[-80.79426,33.77057]]]},"properties":{"cell":"8944d164297ffff","res":9,"coarsened":false,"count":1,"hv":1,"mp":0,"y0":2023,"y1":2023,"sp":[[41,1,1,0,2023,2023]]}},{"type":"Feature","geometry":{"type":"Polygon","coordinates":[[[-80.7816,33.81165],[-80.7802,33.81284],[-80.78069,33.81459],[-80.78258,33.81515],[-80.78398,33.81396],[-80.78348,33.81221],[-80.7816,33.81165]]]},"properties":{"cell":"8944d165897ffff","res":9,"coarsened":false,"count":5,"hv":5,"mp":0,"y0":2023,"y1":2026,"sp":[[29,1,1,0,2023,2023],[2,1,1,0,2023,2023],[138,1,1,0,2024,2024],[6,1,1,0,2026,2026],[22,1,1,0,2026,2026]]}},{"type":"Feature","geometry":{"type":"Polygon","coordinates":[[[-80.64579,33.77138],[-80.6444,33.77256],[-80.64488,33.77431],[-80.64677,33.77487],[-80.64816,33.77368],[-80.64767,33.77194],[-80.64579,33.77138]]]},"properties":{"cell":"8944d16f1afffff","res":9,"coarsened":false,"count":2,"hv":2,"mp":0,"y0":2023,"y1":2023,"sp":[[8,1,1,0,2023,2023],[23,1,1,0,2023,2023]]}},{"type":"Feature","geometry":{"type":"Polygon","coordinates":[[[-80.64816,33.77368],[-80.64677,33.77487],[-80.64726,33.77661],[-80.64914,33.77717],[-80.65054,33.77599],[-80.65005,33.77424],[-80.64816,33.77368]]]},"properties":{"cell":"8944d16c4dbffff","res":9,"coarsened":false,"count":1,"hv":1,"mp":0,"y0":2023,"y1":2023,"sp":[[56,1,1,0,2023,2023]]}},{"type":"Feature","geometry":{"type":"Polygon","coordinates":[[[-80.76142,33.77687],[-80.76002,33.77805],[-80.76051,33.7798],[-80.7624,33.78036],[-80.7638,33.77917],[-80.76331,33.77743],[-80.76142,33.77687]]]},"properties":{"cell":"8944d1651c7ffff","res":9,"coarsened":false,"count":1,"hv":1,"mp":0,"y0":2023,"y1":2023,"sp":[[7,1,1,0,2023,2023]]}},{"type":"Feature","geometry":{"type":"Polygon","coordinates":[[[-80.75237,33.8062],[-80.75097,33.80739],[-80.75146,33.80913],[-80.75335,33.80969],[-80.75475,33.80851],[-80.75426,33.80676],[-80.75237,33.8062]]]},"properties":{"cell":"8944d165e73ffff","res":9,"coarsened":false,"count":1,"hv":1,"mp":0,"y0":2023,"y1":2023,"sp":[[95,1,1,0,2023,2023]]}},{"type":"Feature","geometry":{"type":"Polygon","coordinates":[[[-80.73867,33.80054],[-80.73727,33.80173],[-80.73776,33.80347],[-80.73965,33.80403],[-80.74104,33.80285],[-80.74055,33.8011],[-80.73867,33.80054]]]},"properties":{"cell":"8944d16ed83ffff","res":9,"coarsened":false,"count":3,"hv":3,"mp":0,"y0":2023,"y1":2023,"sp":[[82,3,3,0,2023,2023]]}},{"type":"Feature","geometry":{"type":"Polygon","coordinates":[[[-80.73685,33.80641],[-80.73546,33.80759],[-80.73595,33.80934],[-80.73784,33.8099],[-80.73923,33.80871],[-80.73874,33.80697],[-80.73685,33.80641]]]},"properties":{"cell":"8944d16ed17ffff","res":9,"coarsened":false,"count":1,"hv":1,"mp":0,"y0":2023,"y1":2023,"sp":[[14,1,1,0,2023,2023]]}},{"type":"Feature","geometry":{"type":"Polygon","coordinates":[[[-80.7637,33.80956],[-80.7623,33.81074],[-80.76279,33.81249],[-80.76468,33.81305],[-80.76608,33.81186],[-80.76558,33.81011],[-80.7637,33.80956]]]},"properties":{"cell":"8944d165e37ffff","res":9,"coarsened":false,"count":3,"hv":3,"mp":0,"y0":2023,"y1":2026,"sp":[[75,1,1,0,2023,2023],[30,1,1,0,2024,2024],[21,1,1,0,2026,2026]]}},{"type":"Feature","geometry":{"type":"Polygon","coordinates":[[[-80.81141,33.82527],[-80.81001,33.82646],[-80.81051,33.82821],[-80.8124,33.82877],[-80.81379,33.82758],[-80.8133,33.82583],[-80.81141,33.82527]]]},"properties":{"cell":"8944d164ac7ffff","res":9,"coarsened":false,"count":2,"hv":2,"mp":0,"y0":2023,"y1":2025,"sp":[[14,2,2,0,2023,2025]]}},{"type":"Feature","geometry":{"type":"Polygon","coordinates":[[[-80.75576,33.77519],[-80.75436,33.77638],[-80.75485,33.77812],[-80.75674,33.77868],[-80.75814,33.7775],[-80.75764,33.77575],[-80.75576,33.77519]]]},"properties":{"cell":"8944d1651cbffff","res":9,"coarsened":false,"count":1,"hv":1,"mp":0,"y0":2023,"y1":2023,"sp":[[41,1,1,0,2023,2023]]}},{"type":"Feature","geometry":{"type":"Polygon","coordinates":[[[-80.81536,33.80243],[-80.81396,33.80361],[-80.81445,33.80536],[-80.81634,33.80592],[-80.81774,33.80473],[-80.81725,33.80298],[-80.81536,33.80243]]]},"properties":{"cell":"8944d164ec3ffff","res":9,"coarsened":false,"count":1,"hv":1,"mp":0,"y0":2023,"y1":2023,"sp":[[15,1,1,0,2023,2023]]}},{"type":"Feature","geometry":{"type":"Polygon","coordinates":[[[-80.78045,33.79531],[-80.77906,33.79649],[-80.77955,33.79824],[-80.78144,33.7988],[-80.78283,33.79761],[-80.78234,33.79587],[-80.78045,33.79531]]]},"properties":{"cell":"8944d165c13ffff","res":9,"coarsened":false,"count":2,"hv":2,"mp":0,"y0":2023,"y1":2026,"sp":[[2,1,1,0,2023,2023],[7,1,1,0,2026,2026]]}},{"type":"Feature","geometry":{"type":"Polygon","coordinates":[[[-80.77807,33.793],[-80.77668,33.79419],[-80.77717,33.79594],[-80.77906,33.79649],[-80.78045,33.79531],[-80.77996,33.79356],[-80.77807,33.793]]]},"properties":{"cell":"8944d165cc7ffff","res":9,"coarsened":false,"count":1,"hv":1,"mp":0,"y0":2023,"y1":2023,"sp":[[21,1,1,0,2023,2023]]}},{"type":"Feature","geometry":{"type":"Polygon","coordinates":[[[-80.7766,33.78776],[-80.7752,33.78895],[-80.77569,33.7907],[-80.77758,33.79126],[-80.77898,33.79007],[-80.77849,33.78832],[-80.7766,33.78776]]]},"properties":{"cell":"8944d165cd3ffff","res":9,"coarsened":false,"count":1,"hv":1,"mp":0,"y0":2023,"y1":2023,"sp":[[2,1,1,0,2023,2023]]}},{"type":"Feature","geometry":{"type":"Polygon","coordinates":[[[-80.77988,33.78713],[-80.77849,33.78832],[-80.77898,33.79007],[-80.78087,33.79063],[-80.78226,33.78944],[-80.78177,33.78769],[-80.77988,33.78713]]]},"properties":{"cell":"8944d16426fffff","res":9,"coarsened":false,"count":1,"hv":1,"mp":0,"y0":2023,"y1":2023,"sp":[[21,1,1,0,2023,2023]]}},{"type":"Feature","geometry":{"type":"Polygon","coordinates":[[[-80.69193,33.78188],[-80.69053,33.78307],[-80.69102,33.78481],[-80.6929,33.78537],[-80.6943,33.78418],[-80.69381,33.78244],[-80.69193,33.78188]]]},"properties":{"cell":"8944d16e16bffff","res":9,"coarsened":false,"count":1,"hv":1,"mp":0,"y0":2023,"y1":2023,"sp":[[50,1,1,0,2023,2023]]}},{"type":"Feature","geometry":{"type":"Polygon","coordinates":[[[-80.68899,33.77141],[-80.68759,33.77259],[-80.68808,33.77434],[-80.68997,33.7749],[-80.69136,33.77371],[-80.69087,33.77196],[-80.68899,33.77141]]]},"properties":{"cell":"8944d16e15bffff","res":9,"coarsened":false,"count":2,"hv":2,"mp":0,"y0":2023,"y1":2023,"sp":[[70,1,1,0,2023,2023],[21,1,1,0,2023,2023]]}},{"type":"Feature","geometry":{"type":"Polygon","coordinates":[[[-80.65619,33.77767],[-80.65479,33.77885],[-80.65528,33.7806],[-80.65717,33.78116],[-80.65856,33.77997],[-80.65807,33.77823],[-80.65619,33.77767]]]},"properties":{"cell":"8944d16c48bffff","res":9,"coarsened":false,"count":3,"hv":3,"mp":0,"y0":2023,"y1":2026,"sp":[[55,1,1,0,2023,2023],[28,1,1,0,2025,2025],[70,1,1,0,2026,2026]]}},{"type":"Feature","geometry":{"type":"Polygon","coordinates":[[[-80.81026,33.80892],[-80.80887,33.81011],[-80.80936,33.81186],[-80.81125,33.81242],[-80.81265,33.81123],[-80.81215,33.80948],[-80.81026,33.80892]]]},"properties":{"cell":"8944d164e43ffff","res":9,"coarsened":false,"count":5,"hv":5,"mp":0,"y0":2023,"y1":2026,"sp":[[15,1,1,0,2023,2023],[101,1,1,0,2024,2024],[62,1,1,0,2025,2025],[97,1,1,0,2025,2025],[2,1,1,0,2026,2026]]}},{"type":"Feature","geometry":{"type":"Polygon","coordinates":[[[-80.8613,33.824],[-80.85991,33.82519],[-80.8604,33.82693],[-80.86229,33.82749],[-80.86369,33.8263],[-80.8632,33.82456],[-80.8613,33.824]]]},"properties":{"cell":"8944d164d07ffff","res":9,"coarsened":false,"count":2,"hv":2,"mp":0,"y0":2023,"y1":2025,"sp":[[50,1,1,0,2023,2023],[2,1,1,0,2025,2025]]}},{"type":"Feature","geometry":{"type":"Polygon","coordinates":[[[-80.71093,33.80032],[-80.70954,33.80151],[-80.71003,33.80325],[-80.71191,33.80381],[-80.71331,33.80263],[-80.71282,33.80088],[-80.71093,33.80032]]]},"properties":{"cell":"8944d16ec6fffff","res":9,"coarsened":false,"count":5,"hv":5,"mp":0,"y0":2023,"y1":2023,"sp":[[50,1,1,0,2023,2023],[52,1,1,0,2023,2023],[14,1,1,0,2023,2023],[41,1,1,0,2023,2023],[114,1,1,0,2023,2023]]}},{"type":"Feature","geometry":{"type":"Polygon","coordinates":[[[-80.62773,33.75],[-80.62633,33.75119],[-80.62682,33.75293],[-80.6287,33.75349],[-80.6301,33.75231],[-80.62961,33.75056],[-80.62773,33.75]]]},"properties":{"cell":"8944d16f0bbffff","res":9,"coarsened":false,"count":2,"hv":2,"mp":0,"y0":2023,"y1":2023,"sp":[[12,1,1,0,2023,2023],[15,1,1,0,2023,2023]]}},{"type":"Feature","geometry":{"type":"Polygon","coordinates":[[[-80.7697,33.80013],[-80.7683,33.80131],[-80.76879,33.80306],[-80.77068,33.80362],[-80.77207,33.80243],[-80.77158,33.80069],[-80.7697,33.80013]]]},"properties":{"cell":"8944d165c4fffff","res":9,"coarsened":false,"count":2,"hv":2,"mp":0,"y0":2023,"y1":2025,"sp":[[21,1,1,0,2023,2023],[15,1,1,0,2025,2025]]}},{"type":"Feature","geometry":{"type":"Polygon","coordinates":[[[-80.71874,33.78503],[-80.71735,33.78622],[-80.71784,33.78797],[-80.71972,33.78852],[-80.72112,33.78734],[-80.72063,33.78559],[-80.71874,33.78503]]]},"properties":{"cell":"8944d16ec8bffff","res":9,"coarsened":false,"count":1,"hv":1,"mp":0,"y0":2023,"y1":2023,"sp":[[2,1,1,0,2023,2023]]}},{"type":"Feature","geometry":{"type":"Polygon","coordinates":[[[-80.82398,33.81458],[-80.82259,33.81577],[-80.82308,33.81751],[-80.82497,33.81807],[-80.82637,33.81689],[-80.82588,33.81514],[-80.82398,33.81458]]]},"properties":{"cell":"8944d164e33ffff","res":9,"coarsened":false,"count":4,"hv":4,"mp":0,"y0":2023,"y1":2026,"sp":[[50,1,1,0,2023,2023],[53,1,1,0,2024,2024],[8,1,1,0,2025,2025],[21,1,1,0,2026,2026]]}},{"type":"Feature","geometry":{"type":"Polygon","coordinates":[[[-80.7124,33.80556],[-80.71101,33.80674],[-80.7115,33.80849],[-80.71338,33.80905],[-80.71478,33.80786],[-80.71429,33.80612],[-80.7124,33.80556]]]},"properties":{"cell":"8944d16e88bffff","res":9,"coarsened":false,"count":5,"hv":5,"mp":0,"y0":2023,"y1":2025,"sp":[[45,2,2,0,2024,2025],[38,1,1,0,2023,2023],[12,1,1,0,2024,2024],[2,1,1,0,2025,2025]]}},{"type":"Feature","geometry":{"type":"Polygon","coordinates":[[[-80.82998,33.80515],[-80.82859,33.80633],[-80.82908,33.80808],[-80.83097,33.80864],[-80.83237,33.80745],[-80.83187,33.8057],[-80.82998,33.80515]]]},"properties":{"cell":"8944d164c4bffff","res":9,"coarsened":false,"count":1,"hv":1,"mp":0,"y0":2023,"y1":2023,"sp":[[1,1,1,0,2023,2023]]}},{"type":"Feature","geometry":{"type":"Polygon","coordinates":[[[-80.79745,33.80033],[-80.79605,33.80152],[-80.79655,33.80327],[-80.79844,33.80383],[-80.79983,33.80264],[-80.79934,33.80089],[-80.79745,33.80033]]]},"properties":{"cell":"8944d164363ffff","res":9,"coarsened":false,"count":2,"hv":2,"mp":0,"y0":2023,"y1":2023,"sp":[[121,1,1,0,2023,2023],[108,1,1,0,2023,2023]]}},{"type":"Feature","geometry":{"type":"Polygon","coordinates":[[[-80.79417,33.80096],[-80.79277,33.80215],[-80.79326,33.8039],[-80.79515,33.80446],[-80.79655,33.80327],[-80.79605,33.80152],[-80.79417,33.80096]]]},"properties":{"cell":"8944d16436bffff","res":9,"coarsened":false,"count":3,"hv":3,"mp":0,"y0":2023,"y1":2026,"sp":[[15,1,1,0,2023,2023],[23,1,1,0,2023,2023],[14,1,1,0,2026,2026]]}},{"type":"Feature","geometry":{"type":"Polygon","coordinates":[[[-80.82489,33.81165],[-80.82349,33.81283],[-80.82398,33.81458],[-80.82588,33.81514],[-80.82727,33.81395],[-80.82678,33.8122],[-80.82489,33.81165]]]},"properties":{"cell":"8944d164eabffff","res":9,"coarsened":false,"count":7,"hv":7,"mp":0,"y0":2023,"y1":2026,"sp":[[72,1,1,0,2023,2023],[2,1,1,0,2023,2023],[11,1,1,0,2023,2023],[88,1,1,0,2024,2024],[14,1,1,0,2025,2025],[78,1,1,0,2025,2025],[90,1,1,0,2026,2026]]}},{"type":"Feature","geometry":{"type":"Polygon","coordinates":[[[-80.74319,33.78588],[-80.7418,33.78706],[-80.74229,33.78881],[-80.74417,33.78937],[-80.74557,33.78818],[-80.74508,33.78644],[-80.74319,33.78588]]]},"properties":{"cell":"8944d165317ffff","res":9,"coarsened":false,"count":1,"hv":1,"mp":0,"y0":2023,"y1":2023,"sp":[[24,1,1,0,2023,2023]]}},{"type":"Feature","geometry":{"type":"Polygon","coordinates":[[[-80.80393,33.82946],[-80.80254,33.83065],[-80.80303,33.8324],[-80.80492,33.83296],[-80.80631,33.83177],[-80.80582,33.83002],[-80.80393,33.82946]]]},"properties":{"cell":"8944d164a43ffff","res":9,"coarsened":false,"count":1,"hv":1,"mp":0,"y0":2023,"y1":2023,"sp":[[19,1,1,0,2023,2023]]}},{"type":"Feature","geometry":{"type":"Polygon","coordinates":[[[-80.62793,33.76927],[-80.62654,33.77045],[-80.62703,33.7722],[-80.62891,33.77276],[-80.6303,33.77157],[-80.62982,33.76983],[-80.62793,33.76927]]]},"properties":{"cell":"8944d16f14fffff","res":9,"coarsened":false,"count":1,"hv":1,"mp":0,"y0":2023,"y1":2023,"sp":[[50,1,1,0,2023,2023]]}},{"type":"Feature","geometry":{"type":"Polygon","coordinates":[[[-80.62354,33.75356],[-80.62215,33.75475],[-80.62263,33.75649],[-80.62452,33.75705],[-80.62591,33.75587],[-80.62542,33.75412],[-80.62354,33.75356]]]},"properties":{"cell":"8944d16f007ffff","res":9,"coarsened":false,"count":2,"hv":2,"mp":0,"y0":2023,"y1":2023,"sp":[[30,1,1,0,2023,2023],[58,1,1,0,2023,2023]]}},{"type":"Feature","geometry":{"type":"Polygon","coordinates":[[[-80.61608,33.75774],[-80.61468,33.75893],[-80.61517,33.76067],[-80.61705,33.76123],[-80.61845,33.76005],[-80.61796,33.7583],[-80.61608,33.75774]]]},"properties":{"cell":"8944d16f063ffff","res":9,"coarsened":false,"count":1,"hv":1,"mp":0,"y0":2023,"y1":2023,"sp":[[21,1,1,0,2023,2023]]}},{"type":"Feature","geometry":{"type":"Polygon","coordinates":[[[-80.62026,33.75419],[-80.61887,33.75537],[-80.61936,33.75712],[-80.62124,33.75768],[-80.62263,33.75649],[-80.62215,33.75475],[-80.62026,33.75419]]]},"properties":{"cell":"8944d16f00fffff","res":9,"coarsened":false,"count":2,"hv":2,"mp":0,"y0":2023,"y1":2025,"sp":[[50,1,1,0,2023,2023],[38,1,1,0,2025,2025]]}},{"type":"Feature","geometry":{"type":"Polygon","coordinates":[[[-80.79531,33.81731],[-80.79391,33.8185],[-80.79441,33.82024],[-80.79629,33.8208],[-80.79769,33.81962],[-80.7972,33.81787],[-80.79531,33.81731]]]},"properties":{"cell":"8944d165d0fffff","res":9,"coarsened":false,"count":3,"hv":3,"mp":0,"y0":2023,"y1":2025,"sp":[[3,1,1,0,2023,2023],[42,1,1,0,2025,2025],[47,1,1,0,2025,2025]]}},{"type":"Feature","geometry":{"type":"Polygon","coordinates":[[[-80.7986,33.81668],[-80.7972,33.81787],[-80.79769,33.81962],[-80.79958,33.82017],[-80.80098,33.81899],[-80.80049,33.81724],[-80.7986,33.81668]]]},"properties":{"cell":"8944d165d07ffff","res":9,"coarsened":false,"count":1,"hv":1,"mp":0,"y0":2023,"y1":2023,"sp":[[72,1,1,0,2023,2023]]}},{"type":"Feature","geometry":{"type":"Polygon","coordinates":[[[-80.75033,33.79279],[-80.74893,33.79398],[-80.74942,33.79573],[-80.75131,33.79628],[-80.75271,33.7951],[-80.75221,33.79335],[-80.75033,33.79279]]]},"properties":{"cell":"8944d165edbffff","res":9,"coarsened":false,"count":5,"hv":5,"mp":0,"y0":2023,"y1":2026,"sp":[[6,1,1,0,2023,2023],[28,1,1,0,2024,2024],[41,1,1,0,2025,2025],[72,1,1,0,2025,2025],[4,1,1,0,2026,2026]]}},{"type":"Feature","geometry":{"type":"Polygon","coordinates":[[[-80.71421,33.79969],[-80.71282,33.80088],[-80.71331,33.80263],[-80.71519,33.80319],[-80.71659,33.802],[-80.7161,33.80025],[-80.71421,33.79969]]]},"properties":{"cell":"8944d16ec67ffff","res":9,"coarsened":false,"count":1,"hv":1,"mp":0,"y0":2023,"y1":2023,"sp":[[50,1,1,0,2023,2023]]}},{"type":"Feature","geometry":{"type":"Polygon","coordinates":[[[-80.65472,33.77243],[-80.65333,33.77362],[-80.65381,33.77536],[-80.6557,33.77592],[-80.65709,33.77474],[-80.65661,33.77299],[-80.65472,33.77243]]]},"properties":{"cell":"8944d16e26fffff","res":9,"coarsened":false,"count":2,"hv":2,"mp":0,"y0":2023,"y1":2024,"sp":[[55,1,1,0,2023,2023],[50,1,1,0,2024,2024]]}},{"type":"Feature","geometry":{"type":"Polygon","coordinates":[[[-80.65709,33.77474],[-80.6557,33.77592],[-80.65619,33.77767],[-80.65807,33.77823],[-80.65947,33.77704],[-80.65898,33.7753],[-80.65709,33.77474]]]},"properties":{"cell":"8944d16c49bffff","res":9,"coarsened":false,"count":3,"hv":3,"mp":0,"y0":1994,"y1":2026,"sp":[[46,1,1,0,2023,2023],[55,1,1,0,1994,1994],[70,1,1,0,2026,2026]]}},{"type":"Feature","geometry":{"type":"Polygon","coordinates":[[[-80.64251,33.772],[-80.64112,33.77319],[-80.64161,33.77493],[-80.64349,33.77549],[-80.64488,33.77431],[-80.6444,33.77256],[-80.64251,33.772]]]},"properties":{"cell":"8944d16f133ffff","res":9,"coarsened":false,"count":1,"hv":1,"mp":0,"y0":2023,"y1":2023,"sp":[[45,1,1,0,2023,2023]]}},{"type":"Feature","geometry":{"type":"Polygon","coordinates":[[[-80.64342,33.76907],[-80.64202,33.77026],[-80.64251,33.772],[-80.6444,33.77256],[-80.64579,33.77138],[-80.6453,33.76963],[-80.64342,33.76907]]]},"properties":{"cell":"8944d16f1abffff","res":9,"coarsened":false,"count":2,"hv":2,"mp":0,"y0":2023,"y1":2023,"sp":[[48,1,1,0,2023,2023],[89,1,1,0,2023,2023]]}},{"type":"Feature","geometry":{"type":"Polygon","coordinates":[[[-80.78826,33.78001],[-80.78687,33.78119],[-80.78736,33.78294],[-80.78925,33.7835],[-80.79064,33.78231],[-80.79015,33.78056],[-80.78826,33.78001]]]},"properties":{"cell":"8944d164207ffff","res":9,"coarsened":false,"count":3,"hv":3,"mp":0,"y0":2023,"y1":2025,"sp":[[58,1,1,0,2023,2023],[50,1,1,0,2023,2023],[70,1,1,0,2025,2025]]}},{"type":"Feature","geometry":{"type":"Polygon","coordinates":[[[-80.8216,33.81228],[-80.82021,33.81346],[-80.8207,33.81521],[-80.82259,33.81577],[-80.82398,33.81458],[-80.82349,33.81283],[-80.8216,33.81228]]]},"properties":{"cell":"8944d164e07ffff","res":9,"coarsened":false,"count":2,"hv":2,"mp":0,"y0":2023,"y1":2026,"sp":[[41,1,1,0,2023,2023],[15,1,1,0,2026,2026]]}},{"type":"Feature","geometry":{"type":"Polygon","coordinates":[[[-80.8553,33.83343],[-80.85391,33.83462],[-80.8544,33.83637],[-80.85629,33.83693],[-80.85769,33.83574],[-80.8572,33.83399],[-80.8553,33.83343]]]},"properties":{"cell":"8944d16499bffff","res":9,"coarsened":false,"count":1,"hv":1,"mp":0,"y0":2024,"y1":2024,"sp":[[3,1,1,0,2024,2024]]}},{"type":"Feature","geometry":{"type":"Polygon","coordinates":[[[-80.84486,33.82715],[-80.84346,33.82834],[-80.84396,33.83008],[-80.84585,33.83064],[-80.84725,33.82945],[-80.84675,33.82771],[-80.84486,33.82715]]]},"properties":{"cell":"8944d1648a3ffff","res":9,"coarsened":false,"count":2,"hv":2,"mp":0,"y0":2024,"y1":2024,"sp":[[56,1,1,0,2024,2024],[37,1,1,0,2024,2024]]}},{"type":"Feature","geometry":{"type":"Polygon","coordinates":[[[-80.84577,33.82421],[-80.84437,33.8254],[-80.84486,33.82715],[-80.84675,33.82771],[-80.84815,33.82652],[-80.84766,33.82477],[-80.84577,33.82421]]]},"properties":{"cell":"8944d1648b3ffff","res":9,"coarsened":false,"count":2,"hv":2,"mp":0,"y0":2024,"y1":2024,"sp":[[82,1,1,0,2024,2024],[80,1,1,0,2024,2024]]}},{"type":"Feature","geometry":{"type":"Polygon","coordinates":[[[-80.71331,33.80263],[-80.71191,33.80381],[-80.7124,33.80556],[-80.71429,33.80612],[-80.71568,33.80493],[-80.71519,33.80319],[-80.71331,33.80263]]]},"properties":{"cell":"8944d16e89bffff","res":9,"coarsened":false,"count":2,"hv":2,"mp":0,"y0":2024,"y1":2026,"sp":[[5,1,1,0,2024,2024],[50,1,1,0,2026,2026]]}},{"type":"Feature","geometry":{"type":"Polygon","coordinates":[[[-80.853,33.80073],[-80.8516,33.80192],[-80.85209,33.80367],[-80.85398,33.80422],[-80.85538,33.80303],[-80.85489,33.80129],[-80.853,33.80073]]]},"properties":{"cell":"8944d166b4bffff","res":9,"coarsened":false,"count":1,"hv":1,"mp":0,"y0":2023,"y1":2023,"sp":[[50,1,1,0,2023,2023]]}},{"type":"Feature","geometry":{"type":"Polygon","coordinates":[[[-80.7115,33.80849],[-80.7101,33.80968],[-80.71059,33.81142],[-80.71248,33.81198],[-80.71387,33.8108],[-80.71338,33.80905],[-80.7115,33.80849]]]},"properties":{"cell":"8944d16e813ffff","res":9,"coarsened":false,"count":4,"hv":4,"mp":0,"y0":2024,"y1":2025,"sp":[[92,1,1,0,2024,2024],[13,1,1,0,2024,2024],[0,1,1,0,2025,2025],[38,1,1,0,2025,2025]]}},{"type":"Feature","geometry":{"type":"Polygon","coordinates":[[[-80.70912,33.80619],[-80.70772,33.80737],[-80.70821,33.80912],[-80.7101,33.80968],[-80.7115,33.80849],[-80.71101,33.80674],[-80.70912,33.80619]]]},"properties":{"cell":"8944d16e8c7ffff","res":9,"coarsened":false,"count":2,"hv":2,"mp":0,"y0":2024,"y1":2025,"sp":[[58,1,1,0,2024,2024],[18,1,1,0,2025,2025]]}},{"type":"Feature","geometry":{"type":"Polygon","coordinates":[[[-80.85892,33.82169],[-80.85752,33.82288],[-80.85802,33.82463],[-80.85991,33.82519],[-80.8613,33.824],[-80.86081,33.82225],[-80.85892,33.82169]]]},"properties":{"cell":"8944d164d03ffff","res":9,"coarsened":false,"count":3,"hv":3,"mp":0,"y0":2024,"y1":2025,"sp":[[42,1,1,0,2024,2024],[6,1,1,0,2025,2025],[29,1,1,0,2025,2025]]}},{"type":"Feature","geometry":{"type":"Polygon","coordinates":[[[-80.85357,33.80891],[-80.85218,33.8101],[-80.85267,33.81184],[-80.85456,33.8124],[-80.85596,33.81121],[-80.85546,33.80946],[-80.85357,33.80891]]]},"properties":{"cell":"8944d164ca7ffff","res":9,"coarsened":false,"count":2,"hv":2,"mp":0,"y0":2024,"y1":2024,"sp":[[70,1,1,0,2024,2024],[58,1,1,0,2024,2024]]}},{"type":"Feature","geometry":{"type":"Polygon","coordinates":[[[-80.79736,33.83072],[-80.79596,33.83191],[-80.79645,33.83366],[-80.79834,33.83421],[-80.79974,33.83303],[-80.79925,33.83128],[-80.79736,33.83072]]]},"properties":{"cell":"8944d165987ffff","res":9,"coarsened":false,"count":1,"hv":1,"mp":0,"y0":2024,"y1":2024,"sp":[[83,1,1,0,2024,2024]]}},{"type":"Feature","geometry":{"type":"Polygon","coordinates":[[[-80.8096,33.83114],[-80.8082,33.83233],[-80.8087,33.83408],[-80.81059,33.83463],[-80.81198,33.83345],[-80.81149,33.8317],[-80.8096,33.83114]]]},"properties":{"cell":"8944d164a0bffff","res":9,"coarsened":false,"count":1,"hv":1,"mp":0,"y0":2024,"y1":2024,"sp":[[32,1,1,0,2024,2024]]}},{"type":"Feature","geometry":{"type":"Polygon","coordinates":[[[-80.77093,33.78609],[-80.76954,33.78727],[-80.77003,33.78902],[-80.77192,33.78958],[-80.77331,33.78839],[-80.77282,33.78665],[-80.77093,33.78609]]]},"properties":{"cell":"8944d1651afffff","res":9,"coarsened":false,"count":1,"hv":1,"mp":0,"y0":2024,"y1":2024,"sp":[[50,1,1,0,2024,2024]]}},{"type":"Feature","geometry":{"type":"Polygon","coordinates":[[[-80.77388,33.79656],[-80.77249,33.79775],[-80.77298,33.7995],[-80.77487,33.80006],[-80.77626,33.79887],[-80.77577,33.79712],[-80.77388,33.79656]]]},"properties":{"cell":"8944d165c57ffff","res":9,"coarsened":false,"count":12,"hv":12,"mp":0,"y0":2014,"y1":2024,"sp":[[14,3,3,0,2014,2014],[48,3,3,0,2014,2014],[1,2,2,0,2014,2014],[98,1,1,0,2024,2024],[7,1,1,0,2014,2014],[47,1,1,0,2014,2014],[92,1,1,0,2014,2014]]}},{"type":"Feature","geometry":{"type":"Polygon","coordinates":[[[-80.76675,33.78965],[-80.76535,33.79084],[-80.76584,33.79258],[-80.76773,33.79314],[-80.76913,33.79195],[-80.76863,33.79021],[-80.76675,33.78965]]]},"properties":{"cell":"8944d165123ffff","res":9,"coarsened":false,"count":1,"hv":1,"mp":0,"y0":2024,"y1":2024,"sp":[[50,1,1,0,2024,2024]]}},{"type":"Feature","geometry":{"type":"Polygon","coordinates":[[[-80.76437,33.78734],[-80.76297,33.78853],[-80.76346,33.79028],[-80.76535,33.79084],[-80.76675,33.78965],[-80.76625,33.7879],[-80.76437,33.78734]]]},"properties":{"cell":"8944d16513bffff","res":9,"coarsened":false,"count":2,"hv":2,"mp":0,"y0":2024,"y1":2026,"sp":[[38,1,1,0,2024,2024],[2,1,1,0,2026,2026]]}},{"type":"Feature","geometry":{"type":"Polygon","coordinates":[[[-80.76289,33.78211],[-80.7615,33.78329],[-80.76199,33.78504],[-80.76388,33.7856],[-80.76527,33.78441],[-80.76478,33.78266],[-80.76289,33.78211]]]},"properties":{"cell":"8944d165103ffff","res":9,"coarsened":false,"count":1,"hv":1,"mp":0,"y0":2024,"y1":2024,"sp":[[2,1,1,0,2024,2024]]}},{"type":"Feature","geometry":{"type":"Polygon","coordinates":[[[-80.76527,33.78441],[-80.76388,33.7856],[-80.76437,33.78734],[-80.76625,33.7879],[-80.76765,33.78672],[-80.76716,33.78497],[-80.76527,33.78441]]]},"properties":{"cell":"8944d165107ffff","res":9,"coarsened":false,"count":1,"hv":1,"mp":0,"y0":2024,"y1":2024,"sp":[[50,1,1,0,2024,2024]]}},{"type":"Feature","geometry":{"type":"Polygon","coordinates":[[[-80.84281,33.81373],[-80.84141,33.81492],[-80.8419,33.81667],[-80.84379,33.81723],[-80.84519,33.81604],[-80.8447,33.81429],[-80.84281,33.81373]]]},"properties":{"cell":"8944d164c2bffff","res":9,"coarsened":false,"count":1,"hv":1,"mp":0,"y0":2021,"y1":2021,"sp":[[29,1,1,0,2021,2021]]}},{"type":"Feature","geometry":{"type":"Polygon","coordinates":[[[-80.7825,33.80872],[-80.7811,33.80991],[-80.7816,33.81165],[-80.78348,33.81221],[-80.78488,33.81102],[-80.78439,33.80928],[-80.7825,33.80872]]]},"properties":{"cell":"8944d165c2fffff","res":9,"coarsened":false,"count":9,"hv":9,"mp":0,"y0":2022,"y1":2026,"sp":[[2,6,6,0,2025,2026],[90,1,1,0,2022,2022],[50,1,1,0,2025,2025],[24,1,1,0,2026,2026]]}},{"type":"Feature","geometry":{"type":"Polygon","coordinates":[[[-80.74908,33.80683],[-80.74769,33.80802],[-80.74818,33.80976],[-80.75007,33.81032],[-80.75146,33.80913],[-80.75097,33.80739],[-80.74908,33.80683]]]},"properties":{"cell":"8944d165e7bffff","res":9,"coarsened":false,"count":1,"hv":1,"mp":0,"y0":2024,"y1":2024,"sp":[[70,1,1,0,2024,2024]]}},{"type":"Feature","geometry":{"type":"Polygon","coordinates":[[[-80.6294,33.7745],[-80.628,33.77569],[-80.62849,33.77743],[-80.63037,33.77799],[-80.63177,33.77681],[-80.63128,33.77506],[-80.6294,33.7745]]]},"properties":{"cell":"8944d16f16bffff","res":9,"coarsened":false,"count":1,"hv":1,"mp":0,"y0":2008,"y1":2008,"sp":[[89,1,1,0,2008,2008]]}},{"type":"Feature","geometry":{"type":"Polygon","coordinates":[[[-80.66875,33.767],[-80.66735,33.76818],[-80.66784,33.76993],[-80.66972,33.77049],[-80.67112,33.7693],[-80.67063,33.76756],[-80.66875,33.767]]]},"properties":{"cell":"8944d16e2afffff","res":9,"coarsened":false,"count":2,"hv":2,"mp":0,"y0":2024,"y1":2025,"sp":[[15,1,1,0,2024,2024],[109,1,1,0,2025,2025]]}},{"type":"Feature","geometry":{"type":"Polygon","coordinates":[[[-80.67587,33.77391],[-80.67447,33.7751],[-80.67496,33.77684],[-80.67685,33.7774],[-80.67824,33.77622],[-80.67775,33.77447],[-80.67587,33.77391]]]},"properties":{"cell":"8944d16e3c7ffff","res":9,"coarsened":false,"count":1,"hv":1,"mp":0,"y0":2024,"y1":2024,"sp":[[50,1,1,0,2024,2024]]}},{"type":"Feature","geometry":{"type":"Polygon","coordinates":[[[-80.64851,33.76258],[-80.64712,33.76377],[-80.6476,33.76552],[-80.64949,33.76608],[-80.65088,33.76489],[-80.65039,33.76314],[-80.64851,33.76258]]]},"properties":{"cell":"8944d16e24bffff","res":9,"coarsened":false,"count":1,"hv":1,"mp":0,"y0":2024,"y1":2024,"sp":[[62,1,1,0,2024,2024]]}},{"type":"Feature","geometry":{"type":"Polygon","coordinates":[[[-80.77922,33.80935],[-80.77782,33.81053],[-80.77831,33.81228],[-80.7802,33.81284],[-80.7816,33.81165],[-80.7811,33.80991],[-80.77922,33.80935]]]},"properties":{"cell":"8944d165893ffff","res":9,"coarsened":false,"count":10,"hv":10,"mp":0,"y0":2024,"y1":2026,"sp":[[2,3,3,0,2025,2026],[21,1,1,0,2024,2024],[38,1,1,0,2024,2024],[42,1,1,0,2024,2024],[8,1,1,0,2024,2024],[43,1,1,0,2024,2024],[48,1,1,0,2025,2025],[78,1,1,0,2026,2026]]}},{"type":"Feature","geometry":{"type":"Polygon","coordinates":[[[-80.7441,33.78294],[-80.7427,33.78413],[-80.74319,33.78588],[-80.74508,33.78644],[-80.74648,33.78525],[-80.74598,33.7835],[-80.7441,33.78294]]]},"properties":{"cell":"8944d16538fffff","res":9,"coarsened":false,"count":1,"hv":1,"mp":0,"y0":2017,"y1":2017,"sp":[[14,1,1,0,2017,2017]]}},{"type":"Feature","geometry":{"type":"Polygon","coordinates":[[[-80.85209,33.80367],[-80.8507,33.80485],[-80.85119,33.8066],[-80.85308,33.80716],[-80.85448,33.80597],[-80.85398,33.80422],[-80.85209,33.80367]]]},"properties":{"cell":"8944d164cb3ffff","res":9,"coarsened":false,"count":1,"hv":1,"mp":0,"y0":2024,"y1":2024,"sp":[[112,1,1,0,2024,2024]]}},{"type":"Feature","geometry":{"type":"Polygon","coordinates":[[[-80.85538,33.80303],[-80.85398,33.80422],[-80.85448,33.80597],[-80.85637,33.80653],[-80.85776,33.80534],[-80.85727,33.80359],[-80.85538,33.80303]]]},"properties":{"cell":"8944d166b4fffff","res":9,"coarsened":false,"count":1,"hv":1,"mp":0,"y0":2024,"y1":2024,"sp":[[15,1,1,0,2024,2024]]}},{"type":"Feature","geometry":{"type":"Polygon","coordinates":[[[-80.85867,33.8024],[-80.85727,33.80359],[-80.85776,33.80534],[-80.85966,33.8059],[-80.86105,33.80471],[-80.86056,33.80296],[-80.85867,33.8024]]]},"properties":{"cell":"8944d166b47ffff","res":9,"coarsened":false,"count":3,"hv":3,"mp":0,"y0":2024,"y1":2026,"sp":[[62,1,1,0,2024,2024],[99,1,1,0,2024,2024],[39,1,1,0,2026,2026]]}},{"type":"Feature","geometry":{"type":"Polygon","coordinates":[[[-80.86196,33.80177],[-80.86056,33.80296],[-80.86105,33.80471],[-80.86294,33.80527],[-80.86434,33.80408],[-80.86385,33.80233],[-80.86196,33.80177]]]},"properties":{"cell":"8944d166b0bffff","res":9,"coarsened":false,"count":2,"hv":2,"mp":0,"y0":2024,"y1":2026,"sp":[[15,1,1,0,2024,2024],[8,1,1,0,2026,2026]]}},{"type":"Feature","geometry":{"type":"Polygon","coordinates":[[[-80.86163,33.81289],[-80.86023,33.81407],[-80.86073,33.81582],[-80.86262,33.81638],[-80.86402,33.81519],[-80.86352,33.81344],[-80.86163,33.81289]]]},"properties":{"cell":"8944d164d9bffff","res":9,"coarsened":false,"count":1,"hv":1,"mp":0,"y0":2024,"y1":2024,"sp":[[106,1,1,0,2024,2024]]}},{"type":"Feature","geometry":{"type":"Polygon","coordinates":[[[-80.86073,33.81582],[-80.85933,33.81701],[-80.85982,33.81876],[-80.86171,33.81931],[-80.86311,33.81813],[-80.86262,33.81638],[-80.86073,33.81582]]]},"properties":{"cell":"8944d164d8bffff","res":9,"coarsened":false,"count":3,"hv":3,"mp":0,"y0":2024,"y1":2025,"sp":[[73,1,1,0,2024,2024],[30,1,1,0,2024,2024],[43,1,1,0,2025,2025]]}},{"type":"Feature","geometry":{"type":"Polygon","coordinates":[[[-80.86221,33.82106],[-80.86081,33.82225],[-80.8613,33.824],[-80.8632,33.82456],[-80.86459,33.82337],[-80.8641,33.82162],[-80.86221,33.82106]]]},"properties":{"cell":"8944d164d17ffff","res":9,"coarsened":false,"count":1,"hv":1,"mp":0,"y0":2024,"y1":2024,"sp":[[9,1,1,0,2024,2024]]}},{"type":"Feature","geometry":{"type":"Polygon","coordinates":[[[-80.73391,33.79593],[-80.73251,33.79712],[-80.733,33.79886],[-80.73489,33.79942],[-80.73629,33.79824],[-80.7358,33.79649],[-80.73391,33.79593]]]},"properties":{"cell":"8944d16536fffff","res":9,"coarsened":false,"count":2,"hv":2,"mp":0,"y0":2024,"y1":2024,"sp":[[21,2,2,0,2024,2024]]}},{"type":"Feature","geometry":{"type":"Polygon","coordinates":[[[-80.73063,33.79656],[-80.72923,33.79775],[-80.72972,33.79949],[-80.73161,33.80005],[-80.733,33.79886],[-80.73251,33.79712],[-80.73063,33.79656]]]},"properties":{"cell":"8944d16edd3ffff","res":9,"coarsened":false,"count":1,"hv":1,"mp":0,"y0":2024,"y1":2024,"sp":[[72,1,1,0,2024,2024]]}},{"type":"Feature","geometry":{"type":"Polygon","coordinates":[[[-80.7578,33.7886],[-80.7564,33.78979],[-80.75689,33.79154],[-80.75878,33.79209],[-80.76018,33.79091],[-80.75969,33.78916],[-80.7578,33.7886]]]},"properties":{"cell":"8944d165163ffff","res":9,"coarsened":false,"count":1,"hv":1,"mp":0,"y0":2016,"y1":2016,"sp":[[41,1,1,0,2016,2016]]}},{"type":"Feature","geometry":{"type":"Polygon","coordinates":[[[-80.74648,33.78525],[-80.74508,33.78644],[-80.74557,33.78818],[-80.74746,33.78874],[-80.74885,33.78755],[-80.74836,33.78581],[-80.74648,33.78525]]]},"properties":{"cell":"8944d1653bbffff","res":9,"coarsened":false,"count":2,"hv":2,"mp":0,"y0":2024,"y1":2025,"sp":[[6,1,1,0,2024,2024],[14,1,1,0,2025,2025]]}},{"type":"Feature","geometry":{"type":"Polygon","coordinates":[[[-80.61845,33.76005],[-80.61705,33.76123],[-80.61754,33.76298],[-80.61943,33.76354],[-80.62082,33.76235],[-80.62033,33.76061],[-80.61845,33.76005]]]},"properties":{"cell":"8944d16f067ffff","res":9,"coarsened":false,"count":2,"hv":2,"mp":0,"y0":2024,"y1":2025,"sp":[[50,1,1,0,2024,2024],[122,1,1,0,2025,2025]]}},{"type":"Feature","geometry":{"type":"Polygon","coordinates":[[[-80.62173,33.75942],[-80.62033,33.76061],[-80.62082,33.76235],[-80.6227,33.76291],[-80.6241,33.76173],[-80.62361,33.75998],[-80.62173,33.75942]]]},"properties":{"cell":"8944d16f02bffff","res":9,"coarsened":false,"count":3,"hv":3,"mp":0,"y0":2024,"y1":2025,"sp":[[11,1,1,0,2024,2024],[62,1,1,0,2024,2024],[58,1,1,0,2025,2025]]}},{"type":"Feature","geometry":{"type":"Polygon","coordinates":[[[-80.62263,33.75649],[-80.62124,33.75768],[-80.62173,33.75942],[-80.62361,33.75998],[-80.625,33.7588],[-80.62452,33.75705],[-80.62263,33.75649]]]},"properties":{"cell":"8944d16f03bffff","res":9,"coarsened":false,"count":1,"hv":1,"mp":0,"y0":2024,"y1":2024,"sp":[[72,1,1,0,2024,2024]]}},{"type":"Feature","geometry":{"type":"Polygon","coordinates":[[[-80.61517,33.76067],[-80.61378,33.76186],[-80.61427,33.7636],[-80.61615,33.76416],[-80.61754,33.76298],[-80.61705,33.76123],[-80.61517,33.76067]]]},"properties":{"cell":"8944d16f06fffff","res":9,"coarsened":false,"count":1,"hv":1,"mp":0,"y0":2024,"y1":2024,"sp":[[90,1,1,0,2024,2024]]}},{"type":"Feature","geometry":{"type":"Polygon","coordinates":[[[-80.7381,33.79237],[-80.7367,33.79356],[-80.73719,33.7953],[-80.73908,33.79586],[-80.74048,33.79468],[-80.73999,33.79293],[-80.7381,33.79237]]]},"properties":{"cell":"8944d165377ffff","res":9,"coarsened":false,"count":2,"hv":2,"mp":0,"y0":2024,"y1":2024,"sp":[[1,1,1,0,2024,2024],[48,1,1,0,2024,2024]]}},{"type":"Feature","geometry":{"type":"Polygon","coordinates":[[[-80.82464,33.79236],[-80.82325,33.79355],[-80.82374,33.7953],[-80.82563,33.79585],[-80.82703,33.79466],[-80.82653,33.79292],[-80.82464,33.79236]]]},"properties":{"cell":"8944d16410fffff","res":9,"coarsened":false,"count":1,"hv":1,"mp":0,"y0":2024,"y1":2024,"sp":[[48,1,1,0,2024,2024]]}},{"type":"Feature","geometry":{"type":"Polygon","coordinates":[[[-80.75984,33.80201],[-80.75845,33.8032],[-80.75894,33.80495],[-80.76082,33.8055],[-80.76222,33.80432],[-80.76173,33.80257],[-80.75984,33.80201]]]},"properties":{"cell":"8944d165e17ffff","res":9,"coarsened":false,"count":3,"hv":3,"mp":0,"y0":2024,"y1":2025,"sp":[[17,1,1,0,2024,2024],[23,1,1,0,2025,2025],[94,1,1,0,2025,2025]]}},{"type":"Feature","geometry":{"type":"Polygon","coordinates":[[[-80.74704,33.79342],[-80.74565,33.79461],[-80.74614,33.79635],[-80.74803,33.79691],[-80.74942,33.79573],[-80.74893,33.79398],[-80.74704,33.79342]]]},"properties":{"cell":"8944d165337ffff","res":9,"coarsened":false,"count":4,"hv":4,"mp":0,"y0":2024,"y1":2025,"sp":[[2,1,1,0,2024,2024],[3,1,1,0,2025,2025],[1,1,1,0,2025,2025],[12,1,1,0,2025,2025]]}},{"type":"Feature","geometry":{"type":"Polygon","coordinates":[[[-80.6407,33.77786],[-80.6393,33.77905],[-80.63979,33.78079],[-80.64168,33.78135],[-80.64307,33.78017],[-80.64258,33.77842],[-80.6407,33.77786]]]},"properties":{"cell":"8944d16f12fffff","res":9,"coarsened":false,"count":2,"hv":2,"mp":0,"y0":2024,"y1":2026,"sp":[[43,1,1,0,2024,2024],[0,1,1,0,2026,2026]]}},{"type":"Feature","geometry":{"type":"Polygon","coordinates":[[[-80.65019,33.78709],[-80.64879,33.78827],[-80.64928,33.79002],[-80.65117,33.79058],[-80.65256,33.78939],[-80.65207,33.78765],[-80.65019,33.78709]]]},"properties":{"cell":"8944d16c473ffff","res":9,"coarsened":false,"count":1,"hv":1,"mp":0,"y0":2024,"y1":2024,"sp":[[0,1,1,0,2024,2024]]}},{"type":"Feature","geometry":{"type":"Polygon","coordinates":[[[-80.81388,33.79719],[-80.81248,33.79837],[-80.81298,33.80012],[-80.81487,33.80068],[-80.81626,33.79949],[-80.81577,33.79774],[-80.81388,33.79719]]]},"properties":{"cell":"8944d1643a7ffff","res":9,"coarsened":false,"count":2,"hv":2,"mp":0,"y0":2024,"y1":2025,"sp":[[88,1,1,0,2024,2024],[11,1,1,0,2025,2025]]}},{"type":"Feature","geometry":{"type":"Polygon","coordinates":[[[-80.76346,33.79028],[-80.76207,33.79147],[-80.76256,33.79321],[-80.76444,33.79377],[-80.76584,33.79258],[-80.76535,33.79084],[-80.76346,33.79028]]]},"properties":{"cell":"8944d16512bffff","res":9,"coarsened":false,"count":1,"hv":1,"mp":0,"y0":2024,"y1":2024,"sp":[[29,1,1,0,2024,2024]]}},{"type":"Feature","geometry":{"type":"Polygon","coordinates":[[[-80.75951,33.81312],[-80.75811,33.8143],[-80.7586,33.81605],[-80.76049,33.81661],[-80.76189,33.81542],[-80.76139,33.81368],[-80.75951,33.81312]]]},"properties":{"cell":"8944d165e2fffff","res":9,"coarsened":false,"count":2,"hv":2,"mp":0,"y0":2025,"y1":2026,"sp":[[83,1,1,0,2025,2025],[50,1,1,0,2026,2026]]}},{"type":"Feature","geometry":{"type":"Polygon","coordinates":[[[-80.63086,33.77974],[-80.62947,33.78092],[-80.62996,33.78267],[-80.63184,33.78323],[-80.63323,33.78204],[-80.63275,33.7803],[-80.63086,33.77974]]]},"properties":{"cell":"8944d16c6d7ffff","res":9,"coarsened":false,"count":4,"hv":4,"mp":0,"y0":2025,"y1":2026,"sp":[[58,1,1,0,2025,2025],[0,1,1,0,2025,2025],[2,1,1,0,2025,2025],[121,1,1,0,2026,2026]]}},{"type":"Feature","geometry":{"type":"Polygon","coordinates":[[[-80.64139,33.75567],[-80.64,33.75685],[-80.64049,33.7586],[-80.64237,33.75916],[-80.64377,33.75797],[-80.64328,33.75623],[-80.64139,33.75567]]]},"properties":{"cell":"8944d16f567ffff","res":9,"coarsened":false,"count":2,"hv":2,"mp":0,"y0":2025,"y1":2025,"sp":[[14,1,1,0,2025,2025],[72,1,1,0,2025,2025]]}},{"type":"Feature","geometry":{"type":"Polygon","coordinates":[[[-80.84519,33.81604],[-80.84379,33.81723],[-80.84429,33.81897],[-80.84618,33.81953],[-80.84757,33.81834],[-80.84708,33.8166],[-80.84519,33.81604]]]},"properties":{"cell":"8944d164c2fffff","res":9,"coarsened":false,"count":2,"hv":2,"mp":0,"y0":2025,"y1":2025,"sp":[[92,1,1,0,2025,2025],[37,1,1,0,2025,2025]]}},{"type":"Feature","geometry":{"type":"Polygon","coordinates":[[[-80.84848,33.81541],[-80.84708,33.8166],[-80.84757,33.81834],[-80.84946,33.8189],[-80.85086,33.81771],[-80.85037,33.81597],[-80.84848,33.81541]]]},"properties":{"cell":"8944d164c27ffff","res":9,"coarsened":false,"count":1,"hv":1,"mp":0,"y0":2025,"y1":2025,"sp":[[76,1,1,0,2025,2025]]}},{"type":"Feature","geometry":{"type":"Polygon","coordinates":[[[-80.72055,33.77917],[-80.71916,33.78035],[-80.71965,33.7821],[-80.72153,33.78266],[-80.72293,33.78147],[-80.72244,33.77973],[-80.72055,33.77917]]]},"properties":{"cell":"8944d165267ffff","res":9,"coarsened":false,"count":2,"hv":2,"mp":0,"y0":2025,"y1":2026,"sp":[[90,1,1,0,2025,2025],[50,1,1,0,2026,2026]]}},{"type":"Feature","geometry":{"type":"Polygon","coordinates":[[[-80.83113,33.8215],[-80.82974,33.82268],[-80.83023,33.82443],[-80.83212,33.82499],[-80.83352,33.8238],[-80.83302,33.82205],[-80.83113,33.8215]]]},"properties":{"cell":"8944d1648cfffff","res":9,"coarsened":false,"count":1,"hv":1,"mp":0,"y0":2025,"y1":2025,"sp":[[56,1,1,0,2025,2025]]}},{"type":"Feature","geometry":{"type":"Polygon","coordinates":[[[-80.84552,33.80493],[-80.84412,33.80612],[-80.84461,33.80786],[-80.8465,33.80842],[-80.8479,33.80723],[-80.84741,33.80549],[-80.84552,33.80493]]]},"properties":{"cell":"8944d164c17ffff","res":9,"coarsened":false,"count":1,"hv":1,"mp":0,"y0":2025,"y1":2025,"sp":[[50,1,1,0,2025,2025]]}},{"type":"Feature","geometry":{"type":"Polygon","coordinates":[[[-80.83829,33.82841],[-80.83689,33.8296],[-80.83738,33.83134],[-80.83927,33.8319],[-80.84067,33.83072],[-80.84018,33.82897],[-80.83829,33.82841]]]},"properties":{"cell":"8944d164807ffff","res":9,"coarsened":false,"count":1,"hv":1,"mp":0,"y0":2025,"y1":2025,"sp":[[89,1,1,0,2025,2025]]}},{"type":"Feature","geometry":{"type":"Polygon","coordinates":[[[-80.74942,33.79573],[-80.74803,33.79691],[-80.74852,33.79866],[-80.7504,33.79922],[-80.7518,33.79803],[-80.75131,33.79628],[-80.74942,33.79573]]]},"properties":{"cell":"8944d165ecbffff","res":9,"coarsened":false,"count":1,"hv":1,"mp":0,"y0":2025,"y1":2025,"sp":[[41,1,1,0,2025,2025]]}},{"type":"Feature","geometry":{"type":"Polygon","coordinates":[[[-80.74285,33.79698],[-80.74146,33.79817],[-80.74195,33.79991],[-80.74384,33.80047],[-80.74523,33.79929],[-80.74474,33.79754],[-80.74285,33.79698]]]},"properties":{"cell":"8944d16532fffff","res":9,"coarsened":false,"count":1,"hv":1,"mp":0,"y0":2025,"y1":2025,"sp":[[41,1,1,0,2025,2025]]}},{"type":"Feature","geometry":{"type":"Polygon","coordinates":[[[-80.85473,33.82526],[-80.85333,33.82645],[-80.85382,33.82819],[-80.85572,33.82875],[-80.85711,33.82756],[-80.85662,33.82582],[-80.85473,33.82526]]]},"properties":{"cell":"8944d164d73ffff","res":9,"coarsened":false,"count":2,"hv":2,"mp":0,"y0":2025,"y1":2025,"sp":[[50,2,2,0,2025,2025]]}},{"type":"Feature","geometry":{"type":"Polygon","coordinates":[[[-80.85382,33.82819],[-80.85243,33.82938],[-80.85292,33.83113],[-80.85481,33.83169],[-80.85621,33.8305],[-80.85572,33.82875],[-80.85382,33.82819]]]},"properties":{"cell":"8944d164d63ffff","res":9,"coarsened":false,"count":1,"hv":1,"mp":0,"y0":2025,"y1":2025,"sp":[[89,1,1,0,2025,2025]]}},{"type":"Feature","geometry":{"type":"Polygon","coordinates":[[[-80.85596,33.81121],[-80.85456,33.8124],[-80.85505,33.81415],[-80.85694,33.81471],[-80.85834,33.81352],[-80.85785,33.81177],[-80.85596,33.81121]]]},"properties":{"cell":"8944d164dd3ffff","res":9,"coarsened":false,"count":1,"hv":1,"mp":0,"y0":2025,"y1":2025,"sp":[[76,1,1,0,2025,2025]]}},{"type":"Feature","geometry":{"type":"Polygon","coordinates":[[[-80.85325,33.82002],[-80.85185,33.82121],[-80.85234,33.82295],[-80.85423,33.82351],[-80.85563,33.82232],[-80.85514,33.82058],[-80.85325,33.82002]]]},"properties":{"cell":"8944d164d57ffff","res":9,"coarsened":false,"count":1,"hv":1,"mp":0,"y0":2025,"y1":2025,"sp":[[50,1,1,0,2025,2025]]}},{"type":"Feature","geometry":{"type":"Polygon","coordinates":[[[-80.85177,33.81478],[-80.85037,33.81597],[-80.85086,33.81771],[-80.85275,33.81827],[-80.85415,33.81708],[-80.85366,33.81534],[-80.85177,33.81478]]]},"properties":{"cell":"8944d164dcbffff","res":9,"coarsened":false,"count":1,"hv":1,"mp":0,"y0":2025,"y1":2025,"sp":[[114,1,1,0,2025,2025]]}},{"type":"Feature","geometry":{"type":"Polygon","coordinates":[[[-80.8604,33.82693],[-80.859,33.82812],[-80.8595,33.82987],[-80.86139,33.83043],[-80.86279,33.82924],[-80.86229,33.82749],[-80.8604,33.82693]]]},"properties":{"cell":"8944d164d3bffff","res":9,"coarsened":false,"count":1,"hv":1,"mp":0,"y0":2025,"y1":2025,"sp":[[64,1,1,0,2025,2025]]}},{"type":"Feature","geometry":{"type":"Polygon","coordinates":[[[-80.80074,33.7997],[-80.79934,33.80089],[-80.79983,33.80264],[-80.80172,33.8032],[-80.80312,33.80201],[-80.80263,33.80026],[-80.80074,33.7997]]]},"properties":{"cell":"8944d164377ffff","res":9,"coarsened":false,"count":1,"hv":1,"mp":0,"y0":2025,"y1":2025,"sp":[[1,1,1,0,2025,2025]]}},{"type":"Feature","geometry":{"type":"Polygon","coordinates":[[[-80.71852,33.76576],[-80.71712,33.76695],[-80.71761,33.76869],[-80.7195,33.76925],[-80.72089,33.76806],[-80.7204,33.76632],[-80.71852,33.76576]]]},"properties":{"cell":"8944d1652cfffff","res":9,"coarsened":false,"count":1,"hv":1,"mp":0,"y0":2025,"y1":2025,"sp":[[17,1,1,0,2025,2025]]}},{"type":"Feature","geometry":{"type":"Polygon","coordinates":[[[-80.73278,33.77959],[-80.73138,33.78078],[-80.73187,33.78252],[-80.73376,33.78308],[-80.73515,33.78189],[-80.73466,33.78015],[-80.73278,33.77959]]]},"properties":{"cell":"8944d1653cbffff","res":9,"coarsened":false,"count":1,"hv":1,"mp":0,"y0":2004,"y1":2004,"sp":[[17,1,1,0,2004,2004]]}},{"type":"Feature","geometry":{"type":"Polygon","coordinates":[[[-80.79812,33.77812],[-80.79672,33.77931],[-80.79721,33.78105],[-80.7991,33.78161],[-80.8005,33.78042],[-80.8,33.77868],[-80.79812,33.77812]]]},"properties":{"cell":"8944d1642b7ffff","res":9,"coarsened":false,"count":1,"hv":1,"mp":0,"y0":2025,"y1":2025,"sp":[[89,1,1,0,2025,2025]]}},{"type":"Feature","geometry":{"type":"Polygon","coordinates":[[[-80.7826,33.77833],[-80.7812,33.77952],[-80.78169,33.78127],[-80.78358,33.78182],[-80.78498,33.78064],[-80.78449,33.77889],[-80.7826,33.77833]]]},"properties":{"cell":"8944d16420bffff","res":9,"coarsened":false,"count":1,"hv":1,"mp":0,"y0":2025,"y1":2025,"sp":[[94,1,1,0,2025,2025]]}},{"type":"Feature","geometry":{"type":"Polygon","coordinates":[[[-80.74557,33.78818],[-80.74417,33.78937],[-80.74467,33.79112],[-80.74655,33.79167],[-80.74795,33.79049],[-80.74746,33.78874],[-80.74557,33.78818]]]},"properties":{"cell":"8944d1653abffff","res":9,"coarsened":false,"count":3,"hv":3,"mp":0,"y0":2024,"y1":2026,"sp":[[46,1,1,0,2025,2025],[21,1,1,0,2026,2026],[31,1,1,0,2024,2024]]}},{"type":"Feature","geometry":{"type":"Polygon","coordinates":[[[-80.63191,33.74645],[-80.63051,33.74763],[-80.631,33.74938],[-80.63289,33.74994],[-80.63428,33.74875],[-80.63379,33.74701],[-80.63191,33.74645]]]},"properties":{"cell":"8944d16f54bffff","res":9,"coarsened":false,"count":1,"hv":1,"mp":0,"y0":2025,"y1":2025,"sp":[[72,1,1,0,2025,2025]]}},{"type":"Feature","geometry":{"type":"Polygon","coordinates":[[[-80.65235,33.77013],[-80.65095,33.77131],[-80.65144,33.77306],[-80.65333,33.77362],[-80.65472,33.77243],[-80.65423,33.77069],[-80.65235,33.77013]]]},"properties":{"cell":"8944d16e26bffff","res":9,"coarsened":false,"count":1,"hv":1,"mp":0,"y0":2025,"y1":2025,"sp":[[26,1,1,0,2025,2025]]}},{"type":"Feature","geometry":{"type":"Polygon","coordinates":[[[-80.81051,33.82821],[-80.80911,33.82939],[-80.8096,33.83114],[-80.81149,33.8317],[-80.81289,33.83051],[-80.8124,33.82877],[-80.81051,33.82821]]]},"properties":{"cell":"8944d164a1bffff","res":9,"coarsened":false,"count":1,"hv":1,"mp":0,"y0":2025,"y1":2025,"sp":[[50,1,1,0,2025,2025]]}},{"type":"Feature","geometry":{"type":"Polygon","coordinates":[[[-80.83385,33.81269],[-80.83245,33.81388],[-80.83294,33.81563],[-80.83483,33.81618],[-80.83623,33.81499],[-80.83574,33.81325],[-80.83385,33.81269]]]},"properties":{"cell":"8944d164c6bffff","res":9,"coarsened":false,"count":5,"hv":5,"mp":0,"y0":2025,"y1":2026,"sp":[[1,2,2,0,2025,2026],[2,1,1,0,2025,2025],[56,1,1,0,2025,2025],[46,1,1,0,2025,2025]]}},{"type":"Feature","geometry":{"type":"Polygon","coordinates":[[[-80.74976,33.78462],[-80.74836,33.78581],[-80.74885,33.78755],[-80.75074,33.78811],[-80.75214,33.78693],[-80.75165,33.78518],[-80.74976,33.78462]]]},"properties":{"cell":"8944d1653b3ffff","res":9,"coarsened":false,"count":1,"hv":1,"mp":0,"y0":2025,"y1":2025,"sp":[[46,1,1,0,2025,2025]]}},{"type":"Feature","geometry":{"type":"Polygon","coordinates":[[[-80.82694,33.82506],[-80.82555,33.82625],[-80.82604,33.82799],[-80.82793,33.82855],[-80.82933,33.82736],[-80.82883,33.82562],[-80.82694,33.82506]]]},"properties":{"cell":"8944d164843ffff","res":9,"coarsened":false,"count":3,"hv":3,"mp":0,"y0":2011,"y1":2025,"sp":[[15,1,1,0,2025,2025],[1,1,1,0,2011,2011],[2,1,1,0,2025,2025]]}},{"type":"Feature","geometry":{"type":"Polygon","coordinates":[[[-80.71987,33.80137],[-80.71848,33.80256],[-80.71897,33.80431],[-80.72085,33.80486],[-80.72225,33.80368],[-80.72176,33.80193],[-80.71987,33.80137]]]},"properties":{"cell":"8944d16ec2fffff","res":9,"coarsened":false,"count":2,"hv":2,"mp":0,"y0":2025,"y1":2025,"sp":[[50,2,2,0,2025,2025]]}},{"type":"Feature","geometry":{"type":"Polygon","coordinates":[[[-80.72225,33.80368],[-80.72085,33.80486],[-80.72134,33.80661],[-80.72323,33.80717],[-80.72463,33.80598],[-80.72414,33.80424],[-80.72225,33.80368]]]},"properties":{"cell":"8944d16ed5bffff","res":9,"coarsened":false,"count":1,"hv":1,"mp":0,"y0":2025,"y1":2025,"sp":[[50,1,1,0,2025,2025]]}},{"type":"Feature","geometry":{"type":"Polygon","coordinates":[[[-80.66128,33.77118],[-80.65988,33.77237],[-80.66037,33.77411],[-80.66226,33.77467],[-80.66365,33.77348],[-80.66316,33.77174],[-80.66128,33.77118]]]},"properties":{"cell":"8944d16e22bffff","res":9,"coarsened":false,"count":1,"hv":1,"mp":0,"y0":2025,"y1":2025,"sp":[[72,1,1,0,2025,2025]]}},{"type":"Feature","geometry":{"type":"Polygon","coordinates":[[[-80.67259,33.77454],[-80.67119,33.77572],[-80.67168,33.77747],[-80.67356,33.77803],[-80.67496,33.77684],[-80.67447,33.7751],[-80.67259,33.77454]]]},"properties":{"cell":"8944d16e3cfffff","res":9,"coarsened":false,"count":2,"hv":2,"mp":0,"y0":2025,"y1":2025,"sp":[[70,1,1,0,2025,2025],[27,1,1,0,2025,2025]]}},{"type":"Feature","geometry":{"type":"Polygon","coordinates":[[[-80.6684,33.7781],[-80.667,33.77928],[-80.66749,33.78103],[-80.66938,33.78159],[-80.67077,33.7804],[-80.67028,33.77865],[-80.6684,33.7781]]]},"properties":{"cell":"8944d16e343ffff","res":9,"coarsened":false,"count":1,"hv":1,"mp":0,"y0":2025,"y1":2025,"sp":[[70,1,1,0,2025,2025]]}},{"type":"Feature","geometry":{"type":"Polygon","coordinates":[[[-80.80731,33.79845],[-80.80591,33.79963],[-80.8064,33.80138],[-80.80829,33.80194],[-80.80969,33.80075],[-80.8092,33.799],[-80.80731,33.79845]]]},"properties":{"cell":"8944d164333ffff","res":9,"coarsened":false,"count":1,"hv":1,"mp":0,"y0":2025,"y1":2025,"sp":[[10,1,1,0,2025,2025]]}},{"type":"Feature","geometry":{"type":"Polygon","coordinates":[[[-80.80155,33.82716],[-80.80015,33.82835],[-80.80065,33.83009],[-80.80254,33.83065],[-80.80393,33.82946],[-80.80344,33.82772],[-80.80155,33.82716]]]},"properties":{"cell":"8944d164a5bffff","res":9,"coarsened":false,"count":1,"hv":1,"mp":0,"y0":2025,"y1":2025,"sp":[[16,1,1,0,2025,2025]]}},{"type":"Feature","geometry":{"type":"Polygon","coordinates":[[[-80.81955,33.79886],[-80.81815,33.80005],[-80.81865,33.8018],[-80.82054,33.80235],[-80.82193,33.80117],[-80.82144,33.79942],[-80.81955,33.79886]]]},"properties":{"cell":"8944d16416fffff","res":9,"coarsened":false,"count":1,"hv":1,"mp":0,"y0":2025,"y1":2025,"sp":[[50,1,1,0,2025,2025]]}},{"type":"Feature","geometry":{"type":"Polygon","coordinates":[[[-80.69668,33.78649],[-80.69528,33.78768],[-80.69577,33.78942],[-80.69766,33.78998],[-80.69905,33.7888],[-80.69856,33.78705],[-80.69668,33.78649]]]},"properties":{"cell":"8944d16ee9bffff","res":9,"coarsened":false,"count":1,"hv":1,"mp":0,"y0":2025,"y1":2025,"sp":[[21,1,1,0,2025,2025]]}},{"type":"Feature","geometry":{"type":"Polygon","coordinates":[[[-80.70108,33.8022],[-80.69969,33.80339],[-80.70018,33.80513],[-80.70206,33.80569],[-80.70346,33.80451],[-80.70297,33.80276],[-80.70108,33.8022]]]},"properties":{"cell":"8944d16ee37ffff","res":9,"coarsened":false,"count":1,"hv":1,"mp":0,"y0":2025,"y1":2025,"sp":[[13,1,1,0,2025,2025]]}},{"type":"Feature","geometry":{"type":"Polygon","coordinates":[[[-80.70346,33.80451],[-80.70206,33.80569],[-80.70255,33.80744],[-80.70444,33.808],[-80.70584,33.80681],[-80.70535,33.80507],[-80.70346,33.80451]]]},"properties":{"cell":"8944d16e8cbffff","res":9,"coarsened":false,"count":2,"hv":2,"mp":0,"y0":2025,"y1":2026,"sp":[[50,2,2,0,2025,2026]]}},{"type":"Feature","geometry":{"type":"Polygon","coordinates":[[[-80.85628,33.8001],[-80.85489,33.80129],[-80.85538,33.80303],[-80.85727,33.80359],[-80.85867,33.8024],[-80.85817,33.80066],[-80.85628,33.8001]]]},"properties":{"cell":"8944d166b43ffff","res":9,"coarsened":false,"count":2,"hv":2,"mp":0,"y0":2025,"y1":2025,"sp":[[15,1,1,0,2025,2025],[0,1,1,0,2025,2025]]}},{"type":"Feature","geometry":{"type":"Polygon","coordinates":[[[-80.67168,33.77747],[-80.67028,33.77865],[-80.67077,33.7804],[-80.67266,33.78096],[-80.67405,33.77977],[-80.67356,33.77803],[-80.67168,33.77747]]]},"properties":{"cell":"8944d16e357ffff","res":9,"coarsened":false,"count":1,"hv":1,"mp":0,"y0":2025,"y1":2025,"sp":[[98,1,1,0,2025,2025]]}},{"type":"Feature","geometry":{"type":"Polygon","coordinates":[[[-80.66693,33.77286],[-80.66554,33.77404],[-80.66603,33.77579],[-80.66791,33.77635],[-80.66931,33.77516],[-80.66882,33.77342],[-80.66693,33.77286]]]},"properties":{"cell":"8944d16e227ffff","res":9,"coarsened":false,"count":2,"hv":2,"mp":0,"y0":2025,"y1":2025,"sp":[[50,1,1,0,2025,2025],[15,1,1,0,2025,2025]]}},{"type":"Feature","geometry":{"type":"Polygon","coordinates":[[[-80.80607,33.81249],[-80.80468,33.81368],[-80.80517,33.81542],[-80.80706,33.81598],[-80.80846,33.81479],[-80.80796,33.81305],[-80.80607,33.81249]]]},"properties":{"cell":"8944d165db3ffff","res":9,"coarsened":false,"count":1,"hv":1,"mp":0,"y0":2025,"y1":2025,"sp":[[9,1,1,0,2025,2025]]}},{"type":"Feature","geometry":{"type":"Polygon","coordinates":[[[-80.79588,33.82548],[-80.79449,33.82667],[-80.79498,33.82842],[-80.79687,33.82898],[-80.79826,33.82779],[-80.79777,33.82604],[-80.79588,33.82548]]]},"properties":{"cell":"8944d165993ffff","res":9,"coarsened":false,"count":1,"hv":1,"mp":0,"y0":2025,"y1":2025,"sp":[[46,1,1,0,2025,2025]]}},{"type":"Feature","geometry":{"type":"Polygon","coordinates":[[[-80.6128,33.75837],[-80.61141,33.75955],[-80.61189,33.7613],[-80.61378,33.76186],[-80.61517,33.76067],[-80.61468,33.75893],[-80.6128,33.75837]]]},"properties":{"cell":"8944d16f06bffff","res":9,"coarsened":false,"count":1,"hv":1,"mp":0,"y0":2025,"y1":2025,"sp":[[24,1,1,0,2025,2025]]}},{"type":"Feature","geometry":{"type":"Polygon","coordinates":[[[-80.62682,33.75293],[-80.62542,33.75412],[-80.62591,33.75587],[-80.62779,33.75643],[-80.62919,33.75524],[-80.6287,33.75349],[-80.62682,33.75293]]]},"properties":{"cell":"8944d16f0abffff","res":9,"coarsened":false,"count":1,"hv":1,"mp":0,"y0":2025,"y1":2025,"sp":[[2,1,1,0,2025,2025]]}},{"type":"Feature","geometry":{"type":"Polygon","coordinates":[[[-80.62919,33.75524],[-80.62779,33.75643],[-80.62828,33.75817],[-80.63017,33.75873],[-80.63156,33.75755],[-80.63107,33.7558],[-80.62919,33.75524]]]},"properties":{"cell":"8944d16f0afffff","res":9,"coarsened":false,"count":1,"hv":1,"mp":0,"y0":2025,"y1":2025,"sp":[[34,1,1,0,2025,2025]]}},{"type":"Feature","geometry":{"type":"Polygon","coordinates":[[[-80.631,33.74938],[-80.62961,33.75056],[-80.6301,33.75231],[-80.63198,33.75287],[-80.63337,33.75168],[-80.63289,33.74994],[-80.631,33.74938]]]},"properties":{"cell":"8944d16f0b3ffff","res":9,"coarsened":false,"count":2,"hv":2,"mp":0,"y0":2025,"y1":2025,"sp":[[98,1,1,0,2025,2025],[89,1,1,0,2025,2025]]}},{"type":"Feature","geometry":{"type":"Polygon","coordinates":[[[-80.76494,33.79552],[-80.76354,33.7967],[-80.76403,33.79845],[-80.76592,33.79901],[-80.76732,33.79782],[-80.76682,33.79608],[-80.76494,33.79552]]]},"properties":{"cell":"8944d165e97ffff","res":9,"coarsened":false,"count":1,"hv":1,"mp":0,"y0":2025,"y1":2025,"sp":[[21,1,1,0,2025,2025]]}},{"type":"Feature","geometry":{"type":"Polygon","coordinates":[[[-80.75927,33.79384],[-80.75788,33.79503],[-80.75837,33.79677],[-80.76026,33.79733],[-80.76165,33.79615],[-80.76116,33.7944],[-80.75927,33.79384]]]},"properties":{"cell":"8944d165e9bffff","res":9,"coarsened":false,"count":1,"hv":1,"mp":0,"y0":2025,"y1":2025,"sp":[[50,1,1,0,2025,2025]]}},{"type":"Feature","geometry":{"type":"Polygon","coordinates":[[[-80.7706,33.79719],[-80.7692,33.79838],[-80.7697,33.80013],[-80.77158,33.80069],[-80.77298,33.7995],[-80.77249,33.79775],[-80.7706,33.79719]]]},"properties":{"cell":"8944d165c43ffff","res":9,"coarsened":false,"count":1,"hv":1,"mp":0,"y0":2025,"y1":2025,"sp":[[41,1,1,0,2025,2025]]}},{"type":"Feature","geometry":{"type":"Polygon","coordinates":[[[-80.82341,33.80641],[-80.82201,33.80759],[-80.82251,33.80934],[-80.8244,33.8099],[-80.82579,33.80871],[-80.8253,33.80696],[-80.82341,33.80641]]]},"properties":{"cell":"8944d164e8fffff","res":9,"coarsened":false,"count":1,"hv":1,"mp":0,"y0":2025,"y1":2025,"sp":[[108,1,1,0,2025,2025]]}},{"type":"Feature","geometry":{"type":"Polygon","coordinates":[[[-80.83089,33.80221],[-80.82949,33.8034],[-80.82998,33.80515],[-80.83187,33.8057],[-80.83327,33.80451],[-80.83278,33.80277],[-80.83089,33.80221]]]},"properties":{"cell":"8944d164c5bffff","res":9,"coarsened":false,"count":2,"hv":2,"mp":0,"y0":2025,"y1":2025,"sp":[[50,2,2,0,2025,2025]]}},{"type":"Feature","geometry":{"type":"Polygon","coordinates":[[[-80.83508,33.79864],[-80.83368,33.79983],[-80.83418,33.80158],[-80.83607,33.80214],[-80.83746,33.80095],[-80.83697,33.7992],[-80.83508,33.79864]]]},"properties":{"cell":"8944d164ccbffff","res":9,"coarsened":false,"count":1,"hv":1,"mp":0,"y0":2025,"y1":2025,"sp":[[50,1,1,0,2025,2025]]}},{"type":"Feature","geometry":{"type":"Polygon","coordinates":[[[-80.7175,33.79907],[-80.7161,33.80025],[-80.71659,33.802],[-80.71848,33.80256],[-80.71987,33.80137],[-80.71938,33.79963],[-80.7175,33.79907]]]},"properties":{"cell":"8944d16ec2bffff","res":9,"coarsened":false,"count":1,"hv":1,"mp":0,"y0":2025,"y1":2025,"sp":[[90,1,1,0,2025,2025]]}},{"type":"Feature","geometry":{"type":"Polygon","coordinates":[[[-80.80936,33.81186],[-80.80796,33.81305],[-80.80846,33.81479],[-80.81034,33.81535],[-80.81174,33.81416],[-80.81125,33.81242],[-80.80936,33.81186]]]},"properties":{"cell":"8944d164e4fffff","res":9,"coarsened":false,"count":1,"hv":1,"mp":0,"y0":2025,"y1":2025,"sp":[[5,1,1,0,2025,2025]]}},{"type":"Feature","geometry":{"type":"Polygon","coordinates":[[[-80.81322,33.8194],[-80.81182,33.82059],[-80.81232,33.82234],[-80.81421,33.8229],[-80.8156,33.82171],[-80.81511,33.81996],[-80.81322,33.8194]]]},"properties":{"cell":"8944d164e6fffff","res":9,"coarsened":false,"count":1,"hv":1,"mp":0,"y0":2025,"y1":2025,"sp":[[48,1,1,0,2025,2025]]}},{"type":"Feature","geometry":{"type":"Polygon","coordinates":[[[-80.80846,33.81479],[-80.80706,33.81598],[-80.80755,33.81773],[-80.80944,33.81829],[-80.81084,33.8171],[-80.81034,33.81535],[-80.80846,33.81479]]]},"properties":{"cell":"8944d165db7ffff","res":9,"coarsened":false,"count":1,"hv":1,"mp":0,"y0":2025,"y1":2025,"sp":[[45,1,1,0,2025,2025]]}},{"type":"Feature","geometry":{"type":"Polygon","coordinates":[[[-80.62758,33.78036],[-80.62619,33.78155],[-80.62668,33.78329],[-80.62856,33.78385],[-80.62996,33.78267],[-80.62947,33.78092],[-80.62758,33.78036]]]},"properties":{"cell":"8944d16c6c3ffff","res":9,"coarsened":false,"count":1,"hv":1,"mp":0,"y0":2025,"y1":2025,"sp":[[4,1,1,0,2025,2025]]}},{"type":"Feature","geometry":{"type":"Polygon","coordinates":[[[-80.64126,33.78603],[-80.63986,33.78721],[-80.64035,33.78896],[-80.64223,33.78952],[-80.64363,33.78834],[-80.64314,33.78659],[-80.64126,33.78603]]]},"properties":{"cell":"8944d16c6b3ffff","res":9,"coarsened":false,"count":1,"hv":1,"mp":0,"y0":2025,"y1":2025,"sp":[[89,1,1,0,2025,2025]]}},{"type":"Feature","geometry":{"type":"Polygon","coordinates":[[[-80.80221,33.80494],[-80.80082,33.80613],[-80.80131,33.80788],[-80.8032,33.80844],[-80.8046,33.80725],[-80.8041,33.8055],[-80.80221,33.80494]]]},"properties":{"cell":"8944d165d93ffff","res":9,"coarsened":false,"count":1,"hv":1,"mp":0,"y0":2025,"y1":2025,"sp":[[90,1,1,0,2025,2025]]}},{"type":"Feature","geometry":{"type":"Polygon","coordinates":[[[-80.77422,33.78546],[-80.77282,33.78665],[-80.77331,33.78839],[-80.7752,33.78895],[-80.7766,33.78776],[-80.77611,33.78602],[-80.77422,33.78546]]]},"properties":{"cell":"8944d1651a7ffff","res":9,"coarsened":false,"count":2,"hv":2,"mp":0,"y0":2025,"y1":2025,"sp":[[14,1,1,0,2025,2025],[50,1,1,0,2025,2025]]}},{"type":"Feature","geometry":{"type":"Polygon","coordinates":[[[-80.75475,33.80851],[-80.75335,33.80969],[-80.75384,33.81144],[-80.75573,33.812],[-80.75713,33.81081],[-80.75664,33.80907],[-80.75475,33.80851]]]},"properties":{"cell":"8944d165e77ffff","res":9,"coarsened":false,"count":1,"hv":1,"mp":0,"y0":2025,"y1":2025,"sp":[[66,1,1,0,2025,2025]]}},{"type":"Feature","geometry":{"type":"Polygon","coordinates":[[[-80.75837,33.79677],[-80.75697,33.79796],[-80.75746,33.79971],[-80.75935,33.80027],[-80.76075,33.79908],[-80.76026,33.79733],[-80.75837,33.79677]]]},"properties":{"cell":"8944d165e8bffff","res":9,"coarsened":false,"count":1,"hv":1,"mp":0,"y0":2025,"y1":2025,"sp":[[90,1,1,0,2025,2025]]}},{"type":"Feature","geometry":{"type":"Polygon","coordinates":[[[-80.76132,33.80725],[-80.75992,33.80844],[-80.76041,33.81018],[-80.7623,33.81074],[-80.7637,33.80956],[-80.7632,33.80781],[-80.76132,33.80725]]]},"properties":{"cell":"8944d165e33ffff","res":9,"coarsened":false,"count":1,"hv":1,"mp":0,"y0":2025,"y1":2025,"sp":[[94,1,1,0,2025,2025]]}},{"type":"Feature","geometry":{"type":"Polygon","coordinates":[[[-80.78545,33.8192],[-80.78406,33.82038],[-80.78455,33.82213],[-80.78644,33.82269],[-80.78783,33.8215],[-80.78734,33.81976],[-80.78545,33.8192]]]},"properties":{"cell":"8944d1658b7ffff","res":9,"coarsened":false,"count":1,"hv":1,"mp":0,"y0":2026,"y1":2026,"sp":[[87,1,1,0,2026,2026]]}},{"type":"Feature","geometry":{"type":"Polygon","coordinates":[[[-80.80903,33.82297],[-80.80763,33.82416],[-80.80812,33.8259],[-80.81001,33.82646],[-80.81141,33.82527],[-80.81092,33.82353],[-80.80903,33.82297]]]},"properties":{"cell":"8944d164ac3ffff","res":9,"coarsened":false,"count":1,"hv":1,"mp":0,"y0":2026,"y1":2026,"sp":[[50,1,1,0,2026,2026]]}},{"type":"Feature","geometry":{"type":"Polygon","coordinates":[[[-80.80812,33.8259],[-80.80673,33.82709],[-80.80722,33.82884],[-80.80911,33.82939],[-80.81051,33.82821],[-80.81001,33.82646],[-80.80812,33.8259]]]},"properties":{"cell":"8944d164acfffff","res":9,"coarsened":false,"count":2,"hv":2,"mp":0,"y0":2026,"y1":2026,"sp":[[89,1,1,0,2026,2026],[50,1,1,0,2026,2026]]}},{"type":"Feature","geometry":{"type":"Polygon","coordinates":[[[-80.78998,33.80453],[-80.78858,33.80571],[-80.78907,33.80746],[-80.79096,33.80802],[-80.79236,33.80683],[-80.79186,33.80509],[-80.78998,33.80453]]]},"properties":{"cell":"8944d165ddbffff","res":9,"coarsened":false,"count":1,"hv":1,"mp":0,"y0":2026,"y1":2026,"sp":[[43,1,1,0,2026,2026]]}},{"type":"Feature","geometry":{"type":"Polygon","coordinates":[[[-80.83261,33.82673],[-80.83122,33.82792],[-80.83171,33.82967],[-80.8336,33.83023],[-80.835,33.82904],[-80.8345,33.82729],[-80.83261,33.82673]]]},"properties":{"cell":"8944d16480bffff","res":9,"coarsened":false,"count":2,"hv":2,"mp":0,"y0":2026,"y1":2026,"sp":[[29,1,1,0,2026,2026],[14,1,1,0,2026,2026]]}},{"type":"Feature","geometry":{"type":"Polygon","coordinates":[[[-80.83352,33.8238],[-80.83212,33.82499],[-80.83261,33.82673],[-80.8345,33.82729],[-80.8359,33.82611],[-80.83541,33.82436],[-80.83352,33.8238]]]},"properties":{"cell":"8944d16481bffff","res":9,"coarsened":false,"count":3,"hv":3,"mp":0,"y0":2024,"y1":2026,"sp":[[88,1,1,0,2026,2026],[12,1,1,0,2024,2024],[15,1,1,0,2024,2024]]}},{"type":"Feature","geometry":{"type":"Polygon","coordinates":[[[-80.82785,33.82212],[-80.82645,33.82331],[-80.82694,33.82506],[-80.82883,33.82562],[-80.83023,33.82443],[-80.82974,33.82268],[-80.82785,33.82212]]]},"properties":{"cell":"8944d164853ffff","res":9,"coarsened":false,"count":2,"hv":2,"mp":0,"y0":2024,"y1":2026,"sp":[[50,1,1,0,2026,2026],[10,1,1,0,2024,2024]]}},{"type":"Feature","geometry":{"type":"Polygon","coordinates":[[[-80.83023,33.82443],[-80.82883,33.82562],[-80.82933,33.82736],[-80.83122,33.82792],[-80.83261,33.82673],[-80.83212,33.82499],[-80.83023,33.82443]]]},"properties":{"cell":"8944d164857ffff","res":9,"coarsened":false,"count":1,"hv":1,"mp":0,"y0":2026,"y1":2026,"sp":[[50,1,1,0,2026,2026]]}},{"type":"Feature","geometry":{"type":"Polygon","coordinates":[[[-80.78555,33.78881],[-80.78415,33.79],[-80.78464,33.79174],[-80.78653,33.7923],[-80.78793,33.79111],[-80.78744,33.78937],[-80.78555,33.78881]]]},"properties":{"cell":"8944d165c93ffff","res":9,"coarsened":false,"count":1,"hv":1,"mp":0,"y0":2026,"y1":2026,"sp":[[58,1,1,0,2026,2026]]}},{"type":"Feature","geometry":{"type":"Polygon","coordinates":[[[-80.78736,33.78294],[-80.78596,33.78413],[-80.78645,33.78588],[-80.78834,33.78643],[-80.78974,33.78525],[-80.78925,33.7835],[-80.78736,33.78294]]]},"properties":{"cell":"8944d16423bffff","res":9,"coarsened":false,"count":2,"hv":2,"mp":0,"y0":2026,"y1":2026,"sp":[[58,1,1,0,2026,2026],[2,1,1,0,2026,2026]]}},{"type":"Feature","geometry":{"type":"Polygon","coordinates":[[[-80.79007,33.77414],[-80.78867,33.77533],[-80.78917,33.77707],[-80.79105,33.77763],[-80.79245,33.77644],[-80.79196,33.7747],[-80.79007,33.77414]]]},"properties":{"cell":"8944d16428fffff","res":9,"coarsened":false,"count":1,"hv":1,"mp":0,"y0":2026,"y1":2026,"sp":[[48,1,1,0,2026,2026]]}},{"type":"Feature","geometry":{"type":"Polygon","coordinates":[[[-80.82193,33.80117],[-80.82054,33.80235],[-80.82103,33.8041],[-80.82292,33.80466],[-80.82431,33.80347],[-80.82382,33.80172],[-80.82193,33.80117]]]},"properties":{"cell":"8944d164e9bffff","res":9,"coarsened":false,"count":1,"hv":1,"mp":0,"y0":2026,"y1":2026,"sp":[[70,1,1,0,2026,2026]]}},{"type":"Feature","geometry":{"type":"Polygon","coordinates":[[[-80.81479,33.79425],[-80.81339,33.79544],[-80.81388,33.79719],[-80.81577,33.79774],[-80.81717,33.79656],[-80.81667,33.79481],[-80.81479,33.79425]]]},"properties":{"cell":"8944d1643b7ffff","res":9,"coarsened":false,"count":1,"hv":1,"mp":0,"y0":2026,"y1":2026,"sp":[[89,1,1,0,2026,2026]]}},{"type":"Feature","geometry":{"type":"Polygon","coordinates":[[[-80.81865,33.8018],[-80.81725,33.80298],[-80.81774,33.80473],[-80.81963,33.80529],[-80.82103,33.8041],[-80.82054,33.80235],[-80.81865,33.8018]]]},"properties":{"cell":"8944d164ed7ffff","res":9,"coarsened":false,"count":1,"hv":1,"mp":0,"y0":2026,"y1":2026,"sp":[[50,1,1,0,2026,2026]]}},{"type":"Feature","geometry":{"type":"Polygon","coordinates":[[[-80.7935,33.82318],[-80.7921,33.82437],[-80.7926,33.82611],[-80.79449,33.82667],[-80.79588,33.82548],[-80.79539,33.82374],[-80.7935,33.82318]]]},"properties":{"cell":"8944d165d67ffff","res":9,"coarsened":false,"count":1,"hv":1,"mp":0,"y0":2026,"y1":2026,"sp":[[87,1,1,0,2026,2026]]}},{"type":"Feature","geometry":{"type":"Polygon","coordinates":[[[-80.76517,33.81479],[-80.76377,33.81598],[-80.76426,33.81773],[-80.76615,33.81829],[-80.76755,33.8171],[-80.76706,33.81535],[-80.76517,33.81479]]]},"properties":{"cell":"8944d165853ffff","res":9,"coarsened":false,"count":1,"hv":1,"mp":0,"y0":2026,"y1":2026,"sp":[[2,1,1,0,2026,2026]]}},{"type":"Feature","geometry":{"type":"Polygon","coordinates":[[[-80.72734,33.79719],[-80.72595,33.79837],[-80.72644,33.80012],[-80.72833,33.80068],[-80.72972,33.79949],[-80.72923,33.79775],[-80.72734,33.79719]]]},"properties":{"cell":"8944d16eddbffff","res":9,"coarsened":false,"count":1,"hv":1,"mp":0,"y0":2026,"y1":2026,"sp":[[50,1,1,0,2026,2026]]}},{"type":"Feature","geometry":{"type":"Polygon","coordinates":[[[-80.72531,33.78378],[-80.72391,33.78496],[-80.7244,33.78671],[-80.72629,33.78727],[-80.72768,33.78608],[-80.72719,33.78434],[-80.72531,33.78378]]]},"properties":{"cell":"8944d16ec97ffff","res":9,"coarsened":false,"count":1,"hv":1,"mp":0,"y0":2026,"y1":2026,"sp":[[55,1,1,0,2026,2026]]}},{"type":"Feature","geometry":{"type":"Polygon","coordinates":[[[-80.7244,33.78671],[-80.72301,33.7879],[-80.7235,33.78964],[-80.72538,33.7902],[-80.72678,33.78902],[-80.72629,33.78727],[-80.7244,33.78671]]]},"properties":{"cell":"8944d16ec87ffff","res":9,"coarsened":false,"count":2,"hv":2,"mp":0,"y0":2026,"y1":2026,"sp":[[50,2,2,0,2026,2026]]}},{"type":"Feature","geometry":{"type":"Polygon","coordinates":[[[-80.72678,33.78902],[-80.72538,33.7902],[-80.72587,33.79195],[-80.72776,33.79251],[-80.72916,33.79132],[-80.72866,33.78958],[-80.72678,33.78902]]]},"properties":{"cell":"8944d16ecb3ffff","res":9,"coarsened":false,"count":1,"hv":1,"mp":0,"y0":2026,"y1":2026,"sp":[[70,1,1,0,2026,2026]]}},{"type":"Feature","geometry":{"type":"Polygon","coordinates":[[[-80.72497,33.79488],[-80.72357,33.79607],[-80.72406,33.79781],[-80.72595,33.79837],[-80.72734,33.79719],[-80.72685,33.79544],[-80.72497,33.79488]]]},"properties":{"cell":"8944d16ecafffff","res":9,"coarsened":false,"count":1,"hv":1,"mp":0,"y0":2026,"y1":2026,"sp":[[50,1,1,0,2026,2026]]}},{"type":"Feature","geometry":{"type":"Polygon","coordinates":[[[-80.80707,33.77916],[-80.80567,33.78035],[-80.80616,33.7821],[-80.80805,33.78265],[-80.80945,33.78147],[-80.80896,33.77972],[-80.80707,33.77916]]]},"properties":{"cell":"8944d164077ffff","res":9,"coarsened":false,"count":1,"hv":1,"mp":0,"y0":2026,"y1":2026,"sp":[[70,1,1,0,2026,2026]]}},{"type":"Feature","geometry":{"type":"Polygon","coordinates":[[[-80.81512,33.78314],[-80.81372,33.78433],[-80.81421,33.78608],[-80.8161,33.78663],[-80.8175,33.78545],[-80.817,33.7837],[-80.81512,33.78314]]]},"properties":{"cell":"8944d164027ffff","res":9,"coarsened":false,"count":1,"hv":1,"mp":0,"y0":2026,"y1":2026,"sp":[[14,1,1,0,2026,2026]]}},{"type":"Feature","geometry":{"type":"Polygon","coordinates":[[[-80.68096,33.76742],[-80.67956,33.76861],[-80.68005,33.77035],[-80.68194,33.77091],[-80.68333,33.76973],[-80.68284,33.76798],[-80.68096,33.76742]]]},"properties":{"cell":"8944d16e067ffff","res":9,"coarsened":false,"count":1,"hv":1,"mp":0,"y0":2026,"y1":2026,"sp":[[15,1,1,0,2026,2026]]}},{"type":"Feature","geometry":{"type":"Polygon","coordinates":[[[-80.69171,33.76261],[-80.69031,33.7638],[-80.6908,33.76554],[-80.69268,33.7661],[-80.69408,33.76491],[-80.69359,33.76317],[-80.69171,33.76261]]]},"properties":{"cell":"8944d16e0afffff","res":9,"coarsened":false,"count":1,"hv":1,"mp":0,"y0":2026,"y1":2026,"sp":[[72,1,1,0,2026,2026]]}},{"type":"Feature","geometry":{"type":"Polygon","coordinates":[[[-80.68696,33.758],[-80.68556,33.75919],[-80.68605,33.76093],[-80.68794,33.76149],[-80.68933,33.7603],[-80.68884,33.75856],[-80.68696,33.758]]]},"properties":{"cell":"8944d16e017ffff","res":9,"coarsened":false,"count":1,"hv":1,"mp":0,"y0":2026,"y1":2026,"sp":[[4,1,1,0,2026,2026]]}},{"type":"Feature","geometry":{"type":"Polygon","coordinates":[[[-80.68277,33.76156],[-80.68138,33.76274],[-80.68186,33.76449],[-80.68375,33.76505],[-80.68515,33.76386],[-80.68466,33.76212],[-80.68277,33.76156]]]},"properties":{"cell":"8944d16e00fffff","res":9,"coarsened":false,"count":2,"hv":2,"mp":0,"y0":2026,"y1":2026,"sp":[[121,1,1,0,2026,2026],[62,1,1,0,2026,2026]]}},{"type":"Feature","geometry":{"type":"Polygon","coordinates":[[[-80.75542,33.7863],[-80.75402,33.78748],[-80.75452,33.78923],[-80.7564,33.78979],[-80.7578,33.7886],[-80.75731,33.78686],[-80.75542,33.7863]]]},"properties":{"cell":"8944d16517bffff","res":9,"coarsened":false,"count":1,"hv":1,"mp":0,"y0":2025,"y1":2025,"sp":[[17,1,1,0,2025,2025]]}},{"type":"Feature","geometry":{"type":"Polygon","coordinates":[[[-80.8124,33.79195],[-80.81101,33.79313],[-80.8115,33.79488],[-80.81339,33.79544],[-80.81479,33.79425],[-80.81429,33.7925],[-80.8124,33.79195]]]},"properties":{"cell":"8944d1643b3ffff","res":9,"coarsened":false,"count":1,"hv":1,"mp":0,"y0":2026,"y1":2026,"sp":[[50,1,1,0,2026,2026]]}},{"type":"Feature","geometry":{"type":"Polygon","coordinates":[[[-80.80493,33.79614],[-80.80353,33.79733],[-80.80402,33.79908],[-80.80591,33.79963],[-80.80731,33.79845],[-80.80682,33.7967],[-80.80493,33.79614]]]},"properties":{"cell":"8944d164307ffff","res":9,"coarsened":false,"count":1,"hv":1,"mp":0,"y0":2026,"y1":2026,"sp":[[50,1,1,0,2026,2026]]}},{"type":"Feature","geometry":{"type":"Polygon","coordinates":[[[-80.83804,33.80912],[-80.83664,33.81031],[-80.83713,33.81206],[-80.83902,33.81262],[-80.84042,33.81143],[-80.83993,33.80968],[-80.83804,33.80912]]]},"properties":{"cell":"8944d164c73ffff","res":9,"coarsened":false,"count":1,"hv":1,"mp":0,"y0":2026,"y1":2026,"sp":[[87,1,1,0,2026,2026]]}},{"type":"Feature","geometry":{"type":"Polygon","coordinates":[[[-80.83861,33.8173],[-80.83722,33.81849],[-80.83771,33.82023],[-80.8396,33.82079],[-80.841,33.8196],[-80.8405,33.81786],[-80.83861,33.8173]]]},"properties":{"cell":"8944d16489bffff","res":9,"coarsened":false,"count":1,"hv":1,"mp":0,"y0":2026,"y1":2026,"sp":[[66,1,1,0,2026,2026]]}},{"type":"Feature","geometry":{"type":"Polygon","coordinates":[[[-80.72372,33.80892],[-80.72233,33.8101],[-80.72282,33.81185],[-80.7247,33.81241],[-80.7261,33.81122],[-80.72561,33.80948],[-80.72372,33.80892]]]},"properties":{"cell":"8944d16ed4fffff","res":9,"coarsened":false,"count":1,"hv":1,"mp":0,"y0":2026,"y1":2026,"sp":[[109,1,1,0,2026,2026]]}},{"type":"Feature","geometry":{"type":"Polygon","coordinates":[[[-80.77117,33.80537],[-80.76977,33.80655],[-80.77026,33.8083],[-80.77215,33.80886],[-80.77355,33.80767],[-80.77306,33.80592],[-80.77117,33.80537]]]},"properties":{"cell":"8944d165c6bffff","res":9,"coarsened":false,"count":2,"hv":2,"mp":0,"y0":2026,"y1":2026,"sp":[[21,1,1,0,2026,2026],[2,1,1,0,2026,2026]]}},{"type":"Feature","geometry":{"type":"Polygon","coordinates":[[[-80.73606,33.77896],[-80.73466,33.78015],[-80.73515,33.78189],[-80.73704,33.78245],[-80.73844,33.78127],[-80.73795,33.77952],[-80.73606,33.77896]]]},"properties":{"cell":"8944d1653c3ffff","res":9,"coarsened":false,"count":1,"hv":1,"mp":0,"y0":2026,"y1":2026,"sp":[[70,1,1,0,2026,2026]]}},{"type":"Feature","geometry":{"type":"Polygon","coordinates":[[[-80.72236,33.7733],[-80.72097,33.77449],[-80.72146,33.77624],[-80.72334,33.77679],[-80.72474,33.77561],[-80.72425,33.77386],[-80.72236,33.7733]]]},"properties":{"cell":"8944d16520fffff","res":9,"coarsened":false,"count":1,"hv":1,"mp":0,"y0":2026,"y1":2026,"sp":[[1,1,1,0,2026,2026]]}},{"type":"Feature","geometry":{"type":"Polygon","coordinates":[[[-80.68186,33.76449],[-80.68047,33.76568],[-80.68096,33.76742],[-80.68284,33.76798],[-80.68424,33.76679],[-80.68375,33.76505],[-80.68186,33.76449]]]},"properties":{"cell":"8944d16e077ffff","res":9,"coarsened":false,"count":1,"hv":1,"mp":0,"y0":2026,"y1":2026,"sp":[[72,1,1,0,2026,2026]]}},{"type":"Feature","geometry":{"type":"Polygon","coordinates":[[[-80.8488,33.8043],[-80.84741,33.80549],[-80.8479,33.80723],[-80.84979,33.80779],[-80.85119,33.8066],[-80.8507,33.80485],[-80.8488,33.8043]]]},"properties":{"cell":"8944d164cbbffff","res":9,"coarsened":false,"count":1,"hv":1,"mp":0,"y0":2026,"y1":2026,"sp":[[43,1,1,0,2026,2026]]}},{"type":"Feature","geometry":{"type":"Polygon","coordinates":[[[-80.79269,33.79572],[-80.79129,33.79691],[-80.79179,33.79866],[-80.79367,33.79922],[-80.79507,33.79803],[-80.79458,33.79628],[-80.79269,33.79572]]]},"properties":{"cell":"8944d16434fffff","res":9,"coarsened":false,"count":1,"hv":1,"mp":0,"y0":2026,"y1":2026,"sp":[[13,1,1,0,2026,2026]]}},{"type":"Feature","geometry":{"type":"Polygon","coordinates":[[[-80.7954,33.78692],[-80.79401,33.78811],[-80.7945,33.78986],[-80.79639,33.79041],[-80.79778,33.78923],[-80.79729,33.78748],[-80.7954,33.78692]]]},"properties":{"cell":"8944d1643cbffff","res":9,"coarsened":false,"count":1,"hv":1,"mp":0,"y0":2026,"y1":2026,"sp":[[87,1,1,0,2026,2026]]}},{"type":"Feature","geometry":{"type":"Polygon","coordinates":[[[-80.86311,33.81813],[-80.86171,33.81931],[-80.86221,33.82106],[-80.8641,33.82162],[-80.8655,33.82043],[-80.865,33.81868],[-80.86311,33.81813]]]},"properties":{"cell":"8944d164d8fffff","res":9,"coarsened":false,"count":1,"hv":1,"mp":0,"y0":2026,"y1":2026,"sp":[[15,1,1,0,2026,2026]]}},{"type":"Feature","geometry":{"type":"Polygon","coordinates":[[[-80.76018,33.79091],[-80.75878,33.79209],[-80.75927,33.79384],[-80.76116,33.7944],[-80.76256,33.79321],[-80.76207,33.79147],[-80.76018,33.79091]]]},"properties":{"cell":"8944d165167ffff","res":9,"coarsened":false,"count":1,"hv":1,"mp":0,"y0":2026,"y1":2026,"sp":[[98,1,1,0,2026,2026]]}},{"type":"Feature","geometry":{"type":"Polygon","coordinates":[[[-80.76641,33.80076],[-80.76501,33.80194],[-80.76551,33.80369],[-80.76739,33.80425],[-80.76879,33.80306],[-80.7683,33.80131],[-80.76641,33.80076]]]},"properties":{"cell":"8944d165eb3ffff","res":9,"coarsened":false,"count":1,"hv":1,"mp":0,"y0":2026,"y1":2026,"sp":[[97,1,1,0,2026,2026]]}},{"type":"Feature","geometry":{"type":"Polygon","coordinates":[[[-80.80722,33.82884],[-80.80582,33.83002],[-80.80631,33.83177],[-80.8082,33.83233],[-80.8096,33.83114],[-80.80911,33.82939],[-80.80722,33.82884]]]},"properties":{"cell":"8944d164a57ffff","res":9,"coarsened":false,"count":1,"hv":1,"mp":0,"y0":2026,"y1":2026,"sp":[[131,1,1,0,2026,2026]]}},{"type":"Feature","geometry":{"type":"Polygon","coordinates":[[[-80.61154,33.77239],[-80.61015,33.77358],[-80.61064,33.77532],[-80.61252,33.77588],[-80.61391,33.7747],[-80.61343,33.77295],[-80.61154,33.77239]]]},"properties":{"cell":"8944d16f30bffff","res":9,"coarsened":false,"count":1,"hv":1,"mp":0,"y0":2026,"y1":2026,"sp":[[98,1,1,0,2026,2026]]}},{"type":"Feature","geometry":{"type":"Polygon","coordinates":[[[-80.61719,33.77407],[-80.6158,33.77526],[-80.61628,33.777],[-80.61817,33.77756],[-80.61956,33.77638],[-80.61907,33.77463],[-80.61719,33.77407]]]},"properties":{"cell":"8944d16f307ffff","res":9,"coarsened":false,"count":1,"hv":1,"mp":0,"y0":2026,"y1":2026,"sp":[[50,1,1,0,2026,2026]]}},{"type":"Feature","geometry":{"type":"Polygon","coordinates":[[[-80.76313,33.80138],[-80.76173,33.80257],[-80.76222,33.80432],[-80.76411,33.80488],[-80.76551,33.80369],[-80.76501,33.80194],[-80.76313,33.80138]]]},"properties":{"cell":"8944d165ebbffff","res":9,"coarsened":false,"count":1,"hv":1,"mp":0,"y0":2026,"y1":2026,"sp":[[50,1,1,0,2026,2026]]}},{"type":"Feature","geometry":{"type":"Polygon","coordinates":[[[-80.7646,33.80662],[-80.7632,33.80781],[-80.7637,33.80956],[-80.76558,33.81011],[-80.76698,33.80893],[-80.76649,33.80718],[-80.7646,33.80662]]]},"properties":{"cell":"8944d165eafffff","res":9,"coarsened":false,"count":1,"hv":1,"mp":0,"y0":2026,"y1":2026,"sp":[[21,1,1,0,2026,2026]]}},{"type":"Feature","geometry":{"type":"Polygon","coordinates":[[[-80.76913,33.79195],[-80.76773,33.79314],[-80.76822,33.79489],[-80.77011,33.79545],[-80.7715,33.79426],[-80.77101,33.79251],[-80.76913,33.79195]]]},"properties":{"cell":"8944d165127ffff","res":9,"coarsened":false,"count":1,"hv":1,"mp":0,"y0":2025,"y1":2025,"sp":[[148,1,1,0,2025,2025]]}},{"type":"Feature","geometry":{"type":"Polygon","coordinates":[[[-80.75508,33.7974],[-80.75369,33.79859],[-80.75418,33.80034],[-80.75607,33.80089],[-80.75746,33.79971],[-80.75697,33.79796],[-80.75508,33.7974]]]},"properties":{"cell":"8944d165ec7ffff","res":9,"coarsened":false,"count":1,"hv":1,"mp":0,"y0":2025,"y1":2025,"sp":[[7,1,1,0,2025,2025]]}},{"type":"Feature","geometry":{"type":"Polygon","coordinates":[[[-80.6347,33.78728],[-80.6333,33.78846],[-80.63379,33.79021],[-80.63568,33.79077],[-80.63707,33.78959],[-80.63658,33.78784],[-80.6347,33.78728]]]},"properties":{"cell":"8944d16c617ffff","res":9,"coarsened":false,"count":1,"hv":1,"mp":0,"y0":2024,"y1":2024,"sp":[[133,1,1,0,2024,2024]]}},{"type":"Feature","geometry":{"type":"Polygon","coordinates":[[[-80.80122,33.83827],[-80.79982,33.83945],[-80.80031,33.8412],[-80.8022,33.84176],[-80.8036,33.84057],[-80.80311,33.83883],[-80.80122,33.83827]]]},"properties":{"cell":"8944d1659a7ffff","res":9,"coarsened":false,"count":1,"hv":1,"mp":0,"y0":2024,"y1":2024,"sp":[[2,1,1,0,2024,2024]]}}],"park":"congaree","h3_res":9,"species_index":[{"n":"Vireo griseus","c":"White-eyed Vireo","k":"Aves"},{"n":"Dryocopus pileatus","c":"Pileated Woodpecker","k":"Aves"},{"n":"Strix varia","c":"Barred Owl","k":"Aves"},{"n":"Sphyrapicus varius","c":"Yellow-bellied Sapsucker","k":"Aves"},{"n":"Ardea herodias","c":"Great Blue Heron","k":"Aves"},{"n":"Sayornis phoebe","c":"Eastern Phoebe","k":"Aves"},{"n":"Buteo lineatus","c":"Red-shouldered Hawk","k":"Aves"},{"n":"Thryothorus ludovicianus","c":"Carolina Wren","k":"Aves"},{"n":"Baeolophus bicolor","c":"Tufted Titmouse","k":"Aves"},{"n":"Coccyzus americanus","c":"Yellow-billed Cuckoo","k":"Aves"},{"n":"Empidonax virescens","c":"Acadian Flycatcher","k":"Aves"},{"n":"Setophaga americana","c":"Northern Parula","k":"Aves"},{"n":"Polioptila caerulea","c":"Blue-gray Gnatcatcher","k":"Aves"},{"n":"Dasypus mexicanus","c":"Mexican Long-nosed Armadillo","k":"Mammalia"},{"n":"Catharus guttatus","c":"Hermit Thrush","k":"Aves"},{"n":"Protonotaria citrea","c":"Prothonotary Warbler","k":"Aves"},{"n":"Pipilo erythrophthalmus","c":"Eastern Towhee","k":"Aves"},{"n":"Odocoileus virginianus","c":"White-tailed Deer","k":"Mammalia"},{"n":"Piranga rubra","c":"Summer Tanager","k":"Aves"},{"n":"Contopus virens","c":"Eastern Wood-Pewee","k":"Aves"},{"n":"Passerina cyanea","c":"Indigo Bunting","k":"Aves"},{"n":"Eudocimus albus","c":"White Ibis","k":"Aves"},{"n":"Coragyps atratus","c":"Black Vulture","k":"Aves"},{"n":"Setophaga dominica","c":"Yellow-throated Warbler","k":"Aves"},{"n":"Ardea alba","c":"Great Egret","k":"Aves"},{"n":"Ictinia mississippiensis","c":"Mississippi Kite","k":"Aves"},{"n":"Pandion haliaetus","c":"Osprey","k":"Aves"},{"n":"Egretta thula","c":"Snowy Egret","k":"Aves"},{"n":"Anhinga anhinga","c":"Anhinga","k":"Aves"},{"n":"Melanerpes erythrocephalus","c":"Red-headed Woodpecker","k":"Aves"},{"n":"Meleagris gallopavo","c":"Wild Turkey","k":"Aves"},{"n":"Sialia sialis","c":"Eastern Bluebird","k":"Aves"},{"n":"Sitta carolinensis","c":"White-breasted Nuthatch","k":"Aves"},{"n":"Passerina caerulea","c":"Blue Grosbeak","k":"Aves"},{"n":"Butorides virescens","c":"Green Heron","k":"Aves"},{"n":"Bubo virginianus","c":"Great Horned Owl","k":"Aves"},{"n":"Chaetura pelagica","c":"Chimney Swift","k":"Aves"},{"n":"Setophaga pinus","c":"Pine Warbler","k":"Aves"},{"n":"Poecile carolinensis","c":"Carolina Chickadee","k":"Aves"},{"n":"Zenaida macroura","c":"Mourning Dove","k":"Aves"},{"n":"Myiarchus crinitus","c":"Great Crested Flycatcher","k":"Aves"},{"n":"Sciurus carolinensis","c":"Eastern Gray Squirrel","k":"Mammalia"},{"n":"Melanerpes carolinus","c":"Red-bellied Woodpecker","k":"Aves"},{"n":"Cardinalis cardinalis","c":"Northern Cardinal","k":"Aves"},{"n":"Turdus migratorius","c":"American Robin","k":"Aves"},{"n":"Corthylio calendula","c":"Ruby-crowned Kinglet","k":"Aves"},{"n":"Dryobates pubescens","c":"Downy Woodpecker","k":"Aves"},{"n":"Colaptes auratus","c":"Northern Flicker","k":"Aves"},{"n":"Troglodytes hiemalis","c":"Winter Wren","k":"Aves"},{"n":"Passerella iliaca","c":"Fox Sparrow","k":"Aves"},{"n":"Sus scrofa","c":"Wild Boar","k":"Mammalia"},{"n":"Tyrannus tyrannus","c":"Eastern Kingbird","k":"Aves"},{"n":"Leuconotopicus villosus","c":"Hairy Woodpecker","k":"Aves"},{"n":"Setophaga caerulescens","c":"Black-throated Blue Warbler","k":"Aves"},{"n":"Spizella passerina","c":"Chipping Sparrow","k":"Aves"},{"n":"Procyon lotor","c":"Common Raccoon","k":"Mammalia"},{"n":"Zonotrichia albicollis","c":"White-throated Sparrow","k":"Aves"},{"n":"Toxostoma rufum","c":"Brown Thrasher","k":"Aves"},{"n":"Mniotilta varia","c":"Black-and-white Warbler","k":"Aves"},{"n":"Corynorhinus rafinesquii","c":"Rafinesque's Big-eared Bat","k":"Mammalia"},{"n":"Hylocichla mustelina","c":"Wood Thrush","k":"Aves"},{"n":"Vireo olivaceus","c":"Red-eyed Vireo","k":"Aves"},{"n":"Setophaga citrina","c":"Hooded Warbler","k":"Aves"},{"n":"Haliaeetus leucocephalus","c":"Bald Eagle","k":"Aves"},{"n":"Melospiza melodia","c":"Song Sparrow","k":"Aves"},{"n":"Sitta pusilla","c":"Brown-headed Nuthatch","k":"Aves"},{"n":"Cathartes aura","c":"Turkey Vulture","k":"Aves"},{"n":"Botaurus lentiginosus","c":"American Bittern","k":"Aves"},{"n":"Petrochelidon pyrrhonota","c":"Cliff Swallow","k":"Aves"},{"n":"Egretta caerulea","c":"Little Blue Heron","k":"Aves"},{"n":"Nyctanassa violacea","c":"Yellow-crowned Night Heron","k":"Aves"},{"n":"Geothlypis formosa","c":"Kentucky Warbler","k":"Aves"},{"n":"Setophaga ruticilla","c":"American Redstart","k":"Aves"},{"n":"Catharus fuscescens","c":"Veery","k":"Aves"},{"n":"Agelaius phoeniceus","c":"Red-winged Blackbird","k":"Aves"},{"n":"Setophaga coronata","c":"Yellow-rumped Warbler","k":"Aves"},{"n":"Haemorhous purpureus","c":"Purple Finch","k":"Aves"},{"n":"Aquila chrysaetos","c":"Golden Eagle","k":"Aves"},{"n":"Megaceryle alcyon","c":"Belted Kingfisher","k":"Aves"},{"n":"Spinus pinus","c":"Pine Siskin","k":"Aves"},{"n":"Leiothlypis celata","c":"Orange-crowned Warbler","k":"Aves"},{"n":"Falco sparverius","c":"American Kestrel","k":"Aves"},{"n":"Euphagus carolinus","c":"Rusty Blackbird","k":"Aves"},{"n":"Troglodytes aedon","c":"Northern House Wren","k":"Aves"},{"n":"Sciurus niger","c":"Southern Fox Squirrel","k":"Mammalia"},{"n":"Nannopterum auritum","c":"Double-crested Cormorant","k":"Aves"},{"n":"Accipiter striatus","c":"Sharp-shinned Hawk","k":"Aves"},{"n":"Didelphis virginiana","c":"Virginia Opossum","k":"Mammalia"},{"n":"Vireo solitarius","c":"Blue-headed Vireo","k":"Aves"},{"n":"Aix sponsa","c":"Wood Duck","k":"Aves"},{"n":"Lontra canadensis","c":"North American River Otter","k":"Mammalia"},{"n":"Icterus galbula","c":"Baltimore Oriole","k":"Aves"},{"n":"Regulus satrapa","c":"Golden-crowned Kinglet","k":"Aves"},{"n":"Junco hyemalis","c":"Dark-eyed Junco","k":"Aves"},{"n":"Lophodytes cucullatus","c":"Hooded Merganser","k":"Aves"},{"n":"Spinus tristis","c":"American Goldfinch","k":"Aves"},{"n":"Podilymbus podiceps","c":"Pied-billed Grebe","k":"Aves"},{"n":"Castor canadensis","c":"American Beaver","k":"Mammalia"},{"n":"Parkesia motacilla","c":"Louisiana Waterthrush","k":"Aves"},{"n":"Parkesia noveboracensis","c":"Northern Waterthrush","k":"Aves"},{"n":"Dumetella carolinensis","c":"Gray Catbird","k":"Aves"},{"n":"Catharus ustulatus","c":"Swainson's Thrush","k":"Aves"},{"n":"Actitis macularius","c":"Spotted Sandpiper","k":"Aves"},{"n":"Buteo platypterus","c":"Broad-winged Hawk","k":"Aves"},{"n":"Archilochus colubris","c":"Ruby-throated Hummingbird","k":"Aves"},{"n":"Tringa solitaria","c":"Solitary Sandpiper","k":"Aves"},{"n":"Limnothlypis swainsonii","c":"Swainson's Warbler","k":"Aves"},{"n":"Ardea ibis","c":"Western Cattle-Egret","k":"Aves"},{"n":"Quiscalus quiscula","c":"Common Grackle","k":"Aves"},{"n":"Mycteria americana","c":"Wood Stork","k":"Aves"},{"n":"Sylvilagus floridanus","c":"Eastern Cottontail","k":"Mammalia"},{"n":"Egretta tricolor","c":"Tricolored Heron","k":"Aves"},{"n":"Helmitheros vermivorum","c":"Worm-eating Warbler","k":"Aves"},{"n":"Bombycilla cedrorum","c":"Cedar Waxwing","k":"Aves"},{"n":"Certhia americana","c":"Brown Creeper","k":"Aves"},{"n":"Mimus polyglottos","c":"Northern Mockingbird","k":"Aves"},{"n":"Setophaga discolor","c":"Prairie Warbler","k":"Aves"},{"n":"Vireo flavifrons","c":"Yellow-throated Vireo","k":"Aves"},{"n":"Aramus guarauna","c":"Limpkin","k":"Aves"},{"n":"Setophaga magnolia","c":"Magnolia Warbler","k":"Aves"},{"n":"Pheucticus ludovicianus","c":"Rose-breasted Grosbeak","k":"Aves"},{"n":"Seiurus aurocapilla","c":"Ovenbird","k":"Aves"},{"n":"Canis latrans","c":"Coyote","k":"Mammalia"},{"n":"Melospiza georgiana","c":"Swamp Sparrow","k":"Aves"},{"n":"Setophaga palmarum","c":"Palm Warbler","k":"Aves"},{"n":"Passerina ciris","c":"Painted Bunting","k":"Aves"},{"n":"Sigmodon hispidus","c":"Hispid Cotton Rat","k":"Mammalia"},{"n":"Piranga olivacea","c":"Scarlet Tanager","k":"Aves"},{"n":"Molothrus ater","c":"Brown-headed Cowbird","k":"Aves"},{"n":"Scolopax minor","c":"American Woodcock","k":"Aves"},{"n":"Charadrius vociferus","c":"Killdeer","k":"Aves"},{"n":"Geothlypis trichas","c":"Common Yellowthroat","k":"Aves"},{"n":"Catharus minimus","c":"Gray-cheeked Thrush","k":"Aves"},{"n":"Buteo jamaicensis","c":"Red-tailed Hawk","k":"Aves"},{"n":"Leiothlypis peregrina","c":"Tennessee Warbler","k":"Aves"},{"n":"Setophaga castanea","c":"Bay-breasted Warbler","k":"Aves"},{"n":"Setophaga pensylvanica","c":"Chestnut-sided Warbler","k":"Aves"},{"n":"Felis catus","c":"Domestic Cat","k":"Mammalia"},{"n":"Astur cooperii","c":"Cooper's Hawk","k":"Aves"},{"n":"Gallus gallus","c":"Domestic Chicken","k":"Aves"},{"n":"Capra hircus","c":"Domestic Goat","k":"Mammalia"},{"n":"Blarina carolinensis","c":"Southern Short-tailed Shrew","k":"Mammalia"},{"n":"Cyanocitta cristata","c":"Blue Jay","k":"Aves"},{"n":"Corvus brachyrhynchos","c":"American Crow","k":"Aves"},{"n":"Sylvilagus palustris","c":"Marsh Rabbit","k":"Mammalia"},{"n":"Colinus virginianus","c":"Northern Bobwhite","k":"Aves"},{"n":"Icteria virens","c":"Yellow-breasted Chat","k":"Aves"},{"n":"Icterus spurius","c":"Orchard Oriole","k":"Aves"},{"n":"Regulus calendula","c":"Ruby-crowned Kinglet","k":"Aves"}],"entry":["species_index","count","human_verified","model_predicted","first_year","last_year"],"suppressed":{"excluded":{},"coarsened":{"Haliaeetus leucocephalus":8}},"merged_names":{"Procyon lotor lotor":"Procyon lotor","Sciurus niger niger":"Sciurus niger","Didelphis virginiana virginiana":"Didelphis virginiana","Sus scrofa domesticus":"Sus scrofa","Setophaga coronata coronata":"Setophaga coronata","Gallus gallus domesticus":"Gallus gallus","Dasypus mexicanus mexicanus":"Dasypus mexicanus","Odocoileus virginianus virginianus":"Odocoileus virginianus","Pandion haliaetus carolinensis":"Pandion haliaetus"}}