{"type":"FeatureCollection","features":[{"type":"Feature","geometry":{"type":"Polygon","coordinates":[[[-155.16331,59.11332],[-155.21681,59.09502],[-155.21527,59.06473],[-155.16034,59.05275],[-155.10689,59.07101],[-155.10831,59.1013],[-155.16331,59.11332]]]},"properties":{"cell":"860cecd0fffffff","res":6,"coarsened":true,"count":1,"hv":1,"mp":0,"y0":1993,"y1":1993,"sp":[[0,1,1,0,1993,1993]]}},{"type":"Feature","geometry":{"type":"Polygon","coordinates":[[[-155.83212,58.57224],[-155.8843,58.55373],[-155.88205,58.52365],[-155.82775,58.51209],[-155.77562,58.53057],[-155.77775,58.56065],[-155.83212,58.57224]]]},"properties":{"cell":"860cec48fffffff","res":6,"coarsened":true,"count":625,"hv":625,"mp":0,"y0":2008,"y1":2026,"sp":[[0,592,592,0,2008,2026],[1,33,33,0,2011,2026]]}},{"type":"Feature","geometry":{"type":"Polygon","coordinates":[[[-155.77834,58.55352],[-155.78043,58.55215],[-155.77923,58.55068],[-155.77595,58.55059],[-155.77386,58.55196],[-155.77506,58.55342],[-155.77834,58.55352]]]},"properties":{"cell":"890cec48da3ffff","res":9,"coarsened":false,"count":99,"hv":99,"mp":0,"y0":2008,"y1":2026,"sp":[[3,16,16,0,2015,2026],[5,8,8,0,2009,2023],[19,7,7,0,2009,2024],[2,4,4,0,2008,2023],[4,4,4,0,2011,2023],[60,4,4,0,2009,2026],[10,4,4,0,2010,2015],[15,4,4,0,2025,2025],[6,3,3,0,2021,2022],[56,3,3,0,2010,2022],[23,2,2,0,2018,2025],[25,2,2,0,2014,2018],[39,2,2,0,2021,2021],[34,2,2,0,2021,2022],[31,2,2,0,2009,2013],[61,2,2,0,2009,2013],[65,2,2,0,2010,2011],[14,2,2,0,2011,2014],[21,2,2,0,2010,2013],[12,2,2,0,2013,2019],[18,1,1,0,2015,2015],[24,1,1,0,2018,2018],[27,1,1,0,2018,2018],[28,1,1,0,2018,2018],[29,1,1,0,2018,2018],[41,1,1,0,2021,2021],[17,1,1,0,2021,2021],[80,1,1,0,2013,2013],[51,1,1,0,2013,2013],[32,1,1,0,2013,2013],[58,1,1,0,2013,2013],[36,1,1,0,2014,2014],[9,1,1,0,2014,2014],[55,1,1,0,2014,2014],[26,1,1,0,2014,2014],[94,1,1,0,2015,2015],[30,1,1,0,2015,2015],[95,1,1,0,2015,2015],[33,1,1,0,2023,2023],[76,1,1,0,2024,2024],[49,1,1,0,2025,2025],[106,1,1,0,2010,2010]]}},{"type":"Feature","geometry":{"type":"Polygon","coordinates":[[[-155.79267,58.55537],[-155.79475,58.554],[-155.79356,58.55253],[-155.79027,58.55244],[-155.78819,58.55381],[-155.78938,58.55527],[-155.79267,58.55537]]]},"properties":{"cell":"890cec48d13ffff","res":9,"coarsened":false,"count":162,"hv":162,"mp":0,"y0":2010,"y1":2026,"sp":[[3,32,32,0,2010,2026],[34,28,28,0,2019,2026],[5,21,21,0,2010,2025],[35,12,12,0,2010,2025],[12,8,8,0,2018,2025],[17,6,6,0,2015,2024],[56,6,6,0,2021,2023],[4,5,5,0,2010,2024],[67,5,5,0,2011,2024],[6,3,3,0,2018,2022],[2,3,3,0,2011,2025],[27,2,2,0,2022,2025],[23,2,2,0,2022,2023],[96,2,2,0,2016,2024],[15,2,2,0,2023,2023],[64,2,2,0,2018,2024],[43,1,1,0,2021,2021],[52,1,1,0,2021,2021],[58,1,1,0,2021,2021],[21,1,1,0,2011,2011],[77,1,1,0,2022,2022],[81,1,1,0,2022,2022],[55,1,1,0,2022,2022],[79,1,1,0,2022,2022],[83,1,1,0,2022,2022],[42,1,1,0,2022,2022],[91,1,1,0,2014,2014],[14,1,1,0,2019,2019],[76,1,1,0,2023,2023],[69,1,1,0,2023,2023],[38,1,1,0,2023,2023],[33,1,1,0,2023,2023],[114,1,1,0,2024,2024],[60,1,1,0,2024,2024],[41,1,1,0,2025,2025],[80,1,1,0,2025,2025],[125,1,1,0,2025,2025],[61,1,1,0,2024,2024],[68,1,1,0,2020,2020]]}},{"type":"Feature","geometry":{"type":"Polygon","coordinates":[[[-155.79445,58.5497],[-155.79653,58.54833],[-155.79534,58.54687],[-155.79205,58.54677],[-155.78997,58.54814],[-155.79116,58.54961],[-155.79445,58.5497]]]},"properties":{"cell":"890cec48d0fffff","res":9,"coarsened":false,"count":6,"hv":6,"mp":0,"y0":2010,"y1":2025,"sp":[[4,1,1,0,2010,2010],[37,1,1,0,2018,2018],[43,1,1,0,2021,2021],[80,1,1,0,2022,2022],[5,1,1,0,2024,2024],[3,1,1,0,2025,2025]]}},{"type":"Feature","geometry":{"type":"Polygon","coordinates":[[[-154.65951,58.64285],[-154.71231,58.62485],[-154.71135,58.59481],[-154.65769,58.58277],[-154.60494,58.60074],[-154.60579,58.63078],[-154.65951,58.64285]]]},"properties":{"cell":"860cec047ffffff","res":6,"coarsened":true,"count":1,"hv":1,"mp":0,"y0":2015,"y1":2015,"sp":[[0,1,1,0,2015,2015]]}},{"type":"Feature","geometry":{"type":"Polygon","coordinates":[[[-154.12473,58.49139],[-154.17746,58.47365],[-154.17708,58.44372],[-154.12408,58.43152],[-154.0714,58.44922],[-154.07167,58.47915],[-154.12473,58.49139]]]},"properties":{"cell":"860cec36fffffff","res":6,"coarsened":true,"count":7,"hv":7,"mp":0,"y0":2008,"y1":2025,"sp":[[0,5,5,0,2008,2022],[1,2,2,0,2021,2025]]}},{"type":"Feature","geometry":{"type":"Polygon","coordinates":[[[-154.0714,58.44922],[-154.12408,58.43152],[-154.12376,58.40161],[-154.07087,58.3894],[-154.01826,58.40707],[-154.01847,58.43698],[-154.0714,58.44922]]]},"properties":{"cell":"860cedcb7ffffff","res":6,"coarsened":true,"count":69,"hv":69,"mp":0,"y0":2010,"y1":2026,"sp":[[0,57,57,0,2010,2026],[1,12,12,0,2019,2022]]}},{"type":"Feature","geometry":{"type":"Polygon","coordinates":[[[-156.45934,58.6748],[-156.46141,58.67342],[-156.46017,58.67196],[-156.45686,58.67188],[-156.45479,58.67326],[-156.45603,58.67472],[-156.45934,58.6748]]]},"properties":{"cell":"890cee9a9c7ffff","res":9,"coarsened":false,"count":2,"hv":2,"mp":0,"y0":2016,"y1":2017,"sp":[[6,1,1,0,2017,2017],[32,1,1,0,2016,2016]]}},{"type":"Feature","geometry":{"type":"Polygon","coordinates":[[[-155.78193,58.55791],[-155.78401,58.55654],[-155.78282,58.55508],[-155.77954,58.55498],[-155.77745,58.55635],[-155.77864,58.55781],[-155.78193,58.55791]]]},"properties":{"cell":"890cec48d87ffff","res":9,"coarsened":false,"count":40,"hv":40,"mp":0,"y0":2010,"y1":2026,"sp":[[7,5,5,0,2017,2026],[16,5,5,0,2015,2026],[38,4,4,0,2025,2026],[88,3,3,0,2013,2013],[14,2,2,0,2015,2026],[31,2,2,0,2010,2013],[15,2,2,0,2022,2022],[17,2,2,0,2014,2024],[4,2,2,0,2023,2025],[106,2,2,0,2023,2026],[8,1,1,0,2017,2017],[35,1,1,0,2018,2018],[55,1,1,0,2019,2019],[52,1,1,0,2011,2011],[20,1,1,0,2011,2011],[68,1,1,0,2011,2011],[53,1,1,0,2013,2013],[92,1,1,0,2014,2014],[28,1,1,0,2015,2015],[13,1,1,0,2023,2023],[71,1,1,0,2025,2025]]}},{"type":"Feature","geometry":{"type":"Polygon","coordinates":[[[-154.12752,58.35196],[-154.12966,58.35063],[-154.12857,58.34916],[-154.12534,58.34903],[-154.1232,58.35036],[-154.12429,58.35183],[-154.12752,58.35196]]]},"properties":{"cell":"890cedc9307ffff","res":9,"coarsened":false,"count":1,"hv":1,"mp":0,"y0":2017,"y1":2017,"sp":[[9,1,1,0,2017,2017]]}},{"type":"Feature","geometry":{"type":"Polygon","coordinates":[[[-154.09003,58.47851],[-154.09217,58.47718],[-154.09108,58.4757],[-154.08784,58.47557],[-154.08569,58.4769],[-154.08678,58.47837],[-154.09003,58.47851]]]},"properties":{"cell":"890cec36dd7ffff","res":9,"coarsened":false,"count":1,"hv":1,"mp":0,"y0":2017,"y1":2017,"sp":[[10,1,1,0,2017,2017]]}},{"type":"Feature","geometry":{"type":"Polygon","coordinates":[[[-154.17594,58.35399],[-154.22839,58.33626],[-154.22796,58.30638],[-154.17518,58.29425],[-154.12279,58.31195],[-154.12311,58.34182],[-154.17594,58.35399]]]},"properties":{"cell":"860cec26fffffff","res":6,"coarsened":true,"count":21,"hv":21,"mp":0,"y0":2010,"y1":2024,"sp":[[1,19,19,0,2010,2010],[0,2,2,0,2017,2024]]}},{"type":"Feature","geometry":{"type":"Polygon","coordinates":[[[-154.33313,58.30073],[-154.38542,58.28293],[-154.38482,58.25307],[-154.33204,58.24101],[-154.27981,58.25877],[-154.2803,58.28863],[-154.33313,58.30073]]]},"properties":{"cell":"860cec25fffffff","res":6,"coarsened":true,"count":12,"hv":12,"mp":0,"y0":2017,"y1":2024,"sp":[[1,10,10,0,2017,2017],[0,2,2,0,2022,2024]]}},{"type":"Feature","geometry":{"type":"Polygon","coordinates":[[[-154.2755,58.32397],[-154.27763,58.32264],[-154.27653,58.32117],[-154.27331,58.32104],[-154.27118,58.32237],[-154.27228,58.32384],[-154.2755,58.32397]]]},"properties":{"cell":"890cec2408fffff","res":9,"coarsened":false,"count":1,"hv":1,"mp":0,"y0":2017,"y1":2017,"sp":[[11,1,1,0,2017,2017]]}},{"type":"Feature","geometry":{"type":"Polygon","coordinates":[[[-154.38482,58.25307],[-154.437,58.23526],[-154.43634,58.20541],[-154.38362,58.19339],[-154.3315,58.21117],[-154.33204,58.24101],[-154.38482,58.25307]]]},"properties":{"cell":"860ced5b7ffffff","res":6,"coarsened":true,"count":3,"hv":3,"mp":0,"y0":2017,"y1":2026,"sp":[[1,2,2,0,2017,2026],[0,1,1,0,2026,2026]]}},{"type":"Feature","geometry":{"type":"Polygon","coordinates":[[[-154.26726,58.34639],[-154.26939,58.34506],[-154.26829,58.34359],[-154.26507,58.34346],[-154.26294,58.34479],[-154.26403,58.34626],[-154.26726,58.34639]]]},"properties":{"cell":"890cec24483ffff","res":9,"coarsened":false,"count":1,"hv":1,"mp":0,"y0":2017,"y1":2017,"sp":[[3,1,1,0,2017,2017]]}},{"type":"Feature","geometry":{"type":"Polygon","coordinates":[[[-154.36547,58.30629],[-154.3676,58.30496],[-154.36649,58.30349],[-154.36327,58.30336],[-154.36114,58.3047],[-154.36225,58.30616],[-154.36547,58.30629]]]},"properties":{"cell":"890cec251cfffff","res":9,"coarsened":false,"count":1,"hv":1,"mp":0,"y0":2017,"y1":2017,"sp":[[12,1,1,0,2017,2017]]}},{"type":"Feature","geometry":{"type":"Polygon","coordinates":[[[-155.03837,58.48113],[-155.04048,58.47977],[-155.03933,58.47831],[-155.03607,58.47819],[-155.03396,58.47955],[-155.03511,58.48101],[-155.03837,58.48113]]]},"properties":{"cell":"890cec72927ffff","res":9,"coarsened":false,"count":1,"hv":1,"mp":0,"y0":2017,"y1":2017,"sp":[[9,1,1,0,2017,2017]]}},{"type":"Feature","geometry":{"type":"Polygon","coordinates":[[[-155.78997,58.54814],[-155.79205,58.54677],[-155.79086,58.54531],[-155.78758,58.54521],[-155.78549,58.54658],[-155.78669,58.54804],[-155.78997,58.54814]]]},"properties":{"cell":"890cec48d3bffff","res":9,"coarsened":false,"count":7,"hv":7,"mp":0,"y0":2016,"y1":2023,"sp":[[38,3,3,0,2022,2023],[15,2,2,0,2019,2022],[13,1,1,0,2016,2016],[14,1,1,0,2022,2022]]}},{"type":"Feature","geometry":{"type":"Polygon","coordinates":[[[-155.77384,58.53624],[-155.77593,58.53487],[-155.77473,58.53341],[-155.77145,58.53331],[-155.76937,58.53468],[-155.77056,58.53614],[-155.77384,58.53624]]]},"properties":{"cell":"890cec4f27bffff","res":9,"coarsened":false,"count":1,"hv":1,"mp":0,"y0":2015,"y1":2015,"sp":[[15,1,1,0,2015,2015]]}},{"type":"Feature","geometry":{"type":"Polygon","coordinates":[[[-155.78371,58.55224],[-155.7858,58.55088],[-155.7846,58.54941],[-155.78132,58.54932],[-155.77923,58.55068],[-155.78043,58.55215],[-155.78371,58.55224]]]},"properties":{"cell":"890cec48dabffff","res":9,"coarsened":false,"count":29,"hv":29,"mp":0,"y0":2013,"y1":2026,"sp":[[38,7,7,0,2021,2026],[4,5,5,0,2015,2025],[15,5,5,0,2013,2026],[23,2,2,0,2022,2024],[26,1,1,0,2018,2018],[5,1,1,0,2021,2021],[34,1,1,0,2021,2021],[39,1,1,0,2021,2021],[81,1,1,0,2014,2014],[8,1,1,0,2019,2019],[41,1,1,0,2023,2023],[47,1,1,0,2024,2024],[27,1,1,0,2025,2025],[14,1,1,0,2025,2025]]}},{"type":"Feature","geometry":{"type":"Polygon","coordinates":[[[-155.77745,58.55635],[-155.77954,58.55498],[-155.77834,58.55352],[-155.77506,58.55342],[-155.77297,58.55479],[-155.77417,58.55625],[-155.77745,58.55635]]]},"properties":{"cell":"890cec48db3ffff","res":9,"coarsened":false,"count":46,"hv":46,"mp":0,"y0":2009,"y1":2026,"sp":[[5,6,6,0,2010,2024],[3,6,6,0,2011,2026],[7,4,4,0,2015,2024],[33,2,2,0,2015,2023],[42,2,2,0,2021,2024],[59,2,2,0,2009,2025],[60,2,2,0,2014,2024],[38,2,2,0,2024,2026],[20,1,1,0,2015,2015],[31,1,1,0,2015,2015],[15,1,1,0,2021,2021],[2,1,1,0,2010,2010],[28,1,1,0,2011,2011],[53,1,1,0,2011,2011],[23,1,1,0,2013,2013],[14,1,1,0,2013,2013],[82,1,1,0,2014,2014],[56,1,1,0,2014,2014],[67,1,1,0,2014,2014],[35,1,1,0,2014,2014],[32,1,1,0,2014,2014],[4,1,1,0,2014,2014],[26,1,1,0,2015,2015],[16,1,1,0,2023,2023],[43,1,1,0,2024,2024],[80,1,1,0,2024,2024],[6,1,1,0,2025,2025],[130,1,1,0,2011,2011]]}},{"type":"Feature","geometry":{"type":"Polygon","coordinates":[[[-155.78015,58.56357],[-155.78223,58.56221],[-155.78104,58.56074],[-155.77775,58.56065],[-155.77567,58.56201],[-155.77686,58.56348],[-155.78015,58.56357]]]},"properties":{"cell":"890cec4ab2fffff","res":9,"coarsened":false,"count":1,"hv":1,"mp":0,"y0":2015,"y1":2015,"sp":[[21,1,1,0,2015,2015]]}},{"type":"Feature","geometry":{"type":"Polygon","coordinates":[[[-155.84811,58.53697],[-155.85019,58.5356],[-155.849,58.53414],[-155.84571,58.53404],[-155.84363,58.53541],[-155.84483,58.53687],[-155.84811,58.53697]]]},"properties":{"cell":"890cec48ab7ffff","res":9,"coarsened":false,"count":1,"hv":1,"mp":0,"y0":2015,"y1":2015,"sp":[[22,1,1,0,2015,2015]]}},{"type":"Feature","geometry":{"type":"Polygon","coordinates":[[[-155.23423,58.38377],[-155.28631,58.36556],[-155.28473,58.3356],[-155.23118,58.32387],[-155.17916,58.34205],[-155.18063,58.372],[-155.23423,58.38377]]]},"properties":{"cell":"860cec607ffffff","res":6,"coarsened":true,"count":2,"hv":2,"mp":0,"y0":2012,"y1":2014,"sp":[[0,1,1,0,2014,2014],[1,1,1,0,2012,2012]]}},{"type":"Feature","geometry":{"type":"Polygon","coordinates":[[[-155.72552,58.57911],[-155.77775,58.56065],[-155.77562,58.53057],[-155.72137,58.51897],[-155.66919,58.53741],[-155.6712,58.56747],[-155.72552,58.57911]]]},"properties":{"cell":"860cec4f7ffffff","res":6,"coarsened":true,"count":33,"hv":33,"mp":0,"y0":2015,"y1":2025,"sp":[[0,21,21,0,2015,2025],[1,10,10,0,2025,2025],[177,2,2,0,null,null]]}},{"type":"Feature","geometry":{"type":"Polygon","coordinates":[[[-155.79804,58.55409],[-155.80012,58.55273],[-155.79893,58.55126],[-155.79564,58.55117],[-155.79356,58.55253],[-155.79475,58.554],[-155.79804,58.55409]]]},"properties":{"cell":"890cec48d1bffff","res":9,"coarsened":false,"count":2,"hv":2,"mp":0,"y0":2018,"y1":2018,"sp":[[26,1,1,0,2018,2018],[36,1,1,0,2018,2018]]}},{"type":"Feature","geometry":{"type":"Polygon","coordinates":[[[-155.78282,58.55508],[-155.7849,58.55371],[-155.78371,58.55224],[-155.78043,58.55215],[-155.77834,58.55352],[-155.77954,58.55498],[-155.78282,58.55508]]]},"properties":{"cell":"890cec48dbbffff","res":9,"coarsened":false,"count":44,"hv":44,"mp":0,"y0":2009,"y1":2026,"sp":[[3,17,17,0,2019,2026],[76,3,3,0,2022,2022],[60,3,3,0,2022,2024],[34,2,2,0,2009,2023],[6,2,2,0,2022,2022],[12,2,2,0,2022,2025],[25,1,1,0,2018,2018],[35,1,1,0,2009,2009],[57,1,1,0,2021,2021],[65,1,1,0,2022,2022],[82,1,1,0,2022,2022],[97,1,1,0,2016,2016],[5,1,1,0,2023,2023],[113,1,1,0,2024,2024],[17,1,1,0,2024,2024],[68,1,1,0,2024,2024],[18,1,1,0,2025,2025],[106,1,1,0,2025,2025],[19,1,1,0,2026,2026],[22,1,1,0,2026,2026],[2,1,1,0,2026,2026]]}},{"type":"Feature","geometry":{"type":"Polygon","coordinates":[[[-155.78819,58.55381],[-155.79027,58.55244],[-155.78908,58.55097],[-155.7858,58.55088],[-155.78371,58.55224],[-155.7849,58.55371],[-155.78819,58.55381]]]},"properties":{"cell":"890cec48d17ffff","res":9,"coarsened":false,"count":21,"hv":21,"mp":0,"y0":2011,"y1":2025,"sp":[[34,3,3,0,2022,2024],[38,3,3,0,2023,2025],[41,2,2,0,2011,2025],[6,2,2,0,2022,2022],[23,2,2,0,2024,2025],[27,1,1,0,2018,2018],[3,1,1,0,2022,2022],[103,1,1,0,2023,2023],[15,1,1,0,2023,2023],[5,1,1,0,2023,2023],[7,1,1,0,2017,2017],[51,1,1,0,2025,2025],[43,1,1,0,2025,2025],[14,1,1,0,2025,2025]]}},{"type":"Feature","geometry":{"type":"Polygon","coordinates":[[[-155.80704,58.57294],[-155.80912,58.57157],[-155.80793,58.57011],[-155.80464,58.57001],[-155.80255,58.57138],[-155.80375,58.57284],[-155.80704,58.57294]]]},"properties":{"cell":"890cec4ab5bffff","res":9,"coarsened":false,"count":1,"hv":1,"mp":0,"y0":2018,"y1":2018,"sp":[[10,1,1,0,2018,2018]]}},{"type":"Feature","geometry":{"type":"Polygon","coordinates":[[[-153.75279,59.09638],[-153.80685,59.07872],[-153.80687,59.04853],[-153.75295,59.036],[-153.69895,59.05362],[-153.69881,59.08381],[-153.75279,59.09638]]]},"properties":{"cell":"860c53407ffffff","res":6,"coarsened":true,"count":3,"hv":3,"mp":0,"y0":2016,"y1":2025,"sp":[[0,3,3,0,2016,2025]]}},{"type":"Feature","geometry":{"type":"Polygon","coordinates":[[[-153.71872,59.06748],[-153.72093,59.06614],[-153.71983,59.06465],[-153.71653,59.0645],[-153.71432,59.06584],[-153.71541,59.06733],[-153.71872,59.06748]]]},"properties":{"cell":"890c5340567ffff","res":9,"coarsened":false,"count":1,"hv":1,"mp":0,"y0":2016,"y1":2016,"sp":[[30,1,1,0,2016,2016]]}},{"type":"Feature","geometry":{"type":"Polygon","coordinates":[[[-154.94619,59.12568],[-154.99982,59.10748],[-154.99851,59.0772],[-154.9437,59.06512],[-154.89014,59.08329],[-154.89132,59.11357],[-154.94619,59.12568]]]},"properties":{"cell":"860cecd67ffffff","res":6,"coarsened":true,"count":1,"hv":1,"mp":0,"y0":2019,"y1":2019,"sp":[[0,1,1,0,2019,2019]]}},{"type":"Feature","geometry":{"type":"Polygon","coordinates":[[[-155.77656,58.55918],[-155.77864,58.55781],[-155.77745,58.55635],[-155.77417,58.55625],[-155.77208,58.55762],[-155.77327,58.55908],[-155.77656,58.55918]]]},"properties":{"cell":"890cec4f64bffff","res":9,"coarsened":false,"count":4,"hv":4,"mp":0,"y0":2014,"y1":2023,"sp":[[15,1,1,0,2019,2019],[32,1,1,0,2021,2021],[3,1,1,0,2014,2014],[13,1,1,0,2023,2023]]}},{"type":"Feature","geometry":{"type":"Polygon","coordinates":[[[-154.59238,58.15187],[-154.64429,58.13398],[-154.64341,58.10417],[-154.59074,58.09226],[-154.53889,58.11011],[-154.53966,58.13992],[-154.59238,58.15187]]]},"properties":{"cell":"860ce8947ffffff","res":6,"coarsened":true,"count":50,"hv":50,"mp":0,"y0":2019,"y1":2026,"sp":[[0,35,35,0,2019,2026],[1,15,15,0,2022,2025]]}},{"type":"Feature","geometry":{"type":"Polygon","coordinates":[[[-155.08588,58.61844],[-155.13846,58.60026],[-155.13703,58.5702],[-155.08313,58.55834],[-155.0306,58.57649],[-155.03192,58.60654],[-155.08588,58.61844]]]},"properties":{"cell":"860cec08fffffff","res":6,"coarsened":true,"count":15,"hv":15,"mp":0,"y0":2004,"y1":2025,"sp":[[0,11,11,0,2004,2025],[1,4,4,0,null,null]]}},{"type":"Feature","geometry":{"type":"Polygon","coordinates":[[[-155.56846,58.63439],[-155.62087,58.61598],[-155.61891,58.58589],[-155.56465,58.57421],[-155.5123,58.59258],[-155.51415,58.62267],[-155.56846,58.63439]]]},"properties":{"cell":"860cec40fffffff","res":6,"coarsened":true,"count":5,"hv":5,"mp":0,"y0":2005,"y1":2005,"sp":[[203,4,4,0,null,null],[0,1,1,0,2005,2005]]}},{"type":"Feature","geometry":{"type":"Polygon","coordinates":[[[-155.62245,59.02635],[-155.62458,59.02497],[-155.62337,59.0235],[-155.62003,59.02339],[-155.61791,59.02476],[-155.61911,59.02624],[-155.62245,59.02635]]]},"properties":{"cell":"890ce136ddbffff","res":9,"coarsened":false,"count":29,"hv":29,"mp":0,"y0":2009,"y1":2025,"sp":[[6,4,4,0,2022,2023],[78,4,4,0,2022,2023],[7,2,2,0,2016,2022],[31,2,2,0,2009,2023],[14,2,2,0,2022,2024],[17,2,2,0,2022,2024],[29,2,2,0,2023,2023],[108,2,2,0,2024,2024],[19,1,1,0,2022,2022],[80,1,1,0,2022,2022],[89,1,1,0,2023,2023],[47,1,1,0,2023,2023],[68,1,1,0,2024,2024],[111,1,1,0,2024,2024],[23,1,1,0,2024,2024],[84,1,1,0,2025,2025],[41,1,1,0,2025,2025]]}},{"type":"Feature","geometry":{"type":"Polygon","coordinates":[[[-155.43741,59.14281],[-155.49085,59.12439],[-155.489,59.09407],[-155.43382,59.08219],[-155.38043,59.10058],[-155.38217,59.13089],[-155.43741,59.14281]]]},"properties":{"cell":"860cecda7ffffff","res":6,"coarsened":true,"count":1,"hv":1,"mp":0,"y0":2011,"y1":2011,"sp":[[0,1,1,0,2011,2011]]}},{"type":"Feature","geometry":{"type":"Polygon","coordinates":[[[-155.00639,59.25908],[-155.06025,59.24083],[-155.05887,59.21049],[-155.00375,59.1984],[-154.94995,59.21662],[-154.95121,59.24695],[-155.00639,59.25908]]]},"properties":{"cell":"860c526f7ffffff","res":6,"coarsened":true,"count":7,"hv":7,"mp":0,"y0":2016,"y1":2026,"sp":[[0,6,6,0,2016,2026],[1,1,1,0,2025,2025]]}},{"type":"Feature","geometry":{"type":"Polygon","coordinates":[[[-155.56076,59.13817],[-155.5629,59.1368],[-155.56169,59.13532],[-155.55834,59.13521],[-155.5562,59.13658],[-155.55741,59.13806],[-155.56076,59.13817]]]},"properties":{"cell":"890ce1ae9abffff","res":9,"coarsened":false,"count":1,"hv":1,"mp":0,"y0":2013,"y1":2013,"sp":[[32,1,1,0,2013,2013]]}},{"type":"Feature","geometry":{"type":"Polygon","coordinates":[[[-155.6549,59.12962],[-155.70823,59.1111],[-155.70613,59.08078],[-155.65083,59.06898],[-155.59756,59.08747],[-155.59954,59.11779],[-155.6549,59.12962]]]},"properties":{"cell":"860ce1acfffffff","res":6,"coarsened":true,"count":2,"hv":2,"mp":0,"y0":2017,"y1":2017,"sp":[[0,1,1,0,2017,2017],[1,1,1,0,null,null]]}},{"type":"Feature","geometry":{"type":"Polygon","coordinates":[[[-155.79626,58.55976],[-155.79834,58.55839],[-155.79715,58.55693],[-155.79386,58.55683],[-155.79178,58.5582],[-155.79297,58.55966],[-155.79626,58.55976]]]},"properties":{"cell":"890cec48dd7ffff","res":9,"coarsened":false,"count":1,"hv":1,"mp":0,"y0":2018,"y1":2018,"sp":[[3,1,1,0,2018,2018]]}},{"type":"Feature","geometry":{"type":"Polygon","coordinates":[[[-155.78104,58.56074],[-155.78312,58.55937],[-155.78193,58.55791],[-155.77864,58.55781],[-155.77656,58.55918],[-155.77775,58.56065],[-155.78104,58.56074]]]},"properties":{"cell":"890cec48d97ffff","res":9,"coarsened":false,"count":8,"hv":8,"mp":0,"y0":2018,"y1":2025,"sp":[[39,2,2,0,null,null],[17,1,1,0,2018,2018],[4,1,1,0,2022,2022],[75,1,1,0,2023,2023],[71,1,1,0,2025,2025],[21,1,1,0,null,null],[5,1,1,0,null,null]]}},{"type":"Feature","geometry":{"type":"Polygon","coordinates":[[[-155.79448,58.56542],[-155.79657,58.56406],[-155.79537,58.56259],[-155.79208,58.5625],[-155.79,58.56386],[-155.79119,58.56533],[-155.79448,58.56542]]]},"properties":{"cell":"890cec4ab63ffff","res":9,"coarsened":false,"count":1,"hv":1,"mp":0,"y0":2018,"y1":2018,"sp":[[4,1,1,0,2018,2018]]}},{"type":"Feature","geometry":{"type":"Polygon","coordinates":[[[-154.97928,58.62468],[-155.03192,58.60654],[-155.0306,58.57649],[-154.97676,58.56458],[-154.92418,58.58269],[-154.92538,58.61274],[-154.97928,58.62468]]]},"properties":{"cell":"860cec0f7ffffff","res":6,"coarsened":true,"count":5,"hv":5,"mp":0,"y0":2015,"y1":2020,"sp":[[0,5,5,0,2015,2020]]}},{"type":"Feature","geometry":{"type":"Polygon","coordinates":[[[-155.03456,58.66669],[-155.08726,58.64852],[-155.08588,58.61844],[-155.03192,58.60654],[-154.97928,58.62468],[-154.98054,58.65475],[-155.03456,58.66669]]]},"properties":{"cell":"860cec0afffffff","res":6,"coarsened":true,"count":3,"hv":3,"mp":0,"y0":2019,"y1":2022,"sp":[[0,3,3,0,2019,2022]]}},{"type":"Feature","geometry":{"type":"Polygon","coordinates":[[[-156.01659,58.19814],[-156.068,58.17961],[-156.06558,58.1497],[-156.01188,58.13833],[-155.96053,58.15683],[-155.96283,58.18674],[-156.01659,58.19814]]]},"properties":{"cell":"860ceeac7ffffff","res":6,"coarsened":true,"count":1,"hv":1,"mp":0,"y0":2020,"y1":2020,"sp":[[0,1,1,0,2020,2020]]}},{"type":"Feature","geometry":{"type":"Polygon","coordinates":[[[-154.98307,58.71493],[-155.03588,58.69678],[-155.03456,58.66669],[-154.98054,58.65475],[-154.92779,58.67287],[-154.929,58.70296],[-154.98307,58.71493]]]},"properties":{"cell":"860cec017ffffff","res":6,"coarsened":true,"count":1,"hv":1,"mp":0,"y0":2019,"y1":2019,"sp":[[0,1,1,0,2019,2019]]}},{"type":"Feature","geometry":{"type":"Polygon","coordinates":[[[-156.51519,58.67185],[-156.51726,58.67046],[-156.51601,58.669],[-156.5127,58.66892],[-156.51064,58.6703],[-156.51188,58.67177],[-156.51519,58.67185]]]},"properties":{"cell":"890cee9aaabffff","res":9,"coarsened":false,"count":1,"hv":1,"mp":0,"y0":2021,"y1":2021,"sp":[[38,1,1,0,2021,2021]]}},{"type":"Feature","geometry":{"type":"Polygon","coordinates":[[[-156.49741,58.68145],[-156.49948,58.68007],[-156.49824,58.67861],[-156.49493,58.67853],[-156.49286,58.67991],[-156.4941,58.68137],[-156.49741,58.68145]]]},"properties":{"cell":"890cee9a857ffff","res":9,"coarsened":false,"count":2,"hv":2,"mp":0,"y0":2021,"y1":2021,"sp":[[26,1,1,0,2021,2021],[32,1,1,0,2021,2021]]}},{"type":"Feature","geometry":{"type":"Polygon","coordinates":[[[-155.78203,58.62083],[-155.83432,58.60233],[-155.83212,58.57224],[-155.77775,58.56065],[-155.72552,58.57911],[-155.7276,58.6092],[-155.78203,58.62083]]]},"properties":{"cell":"860cec4afffffff","res":6,"coarsened":true,"count":2,"hv":2,"mp":0,"y0":2021,"y1":2021,"sp":[[0,2,2,0,2021,2021]]}},{"type":"Feature","geometry":{"type":"Polygon","coordinates":[[[-154.95759,58.60104],[-154.95971,58.59968],[-154.95856,58.59821],[-154.95529,58.5981],[-154.95317,58.59945],[-154.95432,58.60092],[-154.95759,58.60104]]]},"properties":{"cell":"890cec0f54fffff","res":9,"coarsened":false,"count":1,"hv":1,"mp":0,"y0":2021,"y1":2021,"sp":[[15,1,1,0,2021,2021]]}},{"type":"Feature","geometry":{"type":"Polygon","coordinates":[[[-153.89595,58.57276],[-153.89812,58.57143],[-153.89703,58.56995],[-153.89378,58.56981],[-153.89162,58.57114],[-153.89271,58.57261],[-153.89595,58.57276]]]},"properties":{"cell":"890cedda55bffff","res":9,"coarsened":false,"count":1,"hv":1,"mp":0,"y0":2021,"y1":2021,"sp":[[40,1,1,0,2021,2021]]}},{"type":"Feature","geometry":{"type":"Polygon","coordinates":[[[-155.79356,58.55253],[-155.79564,58.55117],[-155.79445,58.5497],[-155.79116,58.54961],[-155.78908,58.55097],[-155.79027,58.55244],[-155.79356,58.55253]]]},"properties":{"cell":"890cec48d03ffff","res":9,"coarsened":false,"count":4,"hv":4,"mp":0,"y0":2020,"y1":2025,"sp":[[41,1,1,0,2021,2021],[4,1,1,0,2022,2022],[38,1,1,0,2025,2025],[15,1,1,0,2020,2020]]}},{"type":"Feature","geometry":{"type":"Polygon","coordinates":[[[-155.77117,58.54473],[-155.77325,58.54336],[-155.77206,58.5419],[-155.76878,58.5418],[-155.76669,58.54317],[-155.76789,58.54463],[-155.77117,58.54473]]]},"properties":{"cell":"890cec4f2cfffff","res":9,"coarsened":false,"count":1,"hv":1,"mp":0,"y0":2021,"y1":2021,"sp":[[38,1,1,0,2021,2021]]}},{"type":"Feature","geometry":{"type":"Polygon","coordinates":[[[-155.81951,58.549],[-155.8216,58.54763],[-155.8204,58.54617],[-155.81711,58.54607],[-155.81503,58.54744],[-155.81623,58.54891],[-155.81951,58.549]]]},"properties":{"cell":"890cec48887ffff","res":9,"coarsened":false,"count":1,"hv":1,"mp":0,"y0":2021,"y1":2021,"sp":[[41,1,1,0,2021,2021]]}},{"type":"Feature","geometry":{"type":"Polygon","coordinates":[[[-155.66919,58.53741],[-155.72137,58.51897],[-155.71931,58.48892],[-155.66517,58.47731],[-155.61305,58.49571],[-155.615,58.52576],[-155.66919,58.53741]]]},"properties":{"cell":"860cec4c7ffffff","res":6,"coarsened":true,"count":3,"hv":3,"mp":0,"y0":2021,"y1":2021,"sp":[[0,2,2,0,2021,2021],[177,1,1,0,null,null]]}},{"type":"Feature","geometry":{"type":"Polygon","coordinates":[[[-155.7846,58.54941],[-155.78669,58.54804],[-155.78549,58.54658],[-155.78221,58.54648],[-155.78012,58.54785],[-155.78132,58.54932],[-155.7846,58.54941]]]},"properties":{"cell":"890cec48d33ffff","res":9,"coarsened":false,"count":5,"hv":5,"mp":0,"y0":2021,"y1":2025,"sp":[[4,2,2,0,2021,2025],[38,1,1,0,2021,2021],[49,1,1,0,2025,2025],[17,1,1,0,2025,2025]]}},{"type":"Feature","geometry":{"type":"Polygon","coordinates":[[[-154.9675,59.21005],[-154.96967,59.20869],[-154.96849,59.2072],[-154.96514,59.20708],[-154.96297,59.20844],[-154.96415,59.20993],[-154.9675,59.21005]]]},"properties":{"cell":"890c526f12fffff","res":9,"coarsened":false,"count":4,"hv":4,"mp":0,"y0":2021,"y1":2025,"sp":[[44,2,2,0,2021,2021],[45,2,2,0,2021,2025]]}},{"type":"Feature","geometry":{"type":"Polygon","coordinates":[[[-154.94995,59.21662],[-155.00375,59.1984],[-155.00244,59.16808],[-154.94744,59.15598],[-154.8937,59.17416],[-154.89489,59.20448],[-154.94995,59.21662]]]},"properties":{"cell":"860c526c7ffffff","res":6,"coarsened":true,"count":5,"hv":5,"mp":0,"y0":2021,"y1":2026,"sp":[[0,5,5,0,2021,2026]]}},{"type":"Feature","geometry":{"type":"Polygon","coordinates":[[[-154.97202,59.21166],[-154.97419,59.2103],[-154.97301,59.20881],[-154.96967,59.20869],[-154.9675,59.21005],[-154.96867,59.21154],[-154.97202,59.21166]]]},"properties":{"cell":"890c526f12bffff","res":9,"coarsened":false,"count":1,"hv":1,"mp":0,"y0":2021,"y1":2021,"sp":[[46,1,1,0,2021,2021]]}},{"type":"Feature","geometry":{"type":"Polygon","coordinates":[[[-155.79534,58.54687],[-155.79742,58.5455],[-155.79622,58.54404],[-155.79294,58.54394],[-155.79086,58.54531],[-155.79205,58.54677],[-155.79534,58.54687]]]},"properties":{"cell":"890cec48d77ffff","res":9,"coarsened":false,"count":7,"hv":7,"mp":0,"y0":2021,"y1":2025,"sp":[[27,2,2,0,2021,2023],[47,1,1,0,2021,2021],[50,1,1,0,2021,2021],[38,1,1,0,2025,2025],[15,1,1,0,2025,2025],[76,1,1,0,2025,2025]]}},{"type":"Feature","geometry":{"type":"Polygon","coordinates":[[[-155.43153,58.36883],[-155.43361,58.36748],[-155.43244,58.36601],[-155.42919,58.36591],[-155.4271,58.36727],[-155.42827,58.36873],[-155.43153,58.36883]]]},"properties":{"cell":"890cec6a483ffff","res":9,"coarsened":false,"count":1,"hv":1,"mp":0,"y0":2021,"y1":2021,"sp":[[48,1,1,0,2021,2021]]}},{"type":"Feature","geometry":{"type":"Polygon","coordinates":[[[-155.53169,58.39478],[-155.53377,58.39342],[-155.5326,58.39196],[-155.52934,58.39186],[-155.52725,58.39322],[-155.52843,58.39468],[-155.53169,58.39478]]]},"properties":{"cell":"890cec79e03ffff","res":9,"coarsened":false,"count":1,"hv":1,"mp":0,"y0":2021,"y1":2021,"sp":[[49,1,1,0,2021,2021]]}},{"type":"Feature","geometry":{"type":"Polygon","coordinates":[[[-155.14585,58.86831],[-155.14798,58.86695],[-155.14681,58.86547],[-155.1435,58.86536],[-155.14136,58.86672],[-155.14254,58.86819],[-155.14585,58.86831]]]},"properties":{"cell":"890cecc5e4fffff","res":9,"coarsened":false,"count":1,"hv":1,"mp":0,"y0":2021,"y1":2021,"sp":[[51,1,1,0,2021,2021]]}},{"type":"Feature","geometry":{"type":"Polygon","coordinates":[[[-155.14681,58.86547],[-155.14895,58.86411],[-155.14777,58.86264],[-155.14447,58.86252],[-155.14233,58.86388],[-155.1435,58.86536],[-155.14681,58.86547]]]},"properties":{"cell":"890ceccedb7ffff","res":9,"coarsened":false,"count":1,"hv":1,"mp":0,"y0":2021,"y1":2021,"sp":[[53,1,1,0,2021,2021]]}},{"type":"Feature","geometry":{"type":"Polygon","coordinates":[[[-154.95646,59.21253],[-154.95863,59.21117],[-154.95746,59.20968],[-154.95411,59.20956],[-154.95194,59.21092],[-154.95312,59.21241],[-154.95646,59.21253]]]},"properties":{"cell":"890c526c4cbffff","res":9,"coarsened":false,"count":4,"hv":4,"mp":0,"y0":2019,"y1":2025,"sp":[[33,1,1,0,2019,2019],[121,1,1,0,2025,2025],[118,1,1,0,2025,2025],[123,1,1,0,2025,2025]]}},{"type":"Feature","geometry":{"type":"Polygon","coordinates":[[[-154.97401,59.20596],[-154.97618,59.2046],[-154.975,59.20312],[-154.97165,59.20299],[-154.96948,59.20436],[-154.97066,59.20584],[-154.97401,59.20596]]]},"properties":{"cell":"890c526c683ffff","res":9,"coarsened":false,"count":4,"hv":4,"mp":0,"y0":2011,"y1":2019,"sp":[[54,1,1,0,2019,2019],[85,1,1,0,2011,2011],[138,1,1,0,2017,2017],[78,1,1,0,2017,2017]]}},{"type":"Feature","geometry":{"type":"Polygon","coordinates":[[[-155.78549,58.54658],[-155.78758,58.54521],[-155.78638,58.54375],[-155.7831,58.54365],[-155.78101,58.54502],[-155.78221,58.54648],[-155.78549,58.54658]]]},"properties":{"cell":"890cec48d23ffff","res":9,"coarsened":false,"count":2,"hv":2,"mp":0,"y0":2021,"y1":2025,"sp":[[38,1,1,0,2021,2021],[41,1,1,0,2025,2025]]}},{"type":"Feature","geometry":{"type":"Polygon","coordinates":[[[-154.60131,58.12668],[-154.60341,58.12534],[-154.6023,58.12388],[-154.59909,58.12376],[-154.59699,58.1251],[-154.5981,58.12656],[-154.60131,58.12668]]]},"properties":{"cell":"890ce8940cfffff","res":9,"coarsened":false,"count":1,"hv":1,"mp":0,"y0":2021,"y1":2021,"sp":[[35,1,1,0,2021,2021]]}},{"type":"Feature","geometry":{"type":"Polygon","coordinates":[[[-155.12159,58.98379],[-155.12373,58.98243],[-155.12256,58.98095],[-155.11924,58.98083],[-155.11709,58.9822],[-155.11827,58.98367],[-155.12159,58.98379]]]},"properties":{"cell":"890cecc2917ffff","res":9,"coarsened":false,"count":5,"hv":5,"mp":0,"y0":2013,"y1":2024,"sp":[[45,2,2,0,2022,2024],[38,1,1,0,2013,2013],[79,1,1,0,2022,2022],[64,1,1,0,2022,2022]]}},{"type":"Feature","geometry":{"type":"Polygon","coordinates":[[[-154.44772,58.18741],[-154.44983,58.18607],[-154.44873,58.18461],[-154.44551,58.18449],[-154.4434,58.18582],[-154.4445,58.18728],[-154.44772,58.18741]]]},"properties":{"cell":"890ced596a7ffff","res":9,"coarsened":false,"count":1,"hv":1,"mp":0,"y0":2021,"y1":2021,"sp":[[5,1,1,0,2021,2021]]}},{"type":"Feature","geometry":{"type":"Polygon","coordinates":[[[-154.60662,58.12546],[-154.60872,58.12412],[-154.60761,58.12266],[-154.6044,58.12254],[-154.6023,58.12388],[-154.60341,58.12534],[-154.60662,58.12546]]]},"properties":{"cell":"890ce894053ffff","res":9,"coarsened":false,"count":2,"hv":2,"mp":0,"y0":2021,"y1":2023,"sp":[[34,2,2,0,2021,2023]]}},{"type":"Feature","geometry":{"type":"Polygon","coordinates":[[[-154.65138,58.37294],[-154.70368,58.35499],[-154.70273,58.32508],[-154.6496,58.31312],[-154.59736,58.33104],[-154.59819,58.36095],[-154.65138,58.37294]]]},"properties":{"cell":"860cec2afffffff","res":6,"coarsened":true,"count":1,"hv":1,"mp":0,"y0":2008,"y1":2008,"sp":[[0,1,1,0,2008,2008]]}},{"type":"Feature","geometry":{"type":"Polygon","coordinates":[[[-154.01826,58.40707],[-154.07087,58.3894],[-154.07061,58.35951],[-154.01784,58.3473],[-153.96528,58.36494],[-153.96544,58.39482],[-154.01826,58.40707]]]},"properties":{"cell":"860cedc87ffffff","res":6,"coarsened":true,"count":7,"hv":7,"mp":0,"y0":2008,"y1":2008,"sp":[[1,6,6,0,null,null],[0,1,1,0,2008,2008]]}},{"type":"Feature","geometry":{"type":"Polygon","coordinates":[[[-156.38188,58.71734],[-156.43409,58.69855],[-156.43122,58.66839],[-156.37626,58.657],[-156.32411,58.67575],[-156.32685,58.70592],[-156.38188,58.71734]]]},"properties":{"cell":"860cee91fffffff","res":6,"coarsened":true,"count":1,"hv":1,"mp":0,"y0":2018,"y1":2018,"sp":[[0,1,1,0,2018,2018]]}},{"type":"Feature","geometry":{"type":"Polygon","coordinates":[[[-155.75866,58.56866],[-155.76075,58.56729],[-155.75955,58.56583],[-155.75627,58.56573],[-155.75418,58.5671],[-155.75537,58.56856],[-155.75866,58.56866]]]},"properties":{"cell":"890cec4f6d7ffff","res":9,"coarsened":false,"count":1,"hv":1,"mp":0,"y0":2009,"y1":2009,"sp":[[3,1,1,0,2009,2009]]}},{"type":"Feature","geometry":{"type":"Polygon","coordinates":[[[-155.87068,58.57621],[-155.87276,58.57484],[-155.87156,58.57338],[-155.86827,58.57328],[-155.86619,58.57465],[-155.86739,58.57612],[-155.87068,58.57621]]]},"properties":{"cell":"890cec48153ffff","res":9,"coarsened":false,"count":1,"hv":1,"mp":0,"y0":2009,"y1":2009,"sp":[[62,1,1,0,2009,2009]]}},{"type":"Feature","geometry":{"type":"Polygon","coordinates":[[[-155.78911,58.5667],[-155.79119,58.56533],[-155.79,58.56386],[-155.78671,58.56377],[-155.78463,58.56514],[-155.78582,58.5666],[-155.78911,58.5667]]]},"properties":{"cell":"890cec4ab77ffff","res":9,"coarsened":false,"count":1,"hv":1,"mp":0,"y0":2009,"y1":2009,"sp":[[15,1,1,0,2009,2009]]}},{"type":"Feature","geometry":{"type":"Polygon","coordinates":[[[-155.78908,58.55097],[-155.79116,58.54961],[-155.78997,58.54814],[-155.78669,58.54804],[-155.7846,58.54941],[-155.7858,58.55088],[-155.78908,58.55097]]]},"properties":{"cell":"890cec48d07ffff","res":9,"coarsened":false,"count":118,"hv":118,"mp":0,"y0":2009,"y1":2025,"sp":[[151,7,7,0,null,null],[52,6,6,0,null,null],[55,5,5,0,null,null],[19,4,4,0,null,null],[25,4,4,0,null,null],[34,4,4,0,null,null],[37,4,4,0,null,null],[12,4,4,0,null,null],[3,3,3,0,null,null],[56,3,3,0,null,null],[116,3,3,0,null,null],[60,3,3,0,null,null],[183,3,3,0,null,null],[69,3,3,0,null,null],[163,3,3,0,null,null],[38,2,2,0,2025,2025],[176,2,2,0,null,null],[18,2,2,0,null,null],[51,2,2,0,null,null],[6,2,2,0,null,null],[65,2,2,0,null,null],[68,2,2,0,null,null],[22,2,2,0,null,null],[125,2,2,0,null,null],[75,2,2,0,null,null],[5,2,2,0,null,null],[96,2,2,0,null,null],[123,2,2,0,null,null],[10,2,2,0,null,null],[82,2,2,0,null,null],[2,2,2,0,null,null],[43,2,2,0,null,null],[152,2,2,0,null,null],[182,2,2,0,null,null],[67,2,2,0,null,null],[41,1,1,0,2009,2009],[17,1,1,0,2022,2022],[76,1,1,0,null,null],[153,1,1,0,null,null],[191,1,1,0,null,null],[192,1,1,0,null,null],[184,1,1,0,null,null],[194,1,1,0,null,null],[108,1,1,0,null,null],[33,1,1,0,null,null],[23,1,1,0,null,null],[89,1,1,0,null,null],[14,1,1,0,null,null],[106,1,1,0,null,null],[77,1,1,0,null,null],[145,1,1,0,null,null],[28,1,1,0,null,null],[47,1,1,0,null,null],[180,1,1,0,null,null]]}},{"type":"Feature","geometry":{"type":"Polygon","coordinates":[[[-155.41089,58.68948],[-155.46347,58.67113],[-155.46168,58.64103],[-155.40742,58.62927],[-155.3549,58.64758],[-155.35657,58.67768],[-155.41089,58.68948]]]},"properties":{"cell":"860cec55fffffff","res":6,"coarsened":true,"count":2,"hv":2,"mp":0,"y0":2009,"y1":2010,"sp":[[0,2,2,0,2009,2010]]}},{"type":"Feature","geometry":{"type":"Polygon","coordinates":[[[-155.40587,58.65926],[-155.40798,58.6579],[-155.4068,58.65643],[-155.40351,58.65632],[-155.4014,58.65768],[-155.40258,58.65915],[-155.40587,58.65926]]]},"properties":{"cell":"890cec55807ffff","res":9,"coarsened":false,"count":1,"hv":1,"mp":0,"y0":2009,"y1":2009,"sp":[[26,1,1,0,2009,2009]]}},{"type":"Feature","geometry":{"type":"Polygon","coordinates":[[[-155.43378,58.65015],[-155.43589,58.64878],[-155.43471,58.64731],[-155.43142,58.64721],[-155.42931,58.64857],[-155.43049,58.65004],[-155.43378,58.65015]]]},"properties":{"cell":"890cec55aafffff","res":9,"coarsened":false,"count":1,"hv":1,"mp":0,"y0":2009,"y1":2009,"sp":[[63,1,1,0,2009,2009]]}},{"type":"Feature","geometry":{"type":"Polygon","coordinates":[[[-154.53027,58.10695],[-154.53237,58.10561],[-154.53126,58.10415],[-154.52806,58.10403],[-154.52595,58.10536],[-154.52706,58.10682],[-154.53027,58.10695]]]},"properties":{"cell":"890ce894c8bffff","res":9,"coarsened":false,"count":1,"hv":1,"mp":0,"y0":2009,"y1":2009,"sp":[[64,1,1,0,2009,2009]]}},{"type":"Feature","geometry":{"type":"Polygon","coordinates":[[[-154.53126,58.10415],[-154.53336,58.10281],[-154.53226,58.10136],[-154.52905,58.10123],[-154.52695,58.10257],[-154.52806,58.10403],[-154.53126,58.10415]]]},"properties":{"cell":"890ce894c13ffff","res":9,"coarsened":false,"count":1,"hv":1,"mp":0,"y0":2009,"y1":2009,"sp":[[11,1,1,0,2009,2009]]}},{"type":"Feature","geometry":{"type":"Polygon","coordinates":[[[-154.53889,58.11011],[-154.59074,58.09226],[-154.58992,58.06247],[-154.53736,58.05055],[-154.48557,58.06838],[-154.48628,58.09816],[-154.53889,58.11011]]]},"properties":{"cell":"860ce894fffffff","res":6,"coarsened":true,"count":32,"hv":32,"mp":0,"y0":2009,"y1":2025,"sp":[[1,16,16,0,null,null],[0,9,9,0,2009,2025],[154,7,7,0,null,null]]}},{"type":"Feature","geometry":{"type":"Polygon","coordinates":[[[-155.62176,58.54596],[-155.62386,58.5446],[-155.62267,58.54313],[-155.61939,58.54303],[-155.6173,58.5444],[-155.61848,58.54586],[-155.62176,58.54596]]]},"properties":{"cell":"890cec4e39bffff","res":9,"coarsened":false,"count":4,"hv":4,"mp":0,"y0":2010,"y1":2010,"sp":[[35,1,1,0,2010,2010],[14,1,1,0,2010,2010],[34,1,1,0,2010,2010],[28,1,1,0,2010,2010]]}},{"type":"Feature","geometry":{"type":"Polygon","coordinates":[[[-155.54572,58.55076],[-155.54782,58.5494],[-155.54664,58.54793],[-155.54336,58.54783],[-155.54126,58.54919],[-155.54245,58.55066],[-155.54572,58.55076]]]},"properties":{"cell":"890cec4523bffff","res":9,"coarsened":false,"count":1,"hv":1,"mp":0,"y0":2010,"y1":2010,"sp":[[46,1,1,0,2010,2010]]}},{"type":"Feature","geometry":{"type":"Polygon","coordinates":[[[-155.50901,58.55675],[-155.51111,58.55539],[-155.50993,58.55392],[-155.50665,58.55382],[-155.50456,58.55518],[-155.50574,58.55665],[-155.50901,58.55675]]]},"properties":{"cell":"890cec4502bffff","res":9,"coarsened":false,"count":1,"hv":1,"mp":0,"y0":2010,"y1":2010,"sp":[[62,1,1,0,2010,2010]]}},{"type":"Feature","geometry":{"type":"Polygon","coordinates":[[[-155.77297,58.55479],[-155.77506,58.55342],[-155.77386,58.55196],[-155.77058,58.55186],[-155.76849,58.55323],[-155.76969,58.55469],[-155.77297,58.55479]]]},"properties":{"cell":"890cec48db7ffff","res":9,"coarsened":false,"count":2,"hv":2,"mp":0,"y0":2011,"y1":2022,"sp":[[22,1,1,0,2011,2011],[60,1,1,0,2022,2022]]}},{"type":"Feature","geometry":{"type":"Polygon","coordinates":[[[-155.77295,58.53907],[-155.77504,58.5377],[-155.77384,58.53624],[-155.77056,58.53614],[-155.76847,58.53751],[-155.76967,58.53897],[-155.77295,58.53907]]]},"properties":{"cell":"890cec4f247ffff","res":9,"coarsened":false,"count":1,"hv":1,"mp":0,"y0":2011,"y1":2011,"sp":[[66,1,1,0,2011,2011]]}},{"type":"Feature","geometry":{"type":"Polygon","coordinates":[[[-155.85905,58.58159],[-155.86113,58.58022],[-155.85993,58.57876],[-155.85664,58.57867],[-155.85456,58.58004],[-155.85576,58.5815],[-155.85905,58.58159]]]},"properties":{"cell":"890cec481d7ffff","res":9,"coarsened":false,"count":21,"hv":21,"mp":0,"y0":2011,"y1":2011,"sp":[[119,4,4,0,null,null],[44,4,4,0,null,null],[62,3,3,0,null,null],[46,2,2,0,null,null],[45,1,1,0,2011,2011],[39,1,1,0,null,null],[139,1,1,0,null,null],[71,1,1,0,null,null],[73,1,1,0,null,null],[37,1,1,0,null,null],[169,1,1,0,null,null],[122,1,1,0,null,null]]}},{"type":"Feature","geometry":{"type":"Polygon","coordinates":[[[-155.78735,58.58809],[-155.78944,58.58672],[-155.78824,58.58526],[-155.78496,58.58516],[-155.78287,58.58653],[-155.78407,58.58799],[-155.78735,58.58809]]]},"properties":{"cell":"890cec4a873ffff","res":9,"coarsened":false,"count":1,"hv":1,"mp":0,"y0":2011,"y1":2011,"sp":[[69,1,1,0,2011,2011]]}},{"type":"Feature","geometry":{"type":"Polygon","coordinates":[[[-155.7873,58.55664],[-155.78938,58.55527],[-155.78819,58.55381],[-155.7849,58.55371],[-155.78282,58.55508],[-155.78401,58.55654],[-155.7873,58.55664]]]},"properties":{"cell":"890cec48d8fffff","res":9,"coarsened":false,"count":6,"hv":6,"mp":0,"y0":2011,"y1":2025,"sp":[[6,3,3,0,2022,2022],[4,1,1,0,2011,2011],[5,1,1,0,2022,2022],[15,1,1,0,2025,2025]]}},{"type":"Feature","geometry":{"type":"Polygon","coordinates":[[[-155.85633,58.57437],[-155.85841,58.573],[-155.85721,58.57153],[-155.85392,58.57144],[-155.85184,58.57281],[-155.85304,58.57427],[-155.85633,58.57437]]]},"properties":{"cell":"890cec48103ffff","res":9,"coarsened":false,"count":1,"hv":1,"mp":0,"y0":2011,"y1":2011,"sp":[[10,1,1,0,2011,2011]]}},{"type":"Feature","geometry":{"type":"Polygon","coordinates":[[[-155.06274,58.61334],[-155.06486,58.61199],[-155.06371,58.61052],[-155.06043,58.6104],[-155.05831,58.61176],[-155.05947,58.61323],[-155.06274,58.61334]]]},"properties":{"cell":"890cec08cb3ffff","res":9,"coarsened":false,"count":3,"hv":3,"mp":0,"y0":2011,"y1":2022,"sp":[[53,1,1,0,2017,2017],[3,1,1,0,2022,2022],[102,1,1,0,2011,2011]]}},{"type":"Feature","geometry":{"type":"Polygon","coordinates":[[[-154.08006,58.45244],[-154.08221,58.45111],[-154.08112,58.44963],[-154.07788,58.4495],[-154.07573,58.45083],[-154.07683,58.4523],[-154.08006,58.45244]]]},"properties":{"cell":"890cec369a3ffff","res":9,"coarsened":false,"count":1,"hv":1,"mp":0,"y0":2014,"y1":2014,"sp":[[10,1,1,0,2014,2014]]}},{"type":"Feature","geometry":{"type":"Polygon","coordinates":[[[-155.76489,58.53312],[-155.76698,58.53175],[-155.76578,58.53029],[-155.7625,58.53019],[-155.76042,58.53156],[-155.76161,58.53302],[-155.76489,58.53312]]]},"properties":{"cell":"890cec4f267ffff","res":9,"coarsened":false,"count":2,"hv":2,"mp":0,"y0":2017,"y1":2025,"sp":[[7,1,1,0,2017,2017],[109,1,1,0,2025,2025]]}},{"type":"Feature","geometry":{"type":"Polygon","coordinates":[[[-153.91277,58.41245],[-153.96544,58.39482],[-153.96528,58.36494],[-153.91258,58.35268],[-153.85997,58.37028],[-153.86001,58.40016],[-153.91277,58.41245]]]},"properties":{"cell":"860cedcafffffff","res":6,"coarsened":true,"count":2,"hv":2,"mp":0,"y0":2022,"y1":2022,"sp":[[0,1,1,0,2022,2022],[1,1,1,0,null,null]]}},{"type":"Feature","geometry":{"type":"Polygon","coordinates":[[[-154.07772,58.4324],[-154.07987,58.43107],[-154.07878,58.4296],[-154.07554,58.42946],[-154.0734,58.43079],[-154.07449,58.43226],[-154.07772,58.4324]]]},"properties":{"cell":"890cedcb46bffff","res":9,"coarsened":false,"count":1,"hv":1,"mp":0,"y0":2022,"y1":2022,"sp":[[70,1,1,0,2022,2022]]}},{"type":"Feature","geometry":{"type":"Polygon","coordinates":[[[-154.07667,58.4352],[-154.07882,58.43387],[-154.07772,58.4324],[-154.07449,58.43226],[-154.07234,58.43359],[-154.07343,58.43506],[-154.07667,58.4352]]]},"properties":{"cell":"890cedcb47bffff","res":9,"coarsened":false,"count":1,"hv":1,"mp":0,"y0":2022,"y1":2022,"sp":[[26,1,1,0,2022,2022]]}},{"type":"Feature","geometry":{"type":"Polygon","coordinates":[[[-154.07562,58.43801],[-154.07776,58.43667],[-154.07667,58.4352],[-154.07343,58.43506],[-154.07129,58.4364],[-154.07238,58.43787],[-154.07562,58.43801]]]},"properties":{"cell":"890cedcb447ffff","res":9,"coarsened":false,"count":4,"hv":4,"mp":0,"y0":2022,"y1":2024,"sp":[[10,1,1,0,2022,2022],[25,1,1,0,2024,2024],[26,1,1,0,2024,2024],[51,1,1,0,2024,2024]]}},{"type":"Feature","geometry":{"type":"Polygon","coordinates":[[[-154.08205,58.43401],[-154.08419,58.43267],[-154.0831,58.4312],[-154.07987,58.43107],[-154.07772,58.4324],[-154.07882,58.43387],[-154.08205,58.43401]]]},"properties":{"cell":"890cedcb6b7ffff","res":9,"coarsened":false,"count":3,"hv":3,"mp":0,"y0":2022,"y1":2024,"sp":[[71,2,2,0,2022,2024],[26,1,1,0,2024,2024]]}},{"type":"Feature","geometry":{"type":"Polygon","coordinates":[[[-154.07012,58.42638],[-154.07227,58.42505],[-154.07118,58.42358],[-154.06794,58.42344],[-154.0658,58.42477],[-154.06689,58.42624],[-154.07012,58.42638]]]},"properties":{"cell":"890cedcb08bffff","res":9,"coarsened":false,"count":3,"hv":3,"mp":0,"y0":2022,"y1":2022,"sp":[[53,2,2,0,2022,2022],[51,1,1,0,2022,2022]]}},{"type":"Feature","geometry":{"type":"Polygon","coordinates":[[[-155.01417,59.20743],[-155.01633,59.20607],[-155.01516,59.20458],[-155.01181,59.20446],[-155.00964,59.20582],[-155.01082,59.20731],[-155.01417,59.20743]]]},"properties":{"cell":"890c526f30fffff","res":9,"coarsened":false,"count":11,"hv":11,"mp":0,"y0":2022,"y1":2022,"sp":[[54,2,2,0,2022,2022],[10,1,1,0,2022,2022],[72,1,1,0,2022,2022],[64,1,1,0,2022,2022],[46,1,1,0,2022,2022],[73,1,1,0,2022,2022],[74,1,1,0,2022,2022],[51,1,1,0,2022,2022],[53,1,1,0,2022,2022],[75,1,1,0,2022,2022]]}},{"type":"Feature","geometry":{"type":"Polygon","coordinates":[[[-155.15885,59.02248],[-155.21219,59.0042],[-155.21065,58.97396],[-155.1559,58.962],[-155.10263,58.98025],[-155.10405,59.01049],[-155.15885,59.02248]]]},"properties":{"cell":"860cecc2fffffff","res":6,"coarsened":true,"count":2,"hv":2,"mp":0,"y0":2022,"y1":2024,"sp":[[0,2,2,0,2022,2024]]}},{"type":"Feature","geometry":{"type":"Polygon","coordinates":[[[-155.12062,58.98663],[-155.12276,58.98527],[-155.12159,58.98379],[-155.11827,58.98367],[-155.11612,58.98504],[-155.11729,58.98652],[-155.12062,58.98663]]]},"properties":{"cell":"890cecc298fffff","res":9,"coarsened":false,"count":2,"hv":2,"mp":0,"y0":2022,"y1":2022,"sp":[[6,1,1,0,2022,2022],[65,1,1,0,2022,2022]]}},{"type":"Feature","geometry":{"type":"Polygon","coordinates":[[[-154.27981,58.25877],[-154.33204,58.24101],[-154.3315,58.21117],[-154.27883,58.1991],[-154.22666,58.21684],[-154.22709,58.24667],[-154.27981,58.25877]]]},"properties":{"cell":"860ced5a7ffffff","res":6,"coarsened":true,"count":2,"hv":2,"mp":0,"y0":2008,"y1":2022,"sp":[[0,2,2,0,2008,2022]]}},{"type":"Feature","geometry":{"type":"Polygon","coordinates":[[[-155.3954,58.41898],[-155.44747,58.40069],[-155.44571,58.37071],[-155.39199,58.35903],[-155.33997,58.37729],[-155.34162,58.40726],[-155.3954,58.41898]]]},"properties":{"cell":"860cec78fffffff","res":6,"coarsened":true,"count":3,"hv":3,"mp":0,"y0":2014,"y1":2022,"sp":[[0,2,2,0,2014,2022],[203,1,1,0,null,null]]}},{"type":"Feature","geometry":{"type":"Polygon","coordinates":[[[-155.4918,58.38071],[-155.49389,58.37935],[-155.49272,58.37789],[-155.48946,58.37779],[-155.48738,58.37915],[-155.48855,58.38061],[-155.4918,58.38071]]]},"properties":{"cell":"890cec79833ffff","res":9,"coarsened":false,"count":16,"hv":16,"mp":0,"y0":2022,"y1":2022,"sp":[[14,4,4,0,null,null],[47,3,3,0,null,null],[42,2,2,0,null,null],[89,2,2,0,null,null],[63,1,1,0,2022,2022],[71,1,1,0,null,null],[19,1,1,0,null,null],[64,1,1,0,null,null],[75,1,1,0,null,null]]}},{"type":"Feature","geometry":{"type":"Polygon","coordinates":[[[-155.38179,58.37009],[-155.38388,58.36873],[-155.38272,58.36727],[-155.37946,58.36717],[-155.37738,58.36853],[-155.37854,58.36999],[-155.38179,58.37009]]]},"properties":{"cell":"890cec78ba7ffff","res":9,"coarsened":false,"count":31,"hv":31,"mp":0,"y0":2014,"y1":2025,"sp":[[14,5,5,0,null,null],[64,4,4,0,null,null],[167,3,3,0,null,null],[89,3,3,0,null,null],[42,3,3,0,null,null],[45,2,2,0,2022,2025],[21,2,2,0,2014,2014],[47,2,2,0,null,null],[10,2,2,0,null,null],[26,1,1,0,2025,2025],[28,1,1,0,null,null],[103,1,1,0,null,null],[27,1,1,0,null,null],[56,1,1,0,null,null]]}},{"type":"Feature","geometry":{"type":"Polygon","coordinates":[[[-155.48738,58.37915],[-155.48946,58.37779],[-155.48829,58.37633],[-155.48503,58.37622],[-155.48295,58.37758],[-155.48412,58.37904],[-155.48738,58.37915]]]},"properties":{"cell":"890cec79837ffff","res":9,"coarsened":false,"count":1,"hv":1,"mp":0,"y0":2022,"y1":2022,"sp":[[26,1,1,0,2022,2022]]}},{"type":"Feature","geometry":{"type":"Polygon","coordinates":[[[-154.49854,58.60658],[-154.55134,58.58866],[-154.55055,58.55864],[-154.49707,58.54655],[-154.44433,58.56444],[-154.445,58.59445],[-154.49854,58.60658]]]},"properties":{"cell":"860cec337ffffff","res":6,"coarsened":true,"count":1,"hv":1,"mp":0,"y0":2022,"y1":2022,"sp":[[0,1,1,0,2022,2022]]}},{"type":"Feature","geometry":{"type":"Polygon","coordinates":[[[-154.60194,58.11111],[-154.60404,58.10977],[-154.60293,58.10831],[-154.59973,58.10819],[-154.59763,58.10953],[-154.59873,58.11099],[-154.60194,58.11111]]]},"properties":{"cell":"890ce8943d7ffff","res":9,"coarsened":false,"count":8,"hv":8,"mp":0,"y0":2022,"y1":2022,"sp":[[34,5,5,0,null,null],[19,1,1,0,2022,2022],[146,1,1,0,null,null],[55,1,1,0,null,null]]}},{"type":"Feature","geometry":{"type":"Polygon","coordinates":[[[-154.07221,58.53906],[-154.12505,58.52134],[-154.12473,58.49139],[-154.07167,58.47915],[-154.01889,58.49684],[-154.0191,58.52679],[-154.07221,58.53906]]]},"properties":{"cell":"860cedd97ffffff","res":6,"coarsened":true,"count":1,"hv":1,"mp":0,"y0":2022,"y1":2022,"sp":[[1,1,1,0,2022,2022]]}},{"type":"Feature","geometry":{"type":"Polygon","coordinates":[[[-154.07106,58.41076],[-154.0732,58.40943],[-154.07211,58.40796],[-154.06888,58.40782],[-154.06674,58.40915],[-154.06783,58.41062],[-154.07106,58.41076]]]},"properties":{"cell":"890cedcb393ffff","res":9,"coarsened":false,"count":1,"hv":1,"mp":0,"y0":2022,"y1":2022,"sp":[[64,1,1,0,2022,2022]]}},{"type":"Feature","geometry":{"type":"Polygon","coordinates":[[[-154.07983,58.42679],[-154.08197,58.42546],[-154.08088,58.42399],[-154.07765,58.42385],[-154.0755,58.42518],[-154.07659,58.42665],[-154.07983,58.42679]]]},"properties":{"cell":"890cedcb0c3ffff","res":9,"coarsened":false,"count":1,"hv":1,"mp":0,"y0":2022,"y1":2022,"sp":[[70,1,1,0,2022,2022]]}},{"type":"Feature","geometry":{"type":"Polygon","coordinates":[[[-154.06802,58.43198],[-154.07016,58.43065],[-154.06907,58.42918],[-154.06584,58.42904],[-154.06369,58.43038],[-154.06478,58.43185],[-154.06802,58.43198]]]},"properties":{"cell":"890cedcb467ffff","res":9,"coarsened":false,"count":1,"hv":1,"mp":0,"y0":2022,"y1":2022,"sp":[[10,1,1,0,2022,2022]]}},{"type":"Feature","geometry":{"type":"Polygon","coordinates":[[[-155.56276,58.54415],[-155.615,58.52576],[-155.61305,58.49571],[-155.55897,58.48406],[-155.50679,58.50241],[-155.50862,58.53246],[-155.56276,58.54415]]]},"properties":{"cell":"860cec4efffffff","res":6,"coarsened":true,"count":1,"hv":1,"mp":0,"y0":2022,"y1":2022,"sp":[[0,1,1,0,2022,2022]]}},{"type":"Feature","geometry":{"type":"Polygon","coordinates":[[[-155.16067,59.19537],[-155.16283,59.194],[-155.16164,59.19252],[-155.15829,59.1924],[-155.15613,59.19377],[-155.15732,59.19525],[-155.16067,59.19537]]]},"properties":{"cell":"890cecd2403ffff","res":9,"coarsened":false,"count":1,"hv":1,"mp":0,"y0":2022,"y1":2022,"sp":[[84,1,1,0,2022,2022]]}},{"type":"Feature","geometry":{"type":"Polygon","coordinates":[[[-155.67246,58.66764],[-155.67456,58.66627],[-155.67336,58.6648],[-155.67007,58.6647],[-155.66797,58.66607],[-155.66916,58.66754],[-155.67246,58.66764]]]},"properties":{"cell":"890cec433afffff","res":9,"coarsened":false,"count":1,"hv":1,"mp":0,"y0":2022,"y1":2022,"sp":[[26,1,1,0,2022,2022]]}},{"type":"Feature","geometry":{"type":"Polygon","coordinates":[[[-154.94842,59.20646],[-154.95059,59.2051],[-154.94941,59.20362],[-154.94607,59.20349],[-154.94389,59.20486],[-154.94507,59.20634],[-154.94842,59.20646]]]},"properties":{"cell":"890c526c40bffff","res":9,"coarsened":false,"count":1,"hv":1,"mp":0,"y0":2011,"y1":2011,"sp":[[45,1,1,0,2011,2011]]}},{"type":"Feature","geometry":{"type":"Polygon","coordinates":[[[-156.16055,58.70447],[-156.16263,58.70309],[-156.1614,58.70162],[-156.1581,58.70153],[-156.15601,58.70291],[-156.15724,58.70438],[-156.16055,58.70447]]]},"properties":{"cell":"890cee97017ffff","res":9,"coarsened":false,"count":1,"hv":1,"mp":0,"y0":2010,"y1":2010,"sp":[[26,1,1,0,2010,2010]]}},{"type":"Feature","geometry":{"type":"Polygon","coordinates":[[[-155.15942,58.26882],[-155.16151,58.26747],[-155.16037,58.26601],[-155.15713,58.2659],[-155.15504,58.26725],[-155.15619,58.26872],[-155.15942,58.26882]]]},"properties":{"cell":"890cec6528bffff","res":9,"coarsened":false,"count":3,"hv":3,"mp":0,"y0":2011,"y1":2019,"sp":[[86,1,1,0,2011,2011],[90,1,1,0,2019,2019],[93,1,1,0,2019,2019]]}},{"type":"Feature","geometry":{"type":"Polygon","coordinates":[[[-155.88881,58.61391],[-155.94104,58.59537],[-155.93873,58.56527],[-155.8843,58.55373],[-155.83212,58.57224],[-155.83432,58.60233],[-155.88881,58.61391]]]},"properties":{"cell":"860cec487ffffff","res":6,"coarsened":true,"count":3,"hv":3,"mp":0,"y0":2013,"y1":2016,"sp":[[1,2,2,0,2016,2016],[0,1,1,0,2013,2013]]}},{"type":"Feature","geometry":{"type":"Polygon","coordinates":[[[-155.77562,58.53057],[-155.82775,58.51209],[-155.82556,58.48204],[-155.77138,58.47047],[-155.71931,58.48892],[-155.72137,58.51897],[-155.77562,58.53057]]]},"properties":{"cell":"860cec4d7ffffff","res":6,"coarsened":true,"count":1,"hv":1,"mp":0,"y0":2013,"y1":2013,"sp":[[1,1,1,0,2013,2013]]}},{"type":"Feature","geometry":{"type":"Polygon","coordinates":[[[-155.1873,58.24417],[-155.18939,58.24282],[-155.18824,58.24136],[-155.18501,58.24125],[-155.18292,58.2426],[-155.18407,58.24406],[-155.1873,58.24417]]]},"properties":{"cell":"890cec6ec5bffff","res":9,"coarsened":false,"count":1,"hv":1,"mp":0,"y0":2013,"y1":2013,"sp":[[87,1,1,0,2013,2013]]}},{"type":"Feature","geometry":{"type":"Polygon","coordinates":[[[-155.84647,58.57408],[-155.84855,58.57271],[-155.84735,58.57125],[-155.84407,58.57115],[-155.84198,58.57252],[-155.84318,58.57399],[-155.84647,58.57408]]]},"properties":{"cell":"890cec481abffff","res":9,"coarsened":false,"count":1,"hv":1,"mp":0,"y0":2013,"y1":2013,"sp":[[32,1,1,0,2013,2013]]}},{"type":"Feature","geometry":{"type":"Polygon","coordinates":[[[-155.85095,58.57564],[-155.85304,58.57427],[-155.85184,58.57281],[-155.84855,58.57271],[-155.84647,58.57408],[-155.84767,58.57555],[-155.85095,58.57564]]]},"properties":{"cell":"890cec48117ffff","res":9,"coarsened":false,"count":1,"hv":1,"mp":0,"y0":2013,"y1":2013,"sp":[[62,1,1,0,2013,2013]]}},{"type":"Feature","geometry":{"type":"Polygon","coordinates":[[[-155.76938,58.5504],[-155.77147,58.54903],[-155.77028,58.54756],[-155.76699,58.54747],[-155.76491,58.54883],[-155.7661,58.5503],[-155.76938,58.5504]]]},"properties":{"cell":"890cec4f2d3ffff","res":9,"coarsened":false,"count":1,"hv":1,"mp":0,"y0":2013,"y1":2013,"sp":[[63,1,1,0,2013,2013]]}},{"type":"Feature","geometry":{"type":"Polygon","coordinates":[[[-155.27789,58.26708],[-155.27997,58.26573],[-155.27882,58.26427],[-155.27558,58.26416],[-155.27349,58.26552],[-155.27465,58.26698],[-155.27789,58.26708]]]},"properties":{"cell":"890cec6f5a7ffff","res":9,"coarsened":false,"count":1,"hv":1,"mp":0,"y0":2013,"y1":2013,"sp":[[89,1,1,0,2013,2013]]}},{"type":"Feature","geometry":{"type":"Polygon","coordinates":[[[-154.07363,58.45644],[-154.07577,58.4551],[-154.07468,58.45363],[-154.07144,58.4535],[-154.0693,58.45483],[-154.07039,58.4563],[-154.07363,58.45644]]]},"properties":{"cell":"890cedd9a4fffff","res":9,"coarsened":false,"count":1,"hv":1,"mp":0,"y0":2013,"y1":2013,"sp":[[32,1,1,0,2013,2013]]}},{"type":"Feature","geometry":{"type":"Polygon","coordinates":[[[-155.27349,58.26552],[-155.27558,58.26416],[-155.27442,58.2627],[-155.27118,58.2626],[-155.2691,58.26395],[-155.27025,58.26541],[-155.27349,58.26552]]]},"properties":{"cell":"890cec6e2d3ffff","res":9,"coarsened":false,"count":1,"hv":1,"mp":0,"y0":2013,"y1":2013,"sp":[[90,1,1,0,2013,2013]]}},{"type":"Feature","geometry":{"type":"Polygon","coordinates":[[[-155.77386,58.55196],[-155.77595,58.55059],[-155.77475,58.54912],[-155.77147,58.54903],[-155.76938,58.5504],[-155.77058,58.55186],[-155.77386,58.55196]]]},"properties":{"cell":"890cec48da7ffff","res":9,"coarsened":false,"count":553,"hv":553,"mp":0,"y0":2014,"y1":2014,"sp":[[6,24,24,0,null,null],[96,18,18,0,null,null],[53,15,15,0,null,null],[138,15,15,0,null,null],[51,14,14,0,null,null],[27,13,13,0,null,null],[106,13,13,0,null,null],[167,13,13,0,null,null],[55,13,13,0,null,null],[197,13,13,0,null,null],[23,12,12,0,null,null],[183,12,12,0,null,null],[42,10,10,0,null,null],[5,10,10,0,null,null],[47,10,10,0,null,null],[71,10,10,0,null,null],[2,10,10,0,null,null],[163,10,10,0,null,null],[21,9,9,0,null,null],[10,9,9,0,null,null],[80,9,9,0,null,null],[13,9,9,0,null,null],[95,9,9,0,null,null],[168,9,9,0,null,null],[64,8,8,0,null,null],[43,8,8,0,null,null],[17,8,8,0,null,null],[79,8,8,0,null,null],[15,8,8,0,null,null],[67,8,8,0,null,null],[25,8,8,0,null,null],[69,8,8,0,null,null],[12,7,7,0,null,null],[87,7,7,0,null,null],[29,6,6,0,null,null],[103,6,6,0,null,null],[139,6,6,0,null,null],[28,6,6,0,null,null],[65,6,6,0,null,null],[175,6,6,0,null,null],[34,6,6,0,null,null],[14,5,5,0,null,null],[153,5,5,0,null,null],[50,5,5,0,null,null],[104,5,5,0,null,null],[19,5,5,0,null,null],[82,5,5,0,null,null],[216,5,5,0,null,null],[9,4,4,0,null,null],[56,4,4,0,null,null],[60,4,4,0,null,null],[215,4,4,0,null,null],[94,4,4,0,null,null],[196,3,3,0,null,null],[145,3,3,0,null,null],[18,3,3,0,null,null],[77,3,3,0,null,null],[123,3,3,0,null,null],[151,3,3,0,null,null],[89,3,3,0,null,null],[33,3,3,0,null,null],[189,3,3,0,null,null],[75,3,3,0,null,null],[182,3,3,0,null,null],[208,3,3,0,null,null],[72,3,3,0,null,null],[116,3,3,0,null,null],[78,3,3,0,null,null],[88,3,3,0,null,null],[114,3,3,0,null,null],[111,2,2,0,null,null],[174,2,2,0,null,null],[73,2,2,0,null,null],[148,2,2,0,null,null],[214,2,2,0,null,null],[68,2,2,0,null,null],[122,2,2,0,null,null],[191,2,2,0,null,null],[59,1,1,0,2014,2014],[115,1,1,0,null,null],[98,1,1,0,null,null],[184,1,1,0,null,null],[125,1,1,0,null,null],[150,1,1,0,null,null],[39,1,1,0,null,null],[54,1,1,0,null,null],[85,1,1,0,null,null],[92,1,1,0,null,null],[41,1,1,0,null,null],[202,1,1,0,null,null],[20,1,1,0,null,null],[206,1,1,0,null,null],[207,1,1,0,null,null],[152,1,1,0,null,null],[205,1,1,0,null,null],[109,1,1,0,null,null],[3,1,1,0,null,null],[52,1,1,0,null,null],[76,1,1,0,null,null],[118,1,1,0,null,null]]}},{"type":"Feature","geometry":{"type":"Polygon","coordinates":[[[-155.21214,58.33177],[-155.21423,58.33042],[-155.21308,58.32896],[-155.20983,58.32885],[-155.20774,58.3302],[-155.2089,58.33166],[-155.21214,58.33177]]]},"properties":{"cell":"890cec60ed7ffff","res":9,"coarsened":false,"count":1,"hv":1,"mp":0,"y0":2014,"y1":2014,"sp":[[93,1,1,0,2014,2014]]}},{"type":"Feature","geometry":{"type":"Polygon","coordinates":[[[-155.38437,58.3773],[-155.38645,58.37594],[-155.38529,58.37448],[-155.38203,58.37437],[-155.37995,58.37573],[-155.38111,58.37719],[-155.38437,58.3773]]]},"properties":{"cell":"890cec7894bffff","res":9,"coarsened":false,"count":1,"hv":1,"mp":0,"y0":2014,"y1":2014,"sp":[[15,1,1,0,2014,2014]]}},{"type":"Feature","geometry":{"type":"Polygon","coordinates":[[[-155.73447,58.58224],[-155.73657,58.58087],[-155.73537,58.5794],[-155.73209,58.57931],[-155.73,58.58067],[-155.73119,58.58214],[-155.73447,58.58224]]]},"properties":{"cell":"890cec4a9a3ffff","res":9,"coarsened":false,"count":1,"hv":1,"mp":0,"y0":2015,"y1":2015,"sp":[[22,1,1,0,2015,2015]]}},{"type":"Feature","geometry":{"type":"Polygon","coordinates":[[[-155.85816,58.58443],[-155.86025,58.58306],[-155.85905,58.58159],[-155.85576,58.5815],[-155.85367,58.58287],[-155.85488,58.58433],[-155.85816,58.58443]]]},"properties":{"cell":"890cec4856fffff","res":9,"coarsened":false,"count":1,"hv":1,"mp":0,"y0":2015,"y1":2015,"sp":[[62,1,1,0,2015,2015]]}},{"type":"Feature","geometry":{"type":"Polygon","coordinates":[[[-155.68535,58.50219],[-155.68744,58.50082],[-155.68625,58.49936],[-155.68298,58.49926],[-155.68089,58.50062],[-155.68208,58.50209],[-155.68535,58.50219]]]},"properties":{"cell":"890cec4c2b7ffff","res":9,"coarsened":false,"count":1,"hv":1,"mp":0,"y0":2015,"y1":2015,"sp":[[41,1,1,0,2015,2015]]}},{"type":"Feature","geometry":{"type":"Polygon","coordinates":[[[-155.14544,58.17884],[-155.14752,58.17749],[-155.14638,58.17603],[-155.14315,58.17592],[-155.14107,58.17727],[-155.14221,58.17873],[-155.14544,58.17884]]]},"properties":{"cell":"890ce89b287ffff","res":9,"coarsened":false,"count":1,"hv":1,"mp":0,"y0":2015,"y1":2015,"sp":[[90,1,1,0,2015,2015]]}},{"type":"Feature","geometry":{"type":"Polygon","coordinates":[[[-155.11168,58.19189],[-155.11376,58.19054],[-155.11262,58.18908],[-155.10939,58.18897],[-155.10731,58.19032],[-155.10845,58.19178],[-155.11168,58.19189]]]},"properties":{"cell":"890ce89b093ffff","res":9,"coarsened":false,"count":1,"hv":1,"mp":0,"y0":2015,"y1":2015,"sp":[[90,1,1,0,2015,2015]]}},{"type":"Feature","geometry":{"type":"Polygon","coordinates":[[[-155.15855,58.18354],[-155.16063,58.18219],[-155.15949,58.18073],[-155.15626,58.18062],[-155.15418,58.18197],[-155.15532,58.18343],[-155.15855,58.18354]]]},"properties":{"cell":"890ce89b66fffff","res":9,"coarsened":false,"count":1,"hv":1,"mp":0,"y0":2015,"y1":2015,"sp":[[32,1,1,0,2015,2015]]}},{"type":"Feature","geometry":{"type":"Polygon","coordinates":[[[-156.45148,58.68464],[-156.45355,58.68326],[-156.45231,58.6818],[-156.449,58.68172],[-156.44693,58.6831],[-156.44817,58.68456],[-156.45148,58.68464]]]},"properties":{"cell":"890cee9ad77ffff","res":9,"coarsened":false,"count":1,"hv":1,"mp":0,"y0":2016,"y1":2016,"sp":[[59,1,1,0,2016,2016]]}},{"type":"Feature","geometry":{"type":"Polygon","coordinates":[[[-156.41753,58.69815],[-156.4196,58.69677],[-156.41836,58.6953],[-156.41505,58.69522],[-156.41298,58.6966],[-156.41422,58.69807],[-156.41753,58.69815]]]},"properties":{"cell":"890cee91e0bffff","res":9,"coarsened":false,"count":1,"hv":1,"mp":0,"y0":2016,"y1":2016,"sp":[[63,1,1,0,2016,2016]]}},{"type":"Feature","geometry":{"type":"Polygon","coordinates":[[[-155.33997,58.37729],[-155.39199,58.35903],[-155.3903,58.32907],[-155.33669,58.31737],[-155.28473,58.3356],[-155.28631,58.36556],[-155.33997,58.37729]]]},"properties":{"cell":"860cec617ffffff","res":6,"coarsened":true,"count":1,"hv":1,"mp":0,"y0":2019,"y1":2019,"sp":[[0,1,1,0,2019,2019]]}},{"type":"Feature","geometry":{"type":"Polygon","coordinates":[[[-155.16381,58.27039],[-155.1659,58.26904],[-155.16475,58.26758],[-155.16151,58.26747],[-155.15942,58.26882],[-155.16057,58.27029],[-155.16381,58.27039]]]},"properties":{"cell":"890cec652d7ffff","res":9,"coarsened":false,"count":1,"hv":1,"mp":0,"y0":2019,"y1":2019,"sp":[[90,1,1,0,2019,2019]]}},{"type":"Feature","geometry":{"type":"Polygon","coordinates":[[[-155.3899,58.36038],[-155.39199,58.35903],[-155.39083,58.35756],[-155.38758,58.35746],[-155.38549,58.35882],[-155.38665,58.36028],[-155.3899,58.36038]]]},"properties":{"cell":"890cec6165bffff","res":9,"coarsened":false,"count":3,"hv":3,"mp":0,"y0":2019,"y1":2019,"sp":[[72,2,2,0,null,null],[16,1,1,0,2019,2019]]}},{"type":"Feature","geometry":{"type":"Polygon","coordinates":[[[-154.28128,58.34839],[-154.33368,58.33061],[-154.33313,58.30073],[-154.2803,58.28863],[-154.22796,58.30638],[-154.22839,58.33626],[-154.28128,58.34839]]]},"properties":{"cell":"860cec247ffffff","res":6,"coarsened":true,"count":28,"hv":28,"mp":0,"y0":2010,"y1":2024,"sp":[[0,24,24,0,2010,2024],[1,4,4,0,2010,2010]]}},{"type":"Feature","geometry":{"type":"Polygon","coordinates":[[[-154.2893,58.31316],[-154.29143,58.31183],[-154.29033,58.31036],[-154.2871,58.31023],[-154.28497,58.31156],[-154.28607,58.31303],[-154.2893,58.31316]]]},"properties":{"cell":"890cec24063ffff","res":9,"coarsened":false,"count":7,"hv":7,"mp":0,"y0":2010,"y1":2010,"sp":[[35,3,3,0,2010,2010],[67,2,2,0,2010,2010],[11,1,1,0,2010,2010],[60,1,1,0,2010,2010]]}},{"type":"Feature","geometry":{"type":"Polygon","coordinates":[[[-154.18114,58.33999],[-154.18327,58.33865],[-154.18218,58.33719],[-154.17895,58.33705],[-154.17682,58.33838],[-154.17791,58.33985],[-154.18114,58.33999]]]},"properties":{"cell":"890cec26c7bffff","res":9,"coarsened":false,"count":11,"hv":11,"mp":0,"y0":2010,"y1":2010,"sp":[[34,4,4,0,2010,2010],[101,2,2,0,2010,2010],[98,1,1,0,2010,2010],[20,1,1,0,2010,2010],[99,1,1,0,2010,2010],[100,1,1,0,2010,2010],[11,1,1,0,2010,2010]]}},{"type":"Feature","geometry":{"type":"Polygon","coordinates":[[[-154.22926,58.39605],[-154.28177,58.37829],[-154.28128,58.34839],[-154.22839,58.33626],[-154.17594,58.35399],[-154.17632,58.38389],[-154.22926,58.39605]]]},"properties":{"cell":"860cec267ffffff","res":6,"coarsened":true,"count":1,"hv":1,"mp":0,"y0":2010,"y1":2010,"sp":[[1,1,1,0,2010,2010]]}},{"type":"Feature","geometry":{"type":"Polygon","coordinates":[[[-155.17566,58.64729],[-155.17778,58.64593],[-155.17661,58.64446],[-155.17333,58.64435],[-155.17121,58.6457],[-155.17238,58.64717],[-155.17566,58.64729]]]},"properties":{"cell":"890cec086c7ffff","res":9,"coarsened":false,"count":1,"hv":1,"mp":0,"y0":2020,"y1":2020,"sp":[[100,1,1,0,2020,2020]]}},{"type":"Feature","geometry":{"type":"Polygon","coordinates":[[[-155.09919,58.6232],[-155.1013,58.62184],[-155.10015,58.62037],[-155.09687,58.62026],[-155.09475,58.62161],[-155.09591,58.62308],[-155.09919,58.6232]]]},"properties":{"cell":"890cec081bbffff","res":9,"coarsened":false,"count":1,"hv":1,"mp":0,"y0":2020,"y1":2020,"sp":[[100,1,1,0,2020,2020]]}},{"type":"Feature","geometry":{"type":"Polygon","coordinates":[[[-155.08144,58.61686],[-155.08356,58.6155],[-155.0824,58.61403],[-155.07913,58.61392],[-155.07701,58.61527],[-155.07816,58.61674],[-155.08144,58.61686]]]},"properties":{"cell":"890cec08cd7ffff","res":9,"coarsened":false,"count":1,"hv":1,"mp":0,"y0":2020,"y1":2020,"sp":[[100,1,1,0,2020,2020]]}},{"type":"Feature","geometry":{"type":"Polygon","coordinates":[[[-154.54119,58.19957],[-154.59321,58.18169],[-154.59238,58.15187],[-154.53966,58.13992],[-154.4877,58.15776],[-154.48841,58.18758],[-154.54119,58.19957]]]},"properties":{"cell":"860ce8967ffffff","res":6,"coarsened":true,"count":1,"hv":1,"mp":0,"y0":2008,"y1":2008,"sp":[[0,1,1,0,2008,2008]]}},{"type":"Feature","geometry":{"type":"Polygon","coordinates":[[[-155.36501,58.8284],[-155.41788,58.81006],[-155.41612,58.77989],[-155.36162,58.76807],[-155.30881,58.78638],[-155.31045,58.81655],[-155.36501,58.8284]]]},"properties":{"cell":"860ceccdfffffff","res":6,"coarsened":true,"count":3,"hv":3,"mp":0,"y0":2021,"y1":2023,"sp":[[0,3,3,0,2021,2023]]}},{"type":"Feature","geometry":{"type":"Polygon","coordinates":[[[-155.3357,58.79588],[-155.33783,58.79452],[-155.33665,58.79305],[-155.33334,58.79294],[-155.33122,58.7943],[-155.3324,58.79577],[-155.3357,58.79588]]]},"properties":{"cell":"890ceccd9d7ffff","res":9,"coarsened":false,"count":7,"hv":7,"mp":0,"y0":2023,"y1":2023,"sp":[[3,2,2,0,2023,2023],[71,1,1,0,2023,2023],[19,1,1,0,2023,2023],[67,1,1,0,2023,2023],[34,1,1,0,2023,2023],[7,1,1,0,2023,2023]]}},{"type":"Feature","geometry":{"type":"Polygon","coordinates":[[[-155.32745,58.80564],[-155.32957,58.80428],[-155.32839,58.80281],[-155.32509,58.8027],[-155.32296,58.80406],[-155.32414,58.80553],[-155.32745,58.80564]]]},"properties":{"cell":"890ceccdd0fffff","res":9,"coarsened":false,"count":1,"hv":1,"mp":0,"y0":2023,"y1":2023,"sp":[[3,1,1,0,2023,2023]]}},{"type":"Feature","geometry":{"type":"Polygon","coordinates":[[[-153.59412,58.69754],[-153.64746,58.68002],[-153.64766,58.65002],[-153.59463,58.63756],[-153.54135,58.65505],[-153.54104,58.68504],[-153.59412,58.69754]]]},"properties":{"cell":"860c5368fffffff","res":6,"coarsened":true,"count":2,"hv":2,"mp":0,"y0":2023,"y1":2023,"sp":[[0,1,1,0,2023,2023],[1,1,1,0,null,null]]}},{"type":"Feature","geometry":{"type":"Polygon","coordinates":[[[-155.79359,58.56826],[-155.79568,58.56689],[-155.79448,58.56542],[-155.79119,58.56533],[-155.78911,58.5667],[-155.7903,58.56816],[-155.79359,58.56826]]]},"properties":{"cell":"890cec4ab73ffff","res":9,"coarsened":false,"count":1,"hv":1,"mp":0,"y0":2023,"y1":2023,"sp":[[104,1,1,0,2023,2023]]}},{"type":"Feature","geometry":{"type":"Polygon","coordinates":[[[-156.20171,58.41811],[-156.20377,58.41673],[-156.20256,58.41528],[-156.19928,58.41519],[-156.19722,58.41656],[-156.19844,58.41802],[-156.20171,58.41811]]]},"properties":{"cell":"890ceebb1b3ffff","res":9,"coarsened":false,"count":1,"hv":1,"mp":0,"y0":2023,"y1":2023,"sp":[[49,1,1,0,2023,2023]]}},{"type":"Feature","geometry":{"type":"Polygon","coordinates":[[[-154.97853,59.20757],[-154.9807,59.20621],[-154.97952,59.20472],[-154.97618,59.2046],[-154.97401,59.20596],[-154.97518,59.20745],[-154.97853,59.20757]]]},"properties":{"cell":"890c526c69bffff","res":9,"coarsened":false,"count":1,"hv":1,"mp":0,"y0":2023,"y1":2023,"sp":[[46,1,1,0,2023,2023]]}},{"type":"Feature","geometry":{"type":"Polygon","coordinates":[[[-154.97227,58.58727],[-154.97439,58.58592],[-154.97324,58.58445],[-154.96997,58.58433],[-154.96784,58.58569],[-154.96899,58.58716],[-154.97227,58.58727]]]},"properties":{"cell":"890cec0f02fffff","res":9,"coarsened":false,"count":2,"hv":2,"mp":0,"y0":2020,"y1":2025,"sp":[[19,1,1,0,2020,2020],[35,1,1,0,2025,2025]]}},{"type":"Feature","geometry":{"type":"Polygon","coordinates":[[[-155.59427,59.0197],[-155.5964,59.01833],[-155.5952,59.01686],[-155.59186,59.01675],[-155.58973,59.01812],[-155.59094,59.0196],[-155.59427,59.0197]]]},"properties":{"cell":"890ce136da3ffff","res":9,"coarsened":false,"count":1,"hv":1,"mp":0,"y0":2018,"y1":2018,"sp":[[105,1,1,0,2018,2018]]}},{"type":"Feature","geometry":{"type":"Polygon","coordinates":[[[-155.01119,58.1274],[-155.06288,58.10933],[-155.06155,58.07951],[-155.00865,58.06776],[-154.95701,58.08581],[-154.95823,58.11562],[-155.01119,58.1274]]]},"properties":{"cell":"860ce898fffffff","res":6,"coarsened":true,"count":1,"hv":1,"mp":0,"y0":2021,"y1":2021,"sp":[[0,1,1,0,2021,2021]]}},{"type":"Feature","geometry":{"type":"Polygon","coordinates":[[[-155.62699,59.02793],[-155.62912,59.02656],[-155.62791,59.02508],[-155.62458,59.02497],[-155.62245,59.02635],[-155.62366,59.02782],[-155.62699,59.02793]]]},"properties":{"cell":"890ce136cafffff","res":9,"coarsened":false,"count":5,"hv":5,"mp":0,"y0":2024,"y1":2024,"sp":[[14,1,1,0,2024,2024],[42,1,1,0,2024,2024],[107,1,1,0,2024,2024],[47,1,1,0,2024,2024],[23,1,1,0,2024,2024]]}},{"type":"Feature","geometry":{"type":"Polygon","coordinates":[[[-155.62153,59.0292],[-155.62366,59.02782],[-155.62245,59.02635],[-155.61911,59.02624],[-155.61698,59.02761],[-155.61819,59.02909],[-155.62153,59.0292]]]},"properties":{"cell":"890ce136ca7ffff","res":9,"coarsened":false,"count":2,"hv":2,"mp":0,"y0":2024,"y1":2024,"sp":[[17,1,1,0,2024,2024],[6,1,1,0,2024,2024]]}},{"type":"Feature","geometry":{"type":"Polygon","coordinates":[[[-155.62607,59.03078],[-155.6282,59.0294],[-155.62699,59.02793],[-155.62366,59.02782],[-155.62153,59.0292],[-155.62273,59.03067],[-155.62607,59.03078]]]},"properties":{"cell":"890ce136ca3ffff","res":9,"coarsened":false,"count":1,"hv":1,"mp":0,"y0":2024,"y1":2024,"sp":[[108,1,1,0,2024,2024]]}},{"type":"Feature","geometry":{"type":"Polygon","coordinates":[[[-155.67565,58.84547],[-155.67777,58.8441],[-155.67656,58.84263],[-155.67325,58.84253],[-155.67113,58.8439],[-155.67234,58.84537],[-155.67565,58.84547]]]},"properties":{"cell":"890cec536c3ffff","res":9,"coarsened":false,"count":1,"hv":1,"mp":0,"y0":2024,"y1":2024,"sp":[[109,1,1,0,2024,2024]]}},{"type":"Feature","geometry":{"type":"Polygon","coordinates":[[[-155.15065,58.26568],[-155.15274,58.26433],[-155.1516,58.26287],[-155.14836,58.26276],[-155.14627,58.26411],[-155.14742,58.26557],[-155.15065,58.26568]]]},"properties":{"cell":"890cec652bbffff","res":9,"coarsened":false,"count":1,"hv":1,"mp":0,"y0":2024,"y1":2024,"sp":[[110,1,1,0,2024,2024]]}},{"type":"Feature","geometry":{"type":"Polygon","coordinates":[[[-154.07456,58.44081],[-154.07671,58.43948],[-154.07562,58.43801],[-154.07238,58.43787],[-154.07024,58.4392],[-154.07133,58.44067],[-154.07456,58.44081]]]},"properties":{"cell":"890cedcb457ffff","res":9,"coarsened":false,"count":1,"hv":1,"mp":0,"y0":2024,"y1":2024,"sp":[[10,1,1,0,2024,2024]]}},{"type":"Feature","geometry":{"type":"Polygon","coordinates":[[[-154.06918,58.442],[-154.07133,58.44067],[-154.07024,58.4392],[-154.067,58.43906],[-154.06486,58.44039],[-154.06595,58.44187],[-154.06918,58.442]]]},"properties":{"cell":"890cedcb41bffff","res":9,"coarsened":false,"count":2,"hv":2,"mp":0,"y0":2024,"y1":2024,"sp":[[53,1,1,0,2024,2024],[10,1,1,0,2024,2024]]}},{"type":"Feature","geometry":{"type":"Polygon","coordinates":[[[-154.081,58.43681],[-154.08314,58.43548],[-154.08205,58.43401],[-154.07882,58.43387],[-154.07667,58.4352],[-154.07776,58.43667],[-154.081,58.43681]]]},"properties":{"cell":"890cedcb44fffff","res":9,"coarsened":false,"count":1,"hv":1,"mp":0,"y0":2024,"y1":2024,"sp":[[51,1,1,0,2024,2024]]}},{"type":"Feature","geometry":{"type":"Polygon","coordinates":[[[-154.01889,58.49684],[-154.07167,58.47915],[-154.0714,58.44922],[-154.01847,58.43698],[-153.96574,58.45463],[-153.96589,58.48456],[-154.01889,58.49684]]]},"properties":{"cell":"860cedd9fffffff","res":6,"coarsened":true,"count":10,"hv":10,"mp":0,"y0":2023,"y1":2024,"sp":[[1,6,6,0,null,null],[0,4,4,0,2023,2024]]}},{"type":"Feature","geometry":{"type":"Polygon","coordinates":[[[-154.02929,58.44314],[-154.03144,58.44181],[-154.03035,58.44034],[-154.02711,58.4402],[-154.02497,58.44153],[-154.02606,58.443],[-154.02929,58.44314]]]},"properties":{"cell":"890cedd9b77ffff","res":9,"coarsened":false,"count":1,"hv":1,"mp":0,"y0":2024,"y1":2024,"sp":[[100,1,1,0,2024,2024]]}},{"type":"Feature","geometry":{"type":"Polygon","coordinates":[[[-154.58602,58.11475],[-154.58812,58.11342],[-154.58701,58.11196],[-154.5838,58.11183],[-154.5817,58.11317],[-154.58281,58.11463],[-154.58602,58.11475]]]},"properties":{"cell":"890ce89402fffff","res":9,"coarsened":false,"count":2,"hv":2,"mp":0,"y0":2024,"y1":2024,"sp":[[112,1,1,0,2024,2024],[35,1,1,0,2024,2024]]}},{"type":"Feature","geometry":{"type":"Polygon","coordinates":[[[-154.08428,58.44122],[-154.08642,58.43989],[-154.08533,58.43842],[-154.08209,58.43828],[-154.07995,58.43961],[-154.08104,58.44109],[-154.08428,58.44122]]]},"properties":{"cell":"890cedcb45bffff","res":9,"coarsened":false,"count":1,"hv":1,"mp":0,"y0":2024,"y1":2024,"sp":[[26,1,1,0,2024,2024]]}},{"type":"Feature","geometry":{"type":"Polygon","coordinates":[[[-155.88205,58.52365],[-155.93412,58.50513],[-155.93182,58.47507],[-155.87758,58.46355],[-155.82556,58.48204],[-155.82775,58.51209],[-155.88205,58.52365]]]},"properties":{"cell":"860ceeb27ffffff","res":6,"coarsened":true,"count":8,"hv":8,"mp":0,"y0":2024,"y1":2024,"sp":[[1,7,7,0,null,null],[0,1,1,0,2024,2024]]}},{"type":"Feature","geometry":{"type":"Polygon","coordinates":[[[-154.37439,58.26828],[-154.37651,58.26694],[-154.37541,58.26548],[-154.37219,58.26535],[-154.37007,58.26668],[-154.37117,58.26815],[-154.37439,58.26828]]]},"properties":{"cell":"890cec25ac7ffff","res":9,"coarsened":false,"count":1,"hv":1,"mp":0,"y0":2024,"y1":2024,"sp":[[11,1,1,0,2024,2024]]}},{"type":"Feature","geometry":{"type":"Polygon","coordinates":[[[-155.11709,58.9822],[-155.11924,58.98083],[-155.11806,58.97936],[-155.11474,58.97924],[-155.11259,58.9806],[-155.11377,58.98208],[-155.11709,58.9822]]]},"properties":{"cell":"890cecc29abffff","res":9,"coarsened":false,"count":1,"hv":1,"mp":0,"y0":2024,"y1":2024,"sp":[[38,1,1,0,2024,2024]]}},{"type":"Feature","geometry":{"type":"Polygon","coordinates":[[[-154.32346,58.30033],[-154.32558,58.299],[-154.32448,58.29753],[-154.32126,58.2974],[-154.31913,58.29874],[-154.32023,58.3002],[-154.32346,58.30033]]]},"properties":{"cell":"890cec25c9bffff","res":9,"coarsened":false,"count":1,"hv":1,"mp":0,"y0":2024,"y1":2024,"sp":[[51,1,1,0,2024,2024]]}},{"type":"Feature","geometry":{"type":"Polygon","coordinates":[[[-154.32881,58.29913],[-154.33093,58.29779],[-154.32983,58.29633],[-154.32661,58.2962],[-154.32448,58.29753],[-154.32558,58.299],[-154.32881,58.29913]]]},"properties":{"cell":"890cec25cd7ffff","res":9,"coarsened":false,"count":1,"hv":1,"mp":0,"y0":2024,"y1":2024,"sp":[[53,1,1,0,2024,2024]]}},{"type":"Feature","geometry":{"type":"Polygon","coordinates":[[[-154.32243,58.30314],[-154.32456,58.3018],[-154.32346,58.30033],[-154.32023,58.3002],[-154.31811,58.30154],[-154.31921,58.30301],[-154.32243,58.30314]]]},"properties":{"cell":"890cec24267ffff","res":9,"coarsened":false,"count":1,"hv":1,"mp":0,"y0":2024,"y1":2024,"sp":[[88,1,1,0,2024,2024]]}},{"type":"Feature","geometry":{"type":"Polygon","coordinates":[[[-155.11418,58.99072],[-155.11632,58.98936],[-155.11515,58.98788],[-155.11183,58.98776],[-155.10968,58.98912],[-155.11085,58.9906],[-155.11418,58.99072]]]},"properties":{"cell":"890cecc2997ffff","res":9,"coarsened":false,"count":1,"hv":1,"mp":0,"y0":2024,"y1":2024,"sp":[[3,1,1,0,2024,2024]]}},{"type":"Feature","geometry":{"type":"Polygon","coordinates":[[[-155.09619,58.98433],[-155.09834,58.98297],[-155.09716,58.98149],[-155.09384,58.98137],[-155.09169,58.98274],[-155.09287,58.98421],[-155.09619,58.98433]]]},"properties":{"cell":"890cecd5a63ffff","res":9,"coarsened":false,"count":1,"hv":1,"mp":0,"y0":2024,"y1":2024,"sp":[[77,1,1,0,2024,2024]]}},{"type":"Feature","geometry":{"type":"Polygon","coordinates":[[[-155.10421,58.99037],[-155.10636,58.989],[-155.10518,58.98753],[-155.10186,58.98741],[-155.09971,58.98877],[-155.10089,58.99025],[-155.10421,58.99037]]]},"properties":{"cell":"890cecd5a43ffff","res":9,"coarsened":false,"count":1,"hv":1,"mp":0,"y0":2024,"y1":2024,"sp":[[22,1,1,0,2024,2024]]}},{"type":"Feature","geometry":{"type":"Polygon","coordinates":[[[-154.17906,58.34559],[-154.18119,58.34426],[-154.1801,58.34279],[-154.17687,58.34265],[-154.17474,58.34399],[-154.17583,58.34545],[-154.17906,58.34559]]]},"properties":{"cell":"890cec26c57ffff","res":9,"coarsened":false,"count":1,"hv":1,"mp":0,"y0":2024,"y1":2024,"sp":[[11,1,1,0,2024,2024]]}},{"type":"Feature","geometry":{"type":"Polygon","coordinates":[[[-154.96153,59.22714],[-154.9637,59.22578],[-154.96252,59.22429],[-154.95918,59.22417],[-154.957,59.22553],[-154.95818,59.22702],[-154.96153,59.22714]]]},"properties":{"cell":"890c526f197ffff","res":9,"coarsened":false,"count":1,"hv":1,"mp":0,"y0":2024,"y1":2024,"sp":[[46,1,1,0,2024,2024]]}},{"type":"Feature","geometry":{"type":"Polygon","coordinates":[[[-155.51487,58.38571],[-155.51695,58.38435],[-155.51578,58.38288],[-155.51252,58.38278],[-155.51044,58.38414],[-155.51161,58.3856],[-155.51487,58.38571]]]},"properties":{"cell":"890cec79853ffff","res":9,"coarsened":false,"count":1,"hv":1,"mp":0,"y0":2019,"y1":2019,"sp":[[26,1,1,0,2019,2019]]}},{"type":"Feature","geometry":{"type":"Polygon","coordinates":[[[-155.27794,58.90873],[-155.28008,58.90737],[-155.2789,58.90589],[-155.27558,58.90578],[-155.27345,58.90715],[-155.27463,58.90862],[-155.27794,58.90873]]]},"properties":{"cell":"890cecce6a3ffff","res":9,"coarsened":false,"count":2,"hv":2,"mp":0,"y0":2024,"y1":2024,"sp":[[115,2,2,0,2024,2024]]}},{"type":"Feature","geometry":{"type":"Polygon","coordinates":[[[-155.07323,59.18361],[-155.0754,59.18225],[-155.07422,59.18076],[-155.07087,59.18064],[-155.06871,59.18201],[-155.06989,59.18349],[-155.07323,59.18361]]]},"properties":{"cell":"890c526d053ffff","res":9,"coarsened":false,"count":1,"hv":1,"mp":0,"y0":2024,"y1":2024,"sp":[[116,1,1,0,2024,2024]]}},{"type":"Feature","geometry":{"type":"Polygon","coordinates":[[[-155.6488,59.03868],[-155.70195,59.02018],[-155.69987,58.9899],[-155.64476,58.97813],[-155.59167,58.9966],[-155.59363,59.02688],[-155.6488,59.03868]]]},"properties":{"cell":"860ce136fffffff","res":6,"coarsened":true,"count":2,"hv":2,"mp":0,"y0":2024,"y1":2024,"sp":[[1,2,2,0,2024,2024]]}},{"type":"Feature","geometry":{"type":"Polygon","coordinates":[[[-155.60328,59.0387],[-155.60541,59.03732],[-155.6042,59.03585],[-155.60086,59.03574],[-155.59873,59.03711],[-155.59994,59.03859],[-155.60328,59.0387]]]},"properties":{"cell":"890cecd9303ffff","res":9,"coarsened":false,"count":1,"hv":1,"mp":0,"y0":2024,"y1":2024,"sp":[[89,1,1,0,2024,2024]]}},{"type":"Feature","geometry":{"type":"Polygon","coordinates":[[[-155.60967,59.03458],[-155.6118,59.03321],[-155.61059,59.03173],[-155.60726,59.03163],[-155.60513,59.033],[-155.60633,59.03447],[-155.60967,59.03458]]]},"properties":{"cell":"890cecd9373ffff","res":9,"coarsened":false,"count":1,"hv":1,"mp":0,"y0":2024,"y1":2024,"sp":[[19,1,1,0,2024,2024]]}},{"type":"Feature","geometry":{"type":"Polygon","coordinates":[[[-155.77567,58.56201],[-155.77775,58.56065],[-155.77656,58.55918],[-155.77327,58.55908],[-155.77119,58.56045],[-155.77238,58.56192],[-155.77567,58.56201]]]},"properties":{"cell":"890cec4f65bffff","res":9,"coarsened":false,"count":1,"hv":1,"mp":0,"y0":2024,"y1":2024,"sp":[[17,1,1,0,2024,2024]]}},{"type":"Feature","geometry":{"type":"Polygon","coordinates":[[[-155.25924,58.32338],[-155.26133,58.32202],[-155.26017,58.32056],[-155.25693,58.32045],[-155.25484,58.32181],[-155.25599,58.32327],[-155.25924,58.32338]]]},"properties":{"cell":"890cec61ddbffff","res":9,"coarsened":false,"count":1,"hv":1,"mp":0,"y0":2018,"y1":2018,"sp":[[93,1,1,0,2018,2018]]}},{"type":"Feature","geometry":{"type":"Polygon","coordinates":[[[-154.78754,59.15864],[-154.78972,59.15728],[-154.78855,59.15579],[-154.78522,59.15567],[-154.78304,59.15702],[-154.78421,59.15851],[-154.78754,59.15864]]]},"properties":{"cell":"890cec9b0d7ffff","res":9,"coarsened":false,"count":1,"hv":1,"mp":0,"y0":2024,"y1":2024,"sp":[[90,1,1,0,2024,2024]]}},{"type":"Feature","geometry":{"type":"Polygon","coordinates":[[[-154.74852,59.15426],[-154.7507,59.15291],[-154.74954,59.15142],[-154.7462,59.15129],[-154.74403,59.15265],[-154.74519,59.15413],[-154.74852,59.15426]]]},"properties":{"cell":"890cec9b577ffff","res":9,"coarsened":false,"count":1,"hv":1,"mp":0,"y0":2024,"y1":2024,"sp":[[90,1,1,0,2024,2024]]}},{"type":"Feature","geometry":{"type":"Polygon","coordinates":[[[-154.75618,59.11855],[-154.75836,59.11719],[-154.7572,59.11571],[-154.75386,59.11558],[-154.75169,59.11694],[-154.75285,59.11842],[-154.75618,59.11855]]]},"properties":{"cell":"890cec98607ffff","res":9,"coarsened":false,"count":1,"hv":1,"mp":0,"y0":2024,"y1":2024,"sp":[[90,1,1,0,2024,2024]]}},{"type":"Feature","geometry":{"type":"Polygon","coordinates":[[[-154.58368,58.10758],[-154.58578,58.10624],[-154.58468,58.10478],[-154.58147,58.10466],[-154.57937,58.106],[-154.58048,58.10746],[-154.58368,58.10758]]]},"properties":{"cell":"890ce8943b3ffff","res":9,"coarsened":false,"count":1,"hv":1,"mp":0,"y0":2024,"y1":2024,"sp":[[34,1,1,0,2024,2024]]}},{"type":"Feature","geometry":{"type":"Polygon","coordinates":[[[-154.95954,59.23284],[-154.96171,59.23147],[-154.96053,59.22999],[-154.95718,59.22986],[-154.95501,59.23123],[-154.95619,59.23271],[-154.95954,59.23284]]]},"properties":{"cell":"890c526f523ffff","res":9,"coarsened":false,"count":1,"hv":1,"mp":0,"y0":2024,"y1":2024,"sp":[[46,1,1,0,2024,2024]]}},{"type":"Feature","geometry":{"type":"Polygon","coordinates":[[[-156.15322,58.3983],[-156.15528,58.39693],[-156.15407,58.39547],[-156.1508,58.39538],[-156.14874,58.39676],[-156.14995,58.39821],[-156.15322,58.3983]]]},"properties":{"cell":"890ceeb858bffff","res":9,"coarsened":false,"count":1,"hv":1,"mp":0,"y0":2024,"y1":2024,"sp":[[75,1,1,0,2024,2024]]}},{"type":"Feature","geometry":{"type":"Polygon","coordinates":[[[-154.93142,58.76318],[-154.98434,58.74505],[-154.98307,58.71493],[-154.929,58.70296],[-154.87613,58.72107],[-154.87728,58.75118],[-154.93142,58.76318]]]},"properties":{"cell":"860cec037ffffff","res":6,"coarsened":true,"count":1,"hv":1,"mp":0,"y0":2024,"y1":2024,"sp":[[0,1,1,0,2024,2024]]}},{"type":"Feature","geometry":{"type":"Polygon","coordinates":[[[-155.38087,58.37291],[-155.38296,58.37155],[-155.38179,58.37009],[-155.37854,58.36999],[-155.37645,58.37134],[-155.37762,58.37281],[-155.38087,58.37291]]]},"properties":{"cell":"890cec78bb7ffff","res":9,"coarsened":false,"count":1,"hv":1,"mp":0,"y0":2024,"y1":2024,"sp":[[15,1,1,0,2024,2024]]}},{"type":"Feature","geometry":{"type":"Polygon","coordinates":[[[-155.80785,58.53866],[-155.80993,58.53729],[-155.80873,58.53583],[-155.80545,58.53573],[-155.80337,58.5371],[-155.80456,58.53856],[-155.80785,58.53866]]]},"properties":{"cell":"890cec489c3ffff","res":9,"coarsened":false,"count":1,"hv":1,"mp":0,"y0":2024,"y1":2024,"sp":[[82,1,1,0,2024,2024]]}},{"type":"Feature","geometry":{"type":"Polygon","coordinates":[[[-154.93745,59.23779],[-154.93962,59.23643],[-154.93845,59.23494],[-154.9351,59.23482],[-154.93292,59.23618],[-154.9341,59.23767],[-154.93745,59.23779]]]},"properties":{"cell":"890c526e66fffff","res":9,"coarsened":false,"count":1,"hv":1,"mp":0,"y0":2024,"y1":2024,"sp":[[90,1,1,0,2024,2024]]}},{"type":"Feature","geometry":{"type":"Polygon","coordinates":[[[-154.46541,58.1654],[-154.46752,58.16407],[-154.46642,58.16261],[-154.46321,58.16248],[-154.4611,58.16382],[-154.4622,58.16528],[-154.46541,58.1654]]]},"properties":{"cell":"890ced59233ffff","res":9,"coarsened":false,"count":1,"hv":1,"mp":0,"y0":2024,"y1":2024,"sp":[[32,1,1,0,2024,2024]]}},{"type":"Feature","geometry":{"type":"Polygon","coordinates":[[[-154.21859,58.252],[-154.22072,58.25067],[-154.21962,58.24921],[-154.21641,58.24907],[-154.21428,58.25041],[-154.21538,58.25187],[-154.21859,58.252]]]},"properties":{"cell":"890ced516cbffff","res":9,"coarsened":false,"count":1,"hv":1,"mp":0,"y0":2023,"y1":2023,"sp":[[32,1,1,0,2023,2023]]}},{"type":"Feature","geometry":{"type":"Polygon","coordinates":[[[-154.70846,58.50477],[-154.76098,58.48678],[-154.75996,58.4568],[-154.70654,58.44482],[-154.65407,58.46279],[-154.65497,58.49276],[-154.70846,58.50477]]]},"properties":{"cell":"860cec387ffffff","res":6,"coarsened":true,"count":1,"hv":1,"mp":0,"y0":2024,"y1":2024,"sp":[[0,1,1,0,2024,2024]]}},{"type":"Feature","geometry":{"type":"Polygon","coordinates":[[[-155.00413,59.20706],[-155.00629,59.2057],[-155.00512,59.20422],[-155.00177,59.20409],[-154.9996,59.20546],[-155.00078,59.20694],[-155.00413,59.20706]]]},"properties":{"cell":"890c526f333ffff","res":9,"coarsened":false,"count":2,"hv":2,"mp":0,"y0":2019,"y1":2025,"sp":[[117,1,1,0,2019,2019],[56,1,1,0,2025,2025]]}},{"type":"Feature","geometry":{"type":"Polygon","coordinates":[[[-155.0306,58.57649],[-155.08313,58.55834],[-155.08176,58.5283],[-155.02798,58.51643],[-154.97551,58.53455],[-154.97676,58.56458],[-155.0306,58.57649]]]},"properties":{"cell":"860cec0d7ffffff","res":6,"coarsened":true,"count":11,"hv":11,"mp":0,"y0":1995,"y1":1995,"sp":[[0,11,11,0,1995,1995]]}},{"type":"Feature","geometry":{"type":"Polygon","coordinates":[[[-154.5754,58.11718],[-154.5775,58.11585],[-154.57639,58.11439],[-154.57318,58.11426],[-154.57108,58.1156],[-154.57219,58.11706],[-154.5754,58.11718]]]},"properties":{"cell":"890ce8941cbffff","res":9,"coarsened":false,"count":1,"hv":1,"mp":0,"y0":2025,"y1":2025,"sp":[[32,1,1,0,2025,2025]]}},{"type":"Feature","geometry":{"type":"Polygon","coordinates":[[[-154.56344,58.10964],[-154.56555,58.1083],[-154.56444,58.10684],[-154.56123,58.10672],[-154.55913,58.10806],[-154.56024,58.10952],[-154.56344,58.10964]]]},"properties":{"cell":"890ce89410fffff","res":9,"coarsened":false,"count":1,"hv":1,"mp":0,"y0":2025,"y1":2025,"sp":[[32,1,1,0,2025,2025]]}},{"type":"Feature","geometry":{"type":"Polygon","coordinates":[[[-154.43634,58.20541],[-154.48841,58.18758],[-154.4877,58.15776],[-154.43503,58.14577],[-154.38302,58.16357],[-154.38362,58.19339],[-154.43634,58.20541]]]},"properties":{"cell":"860ced597ffffff","res":6,"coarsened":true,"count":20,"hv":20,"mp":0,"y0":2025,"y1":2026,"sp":[[1,16,16,0,2025,2026],[0,4,4,0,2025,2026]]}},{"type":"Feature","geometry":{"type":"Polygon","coordinates":[[[-154.44671,58.19021],[-154.44882,58.18887],[-154.44772,58.18741],[-154.4445,58.18728],[-154.44239,58.18862],[-154.4435,58.19008],[-154.44671,58.19021]]]},"properties":{"cell":"890ced596b7ffff","res":9,"coarsened":false,"count":7,"hv":7,"mp":0,"y0":2025,"y1":2026,"sp":[[112,2,2,0,2025,2026],[12,1,1,0,2026,2026],[99,1,1,0,2026,2026],[20,1,1,0,2026,2026],[5,1,1,0,2026,2026],[35,1,1,0,2026,2026]]}},{"type":"Feature","geometry":{"type":"Polygon","coordinates":[[[-154.43438,58.11597],[-154.48628,58.09816],[-154.48557,58.06838],[-154.43307,58.05641],[-154.38123,58.0742],[-154.38182,58.10397],[-154.43438,58.11597]]]},"properties":{"cell":"860ced4b7ffffff","res":6,"coarsened":true,"count":18,"hv":18,"mp":0,"y0":2025,"y1":2025,"sp":[[1,17,17,0,2025,2025],[0,1,1,0,null,null]]}},{"type":"Feature","geometry":{"type":"Polygon","coordinates":[[[-154.98643,59.05374],[-154.98858,59.05238],[-154.98741,59.05089],[-154.98409,59.05077],[-154.98193,59.05213],[-154.9831,59.05362],[-154.98643,59.05374]]]},"properties":{"cell":"890cecd4087ffff","res":9,"coarsened":false,"count":1,"hv":1,"mp":0,"y0":2025,"y1":2025,"sp":[[90,1,1,0,2025,2025]]}},{"type":"Feature","geometry":{"type":"Polygon","coordinates":[[[-154.15877,58.98506],[-154.16096,58.98371],[-154.15984,58.98223],[-154.15653,58.98209],[-154.15435,58.98343],[-154.15547,58.98492],[-154.15877,58.98506]]]},"properties":{"cell":"890c534935bffff","res":9,"coarsened":false,"count":1,"hv":1,"mp":0,"y0":2025,"y1":2025,"sp":[[99,1,1,0,2025,2025]]}},{"type":"Feature","geometry":{"type":"Polygon","coordinates":[[[-154.13069,59.0327],[-154.18448,59.01489],[-154.18408,58.9847],[-154.13002,58.97233],[-154.0763,58.99012],[-154.07658,59.0203],[-154.13069,59.0327]]]},"properties":{"cell":"860c53497ffffff","res":6,"coarsened":true,"count":1,"hv":1,"mp":0,"y0":2025,"y1":2025,"sp":[[1,1,1,0,2025,2025]]}},{"type":"Feature","geometry":{"type":"Polygon","coordinates":[[[-155.05887,59.21049],[-155.11261,59.19223],[-155.11117,59.1619],[-155.05612,59.14985],[-155.00244,59.16808],[-155.00375,59.1984],[-155.05887,59.21049]]]},"properties":{"cell":"860c526d7ffffff","res":6,"coarsened":true,"count":1,"hv":1,"mp":0,"y0":2025,"y1":2025,"sp":[[0,1,1,0,2025,2025]]}},{"type":"Feature","geometry":{"type":"Polygon","coordinates":[[[-155.03721,59.19961],[-155.03938,59.19825],[-155.0382,59.19677],[-155.03485,59.19664],[-155.03269,59.19801],[-155.03387,59.19949],[-155.03721,59.19961]]]},"properties":{"cell":"890c526d4afffff","res":9,"coarsened":false,"count":1,"hv":1,"mp":0,"y0":2025,"y1":2025,"sp":[[73,1,1,0,2025,2025]]}},{"type":"Feature","geometry":{"type":"Polygon","coordinates":[[[-155.01812,59.19604],[-155.02029,59.19468],[-155.01911,59.19319],[-155.01577,59.19307],[-155.0136,59.19443],[-155.01478,59.19592],[-155.01812,59.19604]]]},"properties":{"cell":"890c526d58bffff","res":9,"coarsened":false,"count":1,"hv":1,"mp":0,"y0":2025,"y1":2025,"sp":[[67,1,1,0,2025,2025]]}},{"type":"Feature","geometry":{"type":"Polygon","coordinates":[[[-155.68134,58.71803],[-155.68344,58.71666],[-155.68225,58.71519],[-155.67895,58.71509],[-155.67684,58.71646],[-155.67804,58.71793],[-155.68134,58.71803]]]},"properties":{"cell":"890cec434d3ffff","res":9,"coarsened":false,"count":1,"hv":1,"mp":0,"y0":2025,"y1":2025,"sp":[[38,1,1,0,2025,2025]]}},{"type":"Feature","geometry":{"type":"Polygon","coordinates":[[[-155.38107,58.35725],[-155.38316,58.35589],[-155.38199,58.35443],[-155.37874,58.35433],[-155.37665,58.35568],[-155.37782,58.35715],[-155.38107,58.35725]]]},"properties":{"cell":"890cec61647ffff","res":9,"coarsened":false,"count":1,"hv":1,"mp":0,"y0":2025,"y1":2025,"sp":[[81,1,1,0,2025,2025]]}},{"type":"Feature","geometry":{"type":"Polygon","coordinates":[[[-155.19077,58.29264],[-155.19286,58.29128],[-155.19171,58.28982],[-155.18847,58.28971],[-155.18638,58.29107],[-155.18753,58.29253],[-155.19077,58.29264]]]},"properties":{"cell":"890cec60b0bffff","res":9,"coarsened":false,"count":1,"hv":1,"mp":0,"y0":2025,"y1":2025,"sp":[[90,1,1,0,2025,2025]]}},{"type":"Feature","geometry":{"type":"Polygon","coordinates":[[[-155.26936,58.24832],[-155.27145,58.24697],[-155.27029,58.24551],[-155.26706,58.2454],[-155.26497,58.24675],[-155.26613,58.24821],[-155.26936,58.24832]]]},"properties":{"cell":"890cec6e267ffff","res":9,"coarsened":false,"count":1,"hv":1,"mp":0,"y0":2025,"y1":2025,"sp":[[7,1,1,0,2025,2025]]}},{"type":"Feature","geometry":{"type":"Polygon","coordinates":[[[-155.78101,58.54502],[-155.7831,58.54365],[-155.7819,58.54219],[-155.77862,58.54209],[-155.77654,58.54346],[-155.77773,58.54492],[-155.78101,58.54502]]]},"properties":{"cell":"890cec48d27ffff","res":9,"coarsened":false,"count":2,"hv":2,"mp":0,"y0":2025,"y1":2025,"sp":[[15,1,1,0,2025,2025],[29,1,1,0,2025,2025]]}},{"type":"Feature","geometry":{"type":"Polygon","coordinates":[[[-155.77923,58.55068],[-155.78132,58.54932],[-155.78012,58.54785],[-155.77684,58.54776],[-155.77475,58.54912],[-155.77595,58.55059],[-155.77923,58.55068]]]},"properties":{"cell":"890cec48dafffff","res":9,"coarsened":false,"count":166,"hv":166,"mp":0,"y0":2025,"y1":2025,"sp":[[104,9,9,0,null,null],[52,7,7,0,null,null],[183,7,7,0,null,null],[14,6,6,0,null,null],[41,6,6,0,null,null],[12,5,5,0,null,null],[42,5,5,0,null,null],[116,5,5,0,null,null],[76,5,5,0,null,null],[3,5,5,0,null,null],[94,5,5,0,null,null],[43,4,4,0,null,null],[77,4,4,0,null,null],[60,4,4,0,null,null],[13,3,3,0,null,null],[174,3,3,0,null,null],[18,3,3,0,null,null],[80,3,3,0,null,null],[69,3,3,0,null,null],[182,3,3,0,null,null],[15,3,3,0,null,null],[103,3,3,0,null,null],[168,3,3,0,null,null],[50,3,3,0,null,null],[17,3,3,0,null,null],[64,2,2,0,null,null],[79,2,2,0,null,null],[67,2,2,0,null,null],[189,2,2,0,null,null],[6,2,2,0,null,null],[123,2,2,0,null,null],[55,2,2,0,null,null],[65,2,2,0,null,null],[19,2,2,0,null,null],[33,2,2,0,null,null],[151,2,2,0,null,null],[9,2,2,0,null,null],[197,2,2,0,null,null],[22,2,2,0,null,null],[21,2,2,0,null,null],[68,2,2,0,null,null],[153,2,2,0,null,null],[109,2,2,0,null,null],[184,2,2,0,null,null],[38,1,1,0,2025,2025],[23,1,1,0,null,null],[193,1,1,0,null,null],[34,1,1,0,null,null],[96,1,1,0,null,null],[88,1,1,0,null,null],[175,1,1,0,null,null],[172,1,1,0,null,null],[37,1,1,0,null,null],[10,1,1,0,null,null],[56,1,1,0,null,null],[111,1,1,0,null,null],[212,1,1,0,null,null],[125,1,1,0,null,null],[180,1,1,0,null,null],[176,1,1,0,null,null],[87,1,1,0,null,null],[24,1,1,0,null,null]]}},{"type":"Feature","geometry":{"type":"Polygon","coordinates":[[[-155.7676,58.55606],[-155.76969,58.55469],[-155.76849,58.55323],[-155.76521,58.55313],[-155.76312,58.5545],[-155.76432,58.55596],[-155.7676,58.55606]]]},"properties":{"cell":"890cec4f67bffff","res":9,"coarsened":false,"count":1,"hv":1,"mp":0,"y0":2025,"y1":2025,"sp":[[3,1,1,0,2025,2025]]}},{"type":"Feature","geometry":{"type":"Polygon","coordinates":[[[-155.7819,58.54219],[-155.78399,58.54082],[-155.78279,58.53936],[-155.77951,58.53926],[-155.77743,58.54063],[-155.77862,58.54209],[-155.7819,58.54219]]]},"properties":{"cell":"890cec4f25bffff","res":9,"coarsened":false,"count":25,"hv":25,"mp":0,"y0":2025,"y1":2025,"sp":[[34,11,11,0,null,null],[50,4,4,0,null,null],[15,2,2,0,null,null],[150,2,2,0,null,null],[41,2,2,0,null,null],[38,1,1,0,2025,2025],[80,1,1,0,2025,2025],[28,1,1,0,null,null],[17,1,1,0,null,null]]}},{"type":"Feature","geometry":{"type":"Polygon","coordinates":[[[-155.73269,58.55645],[-155.73478,58.55509],[-155.73358,58.55362],[-155.7303,58.55353],[-155.72821,58.55489],[-155.72941,58.55636],[-155.73269,58.55645]]]},"properties":{"cell":"890cec4f0c3ffff","res":9,"coarsened":false,"count":1,"hv":1,"mp":0,"y0":2025,"y1":2025,"sp":[[60,1,1,0,2025,2025]]}},{"type":"Feature","geometry":{"type":"Polygon","coordinates":[[[-154.96099,59.21414],[-154.96316,59.21278],[-154.96198,59.21129],[-154.95863,59.21117],[-154.95646,59.21253],[-154.95764,59.21401],[-154.96099,59.21414]]]},"properties":{"cell":"890c526f137ffff","res":9,"coarsened":false,"count":11,"hv":11,"mp":0,"y0":2025,"y1":2025,"sp":[[46,2,2,0,2025,2025],[45,2,2,0,2025,2025],[2,1,1,0,2025,2025],[68,1,1,0,2025,2025],[118,1,1,0,2025,2025],[119,1,1,0,2025,2025],[91,1,1,0,2025,2025],[64,1,1,0,2025,2025],[83,1,1,0,2025,2025]]}},{"type":"Feature","geometry":{"type":"Polygon","coordinates":[[[-155.42618,58.37009],[-155.42827,58.36873],[-155.4271,58.36727],[-155.42385,58.36717],[-155.42176,58.36852],[-155.42293,58.36999],[-155.42618,58.37009]]]},"properties":{"cell":"890cec6a497ffff","res":9,"coarsened":false,"count":1,"hv":1,"mp":0,"y0":2025,"y1":2025,"sp":[[120,1,1,0,2025,2025]]}},{"type":"Feature","geometry":{"type":"Polygon","coordinates":[[[-155.67862,58.72654],[-155.68073,58.72517],[-155.67953,58.7237],[-155.67623,58.7236],[-155.67412,58.72497],[-155.67532,58.72644],[-155.67862,58.72654]]]},"properties":{"cell":"890cec51a47ffff","res":9,"coarsened":false,"count":1,"hv":1,"mp":0,"y0":2025,"y1":2025,"sp":[[63,1,1,0,2025,2025]]}},{"type":"Feature","geometry":{"type":"Polygon","coordinates":[[[-154.96352,59.22144],[-154.96569,59.22008],[-154.96451,59.21859],[-154.96117,59.21847],[-154.959,59.21983],[-154.96017,59.22132],[-154.96352,59.22144]]]},"properties":{"cell":"890c526f1bbffff","res":9,"coarsened":false,"count":5,"hv":5,"mp":0,"y0":2025,"y1":2025,"sp":[[34,2,2,0,2025,2025],[19,1,1,0,2025,2025],[91,1,1,0,2025,2025],[40,1,1,0,2025,2025]]}},{"type":"Feature","geometry":{"type":"Polygon","coordinates":[[[-155.37995,58.37573],[-155.38203,58.37437],[-155.38087,58.37291],[-155.37762,58.37281],[-155.37553,58.37416],[-155.37669,58.37563],[-155.37995,58.37573]]]},"properties":{"cell":"890cec7894fffff","res":9,"coarsened":false,"count":1,"hv":1,"mp":0,"y0":2025,"y1":2025,"sp":[[4,1,1,0,2025,2025]]}},{"type":"Feature","geometry":{"type":"Polygon","coordinates":[[[-154.95194,59.21092],[-154.95411,59.20956],[-154.95294,59.20807],[-154.94959,59.20795],[-154.94742,59.20931],[-154.94859,59.2108],[-154.95194,59.21092]]]},"properties":{"cell":"890c526c4cfffff","res":9,"coarsened":false,"count":1,"hv":1,"mp":0,"y0":2025,"y1":2025,"sp":[[122,1,1,0,2025,2025]]}},{"type":"Feature","geometry":{"type":"Polygon","coordinates":[[[-154.98758,59.21079],[-154.98975,59.20942],[-154.98857,59.20794],[-154.98522,59.20782],[-154.98305,59.20918],[-154.98423,59.21066],[-154.98758,59.21079]]]},"properties":{"cell":"890c526f16bffff","res":9,"coarsened":false,"count":1,"hv":1,"mp":0,"y0":2025,"y1":2025,"sp":[[71,1,1,0,2025,2025]]}},{"type":"Feature","geometry":{"type":"Polygon","coordinates":[[[-155.126,59.1927],[-155.12816,59.19134],[-155.12698,59.18985],[-155.12363,59.18973],[-155.12147,59.1911],[-155.12265,59.19258],[-155.126,59.1927]]]},"properties":{"cell":"890cecd259bffff","res":9,"coarsened":false,"count":1,"hv":1,"mp":0,"y0":2025,"y1":2025,"sp":[[53,1,1,0,2025,2025]]}},{"type":"Feature","geometry":{"type":"Polygon","coordinates":[[[-154.96198,59.21129],[-154.96415,59.20993],[-154.96297,59.20844],[-154.95963,59.20832],[-154.95746,59.20968],[-154.95863,59.21117],[-154.96198,59.21129]]]},"properties":{"cell":"890c526f127ffff","res":9,"coarsened":false,"count":1,"hv":1,"mp":0,"y0":2025,"y1":2025,"sp":[[68,1,1,0,2025,2025]]}},{"type":"Feature","geometry":{"type":"Polygon","coordinates":[[[-155.01516,59.20458],[-155.01732,59.20322],[-155.01615,59.20173],[-155.0128,59.20161],[-155.01063,59.20298],[-155.01181,59.20446],[-155.01516,59.20458]]]},"properties":{"cell":"890c526f377ffff","res":9,"coarsened":false,"count":1,"hv":1,"mp":0,"y0":2025,"y1":2025,"sp":[[2,1,1,0,2025,2025]]}},{"type":"Feature","geometry":{"type":"Polygon","coordinates":[[[-154.588,58.10916],[-154.5901,58.10782],[-154.58899,58.10636],[-154.58578,58.10624],[-154.58368,58.10758],[-154.58479,58.10904],[-154.588,58.10916]]]},"properties":{"cell":"890ce894387ffff","res":9,"coarsened":false,"count":6,"hv":6,"mp":0,"y0":2025,"y1":2026,"sp":[[34,2,2,0,2025,2026],[11,1,1,0,2025,2025],[99,1,1,0,2025,2025],[35,1,1,0,2026,2026],[5,1,1,0,2026,2026]]}},{"type":"Feature","geometry":{"type":"Polygon","coordinates":[[[-155.69365,58.89915],[-155.74651,58.88065],[-155.74439,58.85043],[-155.68953,58.83872],[-155.63673,58.85719],[-155.63873,58.88741],[-155.69365,58.89915]]]},"properties":{"cell":"860ce126fffffff","res":6,"coarsened":true,"count":1,"hv":1,"mp":0,"y0":2025,"y1":2025,"sp":[[0,1,1,0,2025,2025]]}},{"type":"Feature","geometry":{"type":"Polygon","coordinates":[[[-154.9996,59.20546],[-155.00177,59.20409],[-155.00059,59.20261],[-154.99725,59.20249],[-154.99508,59.20385],[-154.99625,59.20534],[-154.9996,59.20546]]]},"properties":{"cell":"890c526f337ffff","res":9,"coarsened":false,"count":1,"hv":1,"mp":0,"y0":2025,"y1":2025,"sp":[[46,1,1,0,2025,2025]]}},{"type":"Feature","geometry":{"type":"Polygon","coordinates":[[[-155.01615,59.20173],[-155.01831,59.20037],[-155.01713,59.19889],[-155.01379,59.19876],[-155.01162,59.20013],[-155.0128,59.20161],[-155.01615,59.20173]]]},"properties":{"cell":"890c526f367ffff","res":9,"coarsened":false,"count":1,"hv":1,"mp":0,"y0":2025,"y1":2025,"sp":[[67,1,1,0,2025,2025]]}},{"type":"Feature","geometry":{"type":"Polygon","coordinates":[[[-154.97301,59.20881],[-154.97518,59.20745],[-154.97401,59.20596],[-154.97066,59.20584],[-154.96849,59.2072],[-154.96967,59.20869],[-154.97301,59.20881]]]},"properties":{"cell":"890c526c693ffff","res":9,"coarsened":false,"count":1,"hv":1,"mp":0,"y0":2025,"y1":2025,"sp":[[45,1,1,0,2025,2025]]}},{"type":"Feature","geometry":{"type":"Polygon","coordinates":[[[-155.04734,58.58565],[-155.04946,58.5843],[-155.0483,58.58283],[-155.04503,58.58271],[-155.04291,58.58407],[-155.04407,58.58554],[-155.04734,58.58565]]]},"properties":{"cell":"890cec08983ffff","res":9,"coarsened":false,"count":1,"hv":1,"mp":0,"y0":2022,"y1":2022,"sp":[[3,1,1,0,2022,2022]]}},{"type":"Feature","geometry":{"type":"Polygon","coordinates":[[[-154.81288,59.24466],[-154.81506,59.2433],[-154.81389,59.24181],[-154.81055,59.24169],[-154.80837,59.24305],[-154.80953,59.24453],[-154.81288,59.24466]]]},"properties":{"cell":"890c526562fffff","res":9,"coarsened":false,"count":2,"hv":2,"mp":0,"y0":2025,"y1":2025,"sp":[[32,1,1,0,2025,2025],[90,1,1,0,2025,2025]]}},{"type":"Feature","geometry":{"type":"Polygon","coordinates":[[[-154.78819,59.27113],[-154.84217,59.25298],[-154.84103,59.22265],[-154.78604,59.21047],[-154.73212,59.22858],[-154.73314,59.25892],[-154.78819,59.27113]]]},"properties":{"cell":"860c52657ffffff","res":6,"coarsened":true,"count":1,"hv":1,"mp":0,"y0":2025,"y1":2025,"sp":[[0,1,1,0,2025,2025]]}},{"type":"Feature","geometry":{"type":"Polygon","coordinates":[[[-153.97003,59.07025],[-153.97223,59.06891],[-153.97112,59.06742],[-153.96781,59.06727],[-153.96561,59.06861],[-153.96672,59.0701],[-153.97003,59.07025]]]},"properties":{"cell":"890c534a463ffff","res":9,"coarsened":false,"count":1,"hv":1,"mp":0,"y0":2021,"y1":2021,"sp":[[124,1,1,0,2021,2021]]}},{"type":"Feature","geometry":{"type":"Polygon","coordinates":[[[-155.17916,58.34205],[-155.23118,58.32387],[-155.22966,58.29394],[-155.17624,58.28219],[-155.12427,58.30034],[-155.12568,58.33027],[-155.17916,58.34205]]]},"properties":{"cell":"860cec60fffffff","res":6,"coarsened":true,"count":3,"hv":3,"mp":0,"y0":2021,"y1":2021,"sp":[[0,3,3,0,2021,2021]]}},{"type":"Feature","geometry":{"type":"Polygon","coordinates":[[[-154.8937,59.17416],[-154.94744,59.15598],[-154.94619,59.12568],[-154.89132,59.11357],[-154.83764,59.13172],[-154.83877,59.16202],[-154.8937,59.17416]]]},"properties":{"cell":"860c526cfffffff","res":6,"coarsened":true,"count":1,"hv":1,"mp":0,"y0":2025,"y1":2025,"sp":[[0,1,1,0,2025,2025]]}},{"type":"Feature","geometry":{"type":"Polygon","coordinates":[[[-154.83764,59.13172],[-154.89132,59.11357],[-154.89014,59.08329],[-154.83539,59.07117],[-154.78177,59.0893],[-154.78284,59.11957],[-154.83764,59.13172]]]},"properties":{"cell":"860cec997ffffff","res":6,"coarsened":true,"count":1,"hv":1,"mp":0,"y0":2025,"y1":2025,"sp":[[0,1,1,0,2025,2025]]}},{"type":"Feature","geometry":{"type":"Polygon","coordinates":[[[-153.76925,58.60562],[-153.77142,58.60429],[-153.77034,58.60281],[-153.76709,58.60266],[-153.76492,58.60399],[-153.766,58.60547],[-153.76925,58.60562]]]},"properties":{"cell":"890cedd33d3ffff","res":9,"coarsened":false,"count":1,"hv":1,"mp":0,"y0":2025,"y1":2025,"sp":[[10,1,1,0,2025,2025]]}},{"type":"Feature","geometry":{"type":"Polygon","coordinates":[[[-153.75398,58.64491],[-153.80715,58.62732],[-153.80717,58.59734],[-153.75413,58.58495],[-153.70102,58.60251],[-153.70088,58.63248],[-153.75398,58.64491]]]},"properties":{"cell":"860cedd37ffffff","res":6,"coarsened":true,"count":10,"hv":10,"mp":0,"y0":2025,"y1":2026,"sp":[[1,8,8,0,2025,2025],[0,2,2,0,2026,2026]]}},{"type":"Feature","geometry":{"type":"Polygon","coordinates":[[[-153.9662,58.54446],[-154.0191,58.52679],[-154.01889,58.49684],[-153.96589,58.48456],[-153.91305,58.5022],[-153.91315,58.53215],[-153.9662,58.54446]]]},"properties":{"cell":"860cedd87ffffff","res":6,"coarsened":true,"count":6,"hv":6,"mp":0,"y0":2025,"y1":2025,"sp":[[0,3,3,0,2025,2025],[1,3,3,0,null,null]]}},{"type":"Feature","geometry":{"type":"Polygon","coordinates":[[[-153.91334,58.59208],[-153.96635,58.57443],[-153.9662,58.54446],[-153.91315,58.53215],[-153.8602,58.54977],[-153.86024,58.57973],[-153.91334,58.59208]]]},"properties":{"cell":"860cedda7ffffff","res":6,"coarsened":true,"count":4,"hv":4,"mp":0,"y0":2021,"y1":2025,"sp":[[0,2,2,0,2021,2025],[1,2,2,0,null,null]]}},{"type":"Feature","geometry":{"type":"Polygon","coordinates":[[[-154.07573,58.45083],[-154.07788,58.4495],[-154.07679,58.44803],[-154.07355,58.44789],[-154.0714,58.44922],[-154.0725,58.45069],[-154.07573,58.45083]]]},"properties":{"cell":"890cec369a7ffff","res":9,"coarsened":false,"count":1,"hv":1,"mp":0,"y0":2025,"y1":2025,"sp":[[60,1,1,0,2025,2025]]}},{"type":"Feature","geometry":{"type":"Polygon","coordinates":[[[-155.73448,58.55079],[-155.73657,58.54942],[-155.73537,58.54796],[-155.73209,58.54786],[-155.73,58.54923],[-155.7312,58.55069],[-155.73448,58.55079]]]},"properties":{"cell":"890cec4f057ffff","res":9,"coarsened":false,"count":1,"hv":1,"mp":0,"y0":2010,"y1":2010,"sp":[[126,1,1,0,2010,2010]]}},{"type":"Feature","geometry":{"type":"Polygon","coordinates":[[[-153.69895,59.05362],[-153.75295,59.036],[-153.75303,59.00583],[-153.69923,58.99329],[-153.6453,59.01089],[-153.6451,59.04105],[-153.69895,59.05362]]]},"properties":{"cell":"860c5340fffffff","res":6,"coarsened":true,"count":1,"hv":1,"mp":0,"y0":2013,"y1":2013,"sp":[[0,1,1,0,2013,2013]]}},{"type":"Feature","geometry":{"type":"Polygon","coordinates":[[[-153.43248,58.84011],[-153.48617,58.82263],[-153.48654,58.79258],[-153.43334,58.78001],[-153.37973,58.79745],[-153.37924,58.8275],[-153.43248,58.84011]]]},"properties":{"cell":"860c53637ffffff","res":6,"coarsened":true,"count":1,"hv":1,"mp":0,"y0":2013,"y1":2013,"sp":[[0,1,1,0,2013,2013]]}},{"type":"Feature","geometry":{"type":"Polygon","coordinates":[[[-155.75692,58.653],[-155.75902,58.65163],[-155.75782,58.65016],[-155.75453,58.65007],[-155.75243,58.65143],[-155.75363,58.6529],[-155.75692,58.653]]]},"properties":{"cell":"890cec41617ffff","res":9,"coarsened":false,"count":3,"hv":3,"mp":0,"y0":2005,"y1":2005,"sp":[[3,1,1,0,2005,2005],[60,1,1,0,2005,2005],[17,1,1,0,2005,2005]]}},{"type":"Feature","geometry":{"type":"Polygon","coordinates":[[[-153.91755,58.55516],[-153.91971,58.55383],[-153.91862,58.55236],[-153.91538,58.55221],[-153.91322,58.55354],[-153.9143,58.55502],[-153.91755,58.55516]]]},"properties":{"cell":"890cedda067ffff","res":9,"coarsened":false,"count":1,"hv":1,"mp":0,"y0":2021,"y1":2021,"sp":[[97,1,1,0,2021,2021]]}},{"type":"Feature","geometry":{"type":"Polygon","coordinates":[[[-155.57024,58.49011],[-155.57233,58.48875],[-155.57114,58.48729],[-155.56787,58.48719],[-155.56578,58.48855],[-155.56696,58.49001],[-155.57024,58.49011]]]},"properties":{"cell":"890cec4eb77ffff","res":9,"coarsened":false,"count":1,"hv":1,"mp":0,"y0":2026,"y1":2026,"sp":[[37,1,1,0,2026,2026]]}},{"type":"Feature","geometry":{"type":"Polygon","coordinates":[[[-155.18552,58.69198],[-155.18764,58.69062],[-155.18647,58.68915],[-155.18318,58.68903],[-155.18106,58.69039],[-155.18223,58.69186],[-155.18552,58.69198]]]},"properties":{"cell":"890cec0b407ffff","res":9,"coarsened":false,"count":1,"hv":1,"mp":0,"y0":2026,"y1":2026,"sp":[[106,1,1,0,2026,2026]]}},{"type":"Feature","geometry":{"type":"Polygon","coordinates":[[[-156.15237,58.40113],[-156.15443,58.39976],[-156.15322,58.3983],[-156.14995,58.39821],[-156.14789,58.39959],[-156.1491,58.40105],[-156.15237,58.40113]]]},"properties":{"cell":"890ceeb859bffff","res":9,"coarsened":false,"count":1,"hv":1,"mp":0,"y0":2026,"y1":2026,"sp":[[26,1,1,0,2026,2026]]}},{"type":"Feature","geometry":{"type":"Polygon","coordinates":[[[-155.0161,58.61884],[-155.01822,58.61749],[-155.01707,58.61602],[-155.01379,58.6159],[-155.01167,58.61726],[-155.01283,58.61873],[-155.0161,58.61884]]]},"properties":{"cell":"890cec0a96bffff","res":9,"coarsened":false,"count":1,"hv":1,"mp":0,"y0":2025,"y1":2025,"sp":[[30,1,1,0,2025,2025]]}},{"type":"Feature","geometry":{"type":"Polygon","coordinates":[[[-155.76492,58.56456],[-155.76701,58.56319],[-155.76582,58.56172],[-155.76253,58.56163],[-155.76044,58.56299],[-155.76164,58.56446],[-155.76492,58.56456]]]},"properties":{"cell":"890cec4f6cfffff","res":9,"coarsened":false,"count":1,"hv":1,"mp":0,"y0":2025,"y1":2025,"sp":[[12,1,1,0,2025,2025]]}},{"type":"Feature","geometry":{"type":"Polygon","coordinates":[[[-155.79178,58.5582],[-155.79386,58.55683],[-155.79267,58.55537],[-155.78938,58.55527],[-155.7873,58.55664],[-155.78849,58.5581],[-155.79178,58.5582]]]},"properties":{"cell":"890cec48d8bffff","res":9,"coarsened":false,"count":1,"hv":1,"mp":0,"y0":2026,"y1":2026,"sp":[[5,1,1,0,2026,2026]]}},{"type":"Feature","geometry":{"type":"Polygon","coordinates":[[[-154.50691,58.19966],[-154.50902,58.19832],[-154.50791,58.19686],[-154.50469,58.19673],[-154.50259,58.19807],[-154.50369,58.19953],[-154.50691,58.19966]]]},"properties":{"cell":"890cec2cb57ffff","res":9,"coarsened":false,"count":1,"hv":1,"mp":0,"y0":2026,"y1":2026,"sp":[[26,1,1,0,2026,2026]]}},{"type":"Feature","geometry":{"type":"Polygon","coordinates":[[[-154.49826,58.19648],[-154.50037,58.19515],[-154.49926,58.19368],[-154.49605,58.19356],[-154.49394,58.1949],[-154.49505,58.19636],[-154.49826,58.19648]]]},"properties":{"cell":"890cec2cb0fffff","res":9,"coarsened":false,"count":1,"hv":1,"mp":0,"y0":2026,"y1":2026,"sp":[[3,1,1,0,2026,2026]]}},{"type":"Feature","geometry":{"type":"Polygon","coordinates":[[[-154.48984,58.24727],[-154.54196,58.22941],[-154.54119,58.19957],[-154.48841,58.18758],[-154.43634,58.20541],[-154.437,58.23526],[-154.48984,58.24727]]]},"properties":{"cell":"860cec2cfffffff","res":6,"coarsened":true,"count":2,"hv":2,"mp":0,"y0":2026,"y1":2026,"sp":[[0,2,2,0,2026,2026]]}},{"type":"Feature","geometry":{"type":"Polygon","coordinates":[[[-154.40942,58.19867],[-154.41153,58.19734],[-154.41043,58.19587],[-154.40722,58.19575],[-154.4051,58.19708],[-154.4062,58.19854],[-154.40942,58.19867]]]},"properties":{"cell":"890ced594b7ffff","res":9,"coarsened":false,"count":1,"hv":1,"mp":0,"y0":2026,"y1":2026,"sp":[[12,1,1,0,2026,2026]]}},{"type":"Feature","geometry":{"type":"Polygon","coordinates":[[[-154.45204,58.189],[-154.45415,58.18766],[-154.45304,58.1862],[-154.44983,58.18607],[-154.44772,58.18741],[-154.44882,58.18887],[-154.45204,58.189]]]},"properties":{"cell":"890ced596a3ffff","res":9,"coarsened":false,"count":1,"hv":1,"mp":0,"y0":2026,"y1":2026,"sp":[[12,1,1,0,2026,2026]]}},{"type":"Feature","geometry":{"type":"Polygon","coordinates":[[[-154.16942,58.95679],[-154.1716,58.95545],[-154.17048,58.95397],[-154.16718,58.95382],[-154.165,58.95517],[-154.16612,58.95665],[-154.16942,58.95679]]]},"properties":{"cell":"890cec868a3ffff","res":9,"coarsened":false,"count":1,"hv":1,"mp":0,"y0":2026,"y1":2026,"sp":[[55,1,1,0,2026,2026]]}},{"type":"Feature","geometry":{"type":"Polygon","coordinates":[[[-153.86031,58.6397],[-153.91344,58.62207],[-153.91334,58.59208],[-153.86024,58.57973],[-153.80717,58.59734],[-153.80715,58.62732],[-153.86031,58.6397]]]},"properties":{"cell":"860ceca4fffffff","res":6,"coarsened":true,"count":3,"hv":3,"mp":0,"y0":2026,"y1":2026,"sp":[[1,2,2,0,null,null],[0,1,1,0,2026,2026]]}},{"type":"Feature","geometry":{"type":"Polygon","coordinates":[[[-154.96551,59.21575],[-154.96768,59.21438],[-154.9665,59.2129],[-154.96316,59.21278],[-154.96099,59.21414],[-154.96216,59.21562],[-154.96551,59.21575]]]},"properties":{"cell":"890c526f133ffff","res":9,"coarsened":false,"count":1,"hv":1,"mp":0,"y0":2026,"y1":2026,"sp":[[46,1,1,0,2026,2026]]}},{"type":"Feature","geometry":{"type":"Polygon","coordinates":[[[-154.9665,59.2129],[-154.96867,59.21154],[-154.9675,59.21005],[-154.96415,59.20993],[-154.96198,59.21129],[-154.96316,59.21278],[-154.9665,59.2129]]]},"properties":{"cell":"890c526f123ffff","res":9,"coarsened":false,"count":1,"hv":1,"mp":0,"y0":2026,"y1":2026,"sp":[[19,1,1,0,2026,2026]]}},{"type":"Feature","geometry":{"type":"Polygon","coordinates":[[[-155.55258,59.13214],[-155.55472,59.13077],[-155.55351,59.12929],[-155.55016,59.12918],[-155.54802,59.13056],[-155.54923,59.13204],[-155.55258,59.13214]]]},"properties":{"cell":"890cecdb4cbffff","res":9,"coarsened":false,"count":1,"hv":1,"mp":0,"y0":2026,"y1":2026,"sp":[[90,1,1,0,2026,2026]]}},{"type":"Feature","geometry":{"type":"Polygon","coordinates":[[[-155.49457,59.18506],[-155.54808,59.1666],[-155.54615,59.13626],[-155.49085,59.12439],[-155.43741,59.14281],[-155.43921,59.17314],[-155.49457,59.18506]]]},"properties":{"cell":"860ce1a5fffffff","res":6,"coarsened":true,"count":1,"hv":1,"mp":0,"y0":2026,"y1":2026,"sp":[[0,1,1,0,2026,2026]]}},{"type":"Feature","geometry":{"type":"Polygon","coordinates":[[[-154.50027,58.19089],[-154.50238,58.18955],[-154.50127,58.18809],[-154.49806,58.18796],[-154.49595,58.1893],[-154.49705,58.19076],[-154.50027,58.19089]]]},"properties":{"cell":"890cec2cb67ffff","res":9,"coarsened":false,"count":2,"hv":2,"mp":0,"y0":2026,"y1":2026,"sp":[[12,1,1,0,2026,2026],[64,1,1,0,2026,2026]]}},{"type":"Feature","geometry":{"type":"Polygon","coordinates":[[[-153.99585,58.44027],[-153.998,58.43894],[-153.99691,58.43747],[-153.99368,58.43733],[-153.99153,58.43866],[-153.99261,58.44013],[-153.99585,58.44027]]]},"properties":{"cell":"890cedca613ffff","res":9,"coarsened":false,"count":4,"hv":4,"mp":0,"y0":2024,"y1":2024,"sp":[[70,4,4,0,2024,2024]]}},{"type":"Feature","geometry":{"type":"Polygon","coordinates":[[[-153.44379,58.03352],[-153.49592,58.01616],[-153.49628,57.98649],[-153.44461,57.97418],[-153.39253,57.9915],[-153.39207,58.02117],[-153.44379,58.03352]]]},"properties":{"cell":"860ced0c7ffffff","res":6,"coarsened":true,"count":3,"hv":3,"mp":0,"y0":2024,"y1":2024,"sp":[[127,3,3,0,2024,2024]]}},{"type":"Feature","geometry":{"type":"Polygon","coordinates":[[[-153.45493,57.99304],[-153.45706,57.99172],[-153.45602,57.99026],[-153.45285,57.99011],[-153.45072,57.99142],[-153.45176,57.99289],[-153.45493,57.99304]]]},"properties":{"cell":"890ced0c3d7ffff","res":9,"coarsened":false,"count":1,"hv":1,"mp":0,"y0":2024,"y1":2024,"sp":[[70,1,1,0,2024,2024]]}},{"type":"Feature","geometry":{"type":"Polygon","coordinates":[[[-153.46023,57.99187],[-153.46237,57.99056],[-153.46133,57.9891],[-153.45816,57.98895],[-153.45602,57.99026],[-153.45706,57.99172],[-153.46023,57.99187]]]},"properties":{"cell":"890ced0c3c3ffff","res":9,"coarsened":false,"count":1,"hv":1,"mp":0,"y0":2024,"y1":2024,"sp":[[70,1,1,0,2024,2024]]}},{"type":"Feature","geometry":{"type":"Polygon","coordinates":[[[-153.73685,57.90281],[-153.73897,57.90149],[-153.73792,57.90004],[-153.73475,57.8999],[-153.73264,57.90121],[-153.73369,57.90267],[-153.73685,57.90281]]]},"properties":{"cell":"890ced718b7ffff","res":9,"coarsened":false,"count":1,"hv":1,"mp":0,"y0":2020,"y1":2020,"sp":[[70,1,1,0,2020,2020]]}},{"type":"Feature","geometry":{"type":"Polygon","coordinates":[[[-153.59365,57.98534],[-153.59578,57.98402],[-153.59473,57.98256],[-153.59156,57.98242],[-153.58943,57.98373],[-153.59047,57.98519],[-153.59365,57.98534]]]},"properties":{"cell":"890ced0d263ffff","res":9,"coarsened":false,"count":1,"hv":1,"mp":0,"y0":2020,"y1":2020,"sp":[[128,1,1,0,2020,2020]]}},{"type":"Feature","geometry":{"type":"Polygon","coordinates":[[[-153.49522,58.07555],[-153.54741,58.05817],[-153.54771,58.02847],[-153.49592,58.01616],[-153.44379,58.03352],[-153.44339,58.06321],[-153.49522,58.07555]]]},"properties":{"cell":"860ced0f7ffffff","res":6,"coarsened":true,"count":3,"hv":3,"mp":0,"y0":1993,"y1":2020,"sp":[[127,3,3,0,1993,2020]]}},{"type":"Feature","geometry":{"type":"Polygon","coordinates":[[[-154.71135,58.59481],[-154.76404,58.5768],[-154.76302,58.54678],[-154.70942,58.53477],[-154.65678,58.55275],[-154.65769,58.58277],[-154.71135,58.59481]]]},"properties":{"cell":"860cec05fffffff","res":6,"coarsened":true,"count":1,"hv":1,"mp":0,"y0":2016,"y1":2016,"sp":[[0,1,1,0,2016,2016]]}},{"type":"Feature","geometry":{"type":"Polygon","coordinates":[[[-154.15364,59.19919],[-154.15584,59.19784],[-154.15471,59.19636],[-154.15139,59.19621],[-154.14918,59.19756],[-154.15031,59.19905],[-154.15364,59.19919]]]},"properties":{"cell":"890c522cebbffff","res":9,"coarsened":false,"count":1,"hv":1,"mp":0,"y0":2013,"y1":2013,"sp":[[129,1,1,0,2013,2013]]}},{"type":"Feature","geometry":{"type":"Polygon","coordinates":[[[-155.27187,59.10699],[-155.32532,59.08865],[-155.32365,59.05836],[-155.26866,59.04642],[-155.21527,59.06473],[-155.21681,59.09502],[-155.27187,59.10699]]]},"properties":{"cell":"860cecd1fffffff","res":6,"coarsened":true,"count":1,"hv":1,"mp":0,"y0":2013,"y1":2013,"sp":[[0,1,1,0,2013,2013]]}},{"type":"Feature","geometry":{"type":"Polygon","coordinates":[[[-153.51318,57.89405],[-153.51531,57.89274],[-153.51427,57.89128],[-153.51111,57.89114],[-153.50898,57.89245],[-153.51002,57.89391],[-153.51318,57.89405]]]},"properties":{"cell":"890ced77123ffff","res":9,"coarsened":false,"count":1,"hv":1,"mp":0,"y0":2012,"y1":2012,"sp":[[70,1,1,0,2012,2012]]}},{"type":"Feature","geometry":{"type":"Polygon","coordinates":[[[-154.28249,58.29156],[-154.28462,58.29023],[-154.28352,58.28876],[-154.2803,58.28863],[-154.27817,58.28997],[-154.27927,58.29143],[-154.28249,58.29156]]]},"properties":{"cell":"890cec2432fffff","res":9,"coarsened":false,"count":21,"hv":21,"mp":0,"y0":null,"y1":null,"sp":[[34,6,6,0,null,null],[131,3,3,0,null,null],[3,3,3,0,null,null],[149,3,3,0,null,null],[99,1,1,0,null,null],[147,1,1,0,null,null],[78,1,1,0,null,null],[20,1,1,0,null,null],[152,1,1,0,null,null],[146,1,1,0,null,null]]}},{"type":"Feature","geometry":{"type":"Polygon","coordinates":[[[-154.54884,58.04108],[-154.55094,58.03974],[-154.54983,58.03828],[-154.54664,58.03816],[-154.54454,58.0395],[-154.54564,58.04095],[-154.54884,58.04108]]]},"properties":{"cell":"890ce886507ffff","res":9,"coarsened":false,"count":24,"hv":24,"mp":0,"y0":null,"y1":null,"sp":[[67,11,11,0,null,null],[34,5,5,0,null,null],[155,3,3,0,null,null],[85,2,2,0,null,null],[99,1,1,0,null,null],[3,1,1,0,null,null],[144,1,1,0,null,null]]}},{"type":"Feature","geometry":{"type":"Polygon","coordinates":[[[-154.53924,58.04071],[-154.54134,58.03937],[-154.54024,58.03792],[-154.53704,58.03779],[-154.53494,58.03913],[-154.53604,58.04059],[-154.53924,58.04071]]]},"properties":{"cell":"890ce8865afffff","res":9,"coarsened":false,"count":51,"hv":51,"mp":0,"y0":null,"y1":null,"sp":[[149,13,13,0,null,null],[34,12,12,0,null,null],[155,9,9,0,null,null],[67,4,4,0,null,null],[145,4,4,0,null,null],[99,2,2,0,null,null],[150,2,2,0,null,null],[3,2,2,0,null,null],[144,1,1,0,null,null],[20,1,1,0,null,null],[85,1,1,0,null,null]]}},{"type":"Feature","geometry":{"type":"Polygon","coordinates":[[[-154.53131,58.022],[-154.53341,58.02067],[-154.5323,58.01921],[-154.52911,58.01908],[-154.52701,58.02042],[-154.52811,58.02188],[-154.53131,58.022]]]},"properties":{"cell":"890ced4926fffff","res":9,"coarsened":false,"count":33,"hv":33,"mp":0,"y0":null,"y1":null,"sp":[[34,11,11,0,null,null],[131,6,6,0,null,null],[146,4,4,0,null,null],[11,2,2,0,null,null],[149,2,2,0,null,null],[67,2,2,0,null,null],[145,2,2,0,null,null],[150,1,1,0,null,null],[118,1,1,0,null,null],[20,1,1,0,null,null],[78,1,1,0,null,null]]}},{"type":"Feature","geometry":{"type":"Polygon","coordinates":[[[-154.51344,58.03122],[-154.51554,58.02989],[-154.51444,58.02843],[-154.51124,58.02831],[-154.50914,58.02964],[-154.51024,58.0311],[-154.51344,58.03122]]]},"properties":{"cell":"890ced492abffff","res":9,"coarsened":false,"count":41,"hv":41,"mp":0,"y0":null,"y1":null,"sp":[[34,10,10,0,null,null],[131,9,9,0,null,null],[20,8,8,0,null,null],[149,5,5,0,null,null],[145,3,3,0,null,null],[102,2,2,0,null,null],[150,1,1,0,null,null],[155,1,1,0,null,null],[146,1,1,0,null,null],[100,1,1,0,null,null]]}},{"type":"Feature","geometry":{"type":"Polygon","coordinates":[[[-154.44343,58.09082],[-154.44553,58.08948],[-154.44443,58.08802],[-154.44123,58.0879],[-154.43912,58.08923],[-154.44022,58.09069],[-154.44343,58.09082]]]},"properties":{"cell":"890ced4b0cfffff","res":9,"coarsened":false,"count":3,"hv":3,"mp":0,"y0":null,"y1":null,"sp":[[99,1,1,0,null,null],[20,1,1,0,null,null],[146,1,1,0,null,null]]}},{"type":"Feature","geometry":{"type":"Polygon","coordinates":[[[-154.14096,58.21045],[-154.14308,58.20912],[-154.142,58.20765],[-154.13879,58.20752],[-154.13666,58.20885],[-154.13775,58.21031],[-154.14096,58.21045]]]},"properties":{"cell":"890ced51e87ffff","res":9,"coarsened":false,"count":64,"hv":64,"mp":0,"y0":null,"y1":null,"sp":[[34,39,39,0,null,null],[149,9,9,0,null,null],[67,5,5,0,null,null],[131,3,3,0,null,null],[155,2,2,0,null,null],[153,1,1,0,null,null],[3,1,1,0,null,null],[146,1,1,0,null,null],[20,1,1,0,null,null],[102,1,1,0,null,null],[100,1,1,0,null,null]]}},{"type":"Feature","geometry":{"type":"Polygon","coordinates":[[[-154.12084,58.33035],[-154.12297,58.32902],[-154.12188,58.32755],[-154.11866,58.32741],[-154.11652,58.32875],[-154.11761,58.33021],[-154.12084,58.33035]]]},"properties":{"cell":"890cedc9adbffff","res":9,"coarsened":false,"count":19,"hv":19,"mp":0,"y0":null,"y1":null,"sp":[[34,10,10,0,null,null],[20,8,8,0,null,null],[99,1,1,0,null,null]]}},{"type":"Feature","geometry":{"type":"Polygon","coordinates":[[[-154.09994,58.28114],[-154.10207,58.27981],[-154.10098,58.27835],[-154.09776,58.27821],[-154.09563,58.27954],[-154.09672,58.28101],[-154.09994,58.28114]]]},"properties":{"cell":"890ced531d3ffff","res":9,"coarsened":false,"count":74,"hv":74,"mp":0,"y0":null,"y1":null,"sp":[[34,16,16,0,null,null],[67,11,11,0,null,null],[99,10,10,0,null,null],[85,6,6,0,null,null],[11,5,5,0,null,null],[20,4,4,0,null,null],[165,4,4,0,null,null],[131,3,3,0,null,null],[170,3,3,0,null,null],[150,2,2,0,null,null],[149,2,2,0,null,null],[191,2,2,0,null,null],[82,1,1,0,null,null],[157,1,1,0,null,null],[144,1,1,0,null,null],[146,1,1,0,null,null],[5,1,1,0,null,null],[155,1,1,0,null,null]]}},{"type":"Feature","geometry":{"type":"Polygon","coordinates":[[[-154.51213,58.02126],[-154.51423,58.01993],[-154.51313,58.01847],[-154.50993,58.01835],[-154.50783,58.01968],[-154.50893,58.02114],[-154.51213,58.02126]]]},"properties":{"cell":"890ced4935bffff","res":9,"coarsened":false,"count":14,"hv":14,"mp":0,"y0":null,"y1":null,"sp":[[131,6,6,0,null,null],[34,4,4,0,null,null],[146,2,2,0,null,null],[149,1,1,0,null,null],[20,1,1,0,null,null]]}},{"type":"Feature","geometry":{"type":"Polygon","coordinates":[[[-154.19031,58.30198],[-154.19244,58.30065],[-154.19135,58.29918],[-154.18813,58.29905],[-154.186,58.30038],[-154.18709,58.30185],[-154.19031,58.30198]]]},"properties":{"cell":"890cec26b73ffff","res":9,"coarsened":false,"count":51,"hv":51,"mp":0,"y0":null,"y1":null,"sp":[[99,10,10,0,null,null],[34,9,9,0,null,null],[82,7,7,0,null,null],[67,5,5,0,null,null],[148,3,3,0,null,null],[108,3,3,0,null,null],[145,2,2,0,null,null],[150,2,2,0,null,null],[114,2,2,0,null,null],[11,2,2,0,null,null],[124,2,2,0,null,null],[60,1,1,0,null,null],[163,1,1,0,null,null],[144,1,1,0,null,null],[151,1,1,0,null,null]]}},{"type":"Feature","geometry":{"type":"Polygon","coordinates":[[[-154.18305,58.32158],[-154.18518,58.32025],[-154.18409,58.31878],[-154.18086,58.31865],[-154.17873,58.31998],[-154.17982,58.32145],[-154.18305,58.32158]]]},"properties":{"cell":"890cec26873ffff","res":9,"coarsened":false,"count":16,"hv":16,"mp":0,"y0":null,"y1":null,"sp":[[131,3,3,0,null,null],[82,3,3,0,null,null],[34,2,2,0,null,null],[99,1,1,0,null,null],[114,1,1,0,null,null],[11,1,1,0,null,null],[85,1,1,0,null,null],[145,1,1,0,null,null],[152,1,1,0,null,null],[144,1,1,0,null,null],[146,1,1,0,null,null]]}},{"type":"Feature","geometry":{"type":"Polygon","coordinates":[[[-154.05177,58.42275],[-154.05391,58.42141],[-154.05283,58.41994],[-154.04959,58.41981],[-154.04745,58.42114],[-154.04854,58.42261],[-154.05177,58.42275]]]},"properties":{"cell":"890cedcb0b7ffff","res":9,"coarsened":false,"count":19,"hv":19,"mp":0,"y0":null,"y1":null,"sp":[[34,9,9,0,null,null],[20,4,4,0,null,null],[98,3,3,0,null,null],[99,2,2,0,null,null],[22,1,1,0,null,null]]}},{"type":"Feature","geometry":{"type":"Polygon","coordinates":[[[-154.52172,58.02163],[-154.52382,58.0203],[-154.52271,58.01884],[-154.51952,58.01872],[-154.51742,58.02005],[-154.51852,58.02151],[-154.52172,58.02163]]]},"properties":{"cell":"890ce886c93ffff","res":9,"coarsened":false,"count":58,"hv":58,"mp":0,"y0":null,"y1":null,"sp":[[34,27,27,0,null,null],[146,6,6,0,null,null],[67,5,5,0,null,null],[102,5,5,0,null,null],[20,4,4,0,null,null],[131,3,3,0,null,null],[100,2,2,0,null,null],[11,1,1,0,null,null],[155,1,1,0,null,null],[68,1,1,0,null,null],[118,1,1,0,null,null],[149,1,1,0,null,null],[145,1,1,0,null,null]]}},{"type":"Feature","geometry":{"type":"Polygon","coordinates":[[[-154.44085,58.07088],[-154.44295,58.06955],[-154.44185,58.06809],[-154.43865,58.06796],[-154.43655,58.0693],[-154.43765,58.07076],[-154.44085,58.07088]]]},"properties":{"cell":"890ced4b313ffff","res":9,"coarsened":false,"count":19,"hv":19,"mp":0,"y0":null,"y1":null,"sp":[[34,4,4,0,null,null],[67,4,4,0,null,null],[149,3,3,0,null,null],[146,2,2,0,null,null],[99,1,1,0,null,null],[147,1,1,0,null,null],[3,1,1,0,null,null],[20,1,1,0,null,null],[150,1,1,0,null,null],[145,1,1,0,null,null]]}},{"type":"Feature","geometry":{"type":"Polygon","coordinates":[[[-154.42338,58.05179],[-154.42549,58.05045],[-154.42439,58.04899],[-154.42119,58.04887],[-154.41909,58.0502],[-154.42019,58.05166],[-154.42338,58.05179]]]},"properties":{"cell":"890ced4867bffff","res":9,"coarsened":false,"count":19,"hv":19,"mp":0,"y0":null,"y1":null,"sp":[[34,7,7,0,null,null],[20,4,4,0,null,null],[67,3,3,0,null,null],[99,2,2,0,null,null],[157,1,1,0,null,null],[117,1,1,0,null,null],[149,1,1,0,null,null]]}},{"type":"Feature","geometry":{"type":"Polygon","coordinates":[[[-154.30997,58.08268],[-154.31208,58.08135],[-154.31099,58.07989],[-154.30779,58.07976],[-154.30568,58.08109],[-154.30677,58.08255],[-154.30997,58.08268]]]},"properties":{"cell":"890ced4a157ffff","res":9,"coarsened":false,"count":35,"hv":35,"mp":0,"y0":null,"y1":null,"sp":[[34,13,13,0,null,null],[67,7,7,0,null,null],[150,5,5,0,null,null],[146,2,2,0,null,null],[149,2,2,0,null,null],[20,2,2,0,null,null],[99,1,1,0,null,null],[11,1,1,0,null,null],[145,1,1,0,null,null],[108,1,1,0,null,null]]}},{"type":"Feature","geometry":{"type":"Polygon","coordinates":[[[-154.30161,58.09226],[-154.30372,58.09093],[-154.30263,58.08947],[-154.29943,58.08934],[-154.29732,58.09067],[-154.29841,58.09213],[-154.30161,58.09226]]]},"properties":{"cell":"890ced4a56fffff","res":9,"coarsened":false,"count":20,"hv":20,"mp":0,"y0":null,"y1":null,"sp":[[34,7,7,0,null,null],[99,4,4,0,null,null],[150,2,2,0,null,null],[20,2,2,0,null,null],[145,1,1,0,null,null],[67,1,1,0,null,null],[147,1,1,0,null,null],[108,1,1,0,null,null],[155,1,1,0,null,null]]}},{"type":"Feature","geometry":{"type":"Polygon","coordinates":[[[-154.29092,58.28196],[-154.29305,58.28062],[-154.29195,58.27916],[-154.28873,58.27903],[-154.2866,58.28036],[-154.2877,58.28183],[-154.29092,58.28196]]]},"properties":{"cell":"890cec25d17ffff","res":9,"coarsened":false,"count":28,"hv":28,"mp":0,"y0":null,"y1":null,"sp":[[99,5,5,0,null,null],[3,5,5,0,null,null],[67,4,4,0,null,null],[34,4,4,0,null,null],[149,3,3,0,null,null],[85,2,2,0,null,null],[11,1,1,0,null,null],[155,1,1,0,null,null],[152,1,1,0,null,null],[144,1,1,0,null,null],[82,1,1,0,null,null]]}},{"type":"Feature","geometry":{"type":"Polygon","coordinates":[[[-154.19877,58.29238],[-154.2009,58.29105],[-154.19981,58.28958],[-154.19659,58.28945],[-154.19446,58.29078],[-154.19555,58.29225],[-154.19877,58.29238]]]},"properties":{"cell":"890cec24dc3ffff","res":9,"coarsened":false,"count":18,"hv":18,"mp":0,"y0":null,"y1":null,"sp":[[34,3,3,0,null,null],[67,3,3,0,null,null],[82,3,3,0,null,null],[99,2,2,0,null,null],[85,2,2,0,null,null],[114,2,2,0,null,null],[95,1,1,0,null,null],[149,1,1,0,null,null],[11,1,1,0,null,null]]}},{"type":"Feature","geometry":{"type":"Polygon","coordinates":[[[-154.10959,58.28155],[-154.11173,58.28022],[-154.11064,58.27875],[-154.10742,58.27862],[-154.10529,58.27995],[-154.10638,58.28142],[-154.10959,58.28155]]]},"properties":{"cell":"890ced530afffff","res":9,"coarsened":false,"count":18,"hv":18,"mp":0,"y0":null,"y1":null,"sp":[[67,6,6,0,null,null],[99,5,5,0,null,null],[34,2,2,0,null,null],[149,1,1,0,null,null],[153,1,1,0,null,null],[85,1,1,0,null,null],[150,1,1,0,null,null],[56,1,1,0,null,null]]}},{"type":"Feature","geometry":{"type":"Polygon","coordinates":[[[-154.04861,58.43115],[-154.05075,58.42982],[-154.04966,58.42835],[-154.04643,58.42821],[-154.04428,58.42954],[-154.04537,58.43102],[-154.04861,58.43115]]]},"properties":{"cell":"890cedcb553ffff","res":9,"coarsened":false,"count":20,"hv":20,"mp":0,"y0":null,"y1":null,"sp":[[34,8,8,0,null,null],[20,7,7,0,null,null],[99,2,2,0,null,null],[85,1,1,0,null,null],[98,1,1,0,null,null],[150,1,1,0,null,null]]}},{"type":"Feature","geometry":{"type":"Polygon","coordinates":[[[-154.48097,58.19013],[-154.48308,58.1888],[-154.48198,58.18733],[-154.47876,58.18721],[-154.47665,58.18855],[-154.47776,58.19001],[-154.48097,58.19013]]]},"properties":{"cell":"890ced59653ffff","res":9,"coarsened":false,"count":23,"hv":23,"mp":0,"y0":null,"y1":null,"sp":[[82,6,6,0,null,null],[99,4,4,0,null,null],[67,3,3,0,null,null],[34,2,2,0,null,null],[78,2,2,0,null,null],[151,1,1,0,null,null],[3,1,1,0,null,null],[150,1,1,0,null,null],[95,1,1,0,null,null],[5,1,1,0,null,null],[149,1,1,0,null,null]]}},{"type":"Feature","geometry":{"type":"Polygon","coordinates":[[[-154.31121,58.09265],[-154.31332,58.09132],[-154.31223,58.08986],[-154.30903,58.08973],[-154.30692,58.09106],[-154.30801,58.09252],[-154.31121,58.09265]]]},"properties":{"cell":"890ced4a0a7ffff","res":9,"coarsened":false,"count":12,"hv":12,"mp":0,"y0":null,"y1":null,"sp":[[67,5,5,0,null,null],[34,4,4,0,null,null],[99,2,2,0,null,null],[150,1,1,0,null,null]]}},{"type":"Feature","geometry":{"type":"Polygon","coordinates":[[[-154.29216,58.29196],[-154.29429,58.29062],[-154.29319,58.28916],[-154.28997,58.28903],[-154.28784,58.29036],[-154.28894,58.29183],[-154.29216,58.29196]]]},"properties":{"cell":"890cec24367ffff","res":9,"coarsened":false,"count":16,"hv":16,"mp":0,"y0":null,"y1":null,"sp":[[34,9,9,0,null,null],[99,2,2,0,null,null],[147,1,1,0,null,null],[82,1,1,0,null,null],[78,1,1,0,null,null],[3,1,1,0,null,null],[108,1,1,0,null,null]]}},{"type":"Feature","geometry":{"type":"Polygon","coordinates":[[[-154.2005,58.34079],[-154.20263,58.33946],[-154.20154,58.33799],[-154.19831,58.33786],[-154.19618,58.33919],[-154.19727,58.34066],[-154.2005,58.34079]]]},"properties":{"cell":"890cec26e8fffff","res":9,"coarsened":false,"count":14,"hv":14,"mp":0,"y0":null,"y1":null,"sp":[[148,4,4,0,null,null],[82,3,3,0,null,null],[144,3,3,0,null,null],[99,2,2,0,null,null],[3,2,2,0,null,null]]}},{"type":"Feature","geometry":{"type":"Polygon","coordinates":[[[-154.0389,58.43074],[-154.04105,58.42941],[-154.03996,58.42794],[-154.03672,58.4278],[-154.03458,58.42913],[-154.03567,58.4306],[-154.0389,58.43074]]]},"properties":{"cell":"890cedcb51bffff","res":9,"coarsened":false,"count":3,"hv":3,"mp":0,"y0":null,"y1":null,"sp":[[34,2,2,0,null,null],[99,1,1,0,null,null]]}},{"type":"Feature","geometry":{"type":"Polygon","coordinates":[[[-154.49948,58.07033],[-154.50158,58.069],[-154.50048,58.06754],[-154.49728,58.06742],[-154.49518,58.06875],[-154.49628,58.07021],[-154.49948,58.07033]]]},"properties":{"cell":"890ce8949abffff","res":9,"coarsened":false,"count":18,"hv":18,"mp":0,"y0":null,"y1":null,"sp":[[34,5,5,0,null,null],[131,3,3,0,null,null],[108,2,2,0,null,null],[3,1,1,0,null,null],[145,1,1,0,null,null],[67,1,1,0,null,null],[150,1,1,0,null,null],[20,1,1,0,null,null],[82,1,1,0,null,null],[205,1,1,0,null,null],[75,1,1,0,null,null]]}},{"type":"Feature","geometry":{"type":"Polygon","coordinates":[[[-154.04091,58.41232],[-154.04306,58.41098],[-154.04197,58.40951],[-154.03874,58.40937],[-154.03659,58.41071],[-154.03768,58.41218],[-154.04091,58.41232]]]},"properties":{"cell":"890cedcb113ffff","res":9,"coarsened":false,"count":9,"hv":9,"mp":0,"y0":null,"y1":null,"sp":[[98,3,3,0,null,null],[20,3,3,0,null,null],[99,1,1,0,null,null],[3,1,1,0,null,null],[34,1,1,0,null,null]]}},{"type":"Feature","geometry":{"type":"Polygon","coordinates":[[[-154.00988,58.44231],[-154.01203,58.44097],[-154.01094,58.4395],[-154.0077,58.43936],[-154.00555,58.44069],[-154.00664,58.44217],[-154.00988,58.44231]]]},"properties":{"cell":"890cedca6cbffff","res":9,"coarsened":false,"count":14,"hv":14,"mp":0,"y0":null,"y1":null,"sp":[[34,6,6,0,null,null],[131,3,3,0,null,null],[102,2,2,0,null,null],[99,1,1,0,null,null],[67,1,1,0,null,null],[20,1,1,0,null,null]]}},{"type":"Feature","geometry":{"type":"Polygon","coordinates":[[[-154.58992,58.06247],[-154.64166,58.0446],[-154.64079,58.01483],[-154.58829,58.00294],[-154.5366,58.02079],[-154.53736,58.05055],[-154.58992,58.06247]]]},"properties":{"cell":"860ce8867ffffff","res":6,"coarsened":true,"count":8,"hv":8,"mp":0,"y0":null,"y1":null,"sp":[[1,7,7,0,null,null],[0,1,1,0,null,null]]}},{"type":"Feature","geometry":{"type":"Polygon","coordinates":[[[-154.54055,58.09175],[-154.54265,58.09042],[-154.54155,58.08896],[-154.53834,58.08883],[-154.53624,58.09017],[-154.53735,58.09163],[-154.54055,58.09175]]]},"properties":{"cell":"890ce894c6fffff","res":9,"coarsened":false,"count":27,"hv":27,"mp":0,"y0":null,"y1":null,"sp":[[82,6,6,0,null,null],[67,4,4,0,null,null],[144,3,3,0,null,null],[108,2,2,0,null,null],[85,2,2,0,null,null],[34,2,2,0,null,null],[99,1,1,0,null,null],[156,1,1,0,null,null],[95,1,1,0,null,null],[148,1,1,0,null,null],[78,1,1,0,null,null],[145,1,1,0,null,null],[20,1,1,0,null,null],[157,1,1,0,null,null]]}},{"type":"Feature","geometry":{"type":"Polygon","coordinates":[[[-154.53228,58.06027],[-154.53438,58.05893],[-154.53328,58.05747],[-154.53008,58.05735],[-154.52798,58.05869],[-154.52908,58.06014],[-154.53228,58.06027]]]},"properties":{"cell":"890ce894bafffff","res":9,"coarsened":false,"count":22,"hv":22,"mp":0,"y0":null,"y1":null,"sp":[[34,7,7,0,null,null],[146,5,5,0,null,null],[145,3,3,0,null,null],[67,2,2,0,null,null],[99,1,1,0,null,null],[152,1,1,0,null,null],[108,1,1,0,null,null],[150,1,1,0,null,null],[151,1,1,0,null,null]]}},{"type":"Feature","geometry":{"type":"Polygon","coordinates":[[[-154.52303,58.03159],[-154.52513,58.03026],[-154.52403,58.0288],[-154.52083,58.02868],[-154.51873,58.03001],[-154.51984,58.03147],[-154.52303,58.03159]]]},"properties":{"cell":"890ced49203ffff","res":9,"coarsened":false,"count":26,"hv":26,"mp":0,"y0":null,"y1":null,"sp":[[131,6,6,0,null,null],[34,5,5,0,null,null],[149,4,4,0,null,null],[67,4,4,0,null,null],[11,2,2,0,null,null],[20,1,1,0,null,null],[150,1,1,0,null,null],[146,1,1,0,null,null],[118,1,1,0,null,null],[100,1,1,0,null,null]]}},{"type":"Feature","geometry":{"type":"Polygon","coordinates":[[[-154.44258,58.05254],[-154.44468,58.05121],[-154.44358,58.04975],[-154.44038,58.04962],[-154.43828,58.05095],[-154.43938,58.05241],[-154.44258,58.05254]]]},"properties":{"cell":"890ced4958fffff","res":9,"coarsened":false,"count":40,"hv":40,"mp":0,"y0":null,"y1":null,"sp":[[34,11,11,0,null,null],[20,10,10,0,null,null],[67,10,10,0,null,null],[85,2,2,0,null,null],[145,2,2,0,null,null],[149,2,2,0,null,null],[99,1,1,0,null,null],[156,1,1,0,null,null],[155,1,1,0,null,null]]}},{"type":"Feature","geometry":{"type":"Polygon","coordinates":[[[-154.19203,58.3504],[-154.19416,58.34906],[-154.19306,58.34759],[-154.18984,58.34746],[-154.1877,58.34879],[-154.1888,58.35026],[-154.19203,58.3504]]]},"properties":{"cell":"890cec26123ffff","res":9,"coarsened":false,"count":12,"hv":12,"mp":0,"y0":null,"y1":null,"sp":[[34,3,3,0,null,null],[148,3,3,0,null,null],[99,1,1,0,null,null],[3,1,1,0,null,null],[150,1,1,0,null,null],[195,1,1,0,null,null],[87,1,1,0,null,null],[60,1,1,0,null,null]]}},{"type":"Feature","geometry":{"type":"Polygon","coordinates":[[[-154.1693,58.2528],[-154.17143,58.25147],[-154.17034,58.25],[-154.16712,58.24987],[-154.165,58.2512],[-154.16609,58.25267],[-154.1693,58.2528]]]},"properties":{"cell":"890ced5140fffff","res":9,"coarsened":false,"count":1,"hv":1,"mp":0,"y0":null,"y1":null,"sp":[[99,1,1,0,null,null]]}},{"type":"Feature","geometry":{"type":"Polygon","coordinates":[[[-154.15178,58.22084],[-154.15391,58.2195],[-154.15282,58.21804],[-154.14961,58.21791],[-154.14748,58.21924],[-154.14857,58.2207],[-154.15178,58.22084]]]},"properties":{"cell":"890ced51173ffff","res":9,"coarsened":false,"count":21,"hv":21,"mp":0,"y0":null,"y1":null,"sp":[[67,6,6,0,null,null],[20,6,6,0,null,null],[34,5,5,0,null,null],[99,3,3,0,null,null],[3,1,1,0,null,null]]}},{"type":"Feature","geometry":{"type":"Polygon","coordinates":[[[-154.09028,58.28074],[-154.09241,58.2794],[-154.09133,58.27794],[-154.08811,58.2778],[-154.08598,58.27913],[-154.08706,58.2806],[-154.09028,58.28074]]]},"properties":{"cell":"890ced5319bffff","res":9,"coarsened":false,"count":37,"hv":37,"mp":0,"y0":null,"y1":null,"sp":[[34,16,16,0,null,null],[149,4,4,0,null,null],[99,3,3,0,null,null],[20,3,3,0,null,null],[157,3,3,0,null,null],[85,2,2,0,null,null],[153,1,1,0,null,null],[67,1,1,0,null,null],[82,1,1,0,null,null],[151,1,1,0,null,null],[158,1,1,0,null,null],[191,1,1,0,null,null]]}},{"type":"Feature","geometry":{"type":"Polygon","coordinates":[[[-153.57219,58.60224],[-153.57437,58.60092],[-153.5733,58.59944],[-153.57006,58.59929],[-153.56788,58.60061],[-153.56895,58.60209],[-153.57219,58.60224]]]},"properties":{"cell":"890cedd2cb3ffff","res":9,"coarsened":false,"count":16,"hv":16,"mp":0,"y0":null,"y1":null,"sp":[[34,7,7,0,null,null],[146,4,4,0,null,null],[100,2,2,0,null,null],[99,1,1,0,null,null],[20,1,1,0,null,null],[102,1,1,0,null,null]]}},{"type":"Feature","geometry":{"type":"Polygon","coordinates":[[[-153.56345,58.61182],[-153.56562,58.6105],[-153.56455,58.60902],[-153.56131,58.60887],[-153.55913,58.61019],[-153.5602,58.61167],[-153.56345,58.61182]]]},"properties":{"cell":"890c536d3cbffff","res":9,"coarsened":false,"count":8,"hv":8,"mp":0,"y0":null,"y1":null,"sp":[[34,6,6,0,null,null],[99,1,1,0,null,null],[146,1,1,0,null,null]]}},{"type":"Feature","geometry":{"type":"Polygon","coordinates":[[[-153.28106,58.83127],[-153.28327,58.82995],[-153.28221,58.82846],[-153.27894,58.8283],[-153.27674,58.82962],[-153.2778,58.83111],[-153.28106,58.83127]]]},"properties":{"cell":"890c5362583ffff","res":9,"coarsened":false,"count":7,"hv":7,"mp":0,"y0":null,"y1":null,"sp":[[131,3,3,0,null,null],[34,2,2,0,null,null],[67,1,1,0,null,null],[20,1,1,0,null,null]]}},{"type":"Feature","geometry":{"type":"Polygon","coordinates":[[[-154.01102,58.45233],[-154.01317,58.45099],[-154.01208,58.44952],[-154.00885,58.44938],[-154.0067,58.45071],[-154.00779,58.45219],[-154.01102,58.45233]]]},"properties":{"cell":"890cedd9bb3ffff","res":9,"coarsened":false,"count":23,"hv":23,"mp":0,"y0":null,"y1":null,"sp":[[34,12,12,0,null,null],[102,4,4,0,null,null],[165,3,3,0,null,null],[100,2,2,0,null,null],[99,1,1,0,null,null],[11,1,1,0,null,null]]}},{"type":"Feature","geometry":{"type":"Polygon","coordinates":[[[-153.54201,58.59083],[-153.54419,58.58951],[-153.54312,58.58803],[-153.53988,58.58788],[-153.5377,58.5892],[-153.53877,58.59068],[-153.54201,58.59083]]]},"properties":{"cell":"890cedd2db3ffff","res":9,"coarsened":false,"count":15,"hv":15,"mp":0,"y0":null,"y1":null,"sp":[[34,4,4,0,null,null],[67,4,4,0,null,null],[131,3,3,0,null,null],[146,2,2,0,null,null],[149,1,1,0,null,null],[11,1,1,0,null,null]]}},{"type":"Feature","geometry":{"type":"Polygon","coordinates":[[[-154.44844,58.17183],[-154.45055,58.1705],[-154.44945,58.16903],[-154.44623,58.16891],[-154.44413,58.17024],[-154.44523,58.1717],[-154.44844,58.17183]]]},"properties":{"cell":"890ced5907bffff","res":9,"coarsened":false,"count":12,"hv":12,"mp":0,"y0":null,"y1":null,"sp":[[82,4,4,0,null,null],[67,2,2,0,null,null],[99,1,1,0,null,null],[145,1,1,0,null,null],[34,1,1,0,null,null],[95,1,1,0,null,null],[85,1,1,0,null,null],[156,1,1,0,null,null]]}},{"type":"Feature","geometry":{"type":"Polygon","coordinates":[[[-154.42165,58.07013],[-154.42375,58.0688],[-154.42265,58.06734],[-154.41945,58.06721],[-154.41735,58.06854],[-154.41845,58.07],[-154.42165,58.07013]]]},"properties":{"cell":"890ced4b3b7ffff","res":9,"coarsened":false,"count":53,"hv":53,"mp":0,"y0":null,"y1":null,"sp":[[67,12,12,0,null,null],[34,12,12,0,null,null],[131,6,6,0,null,null],[146,5,5,0,null,null],[102,4,4,0,null,null],[150,3,3,0,null,null],[145,3,3,0,null,null],[149,2,2,0,null,null],[11,2,2,0,null,null],[100,2,2,0,null,null],[5,1,1,0,null,null],[20,1,1,0,null,null]]}},{"type":"Feature","geometry":{"type":"Polygon","coordinates":[[[-154.19082,58.34039],[-154.19295,58.33906],[-154.19186,58.33759],[-154.18863,58.33745],[-154.1865,58.33879],[-154.18759,58.34025],[-154.19082,58.34039]]]},"properties":{"cell":"890cec26eb3ffff","res":9,"coarsened":false,"count":21,"hv":21,"mp":0,"y0":null,"y1":null,"sp":[[67,3,3,0,null,null],[148,3,3,0,null,null],[82,3,3,0,null,null],[99,2,2,0,null,null],[146,2,2,0,null,null],[85,2,2,0,null,null],[150,2,2,0,null,null],[34,2,2,0,null,null],[144,1,1,0,null,null],[20,1,1,0,null,null]]}},{"type":"Feature","geometry":{"type":"Polygon","coordinates":[[[-154.14257,58.35117],[-154.1447,58.34984],[-154.14361,58.34837],[-154.14038,58.34824],[-154.13825,58.34957],[-154.13934,58.35104],[-154.14257,58.35117]]]},"properties":{"cell":"890cedc9347ffff","res":9,"coarsened":false,"count":27,"hv":27,"mp":0,"y0":null,"y1":null,"sp":[[82,5,5,0,null,null],[34,5,5,0,null,null],[67,3,3,0,null,null],[99,2,2,0,null,null],[150,2,2,0,null,null],[85,2,2,0,null,null],[148,2,2,0,null,null],[145,1,1,0,null,null],[156,1,1,0,null,null],[149,1,1,0,null,null],[157,1,1,0,null,null],[11,1,1,0,null,null],[87,1,1,0,null,null]]}},{"type":"Feature","geometry":{"type":"Polygon","coordinates":[[[-153.3255,58.84492],[-153.37924,58.8275],[-153.37973,58.79745],[-153.3266,58.78484],[-153.27293,58.80223],[-153.27232,58.83227],[-153.3255,58.84492]]]},"properties":{"cell":"860c53627ffffff","res":6,"coarsened":true,"count":2,"hv":2,"mp":0,"y0":null,"y1":null,"sp":[[0,1,1,0,null,null],[1,1,1,0,null,null]]}},{"type":"Feature","geometry":{"type":"Polygon","coordinates":[[[-154.13009,58.29236],[-154.13222,58.29103],[-154.13113,58.28956],[-154.12791,58.28943],[-154.12578,58.29076],[-154.12687,58.29222],[-154.13009,58.29236]]]},"properties":{"cell":"890ced530d3ffff","res":9,"coarsened":false,"count":17,"hv":17,"mp":0,"y0":null,"y1":null,"sp":[[67,5,5,0,null,null],[149,3,3,0,null,null],[150,2,2,0,null,null],[99,1,1,0,null,null],[151,1,1,0,null,null],[146,1,1,0,null,null],[145,1,1,0,null,null],[108,1,1,0,null,null],[34,1,1,0,null,null],[85,1,1,0,null,null]]}},{"type":"Feature","geometry":{"type":"Polygon","coordinates":[[[-153.90012,58.51018],[-153.90227,58.50885],[-153.90119,58.50738],[-153.89795,58.50724],[-153.89579,58.50857],[-153.89687,58.51004],[-153.90012,58.51018]]]},"properties":{"cell":"890ceddaa0fffff","res":9,"coarsened":false,"count":16,"hv":16,"mp":0,"y0":null,"y1":null,"sp":[[34,9,9,0,null,null],[99,3,3,0,null,null],[146,3,3,0,null,null],[67,1,1,0,null,null]]}},{"type":"Feature","geometry":{"type":"Polygon","coordinates":[[[-153.35878,58.81218],[-153.36099,58.81086],[-153.35992,58.80937],[-153.35666,58.80921],[-153.35445,58.81054],[-153.35552,58.81202],[-153.35878,58.81218]]]},"properties":{"cell":"890c536228fffff","res":9,"coarsened":false,"count":3,"hv":3,"mp":0,"y0":null,"y1":null,"sp":[[34,2,2,0,null,null],[99,1,1,0,null,null]]}},{"type":"Feature","geometry":{"type":"Polygon","coordinates":[[[-153.55371,58.61137],[-153.55588,58.61004],[-153.55482,58.60856],[-153.55157,58.60841],[-153.54939,58.60974],[-153.55046,58.61121],[-153.55371,58.61137]]]},"properties":{"cell":"890c536d3c7ffff","res":9,"coarsened":false,"count":9,"hv":9,"mp":0,"y0":null,"y1":null,"sp":[[34,7,7,0,null,null],[99,1,1,0,null,null],[11,1,1,0,null,null]]}},{"type":"Feature","geometry":{"type":"Polygon","coordinates":[[[-154.48399,58.18174],[-154.4861,58.1804],[-154.48499,58.17894],[-154.48178,58.17881],[-154.47967,58.18015],[-154.48077,58.18161],[-154.48399,58.18174]]]},"properties":{"cell":"890ce8965b7ffff","res":9,"coarsened":false,"count":8,"hv":8,"mp":0,"y0":null,"y1":null,"sp":[[67,2,2,0,null,null],[145,2,2,0,null,null],[82,2,2,0,null,null],[99,1,1,0,null,null],[85,1,1,0,null,null]]}},{"type":"Feature","geometry":{"type":"Polygon","coordinates":[[[-154.32095,58.28034],[-154.32307,58.279],[-154.32197,58.27754],[-154.31875,58.27741],[-154.31663,58.27874],[-154.31773,58.28021],[-154.32095,58.28034]]]},"properties":{"cell":"890cec25897ffff","res":9,"coarsened":false,"count":5,"hv":5,"mp":0,"y0":null,"y1":null,"sp":[[82,2,2,0,null,null],[99,1,1,0,null,null],[148,1,1,0,null,null],[3,1,1,0,null,null]]}},{"type":"Feature","geometry":{"type":"Polygon","coordinates":[[[-154.27179,58.16051],[-154.27391,58.15918],[-154.27281,58.15772],[-154.26961,58.15759],[-154.26749,58.15892],[-154.26858,58.16038],[-154.27179,58.16051]]]},"properties":{"cell":"890ced58c03ffff","res":9,"coarsened":false,"count":8,"hv":8,"mp":0,"y0":null,"y1":null,"sp":[[146,2,2,0,null,null],[108,2,2,0,null,null],[99,1,1,0,null,null],[34,1,1,0,null,null],[85,1,1,0,null,null],[145,1,1,0,null,null]]}},{"type":"Feature","geometry":{"type":"Polygon","coordinates":[[[-154.20171,58.3508],[-154.20384,58.34946],[-154.20275,58.348],[-154.19952,58.34786],[-154.19739,58.3492],[-154.19848,58.35066],[-154.20171,58.3508]]]},"properties":{"cell":"890cec26177ffff","res":9,"coarsened":false,"count":17,"hv":17,"mp":0,"y0":null,"y1":null,"sp":[[82,3,3,0,null,null],[148,3,3,0,null,null],[144,2,2,0,null,null],[116,2,2,0,null,null],[99,1,1,0,null,null],[151,1,1,0,null,null],[3,1,1,0,null,null],[34,1,1,0,null,null],[79,1,1,0,null,null],[56,1,1,0,null,null],[55,1,1,0,null,null]]}},{"type":"Feature","geometry":{"type":"Polygon","coordinates":[[[-154.17162,58.35239],[-154.17375,58.35106],[-154.17266,58.34959],[-154.16943,58.34945],[-154.1673,58.35079],[-154.16839,58.35225],[-154.17162,58.35239]]]},"properties":{"cell":"890cec26cd7ffff","res":9,"coarsened":false,"count":21,"hv":21,"mp":0,"y0":null,"y1":null,"sp":[[34,7,7,0,null,null],[67,3,3,0,null,null],[99,2,2,0,null,null],[151,1,1,0,null,null],[108,1,1,0,null,null],[145,1,1,0,null,null],[82,1,1,0,null,null],[148,1,1,0,null,null],[79,1,1,0,null,null],[64,1,1,0,null,null],[195,1,1,0,null,null],[78,1,1,0,null,null]]}},{"type":"Feature","geometry":{"type":"Polygon","coordinates":[[[-154.43219,58.16268],[-154.4343,58.16134],[-154.4332,58.15988],[-154.42999,58.15976],[-154.42788,58.16109],[-154.42898,58.16255],[-154.43219,58.16268]]]},"properties":{"cell":"890ced59387ffff","res":9,"coarsened":false,"count":6,"hv":6,"mp":0,"y0":null,"y1":null,"sp":[[144,2,2,0,null,null],[99,1,1,0,null,null],[82,1,1,0,null,null],[150,1,1,0,null,null],[148,1,1,0,null,null]]}},{"type":"Feature","geometry":{"type":"Polygon","coordinates":[[[-154.40976,58.06258],[-154.41187,58.06125],[-154.41077,58.05979],[-154.40757,58.05966],[-154.40547,58.06099],[-154.40656,58.06245],[-154.40976,58.06258]]]},"properties":{"cell":"890ced4868bffff","res":9,"coarsened":false,"count":4,"hv":4,"mp":0,"y0":null,"y1":null,"sp":[[131,3,3,0,null,null],[117,1,1,0,null,null]]}},{"type":"Feature","geometry":{"type":"Polygon","coordinates":[[[-154.45217,58.05291],[-154.45427,58.05158],[-154.45318,58.05012],[-154.44998,58.05],[-154.44788,58.05133],[-154.44897,58.05279],[-154.45217,58.05291]]]},"properties":{"cell":"890ced495c7ffff","res":9,"coarsened":false,"count":23,"hv":23,"mp":0,"y0":null,"y1":null,"sp":[[34,10,10,0,null,null],[20,3,3,0,null,null],[149,3,3,0,null,null],[67,2,2,0,null,null],[145,2,2,0,null,null],[99,1,1,0,null,null],[157,1,1,0,null,null],[158,1,1,0,null,null]]}},{"type":"Feature","geometry":{"type":"Polygon","coordinates":[[[-154.3222,58.29033],[-154.32433,58.289],[-154.32323,58.28753],[-154.32,58.2874],[-154.31788,58.28874],[-154.31898,58.2902],[-154.3222,58.29033]]]},"properties":{"cell":"890cec25c07ffff","res":9,"coarsened":false,"count":8,"hv":8,"mp":0,"y0":null,"y1":null,"sp":[[82,4,4,0,null,null],[99,2,2,0,null,null],[148,1,1,0,null,null],[3,1,1,0,null,null]]}},{"type":"Feature","geometry":{"type":"Polygon","coordinates":[[[-154.12043,58.29195],[-154.12256,58.29062],[-154.12147,58.28916],[-154.11825,58.28902],[-154.11612,58.29035],[-154.11721,58.29182],[-154.12043,58.29195]]]},"properties":{"cell":"890ced5309bffff","res":9,"coarsened":false,"count":7,"hv":7,"mp":0,"y0":null,"y1":null,"sp":[[67,2,2,0,null,null],[150,2,2,0,null,null],[99,1,1,0,null,null],[34,1,1,0,null,null],[85,1,1,0,null,null]]}},{"type":"Feature","geometry":{"type":"Polygon","coordinates":[[[-154.1113,58.34274],[-154.11343,58.34141],[-154.11234,58.33994],[-154.10912,58.33981],[-154.10698,58.34114],[-154.10807,58.34261],[-154.1113,58.34274]]]},"properties":{"cell":"890cedc9e57ffff","res":9,"coarsened":false,"count":40,"hv":40,"mp":0,"y0":null,"y1":null,"sp":[[34,17,17,0,null,null],[67,6,6,0,null,null],[99,5,5,0,null,null],[20,4,4,0,null,null],[149,3,3,0,null,null],[146,3,3,0,null,null],[117,1,1,0,null,null],[153,1,1,0,null,null]]}},{"type":"Feature","geometry":{"type":"Polygon","coordinates":[[[-154.09877,58.27115],[-154.1009,58.26982],[-154.09981,58.26835],[-154.09659,58.26822],[-154.09446,58.26955],[-154.09555,58.27101],[-154.09877,58.27115]]]},"properties":{"cell":"890ced5310bffff","res":9,"coarsened":false,"count":27,"hv":27,"mp":0,"y0":null,"y1":null,"sp":[[67,10,10,0,null,null],[34,3,3,0,null,null],[85,2,2,0,null,null],[20,2,2,0,null,null],[180,2,2,0,null,null],[99,1,1,0,null,null],[108,1,1,0,null,null],[148,1,1,0,null,null],[145,1,1,0,null,null],[68,1,1,0,null,null],[11,1,1,0,null,null],[149,1,1,0,null,null],[147,1,1,0,null,null]]}},{"type":"Feature","geometry":{"type":"Polygon","coordinates":[[[-154.44283,58.16026],[-154.44494,58.15893],[-154.44384,58.15746],[-154.44063,58.15734],[-154.43852,58.15867],[-154.43962,58.16014],[-154.44283,58.16026]]]},"properties":{"cell":"890ced59313ffff","res":9,"coarsened":false,"count":39,"hv":39,"mp":0,"y0":null,"y1":null,"sp":[[67,7,7,0,null,null],[85,5,5,0,null,null],[156,4,4,0,null,null],[22,4,4,0,null,null],[108,3,3,0,null,null],[34,3,3,0,null,null],[20,2,2,0,null,null],[145,2,2,0,null,null],[99,1,1,0,null,null],[96,1,1,0,null,null],[150,1,1,0,null,null],[82,1,1,0,null,null],[78,1,1,0,null,null],[11,1,1,0,null,null],[146,1,1,0,null,null],[148,1,1,0,null,null],[60,1,1,0,null,null]]}},{"type":"Feature","geometry":{"type":"Polygon","coordinates":[[[-154.26316,58.29077],[-154.26528,58.28944],[-154.26418,58.28797],[-154.26096,58.28784],[-154.25884,58.28918],[-154.25993,58.29064],[-154.26316,58.29077]]]},"properties":{"cell":"890cec24e1bffff","res":9,"coarsened":false,"count":16,"hv":16,"mp":0,"y0":null,"y1":null,"sp":[[67,5,5,0,null,null],[99,2,2,0,null,null],[146,2,2,0,null,null],[3,2,2,0,null,null],[34,2,2,0,null,null],[82,1,1,0,null,null],[145,1,1,0,null,null],[11,1,1,0,null,null]]}},{"type":"Feature","geometry":{"type":"Polygon","coordinates":[[[-154.20119,58.31238],[-154.20332,58.31105],[-154.20223,58.30958],[-154.199,58.30945],[-154.19687,58.31078],[-154.19797,58.31225],[-154.20119,58.31238]]]},"properties":{"cell":"890cec26a37ffff","res":9,"coarsened":false,"count":1,"hv":1,"mp":0,"y0":null,"y1":null,"sp":[[99,1,1,0,null,null]]}},{"type":"Feature","geometry":{"type":"Polygon","coordinates":[[[-153.55174,58.59129],[-153.55392,58.58997],[-153.55285,58.58849],[-153.54961,58.58834],[-153.54743,58.58966],[-153.5485,58.59114],[-153.55174,58.59129]]]},"properties":{"cell":"890cedd2d8fffff","res":9,"coarsened":false,"count":9,"hv":9,"mp":0,"y0":null,"y1":null,"sp":[[11,2,2,0,null,null],[34,2,2,0,null,null],[99,1,1,0,null,null],[146,1,1,0,null,null],[67,1,1,0,null,null],[100,1,1,0,null,null],[144,1,1,0,null,null]]}},{"type":"Feature","geometry":{"type":"Polygon","coordinates":[[[-154.18911,58.29198],[-154.19124,58.29065],[-154.19014,58.28918],[-154.18692,58.28905],[-154.18479,58.29038],[-154.18589,58.29185],[-154.18911,58.29198]]]},"properties":{"cell":"890cec24d8bffff","res":9,"coarsened":false,"count":5,"hv":5,"mp":0,"y0":null,"y1":null,"sp":[[150,2,2,0,null,null],[99,1,1,0,null,null],[34,1,1,0,null,null],[108,1,1,0,null,null]]}},{"type":"Feature","geometry":{"type":"Polygon","coordinates":[[[-153.92166,58.4926],[-153.92382,58.49127],[-153.92273,58.4898],[-153.91949,58.48966],[-153.91734,58.49099],[-153.91842,58.49246],[-153.92166,58.4926]]]},"properties":{"cell":"890cedd8c43ffff","res":9,"coarsened":false,"count":13,"hv":13,"mp":0,"y0":null,"y1":null,"sp":[[34,8,8,0,null,null],[99,2,2,0,null,null],[11,2,2,0,null,null],[67,1,1,0,null,null]]}},{"type":"Feature","geometry":{"type":"Polygon","coordinates":[[[-153.91305,58.5022],[-153.91521,58.50087],[-153.91412,58.4994],[-153.91088,58.49925],[-153.90873,58.50058],[-153.90981,58.50206],[-153.91305,58.5022]]]},"properties":{"cell":"890cedd8cd3ffff","res":9,"coarsened":false,"count":6,"hv":6,"mp":0,"y0":null,"y1":null,"sp":[[34,5,5,0,null,null],[99,1,1,0,null,null]]}},{"type":"Feature","geometry":{"type":"Polygon","coordinates":[[[-153.5712,58.59221],[-153.57338,58.59088],[-153.57231,58.5894],[-153.56907,58.58925],[-153.56689,58.59058],[-153.56796,58.59205],[-153.5712,58.59221]]]},"properties":{"cell":"890cedd2dcbffff","res":9,"coarsened":false,"count":47,"hv":47,"mp":0,"y0":null,"y1":null,"sp":[[34,20,20,0,null,null],[146,9,9,0,null,null],[100,7,7,0,null,null],[20,3,3,0,null,null],[102,3,3,0,null,null],[99,2,2,0,null,null],[159,1,1,0,null,null],[144,1,1,0,null,null],[11,1,1,0,null,null]]}},{"type":"Feature","geometry":{"type":"Polygon","coordinates":[[[-153.91206,58.53067],[-153.91422,58.52934],[-153.91314,58.52787],[-153.90989,58.52772],[-153.90773,58.52906],[-153.90882,58.53053],[-153.91206,58.53067]]]},"properties":{"cell":"890ceddae4bffff","res":9,"coarsened":false,"count":10,"hv":10,"mp":0,"y0":null,"y1":null,"sp":[[34,5,5,0,null,null],[145,2,2,0,null,null],[99,1,1,0,null,null],[20,1,1,0,null,null],[3,1,1,0,null,null]]}},{"type":"Feature","geometry":{"type":"Polygon","coordinates":[[[-153.7996,58.59129],[-153.80176,58.58996],[-153.80068,58.58848],[-153.79743,58.58833],[-153.79527,58.58966],[-153.79635,58.59114],[-153.7996,58.59129]]]},"properties":{"cell":"890cedd1413ffff","res":9,"coarsened":false,"count":3,"hv":3,"mp":0,"y0":null,"y1":null,"sp":[[99,1,1,0,null,null],[20,1,1,0,null,null],[34,1,1,0,null,null]]}},{"type":"Feature","geometry":{"type":"Polygon","coordinates":[[[-153.56246,58.60179],[-153.56464,58.60046],[-153.56357,58.59898],[-153.56032,58.59883],[-153.55815,58.60016],[-153.55921,58.60163],[-153.56246,58.60179]]]},"properties":{"cell":"890c536d37bffff","res":9,"coarsened":false,"count":35,"hv":35,"mp":0,"y0":null,"y1":null,"sp":[[34,22,22,0,null,null],[100,5,5,0,null,null],[102,2,2,0,null,null],[146,2,2,0,null,null],[99,1,1,0,null,null],[115,1,1,0,null,null],[20,1,1,0,null,null],[159,1,1,0,null,null]]}},{"type":"Feature","geometry":{"type":"Polygon","coordinates":[[[-154.44973,58.18181],[-154.45185,58.18048],[-154.45074,58.17902],[-154.44753,58.17889],[-154.44542,58.18023],[-154.44652,58.18169],[-154.44973,58.18181]]]},"properties":{"cell":"890ced590cbffff","res":9,"coarsened":false,"count":8,"hv":8,"mp":0,"y0":null,"y1":null,"sp":[[148,2,2,0,null,null],[99,1,1,0,null,null],[20,1,1,0,null,null],[144,1,1,0,null,null],[11,1,1,0,null,null],[85,1,1,0,null,null],[156,1,1,0,null,null]]}},{"type":"Feature","geometry":{"type":"Polygon","coordinates":[[[-154.28126,58.28157],[-154.28338,58.28023],[-154.28228,58.27877],[-154.27906,58.27863],[-154.27694,58.27997],[-154.27803,58.28143],[-154.28126,58.28157]]]},"properties":{"cell":"890cec25da3ffff","res":9,"coarsened":false,"count":4,"hv":4,"mp":0,"y0":null,"y1":null,"sp":[[149,2,2,0,null,null],[99,1,1,0,null,null],[3,1,1,0,null,null]]}},{"type":"Feature","geometry":{"type":"Polygon","coordinates":[[[-154.32059,58.08028],[-154.3227,58.07894],[-154.32161,58.07748],[-154.31841,58.07736],[-154.3163,58.07869],[-154.31739,58.08015],[-154.32059,58.08028]]]},"properties":{"cell":"890ced4a14bffff","res":9,"coarsened":false,"count":12,"hv":12,"mp":0,"y0":null,"y1":null,"sp":[[67,9,9,0,null,null],[99,1,1,0,null,null],[20,1,1,0,null,null],[146,1,1,0,null,null]]}},{"type":"Feature","geometry":{"type":"Polygon","coordinates":[[[-154.45938,58.18219],[-154.46149,58.18086],[-154.46038,58.17939],[-154.45717,58.17927],[-154.45506,58.1806],[-154.45616,58.18207],[-154.45938,58.18219]]]},"properties":{"cell":"890ced59623ffff","res":9,"coarsened":false,"count":15,"hv":15,"mp":0,"y0":null,"y1":null,"sp":[[82,5,5,0,null,null],[34,2,2,0,null,null],[99,1,1,0,null,null],[85,1,1,0,null,null],[156,1,1,0,null,null],[148,1,1,0,null,null],[67,1,1,0,null,null],[145,1,1,0,null,null],[149,1,1,0,null,null],[150,1,1,0,null,null]]}},{"type":"Feature","geometry":{"type":"Polygon","coordinates":[[[-154.41231,58.08251],[-154.41442,58.08118],[-154.41332,58.07972],[-154.41012,58.07959],[-154.40802,58.08092],[-154.40911,58.08238],[-154.41231,58.08251]]]},"properties":{"cell":"890ced4b1c3ffff","res":9,"coarsened":false,"count":5,"hv":5,"mp":0,"y0":null,"y1":null,"sp":[[67,2,2,0,null,null],[99,1,1,0,null,null],[149,1,1,0,null,null],[34,1,1,0,null,null]]}},{"type":"Feature","geometry":{"type":"Polygon","coordinates":[[[-153.80067,58.60133],[-153.80284,58.6],[-153.80176,58.59852],[-153.79851,58.59837],[-153.79634,58.5997],[-153.79742,58.60118],[-153.80067,58.60133]]]},"properties":{"cell":"890cedd3263ffff","res":9,"coarsened":false,"count":6,"hv":6,"mp":0,"y0":null,"y1":null,"sp":[[34,4,4,0,null,null],[99,1,1,0,null,null],[146,1,1,0,null,null]]}},{"type":"Feature","geometry":{"type":"Polygon","coordinates":[[[-153.55962,58.67163],[-153.5618,58.6703],[-153.56073,58.66882],[-153.55748,58.66867],[-153.5553,58.67],[-153.55637,58.67147],[-153.55962,58.67163]]]},"properties":{"cell":"890c5368d77ffff","res":9,"coarsened":false,"count":8,"hv":8,"mp":0,"y0":null,"y1":null,"sp":[[131,3,3,0,null,null],[34,3,3,0,null,null],[99,1,1,0,null,null],[67,1,1,0,null,null]]}},{"type":"Feature","geometry":{"type":"Polygon","coordinates":[[[-153.36333,58.80095],[-153.36553,58.79962],[-153.36447,58.79814],[-153.3612,58.79798],[-153.359,58.79931],[-153.36007,58.80079],[-153.36333,58.80095]]]},"properties":{"cell":"890c536222bffff","res":9,"coarsened":false,"count":3,"hv":3,"mp":0,"y0":null,"y1":null,"sp":[[99,1,1,0,null,null],[34,1,1,0,null,null],[144,1,1,0,null,null]]}},{"type":"Feature","geometry":{"type":"Polygon","coordinates":[[[-153.65319,57.94425],[-153.65531,57.94293],[-153.65426,57.94147],[-153.65109,57.94132],[-153.64897,57.94264],[-153.65002,57.9441],[-153.65319,57.94425]]]},"properties":{"cell":"890ced72a43ffff","res":9,"coarsened":false,"count":1,"hv":1,"mp":0,"y0":2008,"y1":2008,"sp":[[70,1,1,0,2008,2008]]}},{"type":"Feature","geometry":{"type":"Polygon","coordinates":[[[-153.39253,57.9915],[-153.44461,57.97418],[-153.44501,57.94453],[-153.39345,57.93221],[-153.34144,57.94951],[-153.34093,57.97915],[-153.39253,57.9915]]]},"properties":{"cell":"860ced0cfffffff","res":6,"coarsened":true,"count":10,"hv":10,"mp":0,"y0":2008,"y1":2008,"sp":[[1,9,9,0,null,null],[127,1,1,0,2008,2008]]}},{"type":"Feature","geometry":{"type":"Polygon","coordinates":[[[-153.28881,57.99643],[-153.34093,57.97915],[-153.34144,57.94951],[-153.28995,57.93715],[-153.23788,57.9544],[-153.23726,57.98404],[-153.28881,57.99643]]]},"properties":{"cell":"860ced3b7ffffff","res":6,"coarsened":true,"count":5,"hv":5,"mp":0,"y0":2008,"y1":2008,"sp":[[1,4,4,0,null,null],[127,1,1,0,2008,2008]]}},{"type":"Feature","geometry":{"type":"Polygon","coordinates":[[[-153.68085,57.91019],[-153.68297,57.90887],[-153.68192,57.90741],[-153.67876,57.90727],[-153.67664,57.90858],[-153.67768,57.91004],[-153.68085,57.91019]]]},"properties":{"cell":"890ced70e2bffff","res":9,"coarsened":false,"count":1,"hv":1,"mp":0,"y0":2008,"y1":2008,"sp":[[70,1,1,0,2008,2008]]}},{"type":"Feature","geometry":{"type":"Polygon","coordinates":[[[-153.51068,58.68218],[-153.51287,58.68085],[-153.5118,58.67937],[-153.50855,58.67922],[-153.50636,58.68054],[-153.50743,58.68202],[-153.51068,58.68218]]]},"properties":{"cell":"890c536f633ffff","res":9,"coarsened":false,"count":18,"hv":18,"mp":0,"y0":null,"y1":null,"sp":[[34,14,14,0,null,null],[99,1,1,0,null,null],[67,1,1,0,null,null],[146,1,1,0,null,null],[56,1,1,0,null,null]]}},{"type":"Feature","geometry":{"type":"Polygon","coordinates":[[[-153.90984,58.51061],[-153.912,58.50928],[-153.91091,58.50781],[-153.90767,58.50767],[-153.90551,58.509],[-153.9066,58.51047],[-153.90984,58.51061]]]},"properties":{"cell":"890ceddaa47ffff","res":9,"coarsened":false,"count":5,"hv":5,"mp":0,"y0":null,"y1":null,"sp":[[34,3,3,0,null,null],[99,1,1,0,null,null],[146,1,1,0,null,null]]}},{"type":"Feature","geometry":{"type":"Polygon","coordinates":[[[-153.56839,58.66204],[-153.57057,58.66071],[-153.5695,58.65923],[-153.56625,58.65908],[-153.56407,58.66041],[-153.56514,58.66189],[-153.56839,58.66204]]]},"properties":{"cell":"890c53689c7ffff","res":9,"coarsened":false,"count":11,"hv":11,"mp":0,"y0":null,"y1":null,"sp":[[34,4,4,0,null,null],[131,3,3,0,null,null],[97,1,1,0,null,null],[99,1,1,0,null,null],[152,1,1,0,null,null],[3,1,1,0,null,null]]}},{"type":"Feature","geometry":{"type":"Polygon","coordinates":[[[-154.51077,58.05236],[-154.51286,58.05102],[-154.51176,58.04956],[-154.50856,58.04944],[-154.50646,58.05078],[-154.50757,58.05223],[-154.51077,58.05236]]]},"properties":{"cell":"890ced49617ffff","res":9,"coarsened":false,"count":11,"hv":11,"mp":0,"y0":null,"y1":null,"sp":[[34,3,3,0,null,null],[149,3,3,0,null,null],[67,2,2,0,null,null],[99,1,1,0,null,null],[3,1,1,0,null,null],[146,1,1,0,null,null]]}},{"type":"Feature","geometry":{"type":"Polygon","coordinates":[[[-154.47367,58.06083],[-154.47577,58.0595],[-154.47467,58.05804],[-154.47147,58.05792],[-154.46937,58.05925],[-154.47047,58.06071],[-154.47367,58.06083]]]},"properties":{"cell":"890ced49417ffff","res":9,"coarsened":false,"count":22,"hv":22,"mp":0,"y0":null,"y1":null,"sp":[[34,8,8,0,null,null],[67,7,7,0,null,null],[146,2,2,0,null,null],[99,1,1,0,null,null],[156,1,1,0,null,null],[157,1,1,0,null,null],[145,1,1,0,null,null],[149,1,1,0,null,null]]}},{"type":"Feature","geometry":{"type":"Polygon","coordinates":[[[-154.01958,58.44272],[-154.02173,58.44139],[-154.02064,58.43992],[-154.01741,58.43978],[-154.01526,58.44111],[-154.01635,58.44258],[-154.01958,58.44272]]]},"properties":{"cell":"890cedd9b23ffff","res":9,"coarsened":false,"count":25,"hv":25,"mp":0,"y0":null,"y1":null,"sp":[[34,12,12,0,null,null],[146,7,7,0,null,null],[11,3,3,0,null,null],[99,2,2,0,null,null],[100,1,1,0,null,null]]}},{"type":"Feature","geometry":{"type":"Polygon","coordinates":[[[-154.11012,58.33274],[-154.11226,58.33141],[-154.11117,58.32994],[-154.10794,58.32981],[-154.10581,58.33114],[-154.1069,58.3326],[-154.11012,58.33274]]]},"properties":{"cell":"890cedc9e6fffff","res":9,"coarsened":false,"count":24,"hv":24,"mp":0,"y0":null,"y1":null,"sp":[[34,12,12,0,null,null],[20,6,6,0,null,null],[149,2,2,0,null,null],[99,1,1,0,null,null],[11,1,1,0,null,null],[146,1,1,0,null,null],[151,1,1,0,null,null]]}},{"type":"Feature","geometry":{"type":"Polygon","coordinates":[[[-153.84987,57.88521],[-153.85198,57.88389],[-153.85092,57.88243],[-153.84776,57.88229],[-153.84564,57.88361],[-153.8467,57.88507],[-153.84987,57.88521]]]},"properties":{"cell":"890ced7a95bffff","res":9,"coarsened":false,"count":1,"hv":1,"mp":0,"y0":2007,"y1":2007,"sp":[[70,1,1,0,2007,2007]]}},{"type":"Feature","geometry":{"type":"Polygon","coordinates":[[[-153.33195,57.94905],[-153.33408,57.94774],[-153.33305,57.94628],[-153.32989,57.94613],[-153.32775,57.94744],[-153.32878,57.9489],[-153.33195,57.94905]]]},"properties":{"cell":"890ced3949bffff","res":9,"coarsened":false,"count":1,"hv":1,"mp":0,"y0":2007,"y1":2007,"sp":[[70,1,1,0,2007,2007]]}},{"type":"Feature","geometry":{"type":"Polygon","coordinates":[[[-153.7558,57.92907],[-153.80762,57.91159],[-153.80764,57.88195],[-153.75595,57.86979],[-153.70419,57.88724],[-153.70406,57.91688],[-153.7558,57.92907]]]},"properties":{"cell":"860ced71fffffff","res":6,"coarsened":true,"count":10,"hv":10,"mp":0,"y0":1993,"y1":2005,"sp":[[1,8,8,0,null,null],[127,2,2,0,1993,2005]]}},{"type":"Feature","geometry":{"type":"Polygon","coordinates":[[[-153.70177,57.95633],[-153.70389,57.95501],[-153.70284,57.95355],[-153.69967,57.95341],[-153.69755,57.95472],[-153.6986,57.95618],[-153.70177,57.95633]]]},"properties":{"cell":"890ced7009bffff","res":9,"coarsened":false,"count":1,"hv":1,"mp":0,"y0":2005,"y1":2005,"sp":[[70,1,1,0,2005,2005]]}},{"type":"Feature","geometry":{"type":"Polygon","coordinates":[[[-153.96346,58.21426],[-153.96559,58.21293],[-153.96451,58.21146],[-153.9613,58.21132],[-153.95917,58.21265],[-153.96025,58.21412],[-153.96346,58.21426]]]},"properties":{"cell":"890ced5764bffff","res":9,"coarsened":false,"count":1,"hv":1,"mp":0,"y0":2003,"y1":2003,"sp":[[132,1,1,0,2003,2003]]}},{"type":"Feature","geometry":{"type":"Polygon","coordinates":[[[-153.75746,58.11445],[-153.7596,58.11313],[-153.75853,58.11167],[-153.75534,58.11153],[-153.75321,58.11285],[-153.75427,58.11431],[-153.75746,58.11445]]]},"properties":{"cell":"890ced0b24fffff","res":9,"coarsened":false,"count":1,"hv":1,"mp":0,"y0":2003,"y1":2003,"sp":[[132,1,1,0,2003,2003]]}},{"type":"Feature","geometry":{"type":"Polygon","coordinates":[[[-153.65108,58.11249],[-153.70328,58.09502],[-153.70341,58.0653],[-153.65145,58.05304],[-153.59931,58.07047],[-153.59907,58.10019],[-153.65108,58.11249]]]},"properties":{"cell":"860ced087ffffff","res":6,"coarsened":true,"count":1,"hv":1,"mp":0,"y0":2003,"y1":2003,"sp":[[127,1,1,0,2003,2003]]}},{"type":"Feature","geometry":{"type":"Polygon","coordinates":[[[-153.53313,58.00375],[-153.53526,58.00244],[-153.53422,58.00098],[-153.53104,58.00083],[-153.52891,58.00214],[-153.52995,58.00361],[-153.53313,58.00375]]]},"properties":{"cell":"890ced0d0b3ffff","res":9,"coarsened":false,"count":1,"hv":1,"mp":0,"y0":2003,"y1":2003,"sp":[[133,1,1,0,2003,2003]]}},{"type":"Feature","geometry":{"type":"Polygon","coordinates":[[[-153.5599,57.97248],[-153.56203,57.97116],[-153.56099,57.9697],[-153.55781,57.96956],[-153.55569,57.97087],[-153.55673,57.97233],[-153.5599,57.97248]]]},"properties":{"cell":"890ced0d367ffff","res":9,"coarsened":false,"count":1,"hv":1,"mp":0,"y0":2003,"y1":2003,"sp":[[70,1,1,0,2003,2003]]}},{"type":"Feature","geometry":{"type":"Polygon","coordinates":[[[-153.60003,57.98139],[-153.65201,57.96397],[-153.65219,57.93431],[-153.60051,57.92207],[-153.54859,57.93946],[-153.5483,57.96912],[-153.60003,57.98139]]]},"properties":{"cell":"860ced72fffffff","res":6,"coarsened":true,"count":2,"hv":2,"mp":0,"y0":2003,"y1":2003,"sp":[[127,2,2,0,2003,2003]]}},{"type":"Feature","geometry":{"type":"Polygon","coordinates":[[[-153.72513,57.93336],[-153.72725,57.93204],[-153.7262,57.93058],[-153.72303,57.93044],[-153.72091,57.93176],[-153.72196,57.93322],[-153.72513,57.93336]]]},"properties":{"cell":"890ced703cbffff","res":9,"coarsened":false,"count":1,"hv":1,"mp":0,"y0":2003,"y1":2003,"sp":[[133,1,1,0,2003,2003]]}},{"type":"Feature","geometry":{"type":"Polygon","coordinates":[[[-153.7038,57.9762],[-153.75573,57.95874],[-153.7558,57.92907],[-153.70406,57.91688],[-153.65219,57.93431],[-153.65201,57.96397],[-153.7038,57.9762]]]},"properties":{"cell":"860ced707ffffff","res":6,"coarsened":true,"count":2,"hv":2,"mp":0,"y0":1992,"y1":2003,"sp":[[127,2,2,0,1992,2003]]}},{"type":"Feature","geometry":{"type":"Polygon","coordinates":[[[-153.74629,57.92865],[-153.7484,57.92733],[-153.74735,57.92587],[-153.74418,57.92573],[-153.74206,57.92705],[-153.74312,57.92851],[-153.74629,57.92865]]]},"properties":{"cell":"890ced71c9bffff","res":9,"coarsened":false,"count":1,"hv":1,"mp":0,"y0":2003,"y1":2003,"sp":[[133,1,1,0,2003,2003]]}},{"type":"Feature","geometry":{"type":"Polygon","coordinates":[[[-153.80758,57.97093],[-153.85946,57.95342],[-153.85942,57.92375],[-153.80762,57.91159],[-153.7558,57.92907],[-153.75573,57.95874],[-153.80758,57.97093]]]},"properties":{"cell":"860ced717ffffff","res":6,"coarsened":true,"count":1,"hv":1,"mp":0,"y0":2003,"y1":2003,"sp":[[127,1,1,0,2003,2003]]}},{"type":"Feature","geometry":{"type":"Polygon","coordinates":[[[-153.84143,57.90743],[-153.84355,57.90611],[-153.84249,57.90465],[-153.83932,57.90451],[-153.83721,57.90583],[-153.83826,57.90729],[-153.84143,57.90743]]]},"properties":{"cell":"890ced7ac27ffff","res":9,"coarsened":false,"count":1,"hv":1,"mp":0,"y0":2003,"y1":2003,"sp":[[132,1,1,0,2003,2003]]}},{"type":"Feature","geometry":{"type":"Polygon","coordinates":[[[-153.33989,58.03848],[-153.39207,58.02117],[-153.39253,57.9915],[-153.34093,57.97915],[-153.28881,57.99643],[-153.28823,58.02609],[-153.33989,58.03848]]]},"properties":{"cell":"860ced0efffffff","res":6,"coarsened":true,"count":4,"hv":4,"mp":0,"y0":2003,"y1":2003,"sp":[[127,2,2,0,2003,2003],[1,2,2,0,null,null]]}},{"type":"Feature","geometry":{"type":"Polygon","coordinates":[[[-153.34123,58.51135],[-153.34341,58.51003],[-153.34236,58.50855],[-153.33913,58.50839],[-153.33695,58.50971],[-153.338,58.51119],[-153.34123,58.51135]]]},"properties":{"cell":"890cedd6d8fffff","res":9,"coarsened":false,"count":4,"hv":4,"mp":0,"y0":2003,"y1":2003,"sp":[[70,4,4,0,2003,2003]]}},{"type":"Feature","geometry":{"type":"Polygon","coordinates":[[[-153.34545,58.14634],[-153.3476,58.14503],[-153.34656,58.14356],[-153.34337,58.14341],[-153.34122,58.14472],[-153.34226,58.14619],[-153.34545,58.14634]]]},"properties":{"cell":"890ced00533ffff","res":9,"coarsened":false,"count":2,"hv":2,"mp":0,"y0":2003,"y1":2003,"sp":[[70,2,2,0,2003,2003]]}},{"type":"Feature","geometry":{"type":"Polygon","coordinates":[[[-153.8129,57.90618],[-153.81502,57.90486],[-153.81396,57.9034],[-153.81079,57.90326],[-153.80868,57.90458],[-153.80973,57.90604],[-153.8129,57.90618]]]},"properties":{"cell":"890ced7adbbffff","res":9,"coarsened":false,"count":1,"hv":1,"mp":0,"y0":1998,"y1":1998,"sp":[[132,1,1,0,1998,1998]]}},{"type":"Feature","geometry":{"type":"Polygon","coordinates":[[[-153.9944,58.379],[-153.99654,58.37767],[-153.99545,58.3762],[-153.99223,58.37606],[-153.99008,58.37739],[-153.99117,58.37886],[-153.9944,58.379]]]},"properties":{"cell":"890cedc856bffff","res":9,"coarsened":false,"count":1,"hv":1,"mp":0,"y0":1998,"y1":1998,"sp":[[99,1,1,0,1998,1998]]}},{"type":"Feature","geometry":{"type":"Polygon","coordinates":[[[-154.55147,57.89691],[-154.55356,57.89558],[-154.55246,57.89413],[-154.54927,57.894],[-154.54719,57.89534],[-154.54829,57.89679],[-154.55147,57.89691]]]},"properties":{"cell":"890ce8b12b7ffff","res":9,"coarsened":false,"count":1,"hv":1,"mp":0,"y0":1998,"y1":1998,"sp":[[132,1,1,0,1998,1998]]}},{"type":"Feature","geometry":{"type":"Polygon","coordinates":[[[-153.83936,57.98929],[-153.84148,57.98797],[-153.84042,57.98651],[-153.83724,57.98637],[-153.83512,57.98769],[-153.83618,57.98915],[-153.83936,57.98929]]]},"properties":{"cell":"890ced44d4fffff","res":9,"coarsened":false,"count":1,"hv":1,"mp":0,"y0":1998,"y1":1998,"sp":[[132,1,1,0,1998,1998]]}},{"type":"Feature","geometry":{"type":"Polygon","coordinates":[[[-153.25144,58.27085],[-153.25361,58.26953],[-153.25257,58.26806],[-153.24937,58.26791],[-153.24721,58.26922],[-153.24824,58.27069],[-153.25144,58.27085]]]},"properties":{"cell":"890ced12bdbffff","res":9,"coarsened":false,"count":1,"hv":1,"mp":0,"y0":1998,"y1":1998,"sp":[[132,1,1,0,1998,1998]]}},{"type":"Feature","geometry":{"type":"Polygon","coordinates":[[[-153.76457,58.27364],[-153.76671,58.27231],[-153.76564,58.27084],[-153.76243,58.2707],[-153.76029,58.27202],[-153.76135,58.27349],[-153.76457,58.27364]]]},"properties":{"cell":"890cedccc4fffff","res":9,"coarsened":false,"count":1,"hv":1,"mp":0,"y0":1998,"y1":1998,"sp":[[132,1,1,0,1998,1998]]}},{"type":"Feature","geometry":{"type":"Polygon","coordinates":[[[-153.66714,57.90816],[-153.66925,57.90684],[-153.66821,57.90538],[-153.66504,57.90524],[-153.66292,57.90655],[-153.66397,57.90801],[-153.66714,57.90816]]]},"properties":{"cell":"890ced70853ffff","res":9,"coarsened":false,"count":1,"hv":1,"mp":0,"y0":1993,"y1":1993,"sp":[[70,1,1,0,1993,1993]]}},{"type":"Feature","geometry":{"type":"Polygon","coordinates":[[[-153.65219,57.93431],[-153.70406,57.91688],[-153.70419,57.88724],[-153.65256,57.87503],[-153.60075,57.89244],[-153.60051,57.92207],[-153.65219,57.93431]]]},"properties":{"cell":"860ced70fffffff","res":6,"coarsened":true,"count":10,"hv":10,"mp":0,"y0":1993,"y1":1993,"sp":[[1,8,8,0,null,null],[127,2,2,0,1993,1993]]}},{"type":"Feature","geometry":{"type":"Polygon","coordinates":[[[-153.72415,57.91072],[-153.72627,57.9094],[-153.72522,57.90794],[-153.72205,57.9078],[-153.71993,57.90912],[-153.72099,57.91058],[-153.72415,57.91072]]]},"properties":{"cell":"890ced71d1bffff","res":9,"coarsened":false,"count":1,"hv":1,"mp":0,"y0":1993,"y1":1993,"sp":[[134,1,1,0,1993,1993]]}},{"type":"Feature","geometry":{"type":"Polygon","coordinates":[[[-153.73153,57.91669],[-153.73365,57.91538],[-153.73259,57.91392],[-153.72942,57.91378],[-153.72731,57.91509],[-153.72836,57.91655],[-153.73153,57.91669]]]},"properties":{"cell":"890ced71ddbffff","res":9,"coarsened":false,"count":1,"hv":1,"mp":0,"y0":1993,"y1":1993,"sp":[[132,1,1,0,1993,1993]]}},{"type":"Feature","geometry":{"type":"Polygon","coordinates":[[[-153.91234,57.93735],[-153.91446,57.93603],[-153.91339,57.93457],[-153.91022,57.93443],[-153.90811,57.93575],[-153.90917,57.93721],[-153.91234,57.93735]]]},"properties":{"cell":"890ced7a003ffff","res":9,"coarsened":false,"count":1,"hv":1,"mp":0,"y0":1993,"y1":1993,"sp":[[132,1,1,0,1993,1993]]}},{"type":"Feature","geometry":{"type":"Polygon","coordinates":[[[-153.91137,57.96557],[-153.9632,57.94802],[-153.96305,57.91834],[-153.91119,57.90623],[-153.85942,57.92375],[-153.85946,57.95342],[-153.91137,57.96557]]]},"properties":{"cell":"860ced7a7ffffff","res":6,"coarsened":true,"count":1,"hv":1,"mp":0,"y0":1993,"y1":1993,"sp":[[127,1,1,0,1993,1993]]}},{"type":"Feature","geometry":{"type":"Polygon","coordinates":[[[-153.75583,57.91637],[-153.75795,57.91505],[-153.75689,57.91359],[-153.75373,57.91345],[-153.75161,57.91477],[-153.75266,57.91622],[-153.75583,57.91637]]]},"properties":{"cell":"890ced71c73ffff","res":9,"coarsened":false,"count":1,"hv":1,"mp":0,"y0":1993,"y1":1993,"sp":[[134,1,1,0,1993,1993]]}},{"type":"Feature","geometry":{"type":"Polygon","coordinates":[[[-153.78963,57.92916],[-153.79175,57.92784],[-153.79069,57.92638],[-153.78752,57.92624],[-153.7854,57.92756],[-153.78646,57.92902],[-153.78963,57.92916]]]},"properties":{"cell":"890ced71147ffff","res":9,"coarsened":false,"count":1,"hv":1,"mp":0,"y0":1993,"y1":1993,"sp":[[132,1,1,0,1993,1993]]}},{"type":"Feature","geometry":{"type":"Polygon","coordinates":[[[-153.48802,58.05682],[-153.49016,58.0555],[-153.48911,58.05404],[-153.48593,58.05389],[-153.4838,58.05521],[-153.48484,58.05667],[-153.48802,58.05682]]]},"properties":{"cell":"890ced0f093ffff","res":9,"coarsened":false,"count":1,"hv":1,"mp":0,"y0":1993,"y1":1993,"sp":[[134,1,1,0,1993,1993]]}},{"type":"Feature","geometry":{"type":"Polygon","coordinates":[[[-153.32949,58.02808],[-153.33163,58.02677],[-153.33059,58.02531],[-153.32742,58.02515],[-153.32528,58.02647],[-153.32631,58.02793],[-153.32949,58.02808]]]},"properties":{"cell":"890ced0ec07ffff","res":9,"coarsened":false,"count":1,"hv":1,"mp":0,"y0":1993,"y1":1993,"sp":[[135,1,1,0,1993,1993]]}},{"type":"Feature","geometry":{"type":"Polygon","coordinates":[[[-153.98985,58.15724],[-153.99197,58.15591],[-153.9909,58.15444],[-153.9877,58.15431],[-153.98557,58.15563],[-153.98665,58.1571],[-153.98985,58.15724]]]},"properties":{"cell":"890ced55297ffff","res":9,"coarsened":false,"count":1,"hv":1,"mp":0,"y0":1993,"y1":1993,"sp":[[132,1,1,0,1993,1993]]}},{"type":"Feature","geometry":{"type":"Polygon","coordinates":[[[-154.03655,58.12379],[-154.03867,58.12247],[-154.03759,58.121],[-154.03439,58.12087],[-154.03227,58.12219],[-154.03335,58.12366],[-154.03655,58.12379]]]},"properties":{"cell":"890ced42ebbffff","res":9,"coarsened":false,"count":1,"hv":1,"mp":0,"y0":1993,"y1":1993,"sp":[[134,1,1,0,1993,1993]]}},{"type":"Feature","geometry":{"type":"Polygon","coordinates":[[[-153.66188,58.08465],[-153.66401,58.08333],[-153.66296,58.08187],[-153.65977,58.08173],[-153.65764,58.08304],[-153.65869,58.08451],[-153.66188,58.08465]]]},"properties":{"cell":"890ced08057ffff","res":9,"coarsened":false,"count":1,"hv":1,"mp":0,"y0":1993,"y1":1993,"sp":[[134,1,1,0,1993,1993]]}},{"type":"Feature","geometry":{"type":"Polygon","coordinates":[[[-153.94505,58.15956],[-153.94717,58.15823],[-153.9461,58.15677],[-153.9429,58.15663],[-153.94077,58.15795],[-153.94184,58.15942],[-153.94505,58.15956]]]},"properties":{"cell":"890ced550b7ffff","res":9,"coarsened":false,"count":1,"hv":1,"mp":0,"y0":1993,"y1":1993,"sp":[[134,1,1,0,1993,1993]]}},{"type":"Feature","geometry":{"type":"Polygon","coordinates":[[[-153.78535,57.96571],[-153.78747,57.96439],[-153.78641,57.96293],[-153.78324,57.96279],[-153.78112,57.96411],[-153.78217,57.96557],[-153.78535,57.96571]]]},"properties":{"cell":"890ced714b3ffff","res":9,"coarsened":false,"count":1,"hv":1,"mp":0,"y0":1993,"y1":1993,"sp":[[132,1,1,0,1993,1993]]}},{"type":"Feature","geometry":{"type":"Polygon","coordinates":[[[-154.43048,57.93747],[-154.48206,57.91969],[-154.48136,57.88999],[-154.4292,57.87808],[-154.37768,57.89583],[-154.37827,57.92553],[-154.43048,57.93747]]]},"properties":{"cell":"860ce8b07ffffff","res":6,"coarsened":true,"count":1,"hv":1,"mp":0,"y0":1993,"y1":1993,"sp":[[127,1,1,0,1993,1993]]}},{"type":"Feature","geometry":{"type":"Polygon","coordinates":[[[-154.41284,57.90569],[-154.41493,57.90436],[-154.41384,57.9029],[-154.41066,57.90278],[-154.40857,57.90411],[-154.40966,57.90557],[-154.41284,57.90569]]]},"properties":{"cell":"890ce8b01dbffff","res":9,"coarsened":false,"count":1,"hv":1,"mp":0,"y0":1993,"y1":1993,"sp":[[132,1,1,0,1993,1993]]}},{"type":"Feature","geometry":{"type":"Polygon","coordinates":[[[-154.32047,58.01373],[-154.32257,58.0124],[-154.32148,58.01094],[-154.31829,58.01081],[-154.31619,58.01214],[-154.31728,58.0136],[-154.32047,58.01373]]]},"properties":{"cell":"890ced48893ffff","res":9,"coarsened":false,"count":1,"hv":1,"mp":0,"y0":1993,"y1":1993,"sp":[[132,1,1,0,1993,1993]]}},{"type":"Feature","geometry":{"type":"Polygon","coordinates":[[[-153.35815,58.5307],[-153.36033,58.52938],[-153.35927,58.5279],[-153.35604,58.52774],[-153.35386,58.52906],[-153.35491,58.53054],[-153.35815,58.5307]]]},"properties":{"cell":"890ced99227ffff","res":9,"coarsened":false,"count":1,"hv":1,"mp":0,"y0":1993,"y1":1993,"sp":[[132,1,1,0,1993,1993]]}},{"type":"Feature","geometry":{"type":"Polygon","coordinates":[[[-153.36243,58.53233],[-153.36461,58.53101],[-153.36356,58.52953],[-153.36033,58.52938],[-153.35815,58.5307],[-153.3592,58.53217],[-153.36243,58.53233]]]},"properties":{"cell":"890ced99223ffff","res":9,"coarsened":false,"count":1,"hv":1,"mp":0,"y0":1993,"y1":1993,"sp":[[132,1,1,0,1993,1993]]}},{"type":"Feature","geometry":{"type":"Polygon","coordinates":[[[-153.33491,58.56379],[-153.3371,58.56247],[-153.33604,58.56099],[-153.33281,58.56083],[-153.33062,58.56215],[-153.33168,58.56363],[-153.33491,58.56379]]]},"properties":{"cell":"890ced99447ffff","res":9,"coarsened":false,"count":1,"hv":1,"mp":0,"y0":1993,"y1":1993,"sp":[[70,1,1,0,1993,1993]]}},{"type":"Feature","geometry":{"type":"Polygon","coordinates":[[[-153.26156,58.56162],[-153.26374,58.5603],[-153.2627,58.55882],[-153.25946,58.55867],[-153.25728,58.55998],[-153.25832,58.56146],[-153.26156,58.56162]]]},"properties":{"cell":"890ced9860bffff","res":9,"coarsened":false,"count":1,"hv":1,"mp":0,"y0":1993,"y1":1993,"sp":[[70,1,1,0,1993,1993]]}},{"type":"Feature","geometry":{"type":"Polygon","coordinates":[[[-153.34101,58.52416],[-153.34319,58.52284],[-153.34214,58.52137],[-153.3389,58.52121],[-153.33673,58.52253],[-153.33778,58.52401],[-153.34101,58.52416]]]},"properties":{"cell":"890ced9930fffff","res":9,"coarsened":false,"count":1,"hv":1,"mp":0,"y0":1993,"y1":1993,"sp":[[132,1,1,0,1993,1993]]}},{"type":"Feature","geometry":{"type":"Polygon","coordinates":[[[-153.25319,58.49706],[-153.25537,58.49575],[-153.25432,58.49427],[-153.2511,58.49411],[-153.24892,58.49543],[-153.24996,58.4969],[-153.25319,58.49706]]]},"properties":{"cell":"890ced999c7ffff","res":9,"coarsened":false,"count":1,"hv":1,"mp":0,"y0":1993,"y1":1993,"sp":[[132,1,1,0,1993,1993]]}},{"type":"Feature","geometry":{"type":"Polygon","coordinates":[[[-153.35347,58.17507],[-153.35562,58.17376],[-153.35458,58.17229],[-153.35139,58.17214],[-153.34924,58.17345],[-153.35028,58.17492],[-153.35347,58.17507]]]},"properties":{"cell":"890ced023c3ffff","res":9,"coarsened":false,"count":1,"hv":1,"mp":0,"y0":1993,"y1":1993,"sp":[[132,1,1,0,1993,1993]]}},{"type":"Feature","geometry":{"type":"Polygon","coordinates":[[[-153.55721,58.2528],[-153.55936,58.25148],[-153.55831,58.25001],[-153.5551,58.24986],[-153.55295,58.25118],[-153.55401,58.25265],[-153.55721,58.2528]]]},"properties":{"cell":"890ced1a3c7ffff","res":9,"coarsened":false,"count":1,"hv":1,"mp":0,"y0":1993,"y1":1993,"sp":[[132,1,1,0,1993,1993]]}},{"type":"Feature","geometry":{"type":"Polygon","coordinates":[[[-153.76448,58.31199],[-153.76663,58.31067],[-153.76556,58.3092],[-153.76234,58.30905],[-153.7602,58.31038],[-153.76127,58.31185],[-153.76448,58.31199]]]},"properties":{"cell":"890cedcc58fffff","res":9,"coarsened":false,"count":1,"hv":1,"mp":0,"y0":1993,"y1":1993,"sp":[[132,1,1,0,1993,1993]]}},{"type":"Feature","geometry":{"type":"Polygon","coordinates":[[[-153.76877,58.3136],[-153.77091,58.31228],[-153.76984,58.31081],[-153.76663,58.31067],[-153.76448,58.31199],[-153.76555,58.31346],[-153.76877,58.3136]]]},"properties":{"cell":"890cedcc58bffff","res":9,"coarsened":false,"count":1,"hv":1,"mp":0,"y0":1993,"y1":1993,"sp":[[132,1,1,0,1993,1993]]}},{"type":"Feature","geometry":{"type":"Polygon","coordinates":[[[-153.81915,58.33576],[-153.8213,58.33443],[-153.82022,58.33296],[-153.817,58.33282],[-153.81486,58.33414],[-153.81593,58.33561],[-153.81915,58.33576]]]},"properties":{"cell":"890cedcf187ffff","res":9,"coarsened":false,"count":1,"hv":1,"mp":0,"y0":1993,"y1":1993,"sp":[[132,1,1,0,1993,1993]]}},{"type":"Feature","geometry":{"type":"Polygon","coordinates":[[[-153.85243,58.35145],[-153.85458,58.35013],[-153.8535,58.34866],[-153.85028,58.34851],[-153.84814,58.34984],[-153.84921,58.35131],[-153.85243,58.35145]]]},"properties":{"cell":"890cedcf093ffff","res":9,"coarsened":false,"count":1,"hv":1,"mp":0,"y0":1993,"y1":1993,"sp":[[132,1,1,0,1993,1993]]}},{"type":"Feature","geometry":{"type":"Polygon","coordinates":[[[-153.86426,58.35909],[-153.8664,58.35776],[-153.86533,58.35629],[-153.8621,58.35615],[-153.85996,58.35748],[-153.86103,58.35894],[-153.86426,58.35909]]]},"properties":{"cell":"890cedcf447ffff","res":9,"coarsened":false,"count":1,"hv":1,"mp":0,"y0":1993,"y1":1993,"sp":[[132,1,1,0,1993,1993]]}},{"type":"Feature","geometry":{"type":"Polygon","coordinates":[[[-153.52397,58.36206],[-153.52613,58.36074],[-153.52507,58.35927],[-153.52186,58.35912],[-153.5197,58.36044],[-153.52075,58.36191],[-153.52397,58.36206]]]},"properties":{"cell":"890cedc454fffff","res":9,"coarsened":false,"count":1,"hv":1,"mp":0,"y0":1993,"y1":1993,"sp":[[132,1,1,0,1993,1993]]}},{"type":"Feature","geometry":{"type":"Polygon","coordinates":[[[-153.51005,58.35999],[-153.51221,58.35867],[-153.51115,58.3572],[-153.50794,58.35704],[-153.50578,58.35837],[-153.50683,58.35984],[-153.51005,58.35999]]]},"properties":{"cell":"890cedc4577ffff","res":9,"coarsened":false,"count":1,"hv":1,"mp":0,"y0":1993,"y1":1993,"sp":[[132,1,1,0,1993,1993]]}},{"type":"Feature","geometry":{"type":"Polygon","coordinates":[[[-153.8503,58.36985],[-153.85245,58.36852],[-153.85137,58.36705],[-153.84815,58.36691],[-153.846,58.36824],[-153.84708,58.36971],[-153.8503,58.36985]]]},"properties":{"cell":"890cedcf49bffff","res":9,"coarsened":false,"count":1,"hv":1,"mp":0,"y0":1993,"y1":1993,"sp":[[132,1,1,0,1993,1993]]}},{"type":"Feature","geometry":{"type":"Polygon","coordinates":[[[-153.74288,58.36788],[-153.74503,58.36656],[-153.74396,58.36509],[-153.74074,58.36494],[-153.73859,58.36627],[-153.73966,58.36774],[-153.74288,58.36788]]]},"properties":{"cell":"890cedce417ffff","res":9,"coarsened":false,"count":1,"hv":1,"mp":0,"y0":1993,"y1":1993,"sp":[[132,1,1,0,1993,1993]]}},{"type":"Feature","geometry":{"type":"Polygon","coordinates":[[[-153.73751,58.36906],[-153.73966,58.36774],[-153.73859,58.36627],[-153.73537,58.36612],[-153.73321,58.36745],[-153.73428,58.36892],[-153.73751,58.36906]]]},"properties":{"cell":"890cedce4bbffff","res":9,"coarsened":false,"count":1,"hv":1,"mp":0,"y0":1993,"y1":1993,"sp":[[132,1,1,0,1993,1993]]}},{"type":"Feature","geometry":{"type":"Polygon","coordinates":[[[-153.25465,58.89587],[-153.25686,58.89455],[-153.2558,58.89306],[-153.25253,58.8929],[-153.25032,58.89422],[-153.25138,58.89571],[-153.25465,58.89587]]]},"properties":{"cell":"890c5372a2bffff","res":9,"coarsened":false,"count":1,"hv":1,"mp":0,"y0":1993,"y1":1993,"sp":[[70,1,1,0,1993,1993]]}},{"type":"Feature","geometry":{"type":"Polygon","coordinates":[[[-153.4229,58.08631],[-153.42504,58.08499],[-153.424,58.08353],[-153.42082,58.08338],[-153.41868,58.08469],[-153.41972,58.08616],[-153.4229,58.08631]]]},"properties":{"cell":"890ced019cfffff","res":9,"coarsened":false,"count":1,"hv":1,"mp":0,"y0":1993,"y1":1993,"sp":[[132,1,1,0,1993,1993]]}},{"type":"Feature","geometry":{"type":"Polygon","coordinates":[[[-153.82664,57.89549],[-153.82875,57.89417],[-153.8277,57.89271],[-153.82453,57.89257],[-153.82242,57.89389],[-153.82347,57.89535],[-153.82664,57.89549]]]},"properties":{"cell":"890ced7ad67ffff","res":9,"coarsened":false,"count":1,"hv":1,"mp":0,"y0":1993,"y1":1993,"sp":[[135,1,1,0,1993,1993]]}},{"type":"Feature","geometry":{"type":"Polygon","coordinates":[[[-153.71038,57.9214],[-153.7125,57.92008],[-153.71145,57.91862],[-153.70828,57.91848],[-153.70616,57.9198],[-153.70721,57.92126],[-153.71038,57.9214]]]},"properties":{"cell":"890ced7032bffff","res":9,"coarsened":false,"count":1,"hv":1,"mp":0,"y0":1993,"y1":1993,"sp":[[132,1,1,0,1993,1993]]}},{"type":"Feature","geometry":{"type":"Polygon","coordinates":[[[-153.70402,57.92535],[-153.70614,57.92403],[-153.70509,57.92257],[-153.70192,57.92243],[-153.6998,57.92375],[-153.70085,57.92521],[-153.70402,57.92535]]]},"properties":{"cell":"890ced70333ffff","res":9,"coarsened":false,"count":1,"hv":1,"mp":0,"y0":1993,"y1":1993,"sp":[[132,1,1,0,1993,1993]]}},{"type":"Feature","geometry":{"type":"Polygon","coordinates":[[[-153.67228,57.9324],[-153.6744,57.93108],[-153.67335,57.92962],[-153.67018,57.92948],[-153.66806,57.93079],[-153.66911,57.93225],[-153.67228,57.9324]]]},"properties":{"cell":"890ced7013bffff","res":9,"coarsened":false,"count":1,"hv":1,"mp":0,"y0":1993,"y1":1993,"sp":[[132,1,1,0,1993,1993]]}},{"type":"Feature","geometry":{"type":"Polygon","coordinates":[[[-153.4273,58.00163],[-153.42943,58.00032],[-153.42839,57.99886],[-153.42522,57.99871],[-153.42309,58.00002],[-153.42412,58.00148],[-153.4273,58.00163]]]},"properties":{"cell":"890ced0c1dbffff","res":9,"coarsened":false,"count":1,"hv":1,"mp":0,"y0":1993,"y1":1993,"sp":[[132,1,1,0,1993,1993]]}},{"type":"Feature","geometry":{"type":"Polygon","coordinates":[[[-154.0625,58.04133],[-154.06461,58.04001],[-154.06354,58.03855],[-154.06035,58.03841],[-154.05823,58.03974],[-154.05931,58.0412],[-154.0625,58.04133]]]},"properties":{"cell":"890ced40bafffff","res":9,"coarsened":false,"count":1,"hv":1,"mp":0,"y0":1993,"y1":1993,"sp":[[132,1,1,0,1993,1993]]}},{"type":"Feature","geometry":{"type":"Polygon","coordinates":[[[-153.92222,58.03958],[-153.92434,58.03826],[-153.92328,58.0368],[-153.92009,58.03666],[-153.91797,58.03798],[-153.91904,58.03945],[-153.92222,58.03958]]]},"properties":{"cell":"890ced446b7ffff","res":9,"coarsened":false,"count":1,"hv":1,"mp":0,"y0":1993,"y1":1993,"sp":[[134,1,1,0,1993,1993]]}},{"type":"Feature","geometry":{"type":"Polygon","coordinates":[[[-153.80752,58.06004],[-153.85957,58.04252],[-153.85953,58.0128],[-153.80756,58.00062],[-153.75558,58.01811],[-153.7555,58.04782],[-153.80752,58.06004]]]},"properties":{"cell":"860ced46fffffff","res":6,"coarsened":true,"count":1,"hv":1,"mp":0,"y0":1993,"y1":1993,"sp":[[127,1,1,0,1993,1993]]}},{"type":"Feature","geometry":{"type":"Polygon","coordinates":[[[-153.8447,58.03903],[-153.84682,58.03771],[-153.84576,58.03625],[-153.84257,58.03611],[-153.84045,58.03743],[-153.84151,58.03889],[-153.8447,58.03903]]]},"properties":{"cell":"890ced46e73ffff","res":9,"coarsened":false,"count":1,"hv":1,"mp":0,"y0":1993,"y1":1993,"sp":[[134,1,1,0,1993,1993]]}},{"type":"Feature","geometry":{"type":"Polygon","coordinates":[[[-153.67065,58.03693],[-153.67277,58.03561],[-153.67172,58.03415],[-153.66854,58.034],[-153.66641,58.03532],[-153.66746,58.03679],[-153.67065,58.03693]]]},"properties":{"cell":"890ced09d67ffff","res":9,"coarsened":false,"count":1,"hv":1,"mp":0,"y0":1993,"y1":1993,"sp":[[134,1,1,0,1993,1993]]}},{"type":"Feature","geometry":{"type":"Polygon","coordinates":[[[-153.51802,58.02992],[-153.52015,58.02861],[-153.51911,58.02714],[-153.51593,58.027],[-153.5138,58.02831],[-153.51484,58.02977],[-153.51802,58.02992]]]},"properties":{"cell":"890ced0f353ffff","res":9,"coarsened":false,"count":1,"hv":1,"mp":0,"y0":1993,"y1":1993,"sp":[[134,1,1,0,1993,1993]]}},{"type":"Feature","geometry":{"type":"Polygon","coordinates":[[[-153.42382,58.02268],[-153.42596,58.02136],[-153.42492,58.0199],[-153.42174,58.01975],[-153.41961,58.02106],[-153.42064,58.02253],[-153.42382,58.02268]]]},"properties":{"cell":"890ced0c4afffff","res":9,"coarsened":false,"count":1,"hv":1,"mp":0,"y0":1993,"y1":1993,"sp":[[134,1,1,0,1993,1993]]}},{"type":"Feature","geometry":{"type":"Polygon","coordinates":[[[-153.65096,57.96251],[-153.65308,57.96119],[-153.65203,57.95973],[-153.64886,57.95959],[-153.64674,57.96091],[-153.64778,57.96237],[-153.65096,57.96251]]]},"properties":{"cell":"890ced72e4bffff","res":9,"coarsened":false,"count":1,"hv":1,"mp":0,"y0":1992,"y1":1992,"sp":[[134,1,1,0,1992,1992]]}},{"type":"Feature","geometry":{"type":"Polygon","coordinates":[[[-154.71667,57.92288],[-154.71875,57.92154],[-154.71764,57.92008],[-154.71445,57.91997],[-154.71237,57.9213],[-154.71348,57.92276],[-154.71667,57.92288]]]},"properties":{"cell":"890ce885a27ffff","res":9,"coarsened":false,"count":1,"hv":1,"mp":0,"y0":1992,"y1":1992,"sp":[[132,1,1,0,1992,1992]]}},{"type":"Feature","geometry":{"type":"Polygon","coordinates":[[[-154.78981,57.94958],[-154.79189,57.94824],[-154.79078,57.94679],[-154.78758,57.94667],[-154.7855,57.94801],[-154.78662,57.94946],[-154.78981,57.94958]]]},"properties":{"cell":"890ce88ec0fffff","res":9,"coarsened":false,"count":1,"hv":1,"mp":0,"y0":1992,"y1":1992,"sp":[[132,1,1,0,1992,1992]]}},{"type":"Feature","geometry":{"type":"Polygon","coordinates":[[[-154.08758,57.88265],[-154.08968,57.88133],[-154.08861,57.87987],[-154.08543,57.87974],[-154.08333,57.88106],[-154.0844,57.88252],[-154.08758,57.88265]]]},"properties":{"cell":"890ced7904bffff","res":9,"coarsened":false,"count":1,"hv":1,"mp":0,"y0":1992,"y1":1992,"sp":[[132,1,1,0,1992,1992]]}},{"type":"Feature","geometry":{"type":"Polygon","coordinates":[[[-154.05407,58.05088],[-154.05619,58.04956],[-154.05511,58.0481],[-154.05192,58.04796],[-154.0498,58.04929],[-154.05088,58.05075],[-154.05407,58.05088]]]},"properties":{"cell":"890ced40943ffff","res":9,"coarsened":false,"count":1,"hv":1,"mp":0,"y0":1992,"y1":1992,"sp":[[136,1,1,0,1992,1992]]}},{"type":"Feature","geometry":{"type":"Polygon","coordinates":[[[-153.39115,58.08055],[-153.44339,58.06321],[-153.44379,58.03352],[-153.39207,58.02117],[-153.33989,58.03848],[-153.33937,58.06817],[-153.39115,58.08055]]]},"properties":{"cell":"860ced0e7ffffff","res":6,"coarsened":true,"count":9,"hv":9,"mp":0,"y0":1992,"y1":1992,"sp":[[1,7,7,0,null,null],[127,2,2,0,1992,1992]]}},{"type":"Feature","geometry":{"type":"Polygon","coordinates":[[[-153.96606,57.88458],[-153.96816,57.88326],[-153.9671,57.8818],[-153.96393,57.88167],[-153.96182,57.88299],[-153.96289,57.88444],[-153.96606,57.88458]]]},"properties":{"cell":"890ced78077ffff","res":9,"coarsened":false,"count":1,"hv":1,"mp":0,"y0":1992,"y1":1992,"sp":[[134,1,1,0,1992,1992]]}},{"type":"Feature","geometry":{"type":"Polygon","coordinates":[[[-153.97987,57.89929],[-153.98198,57.89797],[-153.98091,57.89651],[-153.97774,57.89637],[-153.97564,57.89769],[-153.9767,57.89915],[-153.97987,57.89929]]]},"properties":{"cell":"890ced786afffff","res":9,"coarsened":false,"count":1,"hv":1,"mp":0,"y0":1992,"y1":1992,"sp":[[132,1,1,0,1992,1992]]}},{"type":"Feature","geometry":{"type":"Polygon","coordinates":[[[-154.0495,58.01107],[-154.05161,58.00974],[-154.05054,58.00828],[-154.04735,58.00815],[-154.04524,58.00947],[-154.04631,58.01093],[-154.0495,58.01107]]]},"properties":{"cell":"890ced45207ffff","res":9,"coarsened":false,"count":1,"hv":1,"mp":0,"y0":1992,"y1":1992,"sp":[[132,1,1,0,1992,1992]]}},{"type":"Feature","geometry":{"type":"Polygon","coordinates":[[[-154.12183,58.22242],[-154.17406,58.20473],[-154.17368,58.17492],[-154.12119,58.1628],[-154.06903,58.18046],[-154.06929,58.21027],[-154.12183,58.22242]]]},"properties":{"cell":"860ced51fffffff","res":6,"coarsened":true,"count":6,"hv":6,"mp":0,"y0":1992,"y1":1992,"sp":[[1,5,5,0,null,null],[127,1,1,0,1992,1992]]}},{"type":"Feature","geometry":{"type":"Polygon","coordinates":[[[-153.9855,58.14287],[-153.98762,58.14155],[-153.98655,58.14008],[-153.98335,58.13994],[-153.98122,58.14127],[-153.9823,58.14273],[-153.9855,58.14287]]]},"properties":{"cell":"890ced553cbffff","res":9,"coarsened":false,"count":1,"hv":1,"mp":0,"y0":1992,"y1":1992,"sp":[[132,1,1,0,1992,1992]]}},{"type":"Feature","geometry":{"type":"Polygon","coordinates":[[[-153.56455,58.60902],[-153.56673,58.6077],[-153.56566,58.60622],[-153.56242,58.60607],[-153.56024,58.60739],[-153.56131,58.60887],[-153.56455,58.60902]]]},"properties":{"cell":"890c536d353ffff","res":9,"coarsened":false,"count":2,"hv":2,"mp":0,"y0":1992,"y1":1992,"sp":[[136,2,2,0,1992,1992]]}},{"type":"Feature","geometry":{"type":"Polygon","coordinates":[[[-153.38012,58.43916],[-153.38229,58.43784],[-153.38124,58.43637],[-153.37801,58.43622],[-153.37584,58.43753],[-153.37689,58.43901],[-153.38012,58.43916]]]},"properties":{"cell":"890ced8b26fffff","res":9,"coarsened":false,"count":1,"hv":1,"mp":0,"y0":1992,"y1":1992,"sp":[[132,1,1,0,1992,1992]]}},{"type":"Feature","geometry":{"type":"Polygon","coordinates":[[[-153.32597,58.40239],[-153.32814,58.40107],[-153.32709,58.3996],[-153.32388,58.39944],[-153.32171,58.40076],[-153.32275,58.40223],[-153.32597,58.40239]]]},"properties":{"cell":"890ced88273ffff","res":9,"coarsened":false,"count":1,"hv":1,"mp":0,"y0":1992,"y1":1992,"sp":[[132,1,1,0,1992,1992]]}},{"type":"Feature","geometry":{"type":"Polygon","coordinates":[[[-153.6424,58.6255],[-153.64457,58.62417],[-153.6435,58.6227],[-153.64025,58.62255],[-153.63807,58.62387],[-153.63915,58.62535],[-153.6424,58.6255]]]},"properties":{"cell":"890cedd208fffff","res":9,"coarsened":false,"count":1,"hv":1,"mp":0,"y0":1992,"y1":1992,"sp":[[136,1,1,0,1992,1992]]}},{"type":"Feature","geometry":{"type":"Polygon","coordinates":[[[-153.61757,58.61293],[-153.61975,58.6116],[-153.61868,58.61012],[-153.61543,58.60997],[-153.61325,58.6113],[-153.61433,58.61278],[-153.61757,58.61293]]]},"properties":{"cell":"890cedd2113ffff","res":9,"coarsened":false,"count":1,"hv":1,"mp":0,"y0":1992,"y1":1992,"sp":[[132,1,1,0,1992,1992]]}},{"type":"Feature","geometry":{"type":"Polygon","coordinates":[[[-153.58315,58.58706],[-153.58533,58.58573],[-153.58426,58.58425],[-153.58101,58.5841],[-153.57884,58.58543],[-153.57991,58.5869],[-153.58315,58.58706]]]},"properties":{"cell":"890cedd2897ffff","res":9,"coarsened":false,"count":1,"hv":1,"mp":0,"y0":1992,"y1":1992,"sp":[[134,1,1,0,1992,1992]]}},{"type":"Feature","geometry":{"type":"Polygon","coordinates":[[[-153.39498,58.45127],[-153.39715,58.44995],[-153.3961,58.44847],[-153.39287,58.44832],[-153.3907,58.44964],[-153.39175,58.45111],[-153.39498,58.45127]]]},"properties":{"cell":"890cedd4d2fffff","res":9,"coarsened":false,"count":1,"hv":1,"mp":0,"y0":1992,"y1":1992,"sp":[[134,1,1,0,1992,1992]]}},{"type":"Feature","geometry":{"type":"Polygon","coordinates":[[[-154.4909,57.89036],[-154.49299,57.88903],[-154.49189,57.88757],[-154.48871,57.88745],[-154.48663,57.88878],[-154.48772,57.89024],[-154.4909,57.89036]]]},"properties":{"cell":"890ce8b11afffff","res":9,"coarsened":false,"count":1,"hv":1,"mp":0,"y0":1992,"y1":1992,"sp":[[132,1,1,0,1992,1992]]}},{"type":"Feature","geometry":{"type":"Polygon","coordinates":[[[-154.44345,57.99596],[-154.44555,57.99462],[-154.44445,57.99317],[-154.44126,57.99304],[-154.43916,57.99437],[-154.44026,57.99583],[-154.44345,57.99596]]]},"properties":{"cell":"890ced49847ffff","res":9,"coarsened":false,"count":1,"hv":1,"mp":0,"y0":1992,"y1":1992,"sp":[[134,1,1,0,1992,1992]]}},{"type":"Feature","geometry":{"type":"Polygon","coordinates":[[[-153.68244,58.22024],[-153.68458,58.21892],[-153.68352,58.21745],[-153.68032,58.21731],[-153.67817,58.21863],[-153.67923,58.22009],[-153.68244,58.22024]]]},"properties":{"cell":"890ced1954fffff","res":9,"coarsened":false,"count":1,"hv":1,"mp":0,"y0":1992,"y1":1992,"sp":[[132,1,1,0,1992,1992]]}},{"type":"Feature","geometry":{"type":"Polygon","coordinates":[[[-154.08144,58.25195],[-154.08357,58.25062],[-154.08248,58.24916],[-154.07927,58.24902],[-154.07714,58.25035],[-154.07822,58.25182],[-154.08144,58.25195]]]},"properties":{"cell":"890ced506a7ffff","res":9,"coarsened":false,"count":1,"hv":1,"mp":0,"y0":1992,"y1":1992,"sp":[[132,1,1,0,1992,1992]]}},{"type":"Feature","geometry":{"type":"Polygon","coordinates":[[[-153.60935,58.14458],[-153.61149,58.14326],[-153.61044,58.14179],[-153.60725,58.14165],[-153.60511,58.14297],[-153.60616,58.14443],[-153.60935,58.14458]]]},"properties":{"cell":"890ced0a6b7ffff","res":9,"coarsened":false,"count":1,"hv":1,"mp":0,"y0":1992,"y1":1992,"sp":[[136,1,1,0,1992,1992]]}},{"type":"Feature","geometry":{"type":"Polygon","coordinates":[[[-154.08156,58.26474],[-154.08369,58.26341],[-154.0826,58.26194],[-154.07939,58.26181],[-154.07726,58.26314],[-154.07834,58.2646],[-154.08156,58.26474]]]},"properties":{"cell":"890ced53127ffff","res":9,"coarsened":false,"count":1,"hv":1,"mp":0,"y0":1992,"y1":1992,"sp":[[136,1,1,0,1992,1992]]}},{"type":"Feature","geometry":{"type":"Polygon","coordinates":[[[-154.04182,58.25311],[-154.04395,58.25178],[-154.04287,58.25031],[-154.03965,58.25018],[-154.03752,58.25151],[-154.0386,58.25297],[-154.04182,58.25311]]]},"properties":{"cell":"890ced505cfffff","res":9,"coarsened":false,"count":1,"hv":1,"mp":0,"y0":1992,"y1":1992,"sp":[[136,1,1,0,1992,1992]]}},{"type":"Feature","geometry":{"type":"Polygon","coordinates":[[[-153.92337,58.06228],[-153.92549,58.06096],[-153.92442,58.05949],[-153.92123,58.05936],[-153.91911,58.06068],[-153.92018,58.06214],[-153.92337,58.06228]]]},"properties":{"cell":"890ced47187ffff","res":9,"coarsened":false,"count":1,"hv":1,"mp":0,"y0":1992,"y1":1992,"sp":[[132,1,1,0,1992,1992]]}},{"type":"Feature","geometry":{"type":"Polygon","coordinates":[[[-154.03494,58.1932],[-154.03707,58.19187],[-154.03599,58.19041],[-154.03278,58.19027],[-154.03065,58.1916],[-154.03173,58.19307],[-154.03494,58.1932]]]},"properties":{"cell":"890ced50ab7ffff","res":9,"coarsened":false,"count":1,"hv":1,"mp":0,"y0":1992,"y1":1992,"sp":[[132,1,1,0,1992,1992]]}},{"type":"Feature","geometry":{"type":"Polygon","coordinates":[[[-154.34474,57.94681],[-154.34684,57.94548],[-154.34575,57.94402],[-154.34257,57.9439],[-154.34047,57.94523],[-154.34156,57.94668],[-154.34474,57.94681]]]},"properties":{"cell":"890ce8b2117ffff","res":9,"coarsened":false,"count":1,"hv":1,"mp":0,"y0":1992,"y1":1992,"sp":[[132,1,1,0,1992,1992]]}},{"type":"Feature","geometry":{"type":"Polygon","coordinates":[[[-153.85095,57.90785],[-153.85306,57.90653],[-153.852,57.90507],[-153.84883,57.90493],[-153.84672,57.90625],[-153.84778,57.90771],[-153.85095,57.90785]]]},"properties":{"cell":"890ced7ac2bffff","res":9,"coarsened":false,"count":1,"hv":1,"mp":0,"y0":1992,"y1":1992,"sp":[[132,1,1,0,1992,1992]]}},{"type":"Feature","geometry":{"type":"Polygon","coordinates":[[[-154.04895,58.20799],[-154.05108,58.20666],[-154.05,58.20519],[-154.04679,58.20506],[-154.04466,58.20639],[-154.04574,58.20785],[-154.04895,58.20799]]]},"properties":{"cell":"890ced50e0fffff","res":9,"coarsened":false,"count":1,"hv":1,"mp":0,"y0":1992,"y1":1992,"sp":[[132,1,1,0,1992,1992]]}},{"type":"Feature","geometry":{"type":"Polygon","coordinates":[[[-154.0522,58.21238],[-154.05432,58.21105],[-154.05324,58.20959],[-154.05003,58.20945],[-154.0479,58.21078],[-154.04899,58.21225],[-154.0522,58.21238]]]},"properties":{"cell":"890ced50e1bffff","res":9,"coarsened":false,"count":1,"hv":1,"mp":0,"y0":1992,"y1":1992,"sp":[[132,1,1,0,1992,1992]]}},{"type":"Feature","geometry":{"type":"Polygon","coordinates":[[[-154.34148,57.94244],[-154.34357,57.94111],[-154.34249,57.93965],[-154.3393,57.93953],[-154.33721,57.94086],[-154.33829,57.94231],[-154.34148,57.94244]]]},"properties":{"cell":"890ce8b2133ffff","res":9,"coarsened":false,"count":1,"hv":1,"mp":0,"y0":1992,"y1":1992,"sp":[[132,1,1,0,1992,1992]]}},{"type":"Feature","geometry":{"type":"Polygon","coordinates":[[[-153.69653,57.94479],[-153.69866,57.94347],[-153.6976,57.94201],[-153.69443,57.94187],[-153.69231,57.94319],[-153.69336,57.94465],[-153.69653,57.94479]]]},"properties":{"cell":"890ced70033ffff","res":9,"coarsened":false,"count":1,"hv":1,"mp":0,"y0":1992,"y1":1992,"sp":[[136,1,1,0,1992,1992]]}},{"type":"Feature","geometry":{"type":"Polygon","coordinates":[[[-153.94814,57.8937],[-153.95024,57.89237],[-153.94918,57.89092],[-153.94601,57.89078],[-153.9439,57.8921],[-153.94497,57.89356],[-153.94814,57.8937]]]},"properties":{"cell":"890ced780b3ffff","res":9,"coarsened":false,"count":1,"hv":1,"mp":0,"y0":1992,"y1":1992,"sp":[[134,1,1,0,1992,1992]]}},{"type":"Feature","geometry":{"type":"Polygon","coordinates":[[[-153.70776,58.2938],[-153.7099,58.29248],[-153.70884,58.29101],[-153.70563,58.29086],[-153.70348,58.29218],[-153.70454,58.29365],[-153.70776,58.2938]]]},"properties":{"cell":"890cedceb9bffff","res":9,"coarsened":false,"count":1,"hv":1,"mp":0,"y0":1992,"y1":1992,"sp":[[132,1,1,0,1992,1992]]}},{"type":"Feature","geometry":{"type":"Polygon","coordinates":[[[-153.71631,58.29703],[-153.71846,58.2957],[-153.71739,58.29424],[-153.71418,58.29409],[-153.71203,58.29541],[-153.7131,58.29688],[-153.71631,58.29703]]]},"properties":{"cell":"890cedce86bffff","res":9,"coarsened":false,"count":1,"hv":1,"mp":0,"y0":1992,"y1":1992,"sp":[[132,1,1,0,1992,1992]]}},{"type":"Feature","geometry":{"type":"Polygon","coordinates":[[[-153.56208,58.30273],[-153.56423,58.30141],[-153.56318,58.29994],[-153.55997,58.29979],[-153.55781,58.30111],[-153.55887,58.30258],[-153.56208,58.30273]]]},"properties":{"cell":"890cedc598fffff","res":9,"coarsened":false,"count":1,"hv":1,"mp":0,"y0":1992,"y1":1992,"sp":[[132,1,1,0,1992,1992]]}},{"type":"Feature","geometry":{"type":"Polygon","coordinates":[[[-153.49202,58.3435],[-153.54472,58.32608],[-153.54502,58.29625],[-153.49273,58.28386],[-153.4401,58.30125],[-153.43968,58.33107],[-153.49202,58.3435]]]},"properties":{"cell":"860cedc4fffffff","res":6,"coarsened":true,"count":1,"hv":1,"mp":0,"y0":1992,"y1":1992,"sp":[[127,1,1,0,1992,1992]]}},{"type":"Feature","geometry":{"type":"Polygon","coordinates":[[[-153.39291,58.30895],[-153.39507,58.30763],[-153.39402,58.30616],[-153.39081,58.306],[-153.38865,58.30732],[-153.3897,58.30879],[-153.39291,58.30895]]]},"properties":{"cell":"890ced1339bffff","res":9,"coarsened":false,"count":1,"hv":1,"mp":0,"y0":1992,"y1":1992,"sp":[[132,1,1,0,1992,1992]]}},{"type":"Feature","geometry":{"type":"Polygon","coordinates":[[[-153.36293,58.31035],[-153.36509,58.30903],[-153.36405,58.30756],[-153.36084,58.3074],[-153.35868,58.30872],[-153.35972,58.31019],[-153.36293,58.31035]]]},"properties":{"cell":"890ced1311bffff","res":9,"coarsened":false,"count":1,"hv":1,"mp":0,"y0":1992,"y1":1992,"sp":[[132,1,1,0,1992,1992]]}},{"type":"Feature","geometry":{"type":"Polygon","coordinates":[[[-153.44241,58.44357],[-153.44458,58.44225],[-153.44352,58.44078],[-153.4403,58.44063],[-153.43813,58.44195],[-153.43919,58.44342],[-153.44241,58.44357]]]},"properties":{"cell":"890cedd4867ffff","res":9,"coarsened":false,"count":1,"hv":1,"mp":0,"y0":1992,"y1":1992,"sp":[[132,1,1,0,1992,1992]]}},{"type":"Feature","geometry":{"type":"Polygon","coordinates":[[[-153.46492,58.44892],[-153.46709,58.4476],[-153.46604,58.44612],[-153.46281,58.44597],[-153.46064,58.44729],[-153.4617,58.44876],[-153.46492,58.44892]]]},"properties":{"cell":"890cedd4a87ffff","res":9,"coarsened":false,"count":1,"hv":1,"mp":0,"y0":1992,"y1":1992,"sp":[[132,1,1,0,1992,1992]]}},{"type":"Feature","geometry":{"type":"Polygon","coordinates":[[[-153.34393,58.41891],[-153.3461,58.41759],[-153.34505,58.41612],[-153.34183,58.41596],[-153.33966,58.41728],[-153.34071,58.41876],[-153.34393,58.41891]]]},"properties":{"cell":"890ced89517ffff","res":9,"coarsened":false,"count":1,"hv":1,"mp":0,"y0":1992,"y1":1992,"sp":[[132,1,1,0,1992,1992]]}},{"type":"Feature","geometry":{"type":"Polygon","coordinates":[[[-153.43274,58.44311],[-153.43491,58.44179],[-153.43385,58.44032],[-153.43063,58.44016],[-153.42846,58.44148],[-153.42951,58.44296],[-153.43274,58.44311]]]},"properties":{"cell":"890cedd482fffff","res":9,"coarsened":false,"count":1,"hv":1,"mp":0,"y0":1992,"y1":1992,"sp":[[132,1,1,0,1992,1992]]}},{"type":"Feature","geometry":{"type":"Polygon","coordinates":[[[-153.28677,58.5971],[-153.28895,58.59578],[-153.2879,58.5943],[-153.28466,58.59414],[-153.28248,58.59546],[-153.28353,58.59694],[-153.28677,58.5971]]]},"properties":{"cell":"890ced9b0cfffff","res":9,"coarsened":false,"count":2,"hv":2,"mp":0,"y0":1992,"y1":1992,"sp":[[132,2,2,0,1992,1992]]}},{"type":"Feature","geometry":{"type":"Polygon","coordinates":[[[-153.27162,58.59778],[-153.27381,58.59646],[-153.27276,58.59498],[-153.26952,58.59482],[-153.26733,58.59614],[-153.26839,58.59762],[-153.27162,58.59778]]]},"properties":{"cell":"890ced9b08fffff","res":9,"coarsened":false,"count":1,"hv":1,"mp":0,"y0":1992,"y1":1992,"sp":[[132,1,1,0,1992,1992]]}},{"type":"Feature","geometry":{"type":"Polygon","coordinates":[[[-153.44398,58.56335],[-153.44616,58.56203],[-153.4451,58.56055],[-153.44186,58.5604],[-153.43969,58.56172],[-153.44075,58.5632],[-153.44398,58.56335]]]},"properties":{"cell":"890cedd6453ffff","res":9,"coarsened":false,"count":1,"hv":1,"mp":0,"y0":1992,"y1":1992,"sp":[[132,1,1,0,1992,1992]]}},{"type":"Feature","geometry":{"type":"Polygon","coordinates":[[[-153.46023,58.55985],[-153.46241,58.55853],[-153.46135,58.55705],[-153.45811,58.5569],[-153.45593,58.55822],[-153.45699,58.55969],[-153.46023,58.55985]]]},"properties":{"cell":"890cedd6683ffff","res":9,"coarsened":false,"count":1,"hv":1,"mp":0,"y0":1992,"y1":1992,"sp":[[132,1,1,0,1992,1992]]}},{"type":"Feature","geometry":{"type":"Polygon","coordinates":[[[-153.45482,58.56102],[-153.45699,58.55969],[-153.45593,58.55822],[-153.4527,58.55806],[-153.45052,58.55938],[-153.45158,58.56086],[-153.45482,58.56102]]]},"properties":{"cell":"890cedd6697ffff","res":9,"coarsened":false,"count":1,"hv":1,"mp":0,"y0":1992,"y1":1992,"sp":[[132,1,1,0,1992,1992]]}},{"type":"Feature","geometry":{"type":"Polygon","coordinates":[[[-153.47648,58.55634],[-153.47865,58.55502],[-153.47759,58.55354],[-153.47435,58.55339],[-153.47218,58.55471],[-153.47324,58.55619],[-153.47648,58.55634]]]},"properties":{"cell":"890cedd66cfffff","res":9,"coarsened":false,"count":1,"hv":1,"mp":0,"y0":1992,"y1":1992,"sp":[[132,1,1,0,1992,1992]]}},{"type":"Feature","geometry":{"type":"Polygon","coordinates":[[[-153.34791,58.18899],[-153.35006,58.18767],[-153.34902,58.1862],[-153.34583,58.18605],[-153.34368,58.18736],[-153.34471,58.18883],[-153.34791,58.18899]]]},"properties":{"cell":"890ced02057ffff","res":9,"coarsened":false,"count":1,"hv":1,"mp":0,"y0":1992,"y1":1992,"sp":[[70,1,1,0,1992,1992]]}},{"type":"Feature","geometry":{"type":"Polygon","coordinates":[[[-153.3176,58.21589],[-153.31975,58.21457],[-153.31871,58.2131],[-153.31552,58.21295],[-153.31336,58.21426],[-153.3144,58.21573],[-153.3176,58.21589]]]},"properties":{"cell":"890ced02497ffff","res":9,"coarsened":false,"count":1,"hv":1,"mp":0,"y0":1992,"y1":1992,"sp":[[132,1,1,0,1992,1992]]}},{"type":"Feature","geometry":{"type":"Polygon","coordinates":[[[-154.14045,57.88343],[-154.14255,57.88211],[-154.14147,57.88065],[-154.1383,57.88052],[-154.1362,57.88185],[-154.13727,57.8833],[-154.14045,57.88343]]]},"properties":{"cell":"890ce8b6573ffff","res":9,"coarsened":false,"count":1,"hv":1,"mp":0,"y0":1992,"y1":1992,"sp":[[132,1,1,0,1992,1992]]}},{"type":"Feature","geometry":{"type":"Polygon","coordinates":[[[-154.23004,58.00866],[-154.23215,58.00733],[-154.23106,58.00587],[-154.22787,58.00574],[-154.22577,58.00707],[-154.22685,58.00853],[-154.23004,58.00866]]]},"properties":{"cell":"890ced4f00bffff","res":9,"coarsened":false,"count":1,"hv":1,"mp":0,"y0":1992,"y1":1992,"sp":[[132,1,1,0,1992,1992]]}},{"type":"Feature","geometry":{"type":"Polygon","coordinates":[[[-153.95806,58.20267],[-153.96019,58.20134],[-153.95911,58.19988],[-153.9559,58.19974],[-153.95377,58.20107],[-153.95485,58.20253],[-153.95806,58.20267]]]},"properties":{"cell":"890ced572c3ffff","res":9,"coarsened":false,"count":1,"hv":1,"mp":0,"y0":1992,"y1":1992,"sp":[[132,1,1,0,1992,1992]]}},{"type":"Feature","geometry":{"type":"Polygon","coordinates":[[[-154.01763,58.31743],[-154.07008,58.29977],[-154.06981,58.26992],[-154.01722,58.25774],[-153.96483,58.27537],[-153.96498,58.30521],[-154.01763,58.31743]]]},"properties":{"cell":"860ced527ffffff","res":6,"coarsened":true,"count":1,"hv":1,"mp":0,"y0":1992,"y1":1992,"sp":[[127,1,1,0,1992,1992]]}},{"type":"Feature","geometry":{"type":"Polygon","coordinates":[[[-153.85881,58.2963],[-153.86095,58.29497],[-153.85988,58.29351],[-153.85666,58.29336],[-153.85452,58.29469],[-153.85559,58.29616],[-153.85881,58.2963]]]},"properties":{"cell":"890cedcc2cbffff","res":9,"coarsened":false,"count":1,"hv":1,"mp":0,"y0":1992,"y1":1992,"sp":[[132,1,1,0,1992,1992]]}},{"type":"Feature","geometry":{"type":"Polygon","coordinates":[[[-153.76131,58.2948],[-153.76345,58.29347],[-153.76238,58.292],[-153.75917,58.29186],[-153.75702,58.29318],[-153.75809,58.29465],[-153.76131,58.2948]]]},"properties":{"cell":"890cedcea4bffff","res":9,"coarsened":false,"count":1,"hv":1,"mp":0,"y0":1992,"y1":1992,"sp":[[132,1,1,0,1992,1992]]}},{"type":"Feature","geometry":{"type":"Polygon","coordinates":[[[-154.26139,58.04248],[-154.26349,58.04115],[-154.26241,58.03969],[-154.25921,58.03956],[-154.25711,58.04089],[-154.25819,58.04235],[-154.26139,58.04248]]]},"properties":{"cell":"890ced4a953ffff","res":9,"coarsened":false,"count":1,"hv":1,"mp":0,"y0":1992,"y1":1992,"sp":[[132,1,1,0,1992,1992]]}},{"type":"Feature","geometry":{"type":"Polygon","coordinates":[[[-154.26037,58.04527],[-154.26247,58.04394],[-154.26139,58.04248],[-154.25819,58.04235],[-154.25608,58.04368],[-154.25717,58.04514],[-154.26037,58.04527]]]},"properties":{"cell":"890ced4a9cbffff","res":9,"coarsened":false,"count":1,"hv":1,"mp":0,"y0":1992,"y1":1992,"sp":[[132,1,1,0,1992,1992]]}},{"type":"Feature","geometry":{"type":"Polygon","coordinates":[[[-154.23711,58.05565],[-154.23922,58.05432],[-154.23813,58.05286],[-154.23494,58.05273],[-154.23283,58.05406],[-154.23391,58.05552],[-154.23711,58.05565]]]},"properties":{"cell":"890ced4ad3bffff","res":9,"coarsened":false,"count":1,"hv":1,"mp":0,"y0":1992,"y1":1992,"sp":[[132,1,1,0,1992,1992]]}},{"type":"Feature","geometry":{"type":"Polygon","coordinates":[[[-154.10182,58.04015],[-154.10393,58.03883],[-154.10285,58.03737],[-154.09966,58.03723],[-154.09755,58.03856],[-154.09863,58.04002],[-154.10182,58.04015]]]},"properties":{"cell":"890ced4e487ffff","res":9,"coarsened":false,"count":1,"hv":1,"mp":0,"y0":1992,"y1":1992,"sp":[[132,1,1,0,1992,1992]]}},{"type":"Feature","geometry":{"type":"Polygon","coordinates":[[[-153.76414,57.98314],[-153.76626,57.98182],[-153.7652,57.98036],[-153.76203,57.98022],[-153.75991,57.98154],[-153.76096,57.983],[-153.76414,57.98314]]]},"properties":{"cell":"890ced73063ffff","res":9,"coarsened":false,"count":1,"hv":1,"mp":0,"y0":1992,"y1":1992,"sp":[[136,1,1,0,1992,1992]]}},{"type":"Feature","geometry":{"type":"Polygon","coordinates":[[[-153.72076,57.9699],[-153.72289,57.96858],[-153.72183,57.96712],[-153.71866,57.96698],[-153.71654,57.9683],[-153.71759,57.96976],[-153.72076,57.9699]]]},"properties":{"cell":"890ced7312fffff","res":9,"coarsened":false,"count":1,"hv":1,"mp":0,"y0":1992,"y1":1992,"sp":[[132,1,1,0,1992,1992]]}},{"type":"Feature","geometry":{"type":"Polygon","coordinates":[[[-153.42235,58.12451],[-153.42449,58.1232],[-153.42345,58.12173],[-153.42026,58.12158],[-153.41812,58.1229],[-153.41916,58.12436],[-153.42235,58.12451]]]},"properties":{"cell":"890ced0022fffff","res":9,"coarsened":false,"count":1,"hv":1,"mp":0,"y0":1992,"y1":1992,"sp":[[70,1,1,0,1992,1992]]}},{"type":"Feature","geometry":{"type":"Polygon","coordinates":[[[-153.4137,58.13402],[-153.41585,58.13271],[-153.41481,58.13124],[-153.41162,58.13109],[-153.40947,58.1324],[-153.41051,58.13387],[-153.4137,58.13402]]]},"properties":{"cell":"890ced002a3ffff","res":9,"coarsened":false,"count":1,"hv":1,"mp":0,"y0":1992,"y1":1992,"sp":[[132,1,1,0,1992,1992]]}},{"type":"Feature","geometry":{"type":"Polygon","coordinates":[[[-153.37931,58.02481],[-153.38145,58.0235],[-153.38041,58.02203],[-153.37724,58.02188],[-153.3751,58.02319],[-153.37613,58.02466],[-153.37931,58.02481]]]},"properties":{"cell":"890ced0eecfffff","res":9,"coarsened":false,"count":1,"hv":1,"mp":0,"y0":1992,"y1":1992,"sp":[[132,1,1,0,1992,1992]]}},{"type":"Feature","geometry":{"type":"Polygon","coordinates":[[[-153.37706,58.16487],[-153.37921,58.16355],[-153.37816,58.16208],[-153.37497,58.16193],[-153.37282,58.16325],[-153.37387,58.16471],[-153.37706,58.16487]]]},"properties":{"cell":"890ced0048fffff","res":9,"coarsened":false,"count":1,"hv":1,"mp":0,"y0":1992,"y1":1992,"sp":[[132,1,1,0,1992,1992]]}},{"type":"Feature","geometry":{"type":"Polygon","coordinates":[[[-153.35325,58.18782],[-153.3554,58.18651],[-153.35436,58.18504],[-153.35117,58.18489],[-153.34902,58.1862],[-153.35006,58.18767],[-153.35325,58.18782]]]},"properties":{"cell":"890ced02043ffff","res":9,"coarsened":false,"count":1,"hv":1,"mp":0,"y0":1992,"y1":1992,"sp":[[132,1,1,0,1992,1992]]}},{"type":"Feature","geometry":{"type":"Polygon","coordinates":[[[-153.42455,58.11895],[-153.4267,58.11764],[-153.42565,58.11617],[-153.42247,58.11602],[-153.42032,58.11734],[-153.42137,58.1188],[-153.42455,58.11895]]]},"properties":{"cell":"890ced01c87ffff","res":9,"coarsened":false,"count":1,"hv":1,"mp":0,"y0":1992,"y1":1992,"sp":[[128,1,1,0,1992,1992]]}},{"type":"Feature","geometry":{"type":"Polygon","coordinates":[[[-153.27282,58.75357],[-153.27502,58.75225],[-153.27397,58.75077],[-153.27071,58.75061],[-153.26851,58.75193],[-153.26957,58.75341],[-153.27282,58.75357]]]},"properties":{"cell":"890c5362babffff","res":9,"coarsened":false,"count":1,"hv":1,"mp":0,"y0":1992,"y1":1992,"sp":[[136,1,1,0,1992,1992]]}},{"type":"Feature","geometry":{"type":"Polygon","coordinates":[[[-153.26674,58.73182],[-153.26894,58.7305],[-153.26789,58.72901],[-153.26463,58.72885],[-153.26243,58.73017],[-153.26349,58.73166],[-153.26674,58.73182]]]},"properties":{"cell":"890c53672d3ffff","res":9,"coarsened":false,"count":1,"hv":1,"mp":0,"y0":1992,"y1":1992,"sp":[[136,1,1,0,1992,1992]]}},{"type":"Feature","geometry":{"type":"Polygon","coordinates":[[[-153.68663,58.44929],[-153.68879,58.44797],[-153.68772,58.44649],[-153.68449,58.44635],[-153.68233,58.44767],[-153.6834,58.44914],[-153.68663,58.44929]]]},"properties":{"cell":"890cedc2e73ffff","res":9,"coarsened":false,"count":1,"hv":1,"mp":0,"y0":1992,"y1":1992,"sp":[[132,1,1,0,1992,1992]]}},{"type":"Feature","geometry":{"type":"Polygon","coordinates":[[[-153.62641,58.4394],[-153.62857,58.43808],[-153.62751,58.43661],[-153.62428,58.43646],[-153.62212,58.43778],[-153.62318,58.43925],[-153.62641,58.4394]]]},"properties":{"cell":"890cedc29d3ffff","res":9,"coarsened":false,"count":1,"hv":1,"mp":0,"y0":1992,"y1":1992,"sp":[[136,1,1,0,1992,1992]]}},{"type":"Feature","geometry":{"type":"Polygon","coordinates":[[[-153.77077,58.38479],[-153.77292,58.38346],[-153.77185,58.38199],[-153.76863,58.38185],[-153.76647,58.38317],[-153.76755,58.38464],[-153.77077,58.38479]]]},"properties":{"cell":"890cedc1983ffff","res":9,"coarsened":false,"count":1,"hv":1,"mp":0,"y0":1992,"y1":1992,"sp":[[132,1,1,0,1992,1992]]}},{"type":"Feature","geometry":{"type":"Polygon","coordinates":[[[-153.73183,58.4599],[-153.73399,58.45857],[-153.73292,58.4571],[-153.72968,58.45695],[-153.72752,58.45828],[-153.7286,58.45975],[-153.73183,58.4599]]]},"properties":{"cell":"890cedc04b3ffff","res":9,"coarsened":false,"count":1,"hv":1,"mp":0,"y0":1992,"y1":1992,"sp":[[136,1,1,0,1992,1992]]}},{"type":"Feature","geometry":{"type":"Polygon","coordinates":[[[-153.49004,58.68405],[-153.49223,58.68273],[-153.49116,58.68125],[-153.48791,58.68109],[-153.48572,58.68242],[-153.48679,58.6839],[-153.49004,58.68405]]]},"properties":{"cell":"890c536f46fffff","res":9,"coarsened":false,"count":1,"hv":1,"mp":0,"y0":1992,"y1":1992,"sp":[[134,1,1,0,1992,1992]]}},{"type":"Feature","geometry":{"type":"Polygon","coordinates":[[[-153.78116,57.93868],[-153.78328,57.93736],[-153.78222,57.9359],[-153.77905,57.93576],[-153.77693,57.93708],[-153.77799,57.93853],[-153.78116,57.93868]]]},"properties":{"cell":"890ced711d7ffff","res":9,"coarsened":false,"count":1,"hv":1,"mp":0,"y0":1992,"y1":1992,"sp":[[132,1,1,0,1992,1992]]}},{"type":"Feature","geometry":{"type":"Polygon","coordinates":[[[-155.7207,59.13022],[-155.72283,59.12884],[-155.72161,59.12736],[-155.71826,59.12726],[-155.71613,59.12863],[-155.71734,59.13011],[-155.7207,59.13022]]]},"properties":{"cell":"890ce1ac3d7ffff","res":9,"coarsened":false,"count":2,"hv":2,"mp":0,"y0":null,"y1":null,"sp":[[59,1,1,0,null,null],[22,1,1,0,null,null]]}},{"type":"Feature","geometry":{"type":"Polygon","coordinates":[[[-153.32181,58.57171],[-153.324,58.57039],[-153.32294,58.56891],[-153.31971,58.56875],[-153.31752,58.57007],[-153.31858,58.57155],[-153.32181,58.57171]]]},"properties":{"cell":"890ced9948bffff","res":9,"coarsened":false,"count":1,"hv":1,"mp":0,"y0":1988,"y1":1988,"sp":[[134,1,1,0,1988,1988]]}},{"type":"Feature","geometry":{"type":"Polygon","coordinates":[[[-154.31178,58.06434],[-154.31389,58.06301],[-154.3128,58.06155],[-154.3096,58.06142],[-154.3075,58.06275],[-154.30859,58.06421],[-154.31178,58.06434]]]},"properties":{"cell":"890ced4ae1bffff","res":9,"coarsened":false,"count":1,"hv":1,"mp":0,"y0":1981,"y1":1981,"sp":[[131,1,1,0,1981,1981]]}},{"type":"Feature","geometry":{"type":"Polygon","coordinates":[[[-154.47766,58.18575],[-154.47977,58.18441],[-154.47866,58.18295],[-154.47545,58.18282],[-154.47334,58.18416],[-154.47444,58.18562],[-154.47766,58.18575]]]},"properties":{"cell":"890ced59647ffff","res":9,"coarsened":false,"count":4,"hv":4,"mp":0,"y0":2025,"y1":2025,"sp":[[12,1,1,0,2025,2025],[112,1,1,0,2025,2025],[56,1,1,0,2025,2025],[20,1,1,0,2025,2025]]}},{"type":"Feature","geometry":{"type":"Polygon","coordinates":[[[-154.47233,58.18696],[-154.47444,58.18562],[-154.47334,58.18416],[-154.47012,58.18403],[-154.46801,58.18537],[-154.46912,58.18683],[-154.47233,58.18696]]]},"properties":{"cell":"890ced5960bffff","res":9,"coarsened":false,"count":1,"hv":1,"mp":0,"y0":2025,"y1":2025,"sp":[[137,1,1,0,2025,2025]]}},{"type":"Feature","geometry":{"type":"Polygon","coordinates":[[[-154.47334,58.18416],[-154.47545,58.18282],[-154.47434,58.18136],[-154.47113,58.18123],[-154.46902,58.18257],[-154.47012,58.18403],[-154.47334,58.18416]]]},"properties":{"cell":"890ced59673ffff","res":9,"coarsened":false,"count":1,"hv":1,"mp":0,"y0":2025,"y1":2025,"sp":[[5,1,1,0,2025,2025]]}},{"type":"Feature","geometry":{"type":"Polygon","coordinates":[[[-154.47665,58.18855],[-154.47876,58.18721],[-154.47766,58.18575],[-154.47444,58.18562],[-154.47233,58.18696],[-154.47344,58.18842],[-154.47665,58.18855]]]},"properties":{"cell":"890ced59657ffff","res":9,"coarsened":false,"count":2,"hv":2,"mp":0,"y0":2025,"y1":2025,"sp":[[67,1,1,0,2025,2025],[11,1,1,0,2025,2025]]}},{"type":"Feature","geometry":{"type":"Polygon","coordinates":[[[-154.46801,58.18537],[-154.47012,58.18403],[-154.46902,58.18257],[-154.46581,58.18244],[-154.46369,58.18378],[-154.4648,58.18524],[-154.46801,58.18537]]]},"properties":{"cell":"890ced5960fffff","res":9,"coarsened":false,"count":1,"hv":1,"mp":0,"y0":2025,"y1":2025,"sp":[[73,1,1,0,2025,2025]]}},{"type":"Feature","geometry":{"type":"Polygon","coordinates":[[[-156.32902,59.11719],[-156.33113,59.11581],[-156.32988,59.11433],[-156.32652,59.11424],[-156.32441,59.11563],[-156.32566,59.11711],[-156.32902,59.11719]]]},"properties":{"cell":"890ce10edd7ffff","res":9,"coarsened":false,"count":1,"hv":1,"mp":0,"y0":2024,"y1":2024,"sp":[[14,1,1,0,2024,2024]]}},{"type":"Feature","geometry":{"type":"Polygon","coordinates":[[[-154.05937,58.42877],[-154.06151,58.42743],[-154.06042,58.42596],[-154.05718,58.42583],[-154.05504,58.42716],[-154.05613,58.42863],[-154.05937,58.42877]]]},"properties":{"cell":"890cedcb097ffff","res":9,"coarsened":false,"count":1,"hv":1,"mp":0,"y0":2018,"y1":2018,"sp":[[92,1,1,0,2018,2018]]}},{"type":"Feature","geometry":{"type":"Polygon","coordinates":[[[-154.75056,58.59629],[-154.75269,58.59494],[-154.75155,58.59347],[-154.74828,58.59335],[-154.74615,58.5947],[-154.74729,58.59617],[-154.75056,58.59629]]]},"properties":{"cell":"890cec05143ffff","res":9,"coarsened":false,"count":19,"hv":19,"mp":0,"y0":2017,"y1":2017,"sp":[[64,5,5,0,2017,2017],[92,4,4,0,2017,2017],[42,3,3,0,2017,2017],[21,2,2,0,2017,2017],[103,2,2,0,2017,2017],[13,1,1,0,2017,2017],[47,1,1,0,2017,2017],[63,1,1,0,2017,2017]]}},{"type":"Feature","geometry":{"type":"Polygon","coordinates":[[[-155.95918,58.20938],[-155.96123,58.20802],[-155.96004,58.20656],[-155.9568,58.20648],[-155.95474,58.20784],[-155.95593,58.2093],[-155.95918,58.20938]]]},"properties":{"cell":"890ceeae02fffff","res":9,"coarsened":false,"count":15,"hv":15,"mp":0,"y0":2017,"y1":2017,"sp":[[125,5,5,0,2017,2017],[55,4,4,0,2017,2017],[10,2,2,0,2017,2017],[89,2,2,0,2017,2017],[56,1,1,0,2017,2017],[22,1,1,0,2017,2017]]}},{"type":"Feature","geometry":{"type":"Polygon","coordinates":[[[-154.15893,58.99799],[-154.16112,58.99665],[-154.16,58.99516],[-154.15669,58.99502],[-154.15451,58.99637],[-154.15563,58.99785],[-154.15893,58.99799]]]},"properties":{"cell":"890c53492bbffff","res":9,"coarsened":false,"count":5,"hv":5,"mp":0,"y0":2017,"y1":2017,"sp":[[138,5,5,0,2017,2017]]}},{"type":"Feature","geometry":{"type":"Polygon","coordinates":[[[-154.60293,58.10831],[-154.60503,58.10697],[-154.60392,58.10551],[-154.60072,58.10539],[-154.59862,58.10673],[-154.59973,58.10819],[-154.60293,58.10831]]]},"properties":{"cell":"890ce8943c7ffff","res":9,"coarsened":false,"count":4,"hv":4,"mp":0,"y0":2017,"y1":2017,"sp":[[137,2,2,0,2017,2017],[112,2,2,0,2017,2017]]}},{"type":"Feature","geometry":{"type":"Polygon","coordinates":[[[-155.22549,58.61752],[-155.2276,58.61617],[-155.22644,58.6147],[-155.22316,58.61459],[-155.22104,58.61594],[-155.22221,58.61741],[-155.22549,58.61752]]]},"properties":{"cell":"890cec091cfffff","res":9,"coarsened":false,"count":19,"hv":19,"mp":0,"y0":2016,"y1":2016,"sp":[[78,14,14,0,2016,2016],[64,3,3,0,2016,2016],[71,2,2,0,2016,2016]]}},{"type":"Feature","geometry":{"type":"Polygon","coordinates":[[[-154.90443,58.02586],[-154.90651,58.02452],[-154.90539,58.02306],[-154.90219,58.02295],[-154.90011,58.02429],[-154.90123,58.02575],[-154.90443,58.02586]]]},"properties":{"cell":"890ce881c6fffff","res":9,"coarsened":false,"count":10,"hv":10,"mp":0,"y0":2016,"y1":2016,"sp":[[56,10,10,0,2016,2016]]}},{"type":"Feature","geometry":{"type":"Polygon","coordinates":[[[-153.54011,58.98438],[-153.54232,58.98305],[-153.54124,58.98156],[-153.53795,58.9814],[-153.53574,58.98273],[-153.53682,58.98422],[-153.54011,58.98438]]]},"properties":{"cell":"890c534400fffff","res":9,"coarsened":false,"count":19,"hv":19,"mp":0,"y0":2016,"y1":2016,"sp":[[56,13,13,0,2016,2016],[138,3,3,0,2016,2016],[64,2,2,0,2016,2016],[139,1,1,0,2016,2016]]}},{"type":"Feature","geometry":{"type":"Polygon","coordinates":[[[-155.84659,58.60555],[-155.84868,58.60418],[-155.84748,58.60271],[-155.84419,58.60262],[-155.8421,58.60399],[-155.8433,58.60545],[-155.84659,58.60555]]]},"properties":{"cell":"890cec4a367ffff","res":9,"coarsened":false,"count":9,"hv":9,"mp":0,"y0":2016,"y1":2016,"sp":[[56,4,4,0,2016,2016],[80,1,1,0,2016,2016],[33,1,1,0,2016,2016],[27,1,1,0,2016,2016],[28,1,1,0,2016,2016],[50,1,1,0,2016,2016]]}},{"type":"Feature","geometry":{"type":"Polygon","coordinates":[[[-154.90301,58.04422],[-154.95459,58.02621],[-154.95338,57.99644],[-154.90071,57.98467],[-154.84918,58.00266],[-154.85028,58.03243],[-154.90301,58.04422]]]},"properties":{"cell":"860ce881fffffff","res":6,"coarsened":true,"count":5,"hv":5,"mp":0,"y0":2016,"y1":2016,"sp":[[1,5,5,0,2016,2016]]}},{"type":"Feature","geometry":{"type":"Polygon","coordinates":[[[-153.76816,58.60842],[-153.77033,58.60709],[-153.76925,58.60562],[-153.766,58.60547],[-153.76383,58.6068],[-153.76491,58.60828],[-153.76816,58.60842]]]},"properties":{"cell":"890cedd306bffff","res":9,"coarsened":false,"count":12,"hv":12,"mp":0,"y0":2015,"y1":2015,"sp":[[21,6,6,0,2015,2015],[5,3,3,0,2015,2015],[106,1,1,0,2015,2015],[79,1,1,0,2015,2015],[64,1,1,0,2015,2015]]}},{"type":"Feature","geometry":{"type":"Polygon","coordinates":[[[-155.2319,58.31678],[-155.23399,58.31542],[-155.23284,58.31396],[-155.2296,58.31385],[-155.22751,58.31521],[-155.22866,58.31667],[-155.2319,58.31678]]]},"properties":{"cell":"890cec61da3ffff","res":9,"coarsened":false,"count":1,"hv":1,"mp":0,"y0":2015,"y1":2015,"sp":[[118,1,1,0,2015,2015]]}},{"type":"Feature","geometry":{"type":"Polygon","coordinates":[[[-154.14674,58.33997],[-154.14887,58.33864],[-154.14778,58.33717],[-154.14455,58.33703],[-154.14242,58.33837],[-154.14351,58.33983],[-154.14674,58.33997]]]},"properties":{"cell":"890cec26dc3ffff","res":9,"coarsened":false,"count":1,"hv":1,"mp":0,"y0":2014,"y1":2014,"sp":[[98,1,1,0,2014,2014]]}},{"type":"Feature","geometry":{"type":"Polygon","coordinates":[[[-154.10986,58.30714],[-154.11199,58.30581],[-154.1109,58.30434],[-154.10768,58.30421],[-154.10555,58.30554],[-154.10664,58.307],[-154.10986,58.30714]]]},"properties":{"cell":"890ced5348fffff","res":9,"coarsened":false,"count":1,"hv":1,"mp":0,"y0":2014,"y1":2014,"sp":[[140,1,1,0,2014,2014]]}},{"type":"Feature","geometry":{"type":"Polygon","coordinates":[[[-154.12098,58.34315],[-154.12311,58.34182],[-154.12202,58.34035],[-154.11879,58.34022],[-154.11666,58.34155],[-154.11775,58.34302],[-154.12098,58.34315]]]},"properties":{"cell":"890cedc9e5bffff","res":9,"coarsened":false,"count":2,"hv":2,"mp":0,"y0":2014,"y1":2014,"sp":[[37,1,1,0,2014,2014],[96,1,1,0,2014,2014]]}},{"type":"Feature","geometry":{"type":"Polygon","coordinates":[[[-153.3543,58.50343],[-153.35648,58.50211],[-153.35542,58.50064],[-153.3522,58.50048],[-153.35002,58.5018],[-153.35107,58.50327],[-153.3543,58.50343]]]},"properties":{"cell":"890cedd6d73ffff","res":9,"coarsened":false,"count":4,"hv":4,"mp":0,"y0":2005,"y1":2011,"sp":[[34,2,2,0,2005,2011],[141,2,2,0,2011,2011]]}},{"type":"Feature","geometry":{"type":"Polygon","coordinates":[[[-153.68637,58.50057],[-153.68854,58.49924],[-153.68747,58.49777],[-153.68423,58.49762],[-153.68207,58.49894],[-153.68314,58.50042],[-153.68637,58.50057]]]},"properties":{"cell":"890cedc2433ffff","res":9,"coarsened":false,"count":9,"hv":9,"mp":0,"y0":2002,"y1":2011,"sp":[[34,4,4,0,2005,2011],[141,3,3,0,2002,2011],[142,2,2,0,2003,2005]]}},{"type":"Feature","geometry":{"type":"Polygon","coordinates":[[[-153.96727,58.33374],[-153.96941,58.33241],[-153.96833,58.33094],[-153.96511,58.3308],[-153.96297,58.33213],[-153.96405,58.3336],[-153.96727,58.33374]]]},"properties":{"cell":"890cedc880fffff","res":9,"coarsened":false,"count":6,"hv":6,"mp":0,"y0":2002,"y1":2011,"sp":[[142,2,2,0,2002,2011],[34,2,2,0,2009,2011],[141,2,2,0,2009,2009]]}},{"type":"Feature","geometry":{"type":"Polygon","coordinates":[[[-153.95149,58.16834],[-153.95362,58.16702],[-153.95254,58.16555],[-153.94934,58.16541],[-153.94721,58.16674],[-153.94829,58.16821],[-153.95149,58.16834]]]},"properties":{"cell":"890ced5542fffff","res":9,"coarsened":false,"count":10,"hv":10,"mp":0,"y0":2002,"y1":2011,"sp":[[141,5,5,0,2002,2011],[34,2,2,0,2006,2011],[142,2,2,0,2002,2006],[152,1,1,0,2006,2006]]}},{"type":"Feature","geometry":{"type":"Polygon","coordinates":[[[-153.62635,58.00097],[-153.62848,57.99965],[-153.62743,57.99819],[-153.62425,57.99805],[-153.62213,57.99936],[-153.62318,58.00083],[-153.62635,58.00097]]]},"properties":{"cell":"890ced72547ffff","res":9,"coarsened":false,"count":2,"hv":2,"mp":0,"y0":2011,"y1":2011,"sp":[[141,1,1,0,2011,2011],[34,1,1,0,2011,2011]]}},{"type":"Feature","geometry":{"type":"Polygon","coordinates":[[[-153.3163,58.17045],[-153.31845,58.16914],[-153.31741,58.16767],[-153.31422,58.16751],[-153.31207,58.16883],[-153.31311,58.17029],[-153.3163,58.17045]]]},"properties":{"cell":"890ced02163ffff","res":9,"coarsened":false,"count":2,"hv":2,"mp":0,"y0":2006,"y1":2011,"sp":[[34,2,2,0,2006,2011]]}},{"type":"Feature","geometry":{"type":"Polygon","coordinates":[[[-153.65072,58.33951],[-153.65287,58.33819],[-153.65181,58.33672],[-153.64859,58.33657],[-153.64644,58.33789],[-153.6475,58.33936],[-153.65072,58.33951]]]},"properties":{"cell":"890cedc5383ffff","res":9,"coarsened":false,"count":3,"hv":3,"mp":0,"y0":2011,"y1":2011,"sp":[[141,2,2,0,2011,2011],[34,1,1,0,2011,2011]]}},{"type":"Feature","geometry":{"type":"Polygon","coordinates":[[[-153.63367,58.16979],[-153.63581,58.16847],[-153.63475,58.16701],[-153.63156,58.16686],[-153.62941,58.16818],[-153.63047,58.16964],[-153.63367,58.16979]]]},"properties":{"cell":"890ced199dbffff","res":9,"coarsened":false,"count":2,"hv":2,"mp":0,"y0":2011,"y1":2011,"sp":[[141,1,1,0,2011,2011],[34,1,1,0,2011,2011]]}},{"type":"Feature","geometry":{"type":"Polygon","coordinates":[[[-153.33362,58.33451],[-153.33578,58.33319],[-153.33474,58.33172],[-153.33153,58.33156],[-153.32936,58.33288],[-153.33041,58.33435],[-153.33362,58.33451]]]},"properties":{"cell":"890ced1264bffff","res":9,"coarsened":false,"count":10,"hv":10,"mp":0,"y0":2009,"y1":2011,"sp":[[141,6,6,0,2009,2011],[34,3,3,0,2009,2011],[143,1,1,0,2011,2011]]}},{"type":"Feature","geometry":{"type":"Polygon","coordinates":[[[-153.38725,58.66768],[-153.38944,58.66636],[-153.38838,58.66488],[-153.38513,58.66472],[-153.38294,58.66604],[-153.384,58.66752],[-153.38725,58.66768]]]},"properties":{"cell":"890c536e39bffff","res":9,"coarsened":false,"count":9,"hv":9,"mp":0,"y0":2004,"y1":2011,"sp":[[34,4,4,0,2004,2011],[141,3,3,0,2004,2011],[142,2,2,0,2004,2006]]}},{"type":"Feature","geometry":{"type":"Polygon","coordinates":[[[-154.23208,58.00308],[-154.23419,58.00175],[-154.23311,58.0003],[-154.22992,58.00017],[-154.22781,58.00149],[-154.22889,58.00295],[-154.23208,58.00308]]]},"properties":{"cell":"890ced4f063ffff","res":9,"coarsened":false,"count":1,"hv":1,"mp":0,"y0":2011,"y1":2011,"sp":[[34,1,1,0,2011,2011]]}},{"type":"Feature","geometry":{"type":"Polygon","coordinates":[[[-153.94119,58.00221],[-153.9433,58.00088],[-153.94224,57.99942],[-153.93905,57.99928],[-153.93694,58.00061],[-153.93801,58.00207],[-153.94119,58.00221]]]},"properties":{"cell":"890ced45cb3ffff","res":9,"coarsened":false,"count":4,"hv":4,"mp":0,"y0":2007,"y1":2011,"sp":[[34,2,2,0,2007,2011],[141,2,2,0,2011,2011]]}},{"type":"Feature","geometry":{"type":"Polygon","coordinates":[[[-153.42991,59.17028],[-153.43214,59.16895],[-153.43105,59.16746],[-153.42774,59.1673],[-153.42552,59.16863],[-153.4266,59.17012],[-153.42991,59.17028]]]},"properties":{"cell":"890c535600fffff","res":9,"coarsened":false,"count":2,"hv":2,"mp":0,"y0":2011,"y1":2011,"sp":[[141,1,1,0,2011,2011],[34,1,1,0,2011,2011]]}},{"type":"Feature","geometry":{"type":"Polygon","coordinates":[[[-153.96621,58.33653],[-153.96836,58.33521],[-153.96727,58.33374],[-153.96405,58.3336],[-153.96191,58.33493],[-153.96299,58.3364],[-153.96621,58.33653]]]},"properties":{"cell":"890cedc8803ffff","res":9,"coarsened":false,"count":4,"hv":4,"mp":0,"y0":2003,"y1":2010,"sp":[[141,2,2,0,2010,2010],[34,1,1,0,2010,2010],[142,1,1,0,2003,2003]]}},{"type":"Feature","geometry":{"type":"Polygon","coordinates":[[[-153.67988,58.50454],[-153.68205,58.50322],[-153.68097,58.50174],[-153.67774,58.5016],[-153.67557,58.50292],[-153.67664,58.5044],[-153.67988,58.50454]]]},"properties":{"cell":"890cedc24a3ffff","res":9,"coarsened":false,"count":2,"hv":2,"mp":0,"y0":2010,"y1":2010,"sp":[[141,2,2,0,2010,2010]]}},{"type":"Feature","geometry":{"type":"Polygon","coordinates":[[[-153.63475,58.16701],[-153.63689,58.16569],[-153.63584,58.16422],[-153.63264,58.16407],[-153.6305,58.16539],[-153.63156,58.16686],[-153.63475,58.16701]]]},"properties":{"cell":"890ced199cbffff","res":9,"coarsened":false,"count":13,"hv":13,"mp":0,"y0":2002,"y1":2010,"sp":[[141,8,8,0,2002,2010],[34,2,2,0,2004,2010],[186,1,1,0,2004,2004],[152,1,1,0,2004,2004],[142,1,1,0,2002,2002]]}},{"type":"Feature","geometry":{"type":"Polygon","coordinates":[[[-153.95682,58.16716],[-153.95895,58.16583],[-153.95787,58.16437],[-153.95467,58.16423],[-153.95254,58.16555],[-153.95362,58.16702],[-153.95682,58.16716]]]},"properties":{"cell":"890ced55093ffff","res":9,"coarsened":false,"count":6,"hv":6,"mp":0,"y0":2008,"y1":2010,"sp":[[141,4,4,0,2008,2010],[142,1,1,0,2010,2010],[34,1,1,0,2008,2008]]}},{"type":"Feature","geometry":{"type":"Polygon","coordinates":[[[-153.66255,58.33437],[-153.6647,58.33305],[-153.66363,58.33158],[-153.66042,58.33143],[-153.65827,58.33275],[-153.65933,58.33422],[-153.66255,58.33437]]]},"properties":{"cell":"890cedc531bffff","res":9,"coarsened":false,"count":1,"hv":1,"mp":0,"y0":2010,"y1":2010,"sp":[[141,1,1,0,2010,2010]]}},{"type":"Feature","geometry":{"type":"Polygon","coordinates":[[[-153.31207,58.16883],[-153.31422,58.16751],[-153.31319,58.16605],[-153.31,58.16589],[-153.30784,58.1672],[-153.30888,58.16867],[-153.31207,58.16883]]]},"properties":{"cell":"890ced02167ffff","res":9,"coarsened":false,"count":1,"hv":1,"mp":0,"y0":2010,"y1":2010,"sp":[[34,1,1,0,2010,2010]]}},{"type":"Feature","geometry":{"type":"Polygon","coordinates":[[[-153.62105,58.00214],[-153.62318,58.00083],[-153.62213,57.99936],[-153.61895,57.99922],[-153.61682,58.00054],[-153.61787,58.002],[-153.62105,58.00214]]]},"properties":{"cell":"890ced7250bffff","res":9,"coarsened":false,"count":11,"hv":11,"mp":0,"y0":2002,"y1":2010,"sp":[[141,6,6,0,2002,2010],[142,3,3,0,2002,2004],[34,2,2,0,2009,2010]]}},{"type":"Feature","geometry":{"type":"Polygon","coordinates":[[[-153.35002,58.5018],[-153.3522,58.50048],[-153.35114,58.499],[-153.34792,58.49885],[-153.34574,58.50017],[-153.34679,58.50164],[-153.35002,58.5018]]]},"properties":{"cell":"890cedd6d77ffff","res":9,"coarsened":false,"count":12,"hv":12,"mp":0,"y0":2003,"y1":2010,"sp":[[141,8,8,0,2003,2010],[34,3,3,0,2004,2010],[142,1,1,0,2003,2003]]}},{"type":"Feature","geometry":{"type":"Polygon","coordinates":[[[-154.24267,58.00068],[-154.24478,57.99936],[-154.24369,57.9979],[-154.2405,57.99777],[-154.2384,57.9991],[-154.23948,58.00056],[-154.24267,58.00068]]]},"properties":{"cell":"890ced4f2a7ffff","res":9,"coarsened":false,"count":2,"hv":2,"mp":0,"y0":2010,"y1":2010,"sp":[[141,1,1,0,2010,2010],[34,1,1,0,2010,2010]]}},{"type":"Feature","geometry":{"type":"Polygon","coordinates":[[[-153.94224,57.99942],[-153.94435,57.9981],[-153.94329,57.99664],[-153.9401,57.9965],[-153.93799,57.99782],[-153.93905,57.99928],[-153.94224,57.99942]]]},"properties":{"cell":"890ced45ca3ffff","res":9,"coarsened":false,"count":2,"hv":2,"mp":0,"y0":2010,"y1":2010,"sp":[[141,1,1,0,2010,2010],[34,1,1,0,2010,2010]]}},{"type":"Feature","geometry":{"type":"Polygon","coordinates":[[[-153.38181,58.66885],[-153.384,58.66752],[-153.38294,58.66604],[-153.37969,58.66589],[-153.3775,58.66721],[-153.37856,58.66869],[-153.38181,58.66885]]]},"properties":{"cell":"890c536e393ffff","res":9,"coarsened":false,"count":5,"hv":5,"mp":0,"y0":2002,"y1":2010,"sp":[[34,2,2,0,2007,2010],[141,2,2,0,2002,2010],[142,1,1,0,2002,2002]]}},{"type":"Feature","geometry":{"type":"Polygon","coordinates":[[[-153.67667,58.50012],[-153.67883,58.4988],[-153.67776,58.49732],[-153.67453,58.49717],[-153.67236,58.4985],[-153.67343,58.49997],[-153.67667,58.50012]]]},"properties":{"cell":"890cedc25dbffff","res":9,"coarsened":false,"count":2,"hv":2,"mp":0,"y0":2009,"y1":2009,"sp":[[34,1,1,0,2009,2009],[141,1,1,0,2009,2009]]}},{"type":"Feature","geometry":{"type":"Polygon","coordinates":[[[-153.31741,58.16767],[-153.31956,58.16635],[-153.31853,58.16489],[-153.31534,58.16473],[-153.31319,58.16605],[-153.31422,58.16751],[-153.31741,58.16767]]]},"properties":{"cell":"890ced0216fffff","res":9,"coarsened":false,"count":1,"hv":1,"mp":0,"y0":2009,"y1":2009,"sp":[[34,1,1,0,2009,2009]]}},{"type":"Feature","geometry":{"type":"Polygon","coordinates":[[[-153.64862,58.33231],[-153.65077,58.33099],[-153.64971,58.32952],[-153.64649,58.32937],[-153.64434,58.33069],[-153.6454,58.33216],[-153.64862,58.33231]]]},"properties":{"cell":"890cedc53abffff","res":9,"coarsened":false,"count":2,"hv":2,"mp":0,"y0":2009,"y1":2009,"sp":[[141,2,2,0,2009,2009]]}},{"type":"Feature","geometry":{"type":"Polygon","coordinates":[[[-154.23738,58.00188],[-154.23948,58.00056],[-154.2384,57.9991],[-154.23521,57.99897],[-154.23311,58.0003],[-154.23419,58.00175],[-154.23738,58.00188]]]},"properties":{"cell":"890ced4f06bffff","res":9,"coarsened":false,"count":10,"hv":10,"mp":0,"y0":2002,"y1":2009,"sp":[[141,7,7,0,2002,2009],[34,2,2,0,2008,2009],[142,1,1,0,2003,2003]]}},{"type":"Feature","geometry":{"type":"Polygon","coordinates":[[[-153.42666,59.16581],[-153.42889,59.16447],[-153.42781,59.16298],[-153.4245,59.16282],[-153.42227,59.16415],[-153.42335,59.16564],[-153.42666,59.16581]]]},"properties":{"cell":"890c535602bffff","res":9,"coarsened":false,"count":1,"hv":1,"mp":0,"y0":2009,"y1":2009,"sp":[[34,1,1,0,2009,2009]]}},{"type":"Feature","geometry":{"type":"Polygon","coordinates":[[[-153.62941,58.16818],[-153.63156,58.16686],[-153.6305,58.16539],[-153.6273,58.16525],[-153.62516,58.16657],[-153.62622,58.16803],[-153.62941,58.16818]]]},"properties":{"cell":"890ced199c3ffff","res":9,"coarsened":false,"count":4,"hv":4,"mp":0,"y0":2008,"y1":2009,"sp":[[141,4,4,0,2008,2009]]}},{"type":"Feature","geometry":{"type":"Polygon","coordinates":[[[-153.95254,58.16555],[-153.95467,58.16423],[-153.9536,58.16276],[-153.95039,58.16262],[-153.94827,58.16395],[-153.94934,58.16541],[-153.95254,58.16555]]]},"properties":{"cell":"890ced55097ffff","res":9,"coarsened":false,"count":6,"hv":6,"mp":0,"y0":2003,"y1":2009,"sp":[[141,4,4,0,2003,2009],[34,1,1,0,2009,2009],[142,1,1,0,2003,2003]]}},{"type":"Feature","geometry":{"type":"Polygon","coordinates":[[[-154.56112,58.10246],[-154.56322,58.10113],[-154.56211,58.09967],[-154.55891,58.09954],[-154.55681,58.10088],[-154.55791,58.10234],[-154.56112,58.10246]]]},"properties":{"cell":"890ce894e93ffff","res":9,"coarsened":false,"count":57,"hv":57,"mp":0,"y0":null,"y1":null,"sp":[[146,15,15,0,null,null],[144,7,7,0,null,null],[145,7,7,0,null,null],[67,5,5,0,null,null],[82,5,5,0,null,null],[108,4,4,0,null,null],[34,4,4,0,null,null],[85,3,3,0,null,null],[149,2,2,0,null,null],[3,2,2,0,null,null],[78,2,2,0,null,null],[68,1,1,0,null,null]]}},{"type":"Feature","geometry":{"type":"Polygon","coordinates":[[[-154.56245,58.11244],[-154.56455,58.1111],[-154.56344,58.10964],[-154.56024,58.10952],[-154.55814,58.11085],[-154.55924,58.11231],[-154.56245,58.11244]]]},"properties":{"cell":"890ce894103ffff","res":9,"coarsened":false,"count":21,"hv":21,"mp":0,"y0":null,"y1":null,"sp":[[67,6,6,0,null,null],[144,4,4,0,null,null],[85,4,4,0,null,null],[146,3,3,0,null,null],[82,2,2,0,null,null],[108,1,1,0,null,null],[145,1,1,0,null,null]]}},{"type":"Feature","geometry":{"type":"Polygon","coordinates":[[[-154.54222,58.03233],[-154.54432,58.03099],[-154.54322,58.02954],[-154.54002,58.02941],[-154.53792,58.03075],[-154.53903,58.03221],[-154.54222,58.03233]]]},"properties":{"cell":"890ced4925bffff","res":9,"coarsened":false,"count":9,"hv":9,"mp":0,"y0":null,"y1":null,"sp":[[145,3,3,0,null,null],[149,3,3,0,null,null],[150,2,2,0,null,null],[147,1,1,0,null,null]]}},{"type":"Feature","geometry":{"type":"Polygon","coordinates":[[[-154.12835,58.23121],[-154.13047,58.22988],[-154.12939,58.22842],[-154.12618,58.22828],[-154.12405,58.22961],[-154.12513,58.23108],[-154.12835,58.23121]]]},"properties":{"cell":"890ced5024bffff","res":9,"coarsened":false,"count":9,"hv":9,"mp":0,"y0":null,"y1":null,"sp":[[34,6,6,0,null,null],[147,2,2,0,null,null],[149,1,1,0,null,null]]}},{"type":"Feature","geometry":{"type":"Polygon","coordinates":[[[-154.51208,58.06232],[-154.51418,58.06099],[-154.51307,58.05953],[-154.50987,58.0594],[-154.50777,58.06074],[-154.50888,58.0622],[-154.51208,58.06232]]]},"properties":{"cell":"890ce894967ffff","res":9,"coarsened":false,"count":57,"hv":57,"mp":0,"y0":null,"y1":null,"sp":[[34,37,37,0,null,null],[146,5,5,0,null,null],[149,3,3,0,null,null],[150,3,3,0,null,null],[67,2,2,0,null,null],[155,2,2,0,null,null],[156,1,1,0,null,null],[145,1,1,0,null,null],[102,1,1,0,null,null],[20,1,1,0,null,null],[153,1,1,0,null,null]]}},{"type":"Feature","geometry":{"type":"Polygon","coordinates":[[[-154.59232,58.11074],[-154.59442,58.1094],[-154.59331,58.10794],[-154.5901,58.10782],[-154.588,58.10916],[-154.58911,58.11062],[-154.59232,58.11074]]]},"properties":{"cell":"890ce894383ffff","res":9,"coarsened":false,"count":10,"hv":10,"mp":0,"y0":null,"y1":null,"sp":[[34,6,6,0,null,null],[146,2,2,0,null,null],[144,2,2,0,null,null]]}},{"type":"Feature","geometry":{"type":"Polygon","coordinates":[[[-154.12953,58.2412],[-154.13166,58.23987],[-154.13057,58.2384],[-154.12735,58.23827],[-154.12523,58.2396],[-154.12631,58.24106],[-154.12953,58.2412]]]},"properties":{"cell":"890ced51533ffff","res":9,"coarsened":false,"count":5,"hv":5,"mp":0,"y0":null,"y1":null,"sp":[[98,3,3,0,null,null],[147,1,1,0,null,null],[149,1,1,0,null,null]]}},{"type":"Feature","geometry":{"type":"Polygon","coordinates":[[[-154.57208,58.1128],[-154.57418,58.11147],[-154.57307,58.11001],[-154.56986,58.10988],[-154.56776,58.11122],[-154.56887,58.11268],[-154.57208,58.1128]]]},"properties":{"cell":"890ce894157ffff","res":9,"coarsened":false,"count":11,"hv":11,"mp":0,"y0":null,"y1":null,"sp":[[146,6,6,0,null,null],[144,2,2,0,null,null],[82,1,1,0,null,null],[67,1,1,0,null,null],[34,1,1,0,null,null]]}},{"type":"Feature","geometry":{"type":"Polygon","coordinates":[[[-154.5409,58.02237],[-154.543,58.02103],[-154.5419,58.01958],[-154.5387,58.01945],[-154.5366,58.02079],[-154.53771,58.02225],[-154.5409,58.02237]]]},"properties":{"cell":"890ce8861a7ffff","res":9,"coarsened":false,"count":11,"hv":11,"mp":0,"y0":null,"y1":null,"sp":[[34,5,5,0,null,null],[145,3,3,0,null,null],[149,2,2,0,null,null],[147,1,1,0,null,null]]}},{"type":"Feature","geometry":{"type":"Polygon","coordinates":[[[-154.44009,58.18143],[-154.4422,58.1801],[-154.4411,58.17864],[-154.43789,58.17851],[-154.43578,58.17985],[-154.43688,58.18131],[-154.44009,58.18143]]]},"properties":{"cell":"890ced590c7ffff","res":9,"coarsened":false,"count":2,"hv":2,"mp":0,"y0":null,"y1":null,"sp":[[144,1,1,0,null,null],[60,1,1,0,null,null]]}},{"type":"Feature","geometry":{"type":"Polygon","coordinates":[[[-154.4634,58.171],[-154.46551,58.16966],[-154.46441,58.1682],[-154.46119,58.16808],[-154.45908,58.16941],[-154.46019,58.17087],[-154.4634,58.171]]]},"properties":{"cell":"890ced592bbffff","res":9,"coarsened":false,"count":6,"hv":6,"mp":0,"y0":null,"y1":null,"sp":[[108,3,3,0,null,null],[144,1,1,0,null,null],[146,1,1,0,null,null],[34,1,1,0,null,null]]}},{"type":"Feature","geometry":{"type":"Polygon","coordinates":[[[-154.24092,58.31118],[-154.24305,58.30985],[-154.24195,58.30838],[-154.23873,58.30825],[-154.2366,58.30958],[-154.23769,58.31105],[-154.24092,58.31118]]]},"properties":{"cell":"890cec241bbffff","res":9,"coarsened":false,"count":55,"hv":55,"mp":0,"y0":null,"y1":null,"sp":[[28,9,9,0,null,null],[10,9,9,0,null,null],[167,9,9,0,null,null],[73,9,9,0,null,null],[64,7,7,0,null,null],[34,3,3,0,null,null],[42,3,3,0,null,null],[149,2,2,0,null,null],[144,2,2,0,null,null],[146,1,1,0,null,null],[115,1,1,0,null,null]]}},{"type":"Feature","geometry":{"type":"Polygon","coordinates":[[[-154.54188,58.10173],[-154.54398,58.10039],[-154.54287,58.09893],[-154.53967,58.09881],[-154.53757,58.10014],[-154.53867,58.1016],[-154.54188,58.10173]]]},"properties":{"cell":"890ce894c57ffff","res":9,"coarsened":false,"count":23,"hv":23,"mp":0,"y0":null,"y1":null,"sp":[[82,6,6,0,null,null],[34,3,3,0,null,null],[145,2,2,0,null,null],[146,2,2,0,null,null],[148,2,2,0,null,null],[85,1,1,0,null,null],[78,1,1,0,null,null],[67,1,1,0,null,null],[160,1,1,0,null,null],[114,1,1,0,null,null],[144,1,1,0,null,null],[95,1,1,0,null,null],[150,1,1,0,null,null]]}},{"type":"Feature","geometry":{"type":"Polygon","coordinates":[[[-154.45247,58.16064],[-154.45458,58.1593],[-154.45347,58.15784],[-154.45026,58.15772],[-154.44815,58.15905],[-154.44926,58.16051],[-154.45247,58.16064]]]},"properties":{"cell":"890ced593cfffff","res":9,"coarsened":false,"count":3,"hv":3,"mp":0,"y0":null,"y1":null,"sp":[[151,1,1,0,null,null],[34,1,1,0,null,null],[82,1,1,0,null,null]]}},{"type":"Feature","geometry":{"type":"Polygon","coordinates":[[[-154.58269,58.11037],[-154.58479,58.10904],[-154.58368,58.10758],[-154.58048,58.10746],[-154.57838,58.10879],[-154.57948,58.11025],[-154.58269,58.11037]]]},"properties":{"cell":"890ce89414bffff","res":9,"coarsened":false,"count":18,"hv":18,"mp":0,"y0":null,"y1":null,"sp":[[20,4,4,0,null,null],[34,4,4,0,null,null],[78,3,3,0,null,null],[145,2,2,0,null,null],[85,1,1,0,null,null],[160,1,1,0,null,null],[156,1,1,0,null,null],[151,1,1,0,null,null],[146,1,1,0,null,null]]}},{"type":"Feature","geometry":{"type":"Polygon","coordinates":[[[-154.55182,58.0327],[-154.55391,58.03136],[-154.55281,58.0299],[-154.54961,58.02978],[-154.54752,58.03112],[-154.54862,58.03257],[-154.55182,58.0327]]]},"properties":{"cell":"890ce886193ffff","res":9,"coarsened":false,"count":40,"hv":40,"mp":0,"y0":null,"y1":null,"sp":[[34,9,9,0,null,null],[149,9,9,0,null,null],[67,7,7,0,null,null],[145,3,3,0,null,null],[146,3,3,0,null,null],[20,3,3,0,null,null],[155,2,2,0,null,null],[150,2,2,0,null,null],[3,1,1,0,null,null],[11,1,1,0,null,null]]}},{"type":"Feature","geometry":{"type":"Polygon","coordinates":[[[-154.55017,58.09212],[-154.55227,58.09079],[-154.55116,58.08933],[-154.54796,58.0892],[-154.54586,58.09054],[-154.54696,58.092],[-154.55017,58.09212]]]},"properties":{"cell":"890ce894ea7ffff","res":9,"coarsened":false,"count":35,"hv":35,"mp":0,"y0":null,"y1":null,"sp":[[82,7,7,0,null,null],[144,6,6,0,null,null],[145,4,4,0,null,null],[146,4,4,0,null,null],[67,3,3,0,null,null],[34,3,3,0,null,null],[150,2,2,0,null,null],[148,1,1,0,null,null],[108,1,1,0,null,null],[5,1,1,0,null,null],[3,1,1,0,null,null],[156,1,1,0,null,null],[60,1,1,0,null,null]]}},{"type":"Feature","geometry":{"type":"Polygon","coordinates":[[[-154.54056,58.05067],[-154.54266,58.04934],[-154.54156,58.04788],[-154.53836,58.04776],[-154.53626,58.04909],[-154.53736,58.05055],[-154.54056,58.05067]]]},"properties":{"cell":"890ce886597ffff","res":9,"coarsened":false,"count":42,"hv":42,"mp":0,"y0":null,"y1":null,"sp":[[34,20,20,0,null,null],[149,5,5,0,null,null],[153,5,5,0,null,null],[67,4,4,0,null,null],[155,3,3,0,null,null],[150,2,2,0,null,null],[145,1,1,0,null,null],[78,1,1,0,null,null],[108,1,1,0,null,null]]}},{"type":"Feature","geometry":{"type":"Polygon","coordinates":[[[-154.54321,58.0706],[-154.54531,58.06927],[-154.5442,58.06781],[-154.541,58.06769],[-154.5389,58.06902],[-154.54001,58.07048],[-154.54321,58.0706]]]},"properties":{"cell":"890ce894b9bffff","res":9,"coarsened":false,"count":18,"hv":18,"mp":0,"y0":null,"y1":null,"sp":[[146,9,9,0,null,null],[20,4,4,0,null,null],[34,1,1,0,null,null],[98,1,1,0,null,null],[108,1,1,0,null,null],[67,1,1,0,null,null],[149,1,1,0,null,null]]}},{"type":"Feature","geometry":{"type":"Polygon","coordinates":[[[-154.53096,58.0503],[-154.53306,58.04897],[-154.53196,58.04751],[-154.52876,58.04739],[-154.52666,58.04872],[-154.52776,58.05018],[-154.53096,58.0503]]]},"properties":{"cell":"890ced49643ffff","res":9,"coarsened":false,"count":18,"hv":18,"mp":0,"y0":null,"y1":null,"sp":[[149,4,4,0,null,null],[146,4,4,0,null,null],[34,4,4,0,null,null],[3,2,2,0,null,null],[147,1,1,0,null,null],[20,1,1,0,null,null],[82,1,1,0,null,null],[108,1,1,0,null,null]]}},{"type":"Feature","geometry":{"type":"Polygon","coordinates":[[[-154.5283,58.07145],[-154.5304,58.07011],[-154.5293,58.06865],[-154.52609,58.06853],[-154.52399,58.06986],[-154.5251,58.07132],[-154.5283,58.07145]]]},"properties":{"cell":"890ce89495bffff","res":9,"coarsened":false,"count":10,"hv":10,"mp":0,"y0":null,"y1":null,"sp":[[153,2,2,0,null,null],[67,2,2,0,null,null],[82,1,1,0,null,null],[149,1,1,0,null,null],[78,1,1,0,null,null],[156,1,1,0,null,null],[98,1,1,0,null,null],[146,1,1,0,null,null]]}},{"type":"Feature","geometry":{"type":"Polygon","coordinates":[[[-154.52962,58.08141],[-154.53172,58.08008],[-154.53061,58.07862],[-154.52741,58.0785],[-154.52531,58.07983],[-154.52642,58.08129],[-154.52962,58.08141]]]},"properties":{"cell":"890ce8948abffff","res":9,"coarsened":false,"count":30,"hv":30,"mp":0,"y0":null,"y1":null,"sp":[[67,7,7,0,null,null],[34,6,6,0,null,null],[145,3,3,0,null,null],[146,3,3,0,null,null],[144,2,2,0,null,null],[3,2,2,0,null,null],[114,1,1,0,null,null],[149,1,1,0,null,null],[11,1,1,0,null,null],[156,1,1,0,null,null],[108,1,1,0,null,null],[152,1,1,0,null,null],[82,1,1,0,null,null]]}},{"type":"Feature","geometry":{"type":"Polygon","coordinates":[[[-154.53094,58.09138],[-154.53304,58.09005],[-154.53193,58.08859],[-154.52873,58.08846],[-154.52663,58.0898],[-154.52773,58.09126],[-154.53094,58.09138]]]},"properties":{"cell":"890ce894893ffff","res":9,"coarsened":false,"count":15,"hv":15,"mp":0,"y0":null,"y1":null,"sp":[[82,4,4,0,null,null],[108,3,3,0,null,null],[150,2,2,0,null,null],[149,2,2,0,null,null],[3,1,1,0,null,null],[85,1,1,0,null,null],[144,1,1,0,null,null],[34,1,1,0,null,null]]}},{"type":"Feature","geometry":{"type":"Polygon","coordinates":[[[-154.52001,58.08104],[-154.52211,58.07971],[-154.521,58.07825],[-154.5178,58.07813],[-154.5157,58.07946],[-154.5168,58.08092],[-154.52001,58.08104]]]},"properties":{"cell":"890ce8948a7ffff","res":9,"coarsened":false,"count":28,"hv":28,"mp":0,"y0":null,"y1":null,"sp":[[34,8,8,0,null,null],[67,5,5,0,null,null],[145,2,2,0,null,null],[150,2,2,0,null,null],[85,2,2,0,null,null],[11,2,2,0,null,null],[152,2,2,0,null,null],[149,1,1,0,null,null],[22,1,1,0,null,null],[156,1,1,0,null,null],[20,1,1,0,null,null],[148,1,1,0,null,null]]}},{"type":"Feature","geometry":{"type":"Polygon","coordinates":[[[-154.52132,58.09101],[-154.52342,58.08968],[-154.52232,58.08822],[-154.51912,58.08809],[-154.51702,58.08943],[-154.51812,58.09089],[-154.52132,58.09101]]]},"properties":{"cell":"890ce894d5bffff","res":9,"coarsened":false,"count":20,"hv":20,"mp":0,"y0":null,"y1":null,"sp":[[67,4,4,0,null,null],[34,4,4,0,null,null],[146,4,4,0,null,null],[145,3,3,0,null,null],[82,1,1,0,null,null],[85,1,1,0,null,null],[150,1,1,0,null,null],[11,1,1,0,null,null],[148,1,1,0,null,null]]}},{"type":"Feature","geometry":{"type":"Polygon","coordinates":[[[-154.48557,58.06838],[-154.53736,58.05055],[-154.5366,58.02079],[-154.48416,58.00886],[-154.43242,58.02666],[-154.43307,58.05641],[-154.48557,58.06838]]]},"properties":{"cell":"860ced497ffffff","res":6,"coarsened":true,"count":11,"hv":11,"mp":0,"y0":null,"y1":null,"sp":[[1,11,11,0,null,null]]}},{"type":"Feature","geometry":{"type":"Polygon","coordinates":[[[-154.49986,58.04202],[-154.50196,58.04069],[-154.50086,58.03923],[-154.49766,58.03911],[-154.49556,58.04044],[-154.49666,58.0419],[-154.49986,58.04202]]]},"properties":{"cell":"890ced49053ffff","res":9,"coarsened":false,"count":6,"hv":6,"mp":0,"y0":null,"y1":null,"sp":[[34,2,2,0,null,null],[146,1,1,0,null,null],[20,1,1,0,null,null],[140,1,1,0,null,null],[155,1,1,0,null,null]]}},{"type":"Feature","geometry":{"type":"Polygon","coordinates":[[[-154.49418,58.07155],[-154.49628,58.07021],[-154.49518,58.06875],[-154.49197,58.06863],[-154.48987,58.06996],[-154.49097,58.07142],[-154.49418,58.07155]]]},"properties":{"cell":"890ce8949a3ffff","res":9,"coarsened":false,"count":17,"hv":17,"mp":0,"y0":null,"y1":null,"sp":[[67,5,5,0,null,null],[145,3,3,0,null,null],[85,3,3,0,null,null],[146,2,2,0,null,null],[82,1,1,0,null,null],[114,1,1,0,null,null],[34,1,1,0,null,null],[20,1,1,0,null,null]]}},{"type":"Feature","geometry":{"type":"Polygon","coordinates":[[[-154.46902,58.18257],[-154.47113,58.18123],[-154.47002,58.17977],[-154.46681,58.17965],[-154.4647,58.18098],[-154.46581,58.18244],[-154.46902,58.18257]]]},"properties":{"cell":"890ced59677ffff","res":9,"coarsened":false,"count":27,"hv":27,"mp":0,"y0":null,"y1":null,"sp":[[82,8,8,0,null,null],[108,5,5,0,null,null],[34,3,3,0,null,null],[67,3,3,0,null,null],[85,2,2,0,null,null],[156,1,1,0,null,null],[145,1,1,0,null,null],[20,1,1,0,null,null],[60,1,1,0,null,null],[151,1,1,0,null,null],[148,1,1,0,null,null]]}},{"type":"Feature","geometry":{"type":"Polygon","coordinates":[[[-154.4621,58.16102],[-154.46421,58.15968],[-154.46311,58.15822],[-154.4599,58.15809],[-154.45779,58.15943],[-154.45889,58.16089],[-154.4621,58.16102]]]},"properties":{"cell":"890ced59227ffff","res":9,"coarsened":false,"count":17,"hv":17,"mp":0,"y0":null,"y1":null,"sp":[[67,3,3,0,null,null],[20,2,2,0,null,null],[146,2,2,0,null,null],[82,2,2,0,null,null],[117,1,1,0,null,null],[60,1,1,0,null,null],[108,1,1,0,null,null],[144,1,1,0,null,null],[156,1,1,0,null,null],[34,1,1,0,null,null],[149,1,1,0,null,null],[150,1,1,0,null,null]]}},{"type":"Feature","geometry":{"type":"Polygon","coordinates":[[[-154.44916,58.06129],[-154.45127,58.05996],[-154.45017,58.0585],[-154.44697,58.05838],[-154.44487,58.05971],[-154.44596,58.06117],[-154.44916,58.06129]]]},"properties":{"cell":"890ced4b363ffff","res":9,"coarsened":false,"count":3,"hv":3,"mp":0,"y0":null,"y1":null,"sp":[[145,1,1,0,null,null],[149,1,1,0,null,null],[67,1,1,0,null,null]]}},{"type":"Feature","geometry":{"type":"Polygon","coordinates":[[[-154.4317,58.0422],[-154.4338,58.04087],[-154.4327,58.03941],[-154.4295,58.03928],[-154.4274,58.04062],[-154.4285,58.04208],[-154.4317,58.0422]]]},"properties":{"cell":"890ced482cbffff","res":9,"coarsened":false,"count":14,"hv":14,"mp":0,"y0":null,"y1":null,"sp":[[34,8,8,0,null,null],[67,2,2,0,null,null],[20,2,2,0,null,null],[155,1,1,0,null,null],[145,1,1,0,null,null]]}},{"type":"Feature","geometry":{"type":"Polygon","coordinates":[[[-154.43125,58.07051],[-154.43335,58.06917],[-154.43225,58.06771],[-154.42905,58.06759],[-154.42695,58.06892],[-154.42805,58.07038],[-154.43125,58.07051]]]},"properties":{"cell":"890ced4b3bbffff","res":9,"coarsened":false,"count":56,"hv":56,"mp":0,"y0":null,"y1":null,"sp":[[34,29,29,0,null,null],[146,5,5,0,null,null],[67,5,5,0,null,null],[108,3,3,0,null,null],[149,2,2,0,null,null],[102,2,2,0,null,null],[145,2,2,0,null,null],[155,2,2,0,null,null],[144,1,1,0,null,null],[85,1,1,0,null,null],[20,1,1,0,null,null],[156,1,1,0,null,null],[56,1,1,0,null,null],[153,1,1,0,null,null]]}},{"type":"Feature","geometry":{"type":"Polygon","coordinates":[[[-154.43253,58.08047],[-154.43464,58.07914],[-154.43354,58.07768],[-154.43034,58.07755],[-154.42823,58.07889],[-154.42933,58.08035],[-154.43253,58.08047]]]},"properties":{"cell":"890ced4b02bffff","res":9,"coarsened":false,"count":49,"hv":49,"mp":0,"y0":null,"y1":null,"sp":[[34,29,29,0,null,null],[67,7,7,0,null,null],[146,4,4,0,null,null],[102,3,3,0,null,null],[153,2,2,0,null,null],[145,1,1,0,null,null],[85,1,1,0,null,null],[156,1,1,0,null,null],[11,1,1,0,null,null]]}},{"type":"Feature","geometry":{"type":"Polygon","coordinates":[[[-154.42192,58.08289],[-154.42402,58.08155],[-154.42293,58.0801],[-154.41972,58.07997],[-154.41762,58.0813],[-154.41872,58.08276],[-154.42192,58.08289]]]},"properties":{"cell":"890ced4b037ffff","res":9,"coarsened":false,"count":26,"hv":26,"mp":0,"y0":null,"y1":null,"sp":[[146,10,10,0,null,null],[67,6,6,0,null,null],[34,4,4,0,null,null],[145,2,2,0,null,null],[149,1,1,0,null,null],[156,1,1,0,null,null],[150,1,1,0,null,null],[3,1,1,0,null,null]]}},{"type":"Feature","geometry":{"type":"Polygon","coordinates":[[[-154.41379,58.05141],[-154.41589,58.05008],[-154.4148,58.04862],[-154.4116,58.04849],[-154.4095,58.04982],[-154.41059,58.05128],[-154.41379,58.05141]]]},"properties":{"cell":"890ced48677ffff","res":9,"coarsened":false,"count":22,"hv":22,"mp":0,"y0":null,"y1":null,"sp":[[34,9,9,0,null,null],[149,3,3,0,null,null],[20,3,3,0,null,null],[67,3,3,0,null,null],[150,2,2,0,null,null],[155,1,1,0,null,null],[146,1,1,0,null,null]]}},{"type":"Feature","geometry":{"type":"Polygon","coordinates":[[[-154.33979,58.08105],[-154.3419,58.07971],[-154.3408,58.07825],[-154.3376,58.07813],[-154.3355,58.07946],[-154.33659,58.08092],[-154.33979,58.08105]]]},"properties":{"cell":"890ced4a3d7ffff","res":9,"coarsened":false,"count":24,"hv":24,"mp":0,"y0":null,"y1":null,"sp":[[146,9,9,0,null,null],[34,5,5,0,null,null],[149,2,2,0,null,null],[150,2,2,0,null,null],[67,1,1,0,null,null],[156,1,1,0,null,null],[155,1,1,0,null,null],[144,1,1,0,null,null],[20,1,1,0,null,null],[11,1,1,0,null,null]]}},{"type":"Feature","geometry":{"type":"Polygon","coordinates":[[[-154.33019,58.08066],[-154.3323,58.07933],[-154.3312,58.07787],[-154.328,58.07774],[-154.3259,58.07907],[-154.32699,58.08053],[-154.33019,58.08066]]]},"properties":{"cell":"890ced4a383ffff","res":9,"coarsened":false,"count":6,"hv":6,"mp":0,"y0":null,"y1":null,"sp":[[67,2,2,0,null,null],[34,2,2,0,null,null],[85,1,1,0,null,null],[149,1,1,0,null,null]]}},{"type":"Feature","geometry":{"type":"Polygon","coordinates":[[[-154.32364,58.0719],[-154.32574,58.07057],[-154.32465,58.06911],[-154.32145,58.06898],[-154.31935,58.07031],[-154.32044,58.07177],[-154.32364,58.0719]]]},"properties":{"cell":"890ced4a3afffff","res":9,"coarsened":false,"count":24,"hv":24,"mp":0,"y0":null,"y1":null,"sp":[[67,8,8,0,null,null],[34,4,4,0,null,null],[150,2,2,0,null,null],[11,2,2,0,null,null],[108,2,2,0,null,null],[146,1,1,0,null,null],[102,1,1,0,null,null],[20,1,1,0,null,null],[85,1,1,0,null,null],[145,1,1,0,null,null],[68,1,1,0,null,null]]}},{"type":"Feature","geometry":{"type":"Polygon","coordinates":[[[-154.28265,58.17088],[-154.28476,58.16955],[-154.28367,58.16809],[-154.28046,58.16796],[-154.27835,58.16929],[-154.27944,58.17075],[-154.28265,58.17088]]]},"properties":{"cell":"890ced581a7ffff","res":9,"coarsened":false,"count":11,"hv":11,"mp":0,"y0":null,"y1":null,"sp":[[151,3,3,0,null,null],[34,2,2,0,null,null],[67,2,2,0,null,null],[108,1,1,0,null,null],[95,1,1,0,null,null],[3,1,1,0,null,null],[146,1,1,0,null,null]]}},{"type":"Feature","geometry":{"type":"Polygon","coordinates":[[[-154.27302,58.17049],[-154.27514,58.16916],[-154.27404,58.1677],[-154.27083,58.16757],[-154.26872,58.1689],[-154.26981,58.17036],[-154.27302,58.17049]]]},"properties":{"cell":"890ced5aa6fffff","res":9,"coarsened":false,"count":15,"hv":15,"mp":0,"y0":null,"y1":null,"sp":[[34,4,4,0,null,null],[67,3,3,0,null,null],[146,3,3,0,null,null],[108,1,1,0,null,null],[149,1,1,0,null,null],[151,1,1,0,null,null],[156,1,1,0,null,null],[153,1,1,0,null,null]]}},{"type":"Feature","geometry":{"type":"Polygon","coordinates":[[[-154.27282,58.29117],[-154.27495,58.28983],[-154.27385,58.28837],[-154.27063,58.28824],[-154.2685,58.28957],[-154.2696,58.29104],[-154.27282,58.29117]]]},"properties":{"cell":"890cec24e53ffff","res":9,"coarsened":false,"count":17,"hv":17,"mp":0,"y0":null,"y1":null,"sp":[[149,4,4,0,null,null],[82,4,4,0,null,null],[146,3,3,0,null,null],[78,1,1,0,null,null],[67,1,1,0,null,null],[34,1,1,0,null,null],[3,1,1,0,null,null],[152,1,1,0,null,null],[151,1,1,0,null,null]]}},{"type":"Feature","geometry":{"type":"Polygon","coordinates":[[[-154.26217,58.16012],[-154.26428,58.15879],[-154.26319,58.15733],[-154.25998,58.1572],[-154.25787,58.15853],[-154.25896,58.15999],[-154.26217,58.16012]]]},"properties":{"cell":"890ced58cabffff","res":9,"coarsened":false,"count":14,"hv":14,"mp":0,"y0":null,"y1":null,"sp":[[145,3,3,0,null,null],[67,3,3,0,null,null],[149,2,2,0,null,null],[146,2,2,0,null,null],[150,2,2,0,null,null],[85,1,1,0,null,null],[20,1,1,0,null,null]]}},{"type":"Feature","geometry":{"type":"Polygon","coordinates":[[[-154.25074,58.11145],[-154.25285,58.11012],[-154.25176,58.10866],[-154.24856,58.10853],[-154.24645,58.10986],[-154.24753,58.11132],[-154.25074,58.11145]]]},"properties":{"cell":"890ced41617ffff","res":9,"coarsened":false,"count":12,"hv":12,"mp":0,"y0":null,"y1":null,"sp":[[147,5,5,0,null,null],[34,2,2,0,null,null],[102,2,2,0,null,null],[20,2,2,0,null,null],[98,1,1,0,null,null]]}},{"type":"Feature","geometry":{"type":"Polygon","coordinates":[[[-154.24235,58.12103],[-154.24446,58.1197],[-154.24337,58.11824],[-154.24017,58.11811],[-154.23806,58.11944],[-154.23914,58.1209],[-154.24235,58.12103]]]},"properties":{"cell":"890ced5892fffff","res":9,"coarsened":false,"count":5,"hv":5,"mp":0,"y0":null,"y1":null,"sp":[[147,3,3,0,null,null],[34,1,1,0,null,null],[20,1,1,0,null,null]]}},{"type":"Feature","geometry":{"type":"Polygon","coordinates":[[[-154.22985,58.14178],[-154.23196,58.14045],[-154.23087,58.13899],[-154.22767,58.13886],[-154.22555,58.14019],[-154.22664,58.14165],[-154.22985,58.14178]]]},"properties":{"cell":"890ced58d27ffff","res":9,"coarsened":false,"count":28,"hv":28,"mp":0,"y0":null,"y1":null,"sp":[[34,9,9,0,null,null],[20,6,6,0,null,null],[147,4,4,0,null,null],[140,3,3,0,null,null],[146,1,1,0,null,null],[85,1,1,0,null,null],[67,1,1,0,null,null],[3,1,1,0,null,null],[145,1,1,0,null,null],[151,1,1,0,null,null]]}},{"type":"Feature","geometry":{"type":"Polygon","coordinates":[[[-154.21981,58.262],[-154.22193,58.26066],[-154.22084,58.2592],[-154.21762,58.25907],[-154.2155,58.2604],[-154.21659,58.26186],[-154.21981,58.262]]]},"properties":{"cell":"890cec24bb3ffff","res":9,"coarsened":false,"count":3,"hv":3,"mp":0,"y0":null,"y1":null,"sp":[[146,1,1,0,null,null],[144,1,1,0,null,null],[34,1,1,0,null,null]]}},{"type":"Feature","geometry":{"type":"Polygon","coordinates":[[[-154.22157,58.31038],[-154.2237,58.30905],[-154.2226,58.30758],[-154.21938,58.30745],[-154.21725,58.30878],[-154.21835,58.31025],[-154.22157,58.31038]]]},"properties":{"cell":"890cec26a63ffff","res":9,"coarsened":false,"count":9,"hv":9,"mp":0,"y0":null,"y1":null,"sp":[[34,4,4,0,null,null],[147,2,2,0,null,null],[146,1,1,0,null,null],[68,1,1,0,null,null],[195,1,1,0,null,null]]}},{"type":"Feature","geometry":{"type":"Polygon","coordinates":[[[-154.19929,58.25121],[-154.20141,58.24987],[-154.20032,58.24841],[-154.19711,58.24828],[-154.19498,58.24961],[-154.19607,58.25107],[-154.19929,58.25121]]]},"properties":{"cell":"890ced5168fffff","res":9,"coarsened":false,"count":9,"hv":9,"mp":0,"y0":null,"y1":null,"sp":[[96,2,2,0,null,null],[11,2,2,0,null,null],[67,2,2,0,null,null],[164,2,2,0,null,null],[34,1,1,0,null,null]]}},{"type":"Feature","geometry":{"type":"Polygon","coordinates":[[[-154.19152,58.31198],[-154.19365,58.31065],[-154.19255,58.30918],[-154.18933,58.30905],[-154.1872,58.31038],[-154.18829,58.31185],[-154.19152,58.31198]]]},"properties":{"cell":"890cec26bc3ffff","res":9,"coarsened":false,"count":14,"hv":14,"mp":0,"y0":null,"y1":null,"sp":[[67,4,4,0,null,null],[82,2,2,0,null,null],[150,2,2,0,null,null],[11,2,2,0,null,null],[144,2,2,0,null,null],[114,1,1,0,null,null],[148,1,1,0,null,null]]}},{"type":"Feature","geometry":{"type":"Polygon","coordinates":[[[-154.18185,58.31158],[-154.18398,58.31025],[-154.18288,58.30878],[-154.17966,58.30865],[-154.17753,58.30998],[-154.17862,58.31144],[-154.18185,58.31158]]]},"properties":{"cell":"890cec26b8bffff","res":9,"coarsened":false,"count":9,"hv":9,"mp":0,"y0":null,"y1":null,"sp":[[67,3,3,0,null,null],[82,2,2,0,null,null],[144,1,1,0,null,null],[85,1,1,0,null,null],[152,1,1,0,null,null],[150,1,1,0,null,null]]}},{"type":"Feature","geometry":{"type":"Polygon","coordinates":[[[-154.1801,58.34279],[-154.18223,58.34145],[-154.18114,58.33999],[-154.17791,58.33985],[-154.17578,58.34118],[-154.17687,58.34265],[-154.1801,58.34279]]]},"properties":{"cell":"890cec26c47ffff","res":9,"coarsened":false,"count":10,"hv":10,"mp":0,"y0":null,"y1":null,"sp":[[108,3,3,0,null,null],[82,2,2,0,null,null],[85,2,2,0,null,null],[150,1,1,0,null,null],[145,1,1,0,null,null],[144,1,1,0,null,null]]}},{"type":"Feature","geometry":{"type":"Polygon","coordinates":[[[-154.16023,58.21125],[-154.16235,58.20992],[-154.16126,58.20846],[-154.15805,58.20832],[-154.15593,58.20965],[-154.15702,58.21112],[-154.16023,58.21125]]]},"properties":{"cell":"890ced51ec3ffff","res":9,"coarsened":false,"count":34,"hv":34,"mp":0,"y0":null,"y1":null,"sp":[[34,15,15,0,null,null],[20,12,12,0,null,null],[67,3,3,0,null,null],[144,2,2,0,null,null],[150,1,1,0,null,null],[146,1,1,0,null,null]]}},{"type":"Feature","geometry":{"type":"Polygon","coordinates":[[[-154.15225,58.35158],[-154.15438,58.35025],[-154.15329,58.34878],[-154.15006,58.34864],[-154.14793,58.34998],[-154.14902,58.35144],[-154.15225,58.35158]]]},"properties":{"cell":"890cedc934bffff","res":9,"coarsened":false,"count":3,"hv":3,"mp":0,"y0":null,"y1":null,"sp":[[146,1,1,0,null,null],[34,1,1,0,null,null],[82,1,1,0,null,null]]}},{"type":"Feature","geometry":{"type":"Polygon","coordinates":[[[-154.13978,58.20046],[-154.1419,58.19913],[-154.14081,58.19767],[-154.1376,58.19754],[-154.13548,58.19887],[-154.13657,58.20033],[-154.13978,58.20046]]]},"properties":{"cell":"890ced51e37ffff","res":9,"coarsened":false,"count":33,"hv":33,"mp":0,"y0":null,"y1":null,"sp":[[34,17,17,0,null,null],[149,6,6,0,null,null],[155,4,4,0,null,null],[150,2,2,0,null,null],[146,1,1,0,null,null],[5,1,1,0,null,null],[108,1,1,0,null,null],[20,1,1,0,null,null]]}},{"type":"Feature","geometry":{"type":"Polygon","coordinates":[[[-154.14214,58.22043],[-154.14427,58.2191],[-154.14318,58.21764],[-154.13997,58.2175],[-154.13784,58.21883],[-154.13893,58.2203],[-154.14214,58.22043]]]},"properties":{"cell":"890ced5113bffff","res":9,"coarsened":false,"count":55,"hv":55,"mp":0,"y0":null,"y1":null,"sp":[[34,19,19,0,null,null],[149,10,10,0,null,null],[67,8,8,0,null,null],[146,4,4,0,null,null],[155,4,4,0,null,null],[20,3,3,0,null,null],[3,3,3,0,null,null],[144,1,1,0,null,null],[150,1,1,0,null,null],[156,1,1,0,null,null],[11,1,1,0,null,null]]}},{"type":"Feature","geometry":{"type":"Polygon","coordinates":[[[-154.12279,58.31195],[-154.17518,58.29425],[-154.17481,58.26439],[-154.12215,58.25225],[-154.06981,58.26992],[-154.07008,58.29977],[-154.12279,58.31195]]]},"properties":{"cell":"860ced537ffffff","res":6,"coarsened":true,"count":17,"hv":17,"mp":0,"y0":null,"y1":null,"sp":[[1,15,15,0,null,null],[154,2,2,0,null,null]]}},{"type":"Feature","geometry":{"type":"Polygon","coordinates":[[[-154.12202,58.34035],[-154.12416,58.33902],[-154.12307,58.33755],[-154.11984,58.33742],[-154.1177,58.33875],[-154.11879,58.34022],[-154.12202,58.34035]]]},"properties":{"cell":"890cedc9e4bffff","res":9,"coarsened":false,"count":47,"hv":47,"mp":0,"y0":null,"y1":null,"sp":[[34,17,17,0,null,null],[20,9,9,0,null,null],[85,6,6,0,null,null],[150,4,4,0,null,null],[67,3,3,0,null,null],[148,2,2,0,null,null],[146,2,2,0,null,null],[5,1,1,0,null,null],[145,1,1,0,null,null],[151,1,1,0,null,null],[98,1,1,0,null,null]]}},{"type":"Feature","geometry":{"type":"Polygon","coordinates":[[[-154.03006,58.40189],[-154.03221,58.40055],[-154.03112,58.39908],[-154.02789,58.39894],[-154.02575,58.40028],[-154.02683,58.40175],[-154.03006,58.40189]]]},"properties":{"cell":"890cedcb127ffff","res":9,"coarsened":false,"count":10,"hv":10,"mp":0,"y0":null,"y1":null,"sp":[[67,3,3,0,null,null],[34,2,2,0,null,null],[139,2,2,0,null,null],[150,1,1,0,null,null],[60,1,1,0,null,null],[11,1,1,0,null,null]]}},{"type":"Feature","geometry":{"type":"Polygon","coordinates":[[[-154.5515,58.10209],[-154.5536,58.10076],[-154.55249,58.0993],[-154.54929,58.09918],[-154.54719,58.10051],[-154.54829,58.10197],[-154.5515,58.10209]]]},"properties":{"cell":"890ce894c5bffff","res":9,"coarsened":false,"count":8,"hv":8,"mp":0,"y0":null,"y1":null,"sp":[[144,4,4,0,null,null],[146,2,2,0,null,null],[85,1,1,0,null,null],[67,1,1,0,null,null]]}},{"type":"Feature","geometry":{"type":"Polygon","coordinates":[[[-154.47032,58.19256],[-154.47243,58.19122],[-154.47133,58.18976],[-154.46811,58.18963],[-154.466,58.19097],[-154.46711,58.19243],[-154.47032,58.19256]]]},"properties":{"cell":"890ced596c7ffff","res":9,"coarsened":false,"count":2,"hv":2,"mp":0,"y0":null,"y1":null,"sp":[[82,1,1,0,null,null],[67,1,1,0,null,null]]}},{"type":"Feature","geometry":{"type":"Polygon","coordinates":[[[-154.43298,58.05216],[-154.43508,58.05083],[-154.43398,58.04937],[-154.43079,58.04924],[-154.42868,58.05058],[-154.42978,58.05204],[-154.43298,58.05216]]]},"properties":{"cell":"890ced495b3ffff","res":9,"coarsened":false,"count":19,"hv":19,"mp":0,"y0":null,"y1":null,"sp":[[34,7,7,0,null,null],[20,5,5,0,null,null],[67,4,4,0,null,null],[149,1,1,0,null,null],[11,1,1,0,null,null],[157,1,1,0,null,null]]}},{"type":"Feature","geometry":{"type":"Polygon","coordinates":[[[-154.42917,58.17107],[-154.43128,58.16974],[-154.43017,58.16827],[-154.42696,58.16815],[-154.42485,58.16948],[-154.42595,58.17095],[-154.42917,58.17107]]]},"properties":{"cell":"890ced59023ffff","res":9,"coarsened":false,"count":5,"hv":5,"mp":0,"y0":null,"y1":null,"sp":[[144,3,3,0,null,null],[151,2,2,0,null,null]]}},{"type":"Feature","geometry":{"type":"Polygon","coordinates":[[[-154.32987,58.12174],[-154.38182,58.10397],[-154.38123,58.0742],[-154.32879,58.06219],[-154.27689,58.07993],[-154.27737,58.1097],[-154.32987,58.12174]]]},"properties":{"cell":"860ced4a7ffffff","res":6,"coarsened":true,"count":6,"hv":6,"mp":0,"y0":null,"y1":null,"sp":[[1,6,6,0,null,null]]}},{"type":"Feature","geometry":{"type":"Polygon","coordinates":[[[-154.30037,58.0823],[-154.30248,58.08096],[-154.30139,58.0795],[-154.29819,58.07937],[-154.29608,58.08071],[-154.29718,58.08217],[-154.30037,58.0823]]]},"properties":{"cell":"890ced4a103ffff","res":9,"coarsened":false,"count":21,"hv":21,"mp":0,"y0":null,"y1":null,"sp":[[34,8,8,0,null,null],[20,4,4,0,null,null],[11,2,2,0,null,null],[67,2,2,0,null,null],[149,2,2,0,null,null],[146,1,1,0,null,null],[78,1,1,0,null,null],[140,1,1,0,null,null]]}},{"type":"Feature","geometry":{"type":"Polygon","coordinates":[[[-154.28364,58.10145],[-154.28575,58.10012],[-154.28466,58.09866],[-154.28146,58.09853],[-154.27935,58.09986],[-154.28044,58.10132],[-154.28364,58.10145]]]},"properties":{"cell":"890ced4a5abffff","res":9,"coarsened":false,"count":2,"hv":2,"mp":0,"y0":null,"y1":null,"sp":[[20,2,2,0,null,null]]}},{"type":"Feature","geometry":{"type":"Polygon","coordinates":[[[-154.2503,58.15255],[-154.25241,58.15121],[-154.25132,58.14975],[-154.24812,58.14962],[-154.246,58.15095],[-154.24709,58.15241],[-154.2503,58.15255]]]},"properties":{"cell":"890ced58dcfffff","res":9,"coarsened":false,"count":13,"hv":13,"mp":0,"y0":null,"y1":null,"sp":[[145,3,3,0,null,null],[20,2,2,0,null,null],[146,2,2,0,null,null],[156,2,2,0,null,null],[85,2,2,0,null,null],[67,1,1,0,null,null],[150,1,1,0,null,null]]}},{"type":"Feature","geometry":{"type":"Polygon","coordinates":[[[-154.23106,58.15176],[-154.23318,58.15043],[-154.23209,58.14896],[-154.22888,58.14883],[-154.22676,58.15016],[-154.22785,58.15163],[-154.23106,58.15176]]]},"properties":{"cell":"890ced58dbbffff","res":9,"coarsened":false,"count":12,"hv":12,"mp":0,"y0":null,"y1":null,"sp":[[20,5,5,0,null,null],[67,2,2,0,null,null],[34,2,2,0,null,null],[151,1,1,0,null,null],[147,1,1,0,null,null],[146,1,1,0,null,null]]}},{"type":"Feature","geometry":{"type":"Polygon","coordinates":[[[-154.22023,58.14139],[-154.22235,58.14006],[-154.22126,58.1386],[-154.21805,58.13846],[-154.21594,58.13979],[-154.21703,58.14126],[-154.22023,58.14139]]]},"properties":{"cell":"890ced432cfffff","res":9,"coarsened":false,"count":7,"hv":7,"mp":0,"y0":null,"y1":null,"sp":[[140,3,3,0,null,null],[34,3,3,0,null,null],[144,1,1,0,null,null]]}},{"type":"Feature","geometry":{"type":"Polygon","coordinates":[[[-154.15059,58.21085],[-154.15272,58.20952],[-154.15163,58.20806],[-154.14842,58.20792],[-154.14629,58.20925],[-154.14738,58.21072],[-154.15059,58.21085]]]},"properties":{"cell":"890ced51e8bffff","res":9,"coarsened":false,"count":7,"hv":7,"mp":0,"y0":null,"y1":null,"sp":[[34,4,4,0,null,null],[150,2,2,0,null,null],[108,1,1,0,null,null]]}},{"type":"Feature","geometry":{"type":"Polygon","coordinates":[[[-154.14138,58.34117],[-154.14351,58.33983],[-154.14242,58.33837],[-154.13919,58.33823],[-154.13706,58.33956],[-154.13815,58.34103],[-154.14138,58.34117]]]},"properties":{"cell":"890cec26dd7ffff","res":9,"coarsened":false,"count":7,"hv":7,"mp":0,"y0":null,"y1":null,"sp":[[34,2,2,0,null,null],[108,1,1,0,null,null],[82,1,1,0,null,null],[149,1,1,0,null,null],[67,1,1,0,null,null],[11,1,1,0,null,null]]}},{"type":"Feature","geometry":{"type":"Polygon","coordinates":[[[-154.1317,58.34076],[-154.13383,58.33943],[-154.13274,58.33796],[-154.12952,58.33782],[-154.12738,58.33916],[-154.12847,58.34062],[-154.1317,58.34076]]]},"properties":{"cell":"890cec26d83ffff","res":9,"coarsened":false,"count":24,"hv":24,"mp":0,"y0":null,"y1":null,"sp":[[34,10,10,0,null,null],[85,6,6,0,null,null],[67,2,2,0,null,null],[82,2,2,0,null,null],[146,1,1,0,null,null],[148,1,1,0,null,null],[153,1,1,0,null,null],[20,1,1,0,null,null]]}},{"type":"Feature","geometry":{"type":"Polygon","coordinates":[[[-154.12224,58.26078],[-154.12437,58.25944],[-154.12328,58.25798],[-154.12007,58.25784],[-154.11794,58.25917],[-154.11902,58.26064],[-154.12224,58.26078]]]},"properties":{"cell":"890ced53333ffff","res":9,"coarsened":false,"count":12,"hv":12,"mp":0,"y0":null,"y1":null,"sp":[[67,4,4,0,null,null],[34,3,3,0,null,null],[20,1,1,0,null,null],[5,1,1,0,null,null],[149,1,1,0,null,null],[153,1,1,0,null,null],[151,1,1,0,null,null]]}},{"type":"Feature","geometry":{"type":"Polygon","coordinates":[[[-154.11259,58.26037],[-154.11472,58.25904],[-154.11363,58.25757],[-154.11042,58.25744],[-154.10829,58.25877],[-154.10938,58.26023],[-154.11259,58.26037]]]},"properties":{"cell":"890ced506dbffff","res":9,"coarsened":false,"count":13,"hv":13,"mp":0,"y0":null,"y1":null,"sp":[[34,5,5,0,null,null],[67,4,4,0,null,null],[20,2,2,0,null,null],[153,1,1,0,null,null],[149,1,1,0,null,null]]}},{"type":"Feature","geometry":{"type":"Polygon","coordinates":[[[-154.10162,58.34234],[-154.10376,58.341],[-154.10267,58.33954],[-154.09944,58.3394],[-154.09731,58.34073],[-154.09839,58.3422],[-154.10162,58.34234]]]},"properties":{"cell":"890cedc9e03ffff","res":9,"coarsened":false,"count":13,"hv":13,"mp":0,"y0":null,"y1":null,"sp":[[20,2,2,0,null,null],[85,2,2,0,null,null],[146,2,2,0,null,null],[34,2,2,0,null,null],[150,1,1,0,null,null],[149,1,1,0,null,null],[108,1,1,0,null,null],[181,1,1,0,null,null],[12,1,1,0,null,null]]}},{"type":"Feature","geometry":{"type":"Polygon","coordinates":[[[-154.04207,58.42233],[-154.04421,58.421],[-154.04312,58.41953],[-154.03989,58.41939],[-154.03775,58.42072],[-154.03884,58.42219],[-154.04207,58.42233]]]},"properties":{"cell":"890cedcb563ffff","res":9,"coarsened":false,"count":10,"hv":10,"mp":0,"y0":null,"y1":null,"sp":[[34,4,4,0,null,null],[20,3,3,0,null,null],[98,2,2,0,null,null],[146,1,1,0,null,null]]}},{"type":"Feature","geometry":{"type":"Polygon","coordinates":[[[-154.50117,58.05199],[-154.50326,58.05065],[-154.50216,58.04919],[-154.49896,58.04907],[-154.49687,58.0504],[-154.49797,58.05186],[-154.50117,58.05199]]]},"properties":{"cell":"890ced496a3ffff","res":9,"coarsened":false,"count":8,"hv":8,"mp":0,"y0":null,"y1":null,"sp":[[149,3,3,0,null,null],[34,2,2,0,null,null],[98,1,1,0,null,null],[146,1,1,0,null,null],[67,1,1,0,null,null]]}},{"type":"Feature","geometry":{"type":"Polygon","coordinates":[[[-154.48327,58.06121],[-154.48537,58.05987],[-154.48427,58.05841],[-154.48107,58.05829],[-154.47897,58.05962],[-154.48007,58.06108],[-154.48327,58.06121]]]},"properties":{"cell":"890ced4941bffff","res":9,"coarsened":false,"count":11,"hv":11,"mp":0,"y0":null,"y1":null,"sp":[[67,5,5,0,null,null],[146,1,1,0,null,null],[114,1,1,0,null,null],[156,1,1,0,null,null],[34,1,1,0,null,null],[85,1,1,0,null,null],[150,1,1,0,null,null]]}},{"type":"Feature","geometry":{"type":"Polygon","coordinates":[[[-154.45174,58.08123],[-154.45385,58.07989],[-154.45275,58.07843],[-154.44955,58.07831],[-154.44744,58.07964],[-154.44854,58.0811],[-154.45174,58.08123]]]},"properties":{"cell":"890ced4b2b7ffff","res":9,"coarsened":false,"count":10,"hv":10,"mp":0,"y0":null,"y1":null,"sp":[[34,4,4,0,null,null],[67,3,3,0,null,null],[20,2,2,0,null,null],[144,1,1,0,null,null]]}},{"type":"Feature","geometry":{"type":"Polygon","coordinates":[[[-154.26995,58.11224],[-154.27206,58.1109],[-154.27097,58.10944],[-154.26777,58.10931],[-154.26566,58.11064],[-154.26675,58.1121],[-154.26995,58.11224]]]},"properties":{"cell":"890ced41653ffff","res":9,"coarsened":false,"count":3,"hv":3,"mp":0,"y0":null,"y1":null,"sp":[[102,1,1,0,null,null],[100,1,1,0,null,null],[20,1,1,0,null,null]]}},{"type":"Feature","geometry":{"type":"Polygon","coordinates":[[[-154.24068,58.15215],[-154.24279,58.15082],[-154.2417,58.14936],[-154.2385,58.14923],[-154.23638,58.15056],[-154.23747,58.15202],[-154.24068,58.15215]]]},"properties":{"cell":"890ced58d13ffff","res":9,"coarsened":false,"count":12,"hv":12,"mp":0,"y0":null,"y1":null,"sp":[[151,5,5,0,null,null],[149,2,2,0,null,null],[34,1,1,0,null,null],[67,1,1,0,null,null],[146,1,1,0,null,null],[145,1,1,0,null,null],[20,1,1,0,null,null]]}},{"type":"Feature","geometry":{"type":"Polygon","coordinates":[[[-154.17481,58.26439],[-154.22709,58.24667],[-154.22666,58.21684],[-154.17406,58.20473],[-154.12183,58.22242],[-154.12215,58.25225],[-154.17481,58.26439]]]},"properties":{"cell":"860ced517ffffff","res":6,"coarsened":true,"count":6,"hv":6,"mp":0,"y0":null,"y1":null,"sp":[[1,6,6,0,null,null]]}},{"type":"Feature","geometry":{"type":"Polygon","coordinates":[[[-154.22796,58.30638],[-154.2803,58.28863],[-154.27981,58.25877],[-154.22709,58.24667],[-154.17481,58.26439],[-154.17518,58.29425],[-154.22796,58.30638]]]},"properties":{"cell":"860cec24fffffff","res":6,"coarsened":true,"count":4,"hv":4,"mp":0,"y0":null,"y1":null,"sp":[[1,4,4,0,null,null]]}},{"type":"Feature","geometry":{"type":"Polygon","coordinates":[[[-154.14941,58.20087],[-154.15153,58.19954],[-154.15044,58.19807],[-154.14723,58.19794],[-154.14511,58.19927],[-154.1462,58.20073],[-154.14941,58.20087]]]},"properties":{"cell":"890ced51e3bffff","res":9,"coarsened":false,"count":6,"hv":6,"mp":0,"y0":null,"y1":null,"sp":[[34,5,5,0,null,null],[67,1,1,0,null,null]]}},{"type":"Feature","geometry":{"type":"Polygon","coordinates":[[[-154.12376,58.40161],[-154.17632,58.38389],[-154.17594,58.35399],[-154.12311,58.34182],[-154.07061,58.35951],[-154.07087,58.3894],[-154.12376,58.40161]]]},"properties":{"cell":"860cedc97ffffff","res":6,"coarsened":true,"count":1,"hv":1,"mp":0,"y0":null,"y1":null,"sp":[[1,1,1,0,null,null]]}},{"type":"Feature","geometry":{"type":"Polygon","coordinates":[[[-154.13071,58.25119],[-154.13284,58.24986],[-154.13175,58.24839],[-154.12853,58.24826],[-154.12641,58.24959],[-154.12749,58.25105],[-154.13071,58.25119]]]},"properties":{"cell":"890ced51583ffff","res":9,"coarsened":false,"count":7,"hv":7,"mp":0,"y0":null,"y1":null,"sp":[[34,3,3,0,null,null],[147,3,3,0,null,null],[20,1,1,0,null,null]]}},{"type":"Feature","geometry":{"type":"Polygon","coordinates":[[[-154.11925,58.28196],[-154.12138,58.28063],[-154.12029,58.27916],[-154.11707,58.27902],[-154.11494,58.28036],[-154.11603,58.28182],[-154.11925,58.28196]]]},"properties":{"cell":"890ced53007ffff","res":9,"coarsened":false,"count":8,"hv":8,"mp":0,"y0":null,"y1":null,"sp":[[67,3,3,0,null,null],[85,2,2,0,null,null],[108,1,1,0,null,null],[11,1,1,0,null,null],[34,1,1,0,null,null]]}},{"type":"Feature","geometry":{"type":"Polygon","coordinates":[[[-154.07061,58.35951],[-154.12311,58.34182],[-154.12279,58.31195],[-154.07008,58.29977],[-154.01763,58.31743],[-154.01784,58.3473],[-154.07061,58.35951]]]},"properties":{"cell":"860cedc9fffffff","res":6,"coarsened":true,"count":5,"hv":5,"mp":0,"y0":null,"y1":null,"sp":[[1,5,5,0,null,null]]}},{"type":"Feature","geometry":{"type":"Polygon","coordinates":[[[-154.08912,58.27074],[-154.09125,58.26941],[-154.09016,58.26794],[-154.08694,58.26781],[-154.08481,58.26914],[-154.0859,58.27061],[-154.08912,58.27074]]]},"properties":{"cell":"890ced53107ffff","res":9,"coarsened":false,"count":16,"hv":16,"mp":0,"y0":null,"y1":null,"sp":[[34,7,7,0,null,null],[67,4,4,0,null,null],[117,2,2,0,null,null],[3,1,1,0,null,null],[11,1,1,0,null,null],[149,1,1,0,null,null]]}},{"type":"Feature","geometry":{"type":"Polygon","coordinates":[[[-153.9916,58.45149],[-153.99375,58.45015],[-153.99267,58.44868],[-153.98943,58.44854],[-153.98728,58.44987],[-153.98837,58.45134],[-153.9916,58.45149]]]},"properties":{"cell":"890cedd9977ffff","res":9,"coarsened":false,"count":61,"hv":61,"mp":0,"y0":null,"y1":null,"sp":[[34,46,46,0,null,null],[100,7,7,0,null,null],[102,4,4,0,null,null],[11,4,4,0,null,null]]}},{"type":"Feature","geometry":{"type":"Polygon","coordinates":[[[-153.99274,58.46151],[-153.99489,58.46017],[-153.99381,58.4587],[-153.99057,58.45856],[-153.98842,58.45989],[-153.98951,58.46137],[-153.99274,58.46151]]]},"properties":{"cell":"890cedd99c7ffff","res":9,"coarsened":false,"count":3,"hv":3,"mp":0,"y0":null,"y1":null,"sp":[[34,1,1,0,null,null],[100,1,1,0,null,null],[11,1,1,0,null,null]]}},{"type":"Feature","geometry":{"type":"Polygon","coordinates":[[[-154.23124,58.31078],[-154.23337,58.30945],[-154.23228,58.30798],[-154.22905,58.30785],[-154.22692,58.30918],[-154.22802,58.31065],[-154.23124,58.31078]]]},"properties":{"cell":"890cec241b7ffff","res":9,"coarsened":false,"count":8,"hv":8,"mp":0,"y0":null,"y1":null,"sp":[[34,5,5,0,null,null],[82,2,2,0,null,null],[147,1,1,0,null,null]]}},{"type":"Feature","geometry":{"type":"Polygon","coordinates":[[[-154.10842,58.27156],[-154.11055,58.27023],[-154.10946,58.26876],[-154.10625,58.26862],[-154.10412,58.26995],[-154.1052,58.27142],[-154.10842,58.27156]]]},"properties":{"cell":"890ced53143ffff","res":9,"coarsened":false,"count":2,"hv":2,"mp":0,"y0":null,"y1":null,"sp":[[67,2,2,0,null,null]]}},{"type":"Feature","geometry":{"type":"Polygon","coordinates":[[[-154.05061,58.41273],[-154.05275,58.4114],[-154.05167,58.40993],[-154.04843,58.40979],[-154.04629,58.41112],[-154.04738,58.41259],[-154.05061,58.41273]]]},"properties":{"cell":"890cedcb1cfffff","res":9,"coarsened":false,"count":3,"hv":3,"mp":0,"y0":null,"y1":null,"sp":[[108,1,1,0,null,null],[114,1,1,0,null,null],[145,1,1,0,null,null]]}},{"type":"Feature","geometry":{"type":"Polygon","coordinates":[[[-154.55282,58.07097],[-154.55492,58.06964],[-154.55381,58.06818],[-154.55061,58.06805],[-154.54851,58.06939],[-154.54962,58.07085],[-154.55282,58.07097]]]},"properties":{"cell":"890ce894bd3ffff","res":9,"coarsened":false,"count":1,"hv":1,"mp":0,"y0":null,"y1":null,"sp":[[146,1,1,0,null,null]]}},{"type":"Feature","geometry":{"type":"Polygon","coordinates":[[[-154.55283,58.11207],[-154.55493,58.11073],[-154.55382,58.10927],[-154.55061,58.10915],[-154.54851,58.11048],[-154.54962,58.11194],[-154.55283,58.11207]]]},"properties":{"cell":"890ce8941abffff","res":9,"coarsened":false,"count":5,"hv":5,"mp":0,"y0":null,"y1":null,"sp":[[82,2,2,0,null,null],[5,1,1,0,null,null],[148,1,1,0,null,null],[144,1,1,0,null,null]]}},{"type":"Feature","geometry":{"type":"Polygon","coordinates":[[[-154.26872,58.10227],[-154.27083,58.10093],[-154.26974,58.09947],[-154.26654,58.09934],[-154.26443,58.10067],[-154.26552,58.10214],[-154.26872,58.10227]]]},"properties":{"cell":"890ced4166bffff","res":9,"coarsened":false,"count":1,"hv":1,"mp":0,"y0":null,"y1":null,"sp":[[147,1,1,0,null,null]]}},{"type":"Feature","geometry":{"type":"Polygon","coordinates":[[[-154.26871,58.30237],[-154.27084,58.30104],[-154.26974,58.29957],[-154.26651,58.29944],[-154.26439,58.30077],[-154.26549,58.30224],[-154.26871,58.30237]]]},"properties":{"cell":"890cec243b7ffff","res":9,"coarsened":false,"count":7,"hv":7,"mp":0,"y0":null,"y1":null,"sp":[[34,3,3,0,null,null],[147,2,2,0,null,null],[3,1,1,0,null,null],[146,1,1,0,null,null]]}},{"type":"Feature","geometry":{"type":"Polygon","coordinates":[[[-154.24936,58.30158],[-154.25149,58.30024],[-154.2504,58.29878],[-154.24717,58.29864],[-154.24504,58.29998],[-154.24614,58.30145],[-154.24936,58.30158]]]},"properties":{"cell":"890cec2412bffff","res":9,"coarsened":false,"count":6,"hv":6,"mp":0,"y0":null,"y1":null,"sp":[[34,3,3,0,null,null],[146,1,1,0,null,null],[75,1,1,0,null,null],[170,1,1,0,null,null]]}},{"type":"Feature","geometry":{"type":"Polygon","coordinates":[[[-154.17042,58.34238],[-154.17255,58.34105],[-154.17146,58.33958],[-154.16823,58.33945],[-154.1661,58.34078],[-154.16719,58.34225],[-154.17042,58.34238]]]},"properties":{"cell":"890cec26c0fffff","res":9,"coarsened":false,"count":2,"hv":2,"mp":0,"y0":null,"y1":null,"sp":[[67,1,1,0,null,null],[150,1,1,0,null,null]]}},{"type":"Feature","geometry":{"type":"Polygon","coordinates":[[[-154.16085,58.26239],[-154.16297,58.26106],[-154.16188,58.25959],[-154.15867,58.25946],[-154.15654,58.26079],[-154.15763,58.26226],[-154.16085,58.26239]]]},"properties":{"cell":"890ced51483ffff","res":9,"coarsened":false,"count":2,"hv":2,"mp":0,"y0":null,"y1":null,"sp":[[145,1,1,0,null,null],[108,1,1,0,null,null]]}},{"type":"Feature","geometry":{"type":"Polygon","coordinates":[[[-154.03352,58.43193],[-154.03567,58.4306],[-154.03458,58.42913],[-154.03134,58.42899],[-154.0292,58.43032],[-154.03029,58.43179],[-154.03352,58.43193]]]},"properties":{"cell":"890cedcb513ffff","res":9,"coarsened":false,"count":5,"hv":5,"mp":0,"y0":null,"y1":null,"sp":[[146,2,2,0,null,null],[34,1,1,0,null,null],[20,1,1,0,null,null],[98,1,1,0,null,null]]}},{"type":"Feature","geometry":{"type":"Polygon","coordinates":[[[-154.59097,58.10077],[-154.59307,58.09943],[-154.59197,58.09797],[-154.58876,58.09785],[-154.58666,58.09919],[-154.58777,58.10065],[-154.59097,58.10077]]]},"properties":{"cell":"890ce894333ffff","res":9,"coarsened":false,"count":2,"hv":2,"mp":0,"y0":null,"y1":null,"sp":[[67,2,2,0,null,null]]}},{"type":"Feature","geometry":{"type":"Polygon","coordinates":[[[-154.25904,58.30197],[-154.26116,58.30064],[-154.26007,58.29917],[-154.25684,58.29904],[-154.25472,58.30038],[-154.25581,58.30184],[-154.25904,58.30197]]]},"properties":{"cell":"890cec24163ffff","res":9,"coarsened":false,"count":4,"hv":4,"mp":0,"y0":null,"y1":null,"sp":[[34,3,3,0,null,null],[146,1,1,0,null,null]]}},{"type":"Feature","geometry":{"type":"Polygon","coordinates":[[[-153.9819,58.45106],[-153.98405,58.44973],[-153.98296,58.44826],[-153.97972,58.44812],[-153.97757,58.44945],[-153.97866,58.45092],[-153.9819,58.45106]]]},"properties":{"cell":"890cedd9923ffff","res":9,"coarsened":false,"count":34,"hv":34,"mp":0,"y0":null,"y1":null,"sp":[[34,19,19,0,null,null],[100,6,6,0,null,null],[102,5,5,0,null,null],[11,4,4,0,null,null]]}},{"type":"Feature","geometry":{"type":"Polygon","coordinates":[[[-153.93021,58.47018],[-153.93237,58.46885],[-153.93128,58.46737],[-153.92804,58.46723],[-153.92589,58.46856],[-153.92698,58.47004],[-153.93021,58.47018]]]},"properties":{"cell":"890cedd884fffff","res":9,"coarsened":false,"count":10,"hv":10,"mp":0,"y0":null,"y1":null,"sp":[[34,4,4,0,null,null],[149,2,2,0,null,null],[98,2,2,0,null,null],[100,1,1,0,null,null],[102,1,1,0,null,null]]}},{"type":"Feature","geometry":{"type":"Polygon","coordinates":[[[-153.81042,58.60177],[-153.81259,58.60044],[-153.81151,58.59896],[-153.80826,58.59881],[-153.80609,58.60014],[-153.80717,58.60162],[-153.81042,58.60177]]]},"properties":{"cell":"890ceca49b7ffff","res":9,"coarsened":false,"count":7,"hv":7,"mp":0,"y0":null,"y1":null,"sp":[[34,5,5,0,null,null],[67,1,1,0,null,null],[144,1,1,0,null,null]]}},{"type":"Feature","geometry":{"type":"Polygon","coordinates":[[[-153.56147,58.59175],[-153.56365,58.59042],[-153.56258,58.58895],[-153.55934,58.58879],[-153.55716,58.59012],[-153.55823,58.5916],[-153.56147,58.59175]]]},"properties":{"cell":"890cedd2dc7ffff","res":9,"coarsened":false,"count":13,"hv":13,"mp":0,"y0":null,"y1":null,"sp":[[34,10,10,0,null,null],[146,3,3,0,null,null]]}},{"type":"Feature","geometry":{"type":"Polygon","coordinates":[[[-153.55272,58.60133],[-153.5549,58.6],[-153.55383,58.59853],[-153.55059,58.59837],[-153.54841,58.5997],[-153.54948,58.60118],[-153.55272,58.60133]]]},"properties":{"cell":"890c536d377ffff","res":9,"coarsened":false,"count":17,"hv":17,"mp":0,"y0":null,"y1":null,"sp":[[34,14,14,0,null,null],[63,2,2,0,null,null],[144,1,1,0,null,null]]}},{"type":"Feature","geometry":{"type":"Polygon","coordinates":[[[-153.54108,58.68076],[-153.54327,58.67943],[-153.5422,58.67795],[-153.53894,58.6778],[-153.53676,58.67912],[-153.53783,58.6806],[-153.54108,58.68076]]]},"properties":{"cell":"890c5368db3ffff","res":9,"coarsened":false,"count":14,"hv":14,"mp":0,"y0":null,"y1":null,"sp":[[34,6,6,0,null,null],[67,4,4,0,null,null],[3,1,1,0,null,null],[20,1,1,0,null,null],[156,1,1,0,null,null],[108,1,1,0,null,null]]}},{"type":"Feature","geometry":{"type":"Polygon","coordinates":[[[-153.52044,58.68264],[-153.52263,58.68131],[-153.52156,58.67983],[-153.51831,58.67968],[-153.51612,58.681],[-153.51719,58.68248],[-153.52044,58.68264]]]},"properties":{"cell":"890c536f60fffff","res":9,"coarsened":false,"count":11,"hv":11,"mp":0,"y0":null,"y1":null,"sp":[[34,5,5,0,null,null],[67,2,2,0,null,null],[3,1,1,0,null,null],[98,1,1,0,null,null],[108,1,1,0,null,null],[145,1,1,0,null,null]]}},{"type":"Feature","geometry":{"type":"Polygon","coordinates":[[[-153.3499,58.82177],[-153.3521,58.82044],[-153.35104,58.81896],[-153.34777,58.8188],[-153.34557,58.82012],[-153.34664,58.82161],[-153.3499,58.82177]]]},"properties":{"cell":"890c5362623ffff","res":9,"coarsened":false,"count":7,"hv":7,"mp":0,"y0":null,"y1":null,"sp":[[67,3,3,0,null,null],[34,2,2,0,null,null],[20,1,1,0,null,null],[145,1,1,0,null,null]]}},{"type":"Feature","geometry":{"type":"Polygon","coordinates":[[[-153.97219,58.45064],[-153.97434,58.44931],[-153.97325,58.44784],[-153.97002,58.4477],[-153.96787,58.44903],[-153.96895,58.4505],[-153.97219,58.45064]]]},"properties":{"cell":"890cedca4cbffff","res":9,"coarsened":false,"count":6,"hv":6,"mp":0,"y0":null,"y1":null,"sp":[[34,3,3,0,null,null],[102,1,1,0,null,null],[20,1,1,0,null,null],[100,1,1,0,null,null]]}},{"type":"Feature","geometry":{"type":"Polygon","coordinates":[[[-153.93133,58.4802],[-153.93348,58.47887],[-153.9324,58.4774],[-153.92916,58.47726],[-153.92701,58.47859],[-153.92809,58.48006],[-153.93133,58.4802]]]},"properties":{"cell":"890cedd8e37ffff","res":9,"coarsened":false,"count":24,"hv":24,"mp":0,"y0":null,"y1":null,"sp":[[34,9,9,0,null,null],[98,6,6,0,null,null],[102,4,4,0,null,null],[100,2,2,0,null,null],[149,1,1,0,null,null],[20,1,1,0,null,null],[146,1,1,0,null,null]]}},{"type":"Feature","geometry":{"type":"Polygon","coordinates":[[[-153.50189,58.69176],[-153.50408,58.69044],[-153.50301,58.68896],[-153.49975,58.6888],[-153.49757,58.69013],[-153.49864,58.69161],[-153.50189,58.69176]]]},"properties":{"cell":"890c536f44bffff","res":9,"coarsened":false,"count":11,"hv":11,"mp":0,"y0":null,"y1":null,"sp":[[34,8,8,0,null,null],[67,3,3,0,null,null]]}},{"type":"Feature","geometry":{"type":"Polygon","coordinates":[[[-153.36852,58.75112],[-153.37072,58.74979],[-153.36965,58.74831],[-153.36639,58.74815],[-153.3642,58.74947],[-153.36526,58.75096],[-153.36852,58.75112]]]},"properties":{"cell":"890c53603b7ffff","res":9,"coarsened":false,"count":6,"hv":6,"mp":0,"y0":null,"y1":null,"sp":[[20,5,5,0,null,null],[98,1,1,0,null,null]]}},{"type":"Feature","geometry":{"type":"Polygon","coordinates":[[[-153.3597,58.82225],[-153.3619,58.82092],[-153.36084,58.81944],[-153.35757,58.81928],[-153.35537,58.8206],[-153.35644,58.82209],[-153.3597,58.82225]]]},"properties":{"cell":"890c5362677ffff","res":9,"coarsened":false,"count":2,"hv":2,"mp":0,"y0":null,"y1":null,"sp":[[11,1,1,0,null,null],[34,1,1,0,null,null]]}},{"type":"Feature","geometry":{"type":"Polygon","coordinates":[[[-153.32231,58.84047],[-153.32452,58.83914],[-153.32346,58.83766],[-153.32019,58.8375],[-153.31798,58.83882],[-153.31905,58.8403],[-153.32231,58.84047]]]},"properties":{"cell":"890c53624c7ffff","res":9,"coarsened":false,"count":9,"hv":9,"mp":0,"y0":null,"y1":null,"sp":[[34,7,7,0,null,null],[20,1,1,0,null,null],[145,1,1,0,null,null]]}},{"type":"Feature","geometry":{"type":"Polygon","coordinates":[[[-153.29086,58.83175],[-153.29307,58.83043],[-153.29201,58.82895],[-153.28874,58.82878],[-153.28653,58.83011],[-153.2876,58.83159],[-153.29086,58.83175]]]},"properties":{"cell":"890c53625d7ffff","res":9,"coarsened":false,"count":10,"hv":10,"mp":0,"y0":null,"y1":null,"sp":[[34,7,7,0,null,null],[20,2,2,0,null,null],[67,1,1,0,null,null]]}},{"type":"Feature","geometry":{"type":"Polygon","coordinates":[[[-154.42211,58.04182],[-154.42421,58.04049],[-154.42311,58.03903],[-154.41991,58.03891],[-154.41781,58.04024],[-154.41891,58.0417],[-154.42211,58.04182]]]},"properties":{"cell":"890ced482c7ffff","res":9,"coarsened":false,"count":6,"hv":6,"mp":0,"y0":null,"y1":null,"sp":[[20,2,2,0,null,null],[102,1,1,0,null,null],[146,1,1,0,null,null],[145,1,1,0,null,null],[34,1,1,0,null,null]]}},{"type":"Feature","geometry":{"type":"Polygon","coordinates":[[[-154.1705,58.26279],[-154.17263,58.26146],[-154.17154,58.26],[-154.16832,58.25986],[-154.16619,58.26119],[-154.16728,58.26266],[-154.1705,58.26279]]]},"properties":{"cell":"890ced514d7ffff","res":9,"coarsened":false,"count":5,"hv":5,"mp":0,"y0":null,"y1":null,"sp":[[67,3,3,0,null,null],[11,1,1,0,null,null],[146,1,1,0,null,null]]}},{"type":"Feature","geometry":{"type":"Polygon","coordinates":[[[-154.1531,58.15137],[-154.15522,58.15004],[-154.15413,58.14858],[-154.15093,58.14845],[-154.14881,58.14978],[-154.1499,58.15124],[-154.1531,58.15137]]]},"properties":{"cell":"890ced4354fffff","res":9,"coarsened":false,"count":2,"hv":2,"mp":0,"y0":null,"y1":null,"sp":[[158,1,1,0,null,null],[161,1,1,0,null,null]]}},{"type":"Feature","geometry":{"type":"Polygon","coordinates":[[[-153.91095,58.52064],[-153.91311,58.51931],[-153.91202,58.51784],[-153.90878,58.51769],[-153.90662,58.51902],[-153.90771,58.5205],[-153.91095,58.52064]]]},"properties":{"cell":"890ceddaadbffff","res":9,"coarsened":false,"count":8,"hv":8,"mp":0,"y0":null,"y1":null,"sp":[[20,2,2,0,null,null],[108,2,2,0,null,null],[34,2,2,0,null,null],[145,1,1,0,null,null],[98,1,1,0,null,null]]}},{"type":"Feature","geometry":{"type":"Polygon","coordinates":[[[-153.91318,58.5407],[-153.91533,58.53937],[-153.91425,58.5379],[-153.911,58.53776],[-153.90885,58.53909],[-153.90993,58.54056],[-153.91318,58.5407]]]},"properties":{"cell":"890cedda333ffff","res":9,"coarsened":false,"count":3,"hv":3,"mp":0,"y0":null,"y1":null,"sp":[[34,2,2,0,null,null],[98,1,1,0,null,null]]}},{"type":"Feature","geometry":{"type":"Polygon","coordinates":[[[-153.84185,58.61031],[-153.84401,58.60898],[-153.84293,58.60751],[-153.83968,58.60736],[-153.83751,58.60869],[-153.8386,58.61017],[-153.84185,58.61031]]]},"properties":{"cell":"890ceca48a7ffff","res":9,"coarsened":false,"count":6,"hv":6,"mp":0,"y0":null,"y1":null,"sp":[[34,6,6,0,null,null]]}},{"type":"Feature","geometry":{"type":"Polygon","coordinates":[[[-153.80178,58.57283],[-153.80394,58.5715],[-153.80286,58.57003],[-153.79962,58.56988],[-153.79745,58.57121],[-153.79853,58.57269],[-153.80178,58.57283]]]},"properties":{"cell":"890cedd108fffff","res":9,"coarsened":false,"count":2,"hv":2,"mp":0,"y0":null,"y1":null,"sp":[[34,1,1,0,null,null],[20,1,1,0,null,null]]}},{"type":"Feature","geometry":{"type":"Polygon","coordinates":[[[-153.35966,58.7607],[-153.36186,58.75937],[-153.36079,58.75789],[-153.35754,58.75773],[-153.35534,58.75906],[-153.3564,58.76054],[-153.35966,58.7607]]]},"properties":{"cell":"890c53601cfffff","res":9,"coarsened":false,"count":4,"hv":4,"mp":0,"y0":null,"y1":null,"sp":[[20,3,3,0,null,null],[34,1,1,0,null,null]]}},{"type":"Feature","geometry":{"type":"Polygon","coordinates":[[[-153.35082,58.83184],[-153.35302,58.83051],[-153.35196,58.82903],[-153.34869,58.82887],[-153.34648,58.83019],[-153.34755,58.83168],[-153.35082,58.83184]]]},"properties":{"cell":"890c536268fffff","res":9,"coarsened":false,"count":12,"hv":12,"mp":0,"y0":null,"y1":null,"sp":[[34,6,6,0,null,null],[67,3,3,0,null,null],[149,2,2,0,null,null],[163,1,1,0,null,null]]}},{"type":"Feature","geometry":{"type":"Polygon","coordinates":[[[-154.52965,58.04034],[-154.53174,58.03901],[-154.53064,58.03755],[-154.52744,58.03742],[-154.52534,58.03876],[-154.52645,58.04022],[-154.52965,58.04034]]]},"properties":{"cell":"890ced492d3ffff","res":9,"coarsened":false,"count":5,"hv":5,"mp":0,"y0":null,"y1":null,"sp":[[145,2,2,0,null,null],[150,2,2,0,null,null],[108,1,1,0,null,null]]}},{"type":"Feature","geometry":{"type":"Polygon","coordinates":[[[-154.46006,58.07163],[-154.46216,58.0703],[-154.46106,58.06884],[-154.45786,58.06872],[-154.45576,58.07005],[-154.45686,58.07151],[-154.46006,58.07163]]]},"properties":{"cell":"890ced4b227ffff","res":9,"coarsened":false,"count":4,"hv":4,"mp":0,"y0":null,"y1":null,"sp":[[34,2,2,0,null,null],[153,1,1,0,null,null],[20,1,1,0,null,null]]}},{"type":"Feature","geometry":{"type":"Polygon","coordinates":[[[-154.22666,58.21684],[-154.27883,58.1991],[-154.27835,58.16929],[-154.2258,58.15721],[-154.17368,58.17492],[-154.17406,58.20473],[-154.22666,58.21684]]]},"properties":{"cell":"860ced5afffffff","res":6,"coarsened":true,"count":2,"hv":2,"mp":0,"y0":null,"y1":null,"sp":[[1,2,2,0,null,null]]}},{"type":"Feature","geometry":{"type":"Polygon","coordinates":[[[-154.16986,58.21165],[-154.17199,58.21032],[-154.1709,58.20886],[-154.16769,58.20872],[-154.16556,58.21005],[-154.16665,58.21152],[-154.16986,58.21165]]]},"properties":{"cell":"890ced51337ffff","res":9,"coarsened":false,"count":3,"hv":3,"mp":0,"y0":null,"y1":null,"sp":[[34,2,2,0,null,null],[108,1,1,0,null,null]]}},{"type":"Feature","geometry":{"type":"Polygon","coordinates":[[[-154.00131,58.45191],[-154.00346,58.45057],[-154.00237,58.4491],[-153.99914,58.44896],[-153.99699,58.45029],[-153.99808,58.45177],[-154.00131,58.45191]]]},"properties":{"cell":"890cedd997bffff","res":9,"coarsened":false,"count":40,"hv":40,"mp":0,"y0":null,"y1":null,"sp":[[34,33,33,0,null,null],[100,2,2,0,null,null],[11,1,1,0,null,null],[146,1,1,0,null,null],[20,1,1,0,null,null],[159,1,1,0,null,null],[102,1,1,0,null,null]]}},{"type":"Feature","geometry":{"type":"Polygon","coordinates":[[[-153.91845,58.50101],[-153.92061,58.49968],[-153.91952,58.49821],[-153.91628,58.49807],[-153.91412,58.4994],[-153.91521,58.50087],[-153.91845,58.50101]]]},"properties":{"cell":"890cedd8cdbffff","res":9,"coarsened":false,"count":7,"hv":7,"mp":0,"y0":null,"y1":null,"sp":[[34,6,6,0,null,null],[67,1,1,0,null,null]]}},{"type":"Feature","geometry":{"type":"Polygon","coordinates":[[[-153.58358,58.66132],[-153.58576,58.66],[-153.58469,58.65852],[-153.58144,58.65837],[-153.57926,58.65969],[-153.58033,58.66117],[-153.58358,58.66132]]]},"properties":{"cell":"890c5368827ffff","res":9,"coarsened":false,"count":1,"hv":1,"mp":0,"y0":null,"y1":null,"sp":[[34,1,1,0,null,null]]}},{"type":"Feature","geometry":{"type":"Polygon","coordinates":[[[-153.31046,58.83272],[-153.31267,58.8314],[-153.31161,58.82991],[-153.30834,58.82975],[-153.30614,58.83108],[-153.3072,58.83256],[-153.31046,58.83272]]]},"properties":{"cell":"890c5362433ffff","res":9,"coarsened":false,"count":5,"hv":5,"mp":0,"y0":null,"y1":null,"sp":[[34,3,3,0,null,null],[20,2,2,0,null,null]]}},{"type":"Feature","geometry":{"type":"Polygon","coordinates":[[[-154.43236,58.12156],[-154.43447,58.12023],[-154.43337,58.11877],[-154.43016,58.11864],[-154.42806,58.11998],[-154.42916,58.12144],[-154.43236,58.12156]]]},"properties":{"cell":"890ced59a7bffff","res":9,"coarsened":false,"count":6,"hv":6,"mp":0,"y0":null,"y1":null,"sp":[[34,5,5,0,null,null],[151,1,1,0,null,null]]}},{"type":"Feature","geometry":{"type":"Polygon","coordinates":[[[-154.25196,58.12142],[-154.25407,58.12009],[-154.25298,58.11863],[-154.24978,58.1185],[-154.24766,58.11983],[-154.24875,58.12129],[-154.25196,58.12142]]]},"properties":{"cell":"890ced58967ffff","res":9,"coarsened":false,"count":2,"hv":2,"mp":0,"y0":null,"y1":null,"sp":[[147,1,1,0,null,null],[20,1,1,0,null,null]]}},{"type":"Feature","geometry":{"type":"Polygon","coordinates":[[[-154.13288,58.35077],[-154.13502,58.34943],[-154.13393,58.34797],[-154.1307,58.34783],[-154.12857,58.34916],[-154.12966,58.35063],[-154.13288,58.35077]]]},"properties":{"cell":"890cedc930fffff","res":9,"coarsened":false,"count":1,"hv":1,"mp":0,"y0":null,"y1":null,"sp":[[148,1,1,0,null,null]]}},{"type":"Feature","geometry":{"type":"Polygon","coordinates":[[[-153.49309,58.70135],[-153.49528,58.70002],[-153.49421,58.69854],[-153.49095,58.69839],[-153.48877,58.69971],[-153.48983,58.70119],[-153.49309,58.70135]]]},"properties":{"cell":"890c536f4dbffff","res":9,"coarsened":false,"count":6,"hv":6,"mp":0,"y0":null,"y1":null,"sp":[[151,2,2,0,null,null],[144,1,1,0,null,null],[146,1,1,0,null,null],[108,1,1,0,null,null],[34,1,1,0,null,null]]}},{"type":"Feature","geometry":{"type":"Polygon","coordinates":[[[-154.47304,58.17138],[-154.47515,58.17004],[-154.47404,58.16858],[-154.47083,58.16845],[-154.46872,58.16979],[-154.46983,58.17125],[-154.47304,58.17138]]]},"properties":{"cell":"890ced59213ffff","res":9,"coarsened":false,"count":1,"hv":1,"mp":0,"y0":null,"y1":null,"sp":[[20,1,1,0,null,null]]}},{"type":"Feature","geometry":{"type":"Polygon","coordinates":[[[-153.39167,58.73079],[-153.39387,58.72946],[-153.3928,58.72798],[-153.38955,58.72782],[-153.38735,58.72915],[-153.38841,58.73063],[-153.39167,58.73079]]]},"properties":{"cell":"890c5361d17ffff","res":9,"coarsened":false,"count":1,"hv":1,"mp":0,"y0":null,"y1":null,"sp":[[20,1,1,0,null,null]]}},{"type":"Feature","geometry":{"type":"Polygon","coordinates":[[[-154.01217,58.46235],[-154.01432,58.46101],[-154.01323,58.45954],[-154.00999,58.4594],[-154.00784,58.46073],[-154.00893,58.46221],[-154.01217,58.46235]]]},"properties":{"cell":"890cedd9823ffff","res":9,"coarsened":false,"count":3,"hv":3,"mp":0,"y0":null,"y1":null,"sp":[[34,3,3,0,null,null]]}},{"type":"Feature","geometry":{"type":"Polygon","coordinates":[[[-153.85051,58.60071],[-153.85268,58.59938],[-153.85159,58.5979],[-153.84834,58.59776],[-153.84618,58.59909],[-153.84726,58.60056],[-153.85051,58.60071]]]},"properties":{"cell":"890ceca495bffff","res":9,"coarsened":false,"count":2,"hv":2,"mp":0,"y0":null,"y1":null,"sp":[[34,2,2,0,null,null]]}},{"type":"Feature","geometry":{"type":"Polygon","coordinates":[[[-154.4388,58.17145],[-154.44091,58.17012],[-154.43981,58.16865],[-154.4366,58.16853],[-154.43449,58.16986],[-154.43559,58.17133],[-154.4388,58.17145]]]},"properties":{"cell":"890ced59077ffff","res":9,"coarsened":false,"count":10,"hv":10,"mp":0,"y0":null,"y1":null,"sp":[[85,2,2,0,null,null],[82,2,2,0,null,null],[67,1,1,0,null,null],[20,1,1,0,null,null],[145,1,1,0,null,null],[156,1,1,0,null,null],[144,1,1,0,null,null],[146,1,1,0,null,null]]}},{"type":"Feature","geometry":{"type":"Polygon","coordinates":[[[-154.02037,58.40147],[-154.02252,58.40014],[-154.02143,58.39867],[-154.0182,58.39853],[-154.01605,58.39986],[-154.01714,58.40133],[-154.02037,58.40147]]]},"properties":{"cell":"890cedc84cfffff","res":9,"coarsened":false,"count":4,"hv":4,"mp":0,"y0":null,"y1":null,"sp":[[151,1,1,0,null,null],[34,1,1,0,null,null],[146,1,1,0,null,null],[20,1,1,0,null,null]]}},{"type":"Feature","geometry":{"type":"Polygon","coordinates":[[[-154.42146,58.11121],[-154.42357,58.10988],[-154.42247,58.10842],[-154.41926,58.10829],[-154.41716,58.10962],[-154.41826,58.11109],[-154.42146,58.11121]]]},"properties":{"cell":"890ced4b48fffff","res":9,"coarsened":false,"count":5,"hv":5,"mp":0,"y0":null,"y1":null,"sp":[[147,1,1,0,null,null],[151,1,1,0,null,null],[150,1,1,0,null,null],[146,1,1,0,null,null],[149,1,1,0,null,null]]}},{"type":"Feature","geometry":{"type":"Polygon","coordinates":[[[-154.41104,58.07254],[-154.41314,58.07121],[-154.41205,58.06975],[-154.40885,58.06962],[-154.40674,58.07096],[-154.40784,58.07242],[-154.41104,58.07254]]]},"properties":{"cell":"890ced4b173ffff","res":9,"coarsened":false,"count":5,"hv":5,"mp":0,"y0":null,"y1":null,"sp":[[34,2,2,0,null,null],[67,1,1,0,null,null],[150,1,1,0,null,null],[11,1,1,0,null,null]]}},{"type":"Feature","geometry":{"type":"Polygon","coordinates":[[[-154.18964,58.25081],[-154.19176,58.24947],[-154.19067,58.24801],[-154.18746,58.24788],[-154.18533,58.24921],[-154.18642,58.25067],[-154.18964,58.25081]]]},"properties":{"cell":"890ced516b3ffff","res":9,"coarsened":false,"count":6,"hv":6,"mp":0,"y0":null,"y1":null,"sp":[[67,3,3,0,null,null],[11,2,2,0,null,null],[96,1,1,0,null,null]]}},{"type":"Feature","geometry":{"type":"Polygon","coordinates":[[[-154.16193,58.35198],[-154.16407,58.35065],[-154.16297,58.34918],[-154.15975,58.34905],[-154.15761,58.35038],[-154.15871,58.35185],[-154.16193,58.35198]]]},"properties":{"cell":"890cec26c83ffff","res":9,"coarsened":false,"count":9,"hv":9,"mp":0,"y0":null,"y1":null,"sp":[[67,2,2,0,null,null],[108,2,2,0,null,null],[85,1,1,0,null,null],[148,1,1,0,null,null],[34,1,1,0,null,null],[150,1,1,0,null,null],[56,1,1,0,null,null]]}},{"type":"Feature","geometry":{"type":"Polygon","coordinates":[[[-153.34193,58.84143],[-153.34413,58.8401],[-153.34307,58.83862],[-153.3398,58.83846],[-153.33759,58.83978],[-153.33866,58.84127],[-153.34193,58.84143]]]},"properties":{"cell":"890c5371923ffff","res":9,"coarsened":false,"count":5,"hv":5,"mp":0,"y0":null,"y1":null,"sp":[[145,2,2,0,null,null],[34,2,2,0,null,null],[163,1,1,0,null,null]]}},{"type":"Feature","geometry":{"type":"Polygon","coordinates":[[[-154.57074,58.10283],[-154.57284,58.10149],[-154.57173,58.10003],[-154.56853,58.09991],[-154.56643,58.10125],[-154.56753,58.10271],[-154.57074,58.10283]]]},"properties":{"cell":"890ce89416fffff","res":9,"coarsened":false,"count":7,"hv":7,"mp":0,"y0":null,"y1":null,"sp":[[146,3,3,0,null,null],[34,2,2,0,null,null],[156,1,1,0,null,null],[145,1,1,0,null,null]]}},{"type":"Feature","geometry":{"type":"Polygon","coordinates":[[[-154.45876,58.06167],[-154.46087,58.06033],[-154.45977,58.05888],[-154.45657,58.05875],[-154.45447,58.06008],[-154.45556,58.06154],[-154.45876,58.06167]]]},"properties":{"cell":"890ced494b7ffff","res":9,"coarsened":false,"count":7,"hv":7,"mp":0,"y0":null,"y1":null,"sp":[[150,2,2,0,null,null],[67,2,2,0,null,null],[156,1,1,0,null,null],[85,1,1,0,null,null],[68,1,1,0,null,null]]}},{"type":"Feature","geometry":{"type":"Polygon","coordinates":[[[-154.39968,58.09051],[-154.40179,58.08918],[-154.40069,58.08772],[-154.39749,58.08759],[-154.39539,58.08893],[-154.39648,58.09039],[-154.39968,58.09051]]]},"properties":{"cell":"890ced4b577ffff","res":9,"coarsened":false,"count":2,"hv":2,"mp":0,"y0":null,"y1":null,"sp":[[146,1,1,0,null,null],[67,1,1,0,null,null]]}},{"type":"Feature","geometry":{"type":"Polygon","coordinates":[[[-154.26094,58.15014],[-154.26306,58.14881],[-154.26197,58.14735],[-154.25876,58.14722],[-154.25664,58.14855],[-154.25774,58.15001],[-154.26094,58.15014]]]},"properties":{"cell":"890ced58d5bffff","res":9,"coarsened":false,"count":1,"hv":1,"mp":0,"y0":null,"y1":null,"sp":[[150,1,1,0,null,null]]}},{"type":"Feature","geometry":{"type":"Polygon","coordinates":[[[-154.03035,58.44034],[-154.0325,58.43901],[-154.03141,58.43754],[-154.02817,58.4374],[-154.02603,58.43873],[-154.02711,58.4402],[-154.03035,58.44034]]]},"properties":{"cell":"890cedd9b67ffff","res":9,"coarsened":false,"count":4,"hv":4,"mp":0,"y0":null,"y1":null,"sp":[[34,2,2,0,null,null],[3,1,1,0,null,null],[100,1,1,0,null,null]]}},{"type":"Feature","geometry":{"type":"Polygon","coordinates":[[[-154.02382,58.43151],[-154.02596,58.43018],[-154.02487,58.42871],[-154.02164,58.42857],[-154.01949,58.4299],[-154.02058,58.43137],[-154.02382,58.43151]]]},"properties":{"cell":"890cedcb5bbffff","res":9,"coarsened":false,"count":8,"hv":8,"mp":0,"y0":null,"y1":null,"sp":[[146,3,3,0,null,null],[34,3,3,0,null,null],[11,2,2,0,null,null]]}},{"type":"Feature","geometry":{"type":"Polygon","coordinates":[[[-154.58135,58.1004],[-154.58345,58.09906],[-154.58235,58.0976],[-154.57914,58.09748],[-154.57704,58.09882],[-154.57815,58.10028],[-154.58135,58.1004]]]},"properties":{"cell":"890ce894edbffff","res":9,"coarsened":false,"count":5,"hv":5,"mp":0,"y0":null,"y1":null,"sp":[[108,1,1,0,null,null],[34,1,1,0,null,null],[146,1,1,0,null,null],[82,1,1,0,null,null],[180,1,1,0,null,null]]}},{"type":"Feature","geometry":{"type":"Polygon","coordinates":[[[-154.54189,58.06064],[-154.54398,58.0593],[-154.54288,58.05784],[-154.53968,58.05772],[-154.53758,58.05906],[-154.53869,58.06051],[-154.54189,58.06064]]]},"properties":{"cell":"890ce894b07ffff","res":9,"coarsened":false,"count":3,"hv":3,"mp":0,"y0":null,"y1":null,"sp":[[67,1,1,0,null,null],[68,1,1,0,null,null],[114,1,1,0,null,null]]}},{"type":"Feature","geometry":{"type":"Polygon","coordinates":[[[-154.32894,58.0707],[-154.33105,58.06936],[-154.32996,58.0679],[-154.32676,58.06778],[-154.32465,58.06911],[-154.32574,58.07057],[-154.32894,58.0707]]]},"properties":{"cell":"890ced4a333ffff","res":9,"coarsened":false,"count":4,"hv":4,"mp":0,"y0":null,"y1":null,"sp":[[149,2,2,0,null,null],[67,2,2,0,null,null]]}},{"type":"Feature","geometry":{"type":"Polygon","coordinates":[[[-154.31151,58.29274],[-154.31363,58.29141],[-154.31253,58.28994],[-154.30931,58.28981],[-154.30718,58.29115],[-154.30828,58.29261],[-154.31151,58.29274]]]},"properties":{"cell":"890cec25ca3ffff","res":9,"coarsened":false,"count":5,"hv":5,"mp":0,"y0":null,"y1":null,"sp":[[148,3,3,0,null,null],[67,1,1,0,null,null],[82,1,1,0,null,null]]}},{"type":"Feature","geometry":{"type":"Polygon","coordinates":[[[-154.23274,58.12064],[-154.23485,58.11931],[-154.23376,58.11785],[-154.23056,58.11771],[-154.22845,58.11905],[-154.22954,58.12051],[-154.23274,58.12064]]]},"properties":{"cell":"890ced41453ffff","res":9,"coarsened":false,"count":3,"hv":3,"mp":0,"y0":null,"y1":null,"sp":[[162,1,1,0,null,null],[98,1,1,0,null,null],[147,1,1,0,null,null]]}},{"type":"Feature","geometry":{"type":"Polygon","coordinates":[[[-154.1813,58.35279],[-154.18344,58.35146],[-154.18234,58.34999],[-154.17911,58.34986],[-154.17698,58.35119],[-154.17807,58.35266],[-154.1813,58.35279]]]},"properties":{"cell":"890cec26cdbffff","res":9,"coarsened":false,"count":10,"hv":10,"mp":0,"y0":null,"y1":null,"sp":[[67,4,4,0,null,null],[108,1,1,0,null,null],[144,1,1,0,null,null],[156,1,1,0,null,null],[148,1,1,0,null,null],[146,1,1,0,null,null],[85,1,1,0,null,null]]}},{"type":"Feature","geometry":{"type":"Polygon","coordinates":[[[-154.17338,58.32118],[-154.17551,58.31984],[-154.17441,58.31838],[-154.17119,58.31824],[-154.16906,58.31958],[-154.17015,58.32104],[-154.17338,58.32118]]]},"properties":{"cell":"890cec2683bffff","res":9,"coarsened":false,"count":4,"hv":4,"mp":0,"y0":null,"y1":null,"sp":[[34,2,2,0,null,null],[144,1,1,0,null,null],[146,1,1,0,null,null]]}},{"type":"Feature","geometry":{"type":"Polygon","coordinates":[[[-154.48228,58.20012],[-154.48439,58.19878],[-154.48329,58.19732],[-154.48007,58.19719],[-154.47796,58.19853],[-154.47906,58.19999],[-154.48228,58.20012]]]},"properties":{"cell":"890cec2cba3ffff","res":9,"coarsened":false,"count":2,"hv":2,"mp":0,"y0":null,"y1":null,"sp":[[20,2,2,0,null,null]]}},{"type":"Feature","geometry":{"type":"Polygon","coordinates":[[[-154.38123,58.0742],[-154.43307,58.05641],[-154.43242,58.02666],[-154.38004,58.01469],[-154.32825,58.03244],[-154.32879,58.06219],[-154.38123,58.0742]]]},"properties":{"cell":"860ced487ffffff","res":6,"coarsened":true,"count":1,"hv":1,"mp":0,"y0":null,"y1":null,"sp":[[1,1,1,0,null,null]]}},{"type":"Feature","geometry":{"type":"Polygon","coordinates":[[[-154.18119,58.2604],[-154.18332,58.25907],[-154.18222,58.2576],[-154.17901,58.25747],[-154.17688,58.2588],[-154.17797,58.26026],[-154.18119,58.2604]]]},"properties":{"cell":"890ced514cbffff","res":9,"coarsened":false,"count":2,"hv":2,"mp":0,"y0":null,"y1":null,"sp":[[67,2,2,0,null,null]]}},{"type":"Feature","geometry":{"type":"Polygon","coordinates":[[[-153.79092,58.60089],[-153.79309,58.59956],[-153.79201,58.59808],[-153.78876,58.59793],[-153.78659,58.59926],[-153.78767,58.60074],[-153.79092,58.60089]]]},"properties":{"cell":"890cedd322bffff","res":9,"coarsened":false,"count":8,"hv":8,"mp":0,"y0":null,"y1":null,"sp":[[34,5,5,0,null,null],[163,2,2,0,null,null],[67,1,1,0,null,null]]}},{"type":"Feature","geometry":{"type":"Polygon","coordinates":[[[-153.55085,58.68122],[-153.55303,58.67989],[-153.55196,58.67841],[-153.5487,58.67826],[-153.54652,58.67958],[-153.54759,58.68106],[-153.55085,58.68122]]]},"properties":{"cell":"890c5368d8fffff","res":9,"coarsened":false,"count":4,"hv":4,"mp":0,"y0":null,"y1":null,"sp":[[34,3,3,0,null,null],[67,1,1,0,null,null]]}},{"type":"Feature","geometry":{"type":"Polygon","coordinates":[[[-153.38283,58.74037],[-153.38502,58.73904],[-153.38396,58.73756],[-153.3807,58.7374],[-153.37851,58.73873],[-153.37957,58.74021],[-153.38283,58.74037]]]},"properties":{"cell":"890c536032fffff","res":9,"coarsened":false,"count":5,"hv":5,"mp":0,"y0":null,"y1":null,"sp":[[20,2,2,0,null,null],[146,1,1,0,null,null],[145,1,1,0,null,null],[160,1,1,0,null,null]]}},{"type":"Feature","geometry":{"type":"Polygon","coordinates":[[[-153.33212,58.84095],[-153.33432,58.83962],[-153.33326,58.83814],[-153.32999,58.83798],[-153.32779,58.8393],[-153.32885,58.84079],[-153.33212,58.84095]]]},"properties":{"cell":"890c53624cbffff","res":9,"coarsened":false,"count":6,"hv":6,"mp":0,"y0":null,"y1":null,"sp":[[34,5,5,0,null,null],[145,1,1,0,null,null]]}},{"type":"Feature","geometry":{"type":"Polygon","coordinates":[[[-154.55979,58.09249],[-154.56189,58.09115],[-154.56078,58.0897],[-154.55758,58.08957],[-154.55548,58.09091],[-154.55658,58.09237],[-154.55979,58.09249]]]},"properties":{"cell":"890ce894eabffff","res":9,"coarsened":false,"count":2,"hv":2,"mp":0,"y0":null,"y1":null,"sp":[[145,1,1,0,null,null],[146,1,1,0,null,null]]}},{"type":"Feature","geometry":{"type":"Polygon","coordinates":[[[-154.26034,58.11184],[-154.26245,58.11051],[-154.26136,58.10905],[-154.25816,58.10892],[-154.25605,58.11025],[-154.25714,58.11171],[-154.26034,58.11184]]]},"properties":{"cell":"890ced4161bffff","res":9,"coarsened":false,"count":2,"hv":2,"mp":0,"y0":null,"y1":null,"sp":[[20,1,1,0,null,null],[34,1,1,0,null,null]]}},{"type":"Feature","geometry":{"type":"Polygon","coordinates":[[[-153.93342,58.46177],[-153.93557,58.46044],[-153.93448,58.45897],[-153.93125,58.45883],[-153.9291,58.46016],[-153.93018,58.46163],[-153.93342,58.46177]]]},"properties":{"cell":"890cedd8bdbffff","res":9,"coarsened":false,"count":5,"hv":5,"mp":0,"y0":null,"y1":null,"sp":[[100,2,2,0,null,null],[149,1,1,0,null,null],[102,1,1,0,null,null],[34,1,1,0,null,null]]}},{"type":"Feature","geometry":{"type":"Polygon","coordinates":[[[-153.30066,58.83224],[-153.30287,58.83091],[-153.30181,58.82943],[-153.29854,58.82927],[-153.29633,58.83059],[-153.2974,58.83208],[-153.30066,58.83224]]]},"properties":{"cell":"890c53625dbffff","res":9,"coarsened":false,"count":4,"hv":4,"mp":0,"y0":null,"y1":null,"sp":[[20,2,2,0,null,null],[67,1,1,0,null,null],[34,1,1,0,null,null]]}},{"type":"Feature","geometry":{"type":"Polygon","coordinates":[[[-153.82992,58.60264],[-153.83209,58.60131],[-153.83101,58.59984],[-153.82776,58.59969],[-153.82559,58.60102],[-153.82667,58.6025],[-153.82992,58.60264]]]},"properties":{"cell":"890ceca4913ffff","res":9,"coarsened":false,"count":3,"hv":3,"mp":0,"y0":null,"y1":null,"sp":[[34,2,2,0,null,null],[146,1,1,0,null,null]]}},{"type":"Feature","geometry":{"type":"Polygon","coordinates":[[[-153.36058,58.77076],[-153.36277,58.76943],[-153.36171,58.76795],[-153.35845,58.76779],[-153.35625,58.76912],[-153.35732,58.7706],[-153.36058,58.77076]]]},"properties":{"cell":"890c53600b7ffff","res":9,"coarsened":false,"count":4,"hv":4,"mp":0,"y0":null,"y1":null,"sp":[[20,2,2,0,null,null],[34,2,2,0,null,null]]}},{"type":"Feature","geometry":{"type":"Polygon","coordinates":[[[-153.8516,58.61075],[-153.85377,58.60942],[-153.85269,58.60794],[-153.84943,58.6078],[-153.84727,58.60913],[-153.84835,58.61061],[-153.8516,58.61075]]]},"properties":{"cell":"890ceca48abffff","res":9,"coarsened":false,"count":4,"hv":4,"mp":0,"y0":null,"y1":null,"sp":[[34,4,4,0,null,null]]}},{"type":"Feature","geometry":{"type":"Polygon","coordinates":[[[-154.44214,58.08085],[-154.44424,58.07952],[-154.44314,58.07806],[-154.43994,58.07793],[-154.43784,58.07926],[-154.43894,58.08072],[-154.44214,58.08085]]]},"properties":{"cell":"890ced4b063ffff","res":9,"coarsened":false,"count":4,"hv":4,"mp":0,"y0":null,"y1":null,"sp":[[146,1,1,0,null,null],[20,1,1,0,null,null],[56,1,1,0,null,null],[151,1,1,0,null,null]]}},{"type":"Feature","geometry":{"type":"Polygon","coordinates":[[[-154.29324,58.10184],[-154.29535,58.10051],[-154.29426,58.09905],[-154.29106,58.09892],[-154.28895,58.10025],[-154.29004,58.10171],[-154.29324,58.10184]]]},"properties":{"cell":"890ced4a503ffff","res":9,"coarsened":false,"count":2,"hv":2,"mp":0,"y0":null,"y1":null,"sp":[[34,1,1,0,null,null],[147,1,1,0,null,null]]}},{"type":"Feature","geometry":{"type":"Polygon","coordinates":[[[-154.17233,58.15217],[-154.17445,58.15084],[-154.17336,58.14938],[-154.17016,58.14925],[-154.16804,58.15058],[-154.16912,58.15204],[-154.17233,58.15217]]]},"properties":{"cell":"890ced4308bffff","res":9,"coarsened":false,"count":1,"hv":1,"mp":0,"y0":null,"y1":null,"sp":[[161,1,1,0,null,null]]}},{"type":"Feature","geometry":{"type":"Polygon","coordinates":[[[-154.00017,58.44189],[-154.00232,58.44055],[-154.00123,58.43908],[-153.998,58.43894],[-153.99585,58.44027],[-153.99694,58.44175],[-154.00017,58.44189]]]},"properties":{"cell":"890cedca6c7ffff","res":9,"coarsened":false,"count":3,"hv":3,"mp":0,"y0":null,"y1":null,"sp":[[34,2,2,0,null,null],[11,1,1,0,null,null]]}},{"type":"Feature","geometry":{"type":"Polygon","coordinates":[[[-154.50247,58.06195],[-154.50457,58.06062],[-154.50347,58.05916],[-154.50027,58.05903],[-154.49817,58.06037],[-154.49927,58.06183],[-154.50247,58.06195]]]},"properties":{"cell":"890ce89492fffff","res":9,"coarsened":false,"count":1,"hv":1,"mp":0,"y0":null,"y1":null,"sp":[[150,1,1,0,null,null]]}},{"type":"Feature","geometry":{"type":"Polygon","coordinates":[[[-154.49062,58.19051],[-154.49273,58.18917],[-154.49162,58.18771],[-154.48841,58.18758],[-154.4863,58.18892],[-154.4874,58.19038],[-154.49062,58.19051]]]},"properties":{"cell":"890cec2cb2fffff","res":9,"coarsened":false,"count":2,"hv":2,"mp":0,"y0":null,"y1":null,"sp":[[34,1,1,0,null,null],[20,1,1,0,null,null]]}},{"type":"Feature","geometry":{"type":"Polygon","coordinates":[[[-154.3315,58.21117],[-154.38362,58.19339],[-154.38302,58.16357],[-154.33041,58.15154],[-154.27835,58.16929],[-154.27883,58.1991],[-154.3315,58.21117]]]},"properties":{"cell":"860ced587ffffff","res":6,"coarsened":true,"count":1,"hv":1,"mp":0,"y0":null,"y1":null,"sp":[[1,1,1,0,null,null]]}},{"type":"Feature","geometry":{"type":"Polygon","coordinates":[[[-154.20221,58.15057],[-154.20432,58.14924],[-154.20324,58.14778],[-154.20003,58.14765],[-154.19791,58.14898],[-154.199,58.15044],[-154.20221,58.15057]]]},"properties":{"cell":"890ced4362bffff","res":9,"coarsened":false,"count":2,"hv":2,"mp":0,"y0":null,"y1":null,"sp":[[161,1,1,0,null,null],[147,1,1,0,null,null]]}},{"type":"Feature","geometry":{"type":"Polygon","coordinates":[[[-154.27855,58.18207],[-154.28067,58.18073],[-154.27958,58.17927],[-154.27637,58.17914],[-154.27425,58.18047],[-154.27534,58.18193],[-154.27855,58.18207]]]},"properties":{"cell":"890ced5aa53ffff","res":9,"coarsened":false,"count":1,"hv":1,"mp":0,"y0":null,"y1":null,"sp":[[147,1,1,0,null,null]]}},{"type":"Feature","geometry":{"type":"Polygon","coordinates":[[[-153.54299,58.60087],[-153.54517,58.59954],[-153.5441,58.59807],[-153.54086,58.59791],[-153.53868,58.59924],[-153.53975,58.60072],[-153.54299,58.60087]]]},"properties":{"cell":"890c536d323ffff","res":9,"coarsened":false,"count":3,"hv":3,"mp":0,"y0":null,"y1":null,"sp":[[34,3,3,0,null,null]]}},{"type":"Feature","geometry":{"type":"Polygon","coordinates":[[[-153.32141,58.8304],[-153.32361,58.82907],[-153.32255,58.82759],[-153.31928,58.82743],[-153.31708,58.82875],[-153.31814,58.83023],[-153.32141,58.8304]]]},"properties":{"cell":"890c5362477ffff","res":9,"coarsened":false,"count":2,"hv":2,"mp":0,"y0":null,"y1":null,"sp":[[34,2,2,0,null,null]]}},{"type":"Feature","geometry":{"type":"Polygon","coordinates":[[[-153.50092,58.68171],[-153.50311,58.68039],[-153.50204,58.67891],[-153.49879,58.67875],[-153.4966,58.68008],[-153.49767,58.68156],[-153.50092,58.68171]]]},"properties":{"cell":"890c536f0dbffff","res":9,"coarsened":false,"count":5,"hv":5,"mp":0,"y0":null,"y1":null,"sp":[[67,4,4,0,null,null],[34,1,1,0,null,null]]}},{"type":"Feature","geometry":{"type":"Polygon","coordinates":[[[-153.59488,58.60759],[-153.64804,58.59008],[-153.64824,58.56012],[-153.59538,58.54768],[-153.54227,58.56516],[-153.54197,58.59511],[-153.59488,58.60759]]]},"properties":{"cell":"860cedd2fffffff","res":6,"coarsened":true,"count":2,"hv":2,"mp":0,"y0":null,"y1":null,"sp":[[1,2,2,0,null,null]]}},{"type":"Feature","geometry":{"type":"Polygon","coordinates":[[[-153.3325,58.3373],[-153.33466,58.33598],[-153.33362,58.33451],[-153.33041,58.33435],[-153.32824,58.33567],[-153.32929,58.33714],[-153.3325,58.3373]]]},"properties":{"cell":"890ced1265bffff","res":9,"coarsened":false,"count":1,"hv":1,"mp":0,"y0":2008,"y1":2008,"sp":[[141,1,1,0,2008,2008]]}},{"type":"Feature","geometry":{"type":"Polygon","coordinates":[[[-153.93694,58.00061],[-153.93905,57.99928],[-153.93799,57.99782],[-153.93481,57.99769],[-153.93269,57.99901],[-153.93376,58.00047],[-153.93694,58.00061]]]},"properties":{"cell":"890ced45cb7ffff","res":9,"coarsened":false,"count":9,"hv":9,"mp":0,"y0":2004,"y1":2008,"sp":[[141,6,6,0,2004,2008],[34,3,3,0,2004,2008]]}},{"type":"Feature","geometry":{"type":"Polygon","coordinates":[[[-153.38838,58.66488],[-153.39056,58.66356],[-153.3895,58.66208],[-153.38626,58.66192],[-153.38407,58.66324],[-153.38513,58.66472],[-153.38838,58.66488]]]},"properties":{"cell":"890c536e38bffff","res":9,"coarsened":false,"count":3,"hv":3,"mp":0,"y0":2005,"y1":2008,"sp":[[34,1,1,0,2008,2008],[142,1,1,0,2005,2005],[141,1,1,0,2005,2005]]}},{"type":"Feature","geometry":{"type":"Polygon","coordinates":[[[-153.6529,58.33393],[-153.65505,58.3326],[-153.65399,58.33113],[-153.65077,58.33099],[-153.64862,58.33231],[-153.64968,58.33378],[-153.6529,58.33393]]]},"properties":{"cell":"890cedc5317ffff","res":9,"coarsened":false,"count":15,"hv":15,"mp":0,"y0":2002,"y1":2008,"sp":[[141,9,9,0,2002,2008],[142,3,3,0,2002,2005],[34,2,2,0,2005,2006],[187,1,1,0,2002,2002]]}},{"type":"Feature","geometry":{"type":"Polygon","coordinates":[[[-153.43105,59.16746],[-153.43328,59.16613],[-153.4322,59.16464],[-153.42889,59.16447],[-153.42666,59.16581],[-153.42774,59.1673],[-153.43105,59.16746]]]},"properties":{"cell":"890c5356077ffff","res":9,"coarsened":false,"count":2,"hv":2,"mp":0,"y0":2007,"y1":2008,"sp":[[34,2,2,0,2007,2008]]}},{"type":"Feature","geometry":{"type":"Polygon","coordinates":[[[-153.61997,58.00492],[-153.6221,58.00361],[-153.62105,58.00214],[-153.61787,58.002],[-153.61574,58.00331],[-153.61679,58.00478],[-153.61997,58.00492]]]},"properties":{"cell":"890ced7251bffff","res":9,"coarsened":false,"count":4,"hv":4,"mp":0,"y0":2007,"y1":2008,"sp":[[141,3,3,0,2007,2008],[34,1,1,0,2007,2007]]}},{"type":"Feature","geometry":{"type":"Polygon","coordinates":[[[-154.47096,58.08198],[-154.47306,58.08064],[-154.47196,58.07918],[-154.46876,58.07906],[-154.46666,58.08039],[-154.46776,58.08185],[-154.47096,58.08198]]]},"properties":{"cell":"890ced4b213ffff","res":9,"coarsened":false,"count":2,"hv":2,"mp":0,"y0":null,"y1":null,"sp":[[120,1,1,0,null,null],[34,1,1,0,null,null]]}},{"type":"Feature","geometry":{"type":"Polygon","coordinates":[[[-156.45024,58.67172],[-156.45231,58.67033],[-156.45107,58.66887],[-156.44776,58.66879],[-156.44569,58.67017],[-156.44693,58.67164],[-156.45024,58.67172]]]},"properties":{"cell":"890cee9a917ffff","res":9,"coarsened":false,"count":128,"hv":128,"mp":0,"y0":null,"y1":null,"sp":[[73,11,11,0,null,null],[14,11,11,0,null,null],[42,11,11,0,null,null],[89,11,11,0,null,null],[19,10,10,0,null,null],[47,9,9,0,null,null],[75,7,7,0,null,null],[71,6,6,0,null,null],[55,5,5,0,null,null],[29,5,5,0,null,null],[72,4,4,0,null,null],[78,3,3,0,null,null],[28,3,3,0,null,null],[25,3,3,0,null,null],[65,3,3,0,null,null],[6,3,3,0,null,null],[34,3,3,0,null,null],[10,2,2,0,null,null],[139,2,2,0,null,null],[53,2,2,0,null,null],[84,1,1,0,null,null],[123,1,1,0,null,null],[151,1,1,0,null,null],[109,1,1,0,null,null],[68,1,1,0,null,null],[76,1,1,0,null,null],[18,1,1,0,null,null],[138,1,1,0,null,null],[46,1,1,0,null,null],[64,1,1,0,null,null],[167,1,1,0,null,null],[118,1,1,0,null,null],[85,1,1,0,null,null],[195,1,1,0,null,null]]}},{"type":"Feature","geometry":{"type":"Polygon","coordinates":[[[-156.49203,58.68276],[-156.4941,58.68137],[-156.49286,58.67991],[-156.48955,58.67983],[-156.48748,58.68122],[-156.48872,58.68268],[-156.49203,58.68276]]]},"properties":{"cell":"890cee9a81bffff","res":9,"coarsened":false,"count":88,"hv":88,"mp":0,"y0":null,"y1":null,"sp":[[71,12,12,0,null,null],[14,9,9,0,null,null],[29,8,8,0,null,null],[72,7,7,0,null,null],[13,7,7,0,null,null],[25,6,6,0,null,null],[42,5,5,0,null,null],[47,5,5,0,null,null],[28,4,4,0,null,null],[89,4,4,0,null,null],[65,3,3,0,null,null],[19,3,3,0,null,null],[78,2,2,0,null,null],[23,2,2,0,null,null],[73,2,2,0,null,null],[95,1,1,0,null,null],[139,1,1,0,null,null],[85,1,1,0,null,null],[21,1,1,0,null,null],[138,1,1,0,null,null],[79,1,1,0,null,null],[75,1,1,0,null,null],[34,1,1,0,null,null],[64,1,1,0,null,null]]}},{"type":"Feature","geometry":{"type":"Polygon","coordinates":[[[-156.48003,58.67244],[-156.48209,58.67105],[-156.48085,58.66959],[-156.47754,58.66951],[-156.47547,58.67089],[-156.47672,58.67236],[-156.48003,58.67244]]]},"properties":{"cell":"890cee9a82fffff","res":9,"coarsened":false,"count":87,"hv":87,"mp":0,"y0":null,"y1":null,"sp":[[71,12,12,0,null,null],[14,11,11,0,null,null],[89,11,11,0,null,null],[10,7,7,0,null,null],[42,6,6,0,null,null],[72,6,6,0,null,null],[29,6,6,0,null,null],[19,4,4,0,null,null],[47,3,3,0,null,null],[55,3,3,0,null,null],[78,3,3,0,null,null],[138,3,3,0,null,null],[13,3,3,0,null,null],[34,2,2,0,null,null],[65,1,1,0,null,null],[60,1,1,0,null,null],[25,1,1,0,null,null],[73,1,1,0,null,null],[33,1,1,0,null,null],[21,1,1,0,null,null],[64,1,1,0,null,null]]}},{"type":"Feature","geometry":{"type":"Polygon","coordinates":[[[-156.51064,58.6703],[-156.5127,58.66892],[-156.51146,58.66746],[-156.50815,58.66738],[-156.50608,58.66876],[-156.50733,58.67023],[-156.51064,58.6703]]]},"properties":{"cell":"890cee9aaafffff","res":9,"coarsened":false,"count":116,"hv":116,"mp":0,"y0":null,"y1":null,"sp":[[29,11,11,0,null,null],[42,11,11,0,null,null],[14,10,10,0,null,null],[79,9,9,0,null,null],[47,9,9,0,null,null],[71,9,9,0,null,null],[73,7,7,0,null,null],[72,7,7,0,null,null],[28,7,7,0,null,null],[13,6,6,0,null,null],[89,5,5,0,null,null],[34,4,4,0,null,null],[109,4,4,0,null,null],[64,3,3,0,null,null],[78,2,2,0,null,null],[19,2,2,0,null,null],[145,1,1,0,null,null],[21,1,1,0,null,null],[75,1,1,0,null,null],[25,1,1,0,null,null],[85,1,1,0,null,null],[65,1,1,0,null,null],[23,1,1,0,null,null],[18,1,1,0,null,null],[167,1,1,0,null,null],[55,1,1,0,null,null]]}},{"type":"Feature","geometry":{"type":"Polygon","coordinates":[[[-156.50071,58.67007],[-156.50277,58.66868],[-156.50153,58.66722],[-156.49822,58.66714],[-156.49615,58.66853],[-156.4974,58.66999],[-156.50071,58.67007]]]},"properties":{"cell":"890cee9abd3ffff","res":9,"coarsened":false,"count":95,"hv":95,"mp":0,"y0":null,"y1":null,"sp":[[71,12,12,0,null,null],[72,11,11,0,null,null],[89,9,9,0,null,null],[42,9,9,0,null,null],[14,8,8,0,null,null],[13,7,7,0,null,null],[47,7,7,0,null,null],[29,7,7,0,null,null],[28,4,4,0,null,null],[73,4,4,0,null,null],[23,3,3,0,null,null],[139,2,2,0,null,null],[79,1,1,0,null,null],[78,1,1,0,null,null],[55,1,1,0,null,null],[19,1,1,0,null,null],[25,1,1,0,null,null],[85,1,1,0,null,null],[34,1,1,0,null,null],[21,1,1,0,null,null],[75,1,1,0,null,null],[64,1,1,0,null,null],[109,1,1,0,null,null],[138,1,1,0,null,null]]}},{"type":"Feature","geometry":{"type":"Polygon","coordinates":[[[-156.4701,58.6722],[-156.47216,58.67081],[-156.47092,58.66935],[-156.46761,58.66927],[-156.46555,58.67066],[-156.46679,58.67212],[-156.4701,58.6722]]]},"properties":{"cell":"890cee9a953ffff","res":9,"coarsened":false,"count":89,"hv":89,"mp":0,"y0":null,"y1":null,"sp":[[89,12,12,0,null,null],[14,12,12,0,null,null],[71,12,12,0,null,null],[10,9,9,0,null,null],[42,8,8,0,null,null],[92,7,7,0,null,null],[47,6,6,0,null,null],[34,4,4,0,null,null],[75,3,3,0,null,null],[19,3,3,0,null,null],[55,2,2,0,null,null],[72,2,2,0,null,null],[60,1,1,0,null,null],[84,1,1,0,null,null],[138,1,1,0,null,null],[64,1,1,0,null,null],[78,1,1,0,null,null],[29,1,1,0,null,null],[109,1,1,0,null,null],[13,1,1,0,null,null],[28,1,1,0,null,null]]}},{"type":"Feature","geometry":{"type":"Polygon","coordinates":[[[-156.5131,58.66177],[-156.51517,58.66038],[-156.51392,58.65892],[-156.51062,58.65884],[-156.50855,58.66022],[-156.50979,58.66169],[-156.5131,58.66177]]]},"properties":{"cell":"890cee9ab5bffff","res":9,"coarsened":false,"count":90,"hv":90,"mp":0,"y0":null,"y1":null,"sp":[[14,11,11,0,null,null],[47,11,11,0,null,null],[71,11,11,0,null,null],[89,10,10,0,null,null],[72,7,7,0,null,null],[42,5,5,0,null,null],[13,5,5,0,null,null],[116,4,4,0,null,null],[23,3,3,0,null,null],[64,3,3,0,null,null],[29,3,3,0,null,null],[34,2,2,0,null,null],[85,2,2,0,null,null],[25,2,2,0,null,null],[109,2,2,0,null,null],[75,2,2,0,null,null],[79,1,1,0,null,null],[19,1,1,0,null,null],[139,1,1,0,null,null],[55,1,1,0,null,null],[73,1,1,0,null,null],[138,1,1,0,null,null],[78,1,1,0,null,null]]}},{"type":"Feature","geometry":{"type":"Polygon","coordinates":[[[-156.5015,59.22262],[-156.50361,59.22123],[-156.50234,59.21975],[-156.49896,59.21967],[-156.49685,59.22106],[-156.49812,59.22254],[-156.5015,59.22262]]]},"properties":{"cell":"890ce101183ffff","res":9,"coarsened":false,"count":3,"hv":3,"mp":0,"y0":null,"y1":null,"sp":[[75,3,3,0,null,null]]}},{"type":"Feature","geometry":{"type":"Polygon","coordinates":[[[-154.03976,58.4023],[-154.0419,58.40097],[-154.04081,58.3995],[-154.03758,58.39936],[-154.03544,58.40069],[-154.03653,58.40216],[-154.03976,58.4023]]]},"properties":{"cell":"890cedcb12bffff","res":9,"coarsened":false,"count":1,"hv":1,"mp":0,"y0":null,"y1":null,"sp":[[56,1,1,0,null,null]]}},{"type":"Feature","geometry":{"type":"Polygon","coordinates":[[[-154.46966,58.07201],[-154.47176,58.07067],[-154.47066,58.06921],[-154.46746,58.06909],[-154.46536,58.07042],[-154.46646,58.07188],[-154.46966,58.07201]]]},"properties":{"cell":"890ced4b22bffff","res":9,"coarsened":false,"count":4,"hv":4,"mp":0,"y0":null,"y1":null,"sp":[[67,3,3,0,null,null],[98,1,1,0,null,null]]}},{"type":"Feature","geometry":{"type":"Polygon","coordinates":[[[-153.49213,58.6913],[-153.49431,58.68997],[-153.49325,58.68849],[-153.48999,58.68834],[-153.48781,58.68966],[-153.48887,58.69114],[-153.49213,58.6913]]]},"properties":{"cell":"890c536f447ffff","res":9,"coarsened":false,"count":4,"hv":4,"mp":0,"y0":null,"y1":null,"sp":[[34,4,4,0,null,null]]}},{"type":"Feature","geometry":{"type":"Polygon","coordinates":[[[-154.49018,58.08272],[-154.49228,58.08139],[-154.49118,58.07993],[-154.48797,58.0798],[-154.48587,58.08114],[-154.48697,58.0826],[-154.49018,58.08272]]]},"properties":{"cell":"890ce894d27ffff","res":9,"coarsened":false,"count":1,"hv":1,"mp":0,"y0":null,"y1":null,"sp":[[11,1,1,0,null,null]]}},{"type":"Feature","geometry":{"type":"Polygon","coordinates":[[[-153.80071,58.5628],[-153.80287,58.56147],[-153.80179,58.55999],[-153.79854,58.55985],[-153.79638,58.56118],[-153.79746,58.56265],[-153.80071,58.5628]]]},"properties":{"cell":"890cedd1023ffff","res":9,"coarsened":false,"count":2,"hv":2,"mp":0,"y0":null,"y1":null,"sp":[[34,2,2,0,null,null]]}},{"type":"Feature","geometry":{"type":"Polygon","coordinates":[[[-154.34104,58.09101],[-154.34315,58.08968],[-154.34205,58.08822],[-154.33885,58.08809],[-154.33674,58.08942],[-154.33784,58.09088],[-154.34104,58.09101]]]},"properties":{"cell":"890ced4a047ffff","res":9,"coarsened":false,"count":2,"hv":2,"mp":0,"y0":null,"y1":null,"sp":[[144,1,1,0,null,null],[146,1,1,0,null,null]]}},{"type":"Feature","geometry":{"type":"Polygon","coordinates":[[[-154.26192,58.28078],[-154.26405,58.27944],[-154.26295,58.27798],[-154.25973,58.27784],[-154.25761,58.27918],[-154.2587,58.28064],[-154.26192,58.28078]]]},"properties":{"cell":"890cec24e67ffff","res":9,"coarsened":false,"count":2,"hv":2,"mp":0,"y0":null,"y1":null,"sp":[[34,2,2,0,null,null]]}},{"type":"Feature","geometry":{"type":"Polygon","coordinates":[[[-153.9323,58.45175],[-153.93445,58.45042],[-153.93337,58.44895],[-153.93013,58.44881],[-153.92798,58.45014],[-153.92906,58.45161],[-153.9323,58.45175]]]},"properties":{"cell":"890cedd8b47ffff","res":9,"coarsened":false,"count":4,"hv":4,"mp":0,"y0":null,"y1":null,"sp":[[34,3,3,0,null,null],[147,1,1,0,null,null]]}},{"type":"Feature","geometry":{"type":"Polygon","coordinates":[[[-153.78985,58.59085],[-153.79202,58.58952],[-153.79094,58.58804],[-153.78769,58.5879],[-153.78552,58.58922],[-153.7866,58.5907],[-153.78985,58.59085]]]},"properties":{"cell":"890cedd14bbffff","res":9,"coarsened":false,"count":1,"hv":1,"mp":0,"y0":null,"y1":null,"sp":[[146,1,1,0,null,null]]}},{"type":"Feature","geometry":{"type":"Polygon","coordinates":[[[-154.46135,58.0816],[-154.46345,58.08027],[-154.46235,58.07881],[-154.45915,58.07868],[-154.45705,58.08002],[-154.45815,58.08148],[-154.46135,58.0816]]]},"properties":{"cell":"890ced4b2bbffff","res":9,"coarsened":false,"count":1,"hv":1,"mp":0,"y0":null,"y1":null,"sp":[[5,1,1,0,null,null]]}},{"type":"Feature","geometry":{"type":"Polygon","coordinates":[[[-153.53132,58.6803],[-153.53351,58.67897],[-153.53244,58.67749],[-153.52918,58.67734],[-153.527,58.67866],[-153.52807,58.68014],[-153.53132,58.6803]]]},"properties":{"cell":"890c536f67bffff","res":9,"coarsened":false,"count":8,"hv":8,"mp":0,"y0":null,"y1":null,"sp":[[34,6,6,0,null,null],[20,1,1,0,null,null],[145,1,1,0,null,null]]}},{"type":"Feature","geometry":{"type":"Polygon","coordinates":[[[-154.2005,58.2612],[-154.20262,58.25987],[-154.20153,58.2584],[-154.19831,58.25827],[-154.19619,58.2596],[-154.19728,58.26107],[-154.2005,58.2612]]]},"properties":{"cell":"890cec24977ffff","res":9,"coarsened":false,"count":1,"hv":1,"mp":0,"y0":null,"y1":null,"sp":[[146,1,1,0,null,null]]}},{"type":"Feature","geometry":{"type":"Polygon","coordinates":[[[-154.19998,58.30238],[-154.20211,58.30105],[-154.20102,58.29958],[-154.19779,58.29945],[-154.19566,58.30078],[-154.19676,58.30225],[-154.19998,58.30238]]]},"properties":{"cell":"890cec26b4fffff","res":9,"coarsened":false,"count":1,"hv":1,"mp":0,"y0":null,"y1":null,"sp":[[144,1,1,0,null,null]]}},{"type":"Feature","geometry":{"type":"Polygon","coordinates":[[[-154.19084,58.2608],[-154.19297,58.25947],[-154.19188,58.258],[-154.18866,58.25787],[-154.18653,58.2592],[-154.18762,58.26066],[-154.19084,58.2608]]]},"properties":{"cell":"890cec24923ffff","res":9,"coarsened":false,"count":1,"hv":1,"mp":0,"y0":null,"y1":null,"sp":[[67,1,1,0,null,null]]}},{"type":"Feature","geometry":{"type":"Polygon","coordinates":[[[-154.19272,58.32198],[-154.19486,58.32065],[-154.19376,58.31918],[-154.19054,58.31905],[-154.18841,58.32038],[-154.1895,58.32185],[-154.19272,58.32198]]]},"properties":{"cell":"890cec2684fffff","res":9,"coarsened":false,"count":1,"hv":1,"mp":0,"y0":null,"y1":null,"sp":[[146,1,1,0,null,null]]}},{"type":"Feature","geometry":{"type":"Polygon","coordinates":[[[-154.18064,58.30158],[-154.18277,58.30025],[-154.18168,58.29878],[-154.17846,58.29865],[-154.17633,58.29998],[-154.17742,58.30145],[-154.18064,58.30158]]]},"properties":{"cell":"890cec26b3bffff","res":9,"coarsened":false,"count":1,"hv":1,"mp":0,"y0":null,"y1":null,"sp":[[144,1,1,0,null,null]]}},{"type":"Feature","geometry":{"type":"Polygon","coordinates":[[[-153.32824,58.33567],[-153.33041,58.33435],[-153.32936,58.33288],[-153.32615,58.33272],[-153.32399,58.33404],[-153.32503,58.33551],[-153.32824,58.33567]]]},"properties":{"cell":"890ced12643ffff","res":9,"coarsened":false,"count":1,"hv":1,"mp":0,"y0":2007,"y1":2007,"sp":[[141,1,1,0,2007,2007]]}},{"type":"Feature","geometry":{"type":"Polygon","coordinates":[[[-153.97158,58.33535],[-153.97372,58.33402],[-153.97264,58.33255],[-153.96941,58.33241],[-153.96727,58.33374],[-153.96836,58.33521],[-153.97158,58.33535]]]},"properties":{"cell":"890cedc880bffff","res":9,"coarsened":false,"count":2,"hv":2,"mp":0,"y0":2004,"y1":2007,"sp":[[34,2,2,0,2004,2007]]}},{"type":"Feature","geometry":{"type":"Polygon","coordinates":[[[-153.95471,58.17274],[-153.95684,58.17141],[-153.95576,58.16995],[-153.95256,58.16981],[-153.95043,58.17113],[-153.95151,58.1726],[-153.95471,58.17274]]]},"properties":{"cell":"890ced5543bffff","res":9,"coarsened":false,"count":1,"hv":1,"mp":0,"y0":2007,"y1":2007,"sp":[[34,1,1,0,2007,2007]]}},{"type":"Feature","geometry":{"type":"Polygon","coordinates":[[[-153.65181,58.33672],[-153.65396,58.3354],[-153.6529,58.33393],[-153.64968,58.33378],[-153.64753,58.3351],[-153.64859,58.33657],[-153.65181,58.33672]]]},"properties":{"cell":"890cedc538fffff","res":9,"coarsened":false,"count":2,"hv":2,"mp":0,"y0":2007,"y1":2007,"sp":[[141,1,1,0,2007,2007],[34,1,1,0,2007,2007]]}},{"type":"Feature","geometry":{"type":"Polygon","coordinates":[[[-153.64009,58.16583],[-153.64223,58.16451],[-153.64117,58.16305],[-153.63798,58.1629],[-153.63584,58.16422],[-153.63689,58.16569],[-153.64009,58.16583]]]},"properties":{"cell":"890ced19827ffff","res":9,"coarsened":false,"count":1,"hv":1,"mp":0,"y0":2007,"y1":2007,"sp":[[34,1,1,0,2007,2007]]}},{"type":"Feature","geometry":{"type":"Polygon","coordinates":[[[-156.44266,58.2701],[-156.4447,58.26873],[-156.44348,58.26727],[-156.44022,58.2672],[-156.43818,58.26857],[-156.4394,58.27002],[-156.44266,58.2701]]]},"properties":{"cell":"890cee14a57ffff","res":9,"coarsened":false,"count":2,"hv":2,"mp":0,"y0":null,"y1":null,"sp":[[85,2,2,0,null,null]]}},{"type":"Feature","geometry":{"type":"Polygon","coordinates":[[[-155.74171,59.11212],[-155.74385,59.11075],[-155.74263,59.10927],[-155.73928,59.10917],[-155.73715,59.11054],[-155.73837,59.11202],[-155.74171,59.11212]]]},"properties":{"cell":"890ce1adcafffff","res":9,"coarsened":false,"count":1,"hv":1,"mp":0,"y0":null,"y1":null,"sp":[[85,1,1,0,null,null]]}},{"type":"Feature","geometry":{"type":"Polygon","coordinates":[[[-156.10403,59.27137],[-156.10616,59.26998],[-156.10491,59.2685],[-156.10154,59.26841],[-156.09941,59.26979],[-156.10065,59.27127],[-156.10403,59.27137]]]},"properties":{"cell":"890ce114c73ffff","res":9,"coarsened":false,"count":1,"hv":1,"mp":0,"y0":null,"y1":null,"sp":[[75,1,1,0,null,null]]}},{"type":"Feature","geometry":{"type":"Polygon","coordinates":[[[-154.21015,58.2616],[-154.21228,58.26027],[-154.21118,58.2588],[-154.20797,58.25867],[-154.20584,58.26],[-154.20693,58.26146],[-154.21015,58.2616]]]},"properties":{"cell":"890cec2497bffff","res":9,"coarsened":false,"count":2,"hv":2,"mp":0,"y0":null,"y1":null,"sp":[[34,2,2,0,null,null]]}},{"type":"Feature","geometry":{"type":"Polygon","coordinates":[[[-154.25059,58.31158],[-154.25272,58.31024],[-154.25162,58.30878],[-154.2484,58.30865],[-154.24627,58.30998],[-154.24737,58.31145],[-154.25059,58.31158]]]},"properties":{"cell":"890cec24113ffff","res":9,"coarsened":false,"count":2,"hv":2,"mp":0,"y0":null,"y1":null,"sp":[[34,2,2,0,null,null]]}},{"type":"Feature","geometry":{"type":"Polygon","coordinates":[[[-153.82017,58.6022],[-153.82234,58.60087],[-153.82126,58.5994],[-153.81801,58.59925],[-153.81584,58.60058],[-153.81692,58.60206],[-153.82017,58.6022]]]},"properties":{"cell":"890ceca49bbffff","res":9,"coarsened":false,"count":2,"hv":2,"mp":0,"y0":null,"y1":null,"sp":[[34,2,2,0,null,null]]}},{"type":"Feature","geometry":{"type":"Polygon","coordinates":[[[-153.31137,58.84279],[-153.31357,58.84147],[-153.31251,58.83998],[-153.30924,58.83982],[-153.30703,58.84115],[-153.3081,58.84263],[-153.31137,58.84279]]]},"properties":{"cell":"890c5362483ffff","res":9,"coarsened":false,"count":1,"hv":1,"mp":0,"y0":null,"y1":null,"sp":[[34,1,1,0,null,null]]}},{"type":"Feature","geometry":{"type":"Polygon","coordinates":[[[-153.36944,58.76117],[-153.37164,58.75985],[-153.37057,58.75837],[-153.36731,58.75821],[-153.36512,58.75953],[-153.36618,58.76102],[-153.36944,58.76117]]]},"properties":{"cell":"890c5360027ffff","res":9,"coarsened":false,"count":1,"hv":1,"mp":0,"y0":null,"y1":null,"sp":[[34,1,1,0,null,null]]}},{"type":"Feature","geometry":{"type":"Polygon","coordinates":[[[-156.06226,59.2413],[-156.06439,59.23991],[-156.06315,59.23843],[-156.05978,59.23834],[-156.05765,59.23972],[-156.05889,59.2412],[-156.06226,59.2413]]]},"properties":{"cell":"890ce114933ffff","res":9,"coarsened":false,"count":2,"hv":2,"mp":0,"y0":null,"y1":null,"sp":[[75,2,2,0,null,null]]}},{"type":"Feature","geometry":{"type":"Polygon","coordinates":[[[-155.54276,59.10013],[-155.5449,59.09876],[-155.54369,59.09728],[-155.54035,59.09717],[-155.53821,59.09854],[-155.53942,59.10002],[-155.54276,59.10013]]]},"properties":{"cell":"890cecdb02bffff","res":9,"coarsened":false,"count":3,"hv":3,"mp":0,"y0":null,"y1":null,"sp":[[150,1,1,0,null,null],[108,1,1,0,null,null],[85,1,1,0,null,null]]}},{"type":"Feature","geometry":{"type":"Polygon","coordinates":[[[-154.48057,58.08235],[-154.48267,58.08102],[-154.48157,58.07956],[-154.47837,58.07943],[-154.47626,58.08077],[-154.47737,58.08223],[-154.48057,58.08235]]]},"properties":{"cell":"890ced4b2cfffff","res":9,"coarsened":false,"count":5,"hv":5,"mp":0,"y0":null,"y1":null,"sp":[[34,5,5,0,null,null]]}},{"type":"Feature","geometry":{"type":"Polygon","coordinates":[[[-154.30901,58.27275],[-154.31113,58.27141],[-154.31003,58.26995],[-154.30681,58.26982],[-154.30469,58.27115],[-154.30579,58.27262],[-154.30901,58.27275]]]},"properties":{"cell":"890cec25d6bffff","res":9,"coarsened":false,"count":1,"hv":1,"mp":0,"y0":null,"y1":null,"sp":[[34,1,1,0,null,null]]}},{"type":"Feature","geometry":{"type":"Polygon","coordinates":[[[-154.11871,58.23081],[-154.12084,58.22948],[-154.11975,58.22801],[-154.11654,58.22788],[-154.11441,58.22921],[-154.1155,58.23067],[-154.11871,58.23081]]]},"properties":{"cell":"890ced50247ffff","res":9,"coarsened":false,"count":1,"hv":1,"mp":0,"y0":null,"y1":null,"sp":[[34,1,1,0,null,null]]}},{"type":"Feature","geometry":{"type":"Polygon","coordinates":[[[-154.2384,57.9991],[-154.2405,57.99777],[-154.23942,57.99631],[-154.23623,57.99618],[-154.23413,57.99751],[-154.23521,57.99897],[-154.2384,57.9991]]]},"properties":{"cell":"890ced4f3d3ffff","res":9,"coarsened":false,"count":5,"hv":5,"mp":0,"y0":2004,"y1":2006,"sp":[[141,4,4,0,2004,2006],[34,1,1,0,2006,2006]]}},{"type":"Feature","geometry":{"type":"Polygon","coordinates":[[[-153.59138,58.00361],[-153.59351,58.0023],[-153.59246,58.00083],[-153.58928,58.00069],[-153.58715,58.00201],[-153.5882,58.00347],[-153.59138,58.00361]]]},"properties":{"cell":"890ced0d66bffff","res":9,"coarsened":false,"count":2,"hv":2,"mp":0,"y0":2006,"y1":2006,"sp":[[141,1,1,0,2006,2006],[34,1,1,0,2006,2006]]}},{"type":"Feature","geometry":{"type":"Polygon","coordinates":[[[-153.33787,58.33613],[-153.34003,58.33482],[-153.33899,58.33335],[-153.33578,58.33319],[-153.33362,58.33451],[-153.33466,58.33598],[-153.33787,58.33613]]]},"properties":{"cell":"890ced13597ffff","res":9,"coarsened":false,"count":9,"hv":9,"mp":0,"y0":2002,"y1":2006,"sp":[[141,5,5,0,2002,2006],[34,2,2,0,2002,2006],[142,1,1,0,2003,2003],[188,1,1,0,2002,2002]]}},{"type":"Feature","geometry":{"type":"Polygon","coordinates":[[[-153.69177,58.49939],[-153.69394,58.49806],[-153.69287,58.49659],[-153.68963,58.49644],[-153.68747,58.49777],[-153.68854,58.49924],[-153.69177,58.49939]]]},"properties":{"cell":"890cedc243bffff","res":9,"coarsened":false,"count":1,"hv":1,"mp":0,"y0":2006,"y1":2006,"sp":[[34,1,1,0,2006,2006]]}},{"type":"Feature","geometry":{"type":"Polygon","coordinates":[[[-153.50303,58.502],[-153.50521,58.50068],[-153.50414,58.49921],[-153.50091,58.49905],[-153.49874,58.50038],[-153.4998,58.50185],[-153.50303,58.502]]]},"properties":{"cell":"890cedd40dbffff","res":9,"coarsened":false,"count":1,"hv":1,"mp":0,"y0":2006,"y1":2006,"sp":[[166,1,1,0,2006,2006]]}},{"type":"Feature","geometry":{"type":"Polygon","coordinates":[[[-154.44252,58.24257],[-154.44464,58.24124],[-154.44353,58.23977],[-154.44031,58.23965],[-154.4382,58.24098],[-154.4393,58.24245],[-154.44252,58.24257]]]},"properties":{"cell":"890cec2eb3bffff","res":9,"coarsened":false,"count":13,"hv":13,"mp":0,"y0":null,"y1":null,"sp":[[73,6,6,0,null,null],[64,3,3,0,null,null],[42,3,3,0,null,null],[79,1,1,0,null,null]]}},{"type":"Feature","geometry":{"type":"Polygon","coordinates":[[[-154.80073,58.17099],[-154.80283,58.16965],[-154.8017,58.16819],[-154.79848,58.16807],[-154.79639,58.16941],[-154.79751,58.17087],[-154.80073,58.17099]]]},"properties":{"cell":"890ce890e5bffff","res":9,"coarsened":false,"count":17,"hv":17,"mp":0,"y0":null,"y1":null,"sp":[[47,5,5,0,null,null],[64,3,3,0,null,null],[79,3,3,0,null,null],[120,2,2,0,null,null],[73,2,2,0,null,null],[42,2,2,0,null,null]]}},{"type":"Feature","geometry":{"type":"Polygon","coordinates":[[[-156.47353,58.97101],[-156.47562,58.96962],[-156.47437,58.96815],[-156.47102,58.96807],[-156.46893,58.96946],[-156.47019,58.97093],[-156.47353,58.97101]]]},"properties":{"cell":"890ce17459bffff","res":9,"coarsened":false,"count":1,"hv":1,"mp":0,"y0":null,"y1":null,"sp":[[85,1,1,0,null,null]]}},{"type":"Feature","geometry":{"type":"Polygon","coordinates":[[[-156.02293,59.17089],[-156.02505,59.16951],[-156.02381,59.16803],[-156.02045,59.16793],[-156.01833,59.16932],[-156.01957,59.17079],[-156.02293,59.17089]]]},"properties":{"cell":"890ce1a9a9bffff","res":9,"coarsened":false,"count":6,"hv":6,"mp":0,"y0":null,"y1":null,"sp":[[85,5,5,0,null,null],[75,1,1,0,null,null]]}},{"type":"Feature","geometry":{"type":"Polygon","coordinates":[[[-155.81469,59.07399],[-155.86784,59.0554],[-155.86557,59.0251],[-155.81028,59.01339],[-155.75719,59.03194],[-155.75934,59.06224],[-155.81469,59.07399]]]},"properties":{"cell":"860ce1377ffffff","res":6,"coarsened":true,"count":3,"hv":3,"mp":0,"y0":null,"y1":null,"sp":[[1,3,3,0,null,null]]}},{"type":"Feature","geometry":{"type":"Polygon","coordinates":[[[-154.83937,58.17239],[-154.84146,58.17105],[-154.84034,58.16959],[-154.83712,58.16947],[-154.83502,58.17082],[-154.83615,58.17228],[-154.83937,58.17239]]]},"properties":{"cell":"890ce891cabffff","res":9,"coarsened":false,"count":14,"hv":14,"mp":0,"y0":null,"y1":null,"sp":[[64,4,4,0,null,null],[73,3,3,0,null,null],[47,2,2,0,null,null],[79,2,2,0,null,null],[42,2,2,0,null,null],[5,1,1,0,null,null]]}},{"type":"Feature","geometry":{"type":"Polygon","coordinates":[[[-154.82971,58.17204],[-154.8318,58.1707],[-154.83068,58.16924],[-154.82746,58.16912],[-154.82536,58.17047],[-154.82649,58.17193],[-154.82971,58.17204]]]},"properties":{"cell":"890ce891ca7ffff","res":9,"coarsened":false,"count":15,"hv":15,"mp":0,"y0":null,"y1":null,"sp":[[47,3,3,0,null,null],[64,3,3,0,null,null],[79,3,3,0,null,null],[167,3,3,0,null,null],[42,2,2,0,null,null],[73,1,1,0,null,null]]}},{"type":"Feature","geometry":{"type":"Polygon","coordinates":[[[-154.81039,58.17134],[-154.81248,58.17],[-154.81136,58.16854],[-154.80814,58.16842],[-154.80605,58.16976],[-154.80717,58.17122],[-154.81039,58.17134]]]},"properties":{"cell":"890ce891d93ffff","res":9,"coarsened":false,"count":9,"hv":9,"mp":0,"y0":null,"y1":null,"sp":[[64,3,3,0,null,null],[79,3,3,0,null,null],[47,1,1,0,null,null],[42,1,1,0,null,null],[73,1,1,0,null,null]]}},{"type":"Feature","geometry":{"type":"Polygon","coordinates":[[[-156.35061,59.18124],[-156.35272,59.17985],[-156.35147,59.17838],[-156.3481,59.17829],[-156.34599,59.17968],[-156.34724,59.18116],[-156.35061,59.18124]]]},"properties":{"cell":"890ce100957ffff","res":9,"coarsened":false,"count":1,"hv":1,"mp":0,"y0":null,"y1":null,"sp":[[150,1,1,0,null,null]]}},{"type":"Feature","geometry":{"type":"Polygon","coordinates":[[[-154.82005,58.17169],[-154.82214,58.17035],[-154.82102,58.16889],[-154.8178,58.16877],[-154.8157,58.17011],[-154.81683,58.17157],[-154.82005,58.17169]]]},"properties":{"cell":"890ce89036fffff","res":9,"coarsened":false,"count":6,"hv":6,"mp":0,"y0":null,"y1":null,"sp":[[79,3,3,0,null,null],[42,2,2,0,null,null],[89,1,1,0,null,null]]}},{"type":"Feature","geometry":{"type":"Polygon","coordinates":[[[-154.80223,58.1526],[-154.80432,58.15125],[-154.8032,58.14979],[-154.79998,58.14968],[-154.79789,58.15102],[-154.79901,58.15248],[-154.80223,58.1526]]]},"properties":{"cell":"890ce890a53ffff","res":9,"coarsened":false,"count":2,"hv":2,"mp":0,"y0":null,"y1":null,"sp":[[93,1,1,0,null,null],[110,1,1,0,null,null]]}},{"type":"Feature","geometry":{"type":"Polygon","coordinates":[[[-154.48979,58.11105],[-154.49189,58.10972],[-154.49079,58.10825],[-154.48758,58.10813],[-154.48548,58.10947],[-154.48658,58.11093],[-154.48979,58.11105]]]},"properties":{"cell":"890ce896b17ffff","res":9,"coarsened":false,"count":12,"hv":12,"mp":0,"y0":null,"y1":null,"sp":[[73,4,4,0,null,null],[64,3,3,0,null,null],[42,3,3,0,null,null],[79,1,1,0,null,null],[46,1,1,0,null,null]]}},{"type":"Feature","geometry":{"type":"Polygon","coordinates":[[[-154.49371,58.14098],[-154.49582,58.13964],[-154.49471,58.13818],[-154.4915,58.13805],[-154.4894,58.13939],[-154.4905,58.14085],[-154.49371,58.14098]]]},"properties":{"cell":"890ce896c6bffff","res":9,"coarsened":false,"count":7,"hv":7,"mp":0,"y0":null,"y1":null,"sp":[[73,2,2,0,null,null],[64,2,2,0,null,null],[93,2,2,0,null,null],[110,1,1,0,null,null]]}},{"type":"Feature","geometry":{"type":"Polygon","coordinates":[[[-154.49324,58.21048],[-154.49535,58.20915],[-154.49425,58.20768],[-154.49103,58.20756],[-154.48892,58.2089],[-154.49002,58.21036],[-154.49324,58.21048]]]},"properties":{"cell":"890cec2c867ffff","res":9,"coarsened":false,"count":27,"hv":27,"mp":0,"y0":null,"y1":null,"sp":[[73,6,6,0,null,null],[42,5,5,0,null,null],[79,4,4,0,null,null],[64,3,3,0,null,null],[167,2,2,0,null,null],[47,2,2,0,null,null],[34,2,2,0,null,null],[10,2,2,0,null,null],[110,1,1,0,null,null]]}},{"type":"Feature","geometry":{"type":"Polygon","coordinates":[[[-154.48017,58.11068],[-154.48227,58.10934],[-154.48117,58.10788],[-154.47796,58.10776],[-154.47586,58.10909],[-154.47696,58.11055],[-154.48017,58.11068]]]},"properties":{"cell":"890ce896ba3ffff","res":9,"coarsened":false,"count":22,"hv":22,"mp":0,"y0":null,"y1":null,"sp":[[73,8,8,0,null,null],[64,7,7,0,null,null],[47,2,2,0,null,null],[42,2,2,0,null,null],[79,2,2,0,null,null],[167,1,1,0,null,null]]}},{"type":"Feature","geometry":{"type":"Polygon","coordinates":[[[-154.48147,58.12065],[-154.48358,58.11931],[-154.48247,58.11785],[-154.47927,58.11773],[-154.47716,58.11906],[-154.47826,58.12053],[-154.48147,58.12065]]]},"properties":{"cell":"890ce89682fffff","res":9,"coarsened":false,"count":11,"hv":11,"mp":0,"y0":null,"y1":null,"sp":[[64,4,4,0,null,null],[47,3,3,0,null,null],[73,3,3,0,null,null],[42,1,1,0,null,null]]}},{"type":"Feature","geometry":{"type":"Polygon","coordinates":[[[-154.48007,58.15179],[-154.48218,58.15046],[-154.48107,58.14899],[-154.47786,58.14887],[-154.47575,58.1502],[-154.47686,58.15167],[-154.48007,58.15179]]]},"properties":{"cell":"890ce896c13ffff","res":9,"coarsened":false,"count":14,"hv":14,"mp":0,"y0":null,"y1":null,"sp":[[73,6,6,0,null,null],[79,2,2,0,null,null],[62,2,2,0,null,null],[42,2,2,0,null,null],[64,1,1,0,null,null],[47,1,1,0,null,null]]}},{"type":"Feature","geometry":{"type":"Polygon","coordinates":[[[-154.47055,58.1103],[-154.47265,58.10897],[-154.47155,58.10751],[-154.46835,58.10738],[-154.46624,58.10872],[-154.46734,58.11018],[-154.47055,58.1103]]]},"properties":{"cell":"890ce89696bffff","res":9,"coarsened":false,"count":12,"hv":12,"mp":0,"y0":null,"y1":null,"sp":[[64,3,3,0,null,null],[79,3,3,0,null,null],[73,3,3,0,null,null],[42,1,1,0,null,null],[71,1,1,0,null,null],[115,1,1,0,null,null]]}},{"type":"Feature","geometry":{"type":"Polygon","coordinates":[[[-154.47252,58.24091],[-154.47463,58.23958],[-154.47353,58.23811],[-154.47031,58.23799],[-154.46819,58.23932],[-154.4693,58.24079],[-154.47252,58.24091]]]},"properties":{"cell":"890cec2ccbbffff","res":9,"coarsened":false,"count":5,"hv":5,"mp":0,"y0":null,"y1":null,"sp":[[110,2,2,0,null,null],[44,1,1,0,null,null],[62,1,1,0,null,null],[64,1,1,0,null,null]]}},{"type":"Feature","geometry":{"type":"Polygon","coordinates":[[[-154.42983,58.2506],[-154.43194,58.24926],[-154.43084,58.24779],[-154.42762,58.24767],[-154.4255,58.249],[-154.4266,58.25047],[-154.42983,58.2506]]]},"properties":{"cell":"890cec2ebb3ffff","res":9,"coarsened":false,"count":16,"hv":16,"mp":0,"y0":null,"y1":null,"sp":[[73,7,7,0,null,null],[64,3,3,0,null,null],[42,3,3,0,null,null],[167,3,3,0,null,null]]}},{"type":"Feature","geometry":{"type":"Polygon","coordinates":[[[-154.40329,58.16154],[-154.4054,58.1602],[-154.4043,58.15874],[-154.40109,58.15861],[-154.39898,58.15995],[-154.40008,58.16141],[-154.40329,58.16154]]]},"properties":{"cell":"890ced5913bffff","res":9,"coarsened":false,"count":18,"hv":18,"mp":0,"y0":null,"y1":null,"sp":[[73,9,9,0,null,null],[64,5,5,0,null,null],[42,3,3,0,null,null],[79,1,1,0,null,null]]}},{"type":"Feature","geometry":{"type":"Polygon","coordinates":[[[-154.39925,58.17273],[-154.40136,58.17139],[-154.40026,58.16993],[-154.39705,58.1698],[-154.39493,58.17114],[-154.39603,58.1726],[-154.39925,58.17273]]]},"properties":{"cell":"890ced59183ffff","res":9,"coarsened":false,"count":26,"hv":26,"mp":0,"y0":null,"y1":null,"sp":[[73,10,10,0,null,null],[64,5,5,0,null,null],[42,4,4,0,null,null],[62,3,3,0,null,null],[79,3,3,0,null,null],[44,1,1,0,null,null]]}},{"type":"Feature","geometry":{"type":"Polygon","coordinates":[[[-154.40062,58.29064],[-154.40274,58.2893],[-154.40163,58.28784],[-154.39841,58.28771],[-154.39629,58.28905],[-154.39739,58.29051],[-154.40062,58.29064]]]},"properties":{"cell":"890cec25373ffff","res":9,"coarsened":false,"count":23,"hv":23,"mp":0,"y0":null,"y1":null,"sp":[[73,8,8,0,null,null],[64,5,5,0,null,null],[42,3,3,0,null,null],[62,3,3,0,null,null],[44,2,2,0,null,null],[5,1,1,0,null,null],[79,1,1,0,null,null]]}},{"type":"Feature","geometry":{"type":"Polygon","coordinates":[[[-154.38966,58.28026],[-154.39178,58.27892],[-154.39068,58.27745],[-154.38746,58.27733],[-154.38534,58.27866],[-154.38644,58.28013],[-154.38966,58.28026]]]},"properties":{"cell":"890cec2ed87ffff","res":9,"coarsened":false,"count":14,"hv":14,"mp":0,"y0":null,"y1":null,"sp":[[73,4,4,0,null,null],[64,4,4,0,null,null],[42,3,3,0,null,null],[79,2,2,0,null,null],[47,1,1,0,null,null]]}},{"type":"Feature","geometry":{"type":"Polygon","coordinates":[[[-154.37897,58.28267],[-154.38109,58.28133],[-154.37999,58.27987],[-154.37677,58.27974],[-154.37465,58.28108],[-154.37575,58.28254],[-154.37897,58.28267]]]},"properties":{"cell":"890cec25e43ffff","res":9,"coarsened":false,"count":12,"hv":12,"mp":0,"y0":null,"y1":null,"sp":[[64,5,5,0,null,null],[42,3,3,0,null,null],[73,2,2,0,null,null],[79,2,2,0,null,null]]}},{"type":"Feature","geometry":{"type":"Polygon","coordinates":[[[-154.37057,58.29228],[-154.37269,58.29095],[-154.37159,58.28948],[-154.36837,58.28935],[-154.36624,58.29069],[-154.36735,58.29215],[-154.37057,58.29228]]]},"properties":{"cell":"890cec25ed3ffff","res":9,"coarsened":false,"count":16,"hv":16,"mp":0,"y0":null,"y1":null,"sp":[[73,6,6,0,null,null],[64,5,5,0,null,null],[42,3,3,0,null,null],[79,2,2,0,null,null]]}},{"type":"Feature","geometry":{"type":"Polygon","coordinates":[[[-154.3609,58.29189],[-154.36302,58.29056],[-154.36192,58.28909],[-154.35869,58.28896],[-154.35657,58.2903],[-154.35767,58.29177],[-154.3609,58.29189]]]},"properties":{"cell":"890cec25e9bffff","res":9,"coarsened":false,"count":13,"hv":13,"mp":0,"y0":null,"y1":null,"sp":[[64,4,4,0,null,null],[47,3,3,0,null,null],[73,2,2,0,null,null],[79,2,2,0,null,null],[42,1,1,0,null,null],[56,1,1,0,null,null]]}},{"type":"Feature","geometry":{"type":"Polygon","coordinates":[[[-154.29281,58.33037],[-154.29494,58.32903],[-154.29384,58.32757],[-154.29061,58.32743],[-154.28848,58.32877],[-154.28958,58.33024],[-154.29281,58.33037]]]},"properties":{"cell":"890cec246a7ffff","res":9,"coarsened":false,"count":12,"hv":12,"mp":0,"y0":null,"y1":null,"sp":[[64,3,3,0,null,null],[169,3,3,0,null,null],[44,2,2,0,null,null],[73,2,2,0,null,null],[89,2,2,0,null,null]]}},{"type":"Feature","geometry":{"type":"Polygon","coordinates":[[[-154.4019,58.30064],[-154.40402,58.29931],[-154.40292,58.29784],[-154.39969,58.29771],[-154.39757,58.29905],[-154.39867,58.30051],[-154.4019,58.30064]]]},"properties":{"cell":"890cec253c3ffff","res":9,"coarsened":false,"count":3,"hv":3,"mp":0,"y0":null,"y1":null,"sp":[[44,3,3,0,null,null]]}},{"type":"Feature","geometry":{"type":"Polygon","coordinates":[[[-154.39222,58.30026],[-154.39434,58.29892],[-154.39324,58.29745],[-154.39001,58.29733],[-154.38789,58.29866],[-154.38899,58.30013],[-154.39222,58.30026]]]},"properties":{"cell":"890cec2538bffff","res":9,"coarsened":false,"count":6,"hv":6,"mp":0,"y0":null,"y1":null,"sp":[[64,2,2,0,null,null],[73,2,2,0,null,null],[56,1,1,0,null,null],[44,1,1,0,null,null]]}},{"type":"Feature","geometry":{"type":"Polygon","coordinates":[[[-154.38152,58.30267],[-154.38365,58.30134],[-154.38254,58.29987],[-154.37931,58.29974],[-154.37719,58.30108],[-154.3783,58.30254],[-154.38152,58.30267]]]},"properties":{"cell":"890cec25397ffff","res":9,"coarsened":false,"count":3,"hv":3,"mp":0,"y0":null,"y1":null,"sp":[[73,2,2,0,null,null],[44,1,1,0,null,null]]}},{"type":"Feature","geometry":{"type":"Polygon","coordinates":[[[-154.54152,58.21236],[-154.54363,58.21102],[-154.54252,58.20956],[-154.5393,58.20943],[-154.53719,58.21077],[-154.5383,58.21223],[-154.54152,58.21236]]]},"properties":{"cell":"890cec2ca53ffff","res":9,"coarsened":false,"count":2,"hv":2,"mp":0,"y0":null,"y1":null,"sp":[[44,1,1,0,null,null],[62,1,1,0,null,null]]}},{"type":"Feature","geometry":{"type":"Polygon","coordinates":[[[-154.53187,58.21198],[-154.53397,58.21065],[-154.53287,58.20918],[-154.52965,58.20906],[-154.52754,58.2104],[-154.52865,58.21186],[-154.53187,58.21198]]]},"properties":{"cell":"890cec2ca1bffff","res":9,"coarsened":false,"count":14,"hv":14,"mp":0,"y0":null,"y1":null,"sp":[[73,4,4,0,null,null],[44,4,4,0,null,null],[62,2,2,0,null,null],[64,2,2,0,null,null],[79,2,2,0,null,null]]}},{"type":"Feature","geometry":{"type":"Polygon","coordinates":[[[-154.49941,58.11142],[-154.50151,58.11009],[-154.50041,58.10863],[-154.4972,58.1085],[-154.4951,58.10984],[-154.4962,58.1113],[-154.49941,58.11142]]]},"properties":{"cell":"890ce896b1bffff","res":9,"coarsened":false,"count":10,"hv":10,"mp":0,"y0":null,"y1":null,"sp":[[73,4,4,0,null,null],[42,2,2,0,null,null],[47,2,2,0,null,null],[64,2,2,0,null,null]]}},{"type":"Feature","geometry":{"type":"Polygon","coordinates":[[[-154.4897,58.15217],[-154.49181,58.15083],[-154.4907,58.14937],[-154.48749,58.14924],[-154.48539,58.15058],[-154.48649,58.15204],[-154.4897,58.15217]]]},"properties":{"cell":"890ce896ccfffff","res":9,"coarsened":false,"count":8,"hv":8,"mp":0,"y0":null,"y1":null,"sp":[[64,3,3,0,null,null],[47,3,3,0,null,null],[73,2,2,0,null,null]]}},{"type":"Feature","geometry":{"type":"Polygon","coordinates":[[[-154.46286,58.24053],[-154.46497,58.2392],[-154.46386,58.23773],[-154.46064,58.23761],[-154.45853,58.23894],[-154.45964,58.24041],[-154.46286,58.24053]]]},"properties":{"cell":"890cec2ccb7ffff","res":9,"coarsened":false,"count":3,"hv":3,"mp":0,"y0":null,"y1":null,"sp":[[44,2,2,0,null,null],[64,1,1,0,null,null]]}},{"type":"Feature","geometry":{"type":"Polygon","coordinates":[[[-154.43949,58.25098],[-154.44161,58.24964],[-154.4405,58.24818],[-154.43728,58.24805],[-154.43516,58.24939],[-154.43627,58.25085],[-154.43949,58.25098]]]},"properties":{"cell":"890cec2eb8fffff","res":9,"coarsened":false,"count":13,"hv":13,"mp":0,"y0":null,"y1":null,"sp":[[73,5,5,0,null,null],[62,3,3,0,null,null],[44,2,2,0,null,null],[64,2,2,0,null,null],[79,1,1,0,null,null]]}},{"type":"Feature","geometry":{"type":"Polygon","coordinates":[[[-154.38025,58.29267],[-154.38237,58.29133],[-154.38127,58.28987],[-154.37804,58.28974],[-154.37592,58.29108],[-154.37702,58.29254],[-154.38025,58.29267]]]},"properties":{"cell":"890cec253afffff","res":9,"coarsened":false,"count":13,"hv":13,"mp":0,"y0":null,"y1":null,"sp":[[42,4,4,0,null,null],[73,4,4,0,null,null],[64,3,3,0,null,null],[5,1,1,0,null,null],[62,1,1,0,null,null]]}},{"type":"Feature","geometry":{"type":"Polygon","coordinates":[[[-154.05831,58.43157],[-154.06046,58.43024],[-154.05937,58.42877],[-154.05613,58.42863],[-154.05399,58.42996],[-154.05508,58.43143],[-154.05831,58.43157]]]},"properties":{"cell":"890cedcb42fffff","res":9,"coarsened":false,"count":1,"hv":1,"mp":0,"y0":null,"y1":null,"sp":[[34,1,1,0,null,null]]}},{"type":"Feature","geometry":{"type":"Polygon","coordinates":[[[-154.00074,58.70164],[-154.00291,58.7003],[-154.00181,58.69882],[-153.99854,58.69868],[-153.99638,58.70002],[-153.99747,58.7015],[-154.00074,58.70164]]]},"properties":{"cell":"890ceca7677ffff","res":9,"coarsened":false,"count":4,"hv":4,"mp":0,"y0":null,"y1":null,"sp":[[79,1,1,0,null,null],[169,1,1,0,null,null],[62,1,1,0,null,null],[44,1,1,0,null,null]]}},{"type":"Feature","geometry":{"type":"Polygon","coordinates":[[[-154.00189,58.7117],[-154.00406,58.71036],[-154.00296,58.70889],[-153.9997,58.70874],[-153.99753,58.71008],[-153.99863,58.71156],[-154.00189,58.7117]]]},"properties":{"cell":"890ceca76c7ffff","res":9,"coarsened":false,"count":6,"hv":6,"mp":0,"y0":null,"y1":null,"sp":[[62,4,4,0,null,null],[44,1,1,0,null,null],[115,1,1,0,null,null]]}},{"type":"Feature","geometry":{"type":"Polygon","coordinates":[[[-153.99324,58.72133],[-153.99541,58.72],[-153.99431,58.71852],[-153.99105,58.71838],[-153.98888,58.71971],[-153.98997,58.72119],[-153.99324,58.72133]]]},"properties":{"cell":"890ceca2977ffff","res":9,"coarsened":false,"count":11,"hv":11,"mp":0,"y0":null,"y1":null,"sp":[[62,4,4,0,null,null],[44,2,2,0,null,null],[73,2,2,0,null,null],[120,1,1,0,null,null],[64,1,1,0,null,null],[46,1,1,0,null,null]]}},{"type":"Feature","geometry":{"type":"Polygon","coordinates":[[[-153.98344,58.7209],[-153.98561,58.71957],[-153.98451,58.71809],[-153.98124,58.71795],[-153.97907,58.71928],[-153.98017,58.72076],[-153.98344,58.7209]]]},"properties":{"cell":"890ceca2923ffff","res":9,"coarsened":false,"count":15,"hv":15,"mp":0,"y0":null,"y1":null,"sp":[[73,4,4,0,null,null],[64,2,2,0,null,null],[42,2,2,0,null,null],[62,2,2,0,null,null],[44,2,2,0,null,null],[79,1,1,0,null,null],[168,1,1,0,null,null],[46,1,1,0,null,null]]}},{"type":"Feature","geometry":{"type":"Polygon","coordinates":[[[-153.97915,58.73216],[-153.98132,58.73082],[-153.98022,58.72935],[-153.97695,58.7292],[-153.97478,58.73054],[-153.97588,58.73202],[-153.97915,58.73216]]]},"properties":{"cell":"890ceca2987ffff","res":9,"coarsened":false,"count":11,"hv":11,"mp":0,"y0":null,"y1":null,"sp":[[73,4,4,0,null,null],[46,2,2,0,null,null],[42,2,2,0,null,null],[64,2,2,0,null,null],[79,1,1,0,null,null]]}},{"type":"Feature","geometry":{"type":"Polygon","coordinates":[[[-153.97048,58.74179],[-153.97265,58.74046],[-153.97156,58.73898],[-153.96829,58.73884],[-153.96611,58.74017],[-153.96721,58.74165],[-153.97048,58.74179]]]},"properties":{"cell":"890ceca2d37ffff","res":9,"coarsened":false,"count":18,"hv":18,"mp":0,"y0":null,"y1":null,"sp":[[167,5,5,0,null,null],[64,2,2,0,null,null],[79,2,2,0,null,null],[21,2,2,0,null,null],[46,2,2,0,null,null],[47,2,2,0,null,null],[42,2,2,0,null,null],[73,1,1,0,null,null]]}},{"type":"Feature","geometry":{"type":"Polygon","coordinates":[[[-154.79257,58.15224],[-154.79467,58.1509],[-154.79355,58.14944],[-154.79033,58.14932],[-154.78824,58.15067],[-154.78936,58.15213],[-154.79257,58.15224]]]},"properties":{"cell":"890ce890a1bffff","res":9,"coarsened":false,"count":4,"hv":4,"mp":0,"y0":null,"y1":null,"sp":[[73,2,2,0,null,null],[79,2,2,0,null,null]]}},{"type":"Feature","geometry":{"type":"Polygon","coordinates":[[[-154.78,58.1603],[-154.7821,58.15895],[-154.78097,58.15749],[-154.77776,58.15738],[-154.77566,58.15872],[-154.77678,58.16018],[-154.78,58.1603]]]},"properties":{"cell":"890ce890a93ffff","res":9,"coarsened":false,"count":9,"hv":9,"mp":0,"y0":null,"y1":null,"sp":[[42,3,3,0,null,null],[79,2,2,0,null,null],[64,2,2,0,null,null],[73,1,1,0,null,null],[93,1,1,0,null,null]]}},{"type":"Feature","geometry":{"type":"Polygon","coordinates":[[[-154.02266,58.72261],[-154.02483,58.72128],[-154.02373,58.7198],[-154.02046,58.71966],[-154.01829,58.72099],[-154.01939,58.72247],[-154.02266,58.72261]]]},"properties":{"cell":"890ceca2b8fffff","res":9,"coarsened":false,"count":3,"hv":3,"mp":0,"y0":null,"y1":null,"sp":[[62,2,2,0,null,null],[44,1,1,0,null,null]]}},{"type":"Feature","geometry":{"type":"Polygon","coordinates":[[[-154.49185,58.24167],[-154.49396,58.24033],[-154.49285,58.23887],[-154.48963,58.23874],[-154.48752,58.24008],[-154.48863,58.24154],[-154.49185,58.24167]]]},"properties":{"cell":"890cec2cccfffff","res":9,"coarsened":false,"count":1,"hv":1,"mp":0,"y0":null,"y1":null,"sp":[[62,1,1,0,null,null]]}},{"type":"Feature","geometry":{"type":"Polygon","coordinates":[[[-153.99983,58.7302],[-154.002,58.72887],[-154.0009,58.72739],[-153.99764,58.72725],[-153.99547,58.72858],[-153.99656,58.73006],[-153.99983,58.7302]]]},"properties":{"cell":"890ceca29cfffff","res":9,"coarsened":false,"count":10,"hv":10,"mp":0,"y0":null,"y1":null,"sp":[[44,4,4,0,null,null],[73,3,3,0,null,null],[62,2,2,0,null,null],[64,1,1,0,null,null]]}},{"type":"Feature","geometry":{"type":"Polygon","coordinates":[[[-153.98895,58.73259],[-153.99112,58.73125],[-153.99003,58.72977],[-153.98676,58.72963],[-153.98459,58.73097],[-153.98568,58.73245],[-153.98895,58.73259]]]},"properties":{"cell":"890ceca298bffff","res":9,"coarsened":false,"count":4,"hv":4,"mp":0,"y0":null,"y1":null,"sp":[[73,3,3,0,null,null],[62,1,1,0,null,null]]}},{"type":"Feature","geometry":{"type":"Polygon","coordinates":[[[-153.96067,58.74136],[-153.96284,58.74003],[-153.96175,58.73855],[-153.95848,58.7384],[-153.9563,58.73974],[-153.9574,58.74122],[-153.96067,58.74136]]]},"properties":{"cell":"890cecb5ac3ffff","res":9,"coarsened":false,"count":10,"hv":10,"mp":0,"y0":null,"y1":null,"sp":[[73,3,3,0,null,null],[46,2,2,0,null,null],[167,2,2,0,null,null],[79,2,2,0,null,null],[47,1,1,0,null,null]]}},{"type":"Feature","geometry":{"type":"Polygon","coordinates":[[[-153.79306,58.62097],[-153.79523,58.61964],[-153.79415,58.61817],[-153.7909,58.61802],[-153.78873,58.61935],[-153.78981,58.62083],[-153.79306,58.62097]]]},"properties":{"cell":"890cedd3663ffff","res":9,"coarsened":false,"count":39,"hv":39,"mp":0,"y0":null,"y1":null,"sp":[[42,11,11,0,null,null],[73,7,7,0,null,null],[79,6,6,0,null,null],[64,4,4,0,null,null],[167,3,3,0,null,null],[10,3,3,0,null,null],[47,3,3,0,null,null],[82,2,2,0,null,null]]}},{"type":"Feature","geometry":{"type":"Polygon","coordinates":[[[-153.78224,58.61049],[-153.78441,58.60916],[-153.78333,58.60768],[-153.78008,58.60754],[-153.77791,58.60886],[-153.77899,58.61034],[-153.78224,58.61049]]]},"properties":{"cell":"890cedd32bbffff","res":9,"coarsened":false,"count":51,"hv":51,"mp":0,"y0":null,"y1":null,"sp":[[42,10,10,0,null,null],[47,9,9,0,null,null],[167,9,9,0,null,null],[79,8,8,0,null,null],[64,8,8,0,null,null],[10,5,5,0,null,null],[73,1,1,0,null,null],[168,1,1,0,null,null]]}},{"type":"Feature","geometry":{"type":"Polygon","coordinates":[[[-153.78331,58.62053],[-153.78548,58.6192],[-153.7844,58.61772],[-153.78115,58.61758],[-153.77898,58.61891],[-153.78006,58.62038],[-153.78331,58.62053]]]},"properties":{"cell":"890cedd362bffff","res":9,"coarsened":false,"count":43,"hv":43,"mp":0,"y0":null,"y1":null,"sp":[[73,12,12,0,null,null],[42,10,10,0,null,null],[64,8,8,0,null,null],[79,5,5,0,null,null],[10,4,4,0,null,null],[167,2,2,0,null,null],[55,1,1,0,null,null],[168,1,1,0,null,null]]}},{"type":"Feature","geometry":{"type":"Polygon","coordinates":[[[-153.77895,58.63176],[-153.78112,58.63043],[-153.78004,58.62895],[-153.77679,58.6288],[-153.77462,58.63013],[-153.7757,58.63161],[-153.77895,58.63176]]]},"properties":{"cell":"890cedd368fffff","res":9,"coarsened":false,"count":21,"hv":21,"mp":0,"y0":null,"y1":null,"sp":[[73,8,8,0,null,null],[64,6,6,0,null,null],[42,3,3,0,null,null],[10,2,2,0,null,null],[167,1,1,0,null,null],[79,1,1,0,null,null]]}},{"type":"Feature","geometry":{"type":"Polygon","coordinates":[[[-153.7714,58.61285],[-153.77357,58.61152],[-153.77249,58.61005],[-153.76924,58.6099],[-153.76707,58.61123],[-153.76815,58.61271],[-153.7714,58.61285]]]},"properties":{"cell":"890cedd304fffff","res":9,"coarsened":false,"count":13,"hv":13,"mp":0,"y0":null,"y1":null,"sp":[[79,3,3,0,null,null],[64,3,3,0,null,null],[167,3,3,0,null,null],[42,2,2,0,null,null],[73,1,1,0,null,null],[47,1,1,0,null,null]]}},{"type":"Feature","geometry":{"type":"Polygon","coordinates":[[[-153.76813,58.62127],[-153.7703,58.61994],[-153.76922,58.61847],[-153.76597,58.61832],[-153.7638,58.61965],[-153.76488,58.62112],[-153.76813,58.62127]]]},"properties":{"cell":"890cedd30cbffff","res":9,"coarsened":false,"count":17,"hv":17,"mp":0,"y0":null,"y1":null,"sp":[[79,4,4,0,null,null],[42,3,3,0,null,null],[64,3,3,0,null,null],[167,2,2,0,null,null],[10,2,2,0,null,null],[73,2,2,0,null,null],[47,1,1,0,null,null]]}},{"type":"Feature","geometry":{"type":"Polygon","coordinates":[[[-153.78978,58.64225],[-153.79196,58.64092],[-153.79087,58.63944],[-153.78762,58.63929],[-153.78545,58.64062],[-153.78653,58.6421],[-153.78978,58.64225]]]},"properties":{"cell":"890ceca697bffff","res":9,"coarsened":false,"count":8,"hv":8,"mp":0,"y0":null,"y1":null,"sp":[[73,3,3,0,null,null],[93,2,2,0,null,null],[89,1,1,0,null,null],[44,1,1,0,null,null],[64,1,1,0,null,null]]}},{"type":"Feature","geometry":{"type":"Polygon","coordinates":[[[-154.52221,58.21161],[-154.52432,58.21027],[-154.52321,58.20881],[-154.51999,58.20868],[-154.51788,58.21002],[-154.51899,58.21149],[-154.52221,58.21161]]]},"properties":{"cell":"890cec2ca17ffff","res":9,"coarsened":false,"count":1,"hv":1,"mp":0,"y0":null,"y1":null,"sp":[[73,1,1,0,null,null]]}},{"type":"Feature","geometry":{"type":"Polygon","coordinates":[[[-154.06253,58.42036],[-154.06467,58.41903],[-154.06358,58.41756],[-154.06035,58.41742],[-154.0582,58.41875],[-154.05929,58.42022],[-154.06253,58.42036]]]},"properties":{"cell":"890cedcb0abffff","res":9,"coarsened":false,"count":2,"hv":2,"mp":0,"y0":null,"y1":null,"sp":[[34,2,2,0,null,null]]}},{"type":"Feature","geometry":{"type":"Polygon","coordinates":[[[-154.00246,58.46193],[-154.00461,58.4606],[-154.00352,58.45912],[-154.00028,58.45898],[-153.99813,58.46031],[-153.99922,58.46179],[-154.00246,58.46193]]]},"properties":{"cell":"890cedd99cbffff","res":9,"coarsened":false,"count":1,"hv":1,"mp":0,"y0":null,"y1":null,"sp":[[34,1,1,0,null,null]]}},{"type":"Feature","geometry":{"type":"Polygon","coordinates":[[[-154.27159,58.28117],[-154.27371,58.27984],[-154.27262,58.27837],[-154.2694,58.27824],[-154.26727,58.27957],[-154.26837,58.28104],[-154.27159,58.28117]]]},"properties":{"cell":"890cec24e6bffff","res":9,"coarsened":false,"count":1,"hv":1,"mp":0,"y0":null,"y1":null,"sp":[[34,1,1,0,null,null]]}},{"type":"Feature","geometry":{"type":"Polygon","coordinates":[[[-153.83101,58.61268],[-153.83318,58.61135],[-153.83209,58.60988],[-153.82884,58.60973],[-153.82667,58.61106],[-153.82776,58.61254],[-153.83101,58.61268]]]},"properties":{"cell":"890ceca4d63ffff","res":9,"coarsened":false,"count":1,"hv":1,"mp":0,"y0":null,"y1":null,"sp":[[34,1,1,0,null,null]]}},{"type":"Feature","geometry":{"type":"Polygon","coordinates":[[[-153.78117,58.60045],[-153.78334,58.59912],[-153.78226,58.59764],[-153.77901,58.59749],[-153.77684,58.59882],[-153.77792,58.6003],[-153.78117,58.60045]]]},"properties":{"cell":"890cedd3227ffff","res":9,"coarsened":false,"count":1,"hv":1,"mp":0,"y0":null,"y1":null,"sp":[[34,1,1,0,null,null]]}},{"type":"Feature","geometry":{"type":"Polygon","coordinates":[[[-154.02079,58.76689],[-154.0741,58.74916],[-154.07383,58.71911],[-154.02037,58.70678],[-153.96712,58.72448],[-153.96728,58.75453],[-154.02079,58.76689]]]},"properties":{"cell":"860ceca2fffffff","res":6,"coarsened":true,"count":1,"hv":1,"mp":0,"y0":null,"y1":null,"sp":[[1,1,1,0,null,null]]}},{"type":"Feature","geometry":{"type":"Polygon","coordinates":[[[-156.49137,59.22237],[-156.49348,59.22098],[-156.49221,59.2195],[-156.48883,59.21942],[-156.48672,59.22081],[-156.48799,59.22228],[-156.49137,59.22237]]]},"properties":{"cell":"890ce10024bffff","res":9,"coarsened":false,"count":2,"hv":2,"mp":0,"y0":null,"y1":null,"sp":[[75,2,2,0,null,null]]}},{"type":"Feature","geometry":{"type":"Polygon","coordinates":[[[-156.07434,59.25175],[-156.07647,59.25036],[-156.07522,59.24889],[-156.07185,59.24879],[-156.06972,59.25017],[-156.07097,59.25165],[-156.07434,59.25175]]]},"properties":{"cell":"890ce1149d7ffff","res":9,"coarsened":false,"count":2,"hv":2,"mp":0,"y0":null,"y1":null,"sp":[[75,2,2,0,null,null]]}},{"type":"Feature","geometry":{"type":"Polygon","coordinates":[[[-156.24893,59.04591],[-156.30182,59.02713],[-156.29907,58.99682],[-156.24354,58.98529],[-156.1907,59.00403],[-156.19333,59.03434],[-156.24893,59.04591]]]},"properties":{"cell":"860ce1387ffffff","res":6,"coarsened":true,"count":2,"hv":2,"mp":0,"y0":null,"y1":null,"sp":[[1,2,2,0,null,null]]}},{"type":"Feature","geometry":{"type":"Polygon","coordinates":[[[-156.30734,59.08779],[-156.3603,59.06898],[-156.35747,59.03865],[-156.30182,59.02713],[-156.24893,59.04591],[-156.25163,59.07624],[-156.30734,59.08779]]]},"properties":{"cell":"860ce13b7ffffff","res":6,"coarsened":true,"count":3,"hv":3,"mp":0,"y0":null,"y1":null,"sp":[[1,3,3,0,null,null]]}},{"type":"Feature","geometry":{"type":"Polygon","coordinates":[[[-155.92326,59.06711],[-155.97634,59.04848],[-155.97395,59.01817],[-155.9186,59.0065],[-155.86557,59.0251],[-155.86784,59.0554],[-155.92326,59.06711]]]},"properties":{"cell":"860ce130fffffff","res":6,"coarsened":true,"count":1,"hv":1,"mp":0,"y0":null,"y1":null,"sp":[[1,1,1,0,null,null]]}},{"type":"Feature","geometry":{"type":"Polygon","coordinates":[[[-154.39889,58.05224],[-154.401,58.0509],[-154.3999,58.04945],[-154.3967,58.04932],[-154.3946,58.05065],[-154.3957,58.05211],[-154.39889,58.05224]]]},"properties":{"cell":"890ced48637ffff","res":9,"coarsened":false,"count":1,"hv":1,"mp":0,"y0":null,"y1":null,"sp":[[34,1,1,0,null,null]]}},{"type":"Feature","geometry":{"type":"Polygon","coordinates":[[[-154.00305,58.72176],[-154.00522,58.72043],[-154.00412,58.71895],[-154.00085,58.7188],[-153.99868,58.72014],[-153.99978,58.72162],[-154.00305,58.72176]]]},"properties":{"cell":"890ceca297bffff","res":9,"coarsened":false,"count":2,"hv":2,"mp":0,"y0":null,"y1":null,"sp":[[62,2,2,0,null,null]]}},{"type":"Feature","geometry":{"type":"Polygon","coordinates":[[[-154.56317,58.22029],[-154.56528,58.21895],[-154.56417,58.21749],[-154.56095,58.21737],[-154.55884,58.2187],[-154.55995,58.22017],[-154.56317,58.22029]]]},"properties":{"cell":"890cec2dd0bffff","res":9,"coarsened":false,"count":2,"hv":2,"mp":0,"y0":null,"y1":null,"sp":[[44,1,1,0,null,null],[93,1,1,0,null,null]]}},{"type":"Feature","geometry":{"type":"Polygon","coordinates":[[[-154.00938,58.69201],[-154.01155,58.69067],[-154.01045,58.68919],[-154.00719,58.68905],[-154.00502,58.69039],[-154.00612,58.69186],[-154.00938,58.69201]]]},"properties":{"cell":"890ceca72c7ffff","res":9,"coarsened":false,"count":5,"hv":5,"mp":0,"y0":null,"y1":null,"sp":[[169,5,5,0,null,null]]}},{"type":"Feature","geometry":{"type":"Polygon","coordinates":[[[-155.86557,59.0251],[-155.9186,59.0065],[-155.91628,58.97622],[-155.86105,58.96454],[-155.80807,58.98311],[-155.81028,59.01339],[-155.86557,59.0251]]]},"properties":{"cell":"860ce1357ffffff","res":6,"coarsened":true,"count":1,"hv":1,"mp":0,"y0":null,"y1":null,"sp":[[1,1,1,0,null,null]]}},{"type":"Feature","geometry":{"type":"Polygon","coordinates":[[[-156.0431,59.17146],[-156.04522,59.17008],[-156.04398,59.1686],[-156.04062,59.16851],[-156.0385,59.16989],[-156.03974,59.17137],[-156.0431,59.17146]]]},"properties":{"cell":"890ce106dafffff","res":9,"coarsened":false,"count":1,"hv":1,"mp":0,"y0":null,"y1":null,"sp":[[145,1,1,0,null,null]]}},{"type":"Feature","geometry":{"type":"Polygon","coordinates":[[[-154.55118,58.21273],[-154.55329,58.21139],[-154.55218,58.20993],[-154.54896,58.2098],[-154.54685,58.21114],[-154.54796,58.21261],[-154.55118,58.21273]]]},"properties":{"cell":"890cec2dd2fffff","res":9,"coarsened":false,"count":2,"hv":2,"mp":0,"y0":null,"y1":null,"sp":[[44,2,2,0,null,null]]}},{"type":"Feature","geometry":{"type":"Polygon","coordinates":[[[-153.86026,58.60114],[-153.86243,58.59981],[-153.86134,58.59834],[-153.85809,58.59819],[-153.85593,58.59952],[-153.85701,58.601],[-153.86026,58.60114]]]},"properties":{"cell":"890ceca4b93ffff","res":9,"coarsened":false,"count":2,"hv":2,"mp":0,"y0":null,"y1":null,"sp":[[34,2,2,0,null,null]]}},{"type":"Feature","geometry":{"type":"Polygon","coordinates":[[[-155.97395,59.01817],[-156.02692,58.99952],[-156.02448,58.96924],[-155.96919,58.9576],[-155.91628,58.97622],[-155.9186,59.0065],[-155.97395,59.01817]]]},"properties":{"cell":"860ce1227ffffff","res":6,"coarsened":true,"count":2,"hv":2,"mp":0,"y0":null,"y1":null,"sp":[[1,2,2,0,null,null]]}},{"type":"Feature","geometry":{"type":"Polygon","coordinates":[[[-154.39094,58.29026],[-154.39306,58.28892],[-154.39196,58.28745],[-154.38873,58.28732],[-154.38661,58.28866],[-154.38772,58.29013],[-154.39094,58.29026]]]},"properties":{"cell":"890cec2533bffff","res":9,"coarsened":false,"count":1,"hv":1,"mp":0,"y0":null,"y1":null,"sp":[[44,1,1,0,null,null]]}},{"type":"Feature","geometry":{"type":"Polygon","coordinates":[[[-154.48218,58.24129],[-154.4843,58.23995],[-154.48319,58.23849],[-154.47997,58.23836],[-154.47786,58.2397],[-154.47896,58.24117],[-154.48218,58.24129]]]},"properties":{"cell":"890cec2cc13ffff","res":9,"coarsened":false,"count":1,"hv":1,"mp":0,"y0":null,"y1":null,"sp":[[169,1,1,0,null,null]]}},{"type":"Feature","geometry":{"type":"Polygon","coordinates":[[[-154.24369,57.9979],[-154.2458,57.99657],[-154.24471,57.99511],[-154.24152,57.99498],[-154.23942,57.99631],[-154.2405,57.99777],[-154.24369,57.9979]]]},"properties":{"cell":"890ced4f3dbffff","res":9,"coarsened":false,"count":4,"hv":4,"mp":0,"y0":2005,"y1":2005,"sp":[[141,2,2,0,2005,2005],[34,1,1,0,2005,2005],[142,1,1,0,2005,2005]]}},{"type":"Feature","geometry":{"type":"Polygon","coordinates":[[[-153.95787,58.16437],[-153.96,58.16304],[-153.95893,58.16158],[-153.95572,58.16144],[-153.9536,58.16276],[-153.95467,58.16423],[-153.95787,58.16437]]]},"properties":{"cell":"890ced55083ffff","res":9,"coarsened":false,"count":3,"hv":3,"mp":0,"y0":2005,"y1":2005,"sp":[[141,2,2,0,2005,2005],[34,1,1,0,2005,2005]]}},{"type":"Feature","geometry":{"type":"Polygon","coordinates":[[[-153.97588,58.33695],[-153.97802,58.33562],[-153.97694,58.33416],[-153.97372,58.33402],[-153.97158,58.33535],[-153.97266,58.33681],[-153.97588,58.33695]]]},"properties":{"cell":"890cedc8857ffff","res":9,"coarsened":false,"count":2,"hv":2,"mp":0,"y0":2005,"y1":2005,"sp":[[141,1,1,0,2005,2005],[34,1,1,0,2005,2005]]}},{"type":"Feature","geometry":{"type":"Polygon","coordinates":[[[-153.639,58.16862],[-153.64114,58.1673],[-153.64009,58.16583],[-153.63689,58.16569],[-153.63475,58.16701],[-153.63581,58.16847],[-153.639,58.16862]]]},"properties":{"cell":"890ced19837ffff","res":9,"coarsened":false,"count":6,"hv":6,"mp":0,"y0":2003,"y1":2005,"sp":[[141,3,3,0,2003,2005],[142,2,2,0,2003,2005],[34,1,1,0,2005,2005]]}},{"type":"Feature","geometry":{"type":"Polygon","coordinates":[[[-153.32164,58.16929],[-153.32379,58.16798],[-153.32275,58.16651],[-153.31956,58.16635],[-153.31741,58.16767],[-153.31845,58.16914],[-153.32164,58.16929]]]},"properties":{"cell":"890ced0216bffff","res":9,"coarsened":false,"count":2,"hv":2,"mp":0,"y0":2005,"y1":2005,"sp":[[34,1,1,0,2005,2005],[141,1,1,0,2005,2005]]}},{"type":"Feature","geometry":{"type":"Polygon","coordinates":[[[-153.62213,57.99936],[-153.62425,57.99805],[-153.62321,57.99659],[-153.62003,57.99644],[-153.6179,57.99776],[-153.61895,57.99922],[-153.62213,57.99936]]]},"properties":{"cell":"890ced72573ffff","res":9,"coarsened":false,"count":2,"hv":2,"mp":0,"y0":2005,"y1":2005,"sp":[[34,1,1,0,2005,2005],[141,1,1,0,2005,2005]]}},{"type":"Feature","geometry":{"type":"Polygon","coordinates":[[[-153.32936,58.33288],[-153.33153,58.33156],[-153.33048,58.33009],[-153.32727,58.32994],[-153.32511,58.33125],[-153.32615,58.33272],[-153.32936,58.33288]]]},"properties":{"cell":"890ced1264fffff","res":9,"coarsened":false,"count":3,"hv":3,"mp":0,"y0":2005,"y1":2005,"sp":[[142,1,1,0,2005,2005],[141,1,1,0,2005,2005],[34,1,1,0,2005,2005]]}},{"type":"Feature","geometry":{"type":"Polygon","coordinates":[[[-153.41998,59.1698],[-153.42221,59.16847],[-153.42112,59.16697],[-153.41781,59.16681],[-153.41559,59.16814],[-153.41667,59.16964],[-153.41998,59.1698]]]},"properties":{"cell":"890c5356033ffff","res":9,"coarsened":false,"count":4,"hv":4,"mp":0,"y0":2005,"y1":2005,"sp":[[141,2,2,0,2005,2005],[142,1,1,0,2005,2005],[34,1,1,0,2005,2005]]}},{"type":"Feature","geometry":{"type":"Polygon","coordinates":[[[-155.50234,58.50084],[-155.50443,58.49948],[-155.50325,58.49802],[-155.49998,58.49791],[-155.49789,58.49928],[-155.49907,58.50074],[-155.50234,58.50084]]]},"properties":{"cell":"890cec7b4d7ffff","res":9,"coarsened":false,"count":1,"hv":1,"mp":0,"y0":2005,"y1":2005,"sp":[[171,1,1,0,2005,2005]]}},{"type":"Feature","geometry":{"type":"Polygon","coordinates":[[[-154.50141,58.5025],[-154.50355,58.50116],[-154.50243,58.49969],[-154.49918,58.49956],[-154.49704,58.5009],[-154.49816,58.50237],[-154.50141,58.5025]]]},"properties":{"cell":"890cec31c7bffff","res":9,"coarsened":false,"count":1,"hv":1,"mp":0,"y0":2005,"y1":2005,"sp":[[166,1,1,0,2005,2005]]}},{"type":"Feature","geometry":{"type":"Polygon","coordinates":[[[-155.40081,59.22236],[-155.40297,59.22098],[-155.40176,59.2195],[-155.39841,59.21939],[-155.39625,59.22076],[-155.39746,59.22224],[-155.40081,59.22236]]]},"properties":{"cell":"890ce1a459bffff","res":9,"coarsened":false,"count":28,"hv":28,"mp":0,"y0":null,"y1":null,"sp":[[89,6,6,0,null,null],[151,4,4,0,null,null],[64,3,3,0,null,null],[71,3,3,0,null,null],[85,2,2,0,null,null],[95,2,2,0,null,null],[114,2,2,0,null,null],[55,1,1,0,null,null],[163,1,1,0,null,null],[22,1,1,0,null,null],[73,1,1,0,null,null],[25,1,1,0,null,null],[42,1,1,0,null,null]]}},{"type":"Feature","geometry":{"type":"Polygon","coordinates":[[[-155.57164,58.70176],[-155.57375,58.70039],[-155.57256,58.69892],[-155.56926,58.69882],[-155.56716,58.70018],[-155.56835,58.70165],[-155.57164,58.70176]]]},"properties":{"cell":"890cec4208bffff","res":9,"coarsened":false,"count":8,"hv":8,"mp":0,"y0":null,"y1":null,"sp":[[17,3,3,0,null,null],[13,2,2,0,null,null],[27,2,2,0,null,null],[42,1,1,0,null,null]]}},{"type":"Feature","geometry":{"type":"Polygon","coordinates":[[[-155.48233,59.22216],[-155.48448,59.22079],[-155.48327,59.21931],[-155.47992,59.2192],[-155.47777,59.22057],[-155.47897,59.22205],[-155.48233,59.22216]]]},"properties":{"cell":"890ce1a46c3ffff","res":9,"coarsened":false,"count":6,"hv":6,"mp":0,"y0":null,"y1":null,"sp":[[71,3,3,0,null,null],[64,2,2,0,null,null],[89,1,1,0,null,null]]}},{"type":"Feature","geometry":{"type":"Polygon","coordinates":[[[-156.18153,58.55185],[-156.18361,58.55048],[-156.18239,58.54902],[-156.1791,58.54893],[-156.17703,58.55031],[-156.17825,58.55177],[-156.18153,58.55185]]]},"properties":{"cell":"890cee8710bffff","res":9,"coarsened":false,"count":22,"hv":22,"mp":0,"y0":null,"y1":null,"sp":[[10,5,5,0,null,null],[64,4,4,0,null,null],[71,3,3,0,null,null],[89,3,3,0,null,null],[14,3,3,0,null,null],[42,1,1,0,null,null],[34,1,1,0,null,null],[73,1,1,0,null,null],[79,1,1,0,null,null]]}},{"type":"Feature","geometry":{"type":"Polygon","coordinates":[[[-155.79175,58.54248],[-155.79383,58.54111],[-155.79264,58.53965],[-155.78935,58.53955],[-155.78727,58.54092],[-155.78847,58.54238],[-155.79175,58.54248]]]},"properties":{"cell":"890cec48993ffff","res":9,"coarsened":false,"count":1366,"hv":1366,"mp":0,"y0":null,"y1":null,"sp":[[13,109,109,0,null,null],[47,101,101,0,null,null],[103,97,97,0,null,null],[14,88,88,0,null,null],[42,86,86,0,null,null],[79,85,85,0,null,null],[71,62,62,0,null,null],[28,61,61,0,null,null],[72,55,55,0,null,null],[19,54,54,0,null,null],[89,47,47,0,null,null],[23,47,47,0,null,null],[64,46,46,0,null,null],[29,43,43,0,null,null],[175,38,38,0,null,null],[55,31,31,0,null,null],[109,26,26,0,null,null],[25,24,24,0,null,null],[21,23,23,0,null,null],[17,22,22,0,null,null],[50,20,20,0,null,null],[10,19,19,0,null,null],[151,16,16,0,null,null],[167,15,15,0,null,null],[174,13,13,0,null,null],[6,13,13,0,null,null],[80,11,11,0,null,null],[173,10,10,0,null,null],[34,10,10,0,null,null],[5,8,8,0,null,null],[56,8,8,0,null,null],[43,7,7,0,null,null],[75,6,6,0,null,null],[39,6,6,0,null,null],[176,4,4,0,null,null],[189,4,4,0,null,null],[65,3,3,0,null,null],[183,3,3,0,null,null],[3,3,3,0,null,null],[68,3,3,0,null,null],[92,3,3,0,null,null],[22,3,3,0,null,null],[95,3,3,0,null,null],[60,3,3,0,null,null],[33,3,3,0,null,null],[9,3,3,0,null,null],[181,3,3,0,null,null],[41,3,3,0,null,null],[51,2,2,0,null,null],[18,2,2,0,null,null],[77,2,2,0,null,null],[67,1,1,0,null,null],[104,1,1,0,null,null],[116,1,1,0,null,null],[27,1,1,0,null,null],[202,1,1,0,null,null],[12,1,1,0,null,null],[139,1,1,0,null,null],[54,1,1,0,null,null],[2,1,1,0,null,null]]}},{"type":"Feature","geometry":{"type":"Polygon","coordinates":[[[-155.26852,58.77213],[-155.27064,58.77077],[-155.26947,58.7693],[-155.26617,58.76919],[-155.26404,58.77055],[-155.26522,58.77202],[-155.26852,58.77213]]]},"properties":{"cell":"890cec5658bffff","res":9,"coarsened":false,"count":9,"hv":9,"mp":0,"y0":null,"y1":null,"sp":[[44,5,5,0,null,null],[119,2,2,0,null,null],[56,2,2,0,null,null]]}},{"type":"Feature","geometry":{"type":"Polygon","coordinates":[[[-154.57178,58.54092],[-154.57391,58.53957],[-154.57279,58.5381],[-154.56953,58.53797],[-154.5674,58.53932],[-154.56852,58.54079],[-154.57178,58.54092]]]},"properties":{"cell":"890cec316abffff","res":9,"coarsened":false,"count":4,"hv":4,"mp":0,"y0":null,"y1":null,"sp":[[44,3,3,0,null,null],[119,1,1,0,null,null]]}},{"type":"Feature","geometry":{"type":"Polygon","coordinates":[[[-154.76277,58.73117],[-154.76491,58.72982],[-154.76376,58.72834],[-154.76048,58.72822],[-154.75834,58.72957],[-154.75948,58.73104],[-154.76277,58.73117]]]},"properties":{"cell":"890cec15263ffff","res":9,"coarsened":false,"count":8,"hv":8,"mp":0,"y0":null,"y1":null,"sp":[[46,3,3,0,null,null],[64,3,3,0,null,null],[10,2,2,0,null,null]]}},{"type":"Feature","geometry":{"type":"Polygon","coordinates":[[[-154.5927,58.55172],[-154.59483,58.55037],[-154.5937,58.5489],[-154.59044,58.54878],[-154.58831,58.55012],[-154.58944,58.55159],[-154.5927,58.55172]]]},"properties":{"cell":"890cec04ba7ffff","res":9,"coarsened":false,"count":32,"hv":32,"mp":0,"y0":null,"y1":null,"sp":[[73,6,6,0,null,null],[46,6,6,0,null,null],[64,5,5,0,null,null],[10,5,5,0,null,null],[44,5,5,0,null,null],[62,2,2,0,null,null],[42,2,2,0,null,null],[79,1,1,0,null,null]]}},{"type":"Feature","geometry":{"type":"Polygon","coordinates":[[[-155.25752,58.83485],[-155.31045,58.81655],[-155.30881,58.78638],[-155.25437,58.77452],[-155.2015,58.79279],[-155.20302,58.82295],[-155.25752,58.83485]]]},"properties":{"cell":"860cecccfffffff","res":6,"coarsened":true,"count":2,"hv":2,"mp":0,"y0":null,"y1":null,"sp":[[1,2,2,0,null,null]]}},{"type":"Feature","geometry":{"type":"Polygon","coordinates":[[[-155.48141,58.35189],[-155.48349,58.35053],[-155.48232,58.34907],[-155.47907,58.34897],[-155.47699,58.35033],[-155.47816,58.35179],[-155.48141,58.35189]]]},"properties":{"cell":"890cec6a60bffff","res":9,"coarsened":false,"count":14,"hv":14,"mp":0,"y0":null,"y1":null,"sp":[[64,7,7,0,null,null],[89,4,4,0,null,null],[14,2,2,0,null,null],[10,1,1,0,null,null]]}},{"type":"Feature","geometry":{"type":"Polygon","coordinates":[[[-155.42894,58.36163],[-155.43103,58.36027],[-155.42986,58.35881],[-155.42661,58.35871],[-155.42452,58.36006],[-155.42569,58.36153],[-155.42894,58.36163]]]},"properties":{"cell":"890cec6a4abffff","res":9,"coarsened":false,"count":31,"hv":31,"mp":0,"y0":null,"y1":null,"sp":[[64,7,7,0,null,null],[14,5,5,0,null,null],[47,4,4,0,null,null],[79,3,3,0,null,null],[39,3,3,0,null,null],[89,3,3,0,null,null],[71,2,2,0,null,null],[42,2,2,0,null,null],[17,1,1,0,null,null],[33,1,1,0,null,null]]}},{"type":"Feature","geometry":{"type":"Polygon","coordinates":[[[-155.35109,59.11256],[-155.35324,59.11119],[-155.35205,59.10971],[-155.34871,59.1096],[-155.34656,59.11097],[-155.34775,59.11245],[-155.35109,59.11256]]]},"properties":{"cell":"890cecd12a3ffff","res":9,"coarsened":false,"count":13,"hv":13,"mp":0,"y0":null,"y1":null,"sp":[[89,3,3,0,null,null],[64,2,2,0,null,null],[42,2,2,0,null,null],[172,2,2,0,null,null],[54,1,1,0,null,null],[55,1,1,0,null,null],[10,1,1,0,null,null],[168,1,1,0,null,null]]}},{"type":"Feature","geometry":{"type":"Polygon","coordinates":[[[-155.22006,58.81206],[-155.22219,58.8107],[-155.22101,58.80922],[-155.21771,58.80911],[-155.21558,58.81047],[-155.21675,58.81194],[-155.22006,58.81206]]]},"properties":{"cell":"890cecccd0fffff","res":9,"coarsened":false,"count":10,"hv":10,"mp":0,"y0":null,"y1":null,"sp":[[44,5,5,0,null,null],[10,3,3,0,null,null],[37,2,2,0,null,null]]}},{"type":"Feature","geometry":{"type":"Polygon","coordinates":[[[-155.27015,58.78222],[-155.27227,58.78086],[-155.2711,58.77939],[-155.2678,58.77927],[-155.26567,58.78064],[-155.26685,58.78211],[-155.27015,58.78222]]]},"properties":{"cell":"890cecccb73ffff","res":9,"coarsened":false,"count":7,"hv":7,"mp":0,"y0":null,"y1":null,"sp":[[119,3,3,0,null,null],[73,2,2,0,null,null],[46,1,1,0,null,null],[64,1,1,0,null,null]]}},{"type":"Feature","geometry":{"type":"Polygon","coordinates":[[[-154.5691,58.56222],[-154.57124,58.56088],[-154.57011,58.55941],[-154.56685,58.55928],[-154.56472,58.56062],[-154.56584,58.56209],[-154.5691,58.56222]]]},"properties":{"cell":"890cec04917ffff","res":9,"coarsened":false,"count":2,"hv":2,"mp":0,"y0":null,"y1":null,"sp":[[44,2,2,0,null,null]]}},{"type":"Feature","geometry":{"type":"Polygon","coordinates":[[[-155.17245,58.76026],[-155.17458,58.7589],[-155.17341,58.75743],[-155.17011,58.75731],[-155.16799,58.75867],[-155.16916,58.76015],[-155.17245,58.76026]]]},"properties":{"cell":"890cec191d7ffff","res":9,"coarsened":false,"count":14,"hv":14,"mp":0,"y0":null,"y1":null,"sp":[[44,5,5,0,null,null],[37,3,3,0,null,null],[93,2,2,0,null,null],[62,2,2,0,null,null],[119,2,2,0,null,null]]}},{"type":"Feature","geometry":{"type":"Polygon","coordinates":[[[-155.49117,58.3522],[-155.49325,58.35084],[-155.49208,58.34938],[-155.48883,58.34928],[-155.48675,58.35064],[-155.48792,58.3521],[-155.49117,58.3522]]]},"properties":{"cell":"890cec6a643ffff","res":9,"coarsened":false,"count":9,"hv":9,"mp":0,"y0":null,"y1":null,"sp":[[89,4,4,0,null,null],[64,3,3,0,null,null],[14,1,1,0,null,null],[10,1,1,0,null,null]]}},{"type":"Feature","geometry":{"type":"Polygon","coordinates":[[[-155.26242,58.76046],[-155.26454,58.7591],[-155.26337,58.75763],[-155.26007,58.75752],[-155.25795,58.75888],[-155.25912,58.76035],[-155.26242,58.76046]]]},"properties":{"cell":"890cec56523ffff","res":9,"coarsened":false,"count":12,"hv":12,"mp":0,"y0":null,"y1":null,"sp":[[119,4,4,0,null,null],[44,3,3,0,null,null],[62,3,3,0,null,null],[37,2,2,0,null,null]]}},{"type":"Feature","geometry":{"type":"Polygon","coordinates":[[[-154.44142,58.5315],[-154.44356,58.53016],[-154.44244,58.52869],[-154.43919,58.52856],[-154.43705,58.5299],[-154.43817,58.53137],[-154.44142,58.5315]]]},"properties":{"cell":"890cec3003bffff","res":9,"coarsened":false,"count":41,"hv":41,"mp":0,"y0":null,"y1":null,"sp":[[42,9,9,0,null,null],[73,8,8,0,null,null],[64,7,7,0,null,null],[79,6,6,0,null,null],[47,4,4,0,null,null],[168,2,2,0,null,null],[17,2,2,0,null,null],[44,1,1,0,null,null],[46,1,1,0,null,null],[28,1,1,0,null,null]]}},{"type":"Feature","geometry":{"type":"Polygon","coordinates":[[[-155.76905,58.25239],[-155.77111,58.25103],[-155.76993,58.24957],[-155.76668,58.24948],[-155.76462,58.25084],[-155.7658,58.2523],[-155.76905,58.25239]]]},"properties":{"cell":"890ceea445bffff","res":9,"coarsened":false,"count":16,"hv":16,"mp":0,"y0":null,"y1":null,"sp":[[64,6,6,0,null,null],[79,3,3,0,null,null],[42,2,2,0,null,null],[5,2,2,0,null,null],[71,2,2,0,null,null],[33,1,1,0,null,null]]}},{"type":"Feature","geometry":{"type":"Polygon","coordinates":[[[-155.04019,58.62113],[-155.04231,58.61977],[-155.04116,58.6183],[-155.03788,58.61819],[-155.03576,58.61954],[-155.03691,58.62101],[-155.04019,58.62113]]]},"properties":{"cell":"890cec0ab13ffff","res":9,"coarsened":false,"count":44,"hv":44,"mp":0,"y0":null,"y1":null,"sp":[[17,11,11,0,null,null],[79,7,7,0,null,null],[42,7,7,0,null,null],[27,6,6,0,null,null],[13,3,3,0,null,null],[47,3,3,0,null,null],[64,3,3,0,null,null],[19,2,2,0,null,null],[55,1,1,0,null,null],[71,1,1,0,null,null]]}},{"type":"Feature","geometry":{"type":"Polygon","coordinates":[[[-156.22246,58.48146],[-156.22452,58.48009],[-156.2233,58.47863],[-156.22002,58.47854],[-156.21796,58.47992],[-156.21917,58.48138],[-156.22246,58.48146]]]},"properties":{"cell":"890cee85e33ffff","res":9,"coarsened":false,"count":12,"hv":12,"mp":0,"y0":null,"y1":null,"sp":[[64,3,3,0,null,null],[79,2,2,0,null,null],[42,2,2,0,null,null],[27,1,1,0,null,null],[14,1,1,0,null,null],[47,1,1,0,null,null],[167,1,1,0,null,null],[71,1,1,0,null,null]]}},{"type":"Feature","geometry":{"type":"Polygon","coordinates":[[[-156.20276,58.48095],[-156.20483,58.47958],[-156.20361,58.47812],[-156.20033,58.47803],[-156.19827,58.47941],[-156.19948,58.48087],[-156.20276,58.48095]]]},"properties":{"cell":"890cee858d7ffff","res":9,"coarsened":false,"count":14,"hv":14,"mp":0,"y0":null,"y1":null,"sp":[[71,4,4,0,null,null],[89,3,3,0,null,null],[14,3,3,0,null,null],[64,3,3,0,null,null],[42,1,1,0,null,null]]}},{"type":"Feature","geometry":{"type":"Polygon","coordinates":[[[-156.19931,58.54231],[-156.20138,58.54093],[-156.20016,58.53947],[-156.19687,58.53939],[-156.1948,58.54076],[-156.19602,58.54222],[-156.19931,58.54231]]]},"properties":{"cell":"890cee873afffff","res":9,"coarsened":false,"count":14,"hv":14,"mp":0,"y0":null,"y1":null,"sp":[[89,4,4,0,null,null],[64,3,3,0,null,null],[71,2,2,0,null,null],[42,2,2,0,null,null],[14,1,1,0,null,null],[139,1,1,0,null,null],[44,1,1,0,null,null]]}},{"type":"Feature","geometry":{"type":"Polygon","coordinates":[[[-156.18945,58.54205],[-156.19152,58.54068],[-156.1903,58.53922],[-156.18701,58.53913],[-156.18494,58.5405],[-156.18616,58.54197],[-156.18945,58.54205]]]},"properties":{"cell":"890cee846d3ffff","res":9,"coarsened":false,"count":19,"hv":19,"mp":0,"y0":null,"y1":null,"sp":[[89,5,5,0,null,null],[71,4,4,0,null,null],[42,3,3,0,null,null],[64,3,3,0,null,null],[14,3,3,0,null,null],[10,1,1,0,null,null]]}},{"type":"Feature","geometry":{"type":"Polygon","coordinates":[[[-156.17323,58.48018],[-156.1753,58.47881],[-156.17408,58.47735],[-156.1708,58.47726],[-156.16874,58.47864],[-156.16995,58.4801],[-156.17323,58.48018]]]},"properties":{"cell":"890cee85d47ffff","res":9,"coarsened":false,"count":4,"hv":4,"mp":0,"y0":null,"y1":null,"sp":[[89,2,2,0,null,null],[79,1,1,0,null,null],[14,1,1,0,null,null]]}},{"type":"Feature","geometry":{"type":"Polygon","coordinates":[[[-156.17167,58.55159],[-156.17374,58.55022],[-156.17252,58.54876],[-156.16923,58.54867],[-156.16716,58.55005],[-156.16838,58.55151],[-156.17167,58.55159]]]},"properties":{"cell":"890cee87107ffff","res":9,"coarsened":false,"count":10,"hv":10,"mp":0,"y0":null,"y1":null,"sp":[[71,3,3,0,null,null],[73,2,2,0,null,null],[10,2,2,0,null,null],[64,2,2,0,null,null],[89,1,1,0,null,null]]}},{"type":"Feature","geometry":{"type":"Polygon","coordinates":[[[-156.16375,58.5614],[-156.16582,58.56002],[-156.1646,58.55856],[-156.16131,58.55847],[-156.15924,58.55985],[-156.16046,58.56131],[-156.16375,58.5614]]]},"properties":{"cell":"890cee87197ffff","res":9,"coarsened":false,"count":12,"hv":12,"mp":0,"y0":null,"y1":null,"sp":[[10,2,2,0,null,null],[89,2,2,0,null,null],[73,2,2,0,null,null],[79,2,2,0,null,null],[64,2,2,0,null,null],[14,1,1,0,null,null],[71,1,1,0,null,null]]}},{"type":"Feature","geometry":{"type":"Polygon","coordinates":[[[-156.15387,58.56113],[-156.15595,58.55976],[-156.15473,58.5583],[-156.15144,58.55821],[-156.14937,58.55959],[-156.15058,58.56105],[-156.15387,58.56113]]]},"properties":{"cell":"890cee86243ffff","res":9,"coarsened":false,"count":21,"hv":21,"mp":0,"y0":null,"y1":null,"sp":[[47,4,4,0,null,null],[42,3,3,0,null,null],[14,3,3,0,null,null],[73,2,2,0,null,null],[10,2,2,0,null,null],[89,2,2,0,null,null],[71,2,2,0,null,null],[139,1,1,0,null,null],[64,1,1,0,null,null],[79,1,1,0,null,null]]}},{"type":"Feature","geometry":{"type":"Polygon","coordinates":[[[-156.14223,58.5008],[-156.1443,58.49942],[-156.14308,58.49796],[-156.1398,58.49787],[-156.13773,58.49925],[-156.13895,58.50071],[-156.14223,58.5008]]]},"properties":{"cell":"890cee843afffff","res":9,"coarsened":false,"count":16,"hv":16,"mp":0,"y0":null,"y1":null,"sp":[[89,7,7,0,null,null],[10,3,3,0,null,null],[64,2,2,0,null,null],[14,2,2,0,null,null],[55,1,1,0,null,null],[19,1,1,0,null,null]]}},{"type":"Feature","geometry":{"type":"Polygon","coordinates":[[[-156.13864,58.56216],[-156.14071,58.56079],[-156.1395,58.55932],[-156.13621,58.55924],[-156.13413,58.56061],[-156.13535,58.56207],[-156.13864,58.56216]]]},"properties":{"cell":"890cee86203ffff","res":9,"coarsened":false,"count":30,"hv":30,"mp":0,"y0":null,"y1":null,"sp":[[71,6,6,0,null,null],[10,5,5,0,null,null],[64,5,5,0,null,null],[79,4,4,0,null,null],[42,2,2,0,null,null],[73,2,2,0,null,null],[167,2,2,0,null,null],[55,1,1,0,null,null],[14,1,1,0,null,null],[139,1,1,0,null,null],[47,1,1,0,null,null]]}},{"type":"Feature","geometry":{"type":"Polygon","coordinates":[[[-156.1206,58.49022],[-156.12267,58.48885],[-156.12146,58.48739],[-156.11818,58.4873],[-156.11611,58.48868],[-156.11732,58.49014],[-156.1206,58.49022]]]},"properties":{"cell":"890cee84e07ffff","res":9,"coarsened":false,"count":25,"hv":25,"mp":0,"y0":null,"y1":null,"sp":[[89,7,7,0,null,null],[84,5,5,0,null,null],[10,4,4,0,null,null],[172,3,3,0,null,null],[14,3,3,0,null,null],[19,2,2,0,null,null],[55,1,1,0,null,null]]}},{"type":"Feature","geometry":{"type":"Polygon","coordinates":[[[-156.20918,58.54257],[-156.21125,58.54119],[-156.21003,58.53973],[-156.20674,58.53964],[-156.20467,58.54102],[-156.20589,58.54248],[-156.20918,58.54257]]]},"properties":{"cell":"890cee87307ffff","res":9,"coarsened":false,"count":11,"hv":11,"mp":0,"y0":null,"y1":null,"sp":[[47,4,4,0,null,null],[89,3,3,0,null,null],[71,2,2,0,null,null],[25,1,1,0,null,null],[42,1,1,0,null,null]]}},{"type":"Feature","geometry":{"type":"Polygon","coordinates":[[[-156.20127,58.55237],[-156.20334,58.55099],[-156.20212,58.54953],[-156.19883,58.54945],[-156.19676,58.55082],[-156.19798,58.55228],[-156.20127,58.55237]]]},"properties":{"cell":"890cee87397ffff","res":9,"coarsened":false,"count":9,"hv":9,"mp":0,"y0":null,"y1":null,"sp":[[89,3,3,0,null,null],[42,3,3,0,null,null],[47,2,2,0,null,null],[14,1,1,0,null,null]]}},{"type":"Feature","geometry":{"type":"Polygon","coordinates":[[[-156.19292,58.4807],[-156.19498,58.47932],[-156.19377,58.47786],[-156.19049,58.47778],[-156.18842,58.47915],[-156.18964,58.48061],[-156.19292,58.4807]]]},"properties":{"cell":"890cee85883ffff","res":9,"coarsened":false,"count":5,"hv":5,"mp":0,"y0":null,"y1":null,"sp":[[89,2,2,0,null,null],[64,2,2,0,null,null],[71,1,1,0,null,null]]}},{"type":"Feature","geometry":{"type":"Polygon","coordinates":[[[-156.21261,58.48121],[-156.21467,58.47983],[-156.21346,58.47837],[-156.21017,58.47829],[-156.20811,58.47966],[-156.20933,58.48112],[-156.21261,58.48121]]]},"properties":{"cell":"890cee858dbffff","res":9,"coarsened":false,"count":5,"hv":5,"mp":0,"y0":null,"y1":null,"sp":[[64,2,2,0,null,null],[89,2,2,0,null,null],[14,1,1,0,null,null]]}},{"type":"Feature","geometry":{"type":"Polygon","coordinates":[[[-156.13881,58.51214],[-156.14088,58.51076],[-156.13967,58.5093],[-156.13638,58.50921],[-156.13431,58.51059],[-156.13553,58.51205],[-156.13881,58.51214]]]},"properties":{"cell":"890cee8415bffff","res":9,"coarsened":false,"count":4,"hv":4,"mp":0,"y0":null,"y1":null,"sp":[[89,2,2,0,null,null],[14,1,1,0,null,null],[64,1,1,0,null,null]]}},{"type":"Feature","geometry":{"type":"Polygon","coordinates":[[[-156.11911,58.51161],[-156.12118,58.51024],[-156.11996,58.50878],[-156.11668,58.50869],[-156.11461,58.51006],[-156.11582,58.51153],[-156.11911,58.51161]]]},"properties":{"cell":"890cee84103ffff","res":9,"coarsened":false,"count":5,"hv":5,"mp":0,"y0":null,"y1":null,"sp":[[89,3,3,0,null,null],[64,2,2,0,null,null]]}},{"type":"Feature","geometry":{"type":"Polygon","coordinates":[[[-156.16254,58.48276],[-156.1646,58.48139],[-156.16339,58.47993],[-156.16011,58.47984],[-156.15804,58.48121],[-156.15926,58.48267],[-156.16254,58.48276]]]},"properties":{"cell":"890cee85d03ffff","res":9,"coarsened":false,"count":3,"hv":3,"mp":0,"y0":null,"y1":null,"sp":[[79,2,2,0,null,null],[71,1,1,0,null,null]]}},{"type":"Feature","geometry":{"type":"Polygon","coordinates":[[[-156.15269,58.4825],[-156.15476,58.48113],[-156.15355,58.47967],[-156.15027,58.47958],[-156.1482,58.48095],[-156.14941,58.48242],[-156.15269,58.4825]]]},"properties":{"cell":"890cee85dabffff","res":9,"coarsened":false,"count":4,"hv":4,"mp":0,"y0":null,"y1":null,"sp":[[89,2,2,0,null,null],[71,1,1,0,null,null],[10,1,1,0,null,null]]}},{"type":"Feature","geometry":{"type":"Polygon","coordinates":[[[-156.14285,58.48224],[-156.14492,58.48087],[-156.14371,58.47941],[-156.14042,58.47932],[-156.13836,58.4807],[-156.13957,58.48216],[-156.14285,58.48224]]]},"properties":{"cell":"890cee85da7ffff","res":9,"coarsened":false,"count":10,"hv":10,"mp":0,"y0":null,"y1":null,"sp":[[89,4,4,0,null,null],[71,2,2,0,null,null],[47,2,2,0,null,null],[56,2,2,0,null,null]]}},{"type":"Feature","geometry":{"type":"Polygon","coordinates":[[[-156.12896,58.51187],[-156.13103,58.5105],[-156.12982,58.50904],[-156.12653,58.50895],[-156.12446,58.51033],[-156.12568,58.51179],[-156.12896,58.51187]]]},"properties":{"cell":"890cee84157ffff","res":9,"coarsened":false,"count":2,"hv":2,"mp":0,"y0":null,"y1":null,"sp":[[89,2,2,0,null,null]]}},{"type":"Feature","geometry":{"type":"Polygon","coordinates":[[[-156.12253,58.50027],[-156.1246,58.4989],[-156.12339,58.49744],[-156.1201,58.49735],[-156.11804,58.49873],[-156.11925,58.50019],[-156.12253,58.50027]]]},"properties":{"cell":"890cee84e9bffff","res":9,"coarsened":false,"count":4,"hv":4,"mp":0,"y0":null,"y1":null,"sp":[[89,2,2,0,null,null],[151,1,1,0,null,null],[172,1,1,0,null,null]]}},{"type":"Feature","geometry":{"type":"Polygon","coordinates":[[[-156.10926,58.51135],[-156.11133,58.50998],[-156.11011,58.50852],[-156.10683,58.50843],[-156.10476,58.5098],[-156.10597,58.51126],[-156.10926,58.51135]]]},"properties":{"cell":"890cee841abffff","res":9,"coarsened":false,"count":8,"hv":8,"mp":0,"y0":null,"y1":null,"sp":[[47,2,2,0,null,null],[89,2,2,0,null,null],[71,1,1,0,null,null],[167,1,1,0,null,null],[79,1,1,0,null,null],[27,1,1,0,null,null]]}},{"type":"Feature","geometry":{"type":"Polygon","coordinates":[[[-156.00103,58.33009],[-156.00309,58.32872],[-156.00189,58.32726],[-155.99863,58.32717],[-155.99657,58.32854],[-155.99777,58.33],[-156.00103,58.33009]]]},"properties":{"cell":"890ceea3167ffff","res":9,"coarsened":false,"count":12,"hv":12,"mp":0,"y0":null,"y1":null,"sp":[[64,3,3,0,null,null],[82,3,3,0,null,null],[150,2,2,0,null,null],[151,2,2,0,null,null],[44,1,1,0,null,null],[10,1,1,0,null,null]]}},{"type":"Feature","geometry":{"type":"Polygon","coordinates":[[[-156.0029,58.34011],[-156.00496,58.33874],[-156.00376,58.33728],[-156.0005,58.3372],[-155.99844,58.33856],[-155.99964,58.34002],[-156.0029,58.34011]]]},"properties":{"cell":"890ceea311bffff","res":9,"coarsened":false,"count":17,"hv":17,"mp":0,"y0":null,"y1":null,"sp":[[64,6,6,0,null,null],[73,6,6,0,null,null],[151,2,2,0,null,null],[19,1,1,0,null,null],[71,1,1,0,null,null],[10,1,1,0,null,null]]}},{"type":"Feature","geometry":{"type":"Polygon","coordinates":[[[-155.99945,58.35142],[-156.00151,58.35005],[-156.00031,58.34859],[-155.99705,58.3485],[-155.99499,58.34987],[-155.99619,58.35133],[-155.99945,58.35142]]]},"properties":{"cell":"890ceea3563ffff","res":9,"coarsened":false,"count":15,"hv":15,"mp":0,"y0":null,"y1":null,"sp":[[64,5,5,0,null,null],[79,4,4,0,null,null],[163,2,2,0,null,null],[73,2,2,0,null,null],[71,2,2,0,null,null]]}},{"type":"Feature","geometry":{"type":"Polygon","coordinates":[[[-156.00091,58.41134],[-156.00297,58.40997],[-156.00177,58.40851],[-155.9985,58.40842],[-155.99643,58.40979],[-155.99764,58.41125],[-156.00091,58.41134]]]},"properties":{"cell":"890ceeb1ebbffff","res":9,"coarsened":false,"count":12,"hv":12,"mp":0,"y0":null,"y1":null,"sp":[[17,3,3,0,null,null],[175,2,2,0,null,null],[71,2,2,0,null,null],[41,2,2,0,null,null],[21,1,1,0,null,null],[47,1,1,0,null,null],[19,1,1,0,null,null]]}},{"type":"Feature","geometry":{"type":"Polygon","coordinates":[[[-155.99225,58.34267],[-155.99432,58.3413],[-155.99312,58.33984],[-155.98986,58.33976],[-155.98779,58.34112],[-155.98899,58.34258],[-155.99225,58.34267]]]},"properties":{"cell":"890ceea318fffff","res":9,"coarsened":false,"count":10,"hv":10,"mp":0,"y0":null,"y1":null,"sp":[[64,4,4,0,null,null],[73,3,3,0,null,null],[10,2,2,0,null,null],[71,1,1,0,null,null]]}},{"type":"Feature","geometry":{"type":"Polygon","coordinates":[[[-155.98202,58.39228],[-155.98408,58.39091],[-155.98288,58.38945],[-155.97962,58.38936],[-155.97755,58.39073],[-155.97875,58.39219],[-155.98202,58.39228]]]},"properties":{"cell":"890ceeb1877ffff","res":9,"coarsened":false,"count":10,"hv":10,"mp":0,"y0":null,"y1":null,"sp":[[42,3,3,0,null,null],[47,2,2,0,null,null],[64,2,2,0,null,null],[14,1,1,0,null,null],[79,1,1,0,null,null],[27,1,1,0,null,null]]}},{"type":"Feature","geometry":{"type":"Polygon","coordinates":[[[-155.98316,58.42084],[-155.98523,58.41947],[-155.98403,58.41801],[-155.98076,58.41792],[-155.97869,58.41929],[-155.97989,58.42075],[-155.98316,58.42084]]]},"properties":{"cell":"890ceeb1ccfffff","res":9,"coarsened":false,"count":6,"hv":6,"mp":0,"y0":null,"y1":null,"sp":[[17,2,2,0,null,null],[14,1,1,0,null,null],[175,1,1,0,null,null],[71,1,1,0,null,null],[10,1,1,0,null,null]]}},{"type":"Feature","geometry":{"type":"Polygon","coordinates":[[[-155.96961,58.4005],[-155.97168,58.39913],[-155.97048,58.39767],[-155.96721,58.39758],[-155.96515,58.39895],[-155.96635,58.40041],[-155.96961,58.4005]]]},"properties":{"cell":"890ceeb18bbffff","res":9,"coarsened":false,"count":14,"hv":14,"mp":0,"y0":null,"y1":null,"sp":[[42,4,4,0,null,null],[47,3,3,0,null,null],[64,3,3,0,null,null],[17,2,2,0,null,null],[27,1,1,0,null,null],[79,1,1,0,null,null]]}},{"type":"Feature","geometry":{"type":"Polygon","coordinates":[[[-155.95981,58.40023],[-155.96188,58.39886],[-155.96068,58.3974],[-155.95741,58.39731],[-155.95534,58.39868],[-155.95654,58.40013],[-155.95981,58.40023]]]},"properties":{"cell":"890ceeb18b7ffff","res":9,"coarsened":false,"count":19,"hv":19,"mp":0,"y0":null,"y1":null,"sp":[[42,7,7,0,null,null],[47,5,5,0,null,null],[27,2,2,0,null,null],[79,2,2,0,null,null],[64,2,2,0,null,null],[28,1,1,0,null,null]]}},{"type":"Feature","geometry":{"type":"Polygon","coordinates":[[[-155.95288,58.31025],[-155.95494,58.30888],[-155.95374,58.30742],[-155.95049,58.30733],[-155.94842,58.3087],[-155.94962,58.31016],[-155.95288,58.31025]]]},"properties":{"cell":"890ceea00b7ffff","res":9,"coarsened":false,"count":10,"hv":10,"mp":0,"y0":null,"y1":null,"sp":[[64,6,6,0,null,null],[44,1,1,0,null,null],[46,1,1,0,null,null],[62,1,1,0,null,null],[10,1,1,0,null,null]]}},{"type":"Feature","geometry":{"type":"Polygon","coordinates":[[[-155.94224,58.3128],[-155.9443,58.31144],[-155.9431,58.30998],[-155.93985,58.30989],[-155.93779,58.31126],[-155.93898,58.31271],[-155.94224,58.3128]]]},"properties":{"cell":"890ceea0573ffff","res":9,"coarsened":false,"count":12,"hv":12,"mp":0,"y0":null,"y1":null,"sp":[[46,2,2,0,null,null],[64,2,2,0,null,null],[10,2,2,0,null,null],[89,1,1,0,null,null],[44,1,1,0,null,null],[151,1,1,0,null,null],[73,1,1,0,null,null],[28,1,1,0,null,null],[51,1,1,0,null,null]]}},{"type":"Feature","geometry":{"type":"Polygon","coordinates":[[[-155.94119,58.41254],[-155.94326,58.41118],[-155.94206,58.40972],[-155.93879,58.40962],[-155.93672,58.41099],[-155.93792,58.41245],[-155.94119,58.41254]]]},"properties":{"cell":"890ceeb1d8bffff","res":9,"coarsened":false,"count":16,"hv":16,"mp":0,"y0":null,"y1":null,"sp":[[47,4,4,0,null,null],[42,4,4,0,null,null],[79,2,2,0,null,null],[13,2,2,0,null,null],[64,2,2,0,null,null],[21,1,1,0,null,null],[73,1,1,0,null,null]]}},{"type":"Feature","geometry":{"type":"Polygon","coordinates":[[[-155.92931,58.37086],[-155.93138,58.36949],[-155.93019,58.36804],[-155.92692,58.36794],[-155.92485,58.36931],[-155.92605,58.37077],[-155.92931,58.37086]]]},"properties":{"cell":"890ceea247bffff","res":9,"coarsened":false,"count":7,"hv":7,"mp":0,"y0":null,"y1":null,"sp":[[64,3,3,0,null,null],[73,2,2,0,null,null],[79,2,2,0,null,null]]}},{"type":"Feature","geometry":{"type":"Polygon","coordinates":[[[-155.93324,58.42231],[-155.93531,58.42094],[-155.93411,58.41948],[-155.93084,58.41939],[-155.92877,58.42076],[-155.92997,58.42222],[-155.93324,58.42231]]]},"properties":{"cell":"890ceeb033bffff","res":9,"coarsened":false,"count":17,"hv":17,"mp":0,"y0":null,"y1":null,"sp":[[47,4,4,0,null,null],[42,3,3,0,null,null],[13,2,2,0,null,null],[79,2,2,0,null,null],[14,2,2,0,null,null],[71,2,2,0,null,null],[168,1,1,0,null,null],[64,1,1,0,null,null]]}},{"type":"Feature","geometry":{"type":"Polygon","coordinates":[[[-155.92085,58.30224],[-155.92292,58.30088],[-155.92172,58.29942],[-155.91847,58.29933],[-155.9164,58.30069],[-155.9176,58.30215],[-155.92085,58.30224]]]},"properties":{"cell":"890ceea2a4fffff","res":9,"coarsened":false,"count":5,"hv":5,"mp":0,"y0":null,"y1":null,"sp":[[56,1,1,0,null,null],[64,1,1,0,null,null],[44,1,1,0,null,null],[19,1,1,0,null,null],[53,1,1,0,null,null]]}},{"type":"Feature","geometry":{"type":"Polygon","coordinates":[[[-155.911,58.43024],[-155.91307,58.42888],[-155.91187,58.42742],[-155.9086,58.42732],[-155.90653,58.42869],[-155.90773,58.43015],[-155.911,58.43024]]]},"properties":{"cell":"890ceeb017bffff","res":9,"coarsened":false,"count":27,"hv":27,"mp":0,"y0":null,"y1":null,"sp":[[71,5,5,0,null,null],[64,5,5,0,null,null],[14,4,4,0,null,null],[10,3,3,0,null,null],[79,3,3,0,null,null],[172,2,2,0,null,null],[19,2,2,0,null,null],[180,2,2,0,null,null],[151,1,1,0,null,null]]}},{"type":"Feature","geometry":{"type":"Polygon","coordinates":[[[-155.91284,58.44028],[-155.91492,58.43892],[-155.91372,58.43745],[-155.91045,58.43736],[-155.90837,58.43873],[-155.90957,58.44019],[-155.91284,58.44028]]]},"properties":{"cell":"890ceeb01cbffff","res":9,"coarsened":false,"count":12,"hv":12,"mp":0,"y0":null,"y1":null,"sp":[[27,3,3,0,null,null],[71,3,3,0,null,null],[14,2,2,0,null,null],[10,1,1,0,null,null],[151,1,1,0,null,null],[172,1,1,0,null,null],[73,1,1,0,null,null]]}},{"type":"Feature","geometry":{"type":"Polygon","coordinates":[[[-155.89953,58.45132],[-155.9016,58.44996],[-155.9004,58.4485],[-155.89713,58.4484],[-155.89506,58.44977],[-155.89625,58.45123],[-155.89953,58.45132]]]},"properties":{"cell":"890ceeb0573ffff","res":9,"coarsened":false,"count":9,"hv":9,"mp":0,"y0":null,"y1":null,"sp":[[64,3,3,0,null,null],[27,2,2,0,null,null],[14,2,2,0,null,null],[71,1,1,0,null,null],[44,1,1,0,null,null]]}},{"type":"Feature","geometry":{"type":"Polygon","coordinates":[[[-155.89156,58.30142],[-155.89362,58.30006],[-155.89243,58.2986],[-155.88917,58.29851],[-155.88711,58.29987],[-155.8883,58.30133],[-155.89156,58.30142]]]},"properties":{"cell":"890ceea2a37ffff","res":9,"coarsened":false,"count":13,"hv":13,"mp":0,"y0":null,"y1":null,"sp":[[62,3,3,0,null,null],[44,3,3,0,null,null],[151,2,2,0,null,null],[64,2,2,0,null,null],[53,1,1,0,null,null],[19,1,1,0,null,null],[93,1,1,0,null,null]]}},{"type":"Feature","geometry":{"type":"Polygon","coordinates":[[[-155.82319,58.87145],[-155.8253,58.87007],[-155.82408,58.8686],[-155.82076,58.8685],[-155.81865,58.86988],[-155.81987,58.87135],[-155.82319,58.87145]]]},"properties":{"cell":"890ce124633ffff","res":9,"coarsened":false,"count":19,"hv":19,"mp":0,"y0":null,"y1":null,"sp":[[28,3,3,0,null,null],[47,3,3,0,null,null],[42,3,3,0,null,null],[64,3,3,0,null,null],[14,2,2,0,null,null],[71,2,2,0,null,null],[10,1,1,0,null,null],[79,1,1,0,null,null],[51,1,1,0,null,null]]}},{"type":"Feature","geometry":{"type":"Polygon","coordinates":[[[-155.81322,58.87115],[-155.81533,58.86978],[-155.81412,58.86831],[-155.8108,58.86821],[-155.80869,58.86958],[-155.8099,58.87105],[-155.81322,58.87115]]]},"properties":{"cell":"890ce1240dbffff","res":9,"coarsened":false,"count":23,"hv":23,"mp":0,"y0":null,"y1":null,"sp":[[71,3,3,0,null,null],[19,3,3,0,null,null],[10,3,3,0,null,null],[89,3,3,0,null,null],[64,2,2,0,null,null],[47,2,2,0,null,null],[14,2,2,0,null,null],[42,2,2,0,null,null],[79,1,1,0,null,null],[168,1,1,0,null,null],[92,1,1,0,null,null]]}},{"type":"Feature","geometry":{"type":"Polygon","coordinates":[[[-155.79966,58.88224],[-155.80177,58.88087],[-155.80056,58.87939],[-155.79724,58.8793],[-155.79513,58.88067],[-155.79634,58.88214],[-155.79966,58.88224]]]},"properties":{"cell":"890ce12440bffff","res":9,"coarsened":false,"count":19,"hv":19,"mp":0,"y0":null,"y1":null,"sp":[[42,2,2,0,null,null],[13,2,2,0,null,null],[17,2,2,0,null,null],[27,2,2,0,null,null],[14,2,2,0,null,null],[80,2,2,0,null,null],[10,1,1,0,null,null],[71,1,1,0,null,null],[19,1,1,0,null,null],[51,1,1,0,null,null],[28,1,1,0,null,null],[79,1,1,0,null,null],[89,1,1,0,null,null]]}},{"type":"Feature","geometry":{"type":"Polygon","coordinates":[[[-155.78421,58.85162],[-155.78632,58.85025],[-155.78511,58.84878],[-155.78179,58.84868],[-155.77968,58.85005],[-155.78089,58.85153],[-155.78421,58.85162]]]},"properties":{"cell":"890ce124143ffff","res":9,"coarsened":false,"count":21,"hv":21,"mp":0,"y0":null,"y1":null,"sp":[[10,5,5,0,null,null],[73,4,4,0,null,null],[44,3,3,0,null,null],[64,3,3,0,null,null],[14,2,2,0,null,null],[71,2,2,0,null,null],[42,2,2,0,null,null]]}},{"type":"Feature","geometry":{"type":"Polygon","coordinates":[[[-155.77065,58.86271],[-155.77276,58.86133],[-155.77155,58.85986],[-155.76823,58.85976],[-155.76612,58.86113],[-155.76733,58.86261],[-155.77065,58.86271]]]},"properties":{"cell":"890ce12456fffff","res":9,"coarsened":false,"count":13,"hv":13,"mp":0,"y0":null,"y1":null,"sp":[[71,3,3,0,null,null],[64,2,2,0,null,null],[73,2,2,0,null,null],[27,2,2,0,null,null],[10,2,2,0,null,null],[14,1,1,0,null,null],[46,1,1,0,null,null]]}},{"type":"Feature","geometry":{"type":"Polygon","coordinates":[[[-155.75931,58.25211],[-155.76137,58.25074],[-155.76019,58.24929],[-155.75694,58.24919],[-155.75488,58.25056],[-155.75606,58.25201],[-155.75931,58.25211]]]},"properties":{"cell":"890ceea4457ffff","res":9,"coarsened":false,"count":10,"hv":10,"mp":0,"y0":null,"y1":null,"sp":[[73,2,2,0,null,null],[79,2,2,0,null,null],[64,2,2,0,null,null],[71,2,2,0,null,null],[33,1,1,0,null,null],[42,1,1,0,null,null]]}},{"type":"Feature","geometry":{"type":"Polygon","coordinates":[[[-155.76344,58.90127],[-155.76556,58.89989],[-155.76435,58.89842],[-155.76102,58.89832],[-155.75891,58.89969],[-155.76012,58.90117],[-155.76344,58.90127]]]},"properties":{"cell":"890ce1263d3ffff","res":9,"coarsened":false,"count":15,"hv":15,"mp":0,"y0":null,"y1":null,"sp":[[10,3,3,0,null,null],[42,2,2,0,null,null],[114,2,2,0,null,null],[27,2,2,0,null,null],[79,2,2,0,null,null],[14,2,2,0,null,null],[56,1,1,0,null,null],[19,1,1,0,null,null]]}},{"type":"Feature","geometry":{"type":"Polygon","coordinates":[[[-155.74957,58.25182],[-155.75163,58.25046],[-155.75045,58.249],[-155.7472,58.24891],[-155.74514,58.25027],[-155.74632,58.25173],[-155.74957,58.25182]]]},"properties":{"cell":"890ceea4403ffff","res":9,"coarsened":false,"count":7,"hv":7,"mp":0,"y0":null,"y1":null,"sp":[[46,3,3,0,null,null],[79,1,1,0,null,null],[71,1,1,0,null,null],[73,1,1,0,null,null],[64,1,1,0,null,null]]}},{"type":"Feature","geometry":{"type":"Polygon","coordinates":[[[-155.75347,58.90097],[-155.75558,58.89959],[-155.75437,58.89812],[-155.75105,58.89802],[-155.74894,58.89939],[-155.75015,58.90087],[-155.75347,58.90097]]]},"properties":{"cell":"890ce12639bffff","res":9,"coarsened":false,"count":22,"hv":22,"mp":0,"y0":null,"y1":null,"sp":[[17,6,6,0,null,null],[27,4,4,0,null,null],[14,3,3,0,null,null],[71,3,3,0,null,null],[47,2,2,0,null,null],[10,2,2,0,null,null],[73,1,1,0,null,null],[42,1,1,0,null,null]]}},{"type":"Feature","geometry":{"type":"Polygon","coordinates":[[[-155.74261,58.98257],[-155.74473,58.9812],[-155.74351,58.97973],[-155.74018,58.97962],[-155.73806,58.981],[-155.73927,58.98247],[-155.74261,58.98257]]]},"properties":{"cell":"890ce1343a7ffff","res":9,"coarsened":false,"count":19,"hv":19,"mp":0,"y0":null,"y1":null,"sp":[[71,4,4,0,null,null],[14,3,3,0,null,null],[27,3,3,0,null,null],[17,3,3,0,null,null],[19,2,2,0,null,null],[89,1,1,0,null,null],[23,1,1,0,null,null],[37,1,1,0,null,null],[172,1,1,0,null,null]]}},{"type":"Feature","geometry":{"type":"Polygon","coordinates":[[[-155.73988,58.99112],[-155.742,58.98975],[-155.74079,58.98827],[-155.73745,58.98817],[-155.73533,58.98955],[-155.73654,58.99102],[-155.73988,58.99112]]]},"properties":{"cell":"890ce134143ffff","res":9,"coarsened":false,"count":20,"hv":20,"mp":0,"y0":null,"y1":null,"sp":[[14,6,6,0,null,null],[27,3,3,0,null,null],[17,2,2,0,null,null],[76,2,2,0,null,null],[19,2,2,0,null,null],[71,1,1,0,null,null],[6,1,1,0,null,null],[172,1,1,0,null,null],[60,1,1,0,null,null],[25,1,1,0,null,null]]}},{"type":"Feature","geometry":{"type":"Polygon","coordinates":[[[-155.73009,58.25126],[-155.73215,58.24989],[-155.73097,58.24844],[-155.72773,58.24834],[-155.72566,58.2497],[-155.72684,58.25116],[-155.73009,58.25126]]]},"properties":{"cell":"890ceea44a7ffff","res":9,"coarsened":false,"count":21,"hv":21,"mp":0,"y0":null,"y1":null,"sp":[[64,4,4,0,null,null],[79,3,3,0,null,null],[95,3,3,0,null,null],[163,2,2,0,null,null],[18,2,2,0,null,null],[60,2,2,0,null,null],[73,1,1,0,null,null],[114,1,1,0,null,null],[42,1,1,0,null,null],[51,1,1,0,null,null],[10,1,1,0,null,null]]}},{"type":"Feature","geometry":{"type":"Polygon","coordinates":[[[-155.73186,58.26127],[-155.73392,58.2599],[-155.73274,58.25845],[-155.7295,58.25835],[-155.72743,58.25971],[-155.72861,58.26117],[-155.73186,58.26127]]]},"properties":{"cell":"890ceea635bffff","res":9,"coarsened":false,"count":10,"hv":10,"mp":0,"y0":null,"y1":null,"sp":[[71,3,3,0,null,null],[73,2,2,0,null,null],[79,2,2,0,null,null],[10,1,1,0,null,null],[64,1,1,0,null,null],[46,1,1,0,null,null]]}},{"type":"Feature","geometry":{"type":"Polygon","coordinates":[[[-155.73363,58.27128],[-155.73569,58.26991],[-155.73451,58.26846],[-155.73126,58.26836],[-155.7292,58.26972],[-155.73038,58.27118],[-155.73363,58.27128]]]},"properties":{"cell":"890ceea62abffff","res":9,"coarsened":false,"count":14,"hv":14,"mp":0,"y0":null,"y1":null,"sp":[[64,3,3,0,null,null],[73,3,3,0,null,null],[168,2,2,0,null,null],[28,2,2,0,null,null],[71,2,2,0,null,null],[46,1,1,0,null,null],[44,1,1,0,null,null]]}},{"type":"Feature","geometry":{"type":"Polygon","coordinates":[[[-155.72262,58.95033],[-155.72474,58.94896],[-155.72353,58.94748],[-155.7202,58.94738],[-155.71809,58.94876],[-155.71929,58.95023],[-155.72262,58.95033]]]},"properties":{"cell":"890ce134aafffff","res":9,"coarsened":false,"count":20,"hv":20,"mp":0,"y0":null,"y1":null,"sp":[[89,6,6,0,null,null],[71,5,5,0,null,null],[17,3,3,0,null,null],[55,3,3,0,null,null],[14,2,2,0,null,null],[27,1,1,0,null,null]]}},{"type":"Feature","geometry":{"type":"Polygon","coordinates":[[[-155.71898,58.96172],[-155.7211,58.96035],[-155.71989,58.95888],[-155.71656,58.95877],[-155.71444,58.96015],[-155.71565,58.96162],[-155.71898,58.96172]]]},"properties":{"cell":"890ce13485bffff","res":9,"coarsened":false,"count":12,"hv":12,"mp":0,"y0":null,"y1":null,"sp":[[71,6,6,0,null,null],[89,3,3,0,null,null],[14,2,2,0,null,null],[17,1,1,0,null,null]]}},{"type":"Feature","geometry":{"type":"Polygon","coordinates":[[[-155.71061,58.25068],[-155.71268,58.24932],[-155.7115,58.24787],[-155.70826,58.24777],[-155.70619,58.24913],[-155.70737,58.25059],[-155.71061,58.25068]]]},"properties":{"cell":"890ceea4593ffff","res":9,"coarsened":false,"count":17,"hv":17,"mp":0,"y0":null,"y1":null,"sp":[[89,4,4,0,null,null],[64,4,4,0,null,null],[71,2,2,0,null,null],[119,2,2,0,null,null],[151,1,1,0,null,null],[51,1,1,0,null,null],[79,1,1,0,null,null],[19,1,1,0,null,null],[46,1,1,0,null,null]]}},{"type":"Feature","geometry":{"type":"Polygon","coordinates":[[[-155.71237,58.26069],[-155.71444,58.25933],[-155.71326,58.25788],[-155.71002,58.25778],[-155.70795,58.25914],[-155.70913,58.2606],[-155.71237,58.26069]]]},"properties":{"cell":"890ceea6303ffff","res":9,"coarsened":false,"count":17,"hv":17,"mp":0,"y0":null,"y1":null,"sp":[[64,5,5,0,null,null],[10,3,3,0,null,null],[44,2,2,0,null,null],[73,2,2,0,null,null],[89,2,2,0,null,null],[79,2,2,0,null,null],[168,1,1,0,null,null]]}},{"type":"Feature","geometry":{"type":"Polygon","coordinates":[[[-155.70899,58.96142],[-155.71111,58.96004],[-155.7099,58.95857],[-155.70657,58.95847],[-155.70445,58.95984],[-155.70566,58.96132],[-155.70899,58.96142]]]},"properties":{"cell":"890ce134857ffff","res":9,"coarsened":false,"count":14,"hv":14,"mp":0,"y0":null,"y1":null,"sp":[[17,3,3,0,null,null],[14,3,3,0,null,null],[89,3,3,0,null,null],[71,1,1,0,null,null],[19,1,1,0,null,null],[25,1,1,0,null,null],[2,1,1,0,null,null],[55,1,1,0,null,null]]}},{"type":"Feature","geometry":{"type":"Polygon","coordinates":[[[-155.7108,58.97154],[-155.71292,58.97017],[-155.71171,58.96869],[-155.70838,58.96859],[-155.70626,58.96996],[-155.70747,58.97144],[-155.7108,58.97154]]]},"properties":{"cell":"890ce134ea7ffff","res":9,"coarsened":false,"count":14,"hv":14,"mp":0,"y0":null,"y1":null,"sp":[[17,3,3,0,null,null],[71,3,3,0,null,null],[89,2,2,0,null,null],[14,2,2,0,null,null],[25,1,1,0,null,null],[10,1,1,0,null,null],[84,1,1,0,null,null],[182,1,1,0,null,null]]}},{"type":"Feature","geometry":{"type":"Polygon","coordinates":[[[-155.71261,58.98166],[-155.71473,58.98029],[-155.71352,58.97881],[-155.71019,58.97871],[-155.70806,58.98008],[-155.70927,58.98156],[-155.71261,58.98166]]]},"properties":{"cell":"890ce134c5bffff","res":9,"coarsened":false,"count":13,"hv":13,"mp":0,"y0":null,"y1":null,"sp":[[17,4,4,0,null,null],[89,3,3,0,null,null],[14,2,2,0,null,null],[71,2,2,0,null,null],[27,1,1,0,null,null],[55,1,1,0,null,null]]}},{"type":"Feature","geometry":{"type":"Polygon","coordinates":[[[-155.70088,58.2504],[-155.70294,58.24904],[-155.70176,58.24758],[-155.69852,58.24748],[-155.69645,58.24885],[-155.69763,58.2503],[-155.70088,58.2504]]]},"properties":{"cell":"890ceea6e5bffff","res":9,"coarsened":false,"count":11,"hv":11,"mp":0,"y0":null,"y1":null,"sp":[[10,3,3,0,null,null],[73,2,2,0,null,null],[64,2,2,0,null,null],[89,1,1,0,null,null],[51,1,1,0,null,null],[168,1,1,0,null,null],[71,1,1,0,null,null]]}},{"type":"Feature","geometry":{"type":"Polygon","coordinates":[[[-155.70263,58.26041],[-155.7047,58.25905],[-155.70352,58.25759],[-155.70028,58.25749],[-155.69821,58.25885],[-155.69939,58.26031],[-155.70263,58.26041]]]},"properties":{"cell":"890ceea63abffff","res":9,"coarsened":false,"count":20,"hv":20,"mp":0,"y0":null,"y1":null,"sp":[[89,5,5,0,null,null],[64,4,4,0,null,null],[71,3,3,0,null,null],[10,3,3,0,null,null],[44,2,2,0,null,null],[46,1,1,0,null,null],[79,1,1,0,null,null],[19,1,1,0,null,null]]}},{"type":"Feature","geometry":{"type":"Polygon","coordinates":[[[-155.99903,58.4013],[-156.0011,58.39994],[-155.99989,58.39848],[-155.99663,58.39839],[-155.99456,58.39976],[-155.99576,58.40122],[-155.99903,58.4013]]]},"properties":{"cell":"890ceeb1e27ffff","res":9,"coarsened":false,"count":8,"hv":8,"mp":0,"y0":null,"y1":null,"sp":[[17,2,2,0,null,null],[47,2,2,0,null,null],[175,2,2,0,null,null],[14,2,2,0,null,null]]}},{"type":"Feature","geometry":{"type":"Polygon","coordinates":[[[-155.9911,58.41107],[-155.99317,58.4097],[-155.99196,58.40824],[-155.98869,58.40815],[-155.98663,58.40952],[-155.98783,58.41098],[-155.9911,58.41107]]]},"properties":{"cell":"890ceeb1eb7ffff","res":9,"coarsened":false,"count":13,"hv":13,"mp":0,"y0":null,"y1":null,"sp":[[89,3,3,0,null,null],[17,3,3,0,null,null],[71,2,2,0,null,null],[14,1,1,0,null,null],[19,1,1,0,null,null],[27,1,1,0,null,null],[41,1,1,0,null,null],[175,1,1,0,null,null]]}},{"type":"Feature","geometry":{"type":"Polygon","coordinates":[[[-155.99297,58.42111],[-155.99504,58.41974],[-155.99384,58.41828],[-155.99057,58.41819],[-155.9885,58.41956],[-155.9897,58.42102],[-155.99297,58.42111]]]},"properties":{"cell":"890ceeb1127ffff","res":9,"coarsened":false,"count":15,"hv":15,"mp":0,"y0":null,"y1":null,"sp":[[89,3,3,0,null,null],[10,3,3,0,null,null],[71,3,3,0,null,null],[14,2,2,0,null,null],[60,1,1,0,null,null],[17,1,1,0,null,null],[27,1,1,0,null,null],[55,1,1,0,null,null]]}},{"type":"Feature","geometry":{"type":"Polygon","coordinates":[[[-155.9489,58.37141],[-155.95097,58.37004],[-155.94977,58.36858],[-155.9465,58.36849],[-155.94444,58.36986],[-155.94563,58.37132],[-155.9489,58.37141]]]},"properties":{"cell":"890ceea268fffff","res":9,"coarsened":false,"count":11,"hv":11,"mp":0,"y0":null,"y1":null,"sp":[[64,3,3,0,null,null],[79,3,3,0,null,null],[73,3,3,0,null,null],[42,1,1,0,null,null],[71,1,1,0,null,null]]}},{"type":"Feature","geometry":{"type":"Polygon","coordinates":[[[-155.951,58.41282],[-155.95307,58.41145],[-155.95187,58.40999],[-155.9486,58.4099],[-155.94653,58.41127],[-155.94773,58.41273],[-155.951,58.41282]]]},"properties":{"cell":"890ceeb1dc3ffff","res":9,"coarsened":false,"count":21,"hv":21,"mp":0,"y0":null,"y1":null,"sp":[[42,6,6,0,null,null],[47,5,5,0,null,null],[27,2,2,0,null,null],[79,2,2,0,null,null],[64,2,2,0,null,null],[17,2,2,0,null,null],[25,1,1,0,null,null],[14,1,1,0,null,null]]}},{"type":"Feature","geometry":{"type":"Polygon","coordinates":[[[-155.93911,58.37113],[-155.94117,58.36977],[-155.93998,58.36831],[-155.93671,58.36822],[-155.93465,58.36959],[-155.93584,58.37104],[-155.93911,58.37113]]]},"properties":{"cell":"890ceea26b3ffff","res":9,"coarsened":false,"count":8,"hv":8,"mp":0,"y0":null,"y1":null,"sp":[[64,3,3,0,null,null],[79,2,2,0,null,null],[73,2,2,0,null,null],[168,1,1,0,null,null]]}},{"type":"Feature","geometry":{"type":"Polygon","coordinates":[[[-155.93062,58.30251],[-155.93268,58.30115],[-155.93149,58.29969],[-155.92823,58.2996],[-155.92617,58.30097],[-155.92736,58.30242],[-155.93062,58.30251]]]},"properties":{"cell":"890ceea0187ffff","res":9,"coarsened":false,"count":5,"hv":5,"mp":0,"y0":null,"y1":null,"sp":[[44,4,4,0,null,null],[10,1,1,0,null,null]]}},{"type":"Feature","geometry":{"type":"Polygon","coordinates":[[[-155.91952,58.37059],[-155.92159,58.36922],[-155.9204,58.36776],[-155.91713,58.36767],[-155.91506,58.36904],[-155.91626,58.3705],[-155.91952,58.37059]]]},"properties":{"cell":"890ceea2477ffff","res":9,"coarsened":false,"count":5,"hv":5,"mp":0,"y0":null,"y1":null,"sp":[[73,2,2,0,null,null],[64,2,2,0,null,null],[28,1,1,0,null,null]]}},{"type":"Feature","geometry":{"type":"Polygon","coordinates":[[[-155.91109,58.30197],[-155.91315,58.3006],[-155.91196,58.29915],[-155.9087,58.29906],[-155.90664,58.30042],[-155.90783,58.30188],[-155.91109,58.30197]]]},"properties":{"cell":"890ceea2a73ffff","res":9,"coarsened":false,"count":8,"hv":8,"mp":0,"y0":null,"y1":null,"sp":[[62,3,3,0,null,null],[151,2,2,0,null,null],[44,2,2,0,null,null],[56,1,1,0,null,null]]}},{"type":"Feature","geometry":{"type":"Polygon","coordinates":[[[-155.90215,58.44284],[-155.90423,58.44147],[-155.90303,58.44001],[-155.89976,58.43992],[-155.89768,58.44128],[-155.89888,58.44274],[-155.90215,58.44284]]]},"properties":{"cell":"890ceeb01d7ffff","res":9,"coarsened":false,"count":13,"hv":13,"mp":0,"y0":null,"y1":null,"sp":[[64,3,3,0,null,null],[71,3,3,0,null,null],[14,3,3,0,null,null],[42,2,2,0,null,null],[27,1,1,0,null,null],[19,1,1,0,null,null]]}},{"type":"Feature","geometry":{"type":"Polygon","coordinates":[[[-155.8702,58.29086],[-155.87227,58.28949],[-155.87108,58.28803],[-155.86782,58.28794],[-155.86576,58.28931],[-155.86695,58.29076],[-155.8702,58.29086]]]},"properties":{"cell":"890ceea2b3bffff","res":9,"coarsened":false,"count":7,"hv":7,"mp":0,"y0":null,"y1":null,"sp":[[44,3,3,0,null,null],[93,3,3,0,null,null],[56,1,1,0,null,null]]}},{"type":"Feature","geometry":{"type":"Polygon","coordinates":[[[-155.84043,58.88057],[-155.84254,58.8792],[-155.84133,58.87773],[-155.838,58.87763],[-155.8359,58.879],[-155.83711,58.88048],[-155.84043,58.88057]]]},"properties":{"cell":"890ce1246c3ffff","res":9,"coarsened":false,"count":7,"hv":7,"mp":0,"y0":null,"y1":null,"sp":[[64,4,4,0,null,null],[89,2,2,0,null,null],[79,1,1,0,null,null]]}},{"type":"Feature","geometry":{"type":"Polygon","coordinates":[[[-155.80963,58.88254],[-155.81174,58.88116],[-155.81053,58.87969],[-155.80721,58.87959],[-155.8051,58.88096],[-155.80631,58.88244],[-155.80963,58.88254]]]},"properties":{"cell":"890ce124443ffff","res":9,"coarsened":false,"count":14,"hv":14,"mp":0,"y0":null,"y1":null,"sp":[[10,3,3,0,null,null],[89,2,2,0,null,null],[64,2,2,0,null,null],[14,1,1,0,null,null],[80,1,1,0,null,null],[27,1,1,0,null,null],[79,1,1,0,null,null],[56,1,1,0,null,null],[51,1,1,0,null,null],[47,1,1,0,null,null]]}},{"type":"Feature","geometry":{"type":"Polygon","coordinates":[[[-155.78231,58.24139],[-155.78438,58.24003],[-155.78319,58.23857],[-155.77995,58.23848],[-155.77789,58.23984],[-155.77907,58.2413],[-155.78231,58.24139]]]},"properties":{"cell":"890ceea4607ffff","res":9,"coarsened":false,"count":6,"hv":6,"mp":0,"y0":null,"y1":null,"sp":[[64,3,3,0,null,null],[79,1,1,0,null,null],[56,1,1,0,null,null],[168,1,1,0,null,null]]}},{"type":"Feature","geometry":{"type":"Polygon","coordinates":[[[-155.78151,58.86016],[-155.78362,58.85879],[-155.78241,58.85731],[-155.77909,58.85721],[-155.77698,58.85859],[-155.77819,58.86006],[-155.78151,58.86016]]]},"properties":{"cell":"890ce1241dbffff","res":9,"coarsened":false,"count":13,"hv":13,"mp":0,"y0":null,"y1":null,"sp":[[71,3,3,0,null,null],[64,3,3,0,null,null],[73,3,3,0,null,null],[28,1,1,0,null,null],[42,1,1,0,null,null],[79,1,1,0,null,null],[44,1,1,0,null,null]]}},{"type":"Feature","geometry":{"type":"Polygon","coordinates":[[[-155.7417,59.00125],[-155.74382,58.99987],[-155.74261,58.9984],[-155.73927,58.9983],[-155.73715,58.99967],[-155.73836,59.00115],[-155.7417,59.00125]]]},"properties":{"cell":"890ce1340afffff","res":9,"coarsened":false,"count":9,"hv":9,"mp":0,"y0":null,"y1":null,"sp":[[14,3,3,0,null,null],[27,2,2,0,null,null],[175,2,2,0,null,null],[25,1,1,0,null,null],[71,1,1,0,null,null]]}},{"type":"Feature","geometry":{"type":"Polygon","coordinates":[[[-155.72388,58.27099],[-155.72595,58.26963],[-155.72477,58.26817],[-155.72152,58.26808],[-155.71945,58.26944],[-155.72063,58.2709],[-155.72388,58.27099]]]},"properties":{"cell":"890ceea62a7ffff","res":9,"coarsened":false,"count":13,"hv":13,"mp":0,"y0":null,"y1":null,"sp":[[64,3,3,0,null,null],[73,2,2,0,null,null],[10,2,2,0,null,null],[52,1,1,0,null,null],[44,1,1,0,null,null],[42,1,1,0,null,null],[79,1,1,0,null,null],[47,1,1,0,null,null],[46,1,1,0,null,null]]}},{"type":"Feature","geometry":{"type":"Polygon","coordinates":[[[-155.5541,58.77141],[-155.55621,58.77004],[-155.55502,58.76857],[-155.55171,58.76847],[-155.5496,58.76984],[-155.55079,58.77131],[-155.5541,58.77141]]]},"properties":{"cell":"890cec50173ffff","res":9,"coarsened":false,"count":17,"hv":17,"mp":0,"y0":null,"y1":null,"sp":[[47,3,3,0,null,null],[42,3,3,0,null,null],[64,3,3,0,null,null],[92,2,2,0,null,null],[14,2,2,0,null,null],[55,1,1,0,null,null],[79,1,1,0,null,null],[19,1,1,0,null,null],[10,1,1,0,null,null]]}},{"type":"Feature","geometry":{"type":"Polygon","coordinates":[[[-155.54198,58.70083],[-155.54409,58.69946],[-155.5429,58.69799],[-155.5396,58.69789],[-155.5375,58.69925],[-155.53868,58.70072],[-155.54198,58.70083]]]},"properties":{"cell":"890cec42573ffff","res":9,"coarsened":false,"count":7,"hv":7,"mp":0,"y0":null,"y1":null,"sp":[[17,2,2,0,null,null],[47,2,2,0,null,null],[13,2,2,0,null,null],[14,1,1,0,null,null]]}},{"type":"Feature","geometry":{"type":"Polygon","coordinates":[[[-155.53877,58.77236],[-155.54088,58.77099],[-155.53969,58.76952],[-155.53638,58.76942],[-155.53427,58.77079],[-155.53546,58.77226],[-155.53877,58.77236]]]},"properties":{"cell":"890cec50133ffff","res":9,"coarsened":false,"count":19,"hv":19,"mp":0,"y0":null,"y1":null,"sp":[[79,4,4,0,null,null],[42,4,4,0,null,null],[14,2,2,0,null,null],[73,2,2,0,null,null],[64,2,2,0,null,null],[47,2,2,0,null,null],[182,1,1,0,null,null],[55,1,1,0,null,null],[10,1,1,0,null,null]]}},{"type":"Feature","geometry":{"type":"Polygon","coordinates":[[[-155.53209,58.70051],[-155.5342,58.69915],[-155.53301,58.69768],[-155.52972,58.69758],[-155.52761,58.69894],[-155.5288,58.70041],[-155.53209,58.70051]]]},"properties":{"cell":"890cec4253bffff","res":9,"coarsened":false,"count":5,"hv":5,"mp":0,"y0":null,"y1":null,"sp":[[17,3,3,0,null,null],[23,1,1,0,null,null],[56,1,1,0,null,null]]}},{"type":"Feature","geometry":{"type":"Polygon","coordinates":[[[-155.52885,58.77205],[-155.53097,58.77068],[-155.52978,58.76921],[-155.52647,58.7691],[-155.52436,58.77047],[-155.52555,58.77194],[-155.52885,58.77205]]]},"properties":{"cell":"890cec50cdbffff","res":9,"coarsened":false,"count":34,"hv":34,"mp":0,"y0":null,"y1":null,"sp":[[64,6,6,0,null,null],[47,5,5,0,null,null],[42,4,4,0,null,null],[71,4,4,0,null,null],[14,4,4,0,null,null],[79,3,3,0,null,null],[10,3,3,0,null,null],[56,2,2,0,null,null],[55,2,2,0,null,null],[89,1,1,0,null,null]]}},{"type":"Feature","geometry":{"type":"Polygon","coordinates":[[[-155.52221,58.7002],[-155.52431,58.69884],[-155.52313,58.69737],[-155.51983,58.69726],[-155.51772,58.69863],[-155.51891,58.7001],[-155.52221,58.7002]]]},"properties":{"cell":"890cec42537ffff","res":9,"coarsened":false,"count":18,"hv":18,"mp":0,"y0":null,"y1":null,"sp":[[17,5,5,0,null,null],[14,4,4,0,null,null],[25,2,2,0,null,null],[10,2,2,0,null,null],[156,2,2,0,null,null],[19,1,1,0,null,null],[47,1,1,0,null,null],[175,1,1,0,null,null]]}},{"type":"Feature","geometry":{"type":"Polygon","coordinates":[[[-155.52066,58.78182],[-155.52278,58.78046],[-155.52159,58.77898],[-155.51828,58.77888],[-155.51617,58.78025],[-155.51736,58.78172],[-155.52066,58.78182]]]},"properties":{"cell":"890cec52a47ffff","res":9,"coarsened":false,"count":20,"hv":20,"mp":0,"y0":null,"y1":null,"sp":[[64,3,3,0,null,null],[42,3,3,0,null,null],[79,2,2,0,null,null],[19,2,2,0,null,null],[14,2,2,0,null,null],[10,2,2,0,null,null],[55,2,2,0,null,null],[89,2,2,0,null,null],[71,2,2,0,null,null]]}},{"type":"Feature","geometry":{"type":"Polygon","coordinates":[[[-155.52357,59.22062],[-155.52572,59.21925],[-155.52451,59.21777],[-155.52115,59.21766],[-155.519,59.21903],[-155.52021,59.22051],[-155.52357,59.22062]]]},"properties":{"cell":"890ce1a54b7ffff","res":9,"coarsened":false,"count":7,"hv":7,"mp":0,"y0":null,"y1":null,"sp":[[71,3,3,0,null,null],[89,2,2,0,null,null],[27,2,2,0,null,null]]}},{"type":"Feature","geometry":{"type":"Polygon","coordinates":[[[-156.13238,58.50053],[-156.13445,58.49916],[-156.13323,58.4977],[-156.12995,58.49761],[-156.12788,58.49899],[-156.1291,58.50045],[-156.13238,58.50053]]]},"properties":{"cell":"890cee84ed3ffff","res":9,"coarsened":false,"count":3,"hv":3,"mp":0,"y0":null,"y1":null,"sp":[[172,2,2,0,null,null],[19,1,1,0,null,null]]}},{"type":"Feature","geometry":{"type":"Polygon","coordinates":[[[-155.92081,58.43052],[-155.92288,58.42915],[-155.92168,58.42769],[-155.91841,58.4276],[-155.91634,58.42897],[-155.91754,58.43043],[-155.92081,58.43052]]]},"properties":{"cell":"890ceeb03b3ffff","res":9,"coarsened":false,"count":10,"hv":10,"mp":0,"y0":null,"y1":null,"sp":[[14,3,3,0,null,null],[19,2,2,0,null,null],[64,2,2,0,null,null],[84,1,1,0,null,null],[172,1,1,0,null,null],[27,1,1,0,null,null]]}},{"type":"Feature","geometry":{"type":"Polygon","coordinates":[[[-155.90132,58.3017],[-155.90338,58.30033],[-155.90219,58.29887],[-155.89894,58.29878],[-155.89687,58.30015],[-155.89807,58.30161],[-155.90132,58.3017]]]},"properties":{"cell":"890ceea2a3bffff","res":9,"coarsened":false,"count":13,"hv":13,"mp":0,"y0":null,"y1":null,"sp":[[44,5,5,0,null,null],[62,3,3,0,null,null],[138,1,1,0,null,null],[53,1,1,0,null,null],[19,1,1,0,null,null],[64,1,1,0,null,null],[185,1,1,0,null,null]]}},{"type":"Feature","geometry":{"type":"Polygon","coordinates":[[[-155.88973,58.29141],[-155.89179,58.29004],[-155.8906,58.28858],[-155.88734,58.28849],[-155.88528,58.28986],[-155.88647,58.29131],[-155.88973,58.29141]]]},"properties":{"cell":"890ceea2b4fffff","res":9,"coarsened":false,"count":9,"hv":9,"mp":0,"y0":null,"y1":null,"sp":[[44,4,4,0,null,null],[62,3,3,0,null,null],[53,1,1,0,null,null],[93,1,1,0,null,null]]}},{"type":"Feature","geometry":{"type":"Polygon","coordinates":[[[-155.87996,58.29113],[-155.88203,58.28977],[-155.88084,58.28831],[-155.87758,58.28822],[-155.87552,58.28958],[-155.87671,58.29104],[-155.87996,58.29113]]]},"properties":{"cell":"890ceea2b73ffff","res":9,"coarsened":false,"count":10,"hv":10,"mp":0,"y0":null,"y1":null,"sp":[[62,4,4,0,null,null],[44,4,4,0,null,null],[93,1,1,0,null,null],[151,1,1,0,null,null]]}},{"type":"Feature","geometry":{"type":"Polygon","coordinates":[[[-155.8722,58.89156],[-155.87431,58.89018],[-155.8731,58.88871],[-155.86977,58.88861],[-155.86766,58.88999],[-155.86888,58.89146],[-155.8722,58.89156]]]},"properties":{"cell":"890ce1273c3ffff","res":9,"coarsened":false,"count":2,"hv":2,"mp":0,"y0":null,"y1":null,"sp":[[119,2,2,0,null,null]]}},{"type":"Feature","geometry":{"type":"Polygon","coordinates":[[[-155.74985,58.91235],[-155.75196,58.91098],[-155.75075,58.90951],[-155.74743,58.90941],[-155.74531,58.91078],[-155.74652,58.91225],[-155.74985,58.91235]]]},"properties":{"cell":"890ce126003ffff","res":9,"coarsened":false,"count":8,"hv":8,"mp":0,"y0":null,"y1":null,"sp":[[17,2,2,0,null,null],[14,2,2,0,null,null],[27,2,2,0,null,null],[168,1,1,0,null,null],[47,1,1,0,null,null]]}},{"type":"Feature","geometry":{"type":"Polygon","coordinates":[[[-155.72212,58.26098],[-155.72418,58.25962],[-155.723,58.25816],[-155.71976,58.25807],[-155.71769,58.25943],[-155.71887,58.26089],[-155.72212,58.26098]]]},"properties":{"cell":"890ceea6357ffff","res":9,"coarsened":false,"count":6,"hv":6,"mp":0,"y0":null,"y1":null,"sp":[[64,2,2,0,null,null],[89,1,1,0,null,null],[10,1,1,0,null,null],[44,1,1,0,null,null],[168,1,1,0,null,null]]}},{"type":"Feature","geometry":{"type":"Polygon","coordinates":[[[-156.12104,58.52167],[-156.12311,58.52029],[-156.12189,58.51883],[-156.11861,58.51874],[-156.11654,58.52012],[-156.11775,58.52158],[-156.12104,58.52167]]]},"properties":{"cell":"890cee8456fffff","res":9,"coarsened":false,"count":1,"hv":1,"mp":0,"y0":null,"y1":null,"sp":[[89,1,1,0,null,null]]}},{"type":"Feature","geometry":{"type":"Polygon","coordinates":[[[-155.75134,58.26183],[-155.75341,58.26047],[-155.75223,58.25901],[-155.74898,58.25892],[-155.74691,58.26028],[-155.74809,58.26174],[-155.75134,58.26183]]]},"properties":{"cell":"890ceea626fffff","res":9,"coarsened":false,"count":10,"hv":10,"mp":0,"y0":null,"y1":null,"sp":[[64,3,3,0,null,null],[46,3,3,0,null,null],[71,2,2,0,null,null],[73,1,1,0,null,null],[10,1,1,0,null,null]]}},{"type":"Feature","geometry":{"type":"Polygon","coordinates":[[[-155.70701,58.30892],[-155.75875,58.29051],[-155.75666,58.26057],[-155.70294,58.24904],[-155.65126,58.26742],[-155.65323,58.29736],[-155.70701,58.30892]]]},"properties":{"cell":"860ceea67ffffff","res":6,"coarsened":true,"count":3,"hv":3,"mp":0,"y0":null,"y1":null,"sp":[[177,3,3,0,null,null]]}},{"type":"Feature","geometry":{"type":"Polygon","coordinates":[[[-155.95918,58.32182],[-155.96125,58.32045],[-155.96005,58.31899],[-155.95679,58.3189],[-155.95473,58.32027],[-155.95593,58.32173],[-155.95918,58.32182]]]},"properties":{"cell":"890ceea0423ffff","res":9,"coarsened":false,"count":1,"hv":1,"mp":0,"y0":null,"y1":null,"sp":[[25,1,1,0,null,null]]}},{"type":"Feature","geometry":{"type":"Polygon","coordinates":[[[-155.51135,58.38132],[-155.51343,58.37996],[-155.51226,58.3785],[-155.509,58.3784],[-155.50692,58.37976],[-155.50809,58.38122],[-155.51135,58.38132]]]},"properties":{"cell":"890cec79847ffff","res":9,"coarsened":false,"count":39,"hv":39,"mp":0,"y0":null,"y1":null,"sp":[[182,15,15,0,null,null],[77,4,4,0,null,null],[79,3,3,0,null,null],[17,3,3,0,null,null],[14,2,2,0,null,null],[13,2,2,0,null,null],[27,2,2,0,null,null],[71,2,2,0,null,null],[109,2,2,0,null,null],[52,2,2,0,null,null],[64,1,1,0,null,null],[42,1,1,0,null,null]]}},{"type":"Feature","geometry":{"type":"Polygon","coordinates":[[[-155.5114,58.70272],[-155.51351,58.70136],[-155.51232,58.69989],[-155.50903,58.69978],[-155.50692,58.70115],[-155.5081,58.70262],[-155.5114,58.70272]]]},"properties":{"cell":"890cec552d3ffff","res":9,"coarsened":false,"count":11,"hv":11,"mp":0,"y0":null,"y1":null,"sp":[[14,3,3,0,null,null],[17,2,2,0,null,null],[71,2,2,0,null,null],[27,2,2,0,null,null],[19,1,1,0,null,null],[47,1,1,0,null,null]]}},{"type":"Feature","geometry":{"type":"Polygon","coordinates":[[[-155.50158,58.38102],[-155.50366,58.37966],[-155.50249,58.3782],[-155.49923,58.37809],[-155.49715,58.37945],[-155.49832,58.38091],[-155.50158,58.38102]]]},"properties":{"cell":"890cec7980fffff","res":9,"coarsened":false,"count":19,"hv":19,"mp":0,"y0":null,"y1":null,"sp":[[27,3,3,0,null,null],[14,3,3,0,null,null],[71,2,2,0,null,null],[89,2,2,0,null,null],[42,2,2,0,null,null],[64,2,2,0,null,null],[79,2,2,0,null,null],[17,1,1,0,null,null],[56,1,1,0,null,null],[25,1,1,0,null,null]]}},{"type":"Feature","geometry":{"type":"Polygon","coordinates":[[[-155.50151,58.70241],[-155.50362,58.70105],[-155.50244,58.69958],[-155.49914,58.69947],[-155.49703,58.70084],[-155.49822,58.70231],[-155.50151,58.70241]]]},"properties":{"cell":"890cec5529bffff","res":9,"coarsened":false,"count":9,"hv":9,"mp":0,"y0":null,"y1":null,"sp":[[17,3,3,0,null,null],[27,3,3,0,null,null],[14,2,2,0,null,null],[41,1,1,0,null,null]]}},{"type":"Feature","geometry":{"type":"Polygon","coordinates":[[[-155.49241,59.22249],[-155.49456,59.22112],[-155.49335,59.21964],[-155.48999,59.21953],[-155.48784,59.2209],[-155.48905,59.22238],[-155.49241,59.22249]]]},"properties":{"cell":"890ce1a7337ffff","res":9,"coarsened":false,"count":9,"hv":9,"mp":0,"y0":null,"y1":null,"sp":[[71,3,3,0,null,null],[17,2,2,0,null,null],[64,2,2,0,null,null],[73,1,1,0,null,null],[79,1,1,0,null,null]]}},{"type":"Feature","geometry":{"type":"Polygon","coordinates":[[[-155.48035,58.37038],[-155.48243,58.36902],[-155.48126,58.36756],[-155.47801,58.36745],[-155.47592,58.36881],[-155.47709,58.37028],[-155.48035,58.37038]]]},"properties":{"cell":"890cec79947ffff","res":9,"coarsened":false,"count":26,"hv":26,"mp":0,"y0":null,"y1":null,"sp":[[14,7,7,0,null,null],[47,4,4,0,null,null],[89,3,3,0,null,null],[27,3,3,0,null,null],[10,2,2,0,null,null],[42,2,2,0,null,null],[64,2,2,0,null,null],[79,1,1,0,null,null],[60,1,1,0,null,null],[71,1,1,0,null,null]]}},{"type":"Feature","geometry":{"type":"Polygon","coordinates":[[[-155.46997,58.34156],[-155.47205,58.34021],[-155.47089,58.33875],[-155.46763,58.33864],[-155.46555,58.34],[-155.46672,58.34146],[-155.46997,58.34156]]]},"properties":{"cell":"890cec6a297ffff","res":9,"coarsened":false,"count":12,"hv":12,"mp":0,"y0":null,"y1":null,"sp":[[64,6,6,0,null,null],[119,2,2,0,null,null],[44,1,1,0,null,null],[10,1,1,0,null,null],[46,1,1,0,null,null],[89,1,1,0,null,null]]}},{"type":"Feature","geometry":{"type":"Polygon","coordinates":[[[-155.4599,58.37258],[-155.46199,58.37122],[-155.46082,58.36976],[-155.45756,58.36966],[-155.45548,58.37102],[-155.45665,58.37248],[-155.4599,58.37258]]]},"properties":{"cell":"890cec799abffff","res":9,"coarsened":false,"count":17,"hv":17,"mp":0,"y0":null,"y1":null,"sp":[[14,4,4,0,null,null],[89,3,3,0,null,null],[19,2,2,0,null,null],[27,2,2,0,null,null],[55,1,1,0,null,null],[79,1,1,0,null,null],[71,1,1,0,null,null],[151,1,1,0,null,null],[6,1,1,0,null,null],[33,1,1,0,null,null]]}},{"type":"Feature","geometry":{"type":"Polygon","coordinates":[[[-155.4538,58.36099],[-155.45589,58.35964],[-155.45472,58.35817],[-155.45147,58.35807],[-155.44938,58.35943],[-155.45055,58.36089],[-155.4538,58.36099]]]},"properties":{"cell":"890cec6a443ffff","res":9,"coarsened":false,"count":5,"hv":5,"mp":0,"y0":null,"y1":null,"sp":[[14,3,3,0,null,null],[64,1,1,0,null,null],[89,1,1,0,null,null]]}},{"type":"Feature","geometry":{"type":"Polygon","coordinates":[[[-155.45014,58.37227],[-155.45222,58.37092],[-155.45105,58.36945],[-155.4478,58.36935],[-155.44571,58.37071],[-155.44688,58.37217],[-155.45014,58.37227]]]},"properties":{"cell":"890cec799a7ffff","res":9,"coarsened":false,"count":24,"hv":24,"mp":0,"y0":null,"y1":null,"sp":[[89,3,3,0,null,null],[14,3,3,0,null,null],[71,3,3,0,null,null],[47,2,2,0,null,null],[17,2,2,0,null,null],[64,2,2,0,null,null],[19,2,2,0,null,null],[151,1,1,0,null,null],[27,1,1,0,null,null],[79,1,1,0,null,null],[78,1,1,0,null,null],[42,1,1,0,null,null],[44,1,1,0,null,null],[33,1,1,0,null,null]]}},{"type":"Feature","geometry":{"type":"Polygon","coordinates":[[[-155.45211,59.22117],[-155.45427,59.2198],[-155.45306,59.21832],[-155.4497,59.21821],[-155.44755,59.21958],[-155.44876,59.22106],[-155.45211,59.22117]]]},"properties":{"cell":"890ce1a444fffff","res":9,"coarsened":false,"count":12,"hv":12,"mp":0,"y0":null,"y1":null,"sp":[[89,3,3,0,null,null],[64,3,3,0,null,null],[71,2,2,0,null,null],[10,2,2,0,null,null],[28,1,1,0,null,null],[73,1,1,0,null,null]]}},{"type":"Feature","geometry":{"type":"Polygon","coordinates":[[[-155.44037,58.37196],[-155.44246,58.37061],[-155.44129,58.36914],[-155.43803,58.36904],[-155.43595,58.3704],[-155.43712,58.37186],[-155.44037,58.37196]]]},"properties":{"cell":"890cec78a6fffff","res":9,"coarsened":false,"count":20,"hv":20,"mp":0,"y0":null,"y1":null,"sp":[[14,4,4,0,null,null],[42,3,3,0,null,null],[39,2,2,0,null,null],[27,2,2,0,null,null],[71,2,2,0,null,null],[64,2,2,0,null,null],[115,2,2,0,null,null],[79,1,1,0,null,null],[47,1,1,0,null,null],[17,1,1,0,null,null]]}},{"type":"Feature","geometry":{"type":"Polygon","coordinates":[[[-155.41918,58.36132],[-155.42127,58.35996],[-155.4201,58.3585],[-155.41685,58.3584],[-155.41476,58.35975],[-155.41593,58.36122],[-155.41918,58.36132]]]},"properties":{"cell":"890cec6a4a7ffff","res":9,"coarsened":false,"count":37,"hv":37,"mp":0,"y0":null,"y1":null,"sp":[[89,6,6,0,null,null],[14,5,5,0,null,null],[64,5,5,0,null,null],[79,4,4,0,null,null],[71,3,3,0,null,null],[167,3,3,0,null,null],[23,3,3,0,null,null],[65,2,2,0,null,null],[42,2,2,0,null,null],[27,2,2,0,null,null],[47,2,2,0,null,null]]}},{"type":"Feature","geometry":{"type":"Polygon","coordinates":[[[-155.42224,59.11205],[-155.42438,59.11068],[-155.42318,59.1092],[-155.41984,59.10909],[-155.4177,59.11046],[-155.4189,59.11194],[-155.42224,59.11205]]]},"properties":{"cell":"890cecda0afffff","res":9,"coarsened":false,"count":25,"hv":25,"mp":0,"y0":null,"y1":null,"sp":[[47,4,4,0,null,null],[89,3,3,0,null,null],[42,3,3,0,null,null],[64,3,3,0,null,null],[71,3,3,0,null,null],[73,2,2,0,null,null],[10,2,2,0,null,null],[55,1,1,0,null,null],[179,1,1,0,null,null],[119,1,1,0,null,null],[172,1,1,0,null,null],[68,1,1,0,null,null]]}},{"type":"Feature","geometry":{"type":"Polygon","coordinates":[[[-155.42019,59.21002],[-155.42234,59.20864],[-155.42114,59.20716],[-155.41778,59.20705],[-155.41563,59.20842],[-155.41683,59.2099],[-155.42019,59.21002]]]},"properties":{"cell":"890ce1a454fffff","res":9,"coarsened":false,"count":21,"hv":21,"mp":0,"y0":null,"y1":null,"sp":[[89,4,4,0,null,null],[64,4,4,0,null,null],[19,2,2,0,null,null],[51,2,2,0,null,null],[95,2,2,0,null,null],[10,2,2,0,null,null],[184,2,2,0,null,null],[75,2,2,0,null,null],[22,1,1,0,null,null]]}},{"type":"Feature","geometry":{"type":"Polygon","coordinates":[[[-155.39911,59.2122],[-155.40126,59.21083],[-155.40006,59.20935],[-155.3967,59.20923],[-155.39455,59.2106],[-155.39575,59.21209],[-155.39911,59.2122]]]},"properties":{"cell":"890ce1a4507ffff","res":9,"coarsened":false,"count":12,"hv":12,"mp":0,"y0":null,"y1":null,"sp":[[22,3,3,0,null,null],[89,2,2,0,null,null],[60,2,2,0,null,null],[68,2,2,0,null,null],[19,1,1,0,null,null],[85,1,1,0,null,null],[25,1,1,0,null,null]]}},{"type":"Feature","geometry":{"type":"Polygon","coordinates":[[[-155.40252,59.23251],[-155.40467,59.23114],[-155.40347,59.22966],[-155.40011,59.22955],[-155.39796,59.23092],[-155.39916,59.2324],[-155.40252,59.23251]]]},"properties":{"cell":"890ce1a630bffff","res":9,"coarsened":false,"count":12,"hv":12,"mp":0,"y0":null,"y1":null,"sp":[[75,3,3,0,null,null],[19,2,2,0,null,null],[163,2,2,0,null,null],[60,2,2,0,null,null],[65,1,1,0,null,null],[180,1,1,0,null,null],[184,1,1,0,null,null]]}},{"type":"Feature","geometry":{"type":"Polygon","coordinates":[[[-155.39215,59.11105],[-155.3943,59.10968],[-155.3931,59.1082],[-155.38976,59.10809],[-155.38761,59.10946],[-155.38881,59.11094],[-155.39215,59.11105]]]},"properties":{"cell":"890cecda197ffff","res":9,"coarsened":false,"count":11,"hv":11,"mp":0,"y0":null,"y1":null,"sp":[[54,4,4,0,null,null],[172,2,2,0,null,null],[89,1,1,0,null,null],[180,1,1,0,null,null],[19,1,1,0,null,null],[179,1,1,0,null,null],[51,1,1,0,null,null]]}},{"type":"Feature","geometry":{"type":"Polygon","coordinates":[[[-155.38212,59.11072],[-155.38427,59.10935],[-155.38307,59.10787],[-155.37973,59.10776],[-155.37759,59.10913],[-155.37878,59.11061],[-155.38212,59.11072]]]},"properties":{"cell":"890cecd1243ffff","res":9,"coarsened":false,"count":23,"hv":23,"mp":0,"y0":null,"y1":null,"sp":[[172,5,5,0,null,null],[119,4,4,0,null,null],[55,3,3,0,null,null],[54,3,3,0,null,null],[168,1,1,0,null,null],[71,1,1,0,null,null],[46,1,1,0,null,null],[56,1,1,0,null,null],[139,1,1,0,null,null],[158,1,1,0,null,null],[89,1,1,0,null,null],[122,1,1,0,null,null]]}},{"type":"Feature","geometry":{"type":"Polygon","coordinates":[[[-155.32102,59.11155],[-155.32317,59.11018],[-155.32198,59.1087],[-155.31863,59.10859],[-155.31649,59.10995],[-155.31768,59.11143],[-155.32102,59.11155]]]},"properties":{"cell":"890cecd102fffff","res":9,"coarsened":false,"count":10,"hv":10,"mp":0,"y0":null,"y1":null,"sp":[[119,2,2,0,null,null],[179,2,2,0,null,null],[19,2,2,0,null,null],[172,1,1,0,null,null],[34,1,1,0,null,null],[10,1,1,0,null,null],[89,1,1,0,null,null]]}},{"type":"Feature","geometry":{"type":"Polygon","coordinates":[[[-155.30933,59.10107],[-155.31148,59.0997],[-155.31029,59.09822],[-155.30695,59.09811],[-155.3048,59.09947],[-155.30599,59.10096],[-155.30933,59.10107]]]},"properties":{"cell":"890cecd116bffff","res":9,"coarsened":false,"count":24,"hv":24,"mp":0,"y0":null,"y1":null,"sp":[[54,8,8,0,null,null],[172,3,3,0,null,null],[10,3,3,0,null,null],[51,3,3,0,null,null],[89,2,2,0,null,null],[179,1,1,0,null,null],[150,1,1,0,null,null],[19,1,1,0,null,null],[184,1,1,0,null,null],[71,1,1,0,null,null]]}},{"type":"Feature","geometry":{"type":"Polygon","coordinates":[[[-155.311,59.11121],[-155.31315,59.10984],[-155.31195,59.10836],[-155.30861,59.10825],[-155.30646,59.10961],[-155.30766,59.11109],[-155.311,59.11121]]]},"properties":{"cell":"890cecd1153ffff","res":9,"coarsened":false,"count":20,"hv":20,"mp":0,"y0":null,"y1":null,"sp":[[73,3,3,0,null,null],[10,3,3,0,null,null],[89,3,3,0,null,null],[71,2,2,0,null,null],[79,2,2,0,null,null],[119,2,2,0,null,null],[64,2,2,0,null,null],[54,1,1,0,null,null],[60,1,1,0,null,null],[172,1,1,0,null,null]]}},{"type":"Feature","geometry":{"type":"Polygon","coordinates":[[[-155.30218,59.09219],[-155.30433,59.09082],[-155.30314,59.08934],[-155.2998,59.08922],[-155.29765,59.09059],[-155.29884,59.09207],[-155.30218,59.09219]]]},"properties":{"cell":"890cecd1e13ffff","res":9,"coarsened":false,"count":11,"hv":11,"mp":0,"y0":null,"y1":null,"sp":[[119,3,3,0,null,null],[172,2,2,0,null,null],[10,2,2,0,null,null],[44,2,2,0,null,null],[89,1,1,0,null,null],[19,1,1,0,null,null]]}},{"type":"Feature","geometry":{"type":"Polygon","coordinates":[[[-155.26893,58.80081],[-155.27106,58.79945],[-155.26988,58.79798],[-155.26658,58.79787],[-155.26445,58.79923],[-155.26563,58.8007],[-155.26893,58.80081]]]},"properties":{"cell":"890ceccc87bffff","res":9,"coarsened":false,"count":15,"hv":15,"mp":0,"y0":null,"y1":null,"sp":[[10,2,2,0,null,null],[55,2,2,0,null,null],[18,2,2,0,null,null],[89,2,2,0,null,null],[151,1,1,0,null,null],[19,1,1,0,null,null],[122,1,1,0,null,null],[181,1,1,0,null,null],[56,1,1,0,null,null],[53,1,1,0,null,null],[84,1,1,0,null,null]]}},{"type":"Feature","geometry":{"type":"Polygon","coordinates":[[[-155.26065,58.81057],[-155.26278,58.80921],[-155.2616,58.80774],[-155.2583,58.80762],[-155.25617,58.80899],[-155.25735,58.81046],[-155.26065,58.81057]]]},"properties":{"cell":"890ceccc8c7ffff","res":9,"coarsened":false,"count":14,"hv":14,"mp":0,"y0":null,"y1":null,"sp":[[89,3,3,0,null,null],[10,3,3,0,null,null],[19,2,2,0,null,null],[55,2,2,0,null,null],[53,1,1,0,null,null],[119,1,1,0,null,null],[51,1,1,0,null,null],[56,1,1,0,null,null]]}},{"type":"Feature","geometry":{"type":"Polygon","coordinates":[[[-155.25074,58.81023],[-155.25287,58.80887],[-155.25169,58.8074],[-155.24839,58.80729],[-155.24626,58.80865],[-155.24744,58.81012],[-155.25074,58.81023]]]},"properties":{"cell":"890ceccc88fffff","res":9,"coarsened":false,"count":14,"hv":14,"mp":0,"y0":null,"y1":null,"sp":[[10,4,4,0,null,null],[19,3,3,0,null,null],[89,1,1,0,null,null],[151,1,1,0,null,null],[55,1,1,0,null,null],[51,1,1,0,null,null],[18,1,1,0,null,null],[148,1,1,0,null,null],[122,1,1,0,null,null]]}},{"type":"Feature","geometry":{"type":"Polygon","coordinates":[[[-155.24369,58.80139],[-155.24581,58.80003],[-155.24464,58.79856],[-155.24134,58.79845],[-155.23921,58.79981],[-155.24038,58.80128],[-155.24369,58.80139]]]},"properties":{"cell":"890ceccc837ffff","res":9,"coarsened":false,"count":15,"hv":15,"mp":0,"y0":null,"y1":null,"sp":[[46,3,3,0,null,null],[10,3,3,0,null,null],[89,2,2,0,null,null],[55,2,2,0,null,null],[53,1,1,0,null,null],[51,1,1,0,null,null],[64,1,1,0,null,null],[56,1,1,0,null,null],[19,1,1,0,null,null]]}},{"type":"Feature","geometry":{"type":"Polygon","coordinates":[[[-155.23378,58.80106],[-155.23591,58.79969],[-155.23473,58.79822],[-155.23143,58.79811],[-155.2293,58.79947],[-155.23048,58.80094],[-155.23378,58.80106]]]},"properties":{"cell":"890ceccc9c3ffff","res":9,"coarsened":false,"count":29,"hv":29,"mp":0,"y0":null,"y1":null,"sp":[[89,7,7,0,null,null],[10,5,5,0,null,null],[46,4,4,0,null,null],[64,4,4,0,null,null],[71,2,2,0,null,null],[42,2,2,0,null,null],[56,1,1,0,null,null],[55,1,1,0,null,null],[51,1,1,0,null,null],[168,1,1,0,null,null],[73,1,1,0,null,null]]}},{"type":"Feature","geometry":{"type":"Polygon","coordinates":[[[-155.07878,58.39131],[-155.08088,58.38996],[-155.07973,58.38849],[-155.07648,58.38838],[-155.07438,58.38973],[-155.07553,58.39119],[-155.07878,58.39131]]]},"properties":{"cell":"890cec75317ffff","res":9,"coarsened":false,"count":8,"hv":8,"mp":0,"y0":null,"y1":null,"sp":[[93,4,4,0,null,null],[44,3,3,0,null,null],[64,1,1,0,null,null]]}},{"type":"Feature","geometry":{"type":"Polygon","coordinates":[[[-155.07056,58.40099],[-155.07267,58.39964],[-155.07152,58.39818],[-155.06827,58.39807],[-155.06616,58.39942],[-155.06731,58.40088],[-155.07056,58.40099]]]},"properties":{"cell":"890cec7502fffff","res":9,"coarsened":false,"count":11,"hv":11,"mp":0,"y0":null,"y1":null,"sp":[[64,8,8,0,null,null],[53,1,1,0,null,null],[44,1,1,0,null,null],[47,1,1,0,null,null]]}},{"type":"Feature","geometry":{"type":"Polygon","coordinates":[[[-155.0721,58.41102],[-155.0742,58.40967],[-155.07305,58.4082],[-155.0698,58.40809],[-155.0677,58.40944],[-155.06885,58.41091],[-155.0721,58.41102]]]},"properties":{"cell":"890cec75017ffff","res":9,"coarsened":false,"count":29,"hv":29,"mp":0,"y0":null,"y1":null,"sp":[[64,9,9,0,null,null],[47,6,6,0,null,null],[79,4,4,0,null,null],[46,2,2,0,null,null],[42,2,2,0,null,null],[73,2,2,0,null,null],[44,1,1,0,null,null],[28,1,1,0,null,null],[119,1,1,0,null,null],[168,1,1,0,null,null]]}},{"type":"Feature","geometry":{"type":"Polygon","coordinates":[[[-155.07363,58.42105],[-155.07574,58.4197],[-155.07459,58.41823],[-155.07134,58.41812],[-155.06923,58.41947],[-155.07038,58.42094],[-155.07363,58.42105]]]},"properties":{"cell":"890cec75467ffff","res":9,"coarsened":false,"count":16,"hv":16,"mp":0,"y0":null,"y1":null,"sp":[[64,4,4,0,null,null],[47,4,4,0,null,null],[42,3,3,0,null,null],[79,2,2,0,null,null],[73,2,2,0,null,null],[14,1,1,0,null,null]]}},{"type":"Feature","geometry":{"type":"Polygon","coordinates":[[[-155.0501,58.94246],[-155.05225,58.9411],[-155.05108,58.93962],[-155.04776,58.9395],[-155.04562,58.94086],[-155.04679,58.94234],[-155.0501,58.94246]]]},"properties":{"cell":"890cecc71b7ffff","res":9,"coarsened":false,"count":8,"hv":8,"mp":0,"y0":null,"y1":null,"sp":[[44,4,4,0,null,null],[56,1,1,0,null,null],[37,1,1,0,null,null],[62,1,1,0,null,null],[93,1,1,0,null,null]]}},{"type":"Feature","geometry":{"type":"Polygon","coordinates":[[[-155.03326,58.61231],[-155.03538,58.61095],[-155.03423,58.60948],[-155.03095,58.60937],[-155.02883,58.61072],[-155.02998,58.61219],[-155.03326,58.61231]]]},"properties":{"cell":"890cec0ab23ffff","res":9,"coarsened":false,"count":14,"hv":14,"mp":0,"y0":null,"y1":null,"sp":[[79,3,3,0,null,null],[64,3,3,0,null,null],[42,3,3,0,null,null],[27,2,2,0,null,null],[71,2,2,0,null,null],[73,1,1,0,null,null]]}},{"type":"Feature","geometry":{"type":"Polygon","coordinates":[[[-155.02343,58.61196],[-155.02555,58.6106],[-155.0244,58.60913],[-155.02113,58.60902],[-155.019,58.61037],[-155.02016,58.61184],[-155.02343,58.61196]]]},"properties":{"cell":"890cec0f6cbffff","res":9,"coarsened":false,"count":15,"hv":15,"mp":0,"y0":null,"y1":null,"sp":[[73,4,4,0,null,null],[79,3,3,0,null,null],[47,3,3,0,null,null],[27,1,1,0,null,null],[19,1,1,0,null,null],[42,1,1,0,null,null],[64,1,1,0,null,null],[28,1,1,0,null,null]]}},{"type":"Feature","geometry":{"type":"Polygon","coordinates":[[[-155.01361,58.61161],[-155.01573,58.61026],[-155.01458,58.60879],[-155.0113,58.60867],[-155.00918,58.61002],[-155.01033,58.61149],[-155.01361,58.61161]]]},"properties":{"cell":"890cec0f6c7ffff","res":9,"coarsened":false,"count":17,"hv":17,"mp":0,"y0":null,"y1":null,"sp":[[47,3,3,0,null,null],[64,3,3,0,null,null],[79,3,3,0,null,null],[73,3,3,0,null,null],[42,2,2,0,null,null],[27,1,1,0,null,null],[28,1,1,0,null,null],[71,1,1,0,null,null]]}},{"type":"Feature","geometry":{"type":"Polygon","coordinates":[[[-155.00378,58.61126],[-155.0059,58.60991],[-155.00475,58.60844],[-155.00148,58.60832],[-154.99936,58.60967],[-155.00051,58.61114],[-155.00378,58.61126]]]},"properties":{"cell":"890cec0f68fffff","res":9,"coarsened":false,"count":34,"hv":34,"mp":0,"y0":null,"y1":null,"sp":[[73,7,7,0,null,null],[64,6,6,0,null,null],[28,6,6,0,null,null],[42,5,5,0,null,null],[79,4,4,0,null,null],[27,3,3,0,null,null],[47,2,2,0,null,null],[19,1,1,0,null,null]]}},{"type":"Feature","geometry":{"type":"Polygon","coordinates":[[[-154.94041,59.01178],[-154.94257,59.01043],[-154.9414,59.00895],[-154.93808,59.00882],[-154.93592,59.01018],[-154.93709,59.01166],[-154.94041,59.01178]]]},"properties":{"cell":"890cecd488bffff","res":9,"coarsened":false,"count":3,"hv":3,"mp":0,"y0":null,"y1":null,"sp":[[93,2,2,0,null,null],[44,1,1,0,null,null]]}},{"type":"Feature","geometry":{"type":"Polygon","coordinates":[[[-154.9026,59.06217],[-154.90476,59.06081],[-154.9036,59.05933],[-154.90027,59.05921],[-154.89811,59.06057],[-154.89928,59.06205],[-154.9026,59.06217]]]},"properties":{"cell":"890cecd68dbffff","res":9,"coarsened":false,"count":12,"hv":12,"mp":0,"y0":null,"y1":null,"sp":[[73,6,6,0,null,null],[71,2,2,0,null,null],[42,2,2,0,null,null],[64,1,1,0,null,null],[46,1,1,0,null,null]]}},{"type":"Feature","geometry":{"type":"Polygon","coordinates":[[[-154.88963,59.07032],[-154.8918,59.06896],[-154.89063,59.06748],[-154.8873,59.06736],[-154.88514,59.06872],[-154.8863,59.0702],[-154.88963,59.07032]]]},"properties":{"cell":"890cecd6c73ffff","res":9,"coarsened":false,"count":27,"hv":27,"mp":0,"y0":null,"y1":null,"sp":[[73,10,10,0,null,null],[64,6,6,0,null,null],[44,4,4,0,null,null],[28,2,2,0,null,null],[46,2,2,0,null,null],[71,2,2,0,null,null],[62,1,1,0,null,null]]}},{"type":"Feature","geometry":{"type":"Polygon","coordinates":[[[-154.82066,59.12244],[-154.82282,59.12108],[-154.82166,59.1196],[-154.81833,59.11947],[-154.81616,59.12083],[-154.81732,59.12231],[-154.82066,59.12244]]]},"properties":{"cell":"890cec994abffff","res":9,"coarsened":false,"count":8,"hv":8,"mp":0,"y0":null,"y1":null,"sp":[[44,3,3,0,null,null],[119,3,3,0,null,null],[93,1,1,0,null,null],[51,1,1,0,null,null]]}},{"type":"Feature","geometry":{"type":"Polygon","coordinates":[[[-154.81213,59.1322],[-154.8143,59.13084],[-154.81314,59.12936],[-154.80981,59.12923],[-154.80764,59.13059],[-154.8088,59.13207],[-154.81213,59.1322]]]},"properties":{"cell":"890cec9b35bffff","res":9,"coarsened":false,"count":10,"hv":10,"mp":0,"y0":null,"y1":null,"sp":[[93,3,3,0,null,null],[44,3,3,0,null,null],[119,2,2,0,null,null],[62,2,2,0,null,null]]}},{"type":"Feature","geometry":{"type":"Polygon","coordinates":[[[-154.79079,58.75083],[-154.79294,58.74948],[-154.79179,58.74801],[-154.7885,58.74788],[-154.78636,58.74924],[-154.78751,58.75071],[-154.79079,58.75083]]]},"properties":{"cell":"890cec0251bffff","res":9,"coarsened":false,"count":5,"hv":5,"mp":0,"y0":null,"y1":null,"sp":[[64,3,3,0,null,null],[119,1,1,0,null,null],[46,1,1,0,null,null]]}},{"type":"Feature","geometry":{"type":"Polygon","coordinates":[[[-154.78247,58.73191],[-154.78461,58.73056],[-154.78347,58.72908],[-154.78018,58.72896],[-154.77804,58.73031],[-154.77919,58.73179],[-154.78247,58.73191]]]},"properties":{"cell":"890cec021bbffff","res":9,"coarsened":false,"count":14,"hv":14,"mp":0,"y0":null,"y1":null,"sp":[[62,5,5,0,null,null],[46,4,4,0,null,null],[10,3,3,0,null,null],[64,1,1,0,null,null],[44,1,1,0,null,null]]}},{"type":"Feature","geometry":{"type":"Polygon","coordinates":[[[-154.77949,58.74039],[-154.78163,58.73904],[-154.78048,58.73756],[-154.7772,58.73744],[-154.77506,58.73879],[-154.7762,58.74026],[-154.77949,58.74039]]]},"properties":{"cell":"890cec0252fffff","res":9,"coarsened":false,"count":9,"hv":9,"mp":0,"y0":null,"y1":null,"sp":[[44,4,4,0,null,null],[62,2,2,0,null,null],[10,1,1,0,null,null],[93,1,1,0,null,null],[53,1,1,0,null,null]]}},{"type":"Feature","geometry":{"type":"Polygon","coordinates":[[[-154.77262,58.73154],[-154.77476,58.73019],[-154.77362,58.72871],[-154.77033,58.72859],[-154.76819,58.72994],[-154.76933,58.73142],[-154.77262,58.73154]]]},"properties":{"cell":"890cec021b7ffff","res":9,"coarsened":false,"count":12,"hv":12,"mp":0,"y0":null,"y1":null,"sp":[[64,4,4,0,null,null],[10,4,4,0,null,null],[46,3,3,0,null,null],[44,1,1,0,null,null]]}},{"type":"Feature","geometry":{"type":"Polygon","coordinates":[[[-155.56176,58.70145],[-155.56386,58.70008],[-155.56267,58.69861],[-155.55938,58.69851],[-155.55727,58.69987],[-155.55846,58.70134],[-155.56176,58.70145]]]},"properties":{"cell":"890cec42087ffff","res":9,"coarsened":false,"count":6,"hv":6,"mp":0,"y0":null,"y1":null,"sp":[[17,3,3,0,null,null],[79,2,2,0,null,null],[27,1,1,0,null,null]]}},{"type":"Feature","geometry":{"type":"Polygon","coordinates":[[[-155.55187,58.70114],[-155.55397,58.69977],[-155.55279,58.6983],[-155.54949,58.6982],[-155.54738,58.69956],[-155.54857,58.70103],[-155.55187,58.70114]]]},"properties":{"cell":"890cec4254fffff","res":9,"coarsened":false,"count":11,"hv":11,"mp":0,"y0":null,"y1":null,"sp":[[47,2,2,0,null,null],[27,2,2,0,null,null],[17,2,2,0,null,null],[10,2,2,0,null,null],[178,1,1,0,null,null],[60,1,1,0,null,null],[19,1,1,0,null,null]]}},{"type":"Feature","geometry":{"type":"Polygon","coordinates":[[[-155.4387,58.36194],[-155.44079,58.36058],[-155.43962,58.35912],[-155.43637,58.35902],[-155.43428,58.36038],[-155.43545,58.36184],[-155.4387,58.36194]]]},"properties":{"cell":"890cec6a403ffff","res":9,"coarsened":false,"count":12,"hv":12,"mp":0,"y0":null,"y1":null,"sp":[[89,3,3,0,null,null],[14,3,3,0,null,null],[64,3,3,0,null,null],[47,2,2,0,null,null],[44,1,1,0,null,null]]}},{"type":"Feature","geometry":{"type":"Polygon","coordinates":[[[-155.43025,59.21035],[-155.43241,59.20898],[-155.4312,59.2075],[-155.42785,59.20738],[-155.4257,59.20876],[-155.4269,59.21024],[-155.43025,59.21035]]]},"properties":{"cell":"890ce1a4087ffff","res":9,"coarsened":false,"count":10,"hv":10,"mp":0,"y0":null,"y1":null,"sp":[[89,3,3,0,null,null],[10,2,2,0,null,null],[64,2,2,0,null,null],[55,1,1,0,null,null],[19,1,1,0,null,null],[34,1,1,0,null,null]]}},{"type":"Feature","geometry":{"type":"Polygon","coordinates":[[[-155.3721,59.11038],[-155.37424,59.10902],[-155.37305,59.10753],[-155.36971,59.10742],[-155.36756,59.10879],[-155.36876,59.11027],[-155.3721,59.11038]]]},"properties":{"cell":"890cecd120bffff","res":9,"coarsened":false,"count":13,"hv":13,"mp":0,"y0":null,"y1":null,"sp":[[71,2,2,0,null,null],[89,2,2,0,null,null],[172,2,2,0,null,null],[119,2,2,0,null,null],[64,2,2,0,null,null],[55,1,1,0,null,null],[54,1,1,0,null,null],[179,1,1,0,null,null]]}},{"type":"Feature","geometry":{"type":"Polygon","coordinates":[[[-155.27178,58.79231],[-155.2739,58.79095],[-155.27273,58.78947],[-155.26943,58.78936],[-155.2673,58.79072],[-155.26848,58.7922],[-155.27178,58.79231]]]},"properties":{"cell":"890cecccbc3ffff","res":9,"coarsened":false,"count":3,"hv":3,"mp":0,"y0":null,"y1":null,"sp":[[44,2,2,0,null,null],[10,1,1,0,null,null]]}},{"type":"Feature","geometry":{"type":"Polygon","coordinates":[[[-155.06903,58.39097],[-155.07113,58.38962],[-155.06998,58.38815],[-155.06674,58.38804],[-155.06463,58.38939],[-155.06578,58.39086],[-155.06903,58.39097]]]},"properties":{"cell":"890cec753a3ffff","res":9,"coarsened":false,"count":6,"hv":6,"mp":0,"y0":null,"y1":null,"sp":[[64,3,3,0,null,null],[44,3,3,0,null,null]]}},{"type":"Feature","geometry":{"type":"Polygon","coordinates":[[[-155.03189,58.63084],[-155.03401,58.62949],[-155.03286,58.62802],[-155.02958,58.6279],[-155.02746,58.62925],[-155.02861,58.63072],[-155.03189,58.63084]]]},"properties":{"cell":"890cec0a82bffff","res":9,"coarsened":false,"count":10,"hv":10,"mp":0,"y0":null,"y1":null,"sp":[[64,2,2,0,null,null],[79,2,2,0,null,null],[19,1,1,0,null,null],[17,1,1,0,null,null],[27,1,1,0,null,null],[55,1,1,0,null,null],[9,1,1,0,null,null],[23,1,1,0,null,null]]}},{"type":"Feature","geometry":{"type":"Polygon","coordinates":[[[-154.96034,59.01251],[-154.9625,59.01115],[-154.96133,59.00967],[-154.95801,59.00955],[-154.95586,59.01091],[-154.95702,59.01239],[-154.96034,59.01251]]]},"properties":{"cell":"890cecd4e37ffff","res":9,"coarsened":false,"count":5,"hv":5,"mp":0,"y0":null,"y1":null,"sp":[[44,3,3,0,null,null],[37,1,1,0,null,null],[119,1,1,0,null,null]]}},{"type":"Feature","geometry":{"type":"Polygon","coordinates":[[[-154.88115,59.08008],[-154.88331,59.07872],[-154.88215,59.07724],[-154.87882,59.07712],[-154.87666,59.07847],[-154.87782,59.07996],[-154.88115,59.08008]]]},"properties":{"cell":"890cecd6c8bffff","res":9,"coarsened":false,"count":8,"hv":8,"mp":0,"y0":null,"y1":null,"sp":[[64,2,2,0,null,null],[79,2,2,0,null,null],[71,1,1,0,null,null],[73,1,1,0,null,null],[44,1,1,0,null,null],[28,1,1,0,null,null]]}},{"type":"Feature","geometry":{"type":"Polygon","coordinates":[[[-154.87266,59.06106],[-154.87482,59.0597],[-154.87366,59.05822],[-154.87033,59.05809],[-154.86817,59.05945],[-154.86934,59.06093],[-154.87266,59.06106]]]},"properties":{"cell":"890cecd6d4bffff","res":9,"coarsened":false,"count":2,"hv":2,"mp":0,"y0":null,"y1":null,"sp":[[44,2,2,0,null,null]]}},{"type":"Feature","geometry":{"type":"Polygon","coordinates":[[[-155.5135,59.2203],[-155.51565,59.21892],[-155.51444,59.21744],[-155.51108,59.21733],[-155.50893,59.2187],[-155.51014,59.22019],[-155.5135,59.2203]]]},"properties":{"cell":"890ce1a7363ffff","res":9,"coarsened":false,"count":8,"hv":8,"mp":0,"y0":null,"y1":null,"sp":[[27,2,2,0,null,null],[17,2,2,0,null,null],[71,2,2,0,null,null],[19,1,1,0,null,null],[23,1,1,0,null,null]]}},{"type":"Feature","geometry":{"type":"Polygon","coordinates":[[[-155.44282,59.23385],[-155.49644,59.21541],[-155.49457,59.18506],[-155.43921,59.17314],[-155.38564,59.19155],[-155.38739,59.22191],[-155.44282,59.23385]]]},"properties":{"cell":"860ce1a47ffffff","res":6,"coarsened":true,"count":1,"hv":1,"mp":0,"y0":null,"y1":null,"sp":[[1,1,1,0,null,null]]}},{"type":"Feature","geometry":{"type":"Polygon","coordinates":[[[-155.36112,59.1129],[-155.36327,59.11153],[-155.36207,59.11005],[-155.35873,59.10994],[-155.35658,59.1113],[-155.35778,59.11279],[-155.36112,59.1129]]]},"properties":{"cell":"890cecd1217ffff","res":9,"coarsened":false,"count":13,"hv":13,"mp":0,"y0":null,"y1":null,"sp":[[89,3,3,0,null,null],[10,2,2,0,null,null],[46,1,1,0,null,null],[64,1,1,0,null,null],[73,1,1,0,null,null],[42,1,1,0,null,null],[172,1,1,0,null,null],[34,1,1,0,null,null],[55,1,1,0,null,null],[54,1,1,0,null,null]]}},{"type":"Feature","geometry":{"type":"Polygon","coordinates":[[[-155.34107,59.11222],[-155.34322,59.11086],[-155.34202,59.10937],[-155.33868,59.10926],[-155.33653,59.11063],[-155.33773,59.11211],[-155.34107,59.11222]]]},"properties":{"cell":"890cecd106bffff","res":9,"coarsened":false,"count":7,"hv":7,"mp":0,"y0":null,"y1":null,"sp":[[10,2,2,0,null,null],[89,2,2,0,null,null],[54,2,2,0,null,null],[172,1,1,0,null,null]]}},{"type":"Feature","geometry":{"type":"Polygon","coordinates":[[[-155.33104,59.11189],[-155.33319,59.11052],[-155.332,59.10904],[-155.32866,59.10892],[-155.32651,59.11029],[-155.3277,59.11177],[-155.33104,59.11189]]]},"properties":{"cell":"890cecd1067ffff","res":9,"coarsened":false,"count":11,"hv":11,"mp":0,"y0":null,"y1":null,"sp":[[54,3,3,0,null,null],[89,3,3,0,null,null],[10,2,2,0,null,null],[172,1,1,0,null,null],[119,1,1,0,null,null],[34,1,1,0,null,null]]}},{"type":"Feature","geometry":{"type":"Polygon","coordinates":[[[-155.16862,58.77159],[-155.17075,58.77023],[-155.16958,58.76876],[-155.16628,58.76864],[-155.16415,58.77],[-155.16532,58.77148],[-155.16862,58.77159]]]},"properties":{"cell":"890cec1950bffff","res":9,"coarsened":false,"count":8,"hv":8,"mp":0,"y0":null,"y1":null,"sp":[[44,3,3,0,null,null],[119,2,2,0,null,null],[93,2,2,0,null,null],[62,1,1,0,null,null]]}},{"type":"Feature","geometry":{"type":"Polygon","coordinates":[[[-155.13021,58.31193],[-155.1323,58.31057],[-155.13115,58.30911],[-155.12791,58.309],[-155.12582,58.31035],[-155.12697,58.31182],[-155.13021,58.31193]]]},"properties":{"cell":"890cec6725bffff","res":9,"coarsened":false,"count":2,"hv":2,"mp":0,"y0":null,"y1":null,"sp":[[93,2,2,0,null,null]]}},{"type":"Feature","geometry":{"type":"Polygon","coordinates":[[[-155.10234,58.29248],[-155.10443,58.29113],[-155.10329,58.28967],[-155.10005,58.28956],[-155.09795,58.29091],[-155.0991,58.29237],[-155.10234,58.29248]]]},"properties":{"cell":"890cec654a3ffff","res":9,"coarsened":false,"count":5,"hv":5,"mp":0,"y0":null,"y1":null,"sp":[[44,2,2,0,null,null],[93,2,2,0,null,null],[53,1,1,0,null,null]]}},{"type":"Feature","geometry":{"type":"Polygon","coordinates":[[[-155.09234,58.38038],[-155.09444,58.37903],[-155.0933,58.37757],[-155.09005,58.37745],[-155.08795,58.3788],[-155.08909,58.38027],[-155.09234,58.38038]]]},"properties":{"cell":"890cec7536fffff","res":9,"coarsened":false,"count":3,"hv":3,"mp":0,"y0":null,"y1":null,"sp":[[93,2,2,0,null,null],[28,1,1,0,null,null]]}},{"type":"Feature","geometry":{"type":"Polygon","coordinates":[[[-155.05393,58.39187],[-155.05603,58.39052],[-155.05488,58.38905],[-155.05163,58.38894],[-155.04953,58.39029],[-155.05068,58.39176],[-155.05393,58.39187]]]},"properties":{"cell":"890cec75163ffff","res":9,"coarsened":false,"count":11,"hv":11,"mp":0,"y0":null,"y1":null,"sp":[[44,6,6,0,null,null],[64,3,3,0,null,null],[93,2,2,0,null,null]]}},{"type":"Feature","geometry":{"type":"Polygon","coordinates":[[[-155.04015,58.9421],[-155.0423,58.94074],[-155.04113,58.93927],[-155.03782,58.93915],[-155.03567,58.94051],[-155.03684,58.94199],[-155.04015,58.9421]]]},"properties":{"cell":"890cecc6263ffff","res":9,"coarsened":false,"count":6,"hv":6,"mp":0,"y0":null,"y1":null,"sp":[[44,3,3,0,null,null],[62,2,2,0,null,null],[37,1,1,0,null,null]]}},{"type":"Feature","geometry":{"type":"Polygon","coordinates":[[[-155.03021,58.94175],[-155.03236,58.94039],[-155.03119,58.93891],[-155.02787,58.93879],[-155.02573,58.94015],[-155.02689,58.94163],[-155.03021,58.94175]]]},"properties":{"cell":"890cecc622bffff","res":9,"coarsened":false,"count":6,"hv":6,"mp":0,"y0":null,"y1":null,"sp":[[37,2,2,0,null,null],[44,2,2,0,null,null],[93,2,2,0,null,null]]}},{"type":"Feature","geometry":{"type":"Polygon","coordinates":[[[-154.99123,59.01076],[-154.99339,59.0094],[-154.99222,59.00792],[-154.9889,59.0078],[-154.98674,59.00916],[-154.98791,59.01064],[-154.99123,59.01076]]]},"properties":{"cell":"890cecd5db7ffff","res":9,"coarsened":false,"count":4,"hv":4,"mp":0,"y0":null,"y1":null,"sp":[[119,2,2,0,null,null],[44,1,1,0,null,null],[51,1,1,0,null,null]]}},{"type":"Feature","geometry":{"type":"Polygon","coordinates":[[[-154.91959,59.07143],[-154.92175,59.07007],[-154.92058,59.06859],[-154.91725,59.06847],[-154.91509,59.06983],[-154.91626,59.07131],[-154.91959,59.07143]]]},"properties":{"cell":"890cecd6e8bffff","res":9,"coarsened":false,"count":11,"hv":11,"mp":0,"y0":null,"y1":null,"sp":[[64,3,3,0,null,null],[73,3,3,0,null,null],[79,2,2,0,null,null],[46,1,1,0,null,null],[42,1,1,0,null,null],[71,1,1,0,null,null]]}},{"type":"Feature","geometry":{"type":"Polygon","coordinates":[[[-154.9096,59.07106],[-154.91176,59.0697],[-154.9106,59.06822],[-154.90727,59.0681],[-154.90511,59.06946],[-154.90627,59.07094],[-154.9096,59.07106]]]},"properties":{"cell":"890cecd6e87ffff","res":9,"coarsened":false,"count":11,"hv":11,"mp":0,"y0":null,"y1":null,"sp":[[71,3,3,0,null,null],[73,3,3,0,null,null],[79,3,3,0,null,null],[42,1,1,0,null,null],[64,1,1,0,null,null]]}},{"type":"Feature","geometry":{"type":"Polygon","coordinates":[[[-154.89114,59.08045],[-154.8933,59.07909],[-154.89213,59.07761],[-154.8888,59.07749],[-154.88664,59.07885],[-154.88781,59.08033],[-154.89114,59.08045]]]},"properties":{"cell":"890cecd6cc3ffff","res":9,"coarsened":false,"count":10,"hv":10,"mp":0,"y0":null,"y1":null,"sp":[[73,3,3,0,null,null],[71,2,2,0,null,null],[44,2,2,0,null,null],[46,1,1,0,null,null],[42,1,1,0,null,null],[64,1,1,0,null,null]]}},{"type":"Feature","geometry":{"type":"Polygon","coordinates":[[[-154.88414,59.07156],[-154.8863,59.0702],[-154.88514,59.06872],[-154.88181,59.06859],[-154.87965,59.06995],[-154.88081,59.07143],[-154.88414,59.07156]]]},"properties":{"cell":"890cecd6c0fffff","res":9,"coarsened":false,"count":7,"hv":7,"mp":0,"y0":null,"y1":null,"sp":[[44,2,2,0,null,null],[73,2,2,0,null,null],[119,2,2,0,null,null],[62,1,1,0,null,null]]}},{"type":"Feature","geometry":{"type":"Polygon","coordinates":[[[-154.84315,59.13049],[-154.84532,59.12913],[-154.84415,59.12765],[-154.84082,59.12752],[-154.83865,59.12888],[-154.83981,59.13036],[-154.84315,59.13049]]]},"properties":{"cell":"890cec994dbffff","res":9,"coarsened":false,"count":5,"hv":5,"mp":0,"y0":null,"y1":null,"sp":[[44,3,3,0,null,null],[64,1,1,0,null,null],[93,1,1,0,null,null]]}},{"type":"Feature","geometry":{"type":"Polygon","coordinates":[[[-154.83065,59.12282],[-154.83282,59.12146],[-154.83166,59.11998],[-154.82833,59.11985],[-154.82616,59.12121],[-154.82732,59.12269],[-154.83065,59.12282]]]},"properties":{"cell":"890cec99403ffff","res":9,"coarsened":false,"count":2,"hv":2,"mp":0,"y0":null,"y1":null,"sp":[[44,2,2,0,null,null]]}},{"type":"Feature","geometry":{"type":"Polygon","coordinates":[[[-154.78093,58.75046],[-154.78307,58.74911],[-154.78193,58.74764],[-154.77864,58.74751],[-154.7765,58.74887],[-154.77765,58.75034],[-154.78093,58.75046]]]},"properties":{"cell":"890cec02517ffff","res":9,"coarsened":false,"count":6,"hv":6,"mp":0,"y0":null,"y1":null,"sp":[[64,3,3,0,null,null],[44,2,2,0,null,null],[10,1,1,0,null,null]]}},{"type":"Feature","geometry":{"type":"Polygon","coordinates":[[[-154.75249,58.49216],[-154.75461,58.49082],[-154.75348,58.48935],[-154.75022,58.48923],[-154.7481,58.49057],[-154.74923,58.49204],[-154.75249,58.49216]]]},"properties":{"cell":"890cec386cbffff","res":9,"coarsened":false,"count":21,"hv":21,"mp":0,"y0":null,"y1":null,"sp":[[47,4,4,0,null,null],[64,3,3,0,null,null],[79,3,3,0,null,null],[42,3,3,0,null,null],[13,2,2,0,null,null],[14,2,2,0,null,null],[73,2,2,0,null,null],[56,1,1,0,null,null],[28,1,1,0,null,null]]}},{"type":"Feature","geometry":{"type":"Polygon","coordinates":[[[-154.74892,58.7421],[-154.75106,58.74075],[-154.74992,58.73927],[-154.74663,58.73915],[-154.74449,58.7405],[-154.74563,58.74197],[-154.74892,58.7421]]]},"properties":{"cell":"890cec1528fffff","res":9,"coarsened":false,"count":9,"hv":9,"mp":0,"y0":null,"y1":null,"sp":[[44,5,5,0,null,null],[64,1,1,0,null,null],[51,1,1,0,null,null],[46,1,1,0,null,null],[119,1,1,0,null,null]]}},{"type":"Feature","geometry":{"type":"Polygon","coordinates":[[[-154.74243,58.45044],[-154.74455,58.4491],[-154.74342,58.44763],[-154.74017,58.44751],[-154.73805,58.44885],[-154.73918,58.45032],[-154.74243,58.45044]]]},"properties":{"cell":"890cec39cbbffff","res":9,"coarsened":false,"count":11,"hv":11,"mp":0,"y0":null,"y1":null,"sp":[[64,3,3,0,null,null],[25,3,3,0,null,null],[17,2,2,0,null,null],[109,1,1,0,null,null],[79,1,1,0,null,null],[13,1,1,0,null,null]]}},{"type":"Feature","geometry":{"type":"Polygon","coordinates":[[[-154.7413,58.48176],[-154.74343,58.48042],[-154.74229,58.47895],[-154.73904,58.47883],[-154.73692,58.48017],[-154.73805,58.48164],[-154.7413,58.48176]]]},"properties":{"cell":"890cec38677ffff","res":9,"coarsened":false,"count":31,"hv":31,"mp":0,"y0":null,"y1":null,"sp":[[42,6,6,0,null,null],[64,6,6,0,null,null],[13,4,4,0,null,null],[79,3,3,0,null,null],[28,3,3,0,null,null],[47,3,3,0,null,null],[14,2,2,0,null,null],[71,2,2,0,null,null],[73,1,1,0,null,null],[56,1,1,0,null,null]]}},{"type":"Feature","geometry":{"type":"Polygon","coordinates":[[[-154.73127,58.44005],[-154.73339,58.4387],[-154.73226,58.43723],[-154.72901,58.43711],[-154.72689,58.43846],[-154.72802,58.43993],[-154.73127,58.44005]]]},"properties":{"cell":"890cec39dcfffff","res":9,"coarsened":false,"count":15,"hv":15,"mp":0,"y0":null,"y1":null,"sp":[[64,4,4,0,null,null],[42,4,4,0,null,null],[47,3,3,0,null,null],[28,3,3,0,null,null],[73,1,1,0,null,null]]}},{"type":"Feature","geometry":{"type":"Polygon","coordinates":[[[-154.73169,58.45289],[-154.73381,58.45154],[-154.73268,58.45008],[-154.72943,58.44995],[-154.72731,58.4513],[-154.72844,58.45277],[-154.73169,58.45289]]]},"properties":{"cell":"890cec3834fffff","res":9,"coarsened":false,"count":29,"hv":29,"mp":0,"y0":null,"y1":null,"sp":[[42,7,7,0,null,null],[47,5,5,0,null,null],[28,4,4,0,null,null],[13,4,4,0,null,null],[79,4,4,0,null,null],[64,3,3,0,null,null],[25,1,1,0,null,null],[73,1,1,0,null,null]]}},{"type":"Feature","geometry":{"type":"Polygon","coordinates":[[[-154.71912,58.43247],[-154.72124,58.43112],[-154.72011,58.42965],[-154.71686,58.42953],[-154.71474,58.43088],[-154.71587,58.43235],[-154.71912,58.43247]]]},"properties":{"cell":"890cec39d3bffff","res":9,"coarsened":false,"count":20,"hv":20,"mp":0,"y0":null,"y1":null,"sp":[[42,4,4,0,null,null],[79,3,3,0,null,null],[64,3,3,0,null,null],[73,3,3,0,null,null],[62,2,2,0,null,null],[47,2,2,0,null,null],[10,1,1,0,null,null],[56,1,1,0,null,null],[46,1,1,0,null,null]]}},{"type":"Feature","geometry":{"type":"Polygon","coordinates":[[[-154.72053,58.44249],[-154.72265,58.44115],[-154.72152,58.43968],[-154.71827,58.43956],[-154.71615,58.44091],[-154.71728,58.44237],[-154.72053,58.44249]]]},"properties":{"cell":"890cec39d8bffff","res":9,"coarsened":false,"count":16,"hv":16,"mp":0,"y0":null,"y1":null,"sp":[[64,3,3,0,null,null],[42,3,3,0,null,null],[28,2,2,0,null,null],[79,2,2,0,null,null],[47,2,2,0,null,null],[73,2,2,0,null,null],[62,1,1,0,null,null],[46,1,1,0,null,null]]}},{"type":"Feature","geometry":{"type":"Polygon","coordinates":[[[-154.71092,58.75068],[-154.71306,58.74933],[-154.71192,58.74785],[-154.70863,58.74773],[-154.70649,58.74908],[-154.70763,58.75056],[-154.71092,58.75068]]]},"properties":{"cell":"890cec1508fffff","res":9,"coarsened":false,"count":2,"hv":2,"mp":0,"y0":null,"y1":null,"sp":[[93,1,1,0,null,null],[44,1,1,0,null,null]]}},{"type":"Feature","geometry":{"type":"Polygon","coordinates":[[[-155.44032,59.21068],[-155.44247,59.20931],[-155.44127,59.20783],[-155.43791,59.20772],[-155.43576,59.20909],[-155.43697,59.21057],[-155.44032,59.21068]]]},"properties":{"cell":"890ce1a408bffff","res":9,"coarsened":false,"count":6,"hv":6,"mp":0,"y0":null,"y1":null,"sp":[[89,3,3,0,null,null],[10,1,1,0,null,null],[34,1,1,0,null,null],[64,1,1,0,null,null]]}},{"type":"Feature","geometry":{"type":"Polygon","coordinates":[[[-154.95378,58.64092],[-154.9559,58.63957],[-154.95475,58.6381],[-154.95147,58.63798],[-154.94935,58.63933],[-154.9505,58.6408],[-154.95378,58.64092]]]},"properties":{"cell":"890cec01a87ffff","res":9,"coarsened":false,"count":5,"hv":5,"mp":0,"y0":null,"y1":null,"sp":[[44,3,3,0,null,null],[62,1,1,0,null,null],[73,1,1,0,null,null]]}},{"type":"Feature","geometry":{"type":"Polygon","coordinates":[[[-154.86867,59.07242],[-154.87083,59.07106],[-154.86967,59.06958],[-154.86634,59.06946],[-154.86418,59.07081],[-154.86534,59.0723],[-154.86867,59.07242]]]},"properties":{"cell":"890cecd6cafffff","res":9,"coarsened":false,"count":4,"hv":4,"mp":0,"y0":null,"y1":null,"sp":[[44,3,3,0,null,null],[51,1,1,0,null,null]]}},{"type":"Feature","geometry":{"type":"Polygon","coordinates":[[[-155.47058,58.37007],[-155.47267,58.36871],[-155.4715,58.36725],[-155.46824,58.36715],[-155.46616,58.36851],[-155.46733,58.36997],[-155.47058,58.37007]]]},"properties":{"cell":"890cec7990fffff","res":9,"coarsened":false,"count":15,"hv":15,"mp":0,"y0":null,"y1":null,"sp":[[14,6,6,0,null,null],[27,2,2,0,null,null],[79,2,2,0,null,null],[42,1,1,0,null,null],[19,1,1,0,null,null],[71,1,1,0,null,null],[10,1,1,0,null,null],[168,1,1,0,null,null]]}},{"type":"Feature","geometry":{"type":"Polygon","coordinates":[[[-155.72081,58.94021],[-155.72293,58.93884],[-155.72172,58.93737],[-155.7184,58.93727],[-155.71628,58.93864],[-155.71749,58.94011],[-155.72081,58.94021]]]},"properties":{"cell":"890ce134b43ffff","res":9,"coarsened":false,"count":1,"hv":1,"mp":0,"y0":null,"y1":null,"sp":[[89,1,1,0,null,null]]}},{"type":"Feature","geometry":{"type":"Polygon","coordinates":[[[-154.73063,58.75143],[-154.73278,58.75008],[-154.73163,58.7486],[-154.72835,58.74848],[-154.7262,58.74983],[-154.72735,58.7513],[-154.73063,58.75143]]]},"properties":{"cell":"890cec150cbffff","res":9,"coarsened":false,"count":9,"hv":9,"mp":0,"y0":null,"y1":null,"sp":[[53,4,4,0,null,null],[44,3,3,0,null,null],[119,2,2,0,null,null]]}},{"type":"Feature","geometry":{"type":"Polygon","coordinates":[[[-154.70938,58.4321],[-154.7115,58.43076],[-154.71037,58.42929],[-154.70712,58.42917],[-154.705,58.43051],[-154.70613,58.43198],[-154.70938,58.4321]]]},"properties":{"cell":"890cec39d37ffff","res":9,"coarsened":false,"count":10,"hv":10,"mp":0,"y0":null,"y1":null,"sp":[[44,3,3,0,null,null],[64,3,3,0,null,null],[28,2,2,0,null,null],[62,1,1,0,null,null],[73,1,1,0,null,null]]}},{"type":"Feature","geometry":{"type":"Polygon","coordinates":[[[-154.64136,58.58215],[-154.6435,58.5808],[-154.64237,58.57933],[-154.6391,58.5792],[-154.63697,58.58055],[-154.6381,58.58202],[-154.64136,58.58215]]]},"properties":{"cell":"890cec04e0bffff","res":9,"coarsened":false,"count":11,"hv":11,"mp":0,"y0":null,"y1":null,"sp":[[79,4,4,0,null,null],[47,3,3,0,null,null],[42,2,2,0,null,null],[71,1,1,0,null,null],[64,1,1,0,null,null]]}},{"type":"Feature","geometry":{"type":"Polygon","coordinates":[[[-154.64275,58.5922],[-154.64488,58.59085],[-154.64375,58.58938],[-154.64049,58.58925],[-154.63835,58.5906],[-154.63948,58.59207],[-154.64275,58.5922]]]},"properties":{"cell":"890cec04ed3ffff","res":9,"coarsened":false,"count":19,"hv":19,"mp":0,"y0":null,"y1":null,"sp":[[42,4,4,0,null,null],[64,3,3,0,null,null],[109,3,3,0,null,null],[17,2,2,0,null,null],[47,2,2,0,null,null],[71,2,2,0,null,null],[13,1,1,0,null,null],[55,1,1,0,null,null],[79,1,1,0,null,null]]}},{"type":"Feature","geometry":{"type":"Polygon","coordinates":[[[-154.63157,58.58177],[-154.63371,58.58043],[-154.63258,58.57895],[-154.62931,58.57883],[-154.62718,58.58017],[-154.62831,58.58165],[-154.63157,58.58177]]]},"properties":{"cell":"890cec04e07ffff","res":9,"coarsened":false,"count":27,"hv":27,"mp":0,"y0":null,"y1":null,"sp":[[47,9,9,0,null,null],[79,8,8,0,null,null],[42,5,5,0,null,null],[64,2,2,0,null,null],[10,1,1,0,null,null],[71,1,1,0,null,null],[46,1,1,0,null,null]]}},{"type":"Feature","geometry":{"type":"Polygon","coordinates":[[[-154.62178,58.58139],[-154.62391,58.58005],[-154.62278,58.57858],[-154.61952,58.57845],[-154.61739,58.5798],[-154.61851,58.58127],[-154.62178,58.58139]]]},"properties":{"cell":"890cec04eafffff","res":9,"coarsened":false,"count":32,"hv":32,"mp":0,"y0":null,"y1":null,"sp":[[42,8,8,0,null,null],[64,6,6,0,null,null],[47,6,6,0,null,null],[79,5,5,0,null,null],[13,2,2,0,null,null],[109,2,2,0,null,null],[73,2,2,0,null,null],[19,1,1,0,null,null]]}},{"type":"Feature","geometry":{"type":"Polygon","coordinates":[[[-154.61199,58.58102],[-154.61412,58.57967],[-154.61299,58.5782],[-154.60973,58.57807],[-154.60759,58.57942],[-154.60872,58.58089],[-154.61199,58.58102]]]},"properties":{"cell":"890cec048d3ffff","res":9,"coarsened":false,"count":11,"hv":11,"mp":0,"y0":null,"y1":null,"sp":[[42,3,3,0,null,null],[64,2,2,0,null,null],[47,2,2,0,null,null],[13,2,2,0,null,null],[79,2,2,0,null,null]]}},{"type":"Feature","geometry":{"type":"Polygon","coordinates":[[[-154.59946,58.56054],[-154.60159,58.5592],[-154.60046,58.55773],[-154.5972,58.5576],[-154.59507,58.55895],[-154.5962,58.56042],[-154.59946,58.56054]]]},"properties":{"cell":"890cec04b97ffff","res":9,"coarsened":false,"count":26,"hv":26,"mp":0,"y0":null,"y1":null,"sp":[[42,6,6,0,null,null],[64,6,6,0,null,null],[73,5,5,0,null,null],[79,5,5,0,null,null],[46,4,4,0,null,null]]}},{"type":"Feature","geometry":{"type":"Polygon","coordinates":[[[-154.60083,58.57059],[-154.60296,58.56924],[-154.60183,58.56777],[-154.59857,58.56765],[-154.59644,58.56899],[-154.59756,58.57046],[-154.60083,58.57059]]]},"properties":{"cell":"890cec04807ffff","res":9,"coarsened":false,"count":24,"hv":24,"mp":0,"y0":null,"y1":null,"sp":[[42,6,6,0,null,null],[64,5,5,0,null,null],[79,5,5,0,null,null],[10,2,2,0,null,null],[46,2,2,0,null,null],[47,2,2,0,null,null],[73,2,2,0,null,null]]}},{"type":"Feature","geometry":{"type":"Polygon","coordinates":[[[-154.58156,58.5413],[-154.58369,58.53995],[-154.58256,58.53848],[-154.57931,58.53835],[-154.57717,58.5397],[-154.5783,58.54117],[-154.58156,58.5413]]]},"properties":{"cell":"890cec31603ffff","res":9,"coarsened":false,"count":10,"hv":10,"mp":0,"y0":null,"y1":null,"sp":[[10,3,3,0,null,null],[64,3,3,0,null,null],[44,2,2,0,null,null],[33,1,1,0,null,null],[37,1,1,0,null,null]]}},{"type":"Feature","geometry":{"type":"Polygon","coordinates":[[[-154.54954,58.56146],[-154.55167,58.56011],[-154.55055,58.55864],[-154.54729,58.55852],[-154.54515,58.55986],[-154.54628,58.56133],[-154.54954,58.56146]]]},"properties":{"cell":"890cec3326bffff","res":9,"coarsened":false,"count":14,"hv":14,"mp":0,"y0":null,"y1":null,"sp":[[64,3,3,0,null,null],[73,3,3,0,null,null],[10,3,3,0,null,null],[62,2,2,0,null,null],[46,2,2,0,null,null],[44,1,1,0,null,null]]}},{"type":"Feature","geometry":{"type":"Polygon","coordinates":[[[-154.51175,58.83175],[-154.51391,58.8304],[-154.51278,58.82892],[-154.50949,58.82879],[-154.50733,58.83014],[-154.50846,58.83162],[-154.51175,58.83175]]]},"properties":{"cell":"890cec8cb13ffff","res":9,"coarsened":false,"count":3,"hv":3,"mp":0,"y0":null,"y1":null,"sp":[[53,2,2,0,null,null],[93,1,1,0,null,null]]}},{"type":"Feature","geometry":{"type":"Polygon","coordinates":[[[-154.45118,58.53189],[-154.45332,58.53055],[-154.4522,58.52908],[-154.44895,58.52895],[-154.44681,58.53029],[-154.44793,58.53176],[-154.45118,58.53189]]]},"properties":{"cell":"890cec30073ffff","res":9,"coarsened":false,"count":21,"hv":21,"mp":0,"y0":null,"y1":null,"sp":[[42,5,5,0,null,null],[73,4,4,0,null,null],[79,4,4,0,null,null],[47,3,3,0,null,null],[64,3,3,0,null,null],[46,1,1,0,null,null],[168,1,1,0,null,null]]}},{"type":"Feature","geometry":{"type":"Polygon","coordinates":[[[-154.43166,58.53111],[-154.43379,58.52977],[-154.43268,58.5283],[-154.42942,58.52817],[-154.42729,58.52951],[-154.4284,58.53098],[-154.43166,58.53111]]]},"properties":{"cell":"890cec30037ffff","res":9,"coarsened":false,"count":10,"hv":10,"mp":0,"y0":null,"y1":null,"sp":[[64,3,3,0,null,null],[46,2,2,0,null,null],[73,2,2,0,null,null],[79,2,2,0,null,null],[44,1,1,0,null,null]]}},{"type":"Feature","geometry":{"type":"Polygon","coordinates":[[[-154.42189,58.53072],[-154.42403,58.52938],[-154.42292,58.52791],[-154.41966,58.52778],[-154.41752,58.52912],[-154.41864,58.53059],[-154.42189,58.53072]]]},"properties":{"cell":"890cec301c3ffff","res":9,"coarsened":false,"count":18,"hv":18,"mp":0,"y0":null,"y1":null,"sp":[[44,6,6,0,null,null],[46,4,4,0,null,null],[64,3,3,0,null,null],[73,2,2,0,null,null],[79,2,2,0,null,null],[33,1,1,0,null,null]]}},{"type":"Feature","geometry":{"type":"Polygon","coordinates":[[[-154.41083,58.52029],[-154.41297,58.51895],[-154.41186,58.51748],[-154.40861,58.51735],[-154.40647,58.51869],[-154.40758,58.52016],[-154.41083,58.52029]]]},"properties":{"cell":"890cec3013bffff","res":9,"coarsened":false,"count":11,"hv":11,"mp":0,"y0":null,"y1":null,"sp":[[64,4,4,0,null,null],[44,3,3,0,null,null],[73,2,2,0,null,null],[46,1,1,0,null,null],[62,1,1,0,null,null]]}},{"type":"Feature","geometry":{"type":"Polygon","coordinates":[[[-154.40005,58.52271],[-154.40219,58.52137],[-154.40108,58.5199],[-154.39782,58.51977],[-154.39569,58.52111],[-154.3968,58.52258],[-154.40005,58.52271]]]},"properties":{"cell":"890cec301afffff","res":9,"coarsened":false,"count":10,"hv":10,"mp":0,"y0":null,"y1":null,"sp":[[53,4,4,0,null,null],[64,3,3,0,null,null],[44,2,2,0,null,null],[73,1,1,0,null,null]]}},{"type":"Feature","geometry":{"type":"Polygon","coordinates":[[[-154.39029,58.52232],[-154.39243,58.52098],[-154.39132,58.51951],[-154.38807,58.51938],[-154.38593,58.52072],[-154.38704,58.52219],[-154.39029,58.52232]]]},"properties":{"cell":"890cec30cd3ffff","res":9,"coarsened":false,"count":5,"hv":5,"mp":0,"y0":null,"y1":null,"sp":[[93,2,2,0,null,null],[44,2,2,0,null,null],[64,1,1,0,null,null]]}},{"type":"Feature","geometry":{"type":"Polygon","coordinates":[[[-154.33811,58.57015],[-154.39091,58.55231],[-154.39029,58.52232],[-154.337,58.51018],[-154.28426,58.52799],[-154.28476,58.55797],[-154.33811,58.57015]]]},"properties":{"cell":"860cec32fffffff","res":6,"coarsened":true,"count":1,"hv":1,"mp":0,"y0":null,"y1":null,"sp":[[1,1,1,0,null,null]]}},{"type":"Feature","geometry":{"type":"Polygon","coordinates":[[[-154.35912,58.70246],[-154.36127,58.70112],[-154.36015,58.69964],[-154.35688,58.69951],[-154.35472,58.70085],[-154.35584,58.70233],[-154.35912,58.70246]]]},"properties":{"cell":"890cecaa357ffff","res":9,"coarsened":false,"count":22,"hv":22,"mp":0,"y0":null,"y1":null,"sp":[[73,8,8,0,null,null],[64,6,6,0,null,null],[46,4,4,0,null,null],[47,2,2,0,null,null],[28,1,1,0,null,null],[42,1,1,0,null,null]]}},{"type":"Feature","geometry":{"type":"Polygon","coordinates":[[[-154.3604,58.71253],[-154.36256,58.71118],[-154.36144,58.70971],[-154.35816,58.70957],[-154.35601,58.71092],[-154.35713,58.71239],[-154.3604,58.71253]]]},"properties":{"cell":"890cecaa2a7ffff","res":9,"coarsened":false,"count":10,"hv":10,"mp":0,"y0":null,"y1":null,"sp":[[79,5,5,0,null,null],[73,2,2,0,null,null],[64,2,2,0,null,null],[42,1,1,0,null,null]]}},{"type":"Feature","geometry":{"type":"Polygon","coordinates":[[[-154.3493,58.70206],[-154.35145,58.70072],[-154.35033,58.69924],[-154.34706,58.69911],[-154.34491,58.70045],[-154.34602,58.70193],[-154.3493,58.70206]]]},"properties":{"cell":"890cecaa303ffff","res":9,"coarsened":false,"count":5,"hv":5,"mp":0,"y0":null,"y1":null,"sp":[[64,2,2,0,null,null],[62,1,1,0,null,null],[73,1,1,0,null,null],[46,1,1,0,null,null]]}},{"type":"Feature","geometry":{"type":"Polygon","coordinates":[[[-154.13073,59.23279],[-154.13293,59.23145],[-154.13181,59.22996],[-154.12847,59.22981],[-154.12627,59.23116],[-154.12739,59.23265],[-154.13073,59.23279]]]},"properties":{"cell":"890c522eadbffff","res":9,"coarsened":false,"count":1,"hv":1,"mp":0,"y0":null,"y1":null,"sp":[[165,1,1,0,null,null]]}},{"type":"Feature","geometry":{"type":"Polygon","coordinates":[[[-154.75035,58.75218],[-154.7525,58.75082],[-154.75135,58.74935],[-154.74806,58.74923],[-154.74592,58.75058],[-154.74707,58.75205],[-154.75035,58.75218]]]},"properties":{"cell":"890cec15677ffff","res":9,"coarsened":false,"count":4,"hv":4,"mp":0,"y0":null,"y1":null,"sp":[[44,3,3,0,null,null],[64,1,1,0,null,null]]}},{"type":"Feature","geometry":{"type":"Polygon","coordinates":[[[-154.53015,58.82245],[-154.53231,58.8211],[-154.53117,58.81962],[-154.52788,58.81949],[-154.52573,58.82084],[-154.52686,58.82232],[-154.53015,58.82245]]]},"properties":{"cell":"890cec164b7ffff","res":9,"coarsened":false,"count":3,"hv":3,"mp":0,"y0":null,"y1":null,"sp":[[93,2,2,0,null,null],[44,1,1,0,null,null]]}},{"type":"Feature","geometry":{"type":"Polygon","coordinates":[[[-154.51041,58.82166],[-154.51256,58.82031],[-154.51143,58.81884],[-154.50814,58.81871],[-154.50598,58.82005],[-154.50712,58.82153],[-154.51041,58.82166]]]},"properties":{"cell":"890cec8cb2bffff","res":9,"coarsened":false,"count":3,"hv":3,"mp":0,"y0":null,"y1":null,"sp":[[93,2,2,0,null,null],[44,1,1,0,null,null]]}},{"type":"Feature","geometry":{"type":"Polygon","coordinates":[[[-154.40135,58.53275],[-154.40349,58.53141],[-154.40237,58.52994],[-154.39912,58.52981],[-154.39698,58.53115],[-154.39809,58.53262],[-154.40135,58.53275]]]},"properties":{"cell":"890cec30197ffff","res":9,"coarsened":false,"count":5,"hv":5,"mp":0,"y0":null,"y1":null,"sp":[[64,3,3,0,null,null],[44,2,2,0,null,null]]}},{"type":"Feature","geometry":{"type":"Polygon","coordinates":[[[-154.38054,58.52193],[-154.38268,58.52059],[-154.38156,58.51911],[-154.37831,58.51898],[-154.37617,58.52032],[-154.37729,58.52179],[-154.38054,58.52193]]]},"properties":{"cell":"890cec30c9bffff","res":9,"coarsened":false,"count":5,"hv":5,"mp":0,"y0":null,"y1":null,"sp":[[44,2,2,0,null,null],[93,2,2,0,null,null],[53,1,1,0,null,null]]}},{"type":"Feature","geometry":{"type":"Polygon","coordinates":[[[-154.37126,58.71011],[-154.37342,58.70877],[-154.3723,58.70729],[-154.36902,58.70716],[-154.36687,58.7085],[-154.36799,58.70997],[-154.37126,58.71011]]]},"properties":{"cell":"890cecaa233ffff","res":9,"coarsened":false,"count":8,"hv":8,"mp":0,"y0":null,"y1":null,"sp":[[42,3,3,0,null,null],[79,3,3,0,null,null],[73,1,1,0,null,null],[64,1,1,0,null,null]]}},{"type":"Feature","geometry":{"type":"Polygon","coordinates":[[[-154.34235,58.68033],[-154.3445,58.67898],[-154.34338,58.67751],[-154.34011,58.67737],[-154.33796,58.67872],[-154.33908,58.68019],[-154.34235,58.68033]]]},"properties":{"cell":"890ceca85afffff","res":9,"coarsened":false,"count":7,"hv":7,"mp":0,"y0":null,"y1":null,"sp":[[62,6,6,0,null,null],[44,1,1,0,null,null]]}},{"type":"Feature","geometry":{"type":"Polygon","coordinates":[[[-155.08977,58.30058],[-155.09187,58.29923],[-155.09072,58.29777],[-155.08748,58.29766],[-155.08539,58.29901],[-155.08653,58.30047],[-155.08977,58.30058]]]},"properties":{"cell":"890cec67357ffff","res":9,"coarsened":false,"count":2,"hv":2,"mp":0,"y0":null,"y1":null,"sp":[[53,1,1,0,null,null],[93,1,1,0,null,null]]}},{"type":"Feature","geometry":{"type":"Polygon","coordinates":[[[-154.73048,58.78007],[-154.73263,58.77872],[-154.73149,58.77724],[-154.7282,58.77712],[-154.72605,58.77847],[-154.72719,58.77994],[-154.73048,58.78007]]]},"properties":{"cell":"890cec109bbffff","res":9,"coarsened":false,"count":1,"hv":1,"mp":0,"y0":null,"y1":null,"sp":[[44,1,1,0,null,null]]}},{"type":"Feature","geometry":{"type":"Polygon","coordinates":[[[-154.7222,58.76113],[-154.72434,58.75978],[-154.7232,58.75831],[-154.71991,58.75818],[-154.71777,58.75953],[-154.71891,58.76101],[-154.7222,58.76113]]]},"properties":{"cell":"890cec1547bffff","res":9,"coarsened":false,"count":1,"hv":1,"mp":0,"y0":null,"y1":null,"sp":[[110,1,1,0,null,null]]}},{"type":"Feature","geometry":{"type":"Polygon","coordinates":[[[-154.58292,58.55134],[-154.58505,58.54999],[-154.58393,58.54852],[-154.58067,58.5484],[-154.57853,58.54974],[-154.57966,58.55121],[-154.58292,58.55134]]]},"properties":{"cell":"890cec0496fffff","res":9,"coarsened":false,"count":10,"hv":10,"mp":0,"y0":null,"y1":null,"sp":[[64,2,2,0,null,null],[46,2,2,0,null,null],[10,2,2,0,null,null],[44,2,2,0,null,null],[62,1,1,0,null,null],[73,1,1,0,null,null]]}},{"type":"Feature","geometry":{"type":"Polygon","coordinates":[[[-154.39158,58.53236],[-154.39372,58.53102],[-154.39261,58.52955],[-154.38936,58.52941],[-154.38722,58.53075],[-154.38833,58.53223],[-154.39158,58.53236]]]},"properties":{"cell":"890cec32a43ffff","res":9,"coarsened":false,"count":7,"hv":7,"mp":0,"y0":null,"y1":null,"sp":[[44,3,3,0,null,null],[73,2,2,0,null,null],[62,1,1,0,null,null],[64,1,1,0,null,null]]}},{"type":"Feature","geometry":{"type":"Polygon","coordinates":[[[-154.32839,58.69119],[-154.33054,58.68985],[-154.32942,58.68838],[-154.32615,58.68824],[-154.324,58.68958],[-154.32512,58.69106],[-154.32839,58.69119]]]},"properties":{"cell":"890cecaae57ffff","res":9,"coarsened":false,"count":6,"hv":6,"mp":0,"y0":null,"y1":null,"sp":[[73,2,2,0,null,null],[62,2,2,0,null,null],[64,2,2,0,null,null]]}},{"type":"Feature","geometry":{"type":"Polygon","coordinates":[[[-153.96117,58.62274],[-153.96334,58.62141],[-153.96224,58.61993],[-153.95899,58.61979],[-153.95683,58.62112],[-153.95792,58.6226],[-153.96117,58.62274]]]},"properties":{"cell":"890ceca5c0fffff","res":9,"coarsened":false,"count":2,"hv":2,"mp":0,"y0":null,"y1":null,"sp":[[63,2,2,0,null,null]]}},{"type":"Feature","geometry":{"type":"Polygon","coordinates":[[[-155.75719,59.03194],[-155.81028,59.01339],[-155.80807,58.98311],[-155.7529,58.97138],[-155.69987,58.9899],[-155.70195,59.02018],[-155.75719,59.03194]]]},"properties":{"cell":"860ce1347ffffff","res":6,"coarsened":true,"count":1,"hv":1,"mp":0,"y0":null,"y1":null,"sp":[[1,1,1,0,null,null]]}},{"type":"Feature","geometry":{"type":"Polygon","coordinates":[[[-155.08164,58.38286],[-155.08374,58.38151],[-155.0826,58.38004],[-155.07935,58.37993],[-155.07725,58.38128],[-155.07839,58.38275],[-155.08164,58.38286]]]},"properties":{"cell":"890cec7532bffff","res":9,"coarsened":false,"count":2,"hv":2,"mp":0,"y0":null,"y1":null,"sp":[[93,2,2,0,null,null]]}},{"type":"Feature","geometry":{"type":"Polygon","coordinates":[[[-154.76021,58.75255],[-154.76236,58.7512],[-154.76121,58.74972],[-154.75792,58.7496],[-154.75578,58.75095],[-154.75693,58.75242],[-154.76021,58.75255]]]},"properties":{"cell":"890cec1567bffff","res":9,"coarsened":false,"count":2,"hv":2,"mp":0,"y0":null,"y1":null,"sp":[[44,2,2,0,null,null]]}},{"type":"Feature","geometry":{"type":"Polygon","coordinates":[[[-154.73906,58.74173],[-154.7412,58.74038],[-154.74006,58.7389],[-154.73678,58.73878],[-154.73463,58.74013],[-154.73578,58.7416],[-154.73906,58.74173]]]},"properties":{"cell":"890cec152b3ffff","res":9,"coarsened":false,"count":1,"hv":1,"mp":0,"y0":null,"y1":null,"sp":[[44,1,1,0,null,null]]}},{"type":"Feature","geometry":{"type":"Polygon","coordinates":[[[-154.73349,58.77159],[-154.73563,58.77024],[-154.73449,58.76876],[-154.7312,58.76864],[-154.72906,58.76999],[-154.7302,58.77146],[-154.73349,58.77159]]]},"properties":{"cell":"890cec10923ffff","res":9,"coarsened":false,"count":1,"hv":1,"mp":0,"y0":null,"y1":null,"sp":[[44,1,1,0,null,null]]}},{"type":"Feature","geometry":{"type":"Polygon","coordinates":[[[-154.72077,58.75106],[-154.72292,58.7497],[-154.72178,58.74823],[-154.71849,58.7481],[-154.71635,58.74946],[-154.71749,58.75093],[-154.72077,58.75106]]]},"properties":{"cell":"890cec150c7ffff","res":9,"coarsened":false,"count":1,"hv":1,"mp":0,"y0":null,"y1":null,"sp":[[119,1,1,0,null,null]]}},{"type":"Feature","geometry":{"type":"Polygon","coordinates":[[[-155.01117,59.01148],[-155.01332,59.01012],[-155.01215,59.00864],[-155.00883,59.00852],[-155.00668,59.00988],[-155.00785,59.01136],[-155.01117,59.01148]]]},"properties":{"cell":"890cecd5d13ffff","res":9,"coarsened":false,"count":1,"hv":1,"mp":0,"y0":null,"y1":null,"sp":[[54,1,1,0,null,null]]}},{"type":"Feature","geometry":{"type":"Polygon","coordinates":[[[-153.95253,59.10255],[-153.95474,59.10121],[-153.95362,59.09972],[-153.95031,59.09958],[-153.94811,59.10092],[-153.94922,59.1024],[-153.95253,59.10255]]]},"properties":{"cell":"890c5358a8bffff","res":9,"coarsened":false,"count":1,"hv":1,"mp":0,"y0":null,"y1":null,"sp":[[165,1,1,0,null,null]]}},{"type":"Feature","geometry":{"type":"Polygon","coordinates":[[[-153.69983,59.10255],[-153.70204,59.10122],[-153.70095,59.09973],[-153.69764,59.09957],[-153.69543,59.10091],[-153.69652,59.1024],[-153.69983,59.10255]]]},"properties":{"cell":"890c5342383ffff","res":9,"coarsened":false,"count":1,"hv":1,"mp":0,"y0":null,"y1":null,"sp":[[165,1,1,0,null,null]]}},{"type":"Feature","geometry":{"type":"Polygon","coordinates":[[[-154.44433,58.56444],[-154.49707,58.54655],[-154.49634,58.51656],[-154.44298,58.50446],[-154.39029,58.52232],[-154.39091,58.55231],[-154.44433,58.56444]]]},"properties":{"cell":"860cec307ffffff","res":6,"coarsened":true,"count":1,"hv":1,"mp":0,"y0":null,"y1":null,"sp":[[1,1,1,0,null,null]]}},{"type":"Feature","geometry":{"type":"Polygon","coordinates":[[[-153.38186,59.00258],[-153.38407,59.00126],[-153.383,58.99977],[-153.37971,58.99961],[-153.37749,59.00093],[-153.37857,59.00242],[-153.38186,59.00258]]]},"properties":{"cell":"890c5346dbbffff","res":9,"coarsened":false,"count":15,"hv":15,"mp":0,"y0":null,"y1":null,"sp":[[34,5,5,0,null,null],[165,3,3,0,null,null],[63,2,2,0,null,null],[102,1,1,0,null,null],[100,1,1,0,null,null],[149,1,1,0,null,null],[146,1,1,0,null,null],[155,1,1,0,null,null]]}},{"type":"Feature","geometry":{"type":"Polygon","coordinates":[[[-156.18308,58.48044],[-156.18514,58.47907],[-156.18392,58.47761],[-156.18064,58.47752],[-156.17858,58.47889],[-156.17979,58.48035],[-156.18308,58.48044]]]},"properties":{"cell":"890cee85d4bffff","res":9,"coarsened":false,"count":6,"hv":6,"mp":0,"y0":null,"y1":null,"sp":[[64,2,2,0,null,null],[14,2,2,0,null,null],[89,1,1,0,null,null],[139,1,1,0,null,null]]}},{"type":"Feature","geometry":{"type":"Polygon","coordinates":[[[-153.49174,58.99211],[-153.49395,58.99078],[-153.49287,58.9893],[-153.48958,58.98914],[-153.48737,58.99047],[-153.48845,58.99196],[-153.49174,58.99211]]]},"properties":{"cell":"890c5344533ffff","res":9,"coarsened":false,"count":2,"hv":2,"mp":0,"y0":null,"y1":null,"sp":[[63,2,2,0,null,null]]}},{"type":"Feature","geometry":{"type":"Polygon","coordinates":[[[-154.71234,58.76076],[-154.71448,58.75941],[-154.71334,58.75793],[-154.71005,58.75781],[-154.70791,58.75916],[-154.70905,58.76063],[-154.71234,58.76076]]]},"properties":{"cell":"890cec15477ffff","res":9,"coarsened":false,"count":5,"hv":5,"mp":0,"y0":null,"y1":null,"sp":[[44,3,3,0,null,null],[120,1,1,0,null,null],[93,1,1,0,null,null]]}},{"type":"Feature","geometry":{"type":"Polygon","coordinates":[[[-156.11183,58.50285],[-156.1139,58.50147],[-156.11268,58.50001],[-156.1094,58.49992],[-156.10733,58.5013],[-156.10855,58.50276],[-156.11183,58.50285]]]},"properties":{"cell":"890cee8412fffff","res":9,"coarsened":false,"count":7,"hv":7,"mp":0,"y0":null,"y1":null,"sp":[[89,3,3,0,null,null],[14,2,2,0,null,null],[23,1,1,0,null,null],[10,1,1,0,null,null]]}},{"type":"Feature","geometry":{"type":"Polygon","coordinates":[[[-155.73261,58.98227],[-155.73473,58.9809],[-155.73352,58.97942],[-155.73018,58.97932],[-155.72806,58.98069],[-155.72927,58.98217],[-155.73261,58.98227]]]},"properties":{"cell":"890ce13416fffff","res":9,"coarsened":false,"count":8,"hv":8,"mp":0,"y0":null,"y1":null,"sp":[[17,4,4,0,null,null],[14,3,3,0,null,null],[89,1,1,0,null,null]]}},{"type":"Feature","geometry":{"type":"Polygon","coordinates":[[[-155.72261,58.98197],[-155.72473,58.98059],[-155.72352,58.97912],[-155.72018,58.97902],[-155.71806,58.98039],[-155.71927,58.98186],[-155.72261,58.98197]]]},"properties":{"cell":"890ce134e93ffff","res":9,"coarsened":false,"count":9,"hv":9,"mp":0,"y0":null,"y1":null,"sp":[[89,3,3,0,null,null],[14,2,2,0,null,null],[19,2,2,0,null,null],[10,1,1,0,null,null],[139,1,1,0,null,null]]}},{"type":"Feature","geometry":{"type":"Polygon","coordinates":[[[-156.13045,58.49048],[-156.13252,58.48911],[-156.1313,58.48765],[-156.12802,58.48756],[-156.12595,58.48894],[-156.12717,58.4904],[-156.13045,58.49048]]]},"properties":{"cell":"890cee84e0bffff","res":9,"coarsened":false,"count":4,"hv":4,"mp":0,"y0":null,"y1":null,"sp":[[89,3,3,0,null,null],[19,1,1,0,null,null]]}},{"type":"Feature","geometry":{"type":"Polygon","coordinates":[[[-155.44204,59.22084],[-155.44419,59.21947],[-155.44299,59.21798],[-155.43963,59.21787],[-155.43748,59.21925],[-155.43869,59.22073],[-155.44204,59.22084]]]},"properties":{"cell":"890ce1a4473ffff","res":9,"coarsened":false,"count":8,"hv":8,"mp":0,"y0":null,"y1":null,"sp":[[89,3,3,0,null,null],[10,2,2,0,null,null],[71,2,2,0,null,null],[64,1,1,0,null,null]]}},{"type":"Feature","geometry":{"type":"Polygon","coordinates":[[[-154.95038,59.01215],[-154.95253,59.01079],[-154.95137,59.00931],[-154.94805,59.00919],[-154.94589,59.01055],[-154.94706,59.01203],[-154.95038,59.01215]]]},"properties":{"cell":"890cecd48c3ffff","res":9,"coarsened":false,"count":4,"hv":4,"mp":0,"y0":null,"y1":null,"sp":[[119,3,3,0,null,null],[44,1,1,0,null,null]]}},{"type":"Feature","geometry":{"type":"Polygon","coordinates":[[[-154.77107,58.75009],[-154.77321,58.74874],[-154.77207,58.74727],[-154.76878,58.74714],[-154.76664,58.74849],[-154.76778,58.74997],[-154.77107,58.75009]]]},"properties":{"cell":"890cec025a3ffff","res":9,"coarsened":false,"count":7,"hv":7,"mp":0,"y0":null,"y1":null,"sp":[[64,3,3,0,null,null],[44,2,2,0,null,null],[93,1,1,0,null,null],[46,1,1,0,null,null]]}},{"type":"Feature","geometry":{"type":"Polygon","coordinates":[[[-155.88218,58.89185],[-155.88429,58.89047],[-155.88307,58.889],[-155.87975,58.88891],[-155.87764,58.89028],[-155.87885,58.89175],[-155.88218,58.89185]]]},"properties":{"cell":"890ce127237ffff","res":9,"coarsened":false,"count":3,"hv":3,"mp":0,"y0":null,"y1":null,"sp":[[64,2,2,0,null,null],[44,1,1,0,null,null]]}},{"type":"Feature","geometry":{"type":"Polygon","coordinates":[[[-155.7416,58.26155],[-155.74367,58.26019],[-155.74248,58.25873],[-155.73924,58.25864],[-155.73717,58.26],[-155.73835,58.26146],[-155.7416,58.26155]]]},"properties":{"cell":"890ceea4493ffff","res":9,"coarsened":false,"count":7,"hv":7,"mp":0,"y0":null,"y1":null,"sp":[[73,3,3,0,null,null],[64,1,1,0,null,null],[79,1,1,0,null,null],[181,1,1,0,null,null],[71,1,1,0,null,null]]}},{"type":"Feature","geometry":{"type":"Polygon","coordinates":[[[-155.83046,58.88028],[-155.83257,58.87891],[-155.83136,58.87743],[-155.82804,58.87734],[-155.82593,58.87871],[-155.82714,58.88018],[-155.83046,58.88028]]]},"properties":{"cell":"890ce12468bffff","res":9,"coarsened":false,"count":3,"hv":3,"mp":0,"y0":null,"y1":null,"sp":[[89,2,2,0,null,null],[14,1,1,0,null,null]]}},{"type":"Feature","geometry":{"type":"Polygon","coordinates":[[[-155.93247,58.31253],[-155.93453,58.31117],[-155.93333,58.30971],[-155.93008,58.30962],[-155.92801,58.31098],[-155.92921,58.31244],[-155.93247,58.31253]]]},"properties":{"cell":"890ceea053bffff","res":9,"coarsened":false,"count":4,"hv":4,"mp":0,"y0":null,"y1":null,"sp":[[89,1,1,0,null,null],[64,1,1,0,null,null],[44,1,1,0,null,null],[33,1,1,0,null,null]]}},{"type":"Feature","geometry":{"type":"Polygon","coordinates":[[[-155.88031,58.88174],[-155.88242,58.88036],[-155.8812,58.87889],[-155.87788,58.8788],[-155.87577,58.88017],[-155.87699,58.88164],[-155.88031,58.88174]]]},"properties":{"cell":"890ce12734fffff","res":9,"coarsened":false,"count":1,"hv":1,"mp":0,"y0":null,"y1":null,"sp":[[119,1,1,0,null,null]]}},{"type":"Feature","geometry":{"type":"Polygon","coordinates":[[[-155.50248,59.22282],[-155.50463,59.22145],[-155.50342,59.21997],[-155.50006,59.21986],[-155.49791,59.22123],[-155.49912,59.22271],[-155.50248,59.22282]]]},"properties":{"cell":"890ce1a733bffff","res":9,"coarsened":false,"count":7,"hv":7,"mp":0,"y0":null,"y1":null,"sp":[[17,4,4,0,null,null],[71,2,2,0,null,null],[79,1,1,0,null,null]]}},{"type":"Feature","geometry":{"type":"Polygon","coordinates":[[[-155.40917,59.21253],[-155.41133,59.21116],[-155.41012,59.20968],[-155.40677,59.20957],[-155.40462,59.21094],[-155.40582,59.21242],[-155.40917,59.21253]]]},"properties":{"cell":"890ce1a450bffff","res":9,"coarsened":false,"count":2,"hv":2,"mp":0,"y0":null,"y1":null,"sp":[[64,1,1,0,null,null],[89,1,1,0,null,null]]}},{"type":"Feature","geometry":{"type":"Polygon","coordinates":[[[-155.16161,58.76275],[-155.16373,58.76139],[-155.16256,58.75992],[-155.15927,58.7598],[-155.15714,58.76116],[-155.15831,58.76264],[-155.16161,58.76275]]]},"properties":{"cell":"890cec19193ffff","res":9,"coarsened":false,"count":4,"hv":4,"mp":0,"y0":null,"y1":null,"sp":[[119,2,2,0,null,null],[93,1,1,0,null,null],[62,1,1,0,null,null]]}},{"type":"Feature","geometry":{"type":"Polygon","coordinates":[[[-155.06271,58.32241],[-155.06481,58.32106],[-155.06367,58.3196],[-155.06043,58.31949],[-155.05833,58.32084],[-155.05947,58.3223],[-155.06271,58.32241]]]},"properties":{"cell":"890cec670bbffff","res":9,"coarsened":false,"count":2,"hv":2,"mp":0,"y0":null,"y1":null,"sp":[[93,2,2,0,null,null]]}},{"type":"Feature","geometry":{"type":"Polygon","coordinates":[[[-154.97052,58.6501],[-154.97265,58.64875],[-154.9715,58.64728],[-154.96822,58.64716],[-154.96609,58.64851],[-154.96724,58.64998],[-154.97052,58.6501]]]},"properties":{"cell":"890cec01e7bffff","res":9,"coarsened":false,"count":4,"hv":4,"mp":0,"y0":null,"y1":null,"sp":[[44,3,3,0,null,null],[93,1,1,0,null,null]]}},{"type":"Feature","geometry":{"type":"Polygon","coordinates":[[[-155.05928,58.39063],[-155.06138,58.38928],[-155.06024,58.38781],[-155.05699,58.3877],[-155.05488,58.38905],[-155.05603,58.39052],[-155.05928,58.39063]]]},"properties":{"cell":"890cec7516bffff","res":9,"coarsened":false,"count":6,"hv":6,"mp":0,"y0":null,"y1":null,"sp":[[44,3,3,0,null,null],[64,3,3,0,null,null]]}},{"type":"Feature","geometry":{"type":"Polygon","coordinates":[[[-154.97031,59.01288],[-154.97247,59.01152],[-154.9713,59.01004],[-154.96798,59.00992],[-154.96582,59.01128],[-154.96699,59.01276],[-154.97031,59.01288]]]},"properties":{"cell":"890cecd4e3bffff","res":9,"coarsened":false,"count":1,"hv":1,"mp":0,"y0":null,"y1":null,"sp":[[122,1,1,0,null,null]]}},{"type":"Feature","geometry":{"type":"Polygon","coordinates":[[[-154.98127,59.0104],[-154.98342,59.00904],[-154.98225,59.00756],[-154.97893,59.00744],[-154.97677,59.0088],[-154.97794,59.01028],[-154.98127,59.0104]]]},"properties":{"cell":"890cecd4e63ffff","res":9,"coarsened":false,"count":3,"hv":3,"mp":0,"y0":null,"y1":null,"sp":[[44,2,2,0,null,null],[54,1,1,0,null,null]]}},{"type":"Feature","geometry":{"type":"Polygon","coordinates":[[[-154.96361,58.64127],[-154.96573,58.63992],[-154.96458,58.63845],[-154.96131,58.63833],[-154.95918,58.63968],[-154.96033,58.64116],[-154.96361,58.64127]]]},"properties":{"cell":"890cec01a8bffff","res":9,"coarsened":false,"count":3,"hv":3,"mp":0,"y0":null,"y1":null,"sp":[[62,1,1,0,null,null],[44,1,1,0,null,null],[65,1,1,0,null,null]]}},{"type":"Feature","geometry":{"type":"Polygon","coordinates":[[[-153.933,58.6315],[-153.93516,58.63017],[-153.93407,58.62869],[-153.93082,58.62855],[-153.92865,58.62988],[-153.92974,58.63136],[-153.933,58.6315]]]},"properties":{"cell":"890ceca4347ffff","res":9,"coarsened":false,"count":2,"hv":2,"mp":0,"y0":null,"y1":null,"sp":[[63,2,2,0,null,null]]}},{"type":"Feature","geometry":{"type":"Polygon","coordinates":[[[-153.80681,59.13914],[-153.86093,59.12146],[-153.86089,59.09124],[-153.80685,59.07872],[-153.75279,59.09638],[-153.75271,59.12658],[-153.80681,59.13914]]]},"properties":{"cell":"860c53437ffffff","res":6,"coarsened":true,"count":2,"hv":2,"mp":0,"y0":null,"y1":null,"sp":[[154,2,2,0,null,null]]}},{"type":"Feature","geometry":{"type":"Polygon","coordinates":[[[-154.86268,59.06069],[-154.86485,59.05933],[-154.86368,59.05785],[-154.86036,59.05772],[-154.85819,59.05908],[-154.85936,59.06056],[-154.86268,59.06069]]]},"properties":{"cell":"890cecd6d47ffff","res":9,"coarsened":false,"count":2,"hv":2,"mp":0,"y0":null,"y1":null,"sp":[[53,1,1,0,null,null],[44,1,1,0,null,null]]}},{"type":"Feature","geometry":{"type":"Polygon","coordinates":[[[-154.53976,58.56108],[-154.54189,58.55973],[-154.54077,58.55826],[-154.53751,58.55813],[-154.53538,58.55948],[-154.5365,58.56095],[-154.53976,58.56108]]]},"properties":{"cell":"890cec33267ffff","res":9,"coarsened":false,"count":6,"hv":6,"mp":0,"y0":null,"y1":null,"sp":[[64,3,3,0,null,null],[73,2,2,0,null,null],[79,1,1,0,null,null]]}},{"type":"Feature","geometry":{"type":"Polygon","coordinates":[[[-154.41213,58.53033],[-154.41427,58.52899],[-154.41316,58.52752],[-154.4099,58.52739],[-154.40776,58.52873],[-154.40888,58.5302],[-154.41213,58.53033]]]},"properties":{"cell":"890cec3018bffff","res":9,"coarsened":false,"count":8,"hv":8,"mp":0,"y0":null,"y1":null,"sp":[[44,2,2,0,null,null],[64,2,2,0,null,null],[73,2,2,0,null,null],[46,1,1,0,null,null],[79,1,1,0,null,null]]}},{"type":"Feature","geometry":{"type":"Polygon","coordinates":[[[-155.83315,58.87174],[-155.83526,58.87037],[-155.83405,58.8689],[-155.83073,58.8688],[-155.82862,58.87017],[-155.82983,58.87164],[-155.83315,58.87174]]]},"properties":{"cell":"890ce12460fffff","res":9,"coarsened":false,"count":1,"hv":1,"mp":0,"y0":null,"y1":null,"sp":[[71,1,1,0,null,null]]}},{"type":"Feature","geometry":{"type":"Polygon","coordinates":[[[-154.55932,58.56184],[-154.56146,58.5605],[-154.56033,58.55902],[-154.55707,58.5589],[-154.55493,58.56024],[-154.55606,58.56171],[-154.55932,58.56184]]]},"properties":{"cell":"890cec049a3ffff","res":9,"coarsened":false,"count":6,"hv":6,"mp":0,"y0":null,"y1":null,"sp":[[44,2,2,0,null,null],[73,2,2,0,null,null],[64,1,1,0,null,null],[46,1,1,0,null,null]]}},{"type":"Feature","geometry":{"type":"Polygon","coordinates":[[[-154.50188,58.83136],[-154.50404,58.83001],[-154.50291,58.82853],[-154.49962,58.8284],[-154.49746,58.82975],[-154.49859,58.83122],[-154.50188,58.83136]]]},"properties":{"cell":"890cec8cbbbffff","res":9,"coarsened":false,"count":1,"hv":1,"mp":0,"y0":null,"y1":null,"sp":[[44,1,1,0,null,null]]}},{"type":"Feature","geometry":{"type":"Polygon","coordinates":[[[-154.35344,58.69079],[-154.35559,58.68945],[-154.35448,58.68797],[-154.35121,58.68784],[-154.34905,58.68918],[-154.35017,58.69065],[-154.35344,58.69079]]]},"properties":{"cell":"890ceca859bffff","res":9,"coarsened":false,"count":6,"hv":6,"mp":0,"y0":null,"y1":null,"sp":[[62,2,2,0,null,null],[64,2,2,0,null,null],[44,1,1,0,null,null],[119,1,1,0,null,null]]}},{"type":"Feature","geometry":{"type":"Polygon","coordinates":[[[-155.98213,59.22024],[-155.98426,59.21885],[-155.98302,59.21737],[-155.97965,59.21728],[-155.97752,59.21866],[-155.97876,59.22014],[-155.98213,59.22024]]]},"properties":{"cell":"890ce1a82d3ffff","res":9,"coarsened":false,"count":1,"hv":1,"mp":0,"y0":null,"y1":null,"sp":[[85,1,1,0,null,null]]}},{"type":"Feature","geometry":{"type":"Polygon","coordinates":[[[-154.69823,58.42171],[-154.70035,58.42036],[-154.69923,58.4189],[-154.69598,58.41877],[-154.69386,58.42012],[-154.69499,58.42159],[-154.69823,58.42171]]]},"properties":{"cell":"890cec38a73ffff","res":9,"coarsened":false,"count":3,"hv":3,"mp":0,"y0":null,"y1":null,"sp":[[62,1,1,0,null,null],[28,1,1,0,null,null],[44,1,1,0,null,null]]}},{"type":"Feature","geometry":{"type":"Polygon","coordinates":[[[-155.13994,58.31226],[-155.14203,58.31091],[-155.14088,58.30944],[-155.13764,58.30933],[-155.13554,58.31069],[-155.13669,58.31215],[-155.13994,58.31226]]]},"properties":{"cell":"890cec60993ffff","res":9,"coarsened":false,"count":1,"hv":1,"mp":0,"y0":null,"y1":null,"sp":[[93,1,1,0,null,null]]}},{"type":"Feature","geometry":{"type":"Polygon","coordinates":[[[-153.69853,59.14422],[-153.75271,59.12658],[-153.75279,59.09638],[-153.69881,59.08381],[-153.6447,59.10141],[-153.6445,59.13162],[-153.69853,59.14422]]]},"properties":{"cell":"860c53427ffffff","res":6,"coarsened":true,"count":1,"hv":1,"mp":0,"y0":null,"y1":null,"sp":[[154,1,1,0,null,null]]}},{"type":"Feature","geometry":{"type":"Polygon","coordinates":[[[-155.0012,59.01112],[-155.00335,59.00976],[-155.00218,59.00828],[-154.99886,59.00816],[-154.99671,59.00952],[-154.99788,59.011],[-155.0012,59.01112]]]},"properties":{"cell":"890cecd5dbbffff","res":9,"coarsened":false,"count":1,"hv":1,"mp":0,"y0":null,"y1":null,"sp":[[119,1,1,0,null,null]]}},{"type":"Feature","geometry":{"type":"Polygon","coordinates":[[[-153.40331,58.75137],[-153.4055,58.75005],[-153.40444,58.74857],[-153.40118,58.74841],[-153.39898,58.74973],[-153.40005,58.75122],[-153.40331,58.75137]]]},"properties":{"cell":"890c5360353ffff","res":9,"coarsened":false,"count":2,"hv":2,"mp":0,"y0":null,"y1":null,"sp":[[63,2,2,0,null,null]]}},{"type":"Feature","geometry":{"type":"Polygon","coordinates":[[[-153.6583,59.04167],[-153.66051,59.04033],[-153.65942,59.03885],[-153.65612,59.03869],[-153.65391,59.04002],[-153.655,59.04151],[-153.6583,59.04167]]]},"properties":{"cell":"890c5340d9bffff","res":9,"coarsened":false,"count":1,"hv":1,"mp":0,"y0":null,"y1":null,"sp":[[165,1,1,0,null,null]]}},{"type":"Feature","geometry":{"type":"Polygon","coordinates":[[[-153.70956,58.63145],[-153.71174,58.63013],[-153.71066,58.62865],[-153.70741,58.6285],[-153.70523,58.62983],[-153.70631,58.6313],[-153.70956,58.63145]]]},"properties":{"cell":"890cedd3583ffff","res":9,"coarsened":false,"count":2,"hv":2,"mp":0,"y0":null,"y1":null,"sp":[[63,2,2,0,null,null]]}},{"type":"Feature","geometry":{"type":"Polygon","coordinates":[[[-153.31096,58.17161],[-153.31311,58.17029],[-153.31207,58.16883],[-153.30888,58.16867],[-153.30673,58.16999],[-153.30777,58.17145],[-153.31096,58.17161]]]},"properties":{"cell":"890ced02177ffff","res":9,"coarsened":false,"count":1,"hv":1,"mp":0,"y0":2004,"y1":2004,"sp":[[34,1,1,0,2004,2004]]}},{"type":"Feature","geometry":{"type":"Polygon","coordinates":[[[-153.94721,58.16674],[-153.94934,58.16541],[-153.94827,58.16395],[-153.94506,58.16381],[-153.94294,58.16514],[-153.94401,58.1666],[-153.94721,58.16674]]]},"properties":{"cell":"890ced5555bffff","res":9,"coarsened":false,"count":3,"hv":3,"mp":0,"y0":2004,"y1":2004,"sp":[[34,1,1,0,2004,2004],[141,1,1,0,2004,2004],[142,1,1,0,2004,2004]]}},{"type":"Feature","geometry":{"type":"Polygon","coordinates":[[[-153.65827,58.33275],[-153.66042,58.33143],[-153.65936,58.32996],[-153.65614,58.32981],[-153.65399,58.33113],[-153.65505,58.3326],[-153.65827,58.33275]]]},"properties":{"cell":"890cedc5303ffff","res":9,"coarsened":false,"count":2,"hv":2,"mp":0,"y0":2004,"y1":2004,"sp":[[34,1,1,0,2004,2004],[141,1,1,0,2004,2004]]}},{"type":"Feature","geometry":{"type":"Polygon","coordinates":[[[-153.42552,59.16863],[-153.42774,59.1673],[-153.42666,59.16581],[-153.42335,59.16564],[-153.42112,59.16697],[-153.42221,59.16847],[-153.42552,59.16863]]]},"properties":{"cell":"890c535603bffff","res":9,"coarsened":false,"count":3,"hv":3,"mp":0,"y0":2003,"y1":2004,"sp":[[34,1,1,0,2004,2004],[141,1,1,0,2003,2003],[142,1,1,0,2003,2003]]}},{"type":"Feature","geometry":{"type":"Polygon","coordinates":[[[-153.33474,58.33172],[-153.3369,58.3304],[-153.33586,58.32893],[-153.33265,58.32878],[-153.33048,58.33009],[-153.33153,58.33156],[-153.33474,58.33172]]]},"properties":{"cell":"890ced135b3ffff","res":9,"coarsened":false,"count":3,"hv":3,"mp":0,"y0":2004,"y1":2004,"sp":[[142,1,1,0,2004,2004],[141,1,1,0,2004,2004],[34,1,1,0,2004,2004]]}},{"type":"Feature","geometry":{"type":"Polygon","coordinates":[[[-153.69608,58.50101],[-153.69825,58.49968],[-153.69717,58.49821],[-153.69394,58.49806],[-153.69177,58.49939],[-153.69285,58.50086],[-153.69608,58.50101]]]},"properties":{"cell":"890cedc240fffff","res":9,"coarsened":false,"count":2,"hv":2,"mp":0,"y0":2004,"y1":2004,"sp":[[34,1,1,0,2004,2004],[142,1,1,0,2004,2004]]}},{"type":"Feature","geometry":{"type":"Polygon","coordinates":[[[-156.49002,59.14003],[-156.49212,59.13864],[-156.49086,59.13717],[-156.48749,59.13709],[-156.48539,59.13848],[-156.48665,59.13995],[-156.49002,59.14003]]]},"properties":{"cell":"890ce10f53bffff","res":9,"coarsened":false,"count":14,"hv":14,"mp":0,"y0":null,"y1":null,"sp":[[85,14,14,0,null,null]]}},{"type":"Feature","geometry":{"type":"Polygon","coordinates":[[[-156.10205,59.2612],[-156.10418,59.25981],[-156.10293,59.25833],[-156.09956,59.25824],[-156.09743,59.25962],[-156.09868,59.2611],[-156.10205,59.2612]]]},"properties":{"cell":"890ce11488bffff","res":9,"coarsened":false,"count":2,"hv":2,"mp":0,"y0":null,"y1":null,"sp":[[75,2,2,0,null,null]]}},{"type":"Feature","geometry":{"type":"Polygon","coordinates":[[[-156.46265,58.49171],[-156.4647,58.49033],[-156.46347,58.48887],[-156.46018,58.48879],[-156.45813,58.49017],[-156.45936,58.49163],[-156.46265,58.49171]]]},"properties":{"cell":"890cee8f02fffff","res":9,"coarsened":false,"count":3,"hv":3,"mp":0,"y0":null,"y1":null,"sp":[[85,2,2,0,null,null],[75,1,1,0,null,null]]}},{"type":"Feature","geometry":{"type":"Polygon","coordinates":[[[-156.11416,59.27165],[-156.11628,59.27026],[-156.11504,59.26878],[-156.11166,59.26869],[-156.10953,59.27008],[-156.11078,59.27156],[-156.11416,59.27165]]]},"properties":{"cell":"890ce114c4fffff","res":9,"coarsened":false,"count":5,"hv":5,"mp":0,"y0":null,"y1":null,"sp":[[75,5,5,0,null,null]]}},{"type":"Feature","geometry":{"type":"Polygon","coordinates":[[[-153.37863,58.66441],[-153.38082,58.66308],[-153.37976,58.6616],[-153.37651,58.66145],[-153.37432,58.66277],[-153.37538,58.66425],[-153.37863,58.66441]]]},"properties":{"cell":"890c536e387ffff","res":9,"coarsened":false,"count":2,"hv":2,"mp":0,"y0":2003,"y1":2003,"sp":[[142,1,1,0,2003,2003],[141,1,1,0,2003,2003]]}},{"type":"Feature","geometry":{"type":"Polygon","coordinates":[[[-153.93164,58.00179],[-153.93376,58.00047],[-153.93269,57.99901],[-153.92951,57.99887],[-153.92739,58.0002],[-153.92846,58.00166],[-153.93164,58.00179]]]},"properties":{"cell":"890ced4437bffff","res":9,"coarsened":false,"count":6,"hv":6,"mp":0,"y0":2002,"y1":2003,"sp":[[141,3,3,0,2002,2003],[142,2,2,0,2002,2003],[20,1,1,0,2002,2002]]}},{"type":"Feature","geometry":{"type":"Polygon","coordinates":[[[-156.04204,59.24072],[-156.04417,59.23934],[-156.04292,59.23786],[-156.03955,59.23776],[-156.03743,59.23915],[-156.03867,59.24063],[-156.04204,59.24072]]]},"properties":{"cell":"890ce1a94d7ffff","res":9,"coarsened":false,"count":1,"hv":1,"mp":0,"y0":null,"y1":null,"sp":[[75,1,1,0,null,null]]}},{"type":"Feature","geometry":{"type":"Polygon","coordinates":[[[-153.33493,58.50249],[-153.3371,58.50117],[-153.33605,58.49969],[-153.33282,58.49954],[-153.33065,58.50086],[-153.3317,58.50233],[-153.33493,58.50249]]]},"properties":{"cell":"890cedd6d37ffff","res":9,"coarsened":false,"count":3,"hv":3,"mp":0,"y0":2002,"y1":2002,"sp":[[141,2,2,0,2002,2002],[142,1,1,0,2002,2002]]}},{"type":"Feature","geometry":{"type":"Polygon","coordinates":[[[-156.51367,58.52151],[-156.51572,58.52013],[-156.51448,58.51867],[-156.51119,58.51859],[-156.50914,58.51997],[-156.51037,58.52143],[-156.51367,58.52151]]]},"properties":{"cell":"890cee8aba7ffff","res":9,"coarsened":false,"count":2,"hv":2,"mp":0,"y0":null,"y1":null,"sp":[[75,2,2,0,null,null]]}},{"type":"Feature","geometry":{"type":"Polygon","coordinates":[[[-153.99954,58.00188],[-154.00166,58.00055],[-154.00059,57.99909],[-153.9974,57.99896],[-153.99529,58.00028],[-153.99636,58.00174],[-153.99954,58.00188]]]},"properties":{"cell":"890ced4516bffff","res":9,"coarsened":false,"count":1,"hv":1,"mp":0,"y0":1998,"y1":1998,"sp":[[190,1,1,0,1998,1998]]}},{"type":"Feature","geometry":{"type":"Polygon","coordinates":[[[-155.9186,58.50183],[-155.92067,58.50046],[-155.91947,58.499],[-155.91619,58.49891],[-155.91412,58.50028],[-155.91532,58.50174],[-155.9186,58.50183]]]},"properties":{"cell":"890ceeb2673ffff","res":9,"coarsened":false,"count":52,"hv":52,"mp":0,"y0":null,"y1":null,"sp":[[34,9,9,0,null,null],[78,6,6,0,null,null],[211,5,5,0,null,null],[68,3,3,0,null,null],[55,3,3,0,null,null],[139,2,2,0,null,null],[3,2,2,0,null,null],[22,2,2,0,null,null],[19,2,2,0,null,null],[145,2,2,0,null,null],[2,2,2,0,null,null],[25,1,1,0,null,null],[6,1,1,0,null,null],[73,1,1,0,null,null],[67,1,1,0,null,null],[153,1,1,0,null,null],[12,1,1,0,null,null],[95,1,1,0,null,null],[77,1,1,0,null,null],[98,1,1,0,null,null],[106,1,1,0,null,null],[163,1,1,0,null,null],[209,1,1,0,null,null],[94,1,1,0,null,null],[202,1,1,0,null,null]]}},{"type":"Feature","geometry":{"type":"Polygon","coordinates":[[[-155.84919,58.58131],[-155.85127,58.57994],[-155.85007,58.57848],[-155.84678,58.57838],[-155.8447,58.57975],[-155.8459,58.58122],[-155.84919,58.58131]]]},"properties":{"cell":"890cec48183ffff","res":9,"coarsened":false,"count":51,"hv":51,"mp":0,"y0":null,"y1":null,"sp":[[46,5,5,0,null,null],[56,4,4,0,null,null],[44,4,4,0,null,null],[62,4,4,0,null,null],[64,3,3,0,null,null],[119,3,3,0,null,null],[69,3,3,0,null,null],[183,2,2,0,null,null],[42,2,2,0,null,null],[168,2,2,0,null,null],[36,1,1,0,null,null],[15,1,1,0,null,null],[79,1,1,0,null,null],[37,1,1,0,null,null],[29,1,1,0,null,null],[47,1,1,0,null,null],[21,1,1,0,null,null],[39,1,1,0,null,null],[104,1,1,0,null,null],[23,1,1,0,null,null],[28,1,1,0,null,null],[73,1,1,0,null,null],[71,1,1,0,null,null],[139,1,1,0,null,null],[72,1,1,0,null,null],[173,1,1,0,null,null],[93,1,1,0,null,null],[17,1,1,0,null,null],[54,1,1,0,null,null]]}},{"type":"Feature","geometry":{"type":"Polygon","coordinates":[[[-155.73358,58.6008],[-155.73567,58.59943],[-155.73447,58.59797],[-155.73119,58.59787],[-155.72909,58.59924],[-155.73029,58.6007],[-155.73358,58.6008]]]},"properties":{"cell":"890cec4adabffff","res":9,"coarsened":false,"count":1,"hv":1,"mp":0,"y0":null,"y1":null,"sp":[[77,1,1,0,null,null]]}},{"type":"Feature","geometry":{"type":"Polygon","coordinates":[[[-155.97241,58.52048],[-155.97449,58.51911],[-155.97328,58.51765],[-155.97,58.51756],[-155.96792,58.51893],[-155.96913,58.52039],[-155.97241,58.52048]]]},"properties":{"cell":"890cec49a2bffff","res":9,"coarsened":false,"count":3,"hv":3,"mp":0,"y0":null,"y1":null,"sp":[[44,2,2,0,null,null],[37,1,1,0,null,null]]}},{"type":"Feature","geometry":{"type":"Polygon","coordinates":[[[-155.72914,58.44212],[-155.73122,58.44075],[-155.73004,58.43929],[-155.72677,58.4392],[-155.72469,58.44056],[-155.72587,58.44202],[-155.72914,58.44212]]]},"properties":{"cell":"890cec4db1bffff","res":9,"coarsened":false,"count":12,"hv":12,"mp":0,"y0":null,"y1":null,"sp":[[44,3,3,0,null,null],[93,2,2,0,null,null],[37,1,1,0,null,null],[168,1,1,0,null,null],[79,1,1,0,null,null],[46,1,1,0,null,null],[23,1,1,0,null,null],[33,1,1,0,null,null],[175,1,1,0,null,null]]}},{"type":"Feature","geometry":{"type":"Polygon","coordinates":[[[-155.70953,58.44154],[-155.71161,58.44017],[-155.71043,58.43871],[-155.70716,58.43861],[-155.70508,58.43998],[-155.70626,58.44144],[-155.70953,58.44154]]]},"properties":{"cell":"890cec4dba3ffff","res":9,"coarsened":false,"count":2,"hv":2,"mp":0,"y0":null,"y1":null,"sp":[[62,1,1,0,null,null],[44,1,1,0,null,null]]}},{"type":"Feature","geometry":{"type":"Polygon","coordinates":[[[-155.58929,58.43078],[-155.59138,58.42941],[-155.5902,58.42795],[-155.58693,58.42785],[-155.58485,58.42921],[-155.58603,58.43068],[-155.58929,58.43078]]]},"properties":{"cell":"890cec79677ffff","res":9,"coarsened":false,"count":24,"hv":24,"mp":0,"y0":null,"y1":null,"sp":[[75,9,9,0,null,null],[15,4,4,0,null,null],[23,2,2,0,null,null],[168,1,1,0,null,null],[109,1,1,0,null,null],[79,1,1,0,null,null],[202,1,1,0,null,null],[175,1,1,0,null,null],[80,1,1,0,null,null],[27,1,1,0,null,null],[33,1,1,0,null,null],[64,1,1,0,null,null]]}},{"type":"Feature","geometry":{"type":"Polygon","coordinates":[[[-155.47154,58.64134],[-155.47365,58.63998],[-155.47246,58.63851],[-155.46918,58.63841],[-155.46707,58.63977],[-155.46825,58.64124],[-155.47154,58.64134]]]},"properties":{"cell":"890cec429afffff","res":9,"coarsened":false,"count":16,"hv":16,"mp":0,"y0":null,"y1":null,"sp":[[167,3,3,0,null,null],[78,2,2,0,null,null],[51,2,2,0,null,null],[108,2,2,0,null,null],[76,1,1,0,null,null],[56,1,1,0,null,null],[19,1,1,0,null,null],[82,1,1,0,null,null],[79,1,1,0,null,null],[75,1,1,0,null,null],[33,1,1,0,null,null]]}},{"type":"Feature","geometry":{"type":"Polygon","coordinates":[[[-155.37111,58.3726],[-155.3732,58.37124],[-155.37203,58.36978],[-155.36878,58.36967],[-155.36669,58.37103],[-155.36785,58.37249],[-155.37111,58.3726]]]},"properties":{"cell":"890cec78963ffff","res":9,"coarsened":false,"count":68,"hv":68,"mp":0,"y0":null,"y1":null,"sp":[[44,30,30,0,null,null],[53,4,4,0,null,null],[64,4,4,0,null,null],[42,3,3,0,null,null],[182,3,3,0,null,null],[79,3,3,0,null,null],[167,2,2,0,null,null],[89,2,2,0,null,null],[33,2,2,0,null,null],[72,2,2,0,null,null],[115,2,2,0,null,null],[46,2,2,0,null,null],[14,1,1,0,null,null],[174,1,1,0,null,null],[168,1,1,0,null,null],[116,1,1,0,null,null],[74,1,1,0,null,null],[93,1,1,0,null,null],[47,1,1,0,null,null],[73,1,1,0,null,null],[181,1,1,0,null,null]]}},{"type":"Feature","geometry":{"type":"Polygon","coordinates":[[[-155.76401,58.55167],[-155.7661,58.5503],[-155.76491,58.54883],[-155.76163,58.54874],[-155.75954,58.5501],[-155.76073,58.55157],[-155.76401,58.55167]]]},"properties":{"cell":"890cec4f66fffff","res":9,"coarsened":false,"count":2,"hv":2,"mp":0,"y0":null,"y1":null,"sp":[[66,1,1,0,null,null],[108,1,1,0,null,null]]}},{"type":"Feature","geometry":{"type":"Polygon","coordinates":[[[-155.41201,58.67091],[-155.41412,58.66954],[-155.41294,58.66807],[-155.40965,58.66797],[-155.40754,58.66933],[-155.40872,58.6708],[-155.41201,58.67091]]]},"properties":{"cell":"890cec55c6fffff","res":9,"coarsened":false,"count":8,"hv":8,"mp":0,"y0":null,"y1":null,"sp":[[15,2,2,0,null,null],[156,1,1,0,null,null],[145,1,1,0,null,null],[82,1,1,0,null,null],[29,1,1,0,null,null],[182,1,1,0,null,null],[71,1,1,0,null,null]]}},{"type":"Feature","geometry":{"type":"Polygon","coordinates":[[[-155.48068,58.43025],[-155.48277,58.42889],[-155.4816,58.42743],[-155.47834,58.42733],[-155.47625,58.42869],[-155.47742,58.43015],[-155.48068,58.43025]]]},"properties":{"cell":"890cec78283ffff","res":9,"coarsened":false,"count":11,"hv":11,"mp":0,"y0":null,"y1":null,"sp":[[93,2,2,0,null,null],[46,2,2,0,null,null],[169,2,2,0,null,null],[72,2,2,0,null,null],[10,1,1,0,null,null],[44,1,1,0,null,null],[29,1,1,0,null,null]]}},{"type":"Feature","geometry":{"type":"Polygon","coordinates":[[[-155.61931,58.49162],[-155.6214,58.49026],[-155.62022,58.48879],[-155.61695,58.48869],[-155.61486,58.49006],[-155.61604,58.49152],[-155.61931,58.49162]]]},"properties":{"cell":"890cec4cccbffff","res":9,"coarsened":false,"count":12,"hv":12,"mp":0,"y0":null,"y1":null,"sp":[[2,2,2,0,null,null],[51,2,2,0,null,null],[14,1,1,0,null,null],[34,1,1,0,null,null],[22,1,1,0,null,null],[9,1,1,0,null,null],[108,1,1,0,null,null],[96,1,1,0,null,null],[68,1,1,0,null,null],[88,1,1,0,null,null]]}},{"type":"Feature","geometry":{"type":"Polygon","coordinates":[[[-155.60072,58.64254],[-155.60282,58.64117],[-155.60163,58.63971],[-155.59834,58.63961],[-155.59624,58.64097],[-155.59743,58.64244],[-155.60072,58.64254]]]},"properties":{"cell":"890cec401c3ffff","res":9,"coarsened":false,"count":3,"hv":3,"mp":0,"y0":null,"y1":null,"sp":[[156,1,1,0,null,null],[191,1,1,0,null,null],[153,1,1,0,null,null]]}},{"type":"Feature","geometry":{"type":"Polygon","coordinates":[[[-155.13905,58.27098],[-155.14115,58.26963],[-155.14,58.26817],[-155.13676,58.26806],[-155.13467,58.26941],[-155.13582,58.27087],[-155.13905,58.27098]]]},"properties":{"cell":"890cec65043ffff","res":9,"coarsened":false,"count":9,"hv":9,"mp":0,"y0":null,"y1":null,"sp":[[93,5,5,0,null,null],[37,2,2,0,null,null],[62,1,1,0,null,null],[44,1,1,0,null,null]]}},{"type":"Feature","geometry":{"type":"Polygon","coordinates":[[[-155.54331,58.51212],[-155.54541,58.51076],[-155.54423,58.50929],[-155.54095,58.50919],[-155.53886,58.51055],[-155.54004,58.51202],[-155.54331,58.51212]]]},"properties":{"cell":"890cec4e9dbffff","res":9,"coarsened":false,"count":9,"hv":9,"mp":0,"y0":null,"y1":null,"sp":[[67,3,3,0,null,null],[153,2,2,0,null,null],[56,1,1,0,null,null],[87,1,1,0,null,null],[37,1,1,0,null,null],[60,1,1,0,null,null]]}},{"type":"Feature","geometry":{"type":"Polygon","coordinates":[[[-155.61883,59.02192],[-155.62096,59.02054],[-155.61975,59.01907],[-155.61641,59.01896],[-155.61429,59.02033],[-155.61549,59.02181],[-155.61883,59.02192]]]},"properties":{"cell":"890ce136dcfffff","res":9,"coarsened":false,"count":10,"hv":10,"mp":0,"y0":null,"y1":null,"sp":[[5,4,4,0,null,null],[151,2,2,0,null,null],[6,2,2,0,null,null],[55,2,2,0,null,null]]}},{"type":"Feature","geometry":{"type":"Polygon","coordinates":[[[-155.57296,58.48163],[-155.57505,58.48027],[-155.57387,58.47881],[-155.5706,58.47871],[-155.56851,58.48007],[-155.56969,58.48153],[-155.57296,58.48163]]]},"properties":{"cell":"890cec4cd8bffff","res":9,"coarsened":false,"count":20,"hv":20,"mp":0,"y0":null,"y1":null,"sp":[[75,8,8,0,null,null],[151,4,4,0,null,null],[176,1,1,0,null,null],[18,1,1,0,null,null],[24,1,1,0,null,null],[53,1,1,0,null,null],[22,1,1,0,null,null],[6,1,1,0,null,null],[163,1,1,0,null,null],[33,1,1,0,null,null]]}},{"type":"Feature","geometry":{"type":"Polygon","coordinates":[[[-155.48136,58.55016],[-155.48345,58.5488],[-155.48228,58.54734],[-155.479,58.54723],[-155.4769,58.54859],[-155.47808,58.55006],[-155.48136,58.55016]]]},"properties":{"cell":"890cec4510fffff","res":9,"coarsened":false,"count":13,"hv":13,"mp":0,"y0":null,"y1":null,"sp":[[62,3,3,0,null,null],[44,3,3,0,null,null],[56,2,2,0,null,null],[37,2,2,0,null,null],[167,1,1,0,null,null],[47,1,1,0,null,null],[168,1,1,0,null,null]]}},{"type":"Feature","geometry":{"type":"Polygon","coordinates":[[[-156.45048,59.10154],[-156.45258,59.10015],[-156.45132,59.09868],[-156.44796,59.0986],[-156.44586,59.09999],[-156.44712,59.10146],[-156.45048,59.10154]]]},"properties":{"cell":"890ce10c543ffff","res":9,"coarsened":false,"count":4,"hv":4,"mp":0,"y0":null,"y1":null,"sp":[[163,2,2,0,null,null],[3,1,1,0,null,null],[2,1,1,0,null,null]]}},{"type":"Feature","geometry":{"type":"Polygon","coordinates":[[[-156.29288,59.05138],[-156.29499,59.05],[-156.29374,59.04853],[-156.29039,59.04844],[-156.28828,59.04982],[-156.28953,59.0513],[-156.29288,59.05138]]]},"properties":{"cell":"890ce13b027ffff","res":9,"coarsened":false,"count":8,"hv":8,"mp":0,"y0":null,"y1":null,"sp":[[151,1,1,0,null,null],[6,1,1,0,null,null],[77,1,1,0,null,null],[172,1,1,0,null,null],[116,1,1,0,null,null],[167,1,1,0,null,null],[47,1,1,0,null,null],[79,1,1,0,null,null]]}},{"type":"Feature","geometry":{"type":"Polygon","coordinates":[[[-156.46017,58.67196],[-156.46224,58.67058],[-156.461,58.66911],[-156.45769,58.66903],[-156.45562,58.67041],[-156.45686,58.67188],[-156.46017,58.67196]]]},"properties":{"cell":"890cee9a91bffff","res":9,"coarsened":false,"count":12,"hv":12,"mp":0,"y0":null,"y1":null,"sp":[[75,8,8,0,null,null],[163,2,2,0,null,null],[150,1,1,0,null,null],[139,1,1,0,null,null]]}},{"type":"Feature","geometry":{"type":"Polygon","coordinates":[[[-156.2808,59.04098],[-156.2829,59.0396],[-156.28165,59.03813],[-156.2783,59.03804],[-156.2762,59.03942],[-156.27745,59.0409],[-156.2808,59.04098]]]},"properties":{"cell":"890ce13b163ffff","res":9,"coarsened":false,"count":1,"hv":1,"mp":0,"y0":null,"y1":null,"sp":[[123,1,1,0,null,null]]}},{"type":"Feature","geometry":{"type":"Polygon","coordinates":[[[-156.25121,59.02148],[-156.25331,59.0201],[-156.25207,59.01862],[-156.24872,59.01853],[-156.24662,59.01992],[-156.24786,59.02139],[-156.25121,59.02148]]]},"properties":{"cell":"890ce1380c7ffff","res":9,"coarsened":false,"count":1,"hv":1,"mp":0,"y0":null,"y1":null,"sp":[[84,1,1,0,null,null]]}},{"type":"Feature","geometry":{"type":"Polygon","coordinates":[[[-156.14252,59.0128],[-156.14463,59.01142],[-156.14339,59.00995],[-156.14004,59.00986],[-156.13794,59.01124],[-156.13917,59.01271],[-156.14252,59.0128]]]},"properties":{"cell":"890ce13ab9bffff","res":9,"coarsened":false,"count":3,"hv":3,"mp":0,"y0":null,"y1":null,"sp":[[75,2,2,0,null,null],[51,1,1,0,null,null]]}},{"type":"Feature","geometry":{"type":"Polygon","coordinates":[[[-156.31262,59.12109],[-156.31473,59.11971],[-156.31347,59.11823],[-156.31011,59.11814],[-156.30801,59.11953],[-156.30926,59.12101],[-156.31262,59.12109]]]},"properties":{"cell":"890ce10532fffff","res":9,"coarsened":false,"count":1,"hv":1,"mp":0,"y0":null,"y1":null,"sp":[[19,1,1,0,null,null]]}},{"type":"Feature","geometry":{"type":"Polygon","coordinates":[[[-156.06227,59.01059],[-156.06438,59.00921],[-156.06315,59.00773],[-156.05981,59.00764],[-156.0577,59.00902],[-156.05893,59.0105],[-156.06227,59.01059]]]},"properties":{"cell":"890ce123497ffff","res":9,"coarsened":false,"count":1,"hv":1,"mp":0,"y0":null,"y1":null,"sp":[[21,1,1,0,null,null]]}},{"type":"Feature","geometry":{"type":"Polygon","coordinates":[[[-155.93379,58.50083],[-155.93587,58.49946],[-155.93466,58.498],[-155.93139,58.49791],[-155.92931,58.49928],[-155.93051,58.50074],[-155.93379,58.50083]]]},"properties":{"cell":"890ceeb35b3ffff","res":9,"coarsened":false,"count":96,"hv":96,"mp":0,"y0":null,"y1":null,"sp":[[153,9,9,0,null,null],[167,6,6,0,null,null],[5,5,5,0,null,null],[211,5,5,0,null,null],[68,4,4,0,null,null],[69,3,3,0,null,null],[78,3,3,0,null,null],[6,3,3,0,null,null],[23,3,3,0,null,null],[2,3,3,0,null,null],[19,3,3,0,null,null],[95,3,3,0,null,null],[151,2,2,0,null,null],[3,2,2,0,null,null],[76,2,2,0,null,null],[13,2,2,0,null,null],[56,2,2,0,null,null],[65,2,2,0,null,null],[9,2,2,0,null,null],[79,2,2,0,null,null],[125,2,2,0,null,null],[145,2,2,0,null,null],[77,2,2,0,null,null],[22,1,1,0,null,null],[82,1,1,0,null,null],[34,1,1,0,null,null],[33,1,1,0,null,null],[209,1,1,0,null,null],[15,1,1,0,null,null],[123,1,1,0,null,null],[108,1,1,0,null,null],[168,1,1,0,null,null],[55,1,1,0,null,null],[39,1,1,0,null,null],[155,1,1,0,null,null],[67,1,1,0,null,null],[106,1,1,0,null,null],[194,1,1,0,null,null],[114,1,1,0,null,null],[80,1,1,0,null,null],[60,1,1,0,null,null],[116,1,1,0,null,null],[185,1,1,0,null,null],[156,1,1,0,null,null],[25,1,1,0,null,null],[87,1,1,0,null,null],[180,1,1,0,null,null]]}},{"type":"Feature","geometry":{"type":"Polygon","coordinates":[[[-155.84187,59.02008],[-155.84399,59.01871],[-155.84277,59.01723],[-155.83943,59.01713],[-155.83731,59.01851],[-155.83853,59.01998],[-155.84187,59.02008]]]},"properties":{"cell":"890ce1354b3ffff","res":9,"coarsened":false,"count":5,"hv":5,"mp":0,"y0":null,"y1":null,"sp":[[60,1,1,0,null,null],[10,1,1,0,null,null],[19,1,1,0,null,null],[27,1,1,0,null,null],[14,1,1,0,null,null]]}},{"type":"Feature","geometry":{"type":"Polygon","coordinates":[[[-155.76914,58.33068],[-155.77121,58.32932],[-155.77002,58.32786],[-155.76676,58.32776],[-155.76469,58.32913],[-155.76588,58.33059],[-155.76914,58.33068]]]},"properties":{"cell":"890ceeb58d3ffff","res":9,"coarsened":false,"count":3,"hv":3,"mp":0,"y0":null,"y1":null,"sp":[[94,3,3,0,null,null]]}},{"type":"Feature","geometry":{"type":"Polygon","coordinates":[[[-155.76222,58.54161],[-155.7643,58.54024],[-155.76311,58.53878],[-155.75983,58.53868],[-155.75774,58.54005],[-155.75893,58.54151],[-155.76222,58.54161]]]},"properties":{"cell":"890cec4f203ffff","res":9,"coarsened":false,"count":62,"hv":62,"mp":0,"y0":null,"y1":null,"sp":[[156,9,9,0,null,null],[76,6,6,0,null,null],[82,6,6,0,null,null],[95,4,4,0,null,null],[60,3,3,0,null,null],[55,3,3,0,null,null],[109,3,3,0,null,null],[145,2,2,0,null,null],[163,2,2,0,null,null],[94,2,2,0,null,null],[10,2,2,0,null,null],[25,2,2,0,null,null],[89,2,2,0,null,null],[78,2,2,0,null,null],[3,1,1,0,null,null],[104,1,1,0,null,null],[13,1,1,0,null,null],[41,1,1,0,null,null],[19,1,1,0,null,null],[75,1,1,0,null,null],[168,1,1,0,null,null],[14,1,1,0,null,null],[18,1,1,0,null,null],[22,1,1,0,null,null],[23,1,1,0,null,null],[87,1,1,0,null,null],[114,1,1,0,null,null],[42,1,1,0,null,null]]}},{"type":"Feature","geometry":{"type":"Polygon","coordinates":[[[-155.74171,59.08043],[-155.74384,59.07905],[-155.74262,59.07757],[-155.73928,59.07747],[-155.73715,59.07885],[-155.73837,59.08032],[-155.74171,59.08043]]]},"properties":{"cell":"890ce1ad947ffff","res":9,"coarsened":false,"count":1,"hv":1,"mp":0,"y0":null,"y1":null,"sp":[[109,1,1,0,null,null]]}},{"type":"Feature","geometry":{"type":"Polygon","coordinates":[[[-155.72912,58.52063],[-155.7312,58.51926],[-155.73001,58.5178],[-155.72674,58.5177],[-155.72465,58.51907],[-155.72584,58.52053],[-155.72912,58.52063]]]},"properties":{"cell":"890cec4d593ffff","res":9,"coarsened":false,"count":18,"hv":18,"mp":0,"y0":null,"y1":null,"sp":[[41,6,6,0,null,null],[175,4,4,0,null,null],[106,3,3,0,null,null],[89,2,2,0,null,null],[39,1,1,0,null,null],[213,1,1,0,null,null],[50,1,1,0,null,null]]}},{"type":"Feature","geometry":{"type":"Polygon","coordinates":[[[-155.60159,59.01274],[-155.60371,59.01137],[-155.60251,59.00989],[-155.59917,59.00979],[-155.59705,59.01116],[-155.59825,59.01264],[-155.60159,59.01274]]]},"properties":{"cell":"890ce136d23ffff","res":9,"coarsened":false,"count":16,"hv":16,"mp":0,"y0":null,"y1":null,"sp":[[89,4,4,0,null,null],[23,2,2,0,null,null],[80,2,2,0,null,null],[183,1,1,0,null,null],[79,1,1,0,null,null],[195,1,1,0,null,null],[108,1,1,0,null,null],[52,1,1,0,null,null],[103,1,1,0,null,null],[106,1,1,0,null,null],[71,1,1,0,null,null]]}},{"type":"Feature","geometry":{"type":"Polygon","coordinates":[[[-155.59158,59.01242],[-155.59371,59.01105],[-155.59251,59.00958],[-155.58917,59.00947],[-155.58704,59.01084],[-155.58825,59.01232],[-155.59158,59.01242]]]},"properties":{"cell":"890cecd9acbffff","res":9,"coarsened":false,"count":40,"hv":40,"mp":0,"y0":null,"y1":null,"sp":[[82,8,8,0,null,null],[33,6,6,0,null,null],[3,4,4,0,null,null],[2,4,4,0,null,null],[19,3,3,0,null,null],[65,2,2,0,null,null],[60,2,2,0,null,null],[168,2,2,0,null,null],[95,1,1,0,null,null],[75,1,1,0,null,null],[42,1,1,0,null,null],[125,1,1,0,null,null],[24,1,1,0,null,null],[118,1,1,0,null,null],[56,1,1,0,null,null],[78,1,1,0,null,null],[184,1,1,0,null,null]]}},{"type":"Feature","geometry":{"type":"Polygon","coordinates":[[[-155.57982,59.00198],[-155.58195,59.00061],[-155.58074,58.99914],[-155.57741,58.99903],[-155.57528,59.0004],[-155.57649,59.00188],[-155.57982,59.00198]]]},"properties":{"cell":"890cecd9a77ffff","res":9,"coarsened":false,"count":4,"hv":4,"mp":0,"y0":null,"y1":null,"sp":[[195,1,1,0,null,null],[108,1,1,0,null,null],[56,1,1,0,null,null],[194,1,1,0,null,null]]}},{"type":"Feature","geometry":{"type":"Polygon","coordinates":[[[-155.98226,58.52075],[-155.98433,58.51938],[-155.98313,58.51792],[-155.97984,58.51783],[-155.97777,58.5192],[-155.97897,58.52066],[-155.98226,58.52075]]]},"properties":{"cell":"890cec49a63ffff","res":9,"coarsened":false,"count":5,"hv":5,"mp":0,"y0":null,"y1":null,"sp":[[44,3,3,0,null,null],[47,1,1,0,null,null],[79,1,1,0,null,null]]}},{"type":"Feature","geometry":{"type":"Polygon","coordinates":[[[-155.93374,59.00118],[-155.93585,58.9998],[-155.93463,58.99833],[-155.93129,58.99823],[-155.92917,58.99961],[-155.9304,59.00109],[-155.93374,59.00118]]]},"properties":{"cell":"890ce122513ffff","res":9,"coarsened":false,"count":4,"hv":4,"mp":0,"y0":null,"y1":null,"sp":[[3,1,1,0,null,null],[67,1,1,0,null,null],[60,1,1,0,null,null],[2,1,1,0,null,null]]}},{"type":"Feature","geometry":{"type":"Polygon","coordinates":[[[-155.57918,59.11282],[-155.58132,59.11145],[-155.58011,59.10997],[-155.57676,59.10986],[-155.57462,59.11123],[-155.57583,59.11271],[-155.57918,59.11282]]]},"properties":{"cell":"890cecdb677ffff","res":9,"coarsened":false,"count":2,"hv":2,"mp":0,"y0":null,"y1":null,"sp":[[150,2,2,0,null,null]]}},{"type":"Feature","geometry":{"type":"Polygon","coordinates":[[[-155.57158,59.01179],[-155.57371,59.01042],[-155.5725,59.00894],[-155.56917,59.00884],[-155.56704,59.01021],[-155.56824,59.01169],[-155.57158,59.01179]]]},"properties":{"cell":"890cecd9a8fffff","res":9,"coarsened":false,"count":5,"hv":5,"mp":0,"y0":null,"y1":null,"sp":[[76,4,4,0,null,null],[78,1,1,0,null,null]]}},{"type":"Feature","geometry":{"type":"Polygon","coordinates":[[[-155.55921,58.40133],[-155.56129,58.39997],[-155.56012,58.39851],[-155.55686,58.39841],[-155.55477,58.39977],[-155.55595,58.40123],[-155.55921,58.40133]]]},"properties":{"cell":"890cec7933bffff","res":9,"coarsened":false,"count":38,"hv":38,"mp":0,"y0":null,"y1":null,"sp":[[182,3,3,0,null,null],[103,3,3,0,null,null],[65,2,2,0,null,null],[53,2,2,0,null,null],[67,2,2,0,null,null],[15,2,2,0,null,null],[2,2,2,0,null,null],[176,2,2,0,null,null],[72,2,2,0,null,null],[52,1,1,0,null,null],[6,1,1,0,null,null],[78,1,1,0,null,null],[75,1,1,0,null,null],[60,1,1,0,null,null],[94,1,1,0,null,null],[77,1,1,0,null,null],[10,1,1,0,null,null],[21,1,1,0,null,null],[18,1,1,0,null,null],[12,1,1,0,null,null],[89,1,1,0,null,null],[29,1,1,0,null,null],[17,1,1,0,null,null],[42,1,1,0,null,null],[14,1,1,0,null,null],[55,1,1,0,null,null],[95,1,1,0,null,null]]}},{"type":"Feature","geometry":{"type":"Polygon","coordinates":[[[-155.70613,59.08078],[-155.75934,59.06224],[-155.75719,59.03194],[-155.70195,59.02018],[-155.6488,59.03868],[-155.65083,59.06898],[-155.70613,59.08078]]]},"properties":{"cell":"860ce1367ffffff","res":6,"coarsened":true,"count":1,"hv":1,"mp":0,"y0":null,"y1":null,"sp":[[1,1,1,0,null,null]]}},{"type":"Feature","geometry":{"type":"Polygon","coordinates":[[[-155.84012,59.04162],[-155.84225,59.04025],[-155.84102,59.03877],[-155.83768,59.03867],[-155.83556,59.04005],[-155.83678,59.04153],[-155.84012,59.04162]]]},"properties":{"cell":"890ce137287ffff","res":9,"coarsened":false,"count":1,"hv":1,"mp":0,"y0":null,"y1":null,"sp":[[18,1,1,0,null,null]]}},{"type":"Feature","geometry":{"type":"Polygon","coordinates":[[[-156.28034,59.11015],[-156.28245,59.10876],[-156.2812,59.10729],[-156.27784,59.1072],[-156.27573,59.10859],[-156.27698,59.11006],[-156.28034,59.11015]]]},"properties":{"cell":"890ce105e2fffff","res":9,"coarsened":false,"count":2,"hv":2,"mp":0,"y0":null,"y1":null,"sp":[[41,1,1,0,null,null],[12,1,1,0,null,null]]}},{"type":"Feature","geometry":{"type":"Polygon","coordinates":[[[-155.77206,58.5419],[-155.77414,58.54053],[-155.77295,58.53907],[-155.76967,58.53897],[-155.76758,58.54034],[-155.76878,58.5418],[-155.77206,58.5419]]]},"properties":{"cell":"890cec4f257ffff","res":9,"coarsened":false,"count":10,"hv":10,"mp":0,"y0":null,"y1":null,"sp":[[29,5,5,0,null,null],[34,3,3,0,null,null],[183,1,1,0,null,null],[104,1,1,0,null,null]]}},{"type":"Feature","geometry":{"type":"Polygon","coordinates":[[[-155.62074,59.00039],[-155.62287,58.99902],[-155.62166,58.99755],[-155.61833,58.99744],[-155.6162,58.99881],[-155.61741,59.00029],[-155.62074,59.00039]]]},"properties":{"cell":"890ce13691bffff","res":9,"coarsened":false,"count":1,"hv":1,"mp":0,"y0":null,"y1":null,"sp":[[160,1,1,0,null,null]]}},{"type":"Feature","geometry":{"type":"Polygon","coordinates":[[[-155.60296,59.10205],[-155.6051,59.10067],[-155.60389,59.09919],[-155.60055,59.09909],[-155.59841,59.10046],[-155.59962,59.10194],[-155.60296,59.10205]]]},"properties":{"cell":"890ce1acd27ffff","res":9,"coarsened":false,"count":1,"hv":1,"mp":0,"y0":null,"y1":null,"sp":[[33,1,1,0,null,null]]}},{"type":"Feature","geometry":{"type":"Polygon","coordinates":[[[-155.54042,59.04534],[-155.59363,59.02688],[-155.59167,58.9966],[-155.53662,58.98479],[-155.48346,59.00321],[-155.4853,59.03348],[-155.54042,59.04534]]]},"properties":{"cell":"860cecd9fffffff","res":6,"coarsened":true,"count":7,"hv":7,"mp":0,"y0":null,"y1":null,"sp":[[1,7,7,0,null,null]]}},{"type":"Feature","geometry":{"type":"Polygon","coordinates":[[[-155.63196,58.45205],[-155.63405,58.45068],[-155.63286,58.44922],[-155.6296,58.44912],[-155.62751,58.45048],[-155.62869,58.45195],[-155.63196,58.45205]]]},"properties":{"cell":"890cec4cbcbffff","res":9,"coarsened":false,"count":3,"hv":3,"mp":0,"y0":null,"y1":null,"sp":[[72,3,3,0,null,null]]}},{"type":"Feature","geometry":{"type":"Polygon","coordinates":[[[-155.59881,59.02129],[-155.60094,59.01991],[-155.59974,59.01844],[-155.5964,59.01833],[-155.59427,59.0197],[-155.59548,59.02118],[-155.59881,59.02129]]]},"properties":{"cell":"890ce136dbbffff","res":9,"coarsened":false,"count":1,"hv":1,"mp":0,"y0":null,"y1":null,"sp":[[18,1,1,0,null,null]]}},{"type":"Feature","geometry":{"type":"Polygon","coordinates":[[[-155.99931,59.00162],[-156.00142,59.00024],[-156.00019,58.99877],[-155.99685,58.99867],[-155.99474,59.00005],[-155.99597,59.00153],[-155.99931,59.00162]]]},"properties":{"cell":"890ce122617ffff","res":9,"coarsened":false,"count":1,"hv":1,"mp":0,"y0":null,"y1":null,"sp":[[168,1,1,0,null,null]]}},{"type":"Feature","geometry":{"type":"Polygon","coordinates":[[[-155.94281,58.63262],[-155.9449,58.63125],[-155.94369,58.62978],[-155.94039,58.62969],[-155.93831,58.63106],[-155.93952,58.63253],[-155.94281,58.63262]]]},"properties":{"cell":"890cec4b08bffff","res":9,"coarsened":false,"count":6,"hv":6,"mp":0,"y0":null,"y1":null,"sp":[[34,6,6,0,null,null]]}},{"type":"Feature","geometry":{"type":"Polygon","coordinates":[[[-155.69071,58.50092],[-155.6928,58.49955],[-155.69161,58.49809],[-155.68834,58.49799],[-155.68625,58.49936],[-155.68744,58.50082],[-155.69071,58.50092]]]},"properties":{"cell":"890cec4c2a3ffff","res":9,"coarsened":false,"count":7,"hv":7,"mp":0,"y0":null,"y1":null,"sp":[[15,2,2,0,null,null],[174,2,2,0,null,null],[106,2,2,0,null,null],[80,1,1,0,null,null]]}},{"type":"Feature","geometry":{"type":"Polygon","coordinates":[[[-155.62252,59.01052],[-155.62464,59.00915],[-155.62344,59.00767],[-155.6201,59.00757],[-155.61797,59.00894],[-155.61918,59.01042],[-155.62252,59.01052]]]},"properties":{"cell":"890ce136d6bffff","res":9,"coarsened":false,"count":1,"hv":1,"mp":0,"y0":null,"y1":null,"sp":[[181,1,1,0,null,null]]}},{"type":"Feature","geometry":{"type":"Polygon","coordinates":[[[-156.2713,59.02201],[-156.2734,59.02063],[-156.27215,59.01915],[-156.2688,59.01906],[-156.2667,59.02045],[-156.26795,59.02192],[-156.2713,59.02201]]]},"properties":{"cell":"890ce138623ffff","res":9,"coarsened":false,"count":5,"hv":5,"mp":0,"y0":null,"y1":null,"sp":[[22,2,2,0,null,null],[77,1,1,0,null,null],[67,1,1,0,null,null],[25,1,1,0,null,null]]}},{"type":"Feature","geometry":{"type":"Polygon","coordinates":[[[-155.49942,58.63222],[-155.50153,58.63085],[-155.50034,58.62939],[-155.49706,58.62928],[-155.49495,58.63064],[-155.49614,58.63211],[-155.49942,58.63222]]]},"properties":{"cell":"890cec476d3ffff","res":9,"coarsened":false,"count":6,"hv":6,"mp":0,"y0":null,"y1":null,"sp":[[75,6,6,0,null,null]]}},{"type":"Feature","geometry":{"type":"Polygon","coordinates":[[[-155.75082,59.0519],[-155.75295,59.05053],[-155.75173,59.04905],[-155.74839,59.04895],[-155.74626,59.05032],[-155.74748,59.0518],[-155.75082,59.0519]]]},"properties":{"cell":"890ce1362d3ffff","res":9,"coarsened":false,"count":1,"hv":1,"mp":0,"y0":null,"y1":null,"sp":[[67,1,1,0,null,null]]}},{"type":"Feature","geometry":{"type":"Polygon","coordinates":[[[-155.34145,58.5228],[-155.34355,58.52144],[-155.34238,58.51998],[-155.33911,58.51987],[-155.33701,58.52123],[-155.33818,58.5227],[-155.34145,58.5228]]]},"properties":{"cell":"890cec44823ffff","res":9,"coarsened":false,"count":2,"hv":2,"mp":0,"y0":null,"y1":null,"sp":[[53,2,2,0,null,null]]}},{"type":"Feature","geometry":{"type":"Polygon","coordinates":[[[-155.75417,58.55138],[-155.75626,58.55001],[-155.75506,58.54854],[-155.75178,58.54845],[-155.74969,58.54981],[-155.75089,58.55128],[-155.75417,58.55138]]]},"properties":{"cell":"890cec4f293ffff","res":9,"coarsened":false,"count":7,"hv":7,"mp":0,"y0":null,"y1":null,"sp":[[138,6,6,0,null,null],[20,1,1,0,null,null]]}},{"type":"Feature","geometry":{"type":"Polygon","coordinates":[[[-155.74262,59.06173],[-155.74475,59.06036],[-155.74353,59.05888],[-155.74019,59.05878],[-155.73806,59.06015],[-155.73928,59.06163],[-155.74262,59.06173]]]},"properties":{"cell":"890ce13660bffff","res":9,"coarsened":false,"count":4,"hv":4,"mp":0,"y0":null,"y1":null,"sp":[[79,1,1,0,null,null],[56,1,1,0,null,null],[17,1,1,0,null,null],[22,1,1,0,null,null]]}},{"type":"Feature","geometry":{"type":"Polygon","coordinates":[[[-155.55158,59.01116],[-155.55371,59.00978],[-155.5525,59.00831],[-155.54917,59.0082],[-155.54704,59.00957],[-155.54824,59.01105],[-155.55158,59.01116]]]},"properties":{"cell":"890cecd987bffff","res":9,"coarsened":false,"count":1,"hv":1,"mp":0,"y0":null,"y1":null,"sp":[[191,1,1,0,null,null]]}},{"type":"Feature","geometry":{"type":"Polygon","coordinates":[[[-156.04963,58.46261],[-156.0517,58.46124],[-156.05049,58.45978],[-156.04722,58.45969],[-156.04515,58.46107],[-156.04635,58.46253],[-156.04963,58.46261]]]},"properties":{"cell":"890cee84927ffff","res":9,"coarsened":false,"count":3,"hv":3,"mp":0,"y0":null,"y1":null,"sp":[[67,2,2,0,null,null],[150,1,1,0,null,null]]}},{"type":"Feature","geometry":{"type":"Polygon","coordinates":[[[-155.52112,58.38163],[-155.5232,58.38027],[-155.52203,58.3788],[-155.51877,58.3787],[-155.51669,58.38006],[-155.51786,58.38152],[-155.52112,58.38163]]]},"properties":{"cell":"890cec7984bffff","res":9,"coarsened":false,"count":6,"hv":6,"mp":0,"y0":null,"y1":null,"sp":[[182,3,3,0,null,null],[115,2,2,0,null,null],[10,1,1,0,null,null]]}},{"type":"Feature","geometry":{"type":"Polygon","coordinates":[[[-155.40214,58.67058],[-155.40425,58.66922],[-155.40307,58.66775],[-155.39978,58.66765],[-155.39767,58.66901],[-155.39885,58.67048],[-155.40214,58.67058]]]},"properties":{"cell":"890cec55893ffff","res":9,"coarsened":false,"count":1,"hv":1,"mp":0,"y0":null,"y1":null,"sp":[[156,1,1,0,null,null]]}},{"type":"Feature","geometry":{"type":"Polygon","coordinates":[[[-155.54943,58.40103],[-155.55151,58.39967],[-155.55034,58.39821],[-155.54708,58.39811],[-155.54499,58.39947],[-155.54617,58.40093],[-155.54943,58.40103]]]},"properties":{"cell":"890cec79337ffff","res":9,"coarsened":false,"count":3,"hv":3,"mp":0,"y0":null,"y1":null,"sp":[[29,3,3,0,null,null]]}},{"type":"Feature","geometry":{"type":"Polygon","coordinates":[[[-155.26138,58.3021],[-155.26346,58.30075],[-155.26231,58.29929],[-155.25907,58.29918],[-155.25698,58.30053],[-155.25813,58.30199],[-155.26138,58.3021]]]},"properties":{"cell":"890cec619c3ffff","res":9,"coarsened":false,"count":4,"hv":4,"mp":0,"y0":null,"y1":null,"sp":[[62,2,2,0,null,null],[64,1,1,0,null,null],[119,1,1,0,null,null]]}},{"type":"Feature","geometry":{"type":"Polygon","coordinates":[[[-156.48198,59.0807],[-156.48408,59.07931],[-156.48282,59.07784],[-156.47946,59.07775],[-156.47736,59.07914],[-156.47862,59.08062],[-156.48198,59.0807]]]},"properties":{"cell":"890ce10c3d7ffff","res":9,"coarsened":false,"count":4,"hv":4,"mp":0,"y0":null,"y1":null,"sp":[[72,2,2,0,null,null],[29,2,2,0,null,null]]}},{"type":"Feature","geometry":{"type":"Polygon","coordinates":[[[-156.3227,59.12136],[-156.32481,59.11997],[-156.32356,59.11849],[-156.3202,59.11841],[-156.31809,59.11979],[-156.31934,59.12127],[-156.3227,59.12136]]]},"properties":{"cell":"890ce105367ffff","res":9,"coarsened":false,"count":3,"hv":3,"mp":0,"y0":null,"y1":null,"sp":[[116,1,1,0,null,null],[67,1,1,0,null,null],[172,1,1,0,null,null]]}},{"type":"Feature","geometry":{"type":"Polygon","coordinates":[[[-155.96925,59.00076],[-155.97136,58.99939],[-155.97013,58.99791],[-155.96679,58.99782],[-155.96468,58.99919],[-155.96591,59.00067],[-155.96925,59.00076]]]},"properties":{"cell":"890ce122467ffff","res":9,"coarsened":false,"count":2,"hv":2,"mp":0,"y0":null,"y1":null,"sp":[[22,1,1,0,null,null],[67,1,1,0,null,null]]}},{"type":"Feature","geometry":{"type":"Polygon","coordinates":[[[-155.60082,58.44111],[-155.6029,58.43975],[-155.60172,58.43829],[-155.59846,58.43819],[-155.59637,58.43955],[-155.59755,58.44101],[-155.60082,58.44111]]]},"properties":{"cell":"890cec796cbffff","res":9,"coarsened":false,"count":16,"hv":16,"mp":0,"y0":null,"y1":null,"sp":[[52,5,5,0,null,null],[176,2,2,0,null,null],[12,2,2,0,null,null],[33,2,2,0,null,null],[41,2,2,0,null,null],[50,2,2,0,null,null],[23,1,1,0,null,null]]}},{"type":"Feature","geometry":{"type":"Polygon","coordinates":[[[-156.39877,59.12187],[-156.40087,59.12048],[-156.39961,59.11901],[-156.39625,59.11892],[-156.39415,59.12031],[-156.3954,59.12179],[-156.39877,59.12187]]]},"properties":{"cell":"890ce10e16fffff","res":9,"coarsened":false,"count":1,"hv":1,"mp":0,"y0":null,"y1":null,"sp":[[25,1,1,0,null,null]]}},{"type":"Feature","geometry":{"type":"Polygon","coordinates":[[[-156.0503,59.00018],[-156.05241,58.9988],[-156.05118,58.99733],[-156.04784,58.99723],[-156.04573,58.99861],[-156.04696,59.00009],[-156.0503,59.00018]]]},"properties":{"cell":"890ce1235d3ffff","res":9,"coarsened":false,"count":1,"hv":1,"mp":0,"y0":null,"y1":null,"sp":[[79,1,1,0,null,null]]}},{"type":"Feature","geometry":{"type":"Polygon","coordinates":[[[-155.69062,59.08174],[-155.69275,59.08036],[-155.69154,59.07889],[-155.68819,59.07878],[-155.68606,59.08016],[-155.68728,59.08163],[-155.69062,59.08174]]]},"properties":{"cell":"890ce136493ffff","res":9,"coarsened":false,"count":2,"hv":2,"mp":0,"y0":null,"y1":null,"sp":[[3,1,1,0,null,null],[2,1,1,0,null,null]]}},{"type":"Feature","geometry":{"type":"Polygon","coordinates":[[[-155.89172,58.4925],[-155.8938,58.49113],[-155.8926,58.48967],[-155.88932,58.48958],[-155.88725,58.49095],[-155.88845,58.49241],[-155.89172,58.4925]]]},"properties":{"cell":"890ceeb2047ffff","res":9,"coarsened":false,"count":2,"hv":2,"mp":0,"y0":null,"y1":null,"sp":[[150,2,2,0,null,null]]}},{"type":"Feature","geometry":{"type":"Polygon","coordinates":[[[-155.82192,59.05116],[-155.82405,59.04979],[-155.82283,59.04831],[-155.81948,59.04821],[-155.81736,59.04959],[-155.81858,59.05106],[-155.82192,59.05116]]]},"properties":{"cell":"890ce1370c3ffff","res":9,"coarsened":false,"count":3,"hv":3,"mp":0,"y0":null,"y1":null,"sp":[[64,1,1,0,null,null],[115,1,1,0,null,null],[22,1,1,0,null,null]]}},{"type":"Feature","geometry":{"type":"Polygon","coordinates":[[[-156.0394,59.00275],[-156.04151,59.00137],[-156.04028,58.9999],[-156.03694,58.9998],[-156.03483,59.00118],[-156.03606,59.00266],[-156.0394,59.00275]]]},"properties":{"cell":"890ce131b67ffff","res":9,"coarsened":false,"count":1,"hv":1,"mp":0,"y0":null,"y1":null,"sp":[[174,1,1,0,null,null]]}},{"type":"Feature","geometry":{"type":"Polygon","coordinates":[[[-155.67377,58.49184],[-155.67585,58.49048],[-155.67467,58.48902],[-155.67139,58.48892],[-155.66931,58.49028],[-155.67049,58.49175],[-155.67377,58.49184]]]},"properties":{"cell":"890cec4c313ffff","res":9,"coarsened":false,"count":12,"hv":12,"mp":0,"y0":null,"y1":null,"sp":[[213,3,3,0,null,null],[175,2,2,0,null,null],[103,1,1,0,null,null],[120,1,1,0,null,null],[109,1,1,0,null,null],[44,1,1,0,null,null],[168,1,1,0,null,null],[50,1,1,0,null,null],[13,1,1,0,null,null]]}},{"type":"Feature","geometry":{"type":"Polygon","coordinates":[[[-155.59201,58.4223],[-155.59409,58.42094],[-155.59291,58.41948],[-155.58965,58.41938],[-155.58757,58.42074],[-155.58875,58.4222],[-155.59201,58.4223]]]},"properties":{"cell":"890cec7928bffff","res":9,"coarsened":false,"count":5,"hv":5,"mp":0,"y0":null,"y1":null,"sp":[[67,3,3,0,null,null],[174,1,1,0,null,null],[109,1,1,0,null,null]]}},{"type":"Feature","geometry":{"type":"Polygon","coordinates":[[[-156.43241,59.11119],[-156.43451,59.1098],[-156.43325,59.10832],[-156.42989,59.10824],[-156.42779,59.10963],[-156.42905,59.1111],[-156.43241,59.11119]]]},"properties":{"cell":"890ce10c59bffff","res":9,"coarsened":false,"count":1,"hv":1,"mp":0,"y0":null,"y1":null,"sp":[[18,1,1,0,null,null]]}},{"type":"Feature","geometry":{"type":"Polygon","coordinates":[[[-155.56092,58.41137],[-155.56301,58.41],[-155.56183,58.40854],[-155.55857,58.40844],[-155.55648,58.4098],[-155.55766,58.41127],[-155.56092,58.41137]]]},"properties":{"cell":"890cec7938bffff","res":9,"coarsened":false,"count":1,"hv":1,"mp":0,"y0":null,"y1":null,"sp":[[181,1,1,0,null,null]]}},{"type":"Feature","geometry":{"type":"Polygon","coordinates":[[[-155.54253,59.13182],[-155.54467,59.13045],[-155.54347,59.12897],[-155.54012,59.12886],[-155.53798,59.13023],[-155.53918,59.13171],[-155.54253,59.13182]]]},"properties":{"cell":"890cecdb4c7ffff","res":9,"coarsened":false,"count":2,"hv":2,"mp":0,"y0":null,"y1":null,"sp":[[68,1,1,0,null,null],[46,1,1,0,null,null]]}},{"type":"Feature","geometry":{"type":"Polygon","coordinates":[[[-155.49932,58.54073],[-155.50141,58.53937],[-155.50023,58.5379],[-155.49696,58.5378],[-155.49486,58.53916],[-155.49604,58.54063],[-155.49932,58.54073]]]},"properties":{"cell":"890cec45edbffff","res":9,"coarsened":false,"count":2,"hv":2,"mp":0,"y0":null,"y1":null,"sp":[[73,1,1,0,null,null],[52,1,1,0,null,null]]}},{"type":"Feature","geometry":{"type":"Polygon","coordinates":[[[-155.3781,58.38137],[-155.38019,58.38001],[-155.37902,58.37855],[-155.37577,58.37845],[-155.37368,58.3798],[-155.37484,58.38126],[-155.3781,58.38137]]]},"properties":{"cell":"890cec78953ffff","res":9,"coarsened":false,"count":24,"hv":24,"mp":0,"y0":null,"y1":null,"sp":[[77,5,5,0,null,null],[2,3,3,0,null,null],[96,3,3,0,null,null],[182,2,2,0,null,null],[72,2,2,0,null,null],[116,2,2,0,null,null],[168,1,1,0,null,null],[33,1,1,0,null,null],[52,1,1,0,null,null],[44,1,1,0,null,null],[55,1,1,0,null,null],[197,1,1,0,null,null],[56,1,1,0,null,null]]}},{"type":"Feature","geometry":{"type":"Polygon","coordinates":[[[-155.33206,58.31153],[-155.33414,58.31018],[-155.33298,58.30872],[-155.32974,58.30861],[-155.32765,58.30996],[-155.32881,58.31143],[-155.33206,58.31153]]]},"properties":{"cell":"890cec6adb7ffff","res":9,"coarsened":false,"count":8,"hv":8,"mp":0,"y0":null,"y1":null,"sp":[[167,3,3,0,null,null],[116,1,1,0,null,null],[28,1,1,0,null,null],[5,1,1,0,null,null],[14,1,1,0,null,null],[56,1,1,0,null,null]]}},{"type":"Feature","geometry":{"type":"Polygon","coordinates":[[[-155.5805,58.41197],[-155.58258,58.41061],[-155.5814,58.40914],[-155.57814,58.40904],[-155.57606,58.41041],[-155.57723,58.41187],[-155.5805,58.41197]]]},"properties":{"cell":"890cec79237ffff","res":9,"coarsened":false,"count":1,"hv":1,"mp":0,"y0":null,"y1":null,"sp":[[109,1,1,0,null,null]]}},{"type":"Feature","geometry":{"type":"Polygon","coordinates":[[[-155.58222,58.422],[-155.5843,58.42064],[-155.58312,58.41918],[-155.57986,58.41908],[-155.57778,58.42044],[-155.57896,58.4219],[-155.58222,58.422]]]},"properties":{"cell":"890cec79287ffff","res":9,"coarsened":false,"count":11,"hv":11,"mp":0,"y0":null,"y1":null,"sp":[[29,4,4,0,null,null],[77,2,2,0,null,null],[67,2,2,0,null,null],[50,1,1,0,null,null],[52,1,1,0,null,null],[106,1,1,0,null,null]]}},{"type":"Feature","geometry":{"type":"Polygon","coordinates":[[[-155.77026,58.53185],[-155.77234,58.53048],[-155.77115,58.52901],[-155.76787,58.52892],[-155.76578,58.53029],[-155.76698,58.53175],[-155.77026,58.53185]]]},"properties":{"cell":"890cec4f26fffff","res":9,"coarsened":false,"count":1,"hv":1,"mp":0,"y0":null,"y1":null,"sp":[[80,1,1,0,null,null]]}},{"type":"Feature","geometry":{"type":"Polygon","coordinates":[[[-155.49012,58.37068],[-155.4922,58.36932],[-155.49103,58.36786],[-155.48777,58.36776],[-155.48569,58.36912],[-155.48686,58.37058],[-155.49012,58.37068]]]},"properties":{"cell":"890cec7994bffff","res":9,"coarsened":false,"count":4,"hv":4,"mp":0,"y0":null,"y1":null,"sp":[[55,3,3,0,null,null],[14,1,1,0,null,null]]}},{"type":"Feature","geometry":{"type":"Polygon","coordinates":[[[-155.66395,58.49155],[-155.66603,58.49018],[-155.66485,58.48872],[-155.66157,58.48862],[-155.65949,58.48999],[-155.66067,58.49145],[-155.66395,58.49155]]]},"properties":{"cell":"890cec4c3bbffff","res":9,"coarsened":false,"count":10,"hv":10,"mp":0,"y0":null,"y1":null,"sp":[[213,3,3,0,null,null],[175,2,2,0,null,null],[197,2,2,0,null,null],[199,1,1,0,null,null],[158,1,1,0,null,null],[50,1,1,0,null,null]]}},{"type":"Feature","geometry":{"type":"Polygon","coordinates":[[[-155.5326,58.39196],[-155.53468,58.3906],[-155.53351,58.38914],[-155.53025,58.38904],[-155.52816,58.3904],[-155.52934,58.39186],[-155.5326,58.39196]]]},"properties":{"cell":"890cec79e0fffff","res":9,"coarsened":false,"count":18,"hv":18,"mp":0,"y0":null,"y1":null,"sp":[[168,10,10,0,null,null],[69,3,3,0,null,null],[33,2,2,0,null,null],[109,1,1,0,null,null],[19,1,1,0,null,null],[124,1,1,0,null,null]]}},{"type":"Feature","geometry":{"type":"Polygon","coordinates":[[[-155.43953,58.45034],[-155.44162,58.44898],[-155.44045,58.44752],[-155.43719,58.44741],[-155.43509,58.44877],[-155.43627,58.45024],[-155.43953,58.45034]]]},"properties":{"cell":"890cec78407ffff","res":9,"coarsened":false,"count":4,"hv":4,"mp":0,"y0":null,"y1":null,"sp":[[168,3,3,0,null,null],[33,1,1,0,null,null]]}},{"type":"Feature","geometry":{"type":"Polygon","coordinates":[[[-155.27923,58.29273],[-155.28132,58.29138],[-155.28016,58.28992],[-155.27692,58.28981],[-155.27483,58.29116],[-155.27599,58.29262],[-155.27923,58.29273]]]},"properties":{"cell":"890cec61b87ffff","res":9,"coarsened":false,"count":9,"hv":9,"mp":0,"y0":null,"y1":null,"sp":[[47,2,2,0,null,null],[21,2,2,0,null,null],[10,1,1,0,null,null],[79,1,1,0,null,null],[64,1,1,0,null,null],[200,1,1,0,null,null],[44,1,1,0,null,null]]}},{"type":"Feature","geometry":{"type":"Polygon","coordinates":[[[-155.1516,58.26287],[-155.15369,58.26152],[-155.15254,58.26006],[-155.1493,58.25995],[-155.14721,58.2613],[-155.14836,58.26276],[-155.1516,58.26287]]]},"properties":{"cell":"890cec652abffff","res":9,"coarsened":false,"count":3,"hv":3,"mp":0,"y0":null,"y1":null,"sp":[[53,2,2,0,null,null],[93,1,1,0,null,null]]}},{"type":"Feature","geometry":{"type":"Polygon","coordinates":[[[-155.43007,58.66147],[-155.43217,58.66011],[-155.43099,58.65864],[-155.42771,58.65853],[-155.4256,58.6599],[-155.42678,58.66137],[-155.43007,58.66147]]]},"properties":{"cell":"890cec5585bffff","res":9,"coarsened":false,"count":2,"hv":2,"mp":0,"y0":null,"y1":null,"sp":[[145,2,2,0,null,null]]}},{"type":"Feature","geometry":{"type":"Polygon","coordinates":[[[-155.31906,58.35097],[-155.32115,58.34961],[-155.31999,58.34815],[-155.31674,58.34804],[-155.31465,58.3494],[-155.31581,58.35086],[-155.31906,58.35097]]]},"properties":{"cell":"890cec610b7ffff","res":9,"coarsened":false,"count":8,"hv":8,"mp":0,"y0":null,"y1":null,"sp":[[120,2,2,0,null,null],[169,2,2,0,null,null],[37,2,2,0,null,null],[44,1,1,0,null,null],[168,1,1,0,null,null]]}},{"type":"Feature","geometry":{"type":"Polygon","coordinates":[[[-155.47226,58.3801],[-155.47435,58.37874],[-155.47318,58.37728],[-155.46992,58.37717],[-155.46784,58.37853],[-155.46901,58.37999],[-155.47226,58.3801]]]},"properties":{"cell":"890cec799d7ffff","res":9,"coarsened":false,"count":2,"hv":2,"mp":0,"y0":null,"y1":null,"sp":[[65,1,1,0,null,null],[6,1,1,0,null,null]]}},{"type":"Feature","geometry":{"type":"Polygon","coordinates":[[[-155.25978,58.29209],[-155.26187,58.29074],[-155.26071,58.28927],[-155.25747,58.28917],[-155.25538,58.29052],[-155.25654,58.29198],[-155.25978,58.29209]]]},"properties":{"cell":"890cec61973ffff","res":9,"coarsened":false,"count":2,"hv":2,"mp":0,"y0":null,"y1":null,"sp":[[46,1,1,0,null,null],[169,1,1,0,null,null]]}},{"type":"Feature","geometry":{"type":"Polygon","coordinates":[[[-155.35366,58.35067],[-155.35575,58.34931],[-155.35458,58.34785],[-155.35133,58.34775],[-155.34924,58.3491],[-155.35041,58.35056],[-155.35366,58.35067]]]},"properties":{"cell":"890cec61053ffff","res":9,"coarsened":false,"count":1,"hv":1,"mp":0,"y0":null,"y1":null,"sp":[[198,1,1,0,null,null]]}},{"type":"Feature","geometry":{"type":"Polygon","coordinates":[[[-155.38015,58.36007],[-155.38224,58.35871],[-155.38107,58.35725],[-155.37782,58.35715],[-155.37573,58.3585],[-155.37689,58.35996],[-155.38015,58.36007]]]},"properties":{"cell":"890cec61657ffff","res":9,"coarsened":false,"count":2,"hv":2,"mp":0,"y0":null,"y1":null,"sp":[[167,2,2,0,null,null]]}},{"type":"Feature","geometry":{"type":"Polygon","coordinates":[[[-155.50207,58.53225],[-155.50417,58.53089],[-155.50299,58.52942],[-155.49971,58.52932],[-155.49762,58.53068],[-155.49879,58.53215],[-155.50207,58.53225]]]},"properties":{"cell":"890cec45e43ffff","res":9,"coarsened":false,"count":1,"hv":1,"mp":0,"y0":null,"y1":null,"sp":[[139,1,1,0,null,null]]}},{"type":"Feature","geometry":{"type":"Polygon","coordinates":[[[-155.68089,58.50062],[-155.68298,58.49926],[-155.68179,58.4978],[-155.67852,58.4977],[-155.67643,58.49906],[-155.67762,58.50053],[-155.68089,58.50062]]]},"properties":{"cell":"890cec4c06bffff","res":9,"coarsened":false,"count":13,"hv":13,"mp":0,"y0":null,"y1":null,"sp":[[14,4,4,0,null,null],[27,4,4,0,null,null],[17,2,2,0,null,null],[56,1,1,0,null,null],[80,1,1,0,null,null],[50,1,1,0,null,null]]}},{"type":"Feature","geometry":{"type":"Polygon","coordinates":[[[-155.631,58.47057],[-155.63308,58.4692],[-155.6319,58.46774],[-155.62863,58.46764],[-155.62654,58.469],[-155.62773,58.47047],[-155.631,58.47057]]]},"properties":{"cell":"890cec4ce27ffff","res":9,"coarsened":false,"count":3,"hv":3,"mp":0,"y0":null,"y1":null,"sp":[[56,1,1,0,null,null],[197,1,1,0,null,null],[213,1,1,0,null,null]]}},{"type":"Feature","geometry":{"type":"Polygon","coordinates":[[[-155.34989,58.55736],[-155.40224,58.53906],[-155.40053,58.50902],[-155.34657,58.49728],[-155.29427,58.51554],[-155.29587,58.54558],[-155.34989,58.55736]]]},"properties":{"cell":"860cec44fffffff","res":6,"coarsened":true,"count":2,"hv":2,"mp":0,"y0":null,"y1":null,"sp":[[1,2,2,0,null,null]]}},{"type":"Feature","geometry":{"type":"Polygon","coordinates":[[[-155.24247,58.27018],[-155.24456,58.26883],[-155.24341,58.26737],[-155.24017,58.26726],[-155.23808,58.26861],[-155.23923,58.27007],[-155.24247,58.27018]]]},"properties":{"cell":"890cec6e0cbffff","res":9,"coarsened":false,"count":1,"hv":1,"mp":0,"y0":null,"y1":null,"sp":[[93,1,1,0,null,null]]}},{"type":"Feature","geometry":{"type":"Polygon","coordinates":[[[-155.27271,58.31244],[-155.2748,58.31108],[-155.27364,58.30962],[-155.2704,58.30951],[-155.26831,58.31087],[-155.26946,58.31233],[-155.27271,58.31244]]]},"properties":{"cell":"890cec61887ffff","res":9,"coarsened":false,"count":1,"hv":1,"mp":0,"y0":null,"y1":null,"sp":[[201,1,1,0,null,null]]}},{"type":"Feature","geometry":{"type":"Polygon","coordinates":[[[-155.39966,58.3607],[-155.40175,58.35934],[-155.40059,58.35788],[-155.39733,58.35777],[-155.39525,58.35913],[-155.39641,58.36059],[-155.39966,58.3607]]]},"properties":{"cell":"890cec6a593ffff","res":9,"coarsened":false,"count":1,"hv":1,"mp":0,"y0":null,"y1":null,"sp":[[44,1,1,0,null,null]]}},{"type":"Feature","geometry":{"type":"Polygon","coordinates":[[[-155.33,58.51243],[-155.3321,58.51108],[-155.33093,58.50961],[-155.32766,58.5095],[-155.32556,58.51086],[-155.32673,58.51233],[-155.33,58.51243]]]},"properties":{"cell":"890cec4497bffff","res":9,"coarsened":false,"count":1,"hv":1,"mp":0,"y0":null,"y1":null,"sp":[[53,1,1,0,null,null]]}},{"type":"Feature","geometry":{"type":"Polygon","coordinates":[[[-155.17916,58.34205],[-155.18126,58.3407],[-155.1801,58.33924],[-155.17686,58.33913],[-155.17476,58.34048],[-155.17591,58.34194],[-155.17916,58.34205]]]},"properties":{"cell":"890cec60cd3ffff","res":9,"coarsened":false,"count":1,"hv":1,"mp":0,"y0":null,"y1":null,"sp":[[176,1,1,0,null,null]]}},{"type":"Feature","geometry":{"type":"Polygon","coordinates":[[[-155.22966,58.29394],[-155.28158,58.27574],[-155.28,58.24583],[-155.22664,58.23411],[-155.17478,58.25228],[-155.17624,58.28219],[-155.22966,58.29394]]]},"properties":{"cell":"860cec6e7ffffff","res":6,"coarsened":true,"count":1,"hv":1,"mp":0,"y0":null,"y1":null,"sp":[[177,1,1,0,null,null]]}},{"type":"Feature","geometry":{"type":"Polygon","coordinates":[[[-155.50102,58.55079],[-155.50312,58.54942],[-155.50194,58.54796],[-155.49866,58.54785],[-155.49656,58.54922],[-155.49774,58.55068],[-155.50102,58.55079]]]},"properties":{"cell":"890cec4514bffff","res":9,"coarsened":false,"count":7,"hv":7,"mp":0,"y0":null,"y1":null,"sp":[[37,2,2,0,null,null],[119,2,2,0,null,null],[44,1,1,0,null,null],[56,1,1,0,null,null],[93,1,1,0,null,null]]}},{"type":"Feature","geometry":{"type":"Polygon","coordinates":[[[-154.85205,58.02258],[-154.85413,58.02124],[-154.85301,58.01978],[-154.84981,58.01967],[-154.84772,58.02101],[-154.84884,58.02246],[-154.85205,58.02258]]]},"properties":{"cell":"890ce881dafffff","res":9,"coarsened":false,"count":8,"hv":8,"mp":0,"y0":null,"y1":null,"sp":[[34,4,4,0,null,null],[20,1,1,0,null,null],[146,1,1,0,null,null],[102,1,1,0,null,null],[100,1,1,0,null,null]]}},{"type":"Feature","geometry":{"type":"Polygon","coordinates":[[[-154.57067,58.02067],[-154.57277,58.01934],[-154.57166,58.01788],[-154.56846,58.01776],[-154.56637,58.0191],[-154.56747,58.02055],[-154.57067,58.02067]]]},"properties":{"cell":"890ce886147ffff","res":9,"coarsened":false,"count":7,"hv":7,"mp":0,"y0":null,"y1":null,"sp":[[102,1,1,0,null,null],[146,1,1,0,null,null],[34,1,1,0,null,null],[149,1,1,0,null,null],[153,1,1,0,null,null],[155,1,1,0,null,null],[20,1,1,0,null,null]]}},{"type":"Feature","geometry":{"type":"Polygon","coordinates":[[[-154.08227,58.34152],[-154.0844,58.34018],[-154.08332,58.33872],[-154.08009,58.33858],[-154.07796,58.33991],[-154.07904,58.34138],[-154.08227,58.34152]]]},"properties":{"cell":"890cedc9ea7ffff","res":9,"coarsened":false,"count":4,"hv":4,"mp":0,"y0":null,"y1":null,"sp":[[146,1,1,0,null,null],[34,1,1,0,null,null],[102,1,1,0,null,null],[20,1,1,0,null,null]]}},{"type":"Feature","geometry":{"type":"Polygon","coordinates":[[[-154.14289,58.19208],[-154.14501,58.19075],[-154.14393,58.18929],[-154.14072,58.18915],[-154.13859,58.19048],[-154.13968,58.19195],[-154.14289,58.19208]]]},"properties":{"cell":"890ced5184bffff","res":9,"coarsened":false,"count":7,"hv":7,"mp":0,"y0":null,"y1":null,"sp":[[34,3,3,0,null,null],[100,1,1,0,null,null],[146,1,1,0,null,null],[102,1,1,0,null,null],[20,1,1,0,null,null]]}},{"type":"Feature","geometry":{"type":"Polygon","coordinates":[[[-155.24405,58.68109],[-155.24616,58.67973],[-155.24499,58.67826],[-155.24171,58.67815],[-155.23959,58.6795],[-155.24076,58.68098],[-155.24405,58.68109]]]},"properties":{"cell":"890cec0b64fffff","res":9,"coarsened":false,"count":10,"hv":10,"mp":0,"y0":null,"y1":null,"sp":[[14,2,2,0,null,null],[109,1,1,0,null,null],[77,1,1,0,null,null],[78,1,1,0,null,null],[56,1,1,0,null,null],[21,1,1,0,null,null],[67,1,1,0,null,null],[12,1,1,0,null,null],[23,1,1,0,null,null]]}},{"type":"Feature","geometry":{"type":"Polygon","coordinates":[[[-155.13703,58.5702],[-155.1895,58.552],[-155.18801,58.52197],[-155.13417,58.51014],[-155.08176,58.5283],[-155.08313,58.55834],[-155.13703,58.5702]]]},"properties":{"cell":"860cec727ffffff","res":6,"coarsened":true,"count":1,"hv":1,"mp":0,"y0":null,"y1":null,"sp":[[1,1,1,0,null,null]]}},{"type":"Feature","geometry":{"type":"Polygon","coordinates":[[[-153.39991,58.97044],[-153.40213,58.96912],[-153.40105,58.96763],[-153.39777,58.96747],[-153.39556,58.9688],[-153.39663,58.97028],[-153.39991,58.97044]]]},"properties":{"cell":"890c5373693ffff","res":9,"coarsened":false,"count":2,"hv":2,"mp":0,"y0":null,"y1":null,"sp":[[34,1,1,0,null,null],[100,1,1,0,null,null]]}},{"type":"Feature","geometry":{"type":"Polygon","coordinates":[[[-153.73253,58.57255],[-153.7347,58.57122],[-153.73362,58.56975],[-153.73037,58.5696],[-153.72821,58.57093],[-153.72928,58.5724],[-153.73253,58.57255]]]},"properties":{"cell":"890cedd0283ffff","res":9,"coarsened":false,"count":10,"hv":10,"mp":0,"y0":null,"y1":null,"sp":[[34,3,3,0,null,null],[159,1,1,0,null,null],[20,1,1,0,null,null],[146,1,1,0,null,null],[155,1,1,0,null,null],[149,1,1,0,null,null],[102,1,1,0,null,null],[100,1,1,0,null,null]]}},{"type":"Feature","geometry":{"type":"Polygon","coordinates":[[[-153.30328,58.75221],[-153.30548,58.75089],[-153.30442,58.74941],[-153.30116,58.74925],[-153.29896,58.75057],[-153.30002,58.75205],[-153.30328,58.75221]]]},"properties":{"cell":"890c5362b4bffff","res":9,"coarsened":false,"count":6,"hv":6,"mp":0,"y0":null,"y1":null,"sp":[[34,3,3,0,null,null],[102,1,1,0,null,null],[146,1,1,0,null,null],[20,1,1,0,null,null]]}},{"type":"Feature","geometry":{"type":"Polygon","coordinates":[[[-153.6818,58.55026],[-153.68397,58.54893],[-153.6829,58.54745],[-153.67966,58.54731],[-153.67749,58.54863],[-153.67856,58.55011],[-153.6818,58.55026]]]},"properties":{"cell":"890cedd0ed7ffff","res":9,"coarsened":false,"count":3,"hv":3,"mp":0,"y0":null,"y1":null,"sp":[[20,1,1,0,null,null],[149,1,1,0,null,null],[155,1,1,0,null,null]]}},{"type":"Feature","geometry":{"type":"Polygon","coordinates":[[[-154.20894,58.25161],[-154.21107,58.25027],[-154.20997,58.24881],[-154.20676,58.24867],[-154.20463,58.25001],[-154.20572,58.25147],[-154.20894,58.25161]]]},"properties":{"cell":"890ced516c7ffff","res":9,"coarsened":false,"count":1,"hv":1,"mp":0,"y0":null,"y1":null,"sp":[[146,1,1,0,null,null]]}},{"type":"Feature","geometry":{"type":"Polygon","coordinates":[[[-154.4309,58.1527],[-154.43301,58.15137],[-154.43191,58.1499],[-154.4287,58.14978],[-154.42659,58.15111],[-154.42769,58.15257],[-154.4309,58.1527]]]},"properties":{"cell":"890ced59337ffff","res":9,"coarsened":false,"count":1,"hv":1,"mp":0,"y0":null,"y1":null,"sp":[[146,1,1,0,null,null]]}},{"type":"Feature","geometry":{"type":"Polygon","coordinates":[[[-155.55709,58.45403],[-155.60916,58.43566],[-155.60722,58.40566],[-155.55333,58.39403],[-155.50131,58.41236],[-155.50313,58.44237],[-155.55709,58.45403]]]},"properties":{"cell":"860cec797ffffff","res":6,"coarsened":true,"count":2,"hv":2,"mp":0,"y0":null,"y1":null,"sp":[[1,1,1,0,null,null],[177,1,1,0,null,null]]}},{"type":"Feature","geometry":{"type":"Polygon","coordinates":[[[-154.26994,58.31237],[-154.27207,58.31104],[-154.27097,58.30957],[-154.26775,58.30944],[-154.26562,58.31077],[-154.26672,58.31224],[-154.26994,58.31237]]]},"properties":{"cell":"890cec24027ffff","res":9,"coarsened":false,"count":3,"hv":3,"mp":0,"y0":null,"y1":null,"sp":[[34,1,1,0,null,null],[20,1,1,0,null,null],[149,1,1,0,null,null]]}},{"type":"Feature","geometry":{"type":"Polygon","coordinates":[[[-155.86205,58.25362],[-155.91362,58.23515],[-155.91137,58.20522],[-155.85766,58.19377],[-155.80614,58.21221],[-155.80828,58.24214],[-155.86205,58.25362]]]},"properties":{"cell":"860ceea57ffffff","res":6,"coarsened":true,"count":4,"hv":4,"mp":0,"y0":null,"y1":null,"sp":[[177,4,4,0,null,null]]}},{"type":"Feature","geometry":{"type":"Polygon","coordinates":[[[-155.31373,58.87692],[-155.36671,58.85859],[-155.36501,58.8284],[-155.31045,58.81655],[-155.25752,58.83485],[-155.2591,58.86503],[-155.31373,58.87692]]]},"properties":{"cell":"860ceccc7ffffff","res":6,"coarsened":true,"count":2,"hv":2,"mp":0,"y0":null,"y1":null,"sp":[[177,2,2,0,null,null]]}},{"type":"Feature","geometry":{"type":"Polygon","coordinates":[[[-153.96973,58.39216],[-153.97187,58.39083],[-153.97079,58.38936],[-153.96756,58.38922],[-153.96541,58.39055],[-153.9665,58.39202],[-153.96973,58.39216]]]},"properties":{"cell":"890cedc8587ffff","res":9,"coarsened":false,"count":7,"hv":7,"mp":0,"y0":null,"y1":null,"sp":[[20,1,1,0,null,null],[155,1,1,0,null,null],[34,1,1,0,null,null],[159,1,1,0,null,null],[146,1,1,0,null,null],[100,1,1,0,null,null],[102,1,1,0,null,null]]}},{"type":"Feature","geometry":{"type":"Polygon","coordinates":[[[-153.52883,59.01256],[-153.53104,59.01123],[-153.52996,59.00974],[-153.52667,59.00958],[-153.52445,59.01091],[-153.52554,59.0124],[-153.52883,59.01256]]]},"properties":{"cell":"890c534448bffff","res":9,"coarsened":false,"count":1,"hv":1,"mp":0,"y0":null,"y1":null,"sp":[[140,1,1,0,null,null]]}},{"type":"Feature","geometry":{"type":"Polygon","coordinates":[[[-156.12181,58.19098],[-156.17316,58.1724],[-156.17063,58.14249],[-156.11687,58.13116],[-156.06558,58.1497],[-156.068,58.17961],[-156.12181,58.19098]]]},"properties":{"cell":"860ceead7ffffff","res":6,"coarsened":true,"count":2,"hv":2,"mp":0,"y0":null,"y1":null,"sp":[[177,2,2,0,null,null]]}},{"type":"Feature","geometry":{"type":"Polygon","coordinates":[[[-155.2308,58.23141],[-155.23289,58.23006],[-155.23174,58.2286],[-155.2285,58.22849],[-155.22642,58.22984],[-155.22757,58.2313],[-155.2308,58.23141]]]},"properties":{"cell":"890cec6c587ffff","res":9,"coarsened":false,"count":1,"hv":1,"mp":0,"y0":null,"y1":null,"sp":[[93,1,1,0,null,null]]}},{"type":"Feature","geometry":{"type":"Polygon","coordinates":[[[-153.76278,59.07095],[-153.76498,59.06961],[-153.76388,59.06813],[-153.76058,59.06797],[-153.75837,59.06931],[-153.75947,59.0708],[-153.76278,59.07095]]]},"properties":{"cell":"890c53400cfffff","res":9,"coarsened":false,"count":1,"hv":1,"mp":0,"y0":null,"y1":null,"sp":[[140,1,1,0,null,null]]}},{"type":"Feature","geometry":{"type":"Polygon","coordinates":[[[-156.22912,59.01082],[-156.23122,59.00943],[-156.22998,59.00796],[-156.22663,59.00787],[-156.22453,59.00925],[-156.22577,59.01073],[-156.22912,59.01082]]]},"properties":{"cell":"890ce1381cbffff","res":9,"coarsened":false,"count":1,"hv":1,"mp":0,"y0":null,"y1":null,"sp":[[22,1,1,0,null,null]]}},{"type":"Feature","geometry":{"type":"Polygon","coordinates":[[[-156.19892,58.4109],[-156.20097,58.40953],[-156.19976,58.40807],[-156.19649,58.40798],[-156.19443,58.40936],[-156.19564,58.41082],[-156.19892,58.4109]]]},"properties":{"cell":"890ceeb84dbffff","res":9,"coarsened":false,"count":1,"hv":1,"mp":0,"y0":null,"y1":null,"sp":[[22,1,1,0,null,null]]}},{"type":"Feature","geometry":{"type":"Polygon","coordinates":[[[-156.16917,59.14178],[-156.17128,59.1404],[-156.17004,59.13892],[-156.16668,59.13883],[-156.16456,59.14022],[-156.1658,59.14169],[-156.16917,59.14178]]]},"properties":{"cell":"890ce10413bffff","res":9,"coarsened":false,"count":1,"hv":1,"mp":0,"y0":null,"y1":null,"sp":[[22,1,1,0,null,null]]}},{"type":"Feature","geometry":{"type":"Polygon","coordinates":[[[-156.45073,58.48142],[-156.45279,58.48004],[-156.45155,58.47858],[-156.44827,58.4785],[-156.44621,58.47988],[-156.44745,58.48134],[-156.45073,58.48142]]]},"properties":{"cell":"890cee8f16bffff","res":9,"coarsened":false,"count":1,"hv":1,"mp":0,"y0":null,"y1":null,"sp":[[22,1,1,0,null,null]]}},{"type":"Feature","geometry":{"type":"Polygon","coordinates":[[[-155.62188,58.73196],[-155.62398,58.7306],[-155.62279,58.72913],[-155.61949,58.72902],[-155.61738,58.73039],[-155.61858,58.73186],[-155.62188,58.73196]]]},"properties":{"cell":"890cec51823ffff","res":9,"coarsened":false,"count":1,"hv":1,"mp":0,"y0":null,"y1":null,"sp":[[22,1,1,0,null,null]]}},{"type":"Feature","geometry":{"type":"Polygon","coordinates":[[[-154.20357,59.12068],[-154.20576,59.11934],[-154.20464,59.11785],[-154.20132,59.11771],[-154.19912,59.11905],[-154.20025,59.12054],[-154.20357,59.12068]]]},"properties":{"cell":"890cec963cfffff","res":9,"coarsened":false,"count":4,"hv":4,"mp":0,"y0":null,"y1":null,"sp":[[146,1,1,0,null,null],[100,1,1,0,null,null],[34,1,1,0,null,null],[153,1,1,0,null,null]]}},{"type":"Feature","geometry":{"type":"Polygon","coordinates":[[[-154.07798,59.17142],[-154.08018,59.17008],[-154.07906,59.16859],[-154.07573,59.16844],[-154.07353,59.16978],[-154.07465,59.17127],[-154.07798,59.17142]]]},"properties":{"cell":"890c53594d3ffff","res":9,"coarsened":false,"count":5,"hv":5,"mp":0,"y0":null,"y1":null,"sp":[[100,1,1,0,null,null],[146,1,1,0,null,null],[34,1,1,0,null,null],[153,1,1,0,null,null],[102,1,1,0,null,null]]}},{"type":"Feature","geometry":{"type":"Polygon","coordinates":[[[-154.1527,59.12139],[-154.1549,59.12004],[-154.15377,59.11855],[-154.15045,59.11841],[-154.14826,59.11975],[-154.14938,59.12124],[-154.1527,59.12139]]]},"properties":{"cell":"890cec9613bffff","res":9,"coarsened":false,"count":1,"hv":1,"mp":0,"y0":null,"y1":null,"sp":[[147,1,1,0,null,null]]}},{"type":"Feature","geometry":{"type":"Polygon","coordinates":[[[-155.11259,58.9806],[-155.11474,58.97924],[-155.11356,58.97776],[-155.11024,58.97764],[-155.1081,58.979],[-155.10927,58.98048],[-155.11259,58.9806]]]},"properties":{"cell":"890cecc29afffff","res":9,"coarsened":false,"count":1,"hv":1,"mp":0,"y0":null,"y1":null,"sp":[[22,1,1,0,null,null]]}},{"type":"Feature","geometry":{"type":"Polygon","coordinates":[[[-154.1501,59.18175],[-154.1523,59.1804],[-154.15118,59.17891],[-154.14785,59.17877],[-154.14565,59.18012],[-154.14678,59.18161],[-154.1501,59.18175]]]},"properties":{"cell":"890c522c84fffff","res":9,"coarsened":false,"count":1,"hv":1,"mp":0,"y0":null,"y1":null,"sp":[[34,1,1,0,null,null]]}},{"type":"Feature","geometry":{"type":"Polygon","coordinates":[[[-156.25071,59.1411],[-156.25282,59.13971],[-156.25157,59.13823],[-156.24821,59.13814],[-156.2461,59.13953],[-156.24735,59.14101],[-156.25071,59.1411]]]},"properties":{"cell":"890ce104263ffff","res":9,"coarsened":false,"count":1,"hv":1,"mp":0,"y0":null,"y1":null,"sp":[[22,1,1,0,null,null]]}},{"type":"Feature","geometry":{"type":"Polygon","coordinates":[[[-156.49934,58.88245],[-156.50142,58.88107],[-156.50017,58.8796],[-156.49684,58.87952],[-156.49475,58.88091],[-156.49601,58.88237],[-156.49934,58.88245]]]},"properties":{"cell":"890ce166403ffff","res":9,"coarsened":false,"count":4,"hv":4,"mp":0,"y0":null,"y1":null,"sp":[[22,3,3,0,null,null],[75,1,1,0,null,null]]}},{"type":"Feature","geometry":{"type":"Polygon","coordinates":[[[-154.0605,59.07135],[-154.06269,59.07001],[-154.06158,59.06852],[-154.05826,59.06838],[-154.05607,59.06972],[-154.05719,59.07121],[-154.0605,59.07135]]]},"properties":{"cell":"890c534b4abffff","res":9,"coarsened":false,"count":3,"hv":3,"mp":0,"y0":null,"y1":null,"sp":[[153,1,1,0,null,null],[34,1,1,0,null,null],[146,1,1,0,null,null]]}},{"type":"Feature","geometry":{"type":"Polygon","coordinates":[[[-156.36187,58.75125],[-156.36395,58.74987],[-156.36271,58.74841],[-156.3594,58.74832],[-156.35732,58.74971],[-156.35856,58.75117],[-156.36187,58.75125]]]},"properties":{"cell":"890cee90613ffff","res":9,"coarsened":false,"count":1,"hv":1,"mp":0,"y0":null,"y1":null,"sp":[[22,1,1,0,null,null]]}},{"type":"Feature","geometry":{"type":"Polygon","coordinates":[[[-155.13252,58.9813],[-155.13467,58.97994],[-155.13349,58.97846],[-155.13017,58.97834],[-155.12803,58.97971],[-155.1292,58.98118],[-155.13252,58.9813]]]},"properties":{"cell":"890cecc290bffff","res":9,"coarsened":false,"count":1,"hv":1,"mp":0,"y0":null,"y1":null,"sp":[[22,1,1,0,null,null]]}},{"type":"Feature","geometry":{"type":"Polygon","coordinates":[[[-154.23278,59.15072],[-154.23498,59.14937],[-154.23385,59.14788],[-154.23052,59.14774],[-154.22833,59.14909],[-154.22946,59.15058],[-154.23278,59.15072]]]},"properties":{"cell":"890cec96653ffff","res":9,"coarsened":false,"count":1,"hv":1,"mp":0,"y0":null,"y1":null,"sp":[[34,1,1,0,null,null]]}},{"type":"Feature","geometry":{"type":"Polygon","coordinates":[[[-154.1727,59.04169],[-154.17489,59.04035],[-154.17376,59.03886],[-154.17045,59.03872],[-154.16827,59.04006],[-154.16939,59.04155],[-154.1727,59.04169]]]},"properties":{"cell":"890cec94837ffff","res":9,"coarsened":false,"count":2,"hv":2,"mp":0,"y0":null,"y1":null,"sp":[[146,1,1,0,null,null],[34,1,1,0,null,null]]}},{"type":"Feature","geometry":{"type":"Polygon","coordinates":[[[-154.14258,59.2016],[-154.14478,59.20025],[-154.14365,59.19876],[-154.14032,59.19862],[-154.13812,59.19996],[-154.13925,59.20145],[-154.14258,59.2016]]]},"properties":{"cell":"890c522cc4fffff","res":9,"coarsened":false,"count":3,"hv":3,"mp":0,"y0":null,"y1":null,"sp":[[153,1,1,0,null,null],[102,1,1,0,null,null],[34,1,1,0,null,null]]}},{"type":"Feature","geometry":{"type":"Polygon","coordinates":[[[-154.17262,59.12224],[-154.17482,59.12089],[-154.17369,59.11941],[-154.17037,59.11927],[-154.16818,59.12061],[-154.1693,59.1221],[-154.17262,59.12224]]]},"properties":{"cell":"890cec9614fffff","res":9,"coarsened":false,"count":2,"hv":2,"mp":0,"y0":null,"y1":null,"sp":[[34,1,1,0,null,null],[153,1,1,0,null,null]]}},{"type":"Feature","geometry":{"type":"Polygon","coordinates":[[[-154.17015,59.10199],[-154.17234,59.10064],[-154.17122,59.09916],[-154.1679,59.09901],[-154.16571,59.10036],[-154.16683,59.10185],[-154.17015,59.10199]]]},"properties":{"cell":"890cec96e73ffff","res":9,"coarsened":false,"count":3,"hv":3,"mp":0,"y0":null,"y1":null,"sp":[[153,1,1,0,null,null],[102,1,1,0,null,null],[34,1,1,0,null,null]]}},{"type":"Feature","geometry":{"type":"Polygon","coordinates":[[[-155.30013,58.99283],[-155.30227,58.99146],[-155.30108,58.98998],[-155.29776,58.98987],[-155.29562,58.99124],[-155.2968,58.99272],[-155.30013,58.99283]]]},"properties":{"cell":"890cecc0677ffff","res":9,"coarsened":false,"count":2,"hv":2,"mp":0,"y0":null,"y1":null,"sp":[[22,2,2,0,null,null]]}},{"type":"Feature","geometry":{"type":"Polygon","coordinates":[[[-156.45119,58.36009],[-156.45323,58.35871],[-156.45201,58.35726],[-156.44874,58.35718],[-156.44669,58.35856],[-156.44792,58.36001],[-156.45119,58.36009]]]},"properties":{"cell":"890cee16257ffff","res":9,"coarsened":false,"count":1,"hv":1,"mp":0,"y0":null,"y1":null,"sp":[[75,1,1,0,null,null]]}},{"type":"Feature","geometry":{"type":"Polygon","coordinates":[[[-156.29234,58.26219],[-156.29438,58.26081],[-156.29317,58.25936],[-156.28991,58.25928],[-156.28787,58.26065],[-156.28908,58.26211],[-156.29234,58.26219]]]},"properties":{"cell":"890ceeab33bffff","res":9,"coarsened":false,"count":1,"hv":1,"mp":0,"y0":null,"y1":null,"sp":[[75,1,1,0,null,null]]}},{"type":"Feature","geometry":{"type":"Polygon","coordinates":[[[-156.461,58.36033],[-156.46305,58.35895],[-156.46182,58.35749],[-156.45855,58.35741],[-156.45651,58.35879],[-156.45773,58.36025],[-156.461,58.36033]]]},"properties":{"cell":"890cee1625bffff","res":9,"coarsened":false,"count":3,"hv":3,"mp":0,"y0":null,"y1":null,"sp":[[75,3,3,0,null,null]]}},{"type":"Feature","geometry":{"type":"Polygon","coordinates":[[[-156.41249,58.27223],[-156.41453,58.27086],[-156.41331,58.2694],[-156.41005,58.26933],[-156.40801,58.2707],[-156.40923,58.27215],[-156.41249,58.27223]]]},"properties":{"cell":"890cee14ab7ffff","res":9,"coarsened":false,"count":1,"hv":1,"mp":0,"y0":null,"y1":null,"sp":[[75,1,1,0,null,null]]}},{"type":"Feature","geometry":{"type":"Polygon","coordinates":[[[-156.39087,59.25161],[-156.39298,59.25022],[-156.39172,59.24874],[-156.38834,59.24866],[-156.38622,59.25005],[-156.38749,59.25153],[-156.39087,59.25161]]]},"properties":{"cell":"890ce10059bffff","res":9,"coarsened":false,"count":2,"hv":2,"mp":0,"y0":null,"y1":null,"sp":[[75,2,2,0,null,null]]}},{"type":"Feature","geometry":{"type":"Polygon","coordinates":[[[-156.34855,59.17108],[-156.35066,59.1697],[-156.3494,59.16822],[-156.34604,59.16813],[-156.34392,59.16952],[-156.34518,59.171],[-156.34855,59.17108]]]},"properties":{"cell":"890ce10096fffff","res":9,"coarsened":false,"count":1,"hv":1,"mp":0,"y0":null,"y1":null,"sp":[[75,1,1,0,null,null]]}},{"type":"Feature","geometry":{"type":"Polygon","coordinates":[[[-156.12053,59.20105],[-156.12265,59.19967],[-156.1214,59.19819],[-156.11804,59.1981],[-156.11592,59.19948],[-156.11716,59.20096],[-156.12053,59.20105]]]},"properties":{"cell":"890ce10618bffff","res":9,"coarsened":false,"count":2,"hv":2,"mp":0,"y0":null,"y1":null,"sp":[[75,2,2,0,null,null]]}},{"type":"Feature","geometry":{"type":"Polygon","coordinates":[[[-156.08867,59.22182],[-156.09079,59.22044],[-156.08955,59.21896],[-156.08618,59.21886],[-156.08405,59.22025],[-156.0853,59.22173],[-156.08867,59.22182]]]},"properties":{"cell":"890ce1a9647ffff","res":9,"coarsened":false,"count":1,"hv":1,"mp":0,"y0":null,"y1":null,"sp":[[75,1,1,0,null,null]]}},{"type":"Feature","geometry":{"type":"Polygon","coordinates":[[[-156.08277,59.19134],[-156.08489,59.18996],[-156.08365,59.18848],[-156.08029,59.18838],[-156.07816,59.18977],[-156.07941,59.19124],[-156.08277,59.19134]]]},"properties":{"cell":"890ce106c83ffff","res":9,"coarsened":false,"count":3,"hv":3,"mp":0,"y0":null,"y1":null,"sp":[[75,3,3,0,null,null]]}},{"type":"Feature","geometry":{"type":"Polygon","coordinates":[[[-156.00113,59.19191],[-156.00326,59.19053],[-156.00202,59.18905],[-155.99866,59.18895],[-155.99653,59.19034],[-155.99777,59.19182],[-156.00113,59.19191]]]},"properties":{"cell":"890ce1a9c5bffff","res":9,"coarsened":false,"count":1,"hv":1,"mp":0,"y0":null,"y1":null,"sp":[[75,1,1,0,null,null]]}},{"type":"Feature","geometry":{"type":"Polygon","coordinates":[[[-155.70188,58.84197],[-155.704,58.8406],[-155.70279,58.83912],[-155.69948,58.83902],[-155.69736,58.84039],[-155.69857,58.84187],[-155.70188,58.84197]]]},"properties":{"cell":"890ce126b67ffff","res":9,"coarsened":false,"count":1,"hv":1,"mp":0,"y0":null,"y1":null,"sp":[[75,1,1,0,null,null]]}},{"type":"Feature","geometry":{"type":"Polygon","coordinates":[[[-155.59307,57.8813],[-155.59511,57.87995],[-155.59395,57.8785],[-155.59075,57.87841],[-155.58871,57.87976],[-155.58986,57.88121],[-155.59307,57.8813]]]},"properties":{"cell":"890ce8cc567ffff","res":9,"coarsened":false,"count":1,"hv":1,"mp":0,"y0":null,"y1":null,"sp":[[75,1,1,0,null,null]]}},{"type":"Feature","geometry":{"type":"Polygon","coordinates":[[[-156.15895,59.19201],[-156.16107,59.19062],[-156.15982,59.18914],[-156.15645,59.18905],[-156.15433,59.19044],[-156.15558,59.19192],[-156.15895,59.19201]]]},"properties":{"cell":"890ce10638bffff","res":9,"coarsened":false,"count":2,"hv":2,"mp":0,"y0":null,"y1":null,"sp":[[75,2,2,0,null,null]]}},{"type":"Feature","geometry":{"type":"Polygon","coordinates":[[[-156.10099,59.18175],[-156.10312,59.18036],[-156.10187,59.17888],[-156.09851,59.17879],[-156.09639,59.18017],[-156.09763,59.18165],[-156.10099,59.18175]]]},"properties":{"cell":"890ce106c47ffff","res":9,"coarsened":false,"count":1,"hv":1,"mp":0,"y0":null,"y1":null,"sp":[[75,1,1,0,null,null]]}},{"type":"Feature","geometry":{"type":"Polygon","coordinates":[[[-156.09157,59.16272],[-156.0937,59.16134],[-156.09245,59.15986],[-156.08909,59.15977],[-156.08697,59.16115],[-156.08821,59.16263],[-156.09157,59.16272]]]},"properties":{"cell":"890ce106807ffff","res":9,"coarsened":false,"count":2,"hv":2,"mp":0,"y0":null,"y1":null,"sp":[[75,2,2,0,null,null]]}},{"type":"Feature","geometry":{"type":"Polygon","coordinates":[[[-155.77422,58.14167],[-155.77627,58.14031],[-155.77509,58.13886],[-155.77186,58.13876],[-155.7698,58.14013],[-155.77098,58.14158],[-155.77422,58.14167]]]},"properties":{"cell":"890ce8da297ffff","res":9,"coarsened":false,"count":1,"hv":1,"mp":0,"y0":null,"y1":null,"sp":[[75,1,1,0,null,null]]}},{"type":"Feature","geometry":{"type":"Polygon","coordinates":[[[-156.31004,58.3025],[-156.31208,58.30113],[-156.31087,58.29967],[-156.30761,58.29959],[-156.30556,58.30097],[-156.30678,58.30242],[-156.31004,58.3025]]]},"properties":{"cell":"890ceeab687ffff","res":9,"coarsened":false,"count":2,"hv":2,"mp":0,"y0":null,"y1":null,"sp":[[75,2,2,0,null,null]]}},{"type":"Feature","geometry":{"type":"Polygon","coordinates":[[[-156.17042,59.2212],[-156.17254,59.21981],[-156.1713,59.21833],[-156.16793,59.21824],[-156.1658,59.21963],[-156.16705,59.22111],[-156.17042,59.2212]]]},"properties":{"cell":"890ce1066b3ffff","res":9,"coarsened":false,"count":2,"hv":2,"mp":0,"y0":null,"y1":null,"sp":[[75,2,2,0,null,null]]}},{"type":"Feature","geometry":{"type":"Polygon","coordinates":[[[-156.12028,59.05251],[-156.12239,59.05113],[-156.12115,59.04966],[-156.1178,59.04957],[-156.11569,59.05095],[-156.11693,59.05242],[-156.12028,59.05251]]]},"properties":{"cell":"890ce13ac97ffff","res":9,"coarsened":false,"count":1,"hv":1,"mp":0,"y0":null,"y1":null,"sp":[[75,1,1,0,null,null]]}},{"type":"Feature","geometry":{"type":"Polygon","coordinates":[[[-156.07336,59.17231],[-156.07548,59.17093],[-156.07424,59.16945],[-156.07088,59.16936],[-156.06876,59.17074],[-156.07,59.17222],[-156.07336,59.17231]]]},"properties":{"cell":"890ce106d43ffff","res":9,"coarsened":false,"count":2,"hv":2,"mp":0,"y0":null,"y1":null,"sp":[[75,2,2,0,null,null]]}},{"type":"Feature","geometry":{"type":"Polygon","coordinates":[[[-156.30953,58.32101],[-156.31158,58.31964],[-156.31036,58.31818],[-156.3071,58.3181],[-156.30505,58.31948],[-156.30626,58.32093],[-156.30953,58.32101]]]},"properties":{"cell":"890cee1698fffff","res":9,"coarsened":false,"count":1,"hv":1,"mp":0,"y0":null,"y1":null,"sp":[[75,1,1,0,null,null]]}},{"type":"Feature","geometry":{"type":"Polygon","coordinates":[[[-156.17189,58.45159],[-156.17395,58.45022],[-156.17274,58.44876],[-156.16946,58.44867],[-156.1674,58.45004],[-156.16861,58.4515],[-156.17189,58.45159]]]},"properties":{"cell":"890ceeba69bffff","res":9,"coarsened":false,"count":1,"hv":1,"mp":0,"y0":null,"y1":null,"sp":[[75,1,1,0,null,null]]}},{"type":"Feature","geometry":{"type":"Polygon","coordinates":[[[-156.13344,59.14225],[-156.13556,59.14086],[-156.13432,59.13939],[-156.13096,59.13929],[-156.12884,59.14068],[-156.13008,59.14215],[-156.13344,59.14225]]]},"properties":{"cell":"890ce104c83ffff","res":9,"coarsened":false,"count":1,"hv":1,"mp":0,"y0":null,"y1":null,"sp":[[75,1,1,0,null,null]]}},{"type":"Feature","geometry":{"type":"Polygon","coordinates":[[[-156.06063,59.18061],[-156.06275,59.17923],[-156.06151,59.17775],[-156.05814,59.17766],[-156.05602,59.17904],[-156.05726,59.18052],[-156.06063,59.18061]]]},"properties":{"cell":"890ce106dd7ffff","res":9,"coarsened":false,"count":1,"hv":1,"mp":0,"y0":null,"y1":null,"sp":[[75,1,1,0,null,null]]}},{"type":"Feature","geometry":{"type":"Polygon","coordinates":[[[-155.67121,58.81233],[-155.67332,58.81096],[-155.67212,58.80949],[-155.66881,58.80939],[-155.6667,58.81076],[-155.6679,58.81223],[-155.67121,58.81233]]]},"properties":{"cell":"890cec5322bffff","res":9,"coarsened":false,"count":3,"hv":3,"mp":0,"y0":null,"y1":null,"sp":[[75,1,1,0,null,null],[6,1,1,0,null,null],[82,1,1,0,null,null]]}},{"type":"Feature","geometry":{"type":"Polygon","coordinates":[[[-156.02998,59.23027],[-156.03211,59.22889],[-156.03087,59.22741],[-156.0275,59.22731],[-156.02537,59.2287],[-156.02661,59.23018],[-156.02998,59.23027]]]},"properties":{"cell":"890ce1a9433ffff","res":9,"coarsened":false,"count":3,"hv":3,"mp":0,"y0":null,"y1":null,"sp":[[75,3,3,0,null,null]]}},{"type":"Feature","geometry":{"type":"Polygon","coordinates":[[[-155.5492,57.91252],[-155.55125,57.91117],[-155.5501,57.90972],[-155.54689,57.90962],[-155.54484,57.91098],[-155.546,57.91243],[-155.5492,57.91252]]]},"properties":{"cell":"890ce8ce177ffff","res":9,"coarsened":false,"count":1,"hv":1,"mp":0,"y0":null,"y1":null,"sp":[[75,1,1,0,null,null]]}},{"type":"Feature","geometry":{"type":"Polygon","coordinates":[[[-155.81049,58.18249],[-155.81255,58.18113],[-155.81137,58.17967],[-155.80813,58.17958],[-155.80607,58.18094],[-155.80725,58.1824],[-155.81049,58.18249]]]},"properties":{"cell":"890ceea580bffff","res":9,"coarsened":false,"count":1,"hv":1,"mp":0,"y0":null,"y1":null,"sp":[[75,1,1,0,null,null]]}},{"type":"Feature","geometry":{"type":"Polygon","coordinates":[[[-155.63054,57.9008],[-155.63258,57.89944],[-155.63142,57.898],[-155.62822,57.8979],[-155.62618,57.89926],[-155.62734,57.9007],[-155.63054,57.9008]]]},"properties":{"cell":"890ce8cc457ffff","res":9,"coarsened":false,"count":2,"hv":2,"mp":0,"y0":null,"y1":null,"sp":[[75,2,2,0,null,null]]}},{"type":"Feature","geometry":{"type":"Polygon","coordinates":[[[-156.09023,59.20021],[-156.09235,59.19882],[-156.09111,59.19735],[-156.08774,59.19725],[-156.08562,59.19864],[-156.08686,59.20011],[-156.09023,59.20021]]]},"properties":{"cell":"890ce1a9273ffff","res":9,"coarsened":false,"count":1,"hv":1,"mp":0,"y0":null,"y1":null,"sp":[[75,1,1,0,null,null]]}},{"type":"Feature","geometry":{"type":"Polygon","coordinates":[[[-156.06914,59.2025],[-156.07127,59.20112],[-156.07003,59.19964],[-156.06666,59.19955],[-156.06454,59.20093],[-156.06578,59.20241],[-156.06914,59.2025]]]},"properties":{"cell":"890ce1a92afffff","res":9,"coarsened":false,"count":1,"hv":1,"mp":0,"y0":null,"y1":null,"sp":[[75,1,1,0,null,null]]}},{"type":"Feature","geometry":{"type":"Polygon","coordinates":[[[-156.0603,59.23113],[-156.06243,59.22975],[-156.06119,59.22827],[-156.05782,59.22817],[-156.05569,59.22956],[-156.05693,59.23104],[-156.0603,59.23113]]]},"properties":{"cell":"890ce1a944bffff","res":9,"coarsened":false,"count":2,"hv":2,"mp":0,"y0":null,"y1":null,"sp":[[75,2,2,0,null,null]]}},{"type":"Feature","geometry":{"type":"Polygon","coordinates":[[[-155.9992,59.18175],[-156.00133,59.18037],[-156.00009,59.17889],[-155.99673,59.1788],[-155.9946,59.18018],[-155.99584,59.18166],[-155.9992,59.18175]]]},"properties":{"cell":"890ce1a9ea7ffff","res":9,"coarsened":false,"count":1,"hv":1,"mp":0,"y0":null,"y1":null,"sp":[[75,1,1,0,null,null]]}},{"type":"Feature","geometry":{"type":"Polygon","coordinates":[[[-155.66118,57.88048],[-155.66322,57.87913],[-155.66206,57.87768],[-155.65886,57.87758],[-155.65682,57.87894],[-155.65798,57.88039],[-155.66118,57.88048]]]},"properties":{"cell":"890ce8cc29bffff","res":9,"coarsened":false,"count":1,"hv":1,"mp":0,"y0":null,"y1":null,"sp":[[75,1,1,0,null,null]]}},{"type":"Feature","geometry":{"type":"Polygon","coordinates":[[[-156.37362,58.32116],[-156.37566,58.31979],[-156.37444,58.31833],[-156.37118,58.31825],[-156.36913,58.31963],[-156.37035,58.32108],[-156.37362,58.32116]]]},"properties":{"cell":"890cee16abbffff","res":9,"coarsened":false,"count":1,"hv":1,"mp":0,"y0":null,"y1":null,"sp":[[75,1,1,0,null,null]]}},{"type":"Feature","geometry":{"type":"Polygon","coordinates":[[[-156.13196,59.23025],[-156.13409,59.22886],[-156.13284,59.22738],[-156.12947,59.22729],[-156.12735,59.22868],[-156.12859,59.23016],[-156.13196,59.23025]]]},"properties":{"cell":"890ce1064b3ffff","res":9,"coarsened":false,"count":2,"hv":2,"mp":0,"y0":null,"y1":null,"sp":[[75,2,2,0,null,null]]}},{"type":"Feature","geometry":{"type":"Polygon","coordinates":[[[-156.29267,59.2216],[-156.29479,59.22021],[-156.29353,59.21874],[-156.29016,59.21865],[-156.28804,59.22003],[-156.2893,59.22151],[-156.29267,59.2216]]]},"properties":{"cell":"890ce102967ffff","res":9,"coarsened":false,"count":2,"hv":2,"mp":0,"y0":null,"y1":null,"sp":[[75,2,2,0,null,null]]}},{"type":"Feature","geometry":{"type":"Polygon","coordinates":[[[-156.24152,58.25095],[-156.24357,58.24958],[-156.24236,58.24812],[-156.23911,58.24804],[-156.23706,58.24941],[-156.23827,58.25087],[-156.24152,58.25095]]]},"properties":{"cell":"890ceea80c3ffff","res":9,"coarsened":false,"count":2,"hv":2,"mp":0,"y0":null,"y1":null,"sp":[[75,2,2,0,null,null]]}},{"type":"Feature","geometry":{"type":"Polygon","coordinates":[[[-156.4817,59.27271],[-156.48381,59.27132],[-156.48254,59.26984],[-156.47916,59.26976],[-156.47705,59.27115],[-156.47832,59.27263],[-156.4817,59.27271]]]},"properties":{"cell":"890ce103033ffff","res":9,"coarsened":false,"count":1,"hv":1,"mp":0,"y0":null,"y1":null,"sp":[[75,1,1,0,null,null]]}},{"type":"Feature","geometry":{"type":"Polygon","coordinates":[[[-156.28032,58.42011],[-156.28237,58.41874],[-156.28115,58.41728],[-156.27788,58.4172],[-156.27582,58.41857],[-156.27704,58.42003],[-156.28032,58.42011]]]},"properties":{"cell":"890ceebb28fffff","res":9,"coarsened":false,"count":2,"hv":2,"mp":0,"y0":null,"y1":null,"sp":[[75,2,2,0,null,null]]}},{"type":"Feature","geometry":{"type":"Polygon","coordinates":[[[-156.18934,58.26101],[-156.19138,58.25964],[-156.19018,58.25819],[-156.18692,58.2581],[-156.18487,58.25947],[-156.18608,58.26093],[-156.18934,58.26101]]]},"properties":{"cell":"890ceea8583ffff","res":9,"coarsened":false,"count":1,"hv":1,"mp":0,"y0":null,"y1":null,"sp":[[75,1,1,0,null,null]]}},{"type":"Feature","geometry":{"type":"Polygon","coordinates":[[[-156.32929,58.3714],[-156.33134,58.37002],[-156.33012,58.36857],[-156.32685,58.36849],[-156.3248,58.36986],[-156.32602,58.37132],[-156.32929,58.3714]]]},"properties":{"cell":"890ceeb928fffff","res":9,"coarsened":false,"count":2,"hv":2,"mp":0,"y0":null,"y1":null,"sp":[[75,2,2,0,null,null]]}},{"type":"Feature","geometry":{"type":"Polygon","coordinates":[[[-156.24874,59.23199],[-156.25086,59.2306],[-156.24961,59.22912],[-156.24623,59.22903],[-156.24411,59.23042],[-156.24537,59.2319],[-156.24874,59.23199]]]},"properties":{"cell":"890ce115a2bffff","res":9,"coarsened":false,"count":2,"hv":2,"mp":0,"y0":null,"y1":null,"sp":[[75,2,2,0,null,null]]}},{"type":"Feature","geometry":{"type":"Polygon","coordinates":[[[-156.32996,58.4028],[-156.33201,58.40143],[-156.33079,58.39997],[-156.32752,58.39989],[-156.32546,58.40126],[-156.32668,58.40272],[-156.32996,58.4028]]]},"properties":{"cell":"890cee8c973ffff","res":9,"coarsened":false,"count":1,"hv":1,"mp":0,"y0":null,"y1":null,"sp":[[75,1,1,0,null,null]]}},{"type":"Feature","geometry":{"type":"Polygon","coordinates":[[[-156.28256,58.26194],[-156.28461,58.26057],[-156.2834,58.25912],[-156.28014,58.25904],[-156.2781,58.26041],[-156.27931,58.26186],[-156.28256,58.26194]]]},"properties":{"cell":"890ceeab337ffff","res":9,"coarsened":false,"count":1,"hv":1,"mp":0,"y0":null,"y1":null,"sp":[[75,1,1,0,null,null]]}},{"type":"Feature","geometry":{"type":"Polygon","coordinates":[[[-156.18053,59.22148],[-156.18266,59.22009],[-156.18141,59.21861],[-156.17804,59.21852],[-156.17591,59.2199],[-156.17716,59.22138],[-156.18053,59.22148]]]},"properties":{"cell":"890ce10668fffff","res":9,"coarsened":false,"count":1,"hv":1,"mp":0,"y0":null,"y1":null,"sp":[[75,1,1,0,null,null]]}},{"type":"Feature","geometry":{"type":"Polygon","coordinates":[[[-156.10254,59.16014],[-156.10466,59.15876],[-156.10342,59.15728],[-156.10006,59.15719],[-156.09794,59.15857],[-156.09918,59.16005],[-156.10254,59.16014]]]},"properties":{"cell":"890ce106873ffff","res":9,"coarsened":false,"count":2,"hv":2,"mp":0,"y0":null,"y1":null,"sp":[[75,2,2,0,null,null]]}},{"type":"Feature","geometry":{"type":"Polygon","coordinates":[[[-156.11834,59.24143],[-156.12046,59.24004],[-156.11921,59.23856],[-156.11584,59.23847],[-156.11372,59.23985],[-156.11496,59.24133],[-156.11834,59.24143]]]},"properties":{"cell":"890ce114bc3ffff","res":9,"coarsened":false,"count":1,"hv":1,"mp":0,"y0":null,"y1":null,"sp":[[75,1,1,0,null,null]]}},{"type":"Feature","geometry":{"type":"Polygon","coordinates":[[[-155.82983,58.96218],[-155.83195,58.9608],[-155.83073,58.95933],[-155.8274,58.95923],[-155.82528,58.96061],[-155.8265,58.96208],[-155.82983,58.96218]]]},"properties":{"cell":"890ce135e33ffff","res":9,"coarsened":false,"count":2,"hv":2,"mp":0,"y0":null,"y1":null,"sp":[[75,2,2,0,null,null]]}},{"type":"Feature","geometry":{"type":"Polygon","coordinates":[[[-155.49949,57.90112],[-155.50154,57.89976],[-155.50039,57.89831],[-155.49719,57.89822],[-155.49514,57.89957],[-155.49629,57.90102],[-155.49949,57.90112]]]},"properties":{"cell":"890ce8cedcbffff","res":9,"coarsened":false,"count":2,"hv":2,"mp":0,"y0":null,"y1":null,"sp":[[75,2,2,0,null,null]]}},{"type":"Feature","geometry":{"type":"Polygon","coordinates":[[[-156.33196,58.41284],[-156.33401,58.41146],[-156.33279,58.41001],[-156.32952,58.40993],[-156.32746,58.4113],[-156.32868,58.41276],[-156.33196,58.41284]]]},"properties":{"cell":"890cee8c9c3ffff","res":9,"coarsened":false,"count":1,"hv":1,"mp":0,"y0":null,"y1":null,"sp":[[75,1,1,0,null,null]]}},{"type":"Feature","geometry":{"type":"Polygon","coordinates":[[[-156.31188,58.26267],[-156.31393,58.2613],[-156.31271,58.25984],[-156.30946,58.25976],[-156.30741,58.26114],[-156.30863,58.26259],[-156.31188,58.26267]]]},"properties":{"cell":"890ceeab34fffff","res":9,"coarsened":false,"count":2,"hv":2,"mp":0,"y0":null,"y1":null,"sp":[[75,2,2,0,null,null]]}},{"type":"Feature","geometry":{"type":"Polygon","coordinates":[[[-155.44204,58.38199],[-155.44413,58.38063],[-155.44296,58.37917],[-155.4397,58.37907],[-155.43762,58.38043],[-155.43878,58.38189],[-155.44204,58.38199]]]},"properties":{"cell":"890cec78a57ffff","res":9,"coarsened":false,"count":14,"hv":14,"mp":0,"y0":null,"y1":null,"sp":[[18,5,5,0,null,null],[87,5,5,0,null,null],[78,2,2,0,null,null],[75,1,1,0,null,null],[95,1,1,0,null,null]]}},{"type":"Feature","geometry":{"type":"Polygon","coordinates":[[[-155.2114,58.51134],[-155.21351,58.50998],[-155.21235,58.50852],[-155.20908,58.50841],[-155.20697,58.50976],[-155.20814,58.51123],[-155.2114,58.51134]]]},"properties":{"cell":"890cec70683ffff","res":9,"coarsened":false,"count":1,"hv":1,"mp":0,"y0":null,"y1":null,"sp":[[75,1,1,0,null,null]]}},{"type":"Feature","geometry":{"type":"Polygon","coordinates":[[[-156.43141,59.25265],[-156.43352,59.25126],[-156.43226,59.24978],[-156.42888,59.2497],[-156.42677,59.25109],[-156.42803,59.25256],[-156.43141,59.25265]]]},"properties":{"cell":"890ce10040bffff","res":9,"coarsened":false,"count":1,"hv":1,"mp":0,"y0":null,"y1":null,"sp":[[75,1,1,0,null,null]]}},{"type":"Feature","geometry":{"type":"Polygon","coordinates":[[[-155.56919,59.25241],[-155.57134,59.25103],[-155.57012,59.24955],[-155.56676,59.24944],[-155.56461,59.25082],[-155.56583,59.2523],[-155.56919,59.25241]]]},"properties":{"cell":"890ce1a0d13ffff","res":9,"coarsened":false,"count":1,"hv":1,"mp":0,"y0":null,"y1":null,"sp":[[75,1,1,0,null,null]]}},{"type":"Feature","geometry":{"type":"Polygon","coordinates":[[[-156.17066,59.12019],[-156.17277,59.11881],[-156.17153,59.11733],[-156.16817,59.11724],[-156.16605,59.11862],[-156.1673,59.1201],[-156.17066,59.12019]]]},"properties":{"cell":"890ce104e23ffff","res":9,"coarsened":false,"count":1,"hv":1,"mp":0,"y0":null,"y1":null,"sp":[[75,1,1,0,null,null]]}},{"type":"Feature","geometry":{"type":"Polygon","coordinates":[[[-156.02132,59.19249],[-156.02345,59.19111],[-156.02221,59.18963],[-156.01884,59.18953],[-156.01672,59.19091],[-156.01795,59.19239],[-156.02132,59.19249]]]},"properties":{"cell":"890ce1a916fffff","res":9,"coarsened":false,"count":2,"hv":2,"mp":0,"y0":null,"y1":null,"sp":[[75,2,2,0,null,null]]}},{"type":"Feature","geometry":{"type":"Polygon","coordinates":[[[-155.20319,58.52105],[-155.2053,58.5197],[-155.20414,58.51823],[-155.20087,58.51812],[-155.19876,58.51948],[-155.19992,58.52094],[-155.20319,58.52105]]]},"properties":{"cell":"890cec73133ffff","res":9,"coarsened":false,"count":2,"hv":2,"mp":0,"y0":null,"y1":null,"sp":[[75,2,2,0,null,null]]}},{"type":"Feature","geometry":{"type":"Polygon","coordinates":[[[-155.05759,57.99013],[-155.10901,57.97206],[-155.10764,57.9423],[-155.05496,57.93061],[-155.0036,57.94865],[-155.00486,57.97841],[-155.05759,57.99013]]]},"properties":{"cell":"860ce888fffffff","res":6,"coarsened":true,"count":3,"hv":3,"mp":0,"y0":null,"y1":null,"sp":[[1,3,3,0,null,null]]}},{"type":"Feature","geometry":{"type":"Polygon","coordinates":[[[-155.05365,57.90088],[-155.10491,57.88282],[-155.10355,57.8531],[-155.05104,57.84145],[-154.99984,57.85947],[-155.00109,57.88918],[-155.05365,57.90088]]]},"properties":{"cell":"860ce812fffffff","res":6,"coarsened":true,"count":3,"hv":3,"mp":0,"y0":null,"y1":null,"sp":[[1,3,3,0,null,null]]}},{"type":"Feature","geometry":{"type":"Polygon","coordinates":[[[-154.27835,58.16929],[-154.33041,58.15154],[-154.32987,58.12174],[-154.27737,58.1097],[-154.22537,58.12742],[-154.2258,58.15721],[-154.27835,58.16929]]]},"properties":{"cell":"860ced58fffffff","res":6,"coarsened":true,"count":3,"hv":3,"mp":0,"y0":null,"y1":null,"sp":[[1,3,3,0,null,null]]}},{"type":"Feature","geometry":{"type":"Polygon","coordinates":[[[-153.54859,57.93946],[-153.60051,57.92207],[-153.60075,57.89244],[-153.54918,57.88019],[-153.49732,57.89755],[-153.49697,57.92718],[-153.54859,57.93946]]]},"properties":{"cell":"860ced777ffffff","res":6,"coarsened":true,"count":44,"hv":44,"mp":0,"y0":null,"y1":null,"sp":[[1,44,44,0,null,null]]}},{"type":"Feature","geometry":{"type":"Polygon","coordinates":[[[-153.49628,57.98649],[-153.5483,57.96912],[-153.54859,57.93946],[-153.49697,57.92718],[-153.44501,57.94453],[-153.44461,57.97418],[-153.49628,57.98649]]]},"properties":{"cell":"860ced0dfffffff","res":6,"coarsened":true,"count":25,"hv":25,"mp":0,"y0":null,"y1":null,"sp":[[1,25,25,0,null,null]]}},{"type":"Feature","geometry":{"type":"Polygon","coordinates":[[[-153.49732,57.89755],[-153.54918,57.88019],[-153.54947,57.85058],[-153.49802,57.83833],[-153.44622,57.85566],[-153.44582,57.88527],[-153.49732,57.89755]]]},"properties":{"cell":"860ced747ffffff","res":6,"coarsened":true,"count":15,"hv":15,"mp":0,"y0":null,"y1":null,"sp":[[1,15,15,0,null,null]]}},{"type":"Feature","geometry":{"type":"Polygon","coordinates":[[[-153.42988,59.02072],[-153.48392,59.00323],[-153.48429,58.97309],[-153.43075,58.96046],[-153.37678,58.97793],[-153.37628,59.00805],[-153.42988,59.02072]]]},"properties":{"cell":"860c5346fffffff","res":6,"coarsened":true,"count":2,"hv":2,"mp":0,"y0":null,"y1":null,"sp":[[1,2,2,0,null,null]]}},{"type":"Feature","geometry":{"type":"Polygon","coordinates":[[[-153.96574,58.45463],[-154.01847,58.43698],[-154.01826,58.40707],[-153.96544,58.39482],[-153.91277,58.41245],[-153.91286,58.44235],[-153.96574,58.45463]]]},"properties":{"cell":"860cedca7ffffff","res":6,"coarsened":true,"count":1,"hv":1,"mp":0,"y0":null,"y1":null,"sp":[[1,1,1,0,null,null]]}},{"type":"Feature","geometry":{"type":"Polygon","coordinates":[[[-153.70419,57.88724],[-153.75595,57.86979],[-153.75602,57.84016],[-153.70444,57.82799],[-153.65274,57.84541],[-153.65256,57.87503],[-153.70419,57.88724]]]},"properties":{"cell":"860ced627ffffff","res":6,"coarsened":true,"count":8,"hv":8,"mp":0,"y0":null,"y1":null,"sp":[[1,8,8,0,null,null]]}},{"type":"Feature","geometry":{"type":"Polygon","coordinates":[[[-153.33833,58.12758],[-153.39068,58.11026],[-153.39115,58.08055],[-153.33937,58.06817],[-153.28709,58.08546],[-153.28651,58.11517],[-153.33833,58.12758]]]},"properties":{"cell":"860ced00fffffff","res":6,"coarsened":true,"count":5,"hv":5,"mp":0,"y0":null,"y1":null,"sp":[[1,5,5,0,null,null]]}},{"type":"Feature","geometry":{"type":"Polygon","coordinates":[[[-154.79864,58.05039],[-154.85028,58.03243],[-154.84918,58.00266],[-154.79656,57.99085],[-154.74498,58.00879],[-154.74597,58.03856],[-154.79864,58.05039]]]},"properties":{"cell":"860ce880fffffff","res":6,"coarsened":true,"count":1,"hv":1,"mp":0,"y0":null,"y1":null,"sp":[[1,1,1,0,null,null]]}},{"type":"Feature","geometry":{"type":"Polygon","coordinates":[[[-153.32385,58.93515],[-153.37776,58.91771],[-153.37826,58.88763],[-153.32495,58.87498],[-153.27111,58.89239],[-153.2705,58.92247],[-153.32385,58.93515]]]},"properties":{"cell":"860c53707ffffff","res":6,"coarsened":true,"count":1,"hv":1,"mp":0,"y0":null,"y1":null,"sp":[[1,1,1,0,null,null]]}},{"type":"Feature","geometry":{"type":"Polygon","coordinates":[[[-153.32219,59.0255],[-153.37628,59.00805],[-153.37678,58.97793],[-153.3233,58.96525],[-153.26927,58.98267],[-153.26866,59.01279],[-153.32219,59.0255]]]},"properties":{"cell":"860c5309fffffff","res":6,"coarsened":true,"count":1,"hv":1,"mp":0,"y0":null,"y1":null,"sp":[[1,1,1,0,null,null]]}},{"type":"Feature","geometry":{"type":"Polygon","coordinates":[[[-153.34144,57.94951],[-153.39345,57.93221],[-153.39391,57.90258],[-153.34247,57.89026],[-153.29051,57.90753],[-153.28995,57.93715],[-153.34144,57.94951]]]},"properties":{"cell":"860ced397ffffff","res":6,"coarsened":true,"count":6,"hv":6,"mp":0,"y0":null,"y1":null,"sp":[[1,6,6,0,null,null]]}},{"type":"Feature","geometry":{"type":"Polygon","coordinates":[[[-154.49148,58.09269],[-154.49359,58.09136],[-154.49248,58.0899],[-154.48928,58.08977],[-154.48718,58.09111],[-154.48828,58.09257],[-154.49148,58.09269]]]},"properties":{"cell":"890ce894dbbffff","res":9,"coarsened":false,"count":1,"hv":1,"mp":0,"y0":null,"y1":null,"sp":[[34,1,1,0,null,null]]}},{"type":"Feature","geometry":{"type":"Polygon","coordinates":[[[-154.03936,58.35106],[-154.0415,58.34973],[-154.04041,58.34826],[-154.03719,58.34813],[-154.03505,58.34946],[-154.03614,58.35093],[-154.03936,58.35106]]]},"properties":{"cell":"890cedc836bffff","res":9,"coarsened":false,"count":13,"hv":13,"mp":0,"y0":null,"y1":null,"sp":[[34,3,3,0,null,null],[20,2,2,0,null,null],[68,2,2,0,null,null],[67,2,2,0,null,null],[87,1,1,0,null,null],[147,1,1,0,null,null],[165,1,1,0,null,null],[100,1,1,0,null,null]]}},{"type":"Feature","geometry":{"type":"Polygon","coordinates":[[[-153.43377,58.74998],[-153.48728,58.73253],[-153.48765,58.70252],[-153.43463,58.68997],[-153.38119,58.7074],[-153.3807,58.7374],[-153.43377,58.74998]]]},"properties":{"cell":"860c5361fffffff","res":6,"coarsened":true,"count":1,"hv":1,"mp":0,"y0":null,"y1":null,"sp":[[1,1,1,0,null,null]]}},{"type":"Feature","geometry":{"type":"Polygon","coordinates":[[[-153.28709,58.08546],[-153.33937,58.06817],[-153.33989,58.03848],[-153.28823,58.02609],[-153.23601,58.04336],[-153.23538,58.07304],[-153.28709,58.08546]]]},"properties":{"cell":"860ced057ffffff","res":6,"coarsened":true,"count":7,"hv":7,"mp":0,"y0":null,"y1":null,"sp":[[1,7,7,0,null,null]]}},{"type":"Feature","geometry":{"type":"Polygon","coordinates":[[[-153.91305,58.5022],[-153.96589,58.48456],[-153.96574,58.45463],[-153.91286,58.44235],[-153.86009,58.45996],[-153.86012,58.48988],[-153.91305,58.5022]]]},"properties":{"cell":"860cedd8fffffff","res":6,"coarsened":true,"count":1,"hv":1,"mp":0,"y0":null,"y1":null,"sp":[[1,1,1,0,null,null]]}},{"type":"Feature","geometry":{"type":"Polygon","coordinates":[[[-153.70102,58.60251],[-153.75413,58.58495],[-153.75421,58.55499],[-153.70129,58.54259],[-153.64824,58.56012],[-153.64804,58.59008],[-153.70102,58.60251]]]},"properties":{"cell":"860cedd07ffffff","res":6,"coarsened":true,"count":2,"hv":2,"mp":0,"y0":null,"y1":null,"sp":[[1,2,2,0,null,null]]}},{"type":"Feature","geometry":{"type":"Polygon","coordinates":[[[-155.98934,58.61103],[-155.99142,58.60965],[-155.99021,58.60819],[-155.98692,58.6081],[-155.98484,58.60947],[-155.98605,58.61094],[-155.98934,58.61103]]]},"properties":{"cell":"890cec4b263ffff","res":9,"coarsened":false,"count":1,"hv":1,"mp":0,"y0":null,"y1":null,"sp":[[22,1,1,0,null,null]]}},{"type":"Feature","geometry":{"type":"Polygon","coordinates":[[[-154.69428,58.05648],[-154.74597,58.03856],[-154.74498,58.00879],[-154.69242,57.99694],[-154.64079,58.01483],[-154.64166,58.0446],[-154.69428,58.05648]]]},"properties":{"cell":"860ce8877ffffff","res":6,"coarsened":true,"count":1,"hv":1,"mp":0,"y0":null,"y1":null,"sp":[[1,1,1,0,null,null]]}},{"type":"Feature","geometry":{"type":"Polygon","coordinates":[[[-155.50131,58.41236],[-155.55333,58.39403],[-155.55145,58.36404],[-155.49768,58.3524],[-155.44571,58.37071],[-155.44747,58.40069],[-155.50131,58.41236]]]},"properties":{"cell":"860cec79fffffff","res":6,"coarsened":true,"count":1,"hv":1,"mp":0,"y0":null,"y1":null,"sp":[[177,1,1,0,null,null]]}},{"type":"Feature","geometry":{"type":"Polygon","coordinates":[[[-155.1618,57.98373],[-155.21317,57.96562],[-155.21169,57.93586],[-155.15895,57.92421],[-155.10764,57.9423],[-155.10901,57.97206],[-155.1618,57.98373]]]},"properties":{"cell":"860ce889fffffff","res":6,"coarsened":true,"count":1,"hv":1,"mp":0,"y0":null,"y1":null,"sp":[[1,1,1,0,null,null]]}},{"type":"Feature","geometry":{"type":"Polygon","coordinates":[[[-154.4877,58.15776],[-154.53966,58.13992],[-154.53889,58.11011],[-154.48628,58.09816],[-154.43438,58.11597],[-154.43503,58.14577],[-154.4877,58.15776]]]},"properties":{"cell":"860ce896fffffff","res":6,"coarsened":true,"count":2,"hv":2,"mp":0,"y0":null,"y1":null,"sp":[[1,2,2,0,null,null]]}},{"type":"Feature","geometry":{"type":"Polygon","coordinates":[[[-153.53758,59.01585],[-153.59157,58.99831],[-153.59183,58.96817],[-153.53822,58.95558],[-153.48429,58.97309],[-153.48392,59.00323],[-153.53758,59.01585]]]},"properties":{"cell":"860c53447ffffff","res":6,"coarsened":true,"count":1,"hv":1,"mp":0,"y0":null,"y1":null,"sp":[[1,1,1,0,null,null]]}},{"type":"Feature","geometry":{"type":"Polygon","coordinates":[[[-155.10764,57.9423],[-155.15895,57.92421],[-155.15753,57.89447],[-155.10491,57.88282],[-155.05365,57.90088],[-155.05496,57.93061],[-155.10764,57.9423]]]},"properties":{"cell":"860ce8127ffffff","res":6,"coarsened":true,"count":1,"hv":1,"mp":0,"y0":null,"y1":null,"sp":[[1,1,1,0,null,null]]}},{"type":"Feature","geometry":{"type":"Polygon","coordinates":[[[-155.00738,58.03796],[-155.05891,58.01991],[-155.05759,57.99013],[-155.00486,57.97841],[-154.95338,57.99644],[-154.95459,58.02621],[-155.00738,58.03796]]]},"properties":{"cell":"860ce88afffffff","res":6,"coarsened":true,"count":1,"hv":1,"mp":0,"y0":null,"y1":null,"sp":[[1,1,1,0,null,null]]}},{"type":"Feature","geometry":{"type":"Polygon","coordinates":[[[-153.28536,58.17462],[-153.33781,58.15731],[-153.33833,58.12758],[-153.28651,58.11517],[-153.23412,58.13244],[-153.23348,58.16217],[-153.28536,58.17462]]]},"properties":{"cell":"860ced02fffffff","res":6,"coarsened":true,"count":2,"hv":2,"mp":0,"y0":null,"y1":null,"sp":[[1,2,2,0,null,null]]}},{"type":"Feature","geometry":{"type":"Polygon","coordinates":[[[-153.27111,58.89239],[-153.32495,58.87498],[-153.3255,58.84492],[-153.27232,58.83227],[-153.21854,58.84964],[-153.21787,58.8797],[-153.27111,58.89239]]]},"properties":{"cell":"860c5370fffffff","res":6,"coarsened":true,"count":2,"hv":2,"mp":0,"y0":null,"y1":null,"sp":[[1,2,2,0,null,null]]}},{"type":"Feature","geometry":{"type":"Polygon","coordinates":[[[-153.29051,57.90753],[-153.34247,57.89026],[-153.34298,57.86065],[-153.29165,57.84833],[-153.23975,57.86556],[-153.23913,57.89516],[-153.29051,57.90753]]]},"properties":{"cell":"860ced39fffffff","res":6,"coarsened":true,"count":11,"hv":11,"mp":0,"y0":null,"y1":null,"sp":[[1,11,11,0,null,null]]}},{"type":"Feature","geometry":{"type":"Polygon","coordinates":[[[-154.38302,58.16357],[-154.43503,58.14577],[-154.43438,58.11597],[-154.38182,58.10397],[-154.32987,58.12174],[-154.33041,58.15154],[-154.38302,58.16357]]]},"properties":{"cell":"860ced59fffffff","res":6,"coarsened":true,"count":1,"hv":1,"mp":0,"y0":null,"y1":null,"sp":[[1,1,1,0,null,null]]}},{"type":"Feature","geometry":{"type":"Polygon","coordinates":[[[-153.54042,58.74506],[-153.59387,58.72756],[-153.59412,58.69754],[-153.54104,58.68504],[-153.48765,58.70252],[-153.48728,58.73253],[-153.54042,58.74506]]]},"properties":{"cell":"860c536afffffff","res":6,"coarsened":true,"count":1,"hv":1,"mp":0,"y0":null,"y1":null,"sp":[[1,1,1,0,null,null]]}},{"type":"Feature","geometry":{"type":"Polygon","coordinates":[[[-153.27293,58.80223],[-153.3266,58.78484],[-153.32714,58.75482],[-153.27414,58.74219],[-153.22053,58.75956],[-153.21987,58.78957],[-153.27293,58.80223]]]},"properties":{"cell":"860c5362fffffff","res":6,"coarsened":true,"count":2,"hv":2,"mp":0,"y0":null,"y1":null,"sp":[[1,2,2,0,null,null]]}},{"type":"Feature","geometry":{"type":"Polygon","coordinates":[[[-155.53089,58.38193],[-155.53298,58.38057],[-155.5318,58.37911],[-155.52855,58.37901],[-155.52646,58.38037],[-155.52764,58.38183],[-155.53089,58.38193]]]},"properties":{"cell":"890cec79a83ffff","res":9,"coarsened":false,"count":2,"hv":2,"mp":0,"y0":null,"y1":null,"sp":[[197,1,1,0,null,null],[77,1,1,0,null,null]]}},{"type":"Feature","geometry":{"type":"Polygon","coordinates":[[[-155.06117,57.95063],[-155.06324,57.94928],[-155.06211,57.94783],[-155.05891,57.94772],[-155.05684,57.94907],[-155.05797,57.95052],[-155.06117,57.95063]]]},"properties":{"cell":"890ce888b9bffff","res":9,"coarsened":false,"count":6,"hv":6,"mp":0,"y0":null,"y1":null,"sp":[[34,4,4,0,null,null],[100,1,1,0,null,null],[146,1,1,0,null,null]]}},{"type":"Feature","geometry":{"type":"Polygon","coordinates":[[[-155.43061,58.37165],[-155.43269,58.3703],[-155.43153,58.36883],[-155.42827,58.36873],[-155.42618,58.37009],[-155.42735,58.37155],[-155.43061,58.37165]]]},"properties":{"cell":"890cec6a493ffff","res":9,"coarsened":false,"count":1,"hv":1,"mp":0,"y0":null,"y1":null,"sp":[[120,1,1,0,null,null]]}},{"type":"Feature","geometry":{"type":"Polygon","coordinates":[[[-155.39155,58.37041],[-155.39364,58.36905],[-155.39248,58.36759],[-155.38922,58.36748],[-155.38714,58.36884],[-155.3883,58.3703],[-155.39155,58.37041]]]},"properties":{"cell":"890cec78babffff","res":9,"coarsened":false,"count":2,"hv":2,"mp":0,"y0":null,"y1":null,"sp":[[75,2,2,0,null,null]]}},{"type":"Feature","geometry":{"type":"Polygon","coordinates":[[[-154.30227,58.13055],[-154.30438,58.12922],[-154.30329,58.12776],[-154.30008,58.12763],[-154.29797,58.12896],[-154.29906,58.13042],[-154.30227,58.13055]]]},"properties":{"cell":"890ced58aafffff","res":9,"coarsened":false,"count":1,"hv":1,"mp":0,"y0":null,"y1":null,"sp":[[34,1,1,0,null,null]]}},{"type":"Feature","geometry":{"type":"Polygon","coordinates":[[[-153.883,59.11238],[-153.88521,59.11104],[-153.8841,59.10956],[-153.88079,59.10941],[-153.87858,59.11075],[-153.87969,59.11223],[-153.883,59.11238]]]},"properties":{"cell":"890c5358d0bffff","res":9,"coarsened":false,"count":4,"hv":4,"mp":0,"y0":null,"y1":null,"sp":[[100,1,1,0,null,null],[146,1,1,0,null,null],[102,1,1,0,null,null],[34,1,1,0,null,null]]}},{"type":"Feature","geometry":{"type":"Polygon","coordinates":[[[-154.24356,58.131],[-154.24568,58.12967],[-154.24459,58.12821],[-154.24139,58.12808],[-154.23927,58.12941],[-154.24036,58.13087],[-154.24356,58.131]]]},"properties":{"cell":"890ced58917ffff","res":9,"coarsened":false,"count":1,"hv":1,"mp":0,"y0":null,"y1":null,"sp":[[146,1,1,0,null,null]]}},{"type":"Feature","geometry":{"type":"Polygon","coordinates":[[[-153.75286,59.07049],[-153.75507,59.06916],[-153.75397,59.06767],[-153.75066,59.06752],[-153.74846,59.06885],[-153.74956,59.07034],[-153.75286,59.07049]]]},"properties":{"cell":"890c5340013ffff","res":9,"coarsened":false,"count":4,"hv":4,"mp":0,"y0":null,"y1":null,"sp":[[34,1,1,0,null,null],[146,1,1,0,null,null],[100,1,1,0,null,null],[102,1,1,0,null,null]]}},{"type":"Feature","geometry":{"type":"Polygon","coordinates":[[[-154.16922,58.33238],[-154.17135,58.33105],[-154.17026,58.32958],[-154.16703,58.32944],[-154.1649,58.33078],[-154.16599,58.33224],[-154.16922,58.33238]]]},"properties":{"cell":"890cec26883ffff","res":9,"coarsened":false,"count":5,"hv":5,"mp":0,"y0":null,"y1":null,"sp":[[115,2,2,0,null,null],[100,1,1,0,null,null],[144,1,1,0,null,null],[5,1,1,0,null,null]]}},{"type":"Feature","geometry":{"type":"Polygon","coordinates":[[[-156.42228,58.56223],[-156.42434,58.56085],[-156.4231,58.55938],[-156.41981,58.5593],[-156.41775,58.56068],[-156.41898,58.56215],[-156.42228,58.56223]]]},"properties":{"cell":"890cee81c63ffff","res":9,"coarsened":false,"count":1,"hv":1,"mp":0,"y0":null,"y1":null,"sp":[[75,1,1,0,null,null]]}},{"type":"Feature","geometry":{"type":"Polygon","coordinates":[[[-156.35379,58.59202],[-156.35586,58.59064],[-156.35463,58.58918],[-156.35133,58.58909],[-156.34926,58.59047],[-156.35049,58.59193],[-156.35379,58.59202]]]},"properties":{"cell":"890cee801cbffff","res":9,"coarsened":false,"count":2,"hv":2,"mp":0,"y0":null,"y1":null,"sp":[[75,2,2,0,null,null]]}},{"type":"Feature","geometry":{"type":"Polygon","coordinates":[[[-156.41194,58.58057],[-156.41401,58.57919],[-156.41277,58.57773],[-156.40948,58.57765],[-156.40741,58.57903],[-156.40865,58.58049],[-156.41194,58.58057]]]},"properties":{"cell":"890cee80267ffff","res":9,"coarsened":false,"count":1,"hv":1,"mp":0,"y0":null,"y1":null,"sp":[[75,1,1,0,null,null]]}},{"type":"Feature","geometry":{"type":"Polygon","coordinates":[[[-156.45935,58.57171],[-156.46141,58.57033],[-156.46018,58.56886],[-156.45688,58.56879],[-156.45482,58.57017],[-156.45605,58.57163],[-156.45935,58.57171]]]},"properties":{"cell":"890cee8116bffff","res":9,"coarsened":false,"count":1,"hv":1,"mp":0,"y0":null,"y1":null,"sp":[[75,1,1,0,null,null]]}},{"type":"Feature","geometry":{"type":"Polygon","coordinates":[[[-156.47294,58.54199],[-156.475,58.54061],[-156.47376,58.53915],[-156.47047,58.53907],[-156.46841,58.54045],[-156.46965,58.54191],[-156.47294,58.54199]]]},"properties":{"cell":"890cee81a53ffff","res":9,"coarsened":false,"count":3,"hv":3,"mp":0,"y0":null,"y1":null,"sp":[[75,3,3,0,null,null]]}},{"type":"Feature","geometry":{"type":"Polygon","coordinates":[[[-156.39873,58.5917],[-156.40079,58.59032],[-156.39956,58.58886],[-156.39626,58.58877],[-156.3942,58.59015],[-156.39543,58.59162],[-156.39873,58.5917]]]},"properties":{"cell":"890cee802bbffff","res":9,"coarsened":false,"count":1,"hv":1,"mp":0,"y0":null,"y1":null,"sp":[[75,1,1,0,null,null]]}},{"type":"Feature","geometry":{"type":"Polygon","coordinates":[[[-156.51316,58.47147],[-156.51521,58.47009],[-156.51398,58.46863],[-156.51069,58.46856],[-156.50864,58.46994],[-156.50987,58.47139],[-156.51316,58.47147]]]},"properties":{"cell":"890cee8d403ffff","res":9,"coarsened":false,"count":1,"hv":1,"mp":0,"y0":null,"y1":null,"sp":[[75,1,1,0,null,null]]}},{"type":"Feature","geometry":{"type":"Polygon","coordinates":[[[-156.43011,58.5524],[-156.43217,58.55102],[-156.43094,58.54956],[-156.42765,58.54948],[-156.42559,58.55086],[-156.42682,58.55232],[-156.43011,58.5524]]]},"properties":{"cell":"890cee818cfffff","res":9,"coarsened":false,"count":1,"hv":1,"mp":0,"y0":null,"y1":null,"sp":[[75,1,1,0,null,null]]}},{"type":"Feature","geometry":{"type":"Polygon","coordinates":[[[-156.42262,58.61232],[-156.42468,58.61094],[-156.42345,58.60948],[-156.42015,58.6094],[-156.41808,58.61078],[-156.41932,58.61224],[-156.42262,58.61232]]]},"properties":{"cell":"890cee83327ffff","res":9,"coarsened":false,"count":1,"hv":1,"mp":0,"y0":null,"y1":null,"sp":[[75,1,1,0,null,null]]}},{"type":"Feature","geometry":{"type":"Polygon","coordinates":[[[-156.37083,58.55095],[-156.37289,58.54957],[-156.37166,58.54811],[-156.36837,58.54803],[-156.36631,58.54941],[-156.36754,58.55087],[-156.37083,58.55095]]]},"properties":{"cell":"890cee81d27ffff","res":9,"coarsened":false,"count":1,"hv":1,"mp":0,"y0":null,"y1":null,"sp":[[75,1,1,0,null,null]]}},{"type":"Feature","geometry":{"type":"Polygon","coordinates":[[[-156.48287,58.61091],[-156.48494,58.60953],[-156.4837,58.60807],[-156.4804,58.60799],[-156.47833,58.60937],[-156.47957,58.61084],[-156.48287,58.61091]]]},"properties":{"cell":"890cee81457ffff","res":9,"coarsened":false,"count":2,"hv":2,"mp":0,"y0":null,"y1":null,"sp":[[75,2,2,0,null,null]]}},{"type":"Feature","geometry":{"type":"Polygon","coordinates":[[[-156.41989,58.50211],[-156.42195,58.50073],[-156.42072,58.49927],[-156.41743,58.4992],[-156.41538,58.50057],[-156.41661,58.50203],[-156.41989,58.50211]]]},"properties":{"cell":"890cee8f527ffff","res":9,"coarsened":false,"count":1,"hv":1,"mp":0,"y0":null,"y1":null,"sp":[[75,1,1,0,null,null]]}},{"type":"Feature","geometry":{"type":"Polygon","coordinates":[[[-156.38884,58.59145],[-156.3909,58.59007],[-156.38967,58.58861],[-156.38637,58.58853],[-156.3843,58.58991],[-156.38554,58.59137],[-156.38884,58.59145]]]},"properties":{"cell":"890cee802b7ffff","res":9,"coarsened":false,"count":1,"hv":1,"mp":0,"y0":null,"y1":null,"sp":[[75,1,1,0,null,null]]}},{"type":"Feature","geometry":{"type":"Polygon","coordinates":[[[-154.86262,58.02013],[-154.8647,58.01878],[-154.86358,58.01733],[-154.86038,58.01721],[-154.8583,58.01855],[-154.85942,58.02001],[-154.86262,58.02013]]]},"properties":{"cell":"890ce881d3bffff","res":9,"coarsened":false,"count":5,"hv":5,"mp":0,"y0":null,"y1":null,"sp":[[34,5,5,0,null,null]]}},{"type":"Feature","geometry":{"type":"Polygon","coordinates":[[[-153.94923,58.38131],[-153.95138,58.37998],[-153.9503,58.37851],[-153.94707,58.37837],[-153.94493,58.3797],[-153.94601,58.38117],[-153.94923,58.38131]]]},"properties":{"cell":"890cedcaa8bffff","res":9,"coarsened":false,"count":3,"hv":3,"mp":0,"y0":null,"y1":null,"sp":[[34,3,3,0,null,null]]}},{"type":"Feature","geometry":{"type":"Polygon","coordinates":[[[-156.44368,58.59136],[-156.44574,58.58998],[-156.4445,58.58852],[-156.44121,58.58844],[-156.43914,58.58982],[-156.44038,58.59128],[-156.44368,58.59136]]]},"properties":{"cell":"890cee81567ffff","res":9,"coarsened":false,"count":1,"hv":1,"mp":0,"y0":null,"y1":null,"sp":[[75,1,1,0,null,null]]}},{"type":"Feature","geometry":{"type":"Polygon","coordinates":[[[-156.5225,58.4217],[-156.52455,58.42032],[-156.52331,58.41887],[-156.52003,58.41879],[-156.51799,58.42017],[-156.51922,58.42163],[-156.5225,58.4217]]]},"properties":{"cell":"890cee12d93ffff","res":9,"coarsened":false,"count":1,"hv":1,"mp":0,"y0":null,"y1":null,"sp":[[75,1,1,0,null,null]]}},{"type":"Feature","geometry":{"type":"Polygon","coordinates":[[[-153.71202,58.56163],[-153.71419,58.5603],[-153.71311,58.55882],[-153.70987,58.55868],[-153.7077,58.56],[-153.70877,58.56148],[-153.71202,58.56163]]]},"properties":{"cell":"890cedd03d7ffff","res":9,"coarsened":false,"count":5,"hv":5,"mp":0,"y0":null,"y1":null,"sp":[[34,3,3,0,null,null],[165,2,2,0,null,null]]}},{"type":"Feature","geometry":{"type":"Polygon","coordinates":[[[-156.51836,58.40162],[-156.5204,58.40024],[-156.51917,58.39879],[-156.51589,58.39871],[-156.51385,58.40009],[-156.51508,58.40154],[-156.51836,58.40162]]]},"properties":{"cell":"890cee8da5bffff","res":9,"coarsened":false,"count":4,"hv":4,"mp":0,"y0":null,"y1":null,"sp":[[75,4,4,0,null,null]]}},{"type":"Feature","geometry":{"type":"Polygon","coordinates":[[[-156.5195,58.95198],[-156.52158,58.95059],[-156.52033,58.94912],[-156.51698,58.94904],[-156.5149,58.95043],[-156.51615,58.9519],[-156.5195,58.95198]]]},"properties":{"cell":"890ce17400bffff","res":9,"coarsened":false,"count":1,"hv":1,"mp":0,"y0":null,"y1":null,"sp":[[75,1,1,0,null,null]]}},{"type":"Feature","geometry":{"type":"Polygon","coordinates":[[[-155.08261,57.93014],[-155.08468,57.92879],[-155.08355,57.92734],[-155.08035,57.92723],[-155.07828,57.92858],[-155.07941,57.93003],[-155.08261,57.93014]]]},"properties":{"cell":"890ce8125dbffff","res":9,"coarsened":false,"count":11,"hv":11,"mp":0,"y0":null,"y1":null,"sp":[[34,5,5,0,null,null],[150,2,2,0,null,null],[191,2,2,0,null,null],[208,1,1,0,null,null],[157,1,1,0,null,null]]}},{"type":"Feature","geometry":{"type":"Polygon","coordinates":[[[-156.48863,58.59101],[-156.49069,58.58963],[-156.48946,58.58817],[-156.48616,58.58809],[-156.48409,58.58947],[-156.48533,58.59093],[-156.48863,58.59101]]]},"properties":{"cell":"890cee81057ffff","res":9,"coarsened":false,"count":2,"hv":2,"mp":0,"y0":null,"y1":null,"sp":[[75,2,2,0,null,null]]}},{"type":"Feature","geometry":{"type":"Polygon","coordinates":[[[-156.43962,58.50259],[-156.44168,58.50121],[-156.44045,58.49975],[-156.43716,58.49967],[-156.4351,58.50105],[-156.43634,58.50251],[-156.43962,58.50259]]]},"properties":{"cell":"890cee8f563ffff","res":9,"coarsened":false,"count":3,"hv":3,"mp":0,"y0":null,"y1":null,"sp":[[75,3,3,0,null,null]]}},{"type":"Feature","geometry":{"type":"Polygon","coordinates":[[[-156.51109,58.46142],[-156.51314,58.46004],[-156.51191,58.45858],[-156.50862,58.45851],[-156.50657,58.45989],[-156.5078,58.46134],[-156.51109,58.46142]]]},"properties":{"cell":"890cee8d093ffff","res":9,"coarsened":false,"count":1,"hv":1,"mp":0,"y0":null,"y1":null,"sp":[[75,1,1,0,null,null]]}},{"type":"Feature","geometry":{"type":"Polygon","coordinates":[[[-156.37155,58.58244],[-156.37361,58.58106],[-156.37238,58.5796],[-156.36909,58.57952],[-156.36702,58.5809],[-156.36825,58.58236],[-156.37155,58.58244]]]},"properties":{"cell":"890cee8038fffff","res":9,"coarsened":false,"count":5,"hv":5,"mp":0,"y0":null,"y1":null,"sp":[[75,5,5,0,null,null]]}},{"type":"Feature","geometry":{"type":"Polygon","coordinates":[[[-156.47088,58.53193],[-156.47294,58.53055],[-156.4717,58.52909],[-156.46841,58.52901],[-156.46635,58.53039],[-156.46759,58.53185],[-156.47088,58.53193]]]},"properties":{"cell":"890cee81a6bffff","res":9,"coarsened":false,"count":2,"hv":2,"mp":0,"y0":null,"y1":null,"sp":[[75,2,2,0,null,null]]}},{"type":"Feature","geometry":{"type":"Polygon","coordinates":[[[-156.45318,58.54152],[-156.45524,58.54014],[-156.454,58.53868],[-156.45071,58.5386],[-156.44865,58.53998],[-156.44989,58.54144],[-156.45318,58.54152]]]},"properties":{"cell":"890cee81a17ffff","res":9,"coarsened":false,"count":1,"hv":1,"mp":0,"y0":null,"y1":null,"sp":[[75,1,1,0,null,null]]}},{"type":"Feature","geometry":{"type":"Polygon","coordinates":[[[-156.40205,58.58033],[-156.40412,58.57895],[-156.40288,58.57749],[-156.39959,58.57741],[-156.39752,58.57879],[-156.39876,58.58025],[-156.40205,58.58033]]]},"properties":{"cell":"890cee8022fffff","res":9,"coarsened":false,"count":1,"hv":1,"mp":0,"y0":null,"y1":null,"sp":[[75,1,1,0,null,null]]}},{"type":"Feature","geometry":{"type":"Polygon","coordinates":[[[-156.46306,58.61044],[-156.46513,58.60906],[-156.46389,58.6076],[-156.46059,58.60752],[-156.45852,58.6089],[-156.45976,58.61036],[-156.46306,58.61044]]]},"properties":{"cell":"890cee814abffff","res":9,"coarsened":false,"count":1,"hv":1,"mp":0,"y0":null,"y1":null,"sp":[[75,1,1,0,null,null]]}},{"type":"Feature","geometry":{"type":"Polygon","coordinates":[[[-156.40251,58.56174],[-156.40457,58.56036],[-156.40334,58.5589],[-156.40004,58.55882],[-156.39798,58.5602],[-156.39921,58.56166],[-156.40251,58.56174]]]},"properties":{"cell":"890cee81c27ffff","res":9,"coarsened":false,"count":2,"hv":2,"mp":0,"y0":null,"y1":null,"sp":[[75,2,2,0,null,null]]}},{"type":"Feature","geometry":{"type":"Polygon","coordinates":[[[-156.39013,58.57002],[-156.39219,58.56864],[-156.39096,58.56718],[-156.38766,58.5671],[-156.3856,58.56848],[-156.38683,58.56994],[-156.39013,58.57002]]]},"properties":{"cell":"890cee8036bffff","res":9,"coarsened":false,"count":3,"hv":3,"mp":0,"y0":null,"y1":null,"sp":[[75,3,3,0,null,null]]}},{"type":"Feature","geometry":{"type":"Polygon","coordinates":[[[-156.47047,58.55051],[-156.47253,58.54913],[-156.47129,58.54767],[-156.468,58.54759],[-156.46594,58.54898],[-156.46718,58.55044],[-156.47047,58.55051]]]},"properties":{"cell":"890cee8ada7ffff","res":9,"coarsened":false,"count":2,"hv":2,"mp":0,"y0":null,"y1":null,"sp":[[75,2,2,0,null,null]]}},{"type":"Feature","geometry":{"type":"Polygon","coordinates":[[[-156.36166,58.5822],[-156.36372,58.58082],[-156.36249,58.57935],[-156.3592,58.57927],[-156.35713,58.58065],[-156.35836,58.58211],[-156.36166,58.5822]]]},"properties":{"cell":"890cee803b3ffff","res":9,"coarsened":false,"count":2,"hv":2,"mp":0,"y0":null,"y1":null,"sp":[[75,2,2,0,null,null]]}},{"type":"Feature","geometry":{"type":"Polygon","coordinates":[[[-156.52006,58.43021],[-156.5221,58.42883],[-156.52087,58.42737],[-156.51759,58.4273],[-156.51554,58.42868],[-156.51678,58.43013],[-156.52006,58.43021]]]},"properties":{"cell":"890cee8d307ffff","res":9,"coarsened":false,"count":2,"hv":2,"mp":0,"y0":null,"y1":null,"sp":[[75,2,2,0,null,null]]}},{"type":"Feature","geometry":{"type":"Polygon","coordinates":[[[-156.461,58.5317],[-156.46306,58.53032],[-156.46182,58.52886],[-156.45853,58.52878],[-156.45647,58.53016],[-156.45771,58.53162],[-156.461,58.5317]]]},"properties":{"cell":"890cee81a67ffff","res":9,"coarsened":false,"count":1,"hv":1,"mp":0,"y0":null,"y1":null,"sp":[[75,1,1,0,null,null]]}},{"type":"Feature","geometry":{"type":"Polygon","coordinates":[[[-156.49917,58.45114],[-156.50122,58.44976],[-156.49999,58.44831],[-156.4967,58.44823],[-156.49465,58.44961],[-156.49588,58.45107],[-156.49917,58.45114]]]},"properties":{"cell":"890cee8d0a7ffff","res":9,"coarsened":false,"count":1,"hv":1,"mp":0,"y0":null,"y1":null,"sp":[[75,1,1,0,null,null]]}},{"type":"Feature","geometry":{"type":"Polygon","coordinates":[[[-156.4392,58.52116],[-156.44126,58.51978],[-156.44002,58.51832],[-156.43673,58.51824],[-156.43468,58.51962],[-156.43591,58.52108],[-156.4392,58.52116]]]},"properties":{"cell":"890cee81b6bffff","res":9,"coarsened":false,"count":1,"hv":1,"mp":0,"y0":null,"y1":null,"sp":[[75,1,1,0,null,null]]}},{"type":"Feature","geometry":{"type":"Polygon","coordinates":[[[-156.46924,58.57194],[-156.4713,58.57056],[-156.47007,58.5691],[-156.46677,58.56902],[-156.46471,58.5704],[-156.46595,58.57186],[-156.46924,58.57194]]]},"properties":{"cell":"890cee813a3ffff","res":9,"coarsened":false,"count":3,"hv":3,"mp":0,"y0":null,"y1":null,"sp":[[75,3,3,0,null,null]]}},{"type":"Feature","geometry":{"type":"Polygon","coordinates":[[[-156.49895,58.90114],[-156.50103,58.89975],[-156.49978,58.89828],[-156.49644,58.8982],[-156.49436,58.89959],[-156.49561,58.90105],[-156.49895,58.90114]]]},"properties":{"cell":"890ce174a0bffff","res":9,"coarsened":false,"count":4,"hv":4,"mp":0,"y0":null,"y1":null,"sp":[[75,4,4,0,null,null]]}},{"type":"Feature","geometry":{"type":"Polygon","coordinates":[[[-156.37941,58.57262],[-156.38147,58.57124],[-156.38024,58.56978],[-156.37695,58.5697],[-156.37488,58.57108],[-156.37611,58.57254],[-156.37941,58.57262]]]},"properties":{"cell":"890cee80377ffff","res":9,"coarsened":false,"count":1,"hv":1,"mp":0,"y0":null,"y1":null,"sp":[[75,1,1,0,null,null]]}},{"type":"Feature","geometry":{"type":"Polygon","coordinates":[[[-156.34188,58.5817],[-156.34395,58.58032],[-156.34272,58.57886],[-156.33942,58.57878],[-156.33736,58.58016],[-156.33858,58.58162],[-156.34188,58.5817]]]},"properties":{"cell":"890cee80177ffff","res":9,"coarsened":false,"count":1,"hv":1,"mp":0,"y0":null,"y1":null,"sp":[[75,1,1,0,null,null]]}},{"type":"Feature","geometry":{"type":"Polygon","coordinates":[[[-156.50315,58.92137],[-156.50524,58.91998],[-156.50398,58.91852],[-156.50064,58.91843],[-156.49856,58.91982],[-156.49981,58.92129],[-156.50315,58.92137]]]},"properties":{"cell":"890ce174e43ffff","res":9,"coarsened":false,"count":1,"hv":1,"mp":0,"y0":null,"y1":null,"sp":[[75,1,1,0,null,null]]}},{"type":"Feature","geometry":{"type":"Polygon","coordinates":[[[-156.48242,58.56081],[-156.48448,58.55943],[-156.48325,58.55797],[-156.47995,58.55789],[-156.47789,58.55927],[-156.47913,58.56073],[-156.48242,58.56081]]]},"properties":{"cell":"890cee8ad93ffff","res":9,"coarsened":false,"count":3,"hv":3,"mp":0,"y0":null,"y1":null,"sp":[[75,3,3,0,null,null]]}},{"type":"Feature","geometry":{"type":"Polygon","coordinates":[[[-156.38144,58.58269],[-156.3835,58.58131],[-156.38227,58.57984],[-156.37898,58.57976],[-156.37691,58.58114],[-156.37814,58.5826],[-156.38144,58.58269]]]},"properties":{"cell":"890cee803c7ffff","res":9,"coarsened":false,"count":1,"hv":1,"mp":0,"y0":null,"y1":null,"sp":[[75,1,1,0,null,null]]}},{"type":"Feature","geometry":{"type":"Polygon","coordinates":[[[-156.40002,58.57027],[-156.40208,58.56889],[-156.40085,58.56742],[-156.39755,58.56734],[-156.39549,58.56872],[-156.39672,58.57018],[-156.40002,58.57027]]]},"properties":{"cell":"890cee81ca3ffff","res":9,"coarsened":false,"count":1,"hv":1,"mp":0,"y0":null,"y1":null,"sp":[[75,1,1,0,null,null]]}},{"type":"Feature","geometry":{"type":"Polygon","coordinates":[[[-156.43173,58.58106],[-156.43379,58.57967],[-156.43256,58.57821],[-156.42926,58.57813],[-156.4272,58.57951],[-156.42843,58.58097],[-156.43173,58.58106]]]},"properties":{"cell":"890cee811a3ffff","res":9,"coarsened":false,"count":1,"hv":1,"mp":0,"y0":null,"y1":null,"sp":[[75,1,1,0,null,null]]}},{"type":"Feature","geometry":{"type":"Polygon","coordinates":[[[-156.51068,58.93019],[-156.51277,58.9288],[-156.51151,58.92733],[-156.50817,58.92725],[-156.50609,58.92864],[-156.50734,58.9301],[-156.51068,58.93019]]]},"properties":{"cell":"890ce174333ffff","res":9,"coarsened":false,"count":1,"hv":1,"mp":0,"y0":null,"y1":null,"sp":[[75,1,1,0,null,null]]}},{"type":"Feature","geometry":{"type":"Polygon","coordinates":[[[-156.42057,58.60225],[-156.42263,58.60087],[-156.4214,58.59941],[-156.4181,58.59933],[-156.41603,58.60071],[-156.41727,58.60217],[-156.42057,58.60225]]]},"properties":{"cell":"890cee815b7ffff","res":9,"coarsened":false,"count":1,"hv":1,"mp":0,"y0":null,"y1":null,"sp":[[75,1,1,0,null,null]]}},{"type":"Feature","geometry":{"type":"Polygon","coordinates":[[[-156.51157,58.96186],[-156.51366,58.96048],[-156.5124,58.95901],[-156.50906,58.95892],[-156.50697,58.96031],[-156.50823,58.96178],[-156.51157,58.96186]]]},"properties":{"cell":"890ce17409bffff","res":9,"coarsened":false,"count":1,"hv":1,"mp":0,"y0":null,"y1":null,"sp":[[75,1,1,0,null,null]]}},{"type":"Feature","geometry":{"type":"Polygon","coordinates":[[[-156.22059,58.27177],[-156.22264,58.2704],[-156.22143,58.26895],[-156.21817,58.26887],[-156.21612,58.27024],[-156.21733,58.27169],[-156.22059,58.27177]]]},"properties":{"cell":"890ceea8483ffff","res":9,"coarsened":false,"count":1,"hv":1,"mp":0,"y0":null,"y1":null,"sp":[[75,1,1,0,null,null]]}},{"type":"Feature","geometry":{"type":"Polygon","coordinates":[[[-156.1698,58.26051],[-156.17185,58.25914],[-156.17065,58.25768],[-156.16739,58.2576],[-156.16534,58.25897],[-156.16655,58.26042],[-156.1698,58.26051]]]},"properties":{"cell":"890ceeaae47ffff","res":9,"coarsened":false,"count":2,"hv":2,"mp":0,"y0":null,"y1":null,"sp":[[75,2,2,0,null,null]]}},{"type":"Feature","geometry":{"type":"Polygon","coordinates":[[[-156.41366,58.54056],[-156.41572,58.53918],[-156.41449,58.53772],[-156.4112,58.53764],[-156.40914,58.53902],[-156.41037,58.54048],[-156.41366,58.54056]]]},"properties":{"cell":"890cee8182fffff","res":9,"coarsened":false,"count":1,"hv":1,"mp":0,"y0":null,"y1":null,"sp":[[75,1,1,0,null,null]]}},{"type":"Feature","geometry":{"type":"Polygon","coordinates":[[[-156.23231,58.3319],[-156.23436,58.33053],[-156.23315,58.32907],[-156.22989,58.32899],[-156.22783,58.33036],[-156.22905,58.33182],[-156.23231,58.3319]]]},"properties":{"cell":"890ceeb9833ffff","res":9,"coarsened":false,"count":1,"hv":1,"mp":0,"y0":null,"y1":null,"sp":[[75,1,1,0,null,null]]}},{"type":"Feature","geometry":{"type":"Polygon","coordinates":[[[-156.15222,58.45107],[-156.15429,58.4497],[-156.15308,58.44824],[-156.1498,58.44816],[-156.14773,58.44953],[-156.14895,58.45099],[-156.15222,58.45107]]]},"properties":{"cell":"890ceeba443ffff","res":9,"coarsened":false,"count":1,"hv":1,"mp":0,"y0":null,"y1":null,"sp":[[75,1,1,0,null,null]]}},{"type":"Feature","geometry":{"type":"Polygon","coordinates":[[[-154.87166,59.09268],[-154.87383,59.09132],[-154.87266,59.08984],[-154.86933,59.08972],[-154.86717,59.09107],[-154.86833,59.09256],[-154.87166,59.09268]]]},"properties":{"cell":"890cec99207ffff","res":9,"coarsened":false,"count":1,"hv":1,"mp":0,"y0":null,"y1":null,"sp":[[73,1,1,0,null,null]]}},{"type":"Feature","geometry":{"type":"Polygon","coordinates":[[[-154.83022,59.08105],[-154.83239,59.0797],[-154.83122,59.07821],[-154.8279,59.07809],[-154.82573,59.07945],[-154.82689,59.08093],[-154.83022,59.08105]]]},"properties":{"cell":"890cec993afffff","res":9,"coarsened":false,"count":3,"hv":3,"mp":0,"y0":null,"y1":null,"sp":[[27,1,1,0,null,null],[64,1,1,0,null,null],[175,1,1,0,null,null]]}},{"type":"Feature","geometry":{"type":"Polygon","coordinates":[[[-156.11013,58.44282],[-156.11219,58.44145],[-156.11098,58.43999],[-156.10771,58.43991],[-156.10564,58.44128],[-156.10685,58.44274],[-156.11013,58.44282]]]},"properties":{"cell":"890ceeba51bffff","res":9,"coarsened":false,"count":2,"hv":2,"mp":0,"y0":null,"y1":null,"sp":[[75,2,2,0,null,null]]}},{"type":"Feature","geometry":{"type":"Polygon","coordinates":[[[-154.82325,59.07216],[-154.82541,59.0708],[-154.82425,59.06932],[-154.82093,59.06919],[-154.81876,59.07055],[-154.81992,59.07203],[-154.82325,59.07216]]]},"properties":{"cell":"890cec99e57ffff","res":9,"coarsened":false,"count":5,"hv":5,"mp":0,"y0":null,"y1":null,"sp":[[120,1,1,0,null,null],[204,1,1,0,null,null],[64,1,1,0,null,null],[53,1,1,0,null,null],[182,1,1,0,null,null]]}},{"type":"Feature","geometry":{"type":"Polygon","coordinates":[[[-156.15177,59.08219],[-156.15388,59.08081],[-156.15264,59.07934],[-156.14929,59.07924],[-156.14718,59.08063],[-156.14842,59.0821],[-156.15177,59.08219]]]},"properties":{"cell":"890ce13a583ffff","res":9,"coarsened":false,"count":1,"hv":1,"mp":0,"y0":null,"y1":null,"sp":[[75,1,1,0,null,null]]}},{"type":"Feature","geometry":{"type":"Polygon","coordinates":[[[-156.08065,58.44204],[-156.08271,58.44067],[-156.08151,58.43921],[-156.07823,58.43912],[-156.07617,58.44049],[-156.07737,58.44195],[-156.08065,58.44204]]]},"properties":{"cell":"890ceeb166bffff","res":9,"coarsened":false,"count":1,"hv":1,"mp":0,"y0":null,"y1":null,"sp":[[75,1,1,0,null,null]]}},{"type":"Feature","geometry":{"type":"Polygon","coordinates":[[[-156.39262,58.5615],[-156.39468,58.56012],[-156.39345,58.55866],[-156.39016,58.55858],[-156.38809,58.55996],[-156.38933,58.56142],[-156.39262,58.5615]]]},"properties":{"cell":"890cee81dcfffff","res":9,"coarsened":false,"count":3,"hv":3,"mp":0,"y0":null,"y1":null,"sp":[[75,3,3,0,null,null]]}},{"type":"Feature","geometry":{"type":"Polygon","coordinates":[[[-156.34139,58.60029],[-156.34346,58.59891],[-156.34222,58.59745],[-156.33893,58.59737],[-156.33686,58.59875],[-156.33809,58.60021],[-156.34139,58.60029]]]},"properties":{"cell":"890cee80563ffff","res":9,"coarsened":false,"count":2,"hv":2,"mp":0,"y0":null,"y1":null,"sp":[[75,2,2,0,null,null]]}},{"type":"Feature","geometry":{"type":"Polygon","coordinates":[[[-156.45894,58.52164],[-156.461,58.52026],[-156.45977,58.5188],[-156.45648,58.51872],[-156.45442,58.5201],[-156.45565,58.52156],[-156.45894,58.52164]]]},"properties":{"cell":"890cee8f417ffff","res":9,"coarsened":false,"count":1,"hv":1,"mp":0,"y0":null,"y1":null,"sp":[[75,1,1,0,null,null]]}},{"type":"Feature","geometry":{"type":"Polygon","coordinates":[[[-156.46018,58.50022],[-156.46223,58.49884],[-156.461,58.49739],[-156.45771,58.49731],[-156.45566,58.49869],[-156.45689,58.50015],[-156.46018,58.50022]]]},"properties":{"cell":"890cee8f0abffff","res":9,"coarsened":false,"count":2,"hv":2,"mp":0,"y0":null,"y1":null,"sp":[[75,2,2,0,null,null]]}},{"type":"Feature","geometry":{"type":"Polygon","coordinates":[[[-156.14256,58.40087],[-156.14462,58.3995],[-156.14341,58.39804],[-156.14014,58.39796],[-156.13808,58.39933],[-156.13929,58.40079],[-156.14256,58.40087]]]},"properties":{"cell":"890ceeb8597ffff","res":9,"coarsened":false,"count":2,"hv":2,"mp":0,"y0":null,"y1":null,"sp":[[75,2,2,0,null,null]]}},{"type":"Feature","geometry":{"type":"Polygon","coordinates":[[[-156.04963,59.10098],[-156.05175,59.0996],[-156.05051,59.09812],[-156.04716,59.09803],[-156.04504,59.09941],[-156.04627,59.10089],[-156.04963,59.10098]]]},"properties":{"cell":"890ce13330bffff","res":9,"coarsened":false,"count":1,"hv":1,"mp":0,"y0":null,"y1":null,"sp":[[75,1,1,0,null,null]]}},{"type":"Feature","geometry":{"type":"Polygon","coordinates":[[[-156.52319,58.92186],[-156.52528,58.92047],[-156.52402,58.919],[-156.52068,58.91892],[-156.5186,58.92031],[-156.51985,58.92178],[-156.52319,58.92186]]]},"properties":{"cell":"890ce175d9bffff","res":9,"coarsened":false,"count":1,"hv":1,"mp":0,"y0":null,"y1":null,"sp":[[75,1,1,0,null,null]]}},{"type":"Feature","geometry":{"type":"Polygon","coordinates":[[[-156.47869,58.52211],[-156.48075,58.52073],[-156.47951,58.51927],[-156.47622,58.51919],[-156.47417,58.52057],[-156.4754,58.52203],[-156.47869,58.52211]]]},"properties":{"cell":"890cee8f453ffff","res":9,"coarsened":false,"count":2,"hv":2,"mp":0,"y0":null,"y1":null,"sp":[[75,2,2,0,null,null]]}},{"type":"Feature","geometry":{"type":"Polygon","coordinates":[[[-156.2787,58.29175],[-156.28075,58.29038],[-156.27954,58.28892],[-156.27628,58.28884],[-156.27423,58.29022],[-156.27544,58.29167],[-156.2787,58.29175]]]},"properties":{"cell":"890ceeab087ffff","res":9,"coarsened":false,"count":1,"hv":1,"mp":0,"y0":null,"y1":null,"sp":[[75,1,1,0,null,null]]}},{"type":"Feature","geometry":{"type":"Polygon","coordinates":[[[-156.49063,58.5324],[-156.49269,58.53102],[-156.49145,58.52956],[-156.48816,58.52948],[-156.48611,58.53086],[-156.48734,58.53232],[-156.49063,58.5324]]]},"properties":{"cell":"890cee8a917ffff","res":9,"coarsened":false,"count":3,"hv":3,"mp":0,"y0":null,"y1":null,"sp":[[75,3,3,0,null,null]]}},{"type":"Feature","geometry":{"type":"Polygon","coordinates":[[[-156.10019,59.05196],[-156.1023,59.05058],[-156.10106,59.0491],[-156.09771,59.04901],[-156.0956,59.05039],[-156.09684,59.05187],[-156.10019,59.05196]]]},"properties":{"cell":"890ce13130bffff","res":9,"coarsened":false,"count":1,"hv":1,"mp":0,"y0":null,"y1":null,"sp":[[75,1,1,0,null,null]]}},{"type":"Feature","geometry":{"type":"Polygon","coordinates":[[[-156.51938,58.50163],[-156.52144,58.50025],[-156.5202,58.49879],[-156.51691,58.49871],[-156.51486,58.50009],[-156.51609,58.50155],[-156.51938,58.50163]]]},"properties":{"cell":"890cee88da7ffff","res":9,"coarsened":false,"count":5,"hv":5,"mp":0,"y0":null,"y1":null,"sp":[[75,5,5,0,null,null]]}},{"type":"Feature","geometry":{"type":"Polygon","coordinates":[[[-156.5133,58.9907],[-156.51539,58.98931],[-156.51413,58.98784],[-156.51078,58.98776],[-156.50869,58.98915],[-156.50995,58.99062],[-156.5133,58.9907]]]},"properties":{"cell":"890ce176247ffff","res":9,"coarsened":false,"count":1,"hv":1,"mp":0,"y0":null,"y1":null,"sp":[[75,1,1,0,null,null]]}},{"type":"Feature","geometry":{"type":"Polygon","coordinates":[[[-156.46882,58.52187],[-156.47087,58.52049],[-156.46964,58.51903],[-156.46635,58.51896],[-156.46429,58.52034],[-156.46553,58.5218],[-156.46882,58.52187]]]},"properties":{"cell":"890cee8f41bffff","res":9,"coarsened":false,"count":1,"hv":1,"mp":0,"y0":null,"y1":null,"sp":[[75,1,1,0,null,null]]}},{"type":"Feature","geometry":{"type":"Polygon","coordinates":[[[-156.38418,58.93137],[-156.38627,58.92998],[-156.38502,58.92851],[-156.38168,58.92843],[-156.37959,58.92981],[-156.38084,58.93128],[-156.38418,58.93137]]]},"properties":{"cell":"890ce12b61bffff","res":9,"coarsened":false,"count":1,"hv":1,"mp":0,"y0":null,"y1":null,"sp":[[75,1,1,0,null,null]]}},{"type":"Feature","geometry":{"type":"Polygon","coordinates":[[[-156.34227,58.97059],[-156.34436,58.9692],[-156.34312,58.96773],[-156.33977,58.96765],[-156.33768,58.96903],[-156.33893,58.9705],[-156.34227,58.97059]]]},"properties":{"cell":"890ce139e6bffff","res":9,"coarsened":false,"count":1,"hv":1,"mp":0,"y0":null,"y1":null,"sp":[[75,1,1,0,null,null]]}},{"type":"Feature","geometry":{"type":"Polygon","coordinates":[[[-156.27902,59.18225],[-156.28113,59.18087],[-156.27988,59.17939],[-156.27651,59.1793],[-156.2744,59.18069],[-156.27565,59.18216],[-156.27902,59.18225]]]},"properties":{"cell":"890ce1073cfffff","res":9,"coarsened":false,"count":1,"hv":1,"mp":0,"y0":null,"y1":null,"sp":[[75,1,1,0,null,null]]}},{"type":"Feature","geometry":{"type":"Polygon","coordinates":[[[-156.50952,58.5014],[-156.51157,58.50001],[-156.51033,58.49856],[-156.50704,58.49848],[-156.50499,58.49986],[-156.50623,58.50132],[-156.50952,58.5014]]]},"properties":{"cell":"890cee8f66fffff","res":9,"coarsened":false,"count":3,"hv":3,"mp":0,"y0":null,"y1":null,"sp":[[75,3,3,0,null,null]]}},{"type":"Feature","geometry":{"type":"Polygon","coordinates":[[[-156.48311,58.92088],[-156.4852,58.9195],[-156.48395,58.91803],[-156.48061,58.91795],[-156.47852,58.91933],[-156.47977,58.9208],[-156.48311,58.92088]]]},"properties":{"cell":"890ce174e07ffff","res":9,"coarsened":false,"count":1,"hv":1,"mp":0,"y0":null,"y1":null,"sp":[[75,1,1,0,null,null]]}},{"type":"Feature","geometry":{"type":"Polygon","coordinates":[[[-156.41826,59.02147],[-156.42036,59.02008],[-156.4191,59.01861],[-156.41575,59.01852],[-156.41366,59.01991],[-156.41491,59.02138],[-156.41826,59.02147]]]},"properties":{"cell":"890ce176593ffff","res":9,"coarsened":false,"count":1,"hv":1,"mp":0,"y0":null,"y1":null,"sp":[[75,1,1,0,null,null]]}},{"type":"Feature","geometry":{"type":"Polygon","coordinates":[[[-156.4023,59.04123],[-156.4044,59.03985],[-156.40315,59.03837],[-156.3998,59.03829],[-156.3977,59.03968],[-156.39895,59.04115],[-156.4023,59.04123]]]},"properties":{"cell":"890ce10c95bffff","res":9,"coarsened":false,"count":1,"hv":1,"mp":0,"y0":null,"y1":null,"sp":[[75,1,1,0,null,null]]}},{"type":"Feature","geometry":{"type":"Polygon","coordinates":[[[-156.35218,59.21016],[-156.3543,59.20877],[-156.35304,59.2073],[-156.34966,59.20721],[-156.34755,59.2086],[-156.34881,59.21007],[-156.35218,59.21016]]]},"properties":{"cell":"890ce100cafffff","res":9,"coarsened":false,"count":1,"hv":1,"mp":0,"y0":null,"y1":null,"sp":[[75,1,1,0,null,null]]}},{"type":"Feature","geometry":{"type":"Polygon","coordinates":[[[-156.25017,59.21036],[-156.25229,59.20897],[-156.25104,59.2075],[-156.24767,59.20741],[-156.24555,59.20879],[-156.2468,59.21027],[-156.25017,59.21036]]]},"properties":{"cell":"890ce10742fffff","res":9,"coarsened":false,"count":1,"hv":1,"mp":0,"y0":null,"y1":null,"sp":[[75,1,1,0,null,null]]}},{"type":"Feature","geometry":{"type":"Polygon","coordinates":[[[-156.13956,59.12222],[-156.14168,59.12084],[-156.14044,59.11936],[-156.13708,59.11927],[-156.13496,59.12066],[-156.1362,59.12213],[-156.13956,59.12222]]]},"properties":{"cell":"890ce104883ffff","res":9,"coarsened":false,"count":1,"hv":1,"mp":0,"y0":null,"y1":null,"sp":[[75,1,1,0,null,null]]}},{"type":"Feature","geometry":{"type":"Polygon","coordinates":[[[-156.13261,59.21149],[-156.13473,59.21011],[-156.13349,59.20863],[-156.13012,59.20854],[-156.128,59.20992],[-156.12924,59.2114],[-156.13261,59.21149]]]},"properties":{"cell":"890ce10654fffff","res":9,"coarsened":false,"count":1,"hv":1,"mp":0,"y0":null,"y1":null,"sp":[[75,1,1,0,null,null]]}},{"type":"Feature","geometry":{"type":"Polygon","coordinates":[[[-156.12251,59.21121],[-156.12463,59.20983],[-156.12338,59.20835],[-156.12002,59.20826],[-156.11789,59.20964],[-156.11914,59.21112],[-156.12251,59.21121]]]},"properties":{"cell":"890ce106573ffff","res":9,"coarsened":false,"count":1,"hv":1,"mp":0,"y0":null,"y1":null,"sp":[[75,1,1,0,null,null]]}},{"type":"Feature","geometry":{"type":"Polygon","coordinates":[[[-156.10911,59.17187],[-156.11124,59.17049],[-156.10999,59.16901],[-156.10663,59.16891],[-156.10451,59.1703],[-156.10575,59.17178],[-156.10911,59.17187]]]},"properties":{"cell":"890ce1068dbffff","res":9,"coarsened":false,"count":2,"hv":2,"mp":0,"y0":null,"y1":null,"sp":[[75,2,2,0,null,null]]}},{"type":"Feature","geometry":{"type":"Polygon","coordinates":[[[-156.50002,59.07105],[-156.50212,59.06966],[-156.50085,59.06819],[-156.4975,59.06811],[-156.4954,59.0695],[-156.49666,59.07097],[-156.50002,59.07105]]]},"properties":{"cell":"890ce10c34bffff","res":9,"coarsened":false,"count":1,"hv":1,"mp":0,"y0":null,"y1":null,"sp":[[75,1,1,0,null,null]]}},{"type":"Feature","geometry":{"type":"Polygon","coordinates":[[[-156.47005,58.50046],[-156.4721,58.49908],[-156.47087,58.49762],[-156.46758,58.49754],[-156.46552,58.49892],[-156.46676,58.50038],[-156.47005,58.50046]]]},"properties":{"cell":"890cee8f003ffff","res":9,"coarsened":false,"count":3,"hv":3,"mp":0,"y0":null,"y1":null,"sp":[[75,3,3,0,null,null]]}},{"type":"Feature","geometry":{"type":"Polygon","coordinates":[[[-156.4522,58.99207],[-156.45429,58.99069],[-156.45304,58.98922],[-156.44969,58.98913],[-156.4476,58.99052],[-156.44885,58.99199],[-156.4522,58.99207]]]},"properties":{"cell":"890ce17615bffff","res":9,"coarsened":false,"count":1,"hv":1,"mp":0,"y0":null,"y1":null,"sp":[[75,1,1,0,null,null]]}},{"type":"Feature","geometry":{"type":"Polygon","coordinates":[[[-156.41345,58.90047],[-156.41554,58.89908],[-156.41429,58.89761],[-156.41095,58.89753],[-156.40887,58.89891],[-156.41011,58.90038],[-156.41345,58.90047]]]},"properties":{"cell":"890ce1749abffff","res":9,"coarsened":false,"count":2,"hv":2,"mp":0,"y0":null,"y1":null,"sp":[[75,2,2,0,null,null]]}},{"type":"Feature","geometry":{"type":"Polygon","coordinates":[[[-156.38171,58.63279],[-156.38378,58.63141],[-156.38254,58.62995],[-156.37924,58.62987],[-156.37717,58.63125],[-156.3784,58.63271],[-156.38171,58.63279]]]},"properties":{"cell":"890cee831b3ffff","res":9,"coarsened":false,"count":1,"hv":1,"mp":0,"y0":null,"y1":null,"sp":[[75,1,1,0,null,null]]}},{"type":"Feature","geometry":{"type":"Polygon","coordinates":[[[-156.35107,58.55046],[-156.35313,58.54908],[-156.35191,58.54762],[-156.34861,58.54754],[-156.34655,58.54892],[-156.34778,58.55038],[-156.35107,58.55046]]]},"properties":{"cell":"890cee80a13ffff","res":9,"coarsened":false,"count":1,"hv":1,"mp":0,"y0":null,"y1":null,"sp":[[75,1,1,0,null,null]]}},{"type":"Feature","geometry":{"type":"Polygon","coordinates":[[[-156.48995,58.67268],[-156.49202,58.67129],[-156.49078,58.66983],[-156.48747,58.66975],[-156.4854,58.67113],[-156.48664,58.6726],[-156.48995,58.67268]]]},"properties":{"cell":"890cee9a867ffff","res":9,"coarsened":false,"count":1,"hv":1,"mp":0,"y0":null,"y1":null,"sp":[[75,1,1,0,null,null]]}},{"type":"Feature","geometry":{"type":"Polygon","coordinates":[[[-156.471,58.91052],[-156.47309,58.90913],[-156.47184,58.90766],[-156.4685,58.90758],[-156.46641,58.90897],[-156.46767,58.91044],[-156.471,58.91052]]]},"properties":{"cell":"890ce174843ffff","res":9,"coarsened":false,"count":1,"hv":1,"mp":0,"y0":null,"y1":null,"sp":[[75,1,1,0,null,null]]}},{"type":"Feature","geometry":{"type":"Polygon","coordinates":[[[-156.44907,58.5214],[-156.45113,58.52002],[-156.44989,58.51856],[-156.4466,58.51848],[-156.44455,58.51986],[-156.44578,58.52132],[-156.44907,58.5214]]]},"properties":{"cell":"890cee8f4a3ffff","res":9,"coarsened":false,"count":1,"hv":1,"mp":0,"y0":null,"y1":null,"sp":[[75,1,1,0,null,null]]}},{"type":"Feature","geometry":{"type":"Polygon","coordinates":[[[-156.41979,58.57075],[-156.42185,58.56937],[-156.42062,58.56791],[-156.41732,58.56783],[-156.41526,58.56921],[-156.4165,58.57067],[-156.41979,58.57075]]]},"properties":{"cell":"890cee81c1bffff","res":9,"coarsened":false,"count":2,"hv":2,"mp":0,"y0":null,"y1":null,"sp":[[75,2,2,0,null,null]]}},{"type":"Feature","geometry":{"type":"Polygon","coordinates":[[[-156.41029,59.03135],[-156.41238,59.02996],[-156.41113,59.02849],[-156.40778,59.02841],[-156.40568,59.02979],[-156.40693,59.03127],[-156.41029,59.03135]]]},"properties":{"cell":"890ce10cbabffff","res":9,"coarsened":false,"count":1,"hv":1,"mp":0,"y0":null,"y1":null,"sp":[[75,1,1,0,null,null]]}},{"type":"Feature","geometry":{"type":"Polygon","coordinates":[[[-156.37827,58.95136],[-156.38036,58.94997],[-156.37912,58.9485],[-156.37577,58.94842],[-156.37368,58.9498],[-156.37493,58.95128],[-156.37827,58.95136]]]},"properties":{"cell":"890ce17691bffff","res":9,"coarsened":false,"count":1,"hv":1,"mp":0,"y0":null,"y1":null,"sp":[[75,1,1,0,null,null]]}},{"type":"Feature","geometry":{"type":"Polygon","coordinates":[[[-156.34121,59.21276],[-156.34332,59.21138],[-156.34206,59.2099],[-156.33869,59.20981],[-156.33658,59.2112],[-156.33784,59.21268],[-156.34121,59.21276]]]},"properties":{"cell":"890ce102b6bffff","res":9,"coarsened":false,"count":1,"hv":1,"mp":0,"y0":null,"y1":null,"sp":[[75,1,1,0,null,null]]}},{"type":"Feature","geometry":{"type":"Polygon","coordinates":[[[-156.27847,59.20101],[-156.28059,59.19962],[-156.27934,59.19814],[-156.27597,59.19805],[-156.27385,59.19944],[-156.2751,59.20092],[-156.27847,59.20101]]]},"properties":{"cell":"890ce107053ffff","res":9,"coarsened":false,"count":1,"hv":1,"mp":0,"y0":null,"y1":null,"sp":[[75,1,1,0,null,null]]}},{"type":"Feature","geometry":{"type":"Polygon","coordinates":[[[-156.20294,59.0807],[-156.20505,59.07932],[-156.20381,59.07784],[-156.20046,59.07775],[-156.19835,59.07913],[-156.19959,59.08061],[-156.20294,59.0807]]]},"properties":{"cell":"890ce13a47bffff","res":9,"coarsened":false,"count":1,"hv":1,"mp":0,"y0":null,"y1":null,"sp":[[75,1,1,0,null,null]]}},{"type":"Feature","geometry":{"type":"Polygon","coordinates":[[[-156.48215,58.75135],[-156.48423,58.74997],[-156.48298,58.7485],[-156.47966,58.74842],[-156.47759,58.74981],[-156.47883,58.75127],[-156.48215,58.75135]]]},"properties":{"cell":"890ce164ba7ffff","res":9,"coarsened":false,"count":1,"hv":1,"mp":0,"y0":null,"y1":null,"sp":[[75,1,1,0,null,null]]}},{"type":"Feature","geometry":{"type":"Polygon","coordinates":[[[-156.45397,58.64172],[-156.45604,58.64034],[-156.4548,58.63888],[-156.4515,58.6388],[-156.44943,58.64018],[-156.45067,58.64164],[-156.45397,58.64172]]]},"properties":{"cell":"890cee8362fffff","res":9,"coarsened":false,"count":2,"hv":2,"mp":0,"y0":null,"y1":null,"sp":[[75,2,2,0,null,null]]}},{"type":"Feature","geometry":{"type":"Polygon","coordinates":[[[-156.39093,59.06256],[-156.39303,59.06117],[-156.39178,59.0597],[-156.38843,59.05961],[-156.38632,59.061],[-156.38758,59.06247],[-156.39093,59.06256]]]},"properties":{"cell":"890ce10cd53ffff","res":9,"coarsened":false,"count":1,"hv":1,"mp":0,"y0":null,"y1":null,"sp":[[75,1,1,0,null,null]]}},{"type":"Feature","geometry":{"type":"Polygon","coordinates":[[[-156.38019,59.15025],[-156.3823,59.14886],[-156.38104,59.14739],[-156.37767,59.1473],[-156.37557,59.14869],[-156.37682,59.15017],[-156.38019,59.15025]]]},"properties":{"cell":"890ce10e507ffff","res":9,"coarsened":false,"count":1,"hv":1,"mp":0,"y0":null,"y1":null,"sp":[[75,1,1,0,null,null]]}},{"type":"Feature","geometry":{"type":"Polygon","coordinates":[[[-156.35192,58.751],[-156.354,58.74962],[-156.35277,58.74816],[-156.34945,58.74807],[-156.34737,58.74945],[-156.34861,58.75092],[-156.35192,58.751]]]},"properties":{"cell":"890cee906bbffff","res":9,"coarsened":false,"count":1,"hv":1,"mp":0,"y0":null,"y1":null,"sp":[[75,1,1,0,null,null]]}},{"type":"Feature","geometry":{"type":"Polygon","coordinates":[[[-156.40342,58.71214],[-156.4055,58.71075],[-156.40426,58.70929],[-156.40095,58.70921],[-156.39887,58.71059],[-156.40011,58.71205],[-156.40342,58.71214]]]},"properties":{"cell":"890cee9112bffff","res":9,"coarsened":false,"count":1,"hv":1,"mp":0,"y0":null,"y1":null,"sp":[[75,1,1,0,null,null]]}},{"type":"Feature","geometry":{"type":"Polygon","coordinates":[[[-156.35177,58.58195],[-156.35384,58.58057],[-156.3526,58.57911],[-156.34931,58.57903],[-156.34724,58.58041],[-156.34847,58.58187],[-156.35177,58.58195]]]},"properties":{"cell":"890cee8017bffff","res":9,"coarsened":false,"count":1,"hv":1,"mp":0,"y0":null,"y1":null,"sp":[[75,1,1,0,null,null]]}},{"type":"Feature","geometry":{"type":"Polygon","coordinates":[[[-156.13128,59.18259],[-156.1334,59.1812],[-156.13215,59.17972],[-156.12879,59.17963],[-156.12667,59.18102],[-156.12791,59.18249],[-156.13128,59.18259]]]},"properties":{"cell":"890ce106ed7ffff","res":9,"coarsened":false,"count":2,"hv":2,"mp":0,"y0":null,"y1":null,"sp":[[75,2,2,0,null,null]]}},{"type":"Feature","geometry":{"type":"Polygon","coordinates":[[[-156.11263,59.16042],[-156.11474,59.15904],[-156.1135,59.15756],[-156.11014,59.15747],[-156.10802,59.15885],[-156.10926,59.16033],[-156.11263,59.16042]]]},"properties":{"cell":"890ce10684fffff","res":9,"coarsened":false,"count":1,"hv":1,"mp":0,"y0":null,"y1":null,"sp":[[75,1,1,0,null,null]]}},{"type":"Feature","geometry":{"type":"Polygon","coordinates":[[[-156.41236,59.04149],[-156.41446,59.0401],[-156.41321,59.03863],[-156.40985,59.03854],[-156.40776,59.03993],[-156.40901,59.0414],[-156.41236,59.04149]]]},"properties":{"cell":"890ce10cb93ffff","res":9,"coarsened":false,"count":1,"hv":1,"mp":0,"y0":null,"y1":null,"sp":[[75,1,1,0,null,null]]}},{"type":"Feature","geometry":{"type":"Polygon","coordinates":[[[-156.39098,58.72043],[-156.39305,58.71905],[-156.39182,58.71758],[-156.3885,58.7175],[-156.38643,58.71888],[-156.38767,58.72035],[-156.39098,58.72043]]]},"properties":{"cell":"890cee911a3ffff","res":9,"coarsened":false,"count":1,"hv":1,"mp":0,"y0":null,"y1":null,"sp":[[75,1,1,0,null,null]]}},{"type":"Feature","geometry":{"type":"Polygon","coordinates":[[[-156.38266,59.02201],[-156.38476,59.02062],[-156.38351,59.01915],[-156.38016,59.01906],[-156.37806,59.02045],[-156.37931,59.02192],[-156.38266,59.02201]]]},"properties":{"cell":"890ce139617ffff","res":9,"coarsened":false,"count":1,"hv":1,"mp":0,"y0":null,"y1":null,"sp":[[75,1,1,0,null,null]]}},{"type":"Feature","geometry":{"type":"Polygon","coordinates":[[[-156.21028,59.24106],[-156.2124,59.23967],[-156.21115,59.2382],[-156.20778,59.2381],[-156.20565,59.23949],[-156.20691,59.24097],[-156.21028,59.24106]]]},"properties":{"cell":"890ce11582bffff","res":9,"coarsened":false,"count":2,"hv":2,"mp":0,"y0":null,"y1":null,"sp":[[75,2,2,0,null,null]]}},{"type":"Feature","geometry":{"type":"Polygon","coordinates":[[[-156.18872,59.16107],[-156.19084,59.15968],[-156.18959,59.15821],[-156.18623,59.15812],[-156.18411,59.1595],[-156.18536,59.16098],[-156.18872,59.16107]]]},"properties":{"cell":"890ce1040b3ffff","res":9,"coarsened":false,"count":1,"hv":1,"mp":0,"y0":null,"y1":null,"sp":[[75,1,1,0,null,null]]}},{"type":"Feature","geometry":{"type":"Polygon","coordinates":[[[-156.1643,59.24125],[-156.16643,59.23987],[-156.16518,59.23839],[-156.16181,59.23829],[-156.15968,59.23968],[-156.16093,59.24116],[-156.1643,59.24125]]]},"properties":{"cell":"890ce1159b3ffff","res":9,"coarsened":false,"count":1,"hv":1,"mp":0,"y0":null,"y1":null,"sp":[[75,1,1,0,null,null]]}},{"type":"Feature","geometry":{"type":"Polygon","coordinates":[[[-156.10272,59.24243],[-156.10485,59.24105],[-156.1036,59.23957],[-156.10023,59.23948],[-156.0981,59.24086],[-156.09935,59.24234],[-156.10272,59.24243]]]},"properties":{"cell":"890ce114b83ffff","res":9,"coarsened":false,"count":1,"hv":1,"mp":0,"y0":null,"y1":null,"sp":[[75,1,1,0,null,null]]}},{"type":"Feature","geometry":{"type":"Polygon","coordinates":[[[-156.00929,59.18204],[-156.01142,59.18066],[-156.01018,59.17918],[-156.00682,59.17909],[-156.00469,59.18047],[-156.00593,59.18195],[-156.00929,59.18204]]]},"properties":{"cell":"890ce1a9eabffff","res":9,"coarsened":false,"count":1,"hv":1,"mp":0,"y0":null,"y1":null,"sp":[[75,1,1,0,null,null]]}},{"type":"Feature","geometry":{"type":"Polygon","coordinates":[[[-156.06845,59.22125],[-156.07058,59.21987],[-156.06934,59.21839],[-156.06597,59.2183],[-156.06384,59.21968],[-156.06508,59.22116],[-156.06845,59.22125]]]},"properties":{"cell":"890ce1a9633ffff","res":9,"coarsened":false,"count":1,"hv":1,"mp":0,"y0":null,"y1":null,"sp":[[75,1,1,0,null,null]]}},{"type":"Feature","geometry":{"type":"Polygon","coordinates":[[[-156.02254,59.2214],[-156.02467,59.22001],[-156.02343,59.21853],[-156.02006,59.21844],[-156.01793,59.21982],[-156.01917,59.2213],[-156.02254,59.2214]]]},"properties":{"cell":"890ce1a9543ffff","res":9,"coarsened":false,"count":1,"hv":1,"mp":0,"y0":null,"y1":null,"sp":[[75,1,1,0,null,null]]}},{"type":"Feature","geometry":{"type":"Polygon","coordinates":[[[-156.09261,59.24215],[-156.09473,59.24077],[-156.09349,59.23929],[-156.09012,59.23919],[-156.08799,59.24058],[-156.08923,59.24206],[-156.09261,59.24215]]]},"properties":{"cell":"890ce11494bffff","res":9,"coarsened":false,"count":1,"hv":1,"mp":0,"y0":null,"y1":null,"sp":[[75,1,1,0,null,null]]}},{"type":"Feature","geometry":{"type":"Polygon","coordinates":[[[-156.38212,58.92125],[-156.38421,58.91986],[-156.38296,58.91839],[-156.37962,58.91831],[-156.37753,58.9197],[-156.37878,58.92116],[-156.38212,58.92125]]]},"properties":{"cell":"890ce12b667ffff","res":9,"coarsened":false,"count":1,"hv":1,"mp":0,"y0":null,"y1":null,"sp":[[75,1,1,0,null,null]]}},{"type":"Feature","geometry":{"type":"Polygon","coordinates":[[[-156.34975,58.57188],[-156.35182,58.57051],[-156.35059,58.56904],[-156.34729,58.56896],[-156.34523,58.57034],[-156.34645,58.5718],[-156.34975,58.57188]]]},"properties":{"cell":"890cee80ec7ffff","res":9,"coarsened":false,"count":1,"hv":1,"mp":0,"y0":null,"y1":null,"sp":[[75,1,1,0,null,null]]}},{"type":"Feature","geometry":{"type":"Polygon","coordinates":[[[-156.06296,59.22254],[-156.06508,59.22116],[-156.06384,59.21968],[-156.06047,59.21958],[-156.05835,59.22097],[-156.05959,59.22245],[-156.06296,59.22254]]]},"properties":{"cell":"890ce1a96afffff","res":9,"coarsened":false,"count":2,"hv":2,"mp":0,"y0":null,"y1":null,"sp":[[75,2,2,0,null,null]]}},{"type":"Feature","geometry":{"type":"Polygon","coordinates":[[[-156.03301,59.17118],[-156.03514,59.16979],[-156.0339,59.16831],[-156.03054,59.16822],[-156.02841,59.1696],[-156.02965,59.17108],[-156.03301,59.17118]]]},"properties":{"cell":"890ce1a9ad3ffff","res":9,"coarsened":false,"count":1,"hv":1,"mp":0,"y0":null,"y1":null,"sp":[[75,1,1,0,null,null]]}},{"type":"Feature","geometry":{"type":"Polygon","coordinates":[[[-156.51368,58.97199],[-156.51577,58.9706],[-156.51451,58.96913],[-156.51117,58.96905],[-156.50908,58.97044],[-156.51034,58.97191],[-156.51368,58.97199]]]},"properties":{"cell":"890ce17440bffff","res":9,"coarsened":false,"count":1,"hv":1,"mp":0,"y0":null,"y1":null,"sp":[[75,1,1,0,null,null]]}},{"type":"Feature","geometry":{"type":"Polygon","coordinates":[[[-156.41171,58.94069],[-156.4138,58.93931],[-156.41255,58.93784],[-156.40921,58.93775],[-156.40712,58.93914],[-156.40837,58.94061],[-156.41171,58.94069]]]},"properties":{"cell":"890ce176b03ffff","res":9,"coarsened":false,"count":1,"hv":1,"mp":0,"y0":null,"y1":null,"sp":[[75,1,1,0,null,null]]}},{"type":"Feature","geometry":{"type":"Polygon","coordinates":[[[-156.34277,58.95189],[-156.34486,58.95051],[-156.34362,58.94904],[-156.34028,58.94895],[-156.33818,58.95034],[-156.33943,58.95181],[-156.34277,58.95189]]]},"properties":{"cell":"890ce139a63ffff","res":9,"coarsened":false,"count":1,"hv":1,"mp":0,"y0":null,"y1":null,"sp":[[75,1,1,0,null,null]]}},{"type":"Feature","geometry":{"type":"Polygon","coordinates":[[[-156.12377,59.04109],[-156.12588,59.03971],[-156.12464,59.03823],[-156.1213,59.03814],[-156.11919,59.03952],[-156.12042,59.041],[-156.12377,59.04109]]]},"properties":{"cell":"890ce13ac33ffff","res":9,"coarsened":false,"count":1,"hv":1,"mp":0,"y0":null,"y1":null,"sp":[[75,1,1,0,null,null]]}},{"type":"Feature","geometry":{"type":"Polygon","coordinates":[[[-156.48057,58.86044],[-156.48265,58.85905],[-156.4814,58.85758],[-156.47807,58.8575],[-156.47598,58.85889],[-156.47723,58.86036],[-156.48057,58.86044]]]},"properties":{"cell":"890ce1661d3ffff","res":9,"coarsened":false,"count":1,"hv":1,"mp":0,"y0":null,"y1":null,"sp":[[75,1,1,0,null,null]]}},{"type":"Feature","geometry":{"type":"Polygon","coordinates":[[[-156.40276,59.02252],[-156.40486,59.02113],[-156.40361,59.01966],[-156.40026,59.01957],[-156.39816,59.02096],[-156.39941,59.02243],[-156.40276,59.02252]]]},"properties":{"cell":"890ce139653ffff","res":9,"coarsened":false,"count":1,"hv":1,"mp":0,"y0":null,"y1":null,"sp":[[75,1,1,0,null,null]]}},{"type":"Feature","geometry":{"type":"Polygon","coordinates":[[[-156.25074,59.19161],[-156.25286,59.19022],[-156.2516,59.18874],[-156.24824,59.18865],[-156.24612,59.19004],[-156.24737,59.19152],[-156.25074,59.19161]]]},"properties":{"cell":"890ce107027ffff","res":9,"coarsened":false,"count":1,"hv":1,"mp":0,"y0":null,"y1":null,"sp":[[75,1,1,0,null,null]]}},{"type":"Feature","geometry":{"type":"Polygon","coordinates":[[[-156.10296,59.1919],[-156.10509,59.19052],[-156.10384,59.18904],[-156.10048,59.18895],[-156.09836,59.19033],[-156.0996,59.19181],[-156.10296,59.1919]]]},"properties":{"cell":"890ce106cdbffff","res":9,"coarsened":false,"count":1,"hv":1,"mp":0,"y0":null,"y1":null,"sp":[[75,1,1,0,null,null]]}},{"type":"Feature","geometry":{"type":"Polygon","coordinates":[[[-153.96666,58.63441],[-154.01973,58.61672],[-154.01952,58.58673],[-153.96635,58.57443],[-153.91334,58.59208],[-153.91344,58.62207],[-153.96666,58.63441]]]},"properties":{"cell":"860ceca5fffffff","res":6,"coarsened":true,"count":1,"hv":1,"mp":0,"y0":null,"y1":null,"sp":[[1,1,1,0,null,null]]}},{"type":"Feature","geometry":{"type":"Polygon","coordinates":[[[-156.52354,58.52174],[-156.5256,58.52036],[-156.52436,58.5189],[-156.52107,58.51882],[-156.51901,58.5202],[-156.52025,58.52166],[-156.52354,58.52174]]]},"properties":{"cell":"890cee8ababffff","res":9,"coarsened":false,"count":1,"hv":1,"mp":0,"y0":null,"y1":null,"sp":[[75,1,1,0,null,null]]}},{"type":"Feature","geometry":{"type":"Polygon","coordinates":[[[-156.43989,58.6901],[-156.44196,58.68871],[-156.44072,58.68725],[-156.43741,58.68717],[-156.43534,58.68855],[-156.43658,58.69001],[-156.43989,58.6901]]]},"properties":{"cell":"890cee9adabffff","res":9,"coarsened":false,"count":6,"hv":6,"mp":0,"y0":null,"y1":null,"sp":[[75,2,2,0,null,null],[82,2,2,0,null,null],[115,1,1,0,null,null],[85,1,1,0,null,null]]}},{"type":"Feature","geometry":{"type":"Polygon","coordinates":[[[-156.42242,59.04174],[-156.42452,59.04035],[-156.42326,59.03888],[-156.41991,59.0388],[-156.41781,59.04018],[-156.41907,59.04166],[-156.42242,59.04174]]]},"properties":{"cell":"890ce10c86fffff","res":9,"coarsened":false,"count":1,"hv":1,"mp":0,"y0":null,"y1":null,"sp":[[75,1,1,0,null,null]]}},{"type":"Feature","geometry":{"type":"Polygon","coordinates":[[[-156.401,59.06281],[-156.4031,59.06143],[-156.40184,59.05995],[-156.39849,59.05987],[-156.39639,59.06126],[-156.39764,59.06273],[-156.401,59.06281]]]},"properties":{"cell":"890ce10cc2fffff","res":9,"coarsened":false,"count":2,"hv":2,"mp":0,"y0":null,"y1":null,"sp":[[75,2,2,0,null,null]]}},{"type":"Feature","geometry":{"type":"Polygon","coordinates":[[[-156.33,58.74041],[-156.33208,58.73903],[-156.33084,58.73756],[-156.32753,58.73748],[-156.32545,58.73886],[-156.32669,58.74033],[-156.33,58.74041]]]},"properties":{"cell":"890cee90013ffff","res":9,"coarsened":false,"count":1,"hv":1,"mp":0,"y0":null,"y1":null,"sp":[[75,1,1,0,null,null]]}},{"type":"Feature","geometry":{"type":"Polygon","coordinates":[[[-156.23054,59.14056],[-156.23265,59.13917],[-156.2314,59.1377],[-156.22804,59.13761],[-156.22593,59.13899],[-156.22717,59.14047],[-156.23054,59.14056]]]},"properties":{"cell":"890ce104227ffff","res":9,"coarsened":false,"count":1,"hv":1,"mp":0,"y0":null,"y1":null,"sp":[[75,1,1,0,null,null]]}},{"type":"Feature","geometry":{"type":"Polygon","coordinates":[[[-156.13939,59.17271],[-156.14151,59.17132],[-156.14026,59.16985],[-156.1369,59.16975],[-156.13478,59.17114],[-156.13602,59.17261],[-156.13939,59.17271]]]},"properties":{"cell":"890ce106e47ffff","res":9,"coarsened":false,"count":1,"hv":1,"mp":0,"y0":null,"y1":null,"sp":[[75,1,1,0,null,null]]}},{"type":"Feature","geometry":{"type":"Polygon","coordinates":[[[-156.11109,59.18203],[-156.11321,59.18064],[-156.11197,59.17916],[-156.1086,59.17907],[-156.10648,59.18045],[-156.10772,59.18193],[-156.11109,59.18203]]]},"properties":{"cell":"890ce106c4bffff","res":9,"coarsened":false,"count":1,"hv":1,"mp":0,"y0":null,"y1":null,"sp":[[75,1,1,0,null,null]]}},{"type":"Feature","geometry":{"type":"Polygon","coordinates":[[[-156.0004,59.21066],[-156.00253,59.20927],[-156.00129,59.20779],[-155.99792,59.2077],[-155.99579,59.20908],[-155.99703,59.21056],[-156.0004,59.21066]]]},"properties":{"cell":"890ce1a9197ffff","res":9,"coarsened":false,"count":1,"hv":1,"mp":0,"y0":null,"y1":null,"sp":[[75,1,1,0,null,null]]}},{"type":"Feature","geometry":{"type":"Polygon","coordinates":[[[-156.43219,58.9225],[-156.43428,58.92112],[-156.43303,58.91965],[-156.42969,58.91957],[-156.4276,58.92095],[-156.42885,58.92242],[-156.43219,58.9225]]]},"properties":{"cell":"890ce174d53ffff","res":9,"coarsened":false,"count":1,"hv":1,"mp":0,"y0":null,"y1":null,"sp":[[75,1,1,0,null,null]]}},{"type":"Feature","geometry":{"type":"Polygon","coordinates":[[[-156.3723,58.73287],[-156.37438,58.73149],[-156.37314,58.73002],[-156.36982,58.72994],[-156.36775,58.73132],[-156.36899,58.73279],[-156.3723,58.73287]]]},"properties":{"cell":"890cee902c7ffff","res":9,"coarsened":false,"count":1,"hv":1,"mp":0,"y0":null,"y1":null,"sp":[[75,1,1,0,null,null]]}},{"type":"Feature","geometry":{"type":"Polygon","coordinates":[[[-156.36032,58.72253],[-156.3624,58.72115],[-156.36116,58.71969],[-156.35785,58.7196],[-156.35577,58.72098],[-156.35701,58.72245],[-156.36032,58.72253]]]},"properties":{"cell":"890cee90223ffff","res":9,"coarsened":false,"count":2,"hv":2,"mp":0,"y0":null,"y1":null,"sp":[[75,2,2,0,null,null]]}},{"type":"Feature","geometry":{"type":"Polygon","coordinates":[[[-156.15162,59.13265],[-156.15374,59.13127],[-156.15249,59.12979],[-156.14913,59.1297],[-156.14702,59.13108],[-156.14826,59.13256],[-156.15162,59.13265]]]},"properties":{"cell":"890ce104c47ffff","res":9,"coarsened":false,"count":1,"hv":1,"mp":0,"y0":null,"y1":null,"sp":[[75,1,1,0,null,null]]}},{"type":"Feature","geometry":{"type":"Polygon","coordinates":[[[-156.52032,59.14078],[-156.52242,59.13939],[-156.52115,59.13792],[-156.51779,59.13783],[-156.51568,59.13923],[-156.51695,59.1407],[-156.52032,59.14078]]]},"properties":{"cell":"890ce10f087ffff","res":9,"coarsened":false,"count":1,"hv":1,"mp":0,"y0":null,"y1":null,"sp":[[75,1,1,0,null,null]]}},{"type":"Feature","geometry":{"type":"Polygon","coordinates":[[[-156.44949,58.50283],[-156.45155,58.50145],[-156.45031,58.49999],[-156.44703,58.49991],[-156.44497,58.50129],[-156.4462,58.50275],[-156.44949,58.50283]]]},"properties":{"cell":"890cee8f0b7ffff","res":9,"coarsened":false,"count":2,"hv":2,"mp":0,"y0":null,"y1":null,"sp":[[75,2,2,0,null,null]]}},{"type":"Feature","geometry":{"type":"Polygon","coordinates":[[[-156.44183,58.87242],[-156.44391,58.87104],[-156.44266,58.86957],[-156.43933,58.86949],[-156.43725,58.87087],[-156.43849,58.87234],[-156.44183,58.87242]]]},"properties":{"cell":"890ce12966bffff","res":9,"coarsened":false,"count":1,"hv":1,"mp":0,"y0":null,"y1":null,"sp":[[75,1,1,0,null,null]]}},{"type":"Feature","geometry":{"type":"Polygon","coordinates":[[[-156.40881,58.71084],[-156.41088,58.70945],[-156.40964,58.70799],[-156.40633,58.70791],[-156.40426,58.70929],[-156.4055,58.71075],[-156.40881,58.71084]]]},"properties":{"cell":"890cee91167ffff","res":9,"coarsened":false,"count":6,"hv":6,"mp":0,"y0":null,"y1":null,"sp":[[75,6,6,0,null,null]]}},{"type":"Feature","geometry":{"type":"Polygon","coordinates":[[[-156.38071,58.5512],[-156.38277,58.54982],[-156.38154,58.54836],[-156.37825,58.54827],[-156.37618,58.54965],[-156.37741,58.55111],[-156.38071,58.5512]]]},"properties":{"cell":"890cee81d2bffff","res":9,"coarsened":false,"count":1,"hv":1,"mp":0,"y0":null,"y1":null,"sp":[[75,1,1,0,null,null]]}},{"type":"Feature","geometry":{"type":"Polygon","coordinates":[[[-156.32251,59.24117],[-156.32463,59.23978],[-156.32337,59.2383],[-156.32,59.23821],[-156.31788,59.2396],[-156.31914,59.24108],[-156.32251,59.24117]]]},"properties":{"cell":"890ce102803ffff","res":9,"coarsened":false,"count":1,"hv":1,"mp":0,"y0":null,"y1":null,"sp":[[75,1,1,0,null,null]]}},{"type":"Feature","geometry":{"type":"Polygon","coordinates":[[[-156.51912,58.97068],[-156.52121,58.96929],[-156.51995,58.96782],[-156.5166,58.96774],[-156.51451,58.96913],[-156.51577,58.9706],[-156.51912,58.97068]]]},"properties":{"cell":"890ce174447ffff","res":9,"coarsened":false,"count":1,"hv":1,"mp":0,"y0":null,"y1":null,"sp":[[75,1,1,0,null,null]]}},{"type":"Feature","geometry":{"type":"Polygon","coordinates":[[[-156.48076,58.53217],[-156.48281,58.53079],[-156.48158,58.52933],[-156.47828,58.52925],[-156.47623,58.53063],[-156.47746,58.53209],[-156.48076,58.53217]]]},"properties":{"cell":"890cee8a9a3ffff","res":9,"coarsened":false,"count":1,"hv":1,"mp":0,"y0":null,"y1":null,"sp":[[75,1,1,0,null,null]]}},{"type":"Feature","geometry":{"type":"Polygon","coordinates":[[[-156.44162,58.58129],[-156.44369,58.57991],[-156.44245,58.57845],[-156.43915,58.57837],[-156.43709,58.57975],[-156.43833,58.58122],[-156.44162,58.58129]]]},"properties":{"cell":"890cee81117ffff","res":9,"coarsened":false,"count":2,"hv":2,"mp":0,"y0":null,"y1":null,"sp":[[75,2,2,0,null,null]]}},{"type":"Feature","geometry":{"type":"Polygon","coordinates":[[[-156.43863,58.71157],[-156.4407,58.71018],[-156.43946,58.70872],[-156.43615,58.70864],[-156.43407,58.71002],[-156.43532,58.71149],[-156.43863,58.71157]]]},"properties":{"cell":"890cee91317ffff","res":9,"coarsened":false,"count":1,"hv":1,"mp":0,"y0":null,"y1":null,"sp":[[75,1,1,0,null,null]]}},{"type":"Feature","geometry":{"type":"Polygon","coordinates":[[[-156.36281,58.95241],[-156.36491,58.95102],[-156.36366,58.94955],[-156.36032,58.94946],[-156.35823,58.95085],[-156.35947,58.95232],[-156.36281,58.95241]]]},"properties":{"cell":"890ce1769bbffff","res":9,"coarsened":false,"count":1,"hv":1,"mp":0,"y0":null,"y1":null,"sp":[[75,1,1,0,null,null]]}},{"type":"Feature","geometry":{"type":"Polygon","coordinates":[[[-156.3439,58.59177],[-156.34597,58.59039],[-156.34473,58.58893],[-156.34144,58.58885],[-156.33937,58.59023],[-156.3406,58.59169],[-156.3439,58.59177]]]},"properties":{"cell":"890cee801c7ffff","res":9,"coarsened":false,"count":1,"hv":1,"mp":0,"y0":null,"y1":null,"sp":[[75,1,1,0,null,null]]}},{"type":"Feature","geometry":{"type":"Polygon","coordinates":[[[-156.32046,59.231],[-156.32257,59.22961],[-156.32131,59.22813],[-156.31794,59.22804],[-156.31582,59.22943],[-156.31708,59.23091],[-156.32046,59.231]]]},"properties":{"cell":"890ce102b93ffff","res":9,"coarsened":false,"count":1,"hv":1,"mp":0,"y0":null,"y1":null,"sp":[[75,1,1,0,null,null]]}},{"type":"Feature","geometry":{"type":"Polygon","coordinates":[[[-156.27095,59.19214],[-156.27307,59.19076],[-156.27181,59.18928],[-156.26845,59.18919],[-156.26633,59.19058],[-156.26758,59.19206],[-156.27095,59.19214]]]},"properties":{"cell":"890ce107063ffff","res":9,"coarsened":false,"count":1,"hv":1,"mp":0,"y0":null,"y1":null,"sp":[[75,1,1,0,null,null]]}},{"type":"Feature","geometry":{"type":"Polygon","coordinates":[[[-156.20891,59.16162],[-156.21102,59.16023],[-156.20977,59.15875],[-156.20641,59.15866],[-156.2043,59.16005],[-156.20554,59.16153],[-156.20891,59.16162]]]},"properties":{"cell":"890ce1040c7ffff","res":9,"coarsened":false,"count":1,"hv":1,"mp":0,"y0":null,"y1":null,"sp":[[75,1,1,0,null,null]]}},{"type":"Feature","geometry":{"type":"Polygon","coordinates":[[[-156.10124,59.13126],[-156.10336,59.12988],[-156.10212,59.1284],[-156.09876,59.12831],[-156.09664,59.12969],[-156.09788,59.13117],[-156.10124,59.13126]]]},"properties":{"cell":"890ce104d83ffff","res":9,"coarsened":false,"count":1,"hv":1,"mp":0,"y0":null,"y1":null,"sp":[[75,1,1,0,null,null]]}},{"type":"Feature","geometry":{"type":"Polygon","coordinates":[[[-156.52161,58.58034],[-156.52367,58.57896],[-156.52243,58.5775],[-156.51913,58.57742],[-156.51707,58.57881],[-156.51831,58.58027],[-156.52161,58.58034]]]},"properties":{"cell":"890cee8120bffff","res":9,"coarsened":false,"count":1,"hv":1,"mp":0,"y0":null,"y1":null,"sp":[[75,1,1,0,null,null]]}},{"type":"Feature","geometry":{"type":"Polygon","coordinates":[[[-156.36118,58.60079],[-156.36325,58.59941],[-156.36201,58.59795],[-156.35872,58.59786],[-156.35665,58.59924],[-156.35788,58.60071],[-156.36118,58.60079]]]},"properties":{"cell":"890cee800bbffff","res":9,"coarsened":false,"count":1,"hv":1,"mp":0,"y0":null,"y1":null,"sp":[[75,1,1,0,null,null]]}},{"type":"Feature","geometry":{"type":"Polygon","coordinates":[[[-156.52371,58.78105],[-156.52578,58.77967],[-156.52453,58.7782],[-156.52121,58.77812],[-156.51914,58.77951],[-156.52039,58.78097],[-156.52371,58.78105]]]},"properties":{"cell":"890ce164e07ffff","res":9,"coarsened":false,"count":1,"hv":1,"mp":0,"y0":null,"y1":null,"sp":[[75,1,1,0,null,null]]}},{"type":"Feature","geometry":{"type":"Polygon","coordinates":[[[-156.50172,58.51122],[-156.50377,58.50984],[-156.50254,58.50838],[-156.49925,58.5083],[-156.49719,58.50968],[-156.49843,58.51114],[-156.50172,58.51122]]]},"properties":{"cell":"890cee8f603ffff","res":9,"coarsened":false,"count":1,"hv":1,"mp":0,"y0":null,"y1":null,"sp":[[75,1,1,0,null,null]]}},{"type":"Feature","geometry":{"type":"Polygon","coordinates":[[[-156.48894,58.90089],[-156.49102,58.8995],[-156.48977,58.89804],[-156.48643,58.89796],[-156.48435,58.89934],[-156.4856,58.90081],[-156.48894,58.90089]]]},"properties":{"cell":"890ce174a07ffff","res":9,"coarsened":false,"count":2,"hv":2,"mp":0,"y0":null,"y1":null,"sp":[[75,2,2,0,null,null]]}},{"type":"Feature","geometry":{"type":"Polygon","coordinates":[[[-156.42831,59.02172],[-156.43041,59.02033],[-156.42916,59.01886],[-156.42581,59.01878],[-156.42371,59.02016],[-156.42496,59.02164],[-156.42831,59.02172]]]},"properties":{"cell":"890ce10cb6fffff","res":9,"coarsened":false,"count":1,"hv":1,"mp":0,"y0":null,"y1":null,"sp":[[75,1,1,0,null,null]]}},{"type":"Feature","geometry":{"type":"Polygon","coordinates":[[[-156.41131,58.7023],[-156.41338,58.70091],[-156.41214,58.69945],[-156.40883,58.69937],[-156.40676,58.70075],[-156.408,58.70221],[-156.41131,58.7023]]]},"properties":{"cell":"890cee91e13ffff","res":9,"coarsened":false,"count":1,"hv":1,"mp":0,"y0":null,"y1":null,"sp":[[75,1,1,0,null,null]]}},{"type":"Feature","geometry":{"type":"Polygon","coordinates":[[[-156.37007,59.03033],[-156.37217,59.02894],[-156.37092,59.02747],[-156.36757,59.02739],[-156.36547,59.02877],[-156.36672,59.03024],[-156.37007,59.03033]]]},"properties":{"cell":"890ce13945bffff","res":9,"coarsened":false,"count":1,"hv":1,"mp":0,"y0":null,"y1":null,"sp":[[75,1,1,0,null,null]]}},{"type":"Feature","geometry":{"type":"Polygon","coordinates":[[[-156.27088,59.14163],[-156.27299,59.14025],[-156.27174,59.13877],[-156.26838,59.13868],[-156.26627,59.14007],[-156.26752,59.14154],[-156.27088,59.14163]]]},"properties":{"cell":"890ce1051bbffff","res":9,"coarsened":false,"count":1,"hv":1,"mp":0,"y0":null,"y1":null,"sp":[[75,1,1,0,null,null]]}},{"type":"Feature","geometry":{"type":"Polygon","coordinates":[[[-156.26227,59.17026],[-156.26438,59.16887],[-156.26313,59.1674],[-156.25976,59.16731],[-156.25765,59.1687],[-156.2589,59.17017],[-156.26227,59.17026]]]},"properties":{"cell":"890ce10732fffff","res":9,"coarsened":false,"count":1,"hv":1,"mp":0,"y0":null,"y1":null,"sp":[[75,1,1,0,null,null]]}},{"type":"Feature","geometry":{"type":"Polygon","coordinates":[[[-156.00233,59.22082],[-156.00446,59.21943],[-156.00322,59.21795],[-155.99985,59.21786],[-155.99773,59.21924],[-155.99896,59.22072],[-156.00233,59.22082]]]},"properties":{"cell":"890ce1a9507ffff","res":9,"coarsened":false,"count":2,"hv":2,"mp":0,"y0":null,"y1":null,"sp":[[75,2,2,0,null,null]]}},{"type":"Feature","geometry":{"type":"Polygon","coordinates":[[[-156.03957,59.1007],[-156.04169,59.09932],[-156.04045,59.09784],[-156.0371,59.09775],[-156.03498,59.09913],[-156.03621,59.1006],[-156.03957,59.1007]]]},"properties":{"cell":"890ce133307ffff","res":9,"coarsened":false,"count":1,"hv":1,"mp":0,"y0":null,"y1":null,"sp":[[75,1,1,0,null,null]]}},{"type":"Feature","geometry":{"type":"Polygon","coordinates":[[[-156.01243,59.22111],[-156.01456,59.21972],[-156.01332,59.21824],[-156.00996,59.21815],[-156.00783,59.21953],[-156.00907,59.22101],[-156.01243,59.22111]]]},"properties":{"cell":"890ce1a950bffff","res":9,"coarsened":false,"count":1,"hv":1,"mp":0,"y0":null,"y1":null,"sp":[[75,1,1,0,null,null]]}},{"type":"Feature","geometry":{"type":"Polygon","coordinates":[[[-156.05215,59.24101],[-156.05428,59.23963],[-156.05304,59.23815],[-156.04967,59.23805],[-156.04754,59.23944],[-156.04878,59.24092],[-156.05215,59.24101]]]},"properties":{"cell":"890ce1a94dbffff","res":9,"coarsened":false,"count":1,"hv":1,"mp":0,"y0":null,"y1":null,"sp":[[75,1,1,0,null,null]]}},{"type":"Feature","geometry":{"type":"Polygon","coordinates":[[[-156.15312,59.11106],[-156.15524,59.10968],[-156.154,59.1082],[-156.15064,59.10811],[-156.14853,59.10949],[-156.14977,59.11097],[-156.15312,59.11106]]]},"properties":{"cell":"890ce104873ffff","res":9,"coarsened":false,"count":1,"hv":1,"mp":0,"y0":null,"y1":null,"sp":[[75,1,1,0,null,null]]}},{"type":"Feature","geometry":{"type":"Polygon","coordinates":[[[-156.149,59.14123],[-156.15112,59.13985],[-156.14988,59.13837],[-156.14652,59.13828],[-156.1444,59.13966],[-156.14564,59.14114],[-156.149,59.14123]]]},"properties":{"cell":"890ce104cc3ffff","res":9,"coarsened":false,"count":1,"hv":1,"mp":0,"y0":null,"y1":null,"sp":[[75,1,1,0,null,null]]}},{"type":"Feature","geometry":{"type":"Polygon","coordinates":[[[-156.08209,59.21009],[-156.08421,59.2087],[-156.08297,59.20722],[-156.0796,59.20713],[-156.07748,59.20851],[-156.07872,59.20999],[-156.08209,59.21009]]]},"properties":{"cell":"890ce1a928bffff","res":9,"coarsened":false,"count":1,"hv":1,"mp":0,"y0":null,"y1":null,"sp":[[75,1,1,0,null,null]]}},{"type":"Feature","geometry":{"type":"Polygon","coordinates":[[[-156.01245,59.04086],[-156.01457,59.03948],[-156.01334,59.03801],[-156.00999,59.03791],[-156.00788,59.03929],[-156.00911,59.04077],[-156.01245,59.04086]]]},"properties":{"cell":"890ce131d5bffff","res":9,"coarsened":false,"count":1,"hv":1,"mp":0,"y0":null,"y1":null,"sp":[[75,1,1,0,null,null]]}},{"type":"Feature","geometry":{"type":"Polygon","coordinates":[[[-156.48244,59.13119],[-156.48454,59.1298],[-156.48328,59.12832],[-156.47991,59.12824],[-156.47781,59.12963],[-156.47907,59.13111],[-156.48244,59.13119]]]},"properties":{"cell":"890ce10e24bffff","res":9,"coarsened":false,"count":1,"hv":1,"mp":0,"y0":null,"y1":null,"sp":[[75,1,1,0,null,null]]}},{"type":"Feature","geometry":{"type":"Polygon","coordinates":[[[-156.35984,58.74116],[-156.36192,58.73978],[-156.36068,58.73832],[-156.35736,58.73823],[-156.35529,58.73961],[-156.35652,58.74108],[-156.35984,58.74116]]]},"properties":{"cell":"890cee9062bffff","res":9,"coarsened":false,"count":1,"hv":1,"mp":0,"y0":null,"y1":null,"sp":[[75,1,1,0,null,null]]}},{"type":"Feature","geometry":{"type":"Polygon","coordinates":[[[-156.32235,59.19061],[-156.32446,59.18922],[-156.32321,59.18775],[-156.31984,59.18766],[-156.31772,59.18905],[-156.31898,59.19052],[-156.32235,59.19061]]]},"properties":{"cell":"890ce10725bffff","res":9,"coarsened":false,"count":1,"hv":1,"mp":0,"y0":null,"y1":null,"sp":[[75,1,1,0,null,null]]}},{"type":"Feature","geometry":{"type":"Polygon","coordinates":[[[-156.29009,59.2302],[-156.29221,59.22881],[-156.29095,59.22733],[-156.28758,59.22724],[-156.28546,59.22863],[-156.28671,59.23011],[-156.29009,59.2302]]]},"properties":{"cell":"890ce102903ffff","res":9,"coarsened":false,"count":1,"hv":1,"mp":0,"y0":null,"y1":null,"sp":[[75,1,1,0,null,null]]}},{"type":"Feature","geometry":{"type":"Polygon","coordinates":[[[-156.27236,59.17053],[-156.27448,59.16914],[-156.27323,59.16767],[-156.26986,59.16758],[-156.26775,59.16896],[-156.269,59.17044],[-156.27236,59.17053]]]},"properties":{"cell":"890ce107367ffff","res":9,"coarsened":false,"count":1,"hv":1,"mp":0,"y0":null,"y1":null,"sp":[[75,1,1,0,null,null]]}},{"type":"Feature","geometry":{"type":"Polygon","coordinates":[[[-156.24006,59.21009],[-156.24218,59.2087],[-156.24093,59.20723],[-156.23756,59.20713],[-156.23544,59.20852],[-156.23669,59.21],[-156.24006,59.21009]]]},"properties":{"cell":"890ce107553ffff","res":9,"coarsened":false,"count":1,"hv":1,"mp":0,"y0":null,"y1":null,"sp":[[75,1,1,0,null,null]]}},{"type":"Feature","geometry":{"type":"Polygon","coordinates":[[[-156.15283,59.21205],[-156.15495,59.21067],[-156.1537,59.20919],[-156.15033,59.2091],[-156.14821,59.21048],[-156.14946,59.21196],[-156.15283,59.21205]]]},"properties":{"cell":"890ce10608bffff","res":9,"coarsened":false,"count":1,"hv":1,"mp":0,"y0":null,"y1":null,"sp":[[75,1,1,0,null,null]]}},{"type":"Feature","geometry":{"type":"Polygon","coordinates":[[[-156.50993,58.74198],[-156.512,58.74059],[-156.51076,58.73913],[-156.50744,58.73905],[-156.50537,58.74043],[-156.50661,58.7419],[-156.50993,58.74198]]]},"properties":{"cell":"890ce164b6fffff","res":9,"coarsened":false,"count":2,"hv":2,"mp":0,"y0":null,"y1":null,"sp":[[75,2,2,0,null,null]]}},{"type":"Feature","geometry":{"type":"Polygon","coordinates":[[[-156.46015,58.98219],[-156.46224,58.98081],[-156.46099,58.97934],[-156.45764,58.97925],[-156.45555,58.98064],[-156.45681,58.98211],[-156.46015,58.98219]]]},"properties":{"cell":"890ce1763abffff","res":9,"coarsened":false,"count":1,"hv":1,"mp":0,"y0":null,"y1":null,"sp":[[75,1,1,0,null,null]]}},{"type":"Feature","geometry":{"type":"Polygon","coordinates":[[[-156.44347,58.90121],[-156.44556,58.89983],[-156.44431,58.89836],[-156.44097,58.89828],[-156.43889,58.89966],[-156.44014,58.90113],[-156.44347,58.90121]]]},"properties":{"cell":"890ce17495bffff","res":9,"coarsened":false,"count":1,"hv":1,"mp":0,"y0":null,"y1":null,"sp":[[75,1,1,0,null,null]]}},{"type":"Feature","geometry":{"type":"Polygon","coordinates":[[[-156.30074,59.2117],[-156.30286,59.21032],[-156.3016,59.20884],[-156.29823,59.20875],[-156.29611,59.21014],[-156.29737,59.21162],[-156.30074,59.2117]]]},"properties":{"cell":"890ce10761bffff","res":9,"coarsened":false,"count":1,"hv":1,"mp":0,"y0":null,"y1":null,"sp":[[75,1,1,0,null,null]]}},{"type":"Feature","geometry":{"type":"Polygon","coordinates":[[[-156.47908,59.14265],[-156.48118,59.14126],[-156.47992,59.13978],[-156.47655,59.1397],[-156.47445,59.14109],[-156.47571,59.14257],[-156.47908,59.14265]]]},"properties":{"cell":"890ce10f5afffff","res":9,"coarsened":false,"count":1,"hv":1,"mp":0,"y0":null,"y1":null,"sp":[[75,1,1,0,null,null]]}},{"type":"Feature","geometry":{"type":"Polygon","coordinates":[[[-156.32097,59.21224],[-156.32309,59.21085],[-156.32183,59.20937],[-156.31846,59.20928],[-156.31635,59.21067],[-156.3176,59.21215],[-156.32097,59.21224]]]},"properties":{"cell":"890ce102b2fffff","res":9,"coarsened":false,"count":1,"hv":1,"mp":0,"y0":null,"y1":null,"sp":[[75,1,1,0,null,null]]}},{"type":"Feature","geometry":{"type":"Polygon","coordinates":[[[-156.09878,59.2221],[-156.1009,59.22072],[-156.09966,59.21924],[-156.09629,59.21915],[-156.09416,59.22053],[-156.09541,59.22201],[-156.09878,59.2221]]]},"properties":{"cell":"890ce1a964bffff","res":9,"coarsened":false,"count":1,"hv":1,"mp":0,"y0":null,"y1":null,"sp":[[75,1,1,0,null,null]]}},{"type":"Feature","geometry":{"type":"Polygon","coordinates":[[[-156.05124,59.16159],[-156.05336,59.16021],[-156.05212,59.15873],[-156.04876,59.15864],[-156.04664,59.16002],[-156.04788,59.1615],[-156.05124,59.16159]]]},"properties":{"cell":"890ce106997ffff","res":9,"coarsened":false,"count":1,"hv":1,"mp":0,"y0":null,"y1":null,"sp":[[75,1,1,0,null,null]]}},{"type":"Feature","geometry":{"type":"Polygon","coordinates":[[[-156.01284,59.1706],[-156.01497,59.16922],[-156.01373,59.16774],[-156.01037,59.16765],[-156.00825,59.16903],[-156.00948,59.17051],[-156.01284,59.1706]]]},"properties":{"cell":"890ce1a9a97ffff","res":9,"coarsened":false,"count":2,"hv":2,"mp":0,"y0":null,"y1":null,"sp":[[75,2,2,0,null,null]]}},{"type":"Feature","geometry":{"type":"Polygon","coordinates":[[[-156.51374,58.78081],[-156.51581,58.77943],[-156.51456,58.77796],[-156.51124,58.77788],[-156.50917,58.77927],[-156.51042,58.78073],[-156.51374,58.78081]]]},"properties":{"cell":"890ce164eafffff","res":9,"coarsened":false,"count":1,"hv":1,"mp":0,"y0":null,"y1":null,"sp":[[75,1,1,0,null,null]]}},{"type":"Feature","geometry":{"type":"Polygon","coordinates":[[[-156.46056,59.24038],[-156.46267,59.23899],[-156.4614,59.23751],[-156.45803,59.23743],[-156.45592,59.23882],[-156.45718,59.2403],[-156.46056,59.24038]]]},"properties":{"cell":"890ce10063bffff","res":9,"coarsened":false,"count":1,"hv":1,"mp":0,"y0":null,"y1":null,"sp":[[75,1,1,0,null,null]]}},{"type":"Feature","geometry":{"type":"Polygon","coordinates":[[[-156.4397,58.93132],[-156.44179,58.92993],[-156.44053,58.92846],[-156.43719,58.92838],[-156.43511,58.92977],[-156.43636,58.93124],[-156.4397,58.93132]]]},"properties":{"cell":"890ce174cabffff","res":9,"coarsened":false,"count":1,"hv":1,"mp":0,"y0":null,"y1":null,"sp":[[75,1,1,0,null,null]]}},{"type":"Feature","geometry":{"type":"Polygon","coordinates":[[[-156.30021,59.23047],[-156.30233,59.22908],[-156.30107,59.2276],[-156.2977,59.22751],[-156.29558,59.2289],[-156.29684,59.23038],[-156.30021,59.23047]]]},"properties":{"cell":"890ce102957ffff","res":9,"coarsened":false,"count":1,"hv":1,"mp":0,"y0":null,"y1":null,"sp":[[75,1,1,0,null,null]]}},{"type":"Feature","geometry":{"type":"Polygon","coordinates":[[[-156.15908,59.14151],[-156.1612,59.14012],[-156.15996,59.13865],[-156.1566,59.13855],[-156.15448,59.13994],[-156.15572,59.14142],[-156.15908,59.14151]]]},"properties":{"cell":"890ce104137ffff","res":9,"coarsened":false,"count":1,"hv":1,"mp":0,"y0":null,"y1":null,"sp":[[75,1,1,0,null,null]]}},{"type":"Feature","geometry":{"type":"Polygon","coordinates":[[[-156.09902,59.17159],[-156.10115,59.17021],[-156.0999,59.16873],[-156.09654,59.16863],[-156.09442,59.17002],[-156.09566,59.1715],[-156.09902,59.17159]]]},"properties":{"cell":"890ce1068d7ffff","res":9,"coarsened":false,"count":1,"hv":1,"mp":0,"y0":null,"y1":null,"sp":[[75,1,1,0,null,null]]}},{"type":"Feature","geometry":{"type":"Polygon","coordinates":[[[-156.15219,59.23081],[-156.15432,59.22942],[-156.15307,59.22794],[-156.1497,59.22785],[-156.14757,59.22924],[-156.14882,59.23071],[-156.15219,59.23081]]]},"properties":{"cell":"890ce1064c7ffff","res":9,"coarsened":false,"count":1,"hv":1,"mp":0,"y0":null,"y1":null,"sp":[[75,1,1,0,null,null]]}},{"type":"Feature","geometry":{"type":"Polygon","coordinates":[[[-156.05285,59.22226],[-156.05498,59.22087],[-156.05374,59.21939],[-156.05037,59.2193],[-156.04824,59.22068],[-156.04948,59.22216],[-156.05285,59.22226]]]},"properties":{"cell":"890ce1a90d3ffff","res":9,"coarsened":false,"count":1,"hv":1,"mp":0,"y0":null,"y1":null,"sp":[[75,1,1,0,null,null]]}},{"type":"Feature","geometry":{"type":"Polygon","coordinates":[[[-154.05944,58.31069],[-154.06158,58.30936],[-154.06049,58.30789],[-154.05727,58.30775],[-154.05513,58.30908],[-154.05622,58.31055],[-154.05944,58.31069]]]},"properties":{"cell":"890cedc9ba7ffff","res":9,"coarsened":false,"count":1,"hv":1,"mp":0,"y0":null,"y1":null,"sp":[[140,1,1,0,null,null]]}},{"type":"Feature","geometry":{"type":"Polygon","coordinates":[[[-155.84209,57.89128],[-155.84413,57.88993],[-155.84295,57.88848],[-155.83975,57.88839],[-155.83771,57.88975],[-155.83888,57.8912],[-155.84209,57.89128]]]},"properties":{"cell":"890ce8524cbffff","res":9,"coarsened":false,"count":1,"hv":1,"mp":0,"y0":null,"y1":null,"sp":[[75,1,1,0,null,null]]}},{"type":"Feature","geometry":{"type":"Polygon","coordinates":[[[-155.5141,57.93127],[-155.51615,57.92992],[-155.515,57.92847],[-155.51179,57.92837],[-155.50974,57.92972],[-155.51089,57.93117],[-155.5141,57.93127]]]},"properties":{"cell":"890ce8c52c7ffff","res":9,"coarsened":false,"count":1,"hv":1,"mp":0,"y0":null,"y1":null,"sp":[[75,1,1,0,null,null]]}},{"type":"Feature","geometry":{"type":"Polygon","coordinates":[[[-156.46141,58.3418],[-156.46346,58.34042],[-156.46223,58.33896],[-156.45896,58.33889],[-156.45692,58.34026],[-156.45814,58.34172],[-156.46141,58.3418]]]},"properties":{"cell":"890cee14453ffff","res":9,"coarsened":false,"count":1,"hv":1,"mp":0,"y0":null,"y1":null,"sp":[[75,1,1,0,null,null]]}},{"type":"Feature","geometry":{"type":"Polygon","coordinates":[[[-156.31008,58.52084],[-156.31214,58.51946],[-156.31091,58.518],[-156.30763,58.51792],[-156.30556,58.5193],[-156.30679,58.52076],[-156.31008,58.52084]]]},"properties":{"cell":"890cee8e5b3ffff","res":9,"coarsened":false,"count":1,"hv":1,"mp":0,"y0":null,"y1":null,"sp":[[75,1,1,0,null,null]]}},{"type":"Feature","geometry":{"type":"Polygon","coordinates":[[[-156.19089,58.52065],[-156.19296,58.51927],[-156.19174,58.51781],[-156.18845,58.51773],[-156.18638,58.5191],[-156.1876,58.52056],[-156.19089,58.52065]]]},"properties":{"cell":"890cee842d7ffff","res":9,"coarsened":false,"count":1,"hv":1,"mp":0,"y0":null,"y1":null,"sp":[[75,1,1,0,null,null]]}},{"type":"Feature","geometry":{"type":"Polygon","coordinates":[[[-156.50051,58.24013],[-156.50255,58.23875],[-156.50133,58.2373],[-156.49807,58.23722],[-156.49603,58.2386],[-156.49726,58.24005],[-156.50051,58.24013]]]},"properties":{"cell":"890cee07597ffff","res":9,"coarsened":false,"count":1,"hv":1,"mp":0,"y0":null,"y1":null,"sp":[[75,1,1,0,null,null]]}},{"type":"Feature","geometry":{"type":"Polygon","coordinates":[[[-156.50367,58.71171],[-156.50573,58.71032],[-156.50449,58.70886],[-156.50118,58.70878],[-156.49911,58.71016],[-156.50035,58.71163],[-156.50367,58.71171]]]},"properties":{"cell":"890cee9a1abffff","res":9,"coarsened":false,"count":1,"hv":1,"mp":0,"y0":null,"y1":null,"sp":[[75,1,1,0,null,null]]}},{"type":"Feature","geometry":{"type":"Polygon","coordinates":[[[-156.45854,58.47161],[-156.46059,58.47023],[-156.45936,58.46877],[-156.45608,58.46869],[-156.45402,58.47007],[-156.45525,58.47153],[-156.45854,58.47161]]]},"properties":{"cell":"890cee8c653ffff","res":9,"coarsened":false,"count":1,"hv":1,"mp":0,"y0":null,"y1":null,"sp":[[75,1,1,0,null,null]]}},{"type":"Feature","geometry":{"type":"Polygon","coordinates":[[[-156.33253,58.73187],[-156.33461,58.73049],[-156.33337,58.72902],[-156.33006,58.72894],[-156.32798,58.73032],[-156.32921,58.73179],[-156.33253,58.73187]]]},"properties":{"cell":"890cee90077ffff","res":9,"coarsened":false,"count":1,"hv":1,"mp":0,"y0":null,"y1":null,"sp":[[75,1,1,0,null,null]]}},{"type":"Feature","geometry":{"type":"Polygon","coordinates":[[[-156.32211,58.58121],[-156.32417,58.57983],[-156.32294,58.57837],[-156.31965,58.57828],[-156.31758,58.57966],[-156.31881,58.58112],[-156.32211,58.58121]]]},"properties":{"cell":"890cee80ccbffff","res":9,"coarsened":false,"count":1,"hv":1,"mp":0,"y0":null,"y1":null,"sp":[[75,1,1,0,null,null]]}},{"type":"Feature","geometry":{"type":"Polygon","coordinates":[[[-156.51887,58.4516],[-156.52092,58.45022],[-156.51969,58.44877],[-156.5164,58.44869],[-156.51435,58.45007],[-156.51559,58.45153],[-156.51887,58.4516]]]},"properties":{"cell":"890cee8d003ffff","res":9,"coarsened":false,"count":1,"hv":1,"mp":0,"y0":null,"y1":null,"sp":[[75,1,1,0,null,null]]}},{"type":"Feature","geometry":{"type":"Polygon","coordinates":[[[-156.45979,58.21071],[-156.46182,58.20934],[-156.4606,58.20789],[-156.45735,58.20781],[-156.45531,58.20919],[-156.45653,58.21064],[-156.45979,58.21071]]]},"properties":{"cell":"890cee06357ffff","res":9,"coarsened":false,"count":1,"hv":1,"mp":0,"y0":null,"y1":null,"sp":[[75,1,1,0,null,null]]}},{"type":"Feature","geometry":{"type":"Polygon","coordinates":[[[-156.40115,58.43024],[-156.4032,58.42886],[-156.40197,58.4274],[-156.39869,58.42732],[-156.39664,58.4287],[-156.39787,58.43016],[-156.40115,58.43024]]]},"properties":{"cell":"890cee8ce53ffff","res":9,"coarsened":false,"count":1,"hv":1,"mp":0,"y0":null,"y1":null,"sp":[[75,1,1,0,null,null]]}},{"type":"Feature","geometry":{"type":"Polygon","coordinates":[[[-156.47153,58.05039],[-156.47355,58.04901],[-156.47234,58.04757],[-156.4691,58.04749],[-156.46708,58.04886],[-156.46829,58.05031],[-156.47153,58.05039]]]},"properties":{"cell":"890cee3aad3ffff","res":9,"coarsened":false,"count":1,"hv":1,"mp":0,"y0":null,"y1":null,"sp":[[75,1,1,0,null,null]]}},{"type":"Feature","geometry":{"type":"Polygon","coordinates":[[[-156.44013,58.38123],[-156.44218,58.37985],[-156.44095,58.37839],[-156.43768,58.37831],[-156.43563,58.37969],[-156.43686,58.38115],[-156.44013,58.38123]]]},"properties":{"cell":"890cee1661bffff","res":9,"coarsened":false,"count":1,"hv":1,"mp":0,"y0":null,"y1":null,"sp":[[75,1,1,0,null,null]]}},{"type":"Feature","geometry":{"type":"Polygon","coordinates":[[[-156.4305,58.21002],[-156.43254,58.20865],[-156.43132,58.2072],[-156.42806,58.20712],[-156.42603,58.2085],[-156.42725,58.20995],[-156.4305,58.21002]]]},"properties":{"cell":"890cee063a7ffff","res":9,"coarsened":false,"count":1,"hv":1,"mp":0,"y0":null,"y1":null,"sp":[[75,1,1,0,null,null]]}},{"type":"Feature","geometry":{"type":"Polygon","coordinates":[[[-156.3907,58.67026],[-156.39277,58.66887],[-156.39153,58.66741],[-156.38822,58.66733],[-156.38615,58.66871],[-156.38739,58.67017],[-156.3907,58.67026]]]},"properties":{"cell":"890cee91b1bffff","res":9,"coarsened":false,"count":1,"hv":1,"mp":0,"y0":null,"y1":null,"sp":[[75,1,1,0,null,null]]}},{"type":"Feature","geometry":{"type":"Polygon","coordinates":[[[-156.37235,58.46095],[-156.37441,58.45957],[-156.37318,58.45811],[-156.3699,58.45803],[-156.36785,58.45941],[-156.36907,58.46087],[-156.37235,58.46095]]]},"properties":{"cell":"890cee8c52bffff","res":9,"coarsened":false,"count":1,"hv":1,"mp":0,"y0":null,"y1":null,"sp":[[75,1,1,0,null,null]]}},{"type":"Feature","geometry":{"type":"Polygon","coordinates":[[[-156.31222,58.58096],[-156.31429,58.57958],[-156.31306,58.57812],[-156.30976,58.57803],[-156.30769,58.57941],[-156.30892,58.58088],[-156.31222,58.58096]]]},"properties":{"cell":"890cee80cc7ffff","res":9,"coarsened":false,"count":1,"hv":1,"mp":0,"y0":null,"y1":null,"sp":[[75,1,1,0,null,null]]}},{"type":"Feature","geometry":{"type":"Polygon","coordinates":[[[-156.47208,58.44193],[-156.47413,58.44055],[-156.4729,58.4391],[-156.46962,58.43902],[-156.46757,58.4404],[-156.4688,58.44186],[-156.47208,58.44193]]]},"properties":{"cell":"890cee8d1a3ffff","res":9,"coarsened":false,"count":2,"hv":2,"mp":0,"y0":null,"y1":null,"sp":[[75,2,2,0,null,null]]}},{"type":"Feature","geometry":{"type":"Polygon","coordinates":[[[-156.44421,58.4013],[-156.44626,58.39992],[-156.44503,58.39846],[-156.44176,58.39839],[-156.43971,58.39976],[-156.44093,58.40122],[-156.44421,58.4013]]]},"properties":{"cell":"890cee8d953ffff","res":9,"coarsened":false,"count":1,"hv":1,"mp":0,"y0":null,"y1":null,"sp":[[75,1,1,0,null,null]]}},{"type":"Feature","geometry":{"type":"Polygon","coordinates":[[[-156.43145,58.46239],[-156.4335,58.46101],[-156.43227,58.45955],[-156.42899,58.45947],[-156.42693,58.46085],[-156.42816,58.46231],[-156.43145,58.46239]]]},"properties":{"cell":"890cee8c627ffff","res":9,"coarsened":false,"count":1,"hv":1,"mp":0,"y0":null,"y1":null,"sp":[[75,1,1,0,null,null]]}},{"type":"Feature","geometry":{"type":"Polygon","coordinates":[[[-156.31983,58.30274],[-156.32187,58.30137],[-156.32066,58.29992],[-156.31739,58.29984],[-156.31535,58.30121],[-156.31656,58.30266],[-156.31983,58.30274]]]},"properties":{"cell":"890ceeab68bffff","res":9,"coarsened":false,"count":1,"hv":1,"mp":0,"y0":null,"y1":null,"sp":[[75,1,1,0,null,null]]}},{"type":"Feature","geometry":{"type":"Polygon","coordinates":[[[-156.52146,58.51168],[-156.52352,58.5103],[-156.52228,58.50884],[-156.51899,58.50877],[-156.51693,58.51015],[-156.51817,58.51161],[-156.52146,58.51168]]]},"properties":{"cell":"890cee8f65bffff","res":9,"coarsened":false,"count":2,"hv":2,"mp":0,"y0":null,"y1":null,"sp":[[75,2,2,0,null,null]]}},{"type":"Feature","geometry":{"type":"Polygon","coordinates":[[[-156.5027,58.06104],[-156.50472,58.05966],[-156.5035,58.05822],[-156.50026,58.05814],[-156.49824,58.05952],[-156.49946,58.06096],[-156.5027,58.06104]]]},"properties":{"cell":"890cee385d3ffff","res":9,"coarsened":false,"count":2,"hv":2,"mp":0,"y0":null,"y1":null,"sp":[[75,2,2,0,null,null]]}},{"type":"Feature","geometry":{"type":"Polygon","coordinates":[[[-156.4413,58.46262],[-156.44335,58.46124],[-156.44212,58.45979],[-156.43884,58.45971],[-156.43678,58.46109],[-156.43801,58.46254],[-156.4413,58.46262]]]},"properties":{"cell":"890cee8c62bffff","res":9,"coarsened":false,"count":1,"hv":1,"mp":0,"y0":null,"y1":null,"sp":[[75,1,1,0,null,null]]}},{"type":"Feature","geometry":{"type":"Polygon","coordinates":[[[-156.32014,58.40256],[-156.32219,58.40118],[-156.32097,58.39972],[-156.31769,58.39964],[-156.31564,58.40102],[-156.31686,58.40248],[-156.32014,58.40256]]]},"properties":{"cell":"890cee8c93bffff","res":9,"coarsened":false,"count":2,"hv":2,"mp":0,"y0":null,"y1":null,"sp":[[75,2,2,0,null,null]]}},{"type":"Feature","geometry":{"type":"Polygon","coordinates":[[[-156.27212,58.18058],[-156.27416,58.17921],[-156.27295,58.17776],[-156.26971,58.17768],[-156.26767,58.17905],[-156.26888,58.1805],[-156.27212,58.18058]]]},"properties":{"cell":"890ceea9bb3ffff","res":9,"coarsened":false,"count":1,"hv":1,"mp":0,"y0":null,"y1":null,"sp":[[75,1,1,0,null,null]]}},{"type":"Feature","geometry":{"type":"Polygon","coordinates":[[[-156.17312,58.53019],[-156.17519,58.52881],[-156.17397,58.52735],[-156.17069,58.52727],[-156.16862,58.52864],[-156.16984,58.5301],[-156.17312,58.53019]]]},"properties":{"cell":"890cee84633ffff","res":9,"coarsened":false,"count":1,"hv":1,"mp":0,"y0":null,"y1":null,"sp":[[75,1,1,0,null,null]]}},{"type":"Feature","geometry":{"type":"Polygon","coordinates":[[[-156.51009,58.36148],[-156.51214,58.3601],[-156.51091,58.35864],[-156.50763,58.35857],[-156.50559,58.35995],[-156.50682,58.3614],[-156.51009,58.36148]]]},"properties":{"cell":"890cee17003ffff","res":9,"coarsened":false,"count":1,"hv":1,"mp":0,"y0":null,"y1":null,"sp":[[75,1,1,0,null,null]]}},{"type":"Feature","geometry":{"type":"Polygon","coordinates":[[[-156.47244,58.32067],[-156.47448,58.31929],[-156.47326,58.31784],[-156.46999,58.31776],[-156.46795,58.31914],[-156.46917,58.3206],[-156.47244,58.32067]]]},"properties":{"cell":"890cee1405bffff","res":9,"coarsened":false,"count":1,"hv":1,"mp":0,"y0":null,"y1":null,"sp":[[75,1,1,0,null,null]]}},{"type":"Feature","geometry":{"type":"Polygon","coordinates":[[[-156.44217,58.39126],[-156.44422,58.38988],[-156.44299,58.38843],[-156.43972,58.38835],[-156.43767,58.38973],[-156.43889,58.39118],[-156.44217,58.39126]]]},"properties":{"cell":"890cee8d96bffff","res":9,"coarsened":false,"count":1,"hv":1,"mp":0,"y0":null,"y1":null,"sp":[[75,1,1,0,null,null]]}},{"type":"Feature","geometry":{"type":"Polygon","coordinates":[[[-156.35038,58.72228],[-156.35246,58.7209],[-156.35122,58.71944],[-156.34791,58.71935],[-156.34583,58.72073],[-156.34707,58.7222],[-156.35038,58.72228]]]},"properties":{"cell":"890cee903cbffff","res":9,"coarsened":false,"count":1,"hv":1,"mp":0,"y0":null,"y1":null,"sp":[[75,1,1,0,null,null]]}},{"type":"Feature","geometry":{"type":"Polygon","coordinates":[[[-156.07268,57.93145],[-156.0747,57.93008],[-156.07352,57.92864],[-156.0703,57.92855],[-156.06827,57.92992],[-156.06946,57.93136],[-156.07268,57.93145]]]},"properties":{"cell":"890cee262afffff","res":9,"coarsened":false,"count":2,"hv":2,"mp":0,"y0":null,"y1":null,"sp":[[75,2,2,0,null,null]]}},{"type":"Feature","geometry":{"type":"Polygon","coordinates":[[[-155.62871,57.92197],[-155.63075,57.92061],[-155.62959,57.91916],[-155.62639,57.91907],[-155.62434,57.92042],[-155.6255,57.92187],[-155.62871,57.92197]]]},"properties":{"cell":"890ce8ce253ffff","res":9,"coarsened":false,"count":1,"hv":1,"mp":0,"y0":null,"y1":null,"sp":[[75,1,1,0,null,null]]}},{"type":"Feature","geometry":{"type":"Polygon","coordinates":[[[-155.88238,57.9023],[-155.88441,57.90094],[-155.88324,57.89949],[-155.88003,57.89941],[-155.87799,57.90076],[-155.87917,57.90221],[-155.88238,57.9023]]]},"properties":{"cell":"890ce8c9823ffff","res":9,"coarsened":false,"count":1,"hv":1,"mp":0,"y0":null,"y1":null,"sp":[[75,1,1,0,null,null]]}},{"type":"Feature","geometry":{"type":"Polygon","coordinates":[[[-155.69001,57.88132],[-155.69205,57.87996],[-155.69088,57.87851],[-155.68768,57.87842],[-155.68564,57.87978],[-155.6868,57.88122],[-155.69001,57.88132]]]},"properties":{"cell":"890ce8cd507ffff","res":9,"coarsened":false,"count":1,"hv":1,"mp":0,"y0":null,"y1":null,"sp":[[75,1,1,0,null,null]]}},{"type":"Feature","geometry":{"type":"Polygon","coordinates":[[[-156.15284,58.43253],[-156.1549,58.43116],[-156.15369,58.4297],[-156.15042,58.42962],[-156.14835,58.43099],[-156.14957,58.43245],[-156.15284,58.43253]]]},"properties":{"cell":"890ceeba057ffff","res":9,"coarsened":false,"count":1,"hv":1,"mp":0,"y0":null,"y1":null,"sp":[[75,1,1,0,null,null]]}},{"type":"Feature","geometry":{"type":"Polygon","coordinates":[[[-155.86916,57.88213],[-155.87119,57.88077],[-155.87002,57.87932],[-155.86681,57.87924],[-155.86478,57.88059],[-155.86595,57.88204],[-155.86916,57.88213]]]},"properties":{"cell":"890ce8526c7ffff","res":9,"coarsened":false,"count":1,"hv":1,"mp":0,"y0":null,"y1":null,"sp":[[75,1,1,0,null,null]]}},{"type":"Feature","geometry":{"type":"Polygon","coordinates":[[[-156.14368,58.66104],[-156.14576,58.65966],[-156.14454,58.6582],[-156.14123,58.65811],[-156.13915,58.65949],[-156.14038,58.66095],[-156.14368,58.66104]]]},"properties":{"cell":"890cee9429bffff","res":9,"coarsened":false,"count":1,"hv":1,"mp":0,"y0":null,"y1":null,"sp":[[75,1,1,0,null,null]]}},{"type":"Feature","geometry":{"type":"Polygon","coordinates":[[[-156.52094,58.46165],[-156.52299,58.46027],[-156.52176,58.45881],[-156.51847,58.45874],[-156.51642,58.46012],[-156.51766,58.46158],[-156.52094,58.46165]]]},"properties":{"cell":"890cee8d46fffff","res":9,"coarsened":false,"count":1,"hv":1,"mp":0,"y0":null,"y1":null,"sp":[[75,1,1,0,null,null]]}},{"type":"Feature","geometry":{"type":"Polygon","coordinates":[[[-156.46182,58.22072],[-156.46386,58.21935],[-156.46264,58.2179],[-156.45938,58.21782],[-156.45735,58.21919],[-156.45857,58.22065],[-156.46182,58.22072]]]},"properties":{"cell":"890cee062a7ffff","res":9,"coarsened":false,"count":1,"hv":1,"mp":0,"y0":null,"y1":null,"sp":[[75,1,1,0,null,null]]}},{"type":"Feature","geometry":{"type":"Polygon","coordinates":[[[-156.44995,58.38146],[-156.452,58.38008],[-156.45077,58.37863],[-156.4475,58.37855],[-156.44545,58.37993],[-156.44668,58.38138],[-156.44995,58.38146]]]},"properties":{"cell":"890cee16653ffff","res":9,"coarsened":false,"count":1,"hv":1,"mp":0,"y0":null,"y1":null,"sp":[[75,1,1,0,null,null]]}},{"type":"Feature","geometry":{"type":"Polygon","coordinates":[[[-156.19925,58.59237],[-156.20132,58.59099],[-156.2001,58.58953],[-156.19681,58.58944],[-156.19473,58.59082],[-156.19596,58.59228],[-156.19925,58.59237]]]},"properties":{"cell":"890cee8749bffff","res":9,"coarsened":false,"count":1,"hv":1,"mp":0,"y0":null,"y1":null,"sp":[[75,1,1,0,null,null]]}},{"type":"Feature","geometry":{"type":"Polygon","coordinates":[[[-156.46305,58.30192],[-156.46509,58.30055],[-156.46386,58.29909],[-156.4606,58.29902],[-156.45856,58.30039],[-156.45978,58.30185],[-156.46305,58.30192]]]},"properties":{"cell":"890cee1431bffff","res":9,"coarsened":false,"count":1,"hv":1,"mp":0,"y0":null,"y1":null,"sp":[[75,1,1,0,null,null]]}},{"type":"Feature","geometry":{"type":"Polygon","coordinates":[[[-156.19344,58.51214],[-156.1955,58.51077],[-156.19429,58.5093],[-156.191,58.50922],[-156.18893,58.51059],[-156.19015,58.51205],[-156.19344,58.51214]]]},"properties":{"cell":"890cee8420bffff","res":9,"coarsened":false,"count":1,"hv":1,"mp":0,"y0":null,"y1":null,"sp":[[75,1,1,0,null,null]]}},{"type":"Feature","geometry":{"type":"Polygon","coordinates":[[[-156.03161,58.70097],[-156.03369,58.69959],[-156.03248,58.69813],[-156.02917,58.69804],[-156.02708,58.69941],[-156.0283,58.70088],[-156.03161,58.70097]]]},"properties":{"cell":"890cee9611bffff","res":9,"coarsened":false,"count":1,"hv":1,"mp":0,"y0":null,"y1":null,"sp":[[75,1,1,0,null,null]]}},{"type":"Feature","geometry":{"type":"Polygon","coordinates":[[[-155.99932,58.4327],[-156.00139,58.43133],[-156.00019,58.42987],[-155.99692,58.42978],[-155.99485,58.43115],[-155.99605,58.43261],[-155.99932,58.4327]]]},"properties":{"cell":"890ceeb118fffff","res":9,"coarsened":false,"count":1,"hv":1,"mp":0,"y0":null,"y1":null,"sp":[[75,1,1,0,null,null]]}},{"type":"Feature","geometry":{"type":"Polygon","coordinates":[[[-155.61922,57.89056],[-155.62127,57.88921],[-155.62011,57.88776],[-155.6169,57.88767],[-155.61486,57.88902],[-155.61602,57.89047],[-155.61922,57.89056]]]},"properties":{"cell":"890ce8cc093ffff","res":9,"coarsened":false,"count":1,"hv":1,"mp":0,"y0":null,"y1":null,"sp":[[75,1,1,0,null,null]]}},{"type":"Feature","geometry":{"type":"Polygon","coordinates":[[[-155.62263,57.91047],[-155.62468,57.90911],[-155.62352,57.90766],[-155.62032,57.90757],[-155.61827,57.90892],[-155.61943,57.91037],[-155.62263,57.91047]]]},"properties":{"cell":"890ce8ce26fffff","res":9,"coarsened":false,"count":2,"hv":2,"mp":0,"y0":null,"y1":null,"sp":[[75,2,2,0,null,null]]}},{"type":"Feature","geometry":{"type":"Polygon","coordinates":[[[-156.50989,58.48283],[-156.51195,58.48144],[-156.51071,58.47999],[-156.50742,58.47991],[-156.50537,58.48129],[-156.50661,58.48275],[-156.50989,58.48283]]]},"properties":{"cell":"890cee8f267ffff","res":9,"coarsened":false,"count":1,"hv":1,"mp":0,"y0":null,"y1":null,"sp":[[75,1,1,0,null,null]]}},{"type":"Feature","geometry":{"type":"Polygon","coordinates":[[[-156.46182,58.46026],[-156.46388,58.45888],[-156.46264,58.45742],[-156.45936,58.45734],[-156.45731,58.45872],[-156.45854,58.46018],[-156.46182,58.46026]]]},"properties":{"cell":"890cee8d5a7ffff","res":9,"coarsened":false,"count":1,"hv":1,"mp":0,"y0":null,"y1":null,"sp":[[75,1,1,0,null,null]]}},{"type":"Feature","geometry":{"type":"Polygon","coordinates":[[[-156.44292,58.49124],[-156.44498,58.48986],[-156.44374,58.4884],[-156.44046,58.48832],[-156.4384,58.4897],[-156.43963,58.49116],[-156.44292,58.49124]]]},"properties":{"cell":"890cee8f11bffff","res":9,"coarsened":false,"count":1,"hv":1,"mp":0,"y0":null,"y1":null,"sp":[[75,1,1,0,null,null]]}},{"type":"Feature","geometry":{"type":"Polygon","coordinates":[[[-156.42968,58.57099],[-156.43174,58.56961],[-156.43051,58.56815],[-156.42721,58.56807],[-156.42515,58.56945],[-156.42638,58.57091],[-156.42968,58.57099]]]},"properties":{"cell":"890cee81c53ffff","res":9,"coarsened":false,"count":1,"hv":1,"mp":0,"y0":null,"y1":null,"sp":[[75,1,1,0,null,null]]}},{"type":"Feature","geometry":{"type":"Polygon","coordinates":[[[-156.33199,58.58146],[-156.33406,58.58008],[-156.33283,58.57862],[-156.32953,58.57853],[-156.32747,58.57991],[-156.3287,58.58137],[-156.33199,58.58146]]]},"properties":{"cell":"890cee80123ffff","res":9,"coarsened":false,"count":1,"hv":1,"mp":0,"y0":null,"y1":null,"sp":[[75,1,1,0,null,null]]}},{"type":"Feature","geometry":{"type":"Polygon","coordinates":[[[-156.20985,58.74018],[-156.21194,58.7388],[-156.21071,58.73733],[-156.2074,58.73724],[-156.20531,58.73862],[-156.20654,58.74009],[-156.20985,58.74018]]]},"properties":{"cell":"890cee92837ffff","res":9,"coarsened":false,"count":1,"hv":1,"mp":0,"y0":null,"y1":null,"sp":[[75,1,1,0,null,null]]}},{"type":"Feature","geometry":{"type":"Polygon","coordinates":[[[-155.54941,57.88141],[-155.55146,57.88006],[-155.5503,57.87861],[-155.5471,57.87852],[-155.54506,57.87987],[-155.54621,57.88132],[-155.54941,57.88141]]]},"properties":{"cell":"890ce8ceabbffff","res":9,"coarsened":false,"count":1,"hv":1,"mp":0,"y0":null,"y1":null,"sp":[[75,1,1,0,null,null]]}},{"type":"Feature","geometry":{"type":"Polygon","coordinates":[[[-155.85171,57.89155],[-155.85375,57.89019],[-155.85257,57.88874],[-155.84937,57.88866],[-155.84733,57.89001],[-155.8485,57.89146],[-155.85171,57.89155]]]},"properties":{"cell":"890ce8c9923ffff","res":9,"coarsened":false,"count":1,"hv":1,"mp":0,"y0":null,"y1":null,"sp":[[75,1,1,0,null,null]]}},{"type":"Feature","geometry":{"type":"Polygon","coordinates":[[[-156.36912,58.20145],[-156.37115,58.20007],[-156.36994,58.19862],[-156.36669,58.19854],[-156.36465,58.19991],[-156.36587,58.20137],[-156.36912,58.20145]]]},"properties":{"cell":"890cee06c27ffff","res":9,"coarsened":false,"count":1,"hv":1,"mp":0,"y0":null,"y1":null,"sp":[[75,1,1,0,null,null]]}},{"type":"Feature","geometry":{"type":"Polygon","coordinates":[[[-156.36879,58.42231],[-156.37084,58.42093],[-156.36962,58.41948],[-156.36634,58.4194],[-156.36429,58.42077],[-156.36551,58.42223],[-156.36879,58.42231]]]},"properties":{"cell":"890cee8c8cbffff","res":9,"coarsened":false,"count":2,"hv":2,"mp":0,"y0":null,"y1":null,"sp":[[75,2,2,0,null,null]]}},{"type":"Feature","geometry":{"type":"Polygon","coordinates":[[[-155.22347,58.34211],[-155.22556,58.34076],[-155.2244,58.3393],[-155.22116,58.33919],[-155.21906,58.34054],[-155.22022,58.34201],[-155.22347,58.34211]]]},"properties":{"cell":"890cec6014bffff","res":9,"coarsened":false,"count":2,"hv":2,"mp":0,"y0":null,"y1":null,"sp":[[55,2,2,0,null,null]]}},{"type":"Feature","geometry":{"type":"Polygon","coordinates":[[[-156.43083,58.65262],[-156.43289,58.65124],[-156.43166,58.64977],[-156.42835,58.64969],[-156.42628,58.65108],[-156.42752,58.65254],[-156.43083,58.65262]]]},"properties":{"cell":"890cee83463ffff","res":9,"coarsened":false,"count":1,"hv":1,"mp":0,"y0":null,"y1":null,"sp":[[75,1,1,0,null,null]]}},{"type":"Feature","geometry":{"type":"Polygon","coordinates":[[[-156.41067,58.60201],[-156.41273,58.60063],[-156.4115,58.59917],[-156.4082,58.59909],[-156.40613,58.60047],[-156.40737,58.60193],[-156.41067,58.60201]]]},"properties":{"cell":"890cee80663ffff","res":9,"coarsened":false,"count":1,"hv":1,"mp":0,"y0":null,"y1":null,"sp":[[75,1,1,0,null,null]]}},{"type":"Feature","geometry":{"type":"Polygon","coordinates":[[[-155.69174,57.89127],[-155.69378,57.88991],[-155.69261,57.88846],[-155.68941,57.88837],[-155.68737,57.88973],[-155.68853,57.89118],[-155.69174,57.89127]]]},"properties":{"cell":"890ce8cd59bffff","res":9,"coarsened":false,"count":1,"hv":1,"mp":0,"y0":null,"y1":null,"sp":[[75,1,1,0,null,null]]}},{"type":"Feature","geometry":{"type":"Polygon","coordinates":[[[-156.51833,58.59172],[-156.52039,58.59033],[-156.51915,58.58887],[-156.51585,58.5888],[-156.51379,58.59018],[-156.51503,58.59164],[-156.51833,58.59172]]]},"properties":{"cell":"890cee8166fffff","res":9,"coarsened":false,"count":1,"hv":1,"mp":0,"y0":null,"y1":null,"sp":[[75,1,1,0,null,null]]}},{"type":"Feature","geometry":{"type":"Polygon","coordinates":[[[-156.51159,58.51145],[-156.51364,58.51007],[-156.51241,58.50861],[-156.50912,58.50853],[-156.50706,58.50991],[-156.5083,58.51137],[-156.51159,58.51145]]]},"properties":{"cell":"890cee8f657ffff","res":9,"coarsened":false,"count":1,"hv":1,"mp":0,"y0":null,"y1":null,"sp":[[75,1,1,0,null,null]]}},{"type":"Feature","geometry":{"type":"Polygon","coordinates":[[[-156.5033,58.47124],[-156.50535,58.46986],[-156.50412,58.4684],[-156.50083,58.46832],[-156.49878,58.4697],[-156.50002,58.47116],[-156.5033,58.47124]]]},"properties":{"cell":"890cee8d4abffff","res":9,"coarsened":false,"count":1,"hv":1,"mp":0,"y0":null,"y1":null,"sp":[[75,1,1,0,null,null]]}},{"type":"Feature","geometry":{"type":"Polygon","coordinates":[[[-156.48956,58.6913],[-156.49163,58.68991],[-156.49038,58.68845],[-156.48707,58.68837],[-156.485,58.68976],[-156.48625,58.69122],[-156.48956,58.6913]]]},"properties":{"cell":"890cee9ac6fffff","res":9,"coarsened":false,"count":2,"hv":2,"mp":0,"y0":null,"y1":null,"sp":[[75,2,2,0,null,null]]}},{"type":"Feature","geometry":{"type":"Polygon","coordinates":[[[-156.49185,58.51098],[-156.4939,58.5096],[-156.49267,58.50814],[-156.48938,58.50807],[-156.48732,58.50945],[-156.48856,58.51091],[-156.49185,58.51098]]]},"properties":{"cell":"890cee8f6abffff","res":9,"coarsened":false,"count":1,"hv":1,"mp":0,"y0":null,"y1":null,"sp":[[75,1,1,0,null,null]]}},{"type":"Feature","geometry":{"type":"Polygon","coordinates":[[[-156.28048,58.52009],[-156.28255,58.51872],[-156.28132,58.51726],[-156.27804,58.51717],[-156.27597,58.51855],[-156.2772,58.52001],[-156.28048,58.52009]]]},"properties":{"cell":"890cee85623ffff","res":9,"coarsened":false,"count":2,"hv":2,"mp":0,"y0":null,"y1":null,"sp":[[75,2,2,0,null,null]]}},{"type":"Feature","geometry":{"type":"Polygon","coordinates":[[[-156.20133,58.50234],[-156.2034,58.50097],[-156.20218,58.49951],[-156.1989,58.49942],[-156.19683,58.5008],[-156.19805,58.50226],[-156.20133,58.50234]]]},"properties":{"cell":"890cee85cd3ffff","res":9,"coarsened":false,"count":1,"hv":1,"mp":0,"y0":null,"y1":null,"sp":[[75,1,1,0,null,null]]}},{"type":"Feature","geometry":{"type":"Polygon","coordinates":[[[-156.49317,58.23142],[-156.49521,58.23004],[-156.49398,58.22859],[-156.49073,58.22851],[-156.48869,58.22989],[-156.48992,58.23134],[-156.49317,58.23142]]]},"properties":{"cell":"890cee075a7ffff","res":9,"coarsened":false,"count":1,"hv":1,"mp":0,"y0":null,"y1":null,"sp":[[75,1,1,0,null,null]]}},{"type":"Feature","geometry":{"type":"Polygon","coordinates":[[[-156.45975,58.69058],[-156.46182,58.6892],[-156.46058,58.68773],[-156.45727,58.68765],[-156.4552,58.68904],[-156.45644,58.6905],[-156.45975,58.69058]]]},"properties":{"cell":"890cee9ad57ffff","res":9,"coarsened":false,"count":1,"hv":1,"mp":0,"y0":null,"y1":null,"sp":[[75,1,1,0,null,null]]}},{"type":"Feature","geometry":{"type":"Polygon","coordinates":[[[-156.45278,58.49147],[-156.45484,58.49009],[-156.45361,58.48863],[-156.45032,58.48856],[-156.44826,58.48994],[-156.4495,58.49139],[-156.45278,58.49147]]]},"properties":{"cell":"890cee8f153ffff","res":9,"coarsened":false,"count":1,"hv":1,"mp":0,"y0":null,"y1":null,"sp":[[75,1,1,0,null,null]]}},{"type":"Feature","geometry":{"type":"Polygon","coordinates":[[[-156.3822,58.46119],[-156.38426,58.45981],[-156.38303,58.45835],[-156.37975,58.45827],[-156.37769,58.45965],[-156.37892,58.46111],[-156.3822,58.46119]]]},"properties":{"cell":"890cee8c563ffff","res":9,"coarsened":false,"count":1,"hv":1,"mp":0,"y0":null,"y1":null,"sp":[[75,1,1,0,null,null]]}},{"type":"Feature","geometry":{"type":"Polygon","coordinates":[[[-156.5211,58.34034],[-156.52314,58.33896],[-156.52191,58.33751],[-156.51864,58.33743],[-156.51659,58.33881],[-156.51782,58.34027],[-156.5211,58.34034]]]},"properties":{"cell":"890cee1730bffff","res":9,"coarsened":false,"count":1,"hv":1,"mp":0,"y0":null,"y1":null,"sp":[[75,1,1,0,null,null]]}},{"type":"Feature","geometry":{"type":"Polygon","coordinates":[[[-156.42834,58.66115],[-156.4304,58.65977],[-156.42917,58.65831],[-156.42586,58.65823],[-156.42379,58.65961],[-156.42503,58.66107],[-156.42834,58.66115]]]},"properties":{"cell":"890cee8341bffff","res":9,"coarsened":false,"count":1,"hv":1,"mp":0,"y0":null,"y1":null,"sp":[[75,1,1,0,null,null]]}},{"type":"Feature","geometry":{"type":"Polygon","coordinates":[[[-156.41304,58.66221],[-156.41511,58.66083],[-156.41387,58.65937],[-156.41056,58.65929],[-156.40849,58.66067],[-156.40973,58.66213],[-156.41304,58.66221]]]},"properties":{"cell":"890cee834bbffff","res":9,"coarsened":false,"count":1,"hv":1,"mp":0,"y0":null,"y1":null,"sp":[[75,1,1,0,null,null]]}},{"type":"Feature","geometry":{"type":"Polygon","coordinates":[[[-156.48124,58.05061],[-156.48326,58.04924],[-156.48205,58.04779],[-156.47881,58.04772],[-156.47679,58.04909],[-156.478,58.05054],[-156.48124,58.05061]]]},"properties":{"cell":"890cee385afffff","res":9,"coarsened":false,"count":1,"hv":1,"mp":0,"y0":null,"y1":null,"sp":[[75,1,1,0,null,null]]}},{"type":"Feature","geometry":{"type":"Polygon","coordinates":[[[-156.34262,58.41025],[-156.34467,58.40887],[-156.34345,58.40742],[-156.34017,58.40733],[-156.33812,58.40871],[-156.33934,58.41017],[-156.34262,58.41025]]]},"properties":{"cell":"890cee8c827ffff","res":9,"coarsened":false,"count":1,"hv":1,"mp":0,"y0":null,"y1":null,"sp":[[75,1,1,0,null,null]]}},{"type":"Feature","geometry":{"type":"Polygon","coordinates":[[[-156.23964,58.59055],[-156.24171,58.58918],[-156.24049,58.58771],[-156.23719,58.58763],[-156.23512,58.589],[-156.23635,58.59047],[-156.23964,58.59055]]]},"properties":{"cell":"890cee82973ffff","res":9,"coarsened":false,"count":1,"hv":1,"mp":0,"y0":null,"y1":null,"sp":[[75,1,1,0,null,null]]}},{"type":"Feature","geometry":{"type":"Polygon","coordinates":[[[-155.8902,57.89261],[-155.89223,57.89125],[-155.89106,57.8898],[-155.88785,57.88972],[-155.88582,57.89107],[-155.88699,57.89252],[-155.8902,57.89261]]]},"properties":{"cell":"890ce8c9b8fffff","res":9,"coarsened":false,"count":2,"hv":2,"mp":0,"y0":null,"y1":null,"sp":[[75,2,2,0,null,null]]}},{"type":"Feature","geometry":{"type":"Polygon","coordinates":[[[-155.68995,57.91244],[-155.69199,57.91108],[-155.69083,57.90963],[-155.68763,57.90954],[-155.68558,57.9109],[-155.68675,57.91234],[-155.68995,57.91244]]]},"properties":{"cell":"890ce8cf06fffff","res":9,"coarsened":false,"count":1,"hv":1,"mp":0,"y0":null,"y1":null,"sp":[[75,1,1,0,null,null]]}},{"type":"Feature","geometry":{"type":"Polygon","coordinates":[[[-155.941,57.90106],[-155.94303,57.8997],[-155.94185,57.89826],[-155.93864,57.89817],[-155.93661,57.89953],[-155.93779,57.90098],[-155.941,57.90106]]]},"properties":{"cell":"890ce8c9a53ffff","res":9,"coarsened":false,"count":1,"hv":1,"mp":0,"y0":null,"y1":null,"sp":[[75,1,1,0,null,null]]}},{"type":"Feature","geometry":{"type":"Polygon","coordinates":[[[-156.49113,58.22141],[-156.49316,58.22003],[-156.49194,58.21858],[-156.48868,58.2185],[-156.48665,58.21988],[-156.48787,58.22133],[-156.49113,58.22141]]]},"properties":{"cell":"890cee06257ffff","res":9,"coarsened":false,"count":2,"hv":2,"mp":0,"y0":null,"y1":null,"sp":[[75,2,2,0,null,null]]}},{"type":"Feature","geometry":{"type":"Polygon","coordinates":[[[-156.4433,58.54128],[-156.44536,58.5399],[-156.44412,58.53844],[-156.44083,58.53836],[-156.43877,58.53974],[-156.44001,58.5412],[-156.4433,58.54128]]]},"properties":{"cell":"890cee81aa3ffff","res":9,"coarsened":false,"count":1,"hv":1,"mp":0,"y0":null,"y1":null,"sp":[[75,1,1,0,null,null]]}},{"type":"Feature","geometry":{"type":"Polygon","coordinates":[[[-156.39251,58.44288],[-156.39456,58.4415],[-156.39333,58.44004],[-156.39005,58.43996],[-156.388,58.44134],[-156.38923,58.4428],[-156.39251,58.44288]]]},"properties":{"cell":"890cee8c17bffff","res":9,"coarsened":false,"count":1,"hv":1,"mp":0,"y0":null,"y1":null,"sp":[[75,1,1,0,null,null]]}},{"type":"Feature","geometry":{"type":"Polygon","coordinates":[[[-156.33986,58.57164],[-156.34193,58.57026],[-156.3407,58.5688],[-156.33741,58.56872],[-156.33534,58.57009],[-156.33657,58.57156],[-156.33986,58.57164]]]},"properties":{"cell":"890cee80e8fffff","res":9,"coarsened":false,"count":1,"hv":1,"mp":0,"y0":null,"y1":null,"sp":[[75,1,1,0,null,null]]}},{"type":"Feature","geometry":{"type":"Polygon","coordinates":[[[-156.13082,58.39058],[-156.13288,58.38921],[-156.13167,58.38775],[-156.1284,58.38766],[-156.12634,58.38904],[-156.12755,58.39049],[-156.13082,58.39058]]]},"properties":{"cell":"890ceebaad3ffff","res":9,"coarsened":false,"count":1,"hv":1,"mp":0,"y0":null,"y1":null,"sp":[[75,1,1,0,null,null]]}},{"type":"Feature","geometry":{"type":"Polygon","coordinates":[[[-156.46059,58.55028],[-156.46265,58.5489],[-156.46141,58.54744],[-156.45812,58.54736],[-156.45606,58.54874],[-156.45729,58.5502],[-156.46059,58.55028]]]},"properties":{"cell":"890cee81e6fffff","res":9,"coarsened":false,"count":2,"hv":2,"mp":0,"y0":null,"y1":null,"sp":[[75,2,2,0,null,null]]}},{"type":"Feature","geometry":{"type":"Polygon","coordinates":[[[-156.39957,58.40165],[-156.40162,58.40028],[-156.40039,58.39882],[-156.39712,58.39874],[-156.39507,58.40012],[-156.39629,58.40157],[-156.39957,58.40165]]]},"properties":{"cell":"890cee8ca63ffff","res":9,"coarsened":false,"count":1,"hv":1,"mp":0,"y0":null,"y1":null,"sp":[[75,1,1,0,null,null]]}},{"type":"Feature","geometry":{"type":"Polygon","coordinates":[[[-156.501,58.58272],[-156.50306,58.58134],[-156.50182,58.57988],[-156.49852,58.5798],[-156.49646,58.58118],[-156.4977,58.58264],[-156.501,58.58272]]]},"properties":{"cell":"890cee812a3ffff","res":9,"coarsened":false,"count":1,"hv":1,"mp":0,"y0":null,"y1":null,"sp":[[75,1,1,0,null,null]]}},{"type":"Feature","geometry":{"type":"Polygon","coordinates":[[[-156.38828,58.49134],[-156.39033,58.48996],[-156.38911,58.4885],[-156.38582,58.48842],[-156.38376,58.4898],[-156.38499,58.49126],[-156.38828,58.49134]]]},"properties":{"cell":"890cee8e227ffff","res":9,"coarsened":false,"count":1,"hv":1,"mp":0,"y0":null,"y1":null,"sp":[[75,1,1,0,null,null]]}},{"type":"Feature","geometry":{"type":"Polygon","coordinates":[[[-156.33013,58.45277],[-156.33219,58.45139],[-156.33097,58.44993],[-156.32769,58.44985],[-156.32563,58.45123],[-156.32685,58.45268],[-156.33013,58.45277]]]},"properties":{"cell":"890cee8ea37ffff","res":9,"coarsened":false,"count":1,"hv":1,"mp":0,"y0":null,"y1":null,"sp":[[75,1,1,0,null,null]]}},{"type":"Feature","geometry":{"type":"Polygon","coordinates":[[[-155.94282,57.91102],[-155.94485,57.90966],[-155.94368,57.90821],[-155.94046,57.90813],[-155.93843,57.90949],[-155.93961,57.91093],[-155.94282,57.91102]]]},"properties":{"cell":"890cee26da3ffff","res":9,"coarsened":false,"count":1,"hv":1,"mp":0,"y0":null,"y1":null,"sp":[[75,1,1,0,null,null]]}},{"type":"Feature","geometry":{"type":"Polygon","coordinates":[[[-155.89905,57.91125],[-155.90109,57.90989],[-155.89991,57.90844],[-155.8967,57.90835],[-155.89467,57.90971],[-155.89584,57.91116],[-155.89905,57.91125]]]},"properties":{"cell":"890ce8c98cfffff","res":9,"coarsened":false,"count":1,"hv":1,"mp":0,"y0":null,"y1":null,"sp":[[75,1,1,0,null,null]]}},{"type":"Feature","geometry":{"type":"Polygon","coordinates":[[[-156.45206,58.22049],[-156.45409,58.21912],[-156.45287,58.21767],[-156.44962,58.21759],[-156.44758,58.21897],[-156.4488,58.22042],[-156.45206,58.22049]]]},"properties":{"cell":"890cee0606fffff","res":9,"coarsened":false,"count":1,"hv":1,"mp":0,"y0":null,"y1":null,"sp":[[75,1,1,0,null,null]]}},{"type":"Feature","geometry":{"type":"Polygon","coordinates":[[[-156.4016,58.41169],[-156.40365,58.41031],[-156.40242,58.40886],[-156.39914,58.40878],[-156.39709,58.41016],[-156.39832,58.41161],[-156.4016,58.41169]]]},"properties":{"cell":"890cee8cacfffff","res":9,"coarsened":false,"count":1,"hv":1,"mp":0,"y0":null,"y1":null,"sp":[[75,1,1,0,null,null]]}},{"type":"Feature","geometry":{"type":"Polygon","coordinates":[[[-156.21864,58.26176],[-156.22069,58.26039],[-156.21948,58.25893],[-156.21622,58.25885],[-156.21417,58.26022],[-156.21538,58.26168],[-156.21864,58.26176]]]},"properties":{"cell":"890ceea8433ffff","res":9,"coarsened":false,"count":1,"hv":1,"mp":0,"y0":null,"y1":null,"sp":[[75,1,1,0,null,null]]}},{"type":"Feature","geometry":{"type":"Polygon","coordinates":[[[-156.19923,58.16169],[-156.20127,58.16032],[-156.20006,58.15887],[-156.19682,58.15879],[-156.19478,58.16016],[-156.19598,58.16161],[-156.19923,58.16169]]]},"properties":{"cell":"890cee32547ffff","res":9,"coarsened":false,"count":1,"hv":1,"mp":0,"y0":null,"y1":null,"sp":[[75,1,1,0,null,null]]}},{"type":"Feature","geometry":{"type":"Polygon","coordinates":[[[-156.09047,58.4423],[-156.09254,58.44093],[-156.09133,58.43947],[-156.08806,58.43938],[-156.08599,58.44075],[-156.0872,58.44221],[-156.09047,58.4423]]]},"properties":{"cell":"890ceeba5a3ffff","res":9,"coarsened":false,"count":1,"hv":1,"mp":0,"y0":null,"y1":null,"sp":[[75,1,1,0,null,null]]}},{"type":"Feature","geometry":{"type":"Polygon","coordinates":[[[-155.91831,57.91177],[-155.92035,57.91041],[-155.91917,57.90896],[-155.91596,57.90888],[-155.91393,57.91024],[-155.9151,57.91168],[-155.91831,57.91177]]]},"properties":{"cell":"890ce8c9e2bffff","res":9,"coarsened":false,"count":1,"hv":1,"mp":0,"y0":null,"y1":null,"sp":[[75,1,1,0,null,null]]}},{"type":"Feature","geometry":{"type":"Polygon","coordinates":[[[-155.79837,57.89148],[-155.80041,57.89012],[-155.79924,57.88867],[-155.79603,57.88858],[-155.794,57.88994],[-155.79517,57.89139],[-155.79837,57.89148]]]},"properties":{"cell":"890ce8c8b73ffff","res":9,"coarsened":false,"count":2,"hv":2,"mp":0,"y0":null,"y1":null,"sp":[[75,2,2,0,null,null]]}},{"type":"Feature","geometry":{"type":"Polygon","coordinates":[[[-155.9394,57.92225],[-155.94143,57.92089],[-155.94025,57.91944],[-155.93704,57.91936],[-155.93501,57.92072],[-155.93619,57.92216],[-155.9394,57.92225]]]},"properties":{"cell":"890ce8c9327ffff","res":9,"coarsened":false,"count":1,"hv":1,"mp":0,"y0":null,"y1":null,"sp":[[75,1,1,0,null,null]]}},{"type":"Feature","geometry":{"type":"Polygon","coordinates":[[[-154.15904,58.20127],[-154.16116,58.19994],[-154.16007,58.19847],[-154.15686,58.19834],[-154.15474,58.19967],[-154.15583,58.20113],[-154.15904,58.20127]]]},"properties":{"cell":"890ced51e73ffff","res":9,"coarsened":false,"count":1,"hv":1,"mp":0,"y0":null,"y1":null,"sp":[[34,1,1,0,null,null]]}},{"type":"Feature","geometry":{"type":"Polygon","coordinates":[[[-153.7519,58.61197],[-153.75407,58.61064],[-153.75299,58.60916],[-153.74974,58.60901],[-153.74757,58.61034],[-153.74865,58.61182],[-153.7519,58.61197]]]},"properties":{"cell":"890cedd303bffff","res":9,"coarsened":false,"count":1,"hv":1,"mp":0,"y0":null,"y1":null,"sp":[[75,1,1,0,null,null]]}},{"type":"Feature","geometry":{"type":"Polygon","coordinates":[[[-155.32883,58.53096],[-155.33094,58.5296],[-155.32977,58.52813],[-155.3265,58.52802],[-155.32439,58.52938],[-155.32556,58.53085],[-155.32883,58.53096]]]},"properties":{"cell":"890cec448b7ffff","res":9,"coarsened":false,"count":6,"hv":6,"mp":0,"y0":null,"y1":null,"sp":[[163,2,2,0,null,null],[75,1,1,0,null,null],[67,1,1,0,null,null],[55,1,1,0,null,null],[18,1,1,0,null,null]]}},{"type":"Feature","geometry":{"type":"Polygon","coordinates":[[[-155.04155,58.60259],[-155.04367,58.60124],[-155.04252,58.59977],[-155.03924,58.59965],[-155.03712,58.60101],[-155.03828,58.60248],[-155.04155,58.60259]]]},"properties":{"cell":"890cec08d8fffff","res":9,"coarsened":false,"count":1,"hv":1,"mp":0,"y0":null,"y1":null,"sp":[[75,1,1,0,null,null]]}},{"type":"Feature","geometry":{"type":"Polygon","coordinates":[[[-154.77544,58.90796],[-154.82871,58.88987],[-154.8276,58.8597],[-154.77334,58.84762],[-154.72013,58.86568],[-154.72112,58.89584],[-154.77544,58.90796]]]},"properties":{"cell":"860cec127ffffff","res":6,"coarsened":true,"count":1,"hv":1,"mp":0,"y0":null,"y1":null,"sp":[[177,1,1,0,null,null]]}},{"type":"Feature","geometry":{"type":"Polygon","coordinates":[[[-155.53349,58.51181],[-155.53559,58.51045],[-155.53441,58.50899],[-155.53113,58.50888],[-155.52904,58.51025],[-155.53022,58.51171],[-155.53349,58.51181]]]},"properties":{"cell":"890cec4e9d7ffff","res":9,"coarsened":false,"count":1,"hv":1,"mp":0,"y0":null,"y1":null,"sp":[[150,1,1,0,null,null]]}},{"type":"Feature","geometry":{"type":"Polygon","coordinates":[[[-156.37865,59.24118],[-156.38077,59.23979],[-156.3795,59.23832],[-156.37613,59.23823],[-156.37401,59.23962],[-156.37527,59.2411],[-156.37865,59.24118]]]},"properties":{"cell":"890ce1005afffff","res":9,"coarsened":false,"count":3,"hv":3,"mp":0,"y0":null,"y1":null,"sp":[[34,1,1,0,null,null],[163,1,1,0,null,null],[139,1,1,0,null,null]]}},{"type":"Feature","geometry":{"type":"Polygon","coordinates":[[[-155.28473,58.3356],[-155.33669,58.31737],[-155.33506,58.28744],[-155.28158,58.27574],[-155.22966,58.29394],[-155.23118,58.32387],[-155.28473,58.3356]]]},"properties":{"cell":"860cec61fffffff","res":6,"coarsened":true,"count":1,"hv":1,"mp":0,"y0":null,"y1":null,"sp":[[177,1,1,0,null,null]]}},{"type":"Feature","geometry":{"type":"Polygon","coordinates":[[[-153.26939,58.76198],[-153.27159,58.76066],[-153.27054,58.75918],[-153.26728,58.75902],[-153.26508,58.76034],[-153.26613,58.76182],[-153.26939,58.76198]]]},"properties":{"cell":"890c5362b97ffff","res":9,"coarsened":false,"count":23,"hv":23,"mp":0,"y0":null,"y1":null,"sp":[[165,5,5,0,null,null],[34,3,3,0,null,null],[117,2,2,0,null,null],[64,1,1,0,null,null],[37,1,1,0,null,null],[19,1,1,0,null,null],[100,1,1,0,null,null],[103,1,1,0,null,null],[209,1,1,0,null,null],[210,1,1,0,null,null],[79,1,1,0,null,null],[9,1,1,0,null,null],[211,1,1,0,null,null],[51,1,1,0,null,null],[153,1,1,0,null,null],[11,1,1,0,null,null]]}},{"type":"Feature","geometry":{"type":"Polygon","coordinates":[[[-154.94047,58.02005],[-154.94255,58.01871],[-154.94143,58.01725],[-154.93822,58.01714],[-154.93614,58.01848],[-154.93727,58.01994],[-154.94047,58.02005]]]},"properties":{"cell":"890ce881e63ffff","res":9,"coarsened":false,"count":8,"hv":8,"mp":0,"y0":null,"y1":null,"sp":[[77,2,2,0,null,null],[214,2,2,0,null,null],[34,1,1,0,null,null],[144,1,1,0,null,null],[76,1,1,0,null,null],[122,1,1,0,null,null]]}},{"type":"Feature","geometry":{"type":"Polygon","coordinates":[[[-154.25182,58.32158],[-154.25395,58.32025],[-154.25285,58.31878],[-154.24963,58.31865],[-154.2475,58.31998],[-154.24859,58.32145],[-154.25182,58.32158]]]},"properties":{"cell":"890cec24563ffff","res":9,"coarsened":false,"count":3,"hv":3,"mp":0,"y0":null,"y1":null,"sp":[[34,3,3,0,null,null]]}},{"type":"Feature","geometry":{"type":"Polygon","coordinates":[[[-154.10894,58.32274],[-154.11108,58.32141],[-154.10999,58.31994],[-154.10677,58.3198],[-154.10463,58.32114],[-154.10572,58.3226],[-154.10894,58.32274]]]},"properties":{"cell":"890cedc9a03ffff","res":9,"coarsened":false,"count":6,"hv":6,"mp":0,"y0":null,"y1":null,"sp":[[34,5,5,0,null,null],[98,1,1,0,null,null]]}},{"type":"Feature","geometry":{"type":"Polygon","coordinates":[[[-153.28373,58.86148],[-153.28594,58.86016],[-153.28488,58.85867],[-153.28161,58.85851],[-153.2794,58.85984],[-153.28046,58.86132],[-153.28373,58.86148]]]},"properties":{"cell":"890c5370847ffff","res":9,"coarsened":false,"count":1,"hv":1,"mp":0,"y0":null,"y1":null,"sp":[[34,1,1,0,null,null]]}},{"type":"Feature","geometry":{"type":"Polygon","coordinates":[[[-154.02073,58.45274],[-154.02288,58.45141],[-154.02179,58.44994],[-154.01856,58.4498],[-154.01641,58.45113],[-154.0175,58.4526],[-154.02073,58.45274]]]},"properties":{"cell":"890cedd9b8fffff","res":9,"coarsened":false,"count":2,"hv":2,"mp":0,"y0":null,"y1":null,"sp":[[34,1,1,0,null,null],[29,1,1,0,null,null]]}},{"type":"Feature","geometry":{"type":"Polygon","coordinates":[[[-156.00298,58.16224],[-156.00503,58.16088],[-156.00384,58.15942],[-156.0006,58.15934],[-155.99855,58.1607],[-155.99974,58.16216],[-156.00298,58.16224]]]},"properties":{"cell":"890ceeac027ffff","res":9,"coarsened":false,"count":1,"hv":1,"mp":0,"y0":null,"y1":null,"sp":[[34,1,1,0,null,null]]}},{"type":"Feature","geometry":{"type":"Polygon","coordinates":[[[-153.55089,57.92121],[-153.55301,57.91989],[-153.55197,57.91843],[-153.5488,57.91829],[-153.54668,57.9196],[-153.54772,57.92106],[-153.55089,57.92121]]]},"properties":{"cell":"890ced7746fffff","res":9,"coarsened":false,"count":5,"hv":5,"mp":0,"y0":null,"y1":null,"sp":[[146,1,1,0,null,null],[34,1,1,0,null,null],[102,1,1,0,null,null],[100,1,1,0,null,null],[20,1,1,0,null,null]]}},{"type":"Feature","geometry":{"type":"Polygon","coordinates":[[[-153.55184,57.93114],[-153.55397,57.92982],[-153.55293,57.92836],[-153.54976,57.92822],[-153.54764,57.92953],[-153.54868,57.93099],[-153.55184,57.93114]]]},"properties":{"cell":"890ced77457ffff","res":9,"coarsened":false,"count":6,"hv":6,"mp":0,"y0":null,"y1":null,"sp":[[102,1,1,0,null,null],[20,1,1,0,null,null],[149,1,1,0,null,null],[155,1,1,0,null,null],[100,1,1,0,null,null],[34,1,1,0,null,null]]}},{"type":"Feature","geometry":{"type":"Polygon","coordinates":[[[-153.74009,57.88178],[-153.7422,57.88047],[-153.74115,57.87901],[-153.73799,57.87887],[-153.73587,57.88018],[-153.73692,57.88164],[-153.74009,57.88178]]]},"properties":{"cell":"890ced7196bffff","res":9,"coarsened":false,"count":1,"hv":1,"mp":0,"y0":null,"y1":null,"sp":[[34,1,1,0,null,null]]}},{"type":"Feature","geometry":{"type":"Polygon","coordinates":[[[-155.61099,58.75026],[-155.6131,58.74889],[-155.6119,58.74742],[-155.6086,58.74732],[-155.60649,58.74868],[-155.60769,58.75015],[-155.61099,58.75026]]]},"properties":{"cell":"890cec51c27ffff","res":9,"coarsened":false,"count":4,"hv":4,"mp":0,"y0":null,"y1":null,"sp":[[34,2,2,0,null,null],[94,2,2,0,null,null]]}},{"type":"Feature","geometry":{"type":"Polygon","coordinates":[[[-155.55215,58.79286],[-155.55426,58.79149],[-155.55307,58.79002],[-155.54976,58.78991],[-155.54765,58.79128],[-155.54884,58.79275],[-155.55215,58.79286]]]},"properties":{"cell":"890cec50547ffff","res":9,"coarsened":false,"count":2,"hv":2,"mp":0,"y0":null,"y1":null,"sp":[[15,1,1,0,null,null],[168,1,1,0,null,null]]}},{"type":"Feature","geometry":{"type":"Polygon","coordinates":[[[-155.13944,58.87239],[-155.14157,58.87103],[-155.1404,58.86955],[-155.13709,58.86944],[-155.13496,58.8708],[-155.13613,58.87227],[-155.13944,58.87239]]]},"properties":{"cell":"890cecc5e57ffff","res":9,"coarsened":false,"count":8,"hv":8,"mp":0,"y0":null,"y1":null,"sp":[[46,1,1,0,null,null],[78,1,1,0,null,null],[22,1,1,0,null,null],[138,1,1,0,null,null],[53,1,1,0,null,null],[67,1,1,0,null,null],[64,1,1,0,null,null],[54,1,1,0,null,null]]}},{"type":"Feature","geometry":{"type":"Polygon","coordinates":[[[-155.57999,58.81524],[-155.63274,58.79681],[-155.63075,58.76663],[-155.57613,58.7549],[-155.52344,58.77331],[-155.52531,58.80348],[-155.57999,58.81524]]]},"properties":{"cell":"860cec507ffffff","res":6,"coarsened":true,"count":1,"hv":1,"mp":0,"y0":null,"y1":null,"sp":[[1,1,1,0,null,null]]}},{"type":"Feature","geometry":{"type":"Polygon","coordinates":[[[-155.16025,58.87024],[-155.16239,58.86888],[-155.16122,58.86741],[-155.15791,58.86729],[-155.15577,58.86865],[-155.15694,58.87013],[-155.16025,58.87024]]]},"properties":{"cell":"890cecced83ffff","res":9,"coarsened":false,"count":1,"hv":1,"mp":0,"y0":null,"y1":null,"sp":[[46,1,1,0,null,null]]}},{"type":"Feature","geometry":{"type":"Polygon","coordinates":[[[-156.29235,59.0701],[-156.29445,59.06872],[-156.2932,59.06724],[-156.28985,59.06716],[-156.28774,59.06854],[-156.28899,59.07002],[-156.29235,59.0701]]]},"properties":{"cell":"890ce13b42fffff","res":9,"coarsened":false,"count":2,"hv":2,"mp":0,"y0":null,"y1":null,"sp":[[115,1,1,0,null,null],[2,1,1,0,null,null]]}},{"type":"Feature","geometry":{"type":"Polygon","coordinates":[[[-156.5126,59.06271],[-156.51469,59.06132],[-156.51343,59.05985],[-156.51007,59.05977],[-156.50798,59.06116],[-156.50924,59.06263],[-156.5126,59.06271]]]},"properties":{"cell":"890ce10dc07ffff","res":9,"coarsened":false,"count":4,"hv":4,"mp":0,"y0":null,"y1":null,"sp":[[60,1,1,0,null,null],[78,1,1,0,null,null],[65,1,1,0,null,null],[67,1,1,0,null,null]]}},{"type":"Feature","geometry":{"type":"Polygon","coordinates":[[[-155.67055,59.08112],[-155.67269,59.07974],[-155.67147,59.07826],[-155.66813,59.07816],[-155.666,59.07953],[-155.66721,59.08101],[-155.67055,59.08112]]]},"properties":{"cell":"890ce1acb57ffff","res":9,"coarsened":false,"count":1,"hv":1,"mp":0,"y0":null,"y1":null,"sp":[[22,1,1,0,null,null]]}},{"type":"Feature","geometry":{"type":"Polygon","coordinates":[[[-155.60882,59.0216],[-155.61095,59.02023],[-155.60974,59.01875],[-155.60641,59.01865],[-155.60428,59.02002],[-155.60548,59.0215],[-155.60882,59.0216]]]},"properties":{"cell":"890ce136d13ffff","res":9,"coarsened":false,"count":1,"hv":1,"mp":0,"y0":null,"y1":null,"sp":[[78,1,1,0,null,null]]}},{"type":"Feature","geometry":{"type":"Polygon","coordinates":[[[-155.85972,58.53159],[-155.86181,58.53022],[-155.86061,58.52875],[-155.85732,58.52866],[-155.85524,58.53003],[-155.85644,58.53149],[-155.85972,58.53159]]]},"properties":{"cell":"890cec48a33ffff","res":9,"coarsened":false,"count":1,"hv":1,"mp":0,"y0":null,"y1":null,"sp":[[34,1,1,0,null,null]]}},{"type":"Feature","geometry":{"type":"Polygon","coordinates":[[[-153.71306,58.57166],[-153.71523,58.57033],[-153.71415,58.56886],[-153.71091,58.56871],[-153.70874,58.57004],[-153.70981,58.57151],[-153.71306,58.57166]]]},"properties":{"cell":"890cedd0047ffff","res":9,"coarsened":false,"count":11,"hv":11,"mp":0,"y0":null,"y1":null,"sp":[[72,2,2,0,null,null],[10,1,1,0,null,null],[149,1,1,0,null,null],[100,1,1,0,null,null],[102,1,1,0,null,null],[116,1,1,0,null,null],[79,1,1,0,null,null],[210,1,1,0,null,null],[51,1,1,0,null,null],[211,1,1,0,null,null]]}},{"type":"Feature","geometry":{"type":"Polygon","coordinates":[[[-155.04388,58.58124],[-155.04599,58.57989],[-155.04484,58.57842],[-155.04157,58.57831],[-155.03945,58.57966],[-155.0406,58.58113],[-155.04388,58.58124]]]},"properties":{"cell":"890cec089bbffff","res":9,"coarsened":false,"count":1,"hv":1,"mp":0,"y0":null,"y1":null,"sp":[[104,1,1,0,null,null]]}},{"type":"Feature","geometry":{"type":"Polygon","coordinates":[[[-155.06062,58.5904],[-155.06274,58.58905],[-155.06159,58.58758],[-155.05831,58.58747],[-155.05619,58.58882],[-155.05735,58.59029],[-155.06062,58.5904]]]},"properties":{"cell":"890cec08d6bffff","res":9,"coarsened":false,"count":32,"hv":32,"mp":0,"y0":null,"y1":null,"sp":[[64,6,6,0,null,null],[56,6,6,0,null,null],[55,6,6,0,null,null],[22,6,6,0,null,null],[28,6,6,0,null,null],[120,1,1,0,null,null],[89,1,1,0,null,null]]}},{"type":"Feature","geometry":{"type":"Polygon","coordinates":[[[-155.09319,58.61155],[-155.09531,58.6102],[-155.09415,58.60873],[-155.09088,58.60861],[-155.08876,58.60997],[-155.08992,58.61144],[-155.09319,58.61155]]]},"properties":{"cell":"890cec08c53ffff","res":9,"coarsened":false,"count":41,"hv":41,"mp":0,"y0":null,"y1":null,"sp":[[145,16,16,0,null,null],[68,8,8,0,null,null],[25,6,6,0,null,null],[82,4,4,0,null,null],[3,2,2,0,null,null],[60,2,2,0,null,null],[151,1,1,0,null,null],[114,1,1,0,null,null],[180,1,1,0,null,null]]}},{"type":"Feature","geometry":{"type":"Polygon","coordinates":[[[-155.06351,58.58193],[-155.06563,58.58058],[-155.06447,58.57911],[-155.0612,58.579],[-155.05908,58.58035],[-155.06024,58.58182],[-155.06351,58.58193]]]},"properties":{"cell":"890cec089cfffff","res":9,"coarsened":false,"count":6,"hv":6,"mp":0,"y0":null,"y1":null,"sp":[[47,6,6,0,null,null]]}},{"type":"Feature","geometry":{"type":"Polygon","coordinates":[[[-155.20905,58.68133],[-155.21117,58.67997],[-155.21,58.6785],[-155.20672,58.67839],[-155.2046,58.67975],[-155.20576,58.68122],[-155.20905,58.68133]]]},"properties":{"cell":"890cec0b0dbffff","res":9,"coarsened":false,"count":3,"hv":3,"mp":0,"y0":null,"y1":null,"sp":[[163,2,2,0,null,null],[34,1,1,0,null,null]]}},{"type":"Feature","geometry":{"type":"Polygon","coordinates":[[[-155.0508,58.59006],[-155.05292,58.58871],[-155.05177,58.58724],[-155.04849,58.58712],[-155.04638,58.58848],[-155.04753,58.58994],[-155.0508,58.59006]]]},"properties":{"cell":"890cec08d67ffff","res":9,"coarsened":false,"count":6,"hv":6,"mp":0,"y0":null,"y1":null,"sp":[[19,6,6,0,null,null]]}},{"type":"Feature","geometry":{"type":"Polygon","coordinates":[[[-155.02272,58.5705],[-155.02484,58.56914],[-155.02368,58.56768],[-155.02041,58.56756],[-155.0183,58.56891],[-155.01945,58.57038],[-155.02272,58.5705]]]},"properties":{"cell":"890cec0d413ffff","res":9,"coarsened":false,"count":1,"hv":1,"mp":0,"y0":null,"y1":null,"sp":[[13,1,1,0,null,null]]}},{"type":"Feature","geometry":{"type":"Polygon","coordinates":[[[-154.94088,58.59186],[-154.943,58.59051],[-154.94185,58.58904],[-154.93858,58.58892],[-154.93646,58.59027],[-154.93761,58.59174],[-154.94088,58.59186]]]},"properties":{"cell":"890cec0f183ffff","res":9,"coarsened":false,"count":4,"hv":4,"mp":0,"y0":null,"y1":null,"sp":[[116,3,3,0,null,null],[34,1,1,0,null,null]]}},{"type":"Feature","geometry":{"type":"Polygon","coordinates":[[[-155.04002,58.59254],[-155.04214,58.59118],[-155.04098,58.58971],[-155.03771,58.5896],[-155.03559,58.59095],[-155.03675,58.59242],[-155.04002,58.59254]]]},"properties":{"cell":"890cec08d23ffff","res":9,"coarsened":false,"count":2,"hv":2,"mp":0,"y0":null,"y1":null,"sp":[[34,2,2,0,null,null]]}},{"type":"Feature","geometry":{"type":"Polygon","coordinates":[[[-155.1017,58.63043],[-155.10382,58.62908],[-155.10266,58.62761],[-155.09938,58.62749],[-155.09727,58.62885],[-155.09842,58.63032],[-155.1017,58.63043]]]},"properties":{"cell":"890cec08193ffff","res":9,"coarsened":false,"count":1,"hv":1,"mp":0,"y0":null,"y1":null,"sp":[[29,1,1,0,null,null]]}},{"type":"Feature","geometry":{"type":"Polygon","coordinates":[[[-154.9621,58.63121],[-154.96423,58.62986],[-154.96308,58.62839],[-154.9598,58.62827],[-154.95767,58.62962],[-154.95883,58.63109],[-154.9621,58.63121]]]},"properties":{"cell":"890cec01a3bffff","res":9,"coarsened":false,"count":1,"hv":1,"mp":0,"y0":null,"y1":null,"sp":[[52,1,1,0,null,null]]}},{"type":"Feature","geometry":{"type":"Polygon","coordinates":[[[-155.08336,58.61121],[-155.08548,58.60985],[-155.08433,58.60838],[-155.08105,58.60827],[-155.07893,58.60962],[-155.08009,58.61109],[-155.08336,58.61121]]]},"properties":{"cell":"890cec08c1bffff","res":9,"coarsened":false,"count":1,"hv":1,"mp":0,"y0":null,"y1":null,"sp":[[34,1,1,0,null,null]]}},{"type":"Feature","geometry":{"type":"Polygon","coordinates":[[[-155.63963,58.55223],[-155.64172,58.55086],[-155.64053,58.54939],[-155.63725,58.5493],[-155.63516,58.55066],[-155.63635,58.55213],[-155.63963,58.55223]]]},"properties":{"cell":"890cec4e2b3ffff","res":9,"coarsened":false,"count":1,"hv":1,"mp":0,"y0":null,"y1":null,"sp":[[202,1,1,0,null,null]]}},{"type":"Feature","geometry":{"type":"Polygon","coordinates":[[[-155.40978,58.6322],[-155.41188,58.63084],[-155.41071,58.62937],[-155.40742,58.62927],[-155.40531,58.63063],[-155.40649,58.6321],[-155.40978,58.6322]]]},"properties":{"cell":"890cec55b2fffff","res":9,"coarsened":false,"count":1,"hv":1,"mp":0,"y0":null,"y1":null,"sp":[[189,1,1,0,null,null]]}},{"type":"Feature","geometry":{"type":"Polygon","coordinates":[[[-155.84198,58.57252],[-155.84407,58.57115],[-155.84287,58.56969],[-155.83958,58.5696],[-155.83749,58.57096],[-155.8387,58.57243],[-155.84198,58.57252]]]},"properties":{"cell":"890cec481afffff","res":9,"coarsened":false,"count":1,"hv":1,"mp":0,"y0":null,"y1":null,"sp":[[44,1,1,0,null,null]]}},{"type":"Feature","geometry":{"type":"Polygon","coordinates":[[[-155.06249,57.93228],[-155.06455,57.93094],[-155.06343,57.92949],[-155.06023,57.92938],[-155.05816,57.93072],[-155.05929,57.93217],[-155.06249,57.93228]]]},"properties":{"cell":"890ce812593ffff","res":9,"coarsened":false,"count":6,"hv":6,"mp":0,"y0":null,"y1":null,"sp":[[95,3,3,0,null,null],[148,2,2,0,null,null],[76,1,1,0,null,null]]}},{"type":"Feature","geometry":{"type":"Polygon","coordinates":[[[-155.04271,57.99104],[-155.04478,57.98969],[-155.04365,57.98824],[-155.04045,57.98813],[-155.03837,57.98947],[-155.0395,57.99093],[-155.04271,57.99104]]]},"properties":{"cell":"890ce888c93ffff","res":9,"coarsened":false,"count":1,"hv":1,"mp":0,"y0":null,"y1":null,"sp":[[197,1,1,0,null,null]]}},{"type":"Feature","geometry":{"type":"Polygon","coordinates":[[[-154.91305,58.00068],[-154.91513,57.99934],[-154.91401,57.99788],[-154.91081,57.99777],[-154.90873,57.99911],[-154.90985,58.00057],[-154.91305,58.00068]]]},"properties":{"cell":"890ce881bc7ffff","res":9,"coarsened":false,"count":6,"hv":6,"mp":0,"y0":null,"y1":null,"sp":[[34,2,2,0,null,null],[191,2,2,0,null,null],[75,1,1,0,null,null],[214,1,1,0,null,null]]}},{"type":"Feature","geometry":{"type":"Polygon","coordinates":[[[-155.03293,57.9624],[-155.03501,57.96105],[-155.03388,57.9596],[-155.03068,57.95949],[-155.02861,57.96083],[-155.02973,57.96229],[-155.03293,57.9624]]]},"properties":{"cell":"890ce888d6bffff","res":9,"coarsened":false,"count":69,"hv":69,"mp":0,"y0":null,"y1":null,"sp":[[149,13,13,0,null,null],[146,13,13,0,null,null],[9,13,13,0,null,null],[153,13,13,0,null,null],[96,5,5,0,null,null],[56,3,3,0,null,null],[85,1,1,0,null,null],[95,1,1,0,null,null],[108,1,1,0,null,null],[151,1,1,0,null,null],[10,1,1,0,null,null],[67,1,1,0,null,null],[165,1,1,0,null,null],[21,1,1,0,null,null],[68,1,1,0,null,null]]}},{"type":"Feature","geometry":{"type":"Polygon","coordinates":[[[-154.96109,58.00237],[-154.96317,58.00102],[-154.96204,57.99957],[-154.95884,57.99946],[-154.95676,58.0008],[-154.95789,58.00226],[-154.96109,58.00237]]]},"properties":{"cell":"890ce88a9b3ffff","res":9,"coarsened":false,"count":22,"hv":22,"mp":0,"y0":null,"y1":null,"sp":[[24,3,3,0,null,null],[184,2,2,0,null,null],[172,2,2,0,null,null],[123,2,2,0,null,null],[33,2,2,0,null,null],[44,1,1,0,null,null],[60,1,1,0,null,null],[216,1,1,0,null,null],[3,1,1,0,null,null],[88,1,1,0,null,null],[19,1,1,0,null,null],[65,1,1,0,null,null],[53,1,1,0,null,null],[18,1,1,0,null,null],[54,1,1,0,null,null],[51,1,1,0,null,null]]}},{"type":"Feature","geometry":{"type":"Polygon","coordinates":[[[-154.23969,58.30118],[-154.24182,58.29985],[-154.24073,58.29838],[-154.2375,58.29825],[-154.23537,58.29958],[-154.23647,58.30105],[-154.23969,58.30118]]]},"properties":{"cell":"890cec24127ffff","res":9,"coarsened":false,"count":2,"hv":2,"mp":0,"y0":null,"y1":null,"sp":[[34,2,2,0,null,null]]}},{"type":"Feature","geometry":{"type":"Polygon","coordinates":[[[-155.06323,57.9012],[-155.0653,57.89986],[-155.06417,57.89841],[-155.06098,57.8983],[-155.05891,57.89964],[-155.06004,57.90109],[-155.06323,57.9012]]]},"properties":{"cell":"890ce8121afffff","res":9,"coarsened":false,"count":2,"hv":2,"mp":0,"y0":null,"y1":null,"sp":[[208,2,2,0,null,null]]}},{"type":"Feature","geometry":{"type":"Polygon","coordinates":[[[-155.0397,57.97112],[-155.04178,57.96977],[-155.04065,57.96832],[-155.03745,57.96821],[-155.03538,57.96955],[-155.0365,57.97101],[-155.0397,57.97112]]]},"properties":{"cell":"890ce888d5bffff","res":9,"coarsened":false,"count":1,"hv":1,"mp":0,"y0":null,"y1":null,"sp":[[79,1,1,0,null,null]]}},{"type":"Feature","geometry":{"type":"Polygon","coordinates":[[[-156.44032,58.67148],[-156.44239,58.67009],[-156.44115,58.66863],[-156.43784,58.66855],[-156.43577,58.66993],[-156.43701,58.67139],[-156.44032,58.67148]]]},"properties":{"cell":"890cee9a9a3ffff","res":9,"coarsened":false,"count":10,"hv":10,"mp":0,"y0":null,"y1":null,"sp":[[76,4,4,0,null,null],[138,1,1,0,null,null],[78,1,1,0,null,null],[3,1,1,0,null,null],[168,1,1,0,null,null],[158,1,1,0,null,null],[180,1,1,0,null,null]]}},{"type":"Feature","geometry":{"type":"Polygon","coordinates":[[[-156.33842,58.71195],[-156.34049,58.71056],[-156.33926,58.7091],[-156.33595,58.70902],[-156.33387,58.7104],[-156.33511,58.71186],[-156.33842,58.71195]]]},"properties":{"cell":"890cee90377ffff","res":9,"coarsened":false,"count":21,"hv":21,"mp":0,"y0":null,"y1":null,"sp":[[68,5,5,0,null,null],[95,5,5,0,null,null],[151,5,5,0,null,null],[65,4,4,0,null,null],[191,1,1,0,null,null],[96,1,1,0,null,null]]}},{"type":"Feature","geometry":{"type":"Polygon","coordinates":[[[-156.20851,58.66132],[-156.21059,58.65994],[-156.20936,58.65848],[-156.20606,58.65839],[-156.20398,58.65977],[-156.2052,58.66123],[-156.20851,58.66132]]]},"properties":{"cell":"890cee95083ffff","res":9,"coarsened":false,"count":5,"hv":5,"mp":0,"y0":null,"y1":null,"sp":[[108,4,4,0,null,null],[85,1,1,0,null,null]]}},{"type":"Feature","geometry":{"type":"Polygon","coordinates":[[[-156.42252,58.68107],[-156.42459,58.67969],[-156.42335,58.67823],[-156.42004,58.67814],[-156.41797,58.67953],[-156.41921,58.68099],[-156.42252,58.68107]]]},"properties":{"cell":"890cee91a1bffff","res":9,"coarsened":false,"count":8,"hv":8,"mp":0,"y0":null,"y1":null,"sp":[[3,3,3,0,null,null],[152,2,2,0,null,null],[76,1,1,0,null,null],[95,1,1,0,null,null],[51,1,1,0,null,null]]}},{"type":"Feature","geometry":{"type":"Polygon","coordinates":[[[-156.34968,58.69073],[-156.35176,58.68935],[-156.35052,58.68788],[-156.34721,58.6878],[-156.34514,58.68918],[-156.34637,58.69065],[-156.34968,58.69073]]]},"properties":{"cell":"890cee91d63ffff","res":9,"coarsened":false,"count":1,"hv":1,"mp":0,"y0":null,"y1":null,"sp":[[191,1,1,0,null,null]]}},{"type":"Feature","geometry":{"type":"Polygon","coordinates":[[[-155.94287,58.76155],[-155.94497,58.76018],[-155.94375,58.75871],[-155.94044,58.75861],[-155.93834,58.75999],[-155.93956,58.76146],[-155.94287,58.76155]]]},"properties":{"cell":"890cec5b2c7ffff","res":9,"coarsened":false,"count":17,"hv":17,"mp":0,"y0":null,"y1":null,"sp":[[89,3,3,0,null,null],[10,3,3,0,null,null],[42,3,3,0,null,null],[182,2,2,0,null,null],[151,2,2,0,null,null],[68,2,2,0,null,null],[14,1,1,0,null,null],[78,1,1,0,null,null]]}},{"type":"Feature","geometry":{"type":"Polygon","coordinates":[[[-155.88055,58.75259],[-155.88265,58.75122],[-155.88144,58.74975],[-155.87813,58.74966],[-155.87603,58.75103],[-155.87724,58.7525],[-155.88055,58.75259]]]},"properties":{"cell":"890cec5b147ffff","res":9,"coarsened":false,"count":8,"hv":8,"mp":0,"y0":null,"y1":null,"sp":[[85,4,4,0,null,null],[87,2,2,0,null,null],[54,2,2,0,null,null]]}},{"type":"Feature","geometry":{"type":"Polygon","coordinates":[[[-155.66128,58.81203],[-155.66339,58.81066],[-155.66219,58.80919],[-155.65888,58.80909],[-155.65677,58.81046],[-155.65797,58.81193],[-155.66128,58.81203]]]},"properties":{"cell":"890cec53227ffff","res":9,"coarsened":false,"count":9,"hv":9,"mp":0,"y0":null,"y1":null,"sp":[[65,2,2,0,null,null],[123,1,1,0,null,null],[151,1,1,0,null,null],[10,1,1,0,null,null],[18,1,1,0,null,null],[87,1,1,0,null,null],[60,1,1,0,null,null],[94,1,1,0,null,null]]}},{"type":"Feature","geometry":{"type":"Polygon","coordinates":[[[-155.97192,58.78102],[-155.97402,58.77964],[-155.9728,58.77817],[-155.96949,58.77808],[-155.96739,58.77945],[-155.96861,58.78092],[-155.97192,58.78102]]]},"properties":{"cell":"890ce12eb63ffff","res":9,"coarsened":false,"count":1,"hv":1,"mp":0,"y0":null,"y1":null,"sp":[[138,1,1,0,null,null]]}},{"type":"Feature","geometry":{"type":"Polygon","coordinates":[[[-155.91308,58.7607],[-155.91517,58.75933],[-155.91396,58.75786],[-155.91065,58.75776],[-155.90856,58.75914],[-155.90977,58.7606],[-155.91308,58.7607]]]},"properties":{"cell":"890cec5b07bffff","res":9,"coarsened":false,"count":4,"hv":4,"mp":0,"y0":null,"y1":null,"sp":[[2,2,2,0,null,null],[95,2,2,0,null,null]]}},{"type":"Feature","geometry":{"type":"Polygon","coordinates":[[[-155.71214,58.51156],[-155.71423,58.51019],[-155.71304,58.50873],[-155.70976,58.50863],[-155.70768,58.50999],[-155.70887,58.51146],[-155.71214,58.51156]]]},"properties":{"cell":"890cec4c66bffff","res":9,"coarsened":false,"count":5,"hv":5,"mp":0,"y0":null,"y1":null,"sp":[[80,4,4,0,null,null],[213,1,1,0,null,null]]}},{"type":"Feature","geometry":{"type":"Polygon","coordinates":[[[-155.73895,58.52092],[-155.74104,58.51956],[-155.73985,58.51809],[-155.73657,58.51799],[-155.73448,58.51936],[-155.73567,58.52082],[-155.73895,58.52092]]]},"properties":{"cell":"890cec4f36fffff","res":9,"coarsened":false,"count":2,"hv":2,"mp":0,"y0":null,"y1":null,"sp":[[213,1,1,0,null,null],[50,1,1,0,null,null]]}},{"type":"Feature","geometry":{"type":"Polygon","coordinates":[[[-155.67107,58.50033],[-155.67315,58.49896],[-155.67197,58.4975],[-155.66869,58.4974],[-155.66661,58.49877],[-155.66779,58.50023],[-155.67107,58.50033]]]},"properties":{"cell":"890cec4c067ffff","res":9,"coarsened":false,"count":2,"hv":2,"mp":0,"y0":null,"y1":null,"sp":[[103,2,2,0,null,null]]}},{"type":"Feature","geometry":{"type":"Polygon","coordinates":[[[-155.61305,58.49571],[-155.66517,58.47731],[-155.66317,58.44728],[-155.60916,58.43566],[-155.55709,58.45403],[-155.55897,58.48406],[-155.61305,58.49571]]]},"properties":{"cell":"860cec4cfffffff","res":6,"coarsened":true,"count":1,"hv":1,"mp":0,"y0":null,"y1":null,"sp":[[203,1,1,0,null,null]]}},{"type":"Feature","geometry":{"type":"Polygon","coordinates":[[[-156.00365,58.79195],[-156.00574,58.79057],[-156.00453,58.78911],[-156.00121,58.78901],[-155.99911,58.79039],[-156.00033,58.79186],[-156.00365,58.79195]]]},"properties":{"cell":"890ce12ea63ffff","res":9,"coarsened":false,"count":1,"hv":1,"mp":0,"y0":null,"y1":null,"sp":[[54,1,1,0,null,null]]}},{"type":"Feature","geometry":{"type":"Polygon","coordinates":[[[-155.83932,58.58103],[-155.84141,58.57966],[-155.84021,58.57819],[-155.83692,58.5781],[-155.83484,58.57947],[-155.83604,58.58093],[-155.83932,58.58103]]]},"properties":{"cell":"890cec4aa4bffff","res":9,"coarsened":false,"count":1,"hv":1,"mp":0,"y0":null,"y1":null,"sp":[[119,1,1,0,null,null]]}},{"type":"Feature","geometry":{"type":"Polygon","coordinates":[[[-155.52282,58.39165],[-155.5249,58.39029],[-155.52373,58.38883],[-155.52047,58.38873],[-155.51839,58.39009],[-155.51956,58.39155],[-155.52282,58.39165]]]},"properties":{"cell":"890cec79e33ffff","res":9,"coarsened":false,"count":7,"hv":7,"mp":0,"y0":null,"y1":null,"sp":[[29,4,4,0,null,null],[67,3,3,0,null,null]]}},{"type":"Feature","geometry":{"type":"Polygon","coordinates":[[[-155.33857,58.3516],[-155.34065,58.35025],[-155.33949,58.34878],[-155.33624,58.34868],[-155.33415,58.35004],[-155.33531,58.3515],[-155.33857,58.3516]]]},"properties":{"cell":"890cec61013ffff","res":9,"coarsened":false,"count":2,"hv":2,"mp":0,"y0":null,"y1":null,"sp":[[34,2,2,0,null,null]]}},{"type":"Feature","geometry":{"type":"Polygon","coordinates":[[[-155.1321,57.9417],[-155.13417,57.94036],[-155.13304,57.93891],[-155.12984,57.9388],[-155.12777,57.94015],[-155.1289,57.9416],[-155.1321,57.9417]]]},"properties":{"cell":"890ce88990fffff","res":9,"coarsened":false,"count":10,"hv":10,"mp":0,"y0":null,"y1":null,"sp":[[3,9,9,0,null,null],[55,1,1,0,null,null]]}},{"type":"Feature","geometry":{"type":"Polygon","coordinates":[[[-155.10331,57.94074],[-155.10538,57.93939],[-155.10425,57.93794],[-155.10105,57.93783],[-155.09898,57.93918],[-155.10011,57.94063],[-155.10331,57.94074]]]},"properties":{"cell":"890ce8124d7ffff","res":9,"coarsened":false,"count":17,"hv":17,"mp":0,"y0":null,"y1":null,"sp":[[163,2,2,0,null,null],[184,2,2,0,null,null],[123,2,2,0,null,null],[88,2,2,0,null,null],[172,2,2,0,null,null],[60,1,1,0,null,null],[51,1,1,0,null,null],[19,1,1,0,null,null],[65,1,1,0,null,null],[44,1,1,0,null,null],[3,1,1,0,null,null],[96,1,1,0,null,null]]}},{"type":"Feature","geometry":{"type":"Polygon","coordinates":[[[-155.09076,57.99267],[-155.09284,57.99133],[-155.0917,57.98987],[-155.0885,57.98976],[-155.08643,57.99111],[-155.08756,57.99256],[-155.09076,57.99267]]]},"properties":{"cell":"890ce888157ffff","res":9,"coarsened":false,"count":3,"hv":3,"mp":0,"y0":null,"y1":null,"sp":[[62,1,1,0,null,null],[93,1,1,0,null,null],[120,1,1,0,null,null]]}},{"type":"Feature","geometry":{"type":"Polygon","coordinates":[[[-155.07208,57.93261],[-155.07415,57.93127],[-155.07302,57.92981],[-155.06982,57.9297],[-155.06775,57.93105],[-155.06888,57.9325],[-155.07208,57.93261]]]},"properties":{"cell":"890ce888b6fffff","res":9,"coarsened":false,"count":13,"hv":13,"mp":0,"y0":null,"y1":null,"sp":[[151,2,2,0,null,null],[56,2,2,0,null,null],[68,2,2,0,null,null],[150,1,1,0,null,null],[148,1,1,0,null,null],[44,1,1,0,null,null],[10,1,1,0,null,null],[46,1,1,0,null,null],[76,1,1,0,null,null],[96,1,1,0,null,null]]}},{"type":"Feature","geometry":{"type":"Polygon","coordinates":[[[-155.05081,57.9814],[-155.05288,57.98006],[-155.05175,57.97861],[-155.04855,57.9785],[-155.04648,57.97984],[-155.04761,57.98129],[-155.05081,57.9814]]]},"properties":{"cell":"890ce888c03ffff","res":9,"coarsened":false,"count":3,"hv":3,"mp":0,"y0":null,"y1":null,"sp":[[73,1,1,0,null,null],[64,1,1,0,null,null],[120,1,1,0,null,null]]}},{"type":"Feature","geometry":{"type":"Polygon","coordinates":[[[-155.0301,57.97079],[-155.03217,57.96944],[-155.03105,57.96799],[-155.02785,57.96788],[-155.02577,57.96922],[-155.0269,57.97068],[-155.0301,57.97079]]]},"properties":{"cell":"890ce888d57ffff","res":9,"coarsened":false,"count":26,"hv":26,"mp":0,"y0":null,"y1":null,"sp":[[52,13,13,0,null,null],[73,7,7,0,null,null],[64,3,3,0,null,null],[139,2,2,0,null,null],[197,1,1,0,null,null]]}},{"type":"Feature","geometry":{"type":"Polygon","coordinates":[[[-154.9686,57.95168],[-154.97068,57.95034],[-154.96955,57.94889],[-154.96636,57.94878],[-154.96428,57.95012],[-154.96541,57.95157],[-154.9686,57.95168]]]},"properties":{"cell":"890ce88f3cfffff","res":9,"coarsened":false,"count":89,"hv":89,"mp":0,"y0":null,"y1":null,"sp":[[19,12,12,0,null,null],[60,12,12,0,null,null],[151,12,12,0,null,null],[28,12,12,0,null,null],[68,11,11,0,null,null],[85,11,11,0,null,null],[114,10,10,0,null,null],[108,9,9,0,null,null]]}},{"type":"Feature","geometry":{"type":"Polygon","coordinates":[[[-154.95148,58.00203],[-154.95356,58.00069],[-154.95243,57.99923],[-154.94923,57.99912],[-154.94715,58.00046],[-154.94828,58.00192],[-154.95148,58.00203]]]},"properties":{"cell":"890ce881a7bffff","res":9,"coarsened":false,"count":2,"hv":2,"mp":0,"y0":null,"y1":null,"sp":[[208,2,2,0,null,null]]}},{"type":"Feature","geometry":{"type":"Polygon","coordinates":[[[-154.94334,58.01166],[-154.94542,58.01031],[-154.94429,58.00886],[-154.94109,58.00875],[-154.93901,58.01009],[-154.94013,58.01154],[-154.94334,58.01166]]]},"properties":{"cell":"890ce881ac7ffff","res":9,"coarsened":false,"count":13,"hv":13,"mp":0,"y0":null,"y1":null,"sp":[[123,5,5,0,null,null],[172,2,2,0,null,null],[88,2,2,0,null,null],[33,2,2,0,null,null],[216,1,1,0,null,null],[51,1,1,0,null,null]]}},{"type":"Feature","geometry":{"type":"Polygon","coordinates":[[[-154.93226,58.00136],[-154.93434,58.00001],[-154.93322,57.99856],[-154.93002,57.99845],[-154.92794,57.99979],[-154.92906,58.00124],[-154.93226,58.00136]]]},"properties":{"cell":"890ce881a23ffff","res":9,"coarsened":false,"count":67,"hv":67,"mp":0,"y0":null,"y1":null,"sp":[[10,10,10,0,null,null],[78,10,10,0,null,null],[82,8,8,0,null,null],[65,6,6,0,null,null],[184,6,6,0,null,null],[18,5,5,0,null,null],[51,4,4,0,null,null],[53,3,3,0,null,null],[168,3,3,0,null,null],[64,3,3,0,null,null],[138,3,3,0,null,null],[44,2,2,0,null,null],[54,1,1,0,null,null],[95,1,1,0,null,null],[79,1,1,0,null,null],[181,1,1,0,null,null]]}},{"type":"Feature","geometry":{"type":"Polygon","coordinates":[[[-154.92266,58.00102],[-154.92474,57.99968],[-154.92361,57.99822],[-154.92041,57.99811],[-154.91833,57.99945],[-154.91945,58.00091],[-154.92266,58.00102]]]},"properties":{"cell":"890ce881bcbffff","res":9,"coarsened":false,"count":26,"hv":26,"mp":0,"y0":null,"y1":null,"sp":[[76,12,12,0,null,null],[148,6,6,0,null,null],[138,5,5,0,null,null],[24,3,3,0,null,null]]}},{"type":"Feature","geometry":{"type":"Polygon","coordinates":[[[-154.85061,58.01262],[-154.8527,58.01127],[-154.85158,58.00982],[-154.84838,58.0097],[-154.84629,58.01105],[-154.84741,58.0125],[-154.85061,58.01262]]]},"properties":{"cell":"890ce880a43ffff","res":9,"coarsened":false,"count":2,"hv":2,"mp":0,"y0":null,"y1":null,"sp":[[165,2,2,0,null,null]]}},{"type":"Feature","geometry":{"type":"Polygon","coordinates":[[[-156.00994,58.78782],[-156.06244,58.7692],[-156.05998,58.73901],[-156.00513,58.72746],[-155.95268,58.74606],[-155.95502,58.77624],[-156.00994,58.78782]]]},"properties":{"cell":"860ce12cfffffff","res":6,"coarsened":true,"count":2,"hv":2,"mp":0,"y0":null,"y1":null,"sp":[[177,2,2,0,null,null]]}},{"type":"Feature","geometry":{"type":"Polygon","coordinates":[[[-155.53965,58.40073],[-155.54173,58.39937],[-155.54056,58.39791],[-155.5373,58.39781],[-155.53521,58.39917],[-155.53639,58.40063],[-155.53965,58.40073]]]},"properties":{"cell":"890cec79ec3ffff","res":9,"coarsened":false,"count":2,"hv":2,"mp":0,"y0":null,"y1":null,"sp":[[29,2,2,0,null,null]]}},{"type":"Feature","geometry":{"type":"Polygon","coordinates":[[[-155.0922,57.93046],[-155.09427,57.92912],[-155.09314,57.92766],[-155.08994,57.92756],[-155.08787,57.9289],[-155.089,57.93035],[-155.0922,57.93046]]]},"properties":{"cell":"890ce812433ffff","res":9,"coarsened":false,"count":3,"hv":3,"mp":0,"y0":null,"y1":null,"sp":[[184,2,2,0,null,null],[172,1,1,0,null,null]]}},{"type":"Feature","geometry":{"type":"Polygon","coordinates":[[[-155.0036,57.94865],[-155.05496,57.93061],[-155.05365,57.90088],[-155.00109,57.88918],[-154.94978,57.90719],[-154.95098,57.93693],[-155.0036,57.94865]]]},"properties":{"cell":"860ce88d7ffffff","res":6,"coarsened":true,"count":3,"hv":3,"mp":0,"y0":null,"y1":null,"sp":[[154,3,3,0,null,null]]}},{"type":"Feature","geometry":{"type":"Polygon","coordinates":[[[-155.03081,58.01186],[-155.03289,58.01052],[-155.03176,58.00906],[-155.02855,58.00895],[-155.02648,58.0103],[-155.02761,58.01175],[-155.03081,58.01186]]]},"properties":{"cell":"890ce88ae2fffff","res":9,"coarsened":false,"count":1,"hv":1,"mp":0,"y0":null,"y1":null,"sp":[[122,1,1,0,null,null]]}},{"type":"Feature","geometry":{"type":"Polygon","coordinates":[[[-155.02269,58.0215],[-155.02477,58.02015],[-155.02364,58.0187],[-155.02043,58.01859],[-155.01836,58.01993],[-155.01949,58.02139],[-155.02269,58.0215]]]},"properties":{"cell":"890ce88aea3ffff","res":9,"coarsened":false,"count":2,"hv":2,"mp":0,"y0":null,"y1":null,"sp":[[163,2,2,0,null,null]]}},{"type":"Feature","geometry":{"type":"Polygon","coordinates":[[[-155.0086,57.99128],[-155.01068,57.98993],[-155.00955,57.98848],[-155.00635,57.98837],[-155.00427,57.98971],[-155.0054,57.99117],[-155.0086,57.99128]]]},"properties":{"cell":"890ce88ab17ffff","res":9,"coarsened":false,"count":5,"hv":5,"mp":0,"y0":null,"y1":null,"sp":[[37,4,4,0,null,null],[33,1,1,0,null,null]]}},{"type":"Feature","geometry":{"type":"Polygon","coordinates":[[[-154.91974,57.9811],[-154.92182,57.97976],[-154.9207,57.9783],[-154.9175,57.97819],[-154.91542,57.97953],[-154.91654,57.98099],[-154.91974,57.9811]]]},"properties":{"cell":"890ce88f5c7ffff","res":9,"coarsened":false,"count":26,"hv":26,"mp":0,"y0":null,"y1":null,"sp":[[184,5,5,0,null,null],[37,4,4,0,null,null],[168,3,3,0,null,null],[172,2,2,0,null,null],[115,1,1,0,null,null],[108,1,1,0,null,null],[138,1,1,0,null,null],[53,1,1,0,null,null],[114,1,1,0,null,null],[56,1,1,0,null,null],[82,1,1,0,null,null],[78,1,1,0,null,null],[151,1,1,0,null,null],[10,1,1,0,null,null],[44,1,1,0,null,null],[68,1,1,0,null,null]]}},{"type":"Feature","geometry":{"type":"Polygon","coordinates":[[[-155.0205,57.97046],[-155.02257,57.96911],[-155.02145,57.96766],[-155.01824,57.96755],[-155.01617,57.96889],[-155.0173,57.97035],[-155.0205,57.97046]]]},"properties":{"cell":"890ce888d03ffff","res":9,"coarsened":false,"count":12,"hv":12,"mp":0,"y0":null,"y1":null,"sp":[[117,5,5,0,null,null],[37,4,4,0,null,null],[164,2,2,0,null,null],[6,1,1,0,null,null]]}},{"type":"Feature","geometry":{"type":"Polygon","coordinates":[[[-155.01374,57.96174],[-155.01581,57.96039],[-155.01468,57.95894],[-155.01148,57.95883],[-155.00941,57.96017],[-155.01054,57.96163],[-155.01374,57.96174]]]},"properties":{"cell":"890ce888d2fffff","res":9,"coarsened":false,"count":12,"hv":12,"mp":0,"y0":null,"y1":null,"sp":[[67,12,12,0,null,null]]}},{"type":"Feature","geometry":{"type":"Polygon","coordinates":[[[-155.72197,58.51185],[-155.72406,58.51048],[-155.72287,58.50902],[-155.71959,58.50892],[-155.7175,58.51029],[-155.7187,58.51175],[-155.72197,58.51185]]]},"properties":{"cell":"890cec4d5a3ffff","res":9,"coarsened":false,"count":1,"hv":1,"mp":0,"y0":null,"y1":null,"sp":[[50,1,1,0,null,null]]}},{"type":"Feature","geometry":{"type":"Polygon","coordinates":[[[-155.08946,58.01104],[-155.09154,58.00969],[-155.0904,58.00824],[-155.0872,58.00813],[-155.08512,58.00947],[-155.08626,58.01093],[-155.08946,58.01104]]]},"properties":{"cell":"890ce888543ffff","res":9,"coarsened":false,"count":1,"hv":1,"mp":0,"y0":null,"y1":null,"sp":[[144,1,1,0,null,null]]}},{"type":"Feature","geometry":{"type":"Polygon","coordinates":[[[-155.80074,58.56132],[-155.80283,58.55995],[-155.80163,58.55849],[-155.79834,58.55839],[-155.79626,58.55976],[-155.79746,58.56122],[-155.80074,58.56132]]]},"properties":{"cell":"890cec48dd3ffff","res":9,"coarsened":false,"count":2,"hv":2,"mp":0,"y0":null,"y1":null,"sp":[[197,1,1,0,null,null],[120,1,1,0,null,null]]}},{"type":"Feature","geometry":{"type":"Polygon","coordinates":[[[-155.6095,58.49132],[-155.61158,58.48996],[-155.6104,58.48849],[-155.60713,58.48839],[-155.60504,58.48976],[-155.60622,58.49122],[-155.6095,58.49132]]]},"properties":{"cell":"890cec4ccc7ffff","res":9,"coarsened":false,"count":3,"hv":3,"mp":0,"y0":null,"y1":null,"sp":[[117,2,2,0,null,null],[25,1,1,0,null,null]]}},{"type":"Feature","geometry":{"type":"Polygon","coordinates":[[[-155.52001,58.52282],[-155.52211,58.52145],[-155.52093,58.51999],[-155.51765,58.51989],[-155.51556,58.52125],[-155.51674,58.52271],[-155.52001,58.52282]]]},"properties":{"cell":"890cec4ed07ffff","res":9,"coarsened":false,"count":1,"hv":1,"mp":0,"y0":null,"y1":null,"sp":[[68,1,1,0,null,null]]}},{"type":"Feature","geometry":{"type":"Polygon","coordinates":[[[-154.21086,58.31278],[-154.21299,58.31145],[-154.2119,58.30998],[-154.20867,58.30985],[-154.20654,58.31118],[-154.20764,58.31265],[-154.21086,58.31278]]]},"properties":{"cell":"890cec26a3bffff","res":9,"coarsened":false,"count":33,"hv":33,"mp":0,"y0":null,"y1":null,"sp":[[153,9,9,0,null,null],[145,8,8,0,null,null],[149,8,8,0,null,null],[108,6,6,0,null,null],[115,1,1,0,null,null],[68,1,1,0,null,null]]}},{"type":"Feature","geometry":{"type":"Polygon","coordinates":[[[-154.21018,58.34119],[-154.21232,58.33986],[-154.21122,58.33839],[-154.20799,58.33826],[-154.20586,58.33959],[-154.20696,58.34106],[-154.21018,58.34119]]]},"properties":{"cell":"890cec26ec7ffff","res":9,"coarsened":false,"count":1,"hv":1,"mp":0,"y0":null,"y1":null,"sp":[[3,1,1,0,null,null]]}},{"type":"Feature","geometry":{"type":"Polygon","coordinates":[[[-154.07376,58.35111],[-154.0759,58.34978],[-154.07481,58.34831],[-154.07158,58.34817],[-154.06944,58.3495],[-154.07053,58.35097],[-154.07376,58.35111]]]},"properties":{"cell":"890cedc9c57ffff","res":9,"coarsened":false,"count":2,"hv":2,"mp":0,"y0":null,"y1":null,"sp":[[144,2,2,0,null,null]]}},{"type":"Feature","geometry":{"type":"Polygon","coordinates":[[[-154.05872,58.35189],[-154.06085,58.35056],[-154.05977,58.34909],[-154.05654,58.34895],[-154.0544,58.35028],[-154.05549,58.35175],[-154.05872,58.35189]]]},"properties":{"cell":"890cedc9c17ffff","res":9,"coarsened":false,"count":9,"hv":9,"mp":0,"y0":null,"y1":null,"sp":[[9,9,9,0,null,null]]}},{"type":"Feature","geometry":{"type":"Polygon","coordinates":[[[-154.04252,58.34267],[-154.04466,58.34134],[-154.04357,58.33987],[-154.04035,58.33973],[-154.03821,58.34106],[-154.0393,58.34253],[-154.04252,58.34267]]]},"properties":{"cell":"890cedc9dcfffff","res":9,"coarsened":false,"count":3,"hv":3,"mp":0,"y0":null,"y1":null,"sp":[[102,1,1,0,null,null],[20,1,1,0,null,null],[87,1,1,0,null,null]]}},{"type":"Feature","geometry":{"type":"Polygon","coordinates":[[[-154.03285,58.34225],[-154.03499,58.34092],[-154.0339,58.33945],[-154.03068,58.33931],[-154.02854,58.34064],[-154.02962,58.34211],[-154.03285,58.34225]]]},"properties":{"cell":"890cedc9d13ffff","res":9,"coarsened":false,"count":6,"hv":6,"mp":0,"y0":null,"y1":null,"sp":[[165,2,2,0,null,null],[117,2,2,0,null,null],[147,1,1,0,null,null],[100,1,1,0,null,null]]}},{"type":"Feature","geometry":{"type":"Polygon","coordinates":[[[-154.1028,58.35234],[-154.10493,58.35101],[-154.10384,58.34954],[-154.10062,58.3494],[-154.09848,58.35074],[-154.09957,58.3522],[-154.1028,58.35234]]]},"properties":{"cell":"890cedc916fffff","res":9,"coarsened":false,"count":8,"hv":8,"mp":0,"y0":null,"y1":null,"sp":[[79,2,2,0,null,null],[64,2,2,0,null,null],[115,2,2,0,null,null],[116,1,1,0,null,null],[56,1,1,0,null,null]]}},{"type":"Feature","geometry":{"type":"Polygon","coordinates":[[[-154.09194,58.34193],[-154.09408,58.34059],[-154.09299,58.33913],[-154.08977,58.33899],[-154.08763,58.34032],[-154.08872,58.34179],[-154.09194,58.34193]]]},"properties":{"cell":"890cedc9eabffff","res":9,"coarsened":false,"count":11,"hv":11,"mp":0,"y0":null,"y1":null,"sp":[[96,2,2,0,null,null],[87,2,2,0,null,null],[115,2,2,0,null,null],[147,2,2,0,null,null],[155,1,1,0,null,null],[149,1,1,0,null,null],[20,1,1,0,null,null]]}},{"type":"Feature","geometry":{"type":"Polygon","coordinates":[[[-155.70231,58.51126],[-155.7044,58.5099],[-155.70321,58.50843],[-155.69993,58.50833],[-155.69785,58.5097],[-155.69904,58.51116],[-155.70231,58.51126]]]},"properties":{"cell":"890cec4c667ffff","res":9,"coarsened":false,"count":1,"hv":1,"mp":0,"y0":null,"y1":null,"sp":[[50,1,1,0,null,null]]}},{"type":"Feature","geometry":{"type":"Polygon","coordinates":[[[-155.39321,58.38043],[-155.3953,58.37907],[-155.39413,58.37761],[-155.39087,58.37751],[-155.38879,58.37886],[-155.38995,58.38033],[-155.39321,58.38043]]]},"properties":{"cell":"890cec78b93ffff","res":9,"coarsened":false,"count":1,"hv":1,"mp":0,"y0":null,"y1":null,"sp":[[197,1,1,0,null,null]]}},{"type":"Feature","geometry":{"type":"Polygon","coordinates":[[[-154.15165,58.30037],[-154.15378,58.29904],[-154.15269,58.29757],[-154.14946,58.29744],[-154.14733,58.29877],[-154.14842,58.30023],[-154.15165,58.30037]]]},"properties":{"cell":"890ced5368bffff","res":9,"coarsened":false,"count":1,"hv":1,"mp":0,"y0":null,"y1":null,"sp":[[100,1,1,0,null,null]]}},{"type":"Feature","geometry":{"type":"Polygon","coordinates":[[[-154.15106,58.34157],[-154.15319,58.34024],[-154.1521,58.33877],[-154.14887,58.33864],[-154.14674,58.33997],[-154.14783,58.34144],[-154.15106,58.34157]]]},"properties":{"cell":"890cec26ddbffff","res":9,"coarsened":false,"count":2,"hv":2,"mp":0,"y0":null,"y1":null,"sp":[[64,1,1,0,null,null],[78,1,1,0,null,null]]}},{"type":"Feature","geometry":{"type":"Polygon","coordinates":[[[-154.1637,58.32077],[-154.16583,58.31944],[-154.16474,58.31797],[-154.16152,58.31784],[-154.15939,58.31917],[-154.16048,58.32064],[-154.1637,58.32077]]]},"properties":{"cell":"890cec26837ffff","res":9,"coarsened":false,"count":1,"hv":1,"mp":0,"y0":null,"y1":null,"sp":[[195,1,1,0,null,null]]}},{"type":"Feature","geometry":{"type":"Polygon","coordinates":[[[-154.10256,58.22161],[-154.10469,58.22028],[-154.1036,58.21882],[-154.10039,58.21868],[-154.09826,58.22001],[-154.09935,58.22148],[-154.10256,58.22161]]]},"properties":{"cell":"890ced51c97ffff","res":9,"coarsened":false,"count":1,"hv":1,"mp":0,"y0":null,"y1":null,"sp":[[11,1,1,0,null,null]]}},{"type":"Feature","geometry":{"type":"Polygon","coordinates":[[[-155.03222,57.92135],[-155.03429,57.92001],[-155.03316,57.91856],[-155.02997,57.91845],[-155.0279,57.91979],[-155.02903,57.92124],[-155.03222,57.92135]]]},"properties":{"cell":"890ce88d293ffff","res":9,"coarsened":false,"count":2,"hv":2,"mp":0,"y0":null,"y1":null,"sp":[[214,2,2,0,null,null]]}},{"type":"Feature","geometry":{"type":"Polygon","coordinates":[[[-155.59909,58.43108],[-155.60117,58.42971],[-155.59999,58.42825],[-155.59673,58.42815],[-155.59464,58.42951],[-155.59582,58.43098],[-155.59909,58.43108]]]},"properties":{"cell":"890cec7967bffff","res":9,"coarsened":false,"count":1,"hv":1,"mp":0,"y0":null,"y1":null,"sp":[[120,1,1,0,null,null]]}},{"type":"Feature","geometry":{"type":"Polygon","coordinates":[[[-155.87974,58.77121],[-155.88184,58.76984],[-155.88063,58.76837],[-155.87732,58.76827],[-155.87522,58.76965],[-155.87643,58.77112],[-155.87974,58.77121]]]},"properties":{"cell":"890cec5b54fffff","res":9,"coarsened":false,"count":1,"hv":1,"mp":0,"y0":null,"y1":null,"sp":[[71,1,1,0,null,null]]}},{"type":"Feature","geometry":{"type":"Polygon","coordinates":[[[-155.46158,58.38261],[-155.46367,58.38125],[-155.4625,58.37979],[-155.45924,58.37969],[-155.45715,58.38104],[-155.45832,58.38251],[-155.46158,58.38261]]]},"properties":{"cell":"890cec79993ffff","res":9,"coarsened":false,"count":2,"hv":2,"mp":0,"y0":null,"y1":null,"sp":[[65,1,1,0,null,null],[87,1,1,0,null,null]]}},{"type":"Feature","geometry":{"type":"Polygon","coordinates":[[[-155.92154,58.54049],[-155.92362,58.53912],[-155.92241,58.53766],[-155.91913,58.53756],[-155.91705,58.53893],[-155.91825,58.5404],[-155.92154,58.54049]]]},"properties":{"cell":"890cec498b3ffff","res":9,"coarsened":false,"count":1,"hv":1,"mp":0,"y0":null,"y1":null,"sp":[[213,1,1,0,null,null]]}},{"type":"Feature","geometry":{"type":"Polygon","coordinates":[[[-155.63274,58.48061],[-155.63483,58.47925],[-155.63365,58.47778],[-155.63038,58.47768],[-155.62829,58.47905],[-155.62947,58.48051],[-155.63274,58.48061]]]},"properties":{"cell":"890cec4cebbffff","res":9,"coarsened":false,"count":4,"hv":4,"mp":0,"y0":null,"y1":null,"sp":[[71,4,4,0,null,null]]}},{"type":"Feature","geometry":{"type":"Polygon","coordinates":[[[-155.9918,58.78158],[-155.9939,58.7802],[-155.99268,58.77873],[-155.98937,58.77864],[-155.98727,58.78001],[-155.98849,58.78148],[-155.9918,58.78158]]]},"properties":{"cell":"890ce12ccbbffff","res":9,"coarsened":false,"count":2,"hv":2,"mp":0,"y0":null,"y1":null,"sp":[[150,2,2,0,null,null]]}},{"type":"Feature","geometry":{"type":"Polygon","coordinates":[[[-155.87062,58.75231],[-155.87272,58.75093],[-155.87151,58.74947],[-155.8682,58.74937],[-155.86611,58.75074],[-155.86732,58.75221],[-155.87062,58.75231]]]},"properties":{"cell":"890cec5b10fffff","res":9,"coarsened":false,"count":4,"hv":4,"mp":0,"y0":null,"y1":null,"sp":[[168,2,2,0,null,null],[181,1,1,0,null,null],[51,1,1,0,null,null]]}},{"type":"Feature","geometry":{"type":"Polygon","coordinates":[[[-155.75058,58.53127],[-155.75267,58.5299],[-155.75147,58.52843],[-155.74819,58.52834],[-155.74611,58.5297],[-155.7473,58.53117],[-155.75058,58.53127]]]},"properties":{"cell":"890cec4f35bffff","res":9,"coarsened":false,"count":4,"hv":4,"mp":0,"y0":null,"y1":null,"sp":[[50,3,3,0,null,null],[213,1,1,0,null,null]]}},{"type":"Feature","geometry":{"type":"Polygon","coordinates":[[[-155.6595,58.80193],[-155.66161,58.80056],[-155.66041,58.79909],[-155.6571,58.79899],[-155.65499,58.80036],[-155.65619,58.80183],[-155.6595,58.80193]]]},"properties":{"cell":"890cec514b7ffff","res":9,"coarsened":false,"count":4,"hv":4,"mp":0,"y0":null,"y1":null,"sp":[[163,2,2,0,null,null],[34,1,1,0,null,null],[75,1,1,0,null,null]]}},{"type":"Feature","geometry":{"type":"Polygon","coordinates":[[[-154.14094,58.30276],[-154.14307,58.30143],[-154.14198,58.29996],[-154.13876,58.29983],[-154.13663,58.30116],[-154.13772,58.30263],[-154.14094,58.30276]]]},"properties":{"cell":"890ced53697ffff","res":9,"coarsened":false,"count":1,"hv":1,"mp":0,"y0":null,"y1":null,"sp":[[124,1,1,0,null,null]]}},{"type":"Feature","geometry":{"type":"Polygon","coordinates":[[[-155.77119,58.56045],[-155.77327,58.55908],[-155.77208,58.55762],[-155.7688,58.55752],[-155.76671,58.55889],[-155.7679,58.56036],[-155.77119,58.56045]]]},"properties":{"cell":"890cec4f643ffff","res":9,"coarsened":false,"count":1,"hv":1,"mp":0,"y0":null,"y1":null,"sp":[[104,1,1,0,null,null]]}},{"type":"Feature","geometry":{"type":"Polygon","coordinates":[[[-155.14324,57.95198],[-155.1453,57.95063],[-155.14417,57.94918],[-155.14097,57.94907],[-155.1389,57.95042],[-155.14004,57.95187],[-155.14324,57.95198]]]},"properties":{"cell":"890ce8899dbffff","res":9,"coarsened":false,"count":1,"hv":1,"mp":0,"y0":null,"y1":null,"sp":[[46,1,1,0,null,null]]}},{"type":"Feature","geometry":{"type":"Polygon","coordinates":[[[-156.44982,58.69034],[-156.45189,58.68895],[-156.45065,58.68749],[-156.44734,58.68741],[-156.44527,58.68879],[-156.44651,58.69026],[-156.44982,58.69034]]]},"properties":{"cell":"890cee9ad03ffff","res":9,"coarsened":false,"count":2,"hv":2,"mp":0,"y0":null,"y1":null,"sp":[[95,1,1,0,null,null],[87,1,1,0,null,null]]}},{"type":"Feature","geometry":{"type":"Polygon","coordinates":[[[-155.0529,57.93196],[-155.05496,57.93061],[-155.05384,57.92916],[-155.05064,57.92905],[-155.04857,57.9304],[-155.0497,57.93185],[-155.0529,57.93196]]]},"properties":{"cell":"890ce88d65bffff","res":9,"coarsened":false,"count":3,"hv":3,"mp":0,"y0":null,"y1":null,"sp":[[145,1,1,0,null,null],[85,1,1,0,null,null],[95,1,1,0,null,null]]}},{"type":"Feature","geometry":{"type":"Polygon","coordinates":[[[-155.0316,57.98075],[-155.03367,57.9794],[-155.03254,57.97795],[-155.02934,57.97784],[-155.02727,57.97918],[-155.0284,57.98064],[-155.0316,57.98075]]]},"properties":{"cell":"890ce888ca7ffff","res":9,"coarsened":false,"count":4,"hv":4,"mp":0,"y0":null,"y1":null,"sp":[[201,4,4,0,null,null]]}},{"type":"Feature","geometry":{"type":"Polygon","coordinates":[[[-155.0197,58.00157],[-155.02178,58.00023],[-155.02065,57.99877],[-155.01744,57.99866],[-155.01537,58.00001],[-155.0165,58.00146],[-155.0197,58.00157]]]},"properties":{"cell":"890ce88a86bffff","res":9,"coarsened":false,"count":3,"hv":3,"mp":0,"y0":null,"y1":null,"sp":[[115,3,3,0,null,null]]}},{"type":"Feature","geometry":{"type":"Polygon","coordinates":[[[-155.02931,58.0019],[-155.03139,58.00056],[-155.03026,57.9991],[-155.02706,57.99899],[-155.02498,58.00034],[-155.02611,58.00179],[-155.02931,58.0019]]]},"properties":{"cell":"890ce88aaa3ffff","res":9,"coarsened":false,"count":2,"hv":2,"mp":0,"y0":null,"y1":null,"sp":[[217,2,2,0,null,null]]}},{"type":"Feature","geometry":{"type":"Polygon","coordinates":[[[-154.14213,58.31276],[-154.14426,58.31143],[-154.14317,58.30996],[-154.13995,58.30983],[-154.13781,58.31116],[-154.1389,58.31263],[-154.14213,58.31276]]]},"properties":{"cell":"890cec26907ffff","res":9,"coarsened":false,"count":1,"hv":1,"mp":0,"y0":null,"y1":null,"sp":[[100,1,1,0,null,null]]}},{"type":"Feature","geometry":{"type":"Polygon","coordinates":[[[-154.11248,58.35275],[-154.11461,58.35142],[-154.11352,58.34995],[-154.1103,58.34981],[-154.10816,58.35115],[-154.10925,58.35261],[-154.11248,58.35275]]]},"properties":{"cell":"890cedc93a7ffff","res":9,"coarsened":false,"count":1,"hv":1,"mp":0,"y0":null,"y1":null,"sp":[[181,1,1,0,null,null]]}},{"type":"Feature","geometry":{"type":"Polygon","coordinates":[[[-154.0896,58.32192],[-154.09174,58.32059],[-154.09065,58.31912],[-154.08743,58.31899],[-154.08529,58.32032],[-154.08638,58.32178],[-154.0896,58.32192]]]},"properties":{"cell":"890cedc9aa7ffff","res":9,"coarsened":false,"count":1,"hv":1,"mp":0,"y0":null,"y1":null,"sp":[[20,1,1,0,null,null]]}},{"type":"Feature","geometry":{"type":"Polygon","coordinates":[[[-154.10346,58.31113],[-154.10559,58.3098],[-154.1045,58.30834],[-154.10128,58.3082],[-154.09915,58.30953],[-154.10023,58.311],[-154.10346,58.31113]]]},"properties":{"cell":"890ced53497ffff","res":9,"coarsened":false,"count":3,"hv":3,"mp":0,"y0":null,"y1":null,"sp":[[100,3,3,0,null,null]]}},{"type":"Feature","geometry":{"type":"Polygon","coordinates":[[[-154.33903,58.27112],[-154.34115,58.26978],[-154.34005,58.26832],[-154.33683,58.26819],[-154.33471,58.26952],[-154.33581,58.27099],[-154.33903,58.27112]]]},"properties":{"cell":"890cec2580bffff","res":9,"coarsened":false,"count":1,"hv":1,"mp":0,"y0":null,"y1":null,"sp":[[72,1,1,0,null,null]]}},{"type":"Feature","geometry":{"type":"Polygon","coordinates":[[[-155.07003,57.98206],[-155.0721,57.98072],[-155.07097,57.97926],[-155.06777,57.97915],[-155.06569,57.9805],[-155.06682,57.98195],[-155.07003,57.98206]]]},"properties":{"cell":"890ce888c5bffff","res":9,"coarsened":false,"count":2,"hv":2,"mp":0,"y0":null,"y1":null,"sp":[[93,1,1,0,null,null],[62,1,1,0,null,null]]}},{"type":"Feature","geometry":{"type":"Polygon","coordinates":[[[-155.89136,58.75004],[-155.89346,58.74867],[-155.89225,58.7472],[-155.88894,58.7471],[-155.88684,58.74848],[-155.88805,58.74994],[-155.89136,58.75004]]]},"properties":{"cell":"890cec5b3b3ffff","res":9,"coarsened":false,"count":1,"hv":1,"mp":0,"y0":null,"y1":null,"sp":[[216,1,1,0,null,null]]}},{"type":"Feature","geometry":{"type":"Polygon","coordinates":[[[-154.9212,57.99106],[-154.92328,57.98972],[-154.92215,57.98826],[-154.91895,57.98815],[-154.91688,57.98949],[-154.918,57.99095],[-154.9212,57.99106]]]},"properties":{"cell":"890ce881b7bffff","res":9,"coarsened":false,"count":1,"hv":1,"mp":0,"y0":null,"y1":null,"sp":[[181,1,1,0,null,null]]}},{"type":"Feature","geometry":{"type":"Polygon","coordinates":[[[-154.08063,58.28033],[-154.08276,58.279],[-154.08168,58.27753],[-154.07846,58.27739],[-154.07633,58.27872],[-154.07741,58.28019],[-154.08063,58.28033]]]},"properties":{"cell":"890ced53197ffff","res":9,"coarsened":false,"count":1,"hv":1,"mp":0,"y0":null,"y1":null,"sp":[[147,1,1,0,null,null]]}},{"type":"Feature","geometry":{"type":"Polygon","coordinates":[[[-155.41274,58.38106],[-155.41483,58.3797],[-155.41366,58.37824],[-155.4104,58.37813],[-155.40832,58.37949],[-155.40948,58.38095],[-155.41274,58.38106]]]},"properties":{"cell":"890cec78aa7ffff","res":9,"coarsened":false,"count":2,"hv":2,"mp":0,"y0":null,"y1":null,"sp":[[72,2,2,0,null,null]]}},{"type":"Feature","geometry":{"type":"Polygon","coordinates":[[[-155.85837,58.63164],[-155.86046,58.63027],[-155.85925,58.6288],[-155.85596,58.62871],[-155.85387,58.63008],[-155.85508,58.63155],[-155.85837,58.63164]]]},"properties":{"cell":"890cec4a04bffff","res":9,"coarsened":false,"count":7,"hv":7,"mp":0,"y0":null,"y1":null,"sp":[[65,3,3,0,null,null],[78,2,2,0,null,null],[3,1,1,0,null,null],[145,1,1,0,null,null]]}},{"type":"Feature","geometry":{"type":"Polygon","coordinates":[[[-155.67276,58.5418],[-155.67485,58.54043],[-155.67366,58.53897],[-155.67038,58.53887],[-155.66829,58.54024],[-155.66948,58.5417],[-155.67276,58.5418]]]},"properties":{"cell":"890cec4f1b7ffff","res":9,"coarsened":false,"count":1,"hv":1,"mp":0,"y0":null,"y1":null,"sp":[[163,1,1,0,null,null]]}},{"type":"Feature","geometry":{"type":"Polygon","coordinates":[[[-155.62293,58.48031],[-155.62502,58.47895],[-155.62383,58.47748],[-155.62056,58.47739],[-155.61848,58.47875],[-155.61966,58.48021],[-155.62293,58.48031]]]},"properties":{"cell":"890cec4ceb7ffff","res":9,"coarsened":false,"count":3,"hv":3,"mp":0,"y0":null,"y1":null,"sp":[[39,2,2,0,null,null],[74,1,1,0,null,null]]}},{"type":"Feature","geometry":{"type":"Polygon","coordinates":[[[-155.78284,58.5708],[-155.78493,58.56943],[-155.78373,58.56797],[-155.78045,58.56787],[-155.77836,58.56924],[-155.77956,58.5707],[-155.78284,58.5708]]]},"properties":{"cell":"890cec4ab07ffff","res":9,"coarsened":false,"count":2,"hv":2,"mp":0,"y0":null,"y1":null,"sp":[[29,2,2,0,null,null]]}},{"type":"Feature","geometry":{"type":"Polygon","coordinates":[[[-155.48956,58.6319],[-155.49167,58.63054],[-155.49048,58.62907],[-155.4872,58.62897],[-155.48509,58.63033],[-155.48628,58.6318],[-155.48956,58.6319]]]},"properties":{"cell":"890cec4769bffff","res":9,"coarsened":false,"count":10,"hv":10,"mp":0,"y0":null,"y1":null,"sp":[[6,2,2,0,null,null],[60,2,2,0,null,null],[145,2,2,0,null,null],[95,2,2,0,null,null],[65,1,1,0,null,null],[68,1,1,0,null,null]]}},{"type":"Feature","geometry":{"type":"Polygon","coordinates":[[[-156.05368,58.66147],[-156.05576,58.66009],[-156.05455,58.65863],[-156.05125,58.65854],[-156.04916,58.65991],[-156.05038,58.66138],[-156.05368,58.66147]]]},"properties":{"cell":"890cee96a53ffff","res":9,"coarsened":false,"count":1,"hv":1,"mp":0,"y0":null,"y1":null,"sp":[[33,1,1,0,null,null]]}},{"type":"Feature","geometry":{"type":"Polygon","coordinates":[[[-155.83861,58.63107],[-155.8407,58.6297],[-155.8395,58.62823],[-155.8362,58.62814],[-155.83411,58.62951],[-155.83532,58.63097],[-155.83861,58.63107]]]},"properties":{"cell":"890cec4a00fffff","res":9,"coarsened":false,"count":1,"hv":1,"mp":0,"y0":null,"y1":null,"sp":[[96,1,1,0,null,null]]}},{"type":"Feature","geometry":{"type":"Polygon","coordinates":[[[-155.73895,58.55235],[-155.74104,58.55099],[-155.73985,58.54952],[-155.73657,58.54942],[-155.73448,58.55079],[-155.73567,58.55226],[-155.73895,58.55235]]]},"properties":{"cell":"890cec4f053ffff","res":9,"coarsened":false,"count":2,"hv":2,"mp":0,"y0":null,"y1":null,"sp":[[145,1,1,0,null,null],[108,1,1,0,null,null]]}},{"type":"Feature","geometry":{"type":"Polygon","coordinates":[[[-155.58178,58.50046],[-155.58387,58.4991],[-155.58269,58.49764],[-155.57941,58.49753],[-155.57732,58.4989],[-155.57851,58.50036],[-155.58178,58.50046]]]},"properties":{"cell":"890cec4ebcbffff","res":9,"coarsened":false,"count":2,"hv":2,"mp":0,"y0":null,"y1":null,"sp":[[34,2,2,0,null,null]]}},{"type":"Feature","geometry":{"type":"Polygon","coordinates":[[[-155.72911,58.55206],[-155.7312,58.55069],[-155.73,58.54923],[-155.72672,58.54913],[-155.72463,58.5505],[-155.72583,58.55196],[-155.72911,58.55206]]]},"properties":{"cell":"890cec4f01bffff","res":9,"coarsened":false,"count":1,"hv":1,"mp":0,"y0":null,"y1":null,"sp":[[197,1,1,0,null,null]]}},{"type":"Feature","geometry":{"type":"Polygon","coordinates":[[[-154.07302,58.62902],[-154.12603,58.61129],[-154.12571,58.58129],[-154.07248,58.56903],[-154.01952,58.58673],[-154.01973,58.61672],[-154.07302,58.62902]]]},"properties":{"cell":"860cecaefffffff","res":6,"coarsened":true,"count":2,"hv":2,"mp":0,"y0":null,"y1":null,"sp":[[177,2,2,0,null,null]]}},{"type":"Feature","geometry":{"type":"Polygon","coordinates":[[[-155.87179,58.62058],[-155.87387,58.61921],[-155.87267,58.61774],[-155.86938,58.61765],[-155.86729,58.61902],[-155.86849,58.62049],[-155.87179,58.62058]]]},"properties":{"cell":"890cec4a23bffff","res":9,"coarsened":false,"count":2,"hv":2,"mp":0,"y0":null,"y1":null,"sp":[[34,2,2,0,null,null]]}},{"type":"Feature","geometry":{"type":"Polygon","coordinates":[[[-155.89975,58.64285],[-155.90184,58.64148],[-155.90063,58.64001],[-155.89734,58.63992],[-155.89525,58.64129],[-155.89645,58.64275],[-155.89975,58.64285]]]},"properties":{"cell":"890cec4b583ffff","res":9,"coarsened":false,"count":1,"hv":1,"mp":0,"y0":null,"y1":null,"sp":[[6,1,1,0,null,null]]}},{"type":"Feature","geometry":{"type":"Polygon","coordinates":[[[-155.61275,58.76034],[-155.61485,58.75897],[-155.61366,58.7575],[-155.61036,58.7574],[-155.60825,58.75877],[-155.60944,58.76024],[-155.61275,58.76034]]]},"properties":{"cell":"890cec51cbbffff","res":9,"coarsened":false,"count":2,"hv":2,"mp":0,"y0":null,"y1":null,"sp":[[14,2,2,0,null,null]]}},{"type":"Feature","geometry":{"type":"Polygon","coordinates":[[[-156.46182,58.63189],[-156.46389,58.6305],[-156.46265,58.62904],[-156.45935,58.62896],[-156.45728,58.63035],[-156.45852,58.63181],[-156.46182,58.63189]]]},"properties":{"cell":"890cee83217ffff","res":9,"coarsened":false,"count":1,"hv":1,"mp":0,"y0":null,"y1":null,"sp":[[67,1,1,0,null,null]]}},{"type":"Feature","geometry":{"type":"Polygon","coordinates":[[[-155.50045,58.72099],[-155.50256,58.71963],[-155.50138,58.71816],[-155.49808,58.71805],[-155.49597,58.71942],[-155.49716,58.72089],[-155.50045,58.72099]]]},"properties":{"cell":"890cec556d7ffff","res":9,"coarsened":false,"count":5,"hv":5,"mp":0,"y0":null,"y1":null,"sp":[[68,2,2,0,null,null],[23,1,1,0,null,null],[5,1,1,0,null,null],[27,1,1,0,null,null]]}},{"type":"Feature","geometry":{"type":"Polygon","coordinates":[[[-155.40996,58.69231],[-155.41207,58.69095],[-155.41089,58.68948],[-155.4076,58.68937],[-155.40549,58.69073],[-155.40667,58.6922],[-155.40996,58.69231]]]},"properties":{"cell":"890cec5426bffff","res":9,"coarsened":false,"count":2,"hv":2,"mp":0,"y0":null,"y1":null,"sp":[[156,1,1,0,null,null],[85,1,1,0,null,null]]}},{"type":"Feature","geometry":{"type":"Polygon","coordinates":[[[-155.49874,58.71091],[-155.50085,58.70955],[-155.49967,58.70808],[-155.49637,58.70797],[-155.49426,58.70934],[-155.49545,58.71081],[-155.49874,58.71091]]]},"properties":{"cell":"890cec5560fffff","res":9,"coarsened":false,"count":2,"hv":2,"mp":0,"y0":null,"y1":null,"sp":[[6,1,1,0,null,null],[2,1,1,0,null,null]]}},{"type":"Feature","geometry":{"type":"Polygon","coordinates":[[[-155.49334,58.71217],[-155.49545,58.71081],[-155.49426,58.70934],[-155.49096,58.70923],[-155.48885,58.7106],[-155.49004,58.71207],[-155.49334,58.71217]]]},"properties":{"cell":"890cec55607ffff","res":9,"coarsened":false,"count":2,"hv":2,"mp":0,"y0":null,"y1":null,"sp":[[96,1,1,0,null,null],[68,1,1,0,null,null]]}},{"type":"Feature","geometry":{"type":"Polygon","coordinates":[[[-154.68859,58.77131],[-154.69074,58.76996],[-154.6896,58.76848],[-154.68631,58.76836],[-154.68416,58.76971],[-154.68531,58.77118],[-154.68859,58.77131]]]},"properties":{"cell":"890cec1734fffff","res":9,"coarsened":false,"count":1,"hv":1,"mp":0,"y0":null,"y1":null,"sp":[[34,1,1,0,null,null]]}},{"type":"Feature","geometry":{"type":"Polygon","coordinates":[[[-155.49056,58.72068],[-155.49267,58.71931],[-155.49149,58.71784],[-155.48819,58.71774],[-155.48608,58.7191],[-155.48726,58.72057],[-155.49056,58.72068]]]},"properties":{"cell":"890cec55683ffff","res":9,"coarsened":false,"count":2,"hv":2,"mp":0,"y0":null,"y1":null,"sp":[[75,1,1,0,null,null],[34,1,1,0,null,null]]}},{"type":"Feature","geometry":{"type":"Polygon","coordinates":[[[-155.65417,58.77166],[-155.65628,58.77029],[-155.65508,58.76882],[-155.65178,58.76871],[-155.64967,58.77008],[-155.65087,58.77155],[-155.65417,58.77166]]]},"properties":{"cell":"890cec51113ffff","res":9,"coarsened":false,"count":1,"hv":1,"mp":0,"y0":null,"y1":null,"sp":[[34,1,1,0,null,null]]}},{"type":"Feature","geometry":{"type":"Polygon","coordinates":[[[-155.91137,58.20522],[-155.96283,58.18674],[-155.96053,58.15683],[-155.90688,58.14541],[-155.85547,58.16387],[-155.85766,58.19377],[-155.91137,58.20522]]]},"properties":{"cell":"860ceeaefffffff","res":6,"coarsened":true,"count":1,"hv":1,"mp":0,"y0":null,"y1":null,"sp":[[177,1,1,0,null,null]]}},{"type":"Feature","geometry":{"type":"Polygon","coordinates":[[[-155.31201,58.52184],[-155.31412,58.52048],[-155.31295,58.51901],[-155.30968,58.5189],[-155.30758,58.52026],[-155.30874,58.52173],[-155.31201,58.52184]]]},"properties":{"cell":"890cec4498fffff","res":9,"coarsened":false,"count":1,"hv":1,"mp":0,"y0":null,"y1":null,"sp":[[94,1,1,0,null,null]]}},{"type":"Feature","geometry":{"type":"Polygon","coordinates":[[[-155.03084,58.53223],[-155.03295,58.53088],[-155.0318,58.52941],[-155.02854,58.5293],[-155.02642,58.53065],[-155.02757,58.53212],[-155.03084,58.53223]]]},"properties":{"cell":"890cec0d38fffff","res":9,"coarsened":false,"count":1,"hv":1,"mp":0,"y0":null,"y1":null,"sp":[[34,1,1,0,null,null]]}},{"type":"Feature","geometry":{"type":"Polygon","coordinates":[[[-155.17058,58.63281],[-155.1727,58.63145],[-155.17153,58.62998],[-155.16825,58.62987],[-155.16614,58.63123],[-155.1673,58.6327],[-155.17058,58.63281]]]},"properties":{"cell":"890cec08293ffff","res":9,"coarsened":false,"count":1,"hv":1,"mp":0,"y0":null,"y1":null,"sp":[[94,1,1,0,null,null]]}},{"type":"Feature","geometry":{"type":"Polygon","coordinates":[[[-155.22213,58.70181],[-155.22425,58.70045],[-155.22308,58.69898],[-155.21979,58.69887],[-155.21767,58.70023],[-155.21884,58.7017],[-155.22213,58.70181]]]},"properties":{"cell":"890cec5690fffff","res":9,"coarsened":false,"count":1,"hv":1,"mp":0,"y0":null,"y1":null,"sp":[[29,1,1,0,null,null]]}},{"type":"Feature","geometry":{"type":"Polygon","coordinates":[[[-155.45149,58.67218],[-155.4536,58.67082],[-155.45242,58.66935],[-155.44913,58.66924],[-155.44702,58.67061],[-155.4482,58.67207],[-155.45149,58.67218]]]},"properties":{"cell":"890cec55e57ffff","res":9,"coarsened":false,"count":1,"hv":1,"mp":0,"y0":null,"y1":null,"sp":[[75,1,1,0,null,null]]}},{"type":"Feature","geometry":{"type":"Polygon","coordinates":[[[-155.59201,58.76256],[-155.59412,58.7612],[-155.59292,58.75973],[-155.58962,58.75962],[-155.58751,58.76099],[-155.5887,58.76246],[-155.59201,58.76256]]]},"properties":{"cell":"890cec50373ffff","res":9,"coarsened":false,"count":2,"hv":2,"mp":0,"y0":null,"y1":null,"sp":[[29,1,1,0,null,null],[72,1,1,0,null,null]]}},{"type":"Feature","geometry":{"type":"Polygon","coordinates":[[[-155.04101,58.27045],[-155.0431,58.26911],[-155.04196,58.26764],[-155.03873,58.26753],[-155.03663,58.26888],[-155.03777,58.27034],[-155.04101,58.27045]]]},"properties":{"cell":"890cec642a3ffff","res":9,"coarsened":false,"count":5,"hv":5,"mp":0,"y0":null,"y1":null,"sp":[[54,1,1,0,null,null],[124,1,1,0,null,null],[93,1,1,0,null,null],[115,1,1,0,null,null],[56,1,1,0,null,null]]}},{"type":"Feature","geometry":{"type":"Polygon","coordinates":[[[-156.45149,58.65026],[-156.45356,58.64887],[-156.45232,58.64741],[-156.44901,58.64733],[-156.44695,58.64871],[-156.44819,58.65018],[-156.45149,58.65026]]]},"properties":{"cell":"890cee836abffff","res":9,"coarsened":false,"count":3,"hv":3,"mp":0,"y0":null,"y1":null,"sp":[[67,2,2,0,null,null],[82,1,1,0,null,null]]}},{"type":"Feature","geometry":{"type":"Polygon","coordinates":[[[-155.79893,58.55126],[-155.80101,58.54989],[-155.79981,58.54843],[-155.79653,58.54833],[-155.79445,58.5497],[-155.79564,58.55117],[-155.79893,58.55126]]]},"properties":{"cell":"890cec48d0bffff","res":9,"coarsened":false,"count":1,"hv":1,"mp":0,"y0":null,"y1":null,"sp":[[173,1,1,0,null,null]]}},{"type":"Feature","geometry":{"type":"Polygon","coordinates":[[[-155.6024,58.48254],[-155.60449,58.48118],[-155.6033,58.47971],[-155.60003,58.47961],[-155.59795,58.48098],[-155.59913,58.48244],[-155.6024,58.48254]]]},"properties":{"cell":"890cec4cc3bffff","res":9,"coarsened":false,"count":3,"hv":3,"mp":0,"y0":null,"y1":null,"sp":[[34,3,3,0,null,null]]}},{"type":"Feature","geometry":{"type":"Polygon","coordinates":[[[-155.40293,58.53194],[-155.40503,58.53058],[-155.40385,58.52912],[-155.40058,58.52901],[-155.39848,58.53037],[-155.39965,58.53184],[-155.40293,58.53194]]]},"properties":{"cell":"890cec45da3ffff","res":9,"coarsened":false,"count":2,"hv":2,"mp":0,"y0":null,"y1":null,"sp":[[191,2,2,0,null,null]]}},{"type":"Feature","geometry":{"type":"Polygon","coordinates":[[[-154.6103,57.99104],[-154.61239,57.98971],[-154.61129,57.98825],[-154.60809,57.98813],[-154.606,57.98946],[-154.60711,57.99092],[-154.6103,57.99104]]]},"properties":{"cell":"890ce884573ffff","res":9,"coarsened":false,"count":8,"hv":8,"mp":0,"y0":null,"y1":null,"sp":[[114,6,6,0,null,null],[156,2,2,0,null,null]]}},{"type":"Feature","geometry":{"type":"Polygon","coordinates":[[[-154.43365,58.13154],[-154.43576,58.1302],[-154.43466,58.12874],[-154.43145,58.12862],[-154.42934,58.12995],[-154.43044,58.13141],[-154.43365,58.13154]]]},"properties":{"cell":"890ced59acbffff","res":9,"coarsened":false,"count":1,"hv":1,"mp":0,"y0":null,"y1":null,"sp":[[180,1,1,0,null,null]]}},{"type":"Feature","geometry":{"type":"Polygon","coordinates":[[[-154.15965,58.2524],[-154.16178,58.25107],[-154.16069,58.2496],[-154.15747,58.24947],[-154.15535,58.2508],[-154.15644,58.25227],[-154.15965,58.2524]]]},"properties":{"cell":"890ced51433ffff","res":9,"coarsened":false,"count":2,"hv":2,"mp":0,"y0":null,"y1":null,"sp":[[82,2,2,0,null,null]]}},{"type":"Feature","geometry":{"type":"Polygon","coordinates":[[[-155.3125,58.49045],[-155.3146,58.48909],[-155.31343,58.48763],[-155.31016,58.48752],[-155.30806,58.48888],[-155.30923,58.49034],[-155.3125,58.49045]]]},"properties":{"cell":"890cec71627ffff","res":9,"coarsened":false,"count":1,"hv":1,"mp":0,"y0":null,"y1":null,"sp":[[55,1,1,0,null,null]]}},{"type":"Feature","geometry":{"type":"Polygon","coordinates":[[[-155.43227,58.38168],[-155.43436,58.38032],[-155.43319,58.37886],[-155.42994,58.37876],[-155.42785,58.38011],[-155.42902,58.38158],[-155.43227,58.38168]]]},"properties":{"cell":"890cec78a03ffff","res":9,"coarsened":false,"count":1,"hv":1,"mp":0,"y0":null,"y1":null,"sp":[[55,1,1,0,null,null]]}},{"type":"Feature","geometry":{"type":"Polygon","coordinates":[[[-153.97941,58.39258],[-153.98156,58.39125],[-153.98047,58.38978],[-153.97724,58.38964],[-153.9751,58.39097],[-153.97618,58.39244],[-153.97941,58.39258]]]},"properties":{"cell":"890cedc858bffff","res":9,"coarsened":false,"count":3,"hv":3,"mp":0,"y0":null,"y1":null,"sp":[[87,1,1,0,null,null],[156,1,1,0,null,null],[180,1,1,0,null,null]]}},{"type":"Feature","geometry":{"type":"Polygon","coordinates":[[[-154.56829,57.93147],[-154.57038,57.93013],[-154.56928,57.92868],[-154.56609,57.92856],[-154.564,57.92989],[-154.5651,57.93135],[-154.56829,57.93147]]]},"properties":{"cell":"890ce884947ffff","res":9,"coarsened":false,"count":1,"hv":1,"mp":0,"y0":null,"y1":null,"sp":[[138,1,1,0,null,null]]}},{"type":"Feature","geometry":{"type":"Polygon","coordinates":[[[-153.88088,58.61206],[-153.88304,58.61072],[-153.88195,58.60925],[-153.8787,58.6091],[-153.87654,58.61043],[-153.87762,58.61191],[-153.88088,58.61206]]]},"properties":{"cell":"890ceca485bffff","res":9,"coarsened":false,"count":1,"hv":1,"mp":0,"y0":null,"y1":null,"sp":[[168,1,1,0,null,null]]}},{"type":"Feature","geometry":{"type":"Polygon","coordinates":[[[-155.50679,58.50241],[-155.55897,58.48406],[-155.55709,58.45403],[-155.50313,58.44237],[-155.451,58.46069],[-155.45277,58.49071],[-155.50679,58.50241]]]},"properties":{"cell":"860cec7b7ffffff","res":6,"coarsened":true,"count":1,"hv":1,"mp":0,"y0":null,"y1":null,"sp":[[1,1,1,0,null,null]]}},{"type":"Feature","geometry":{"type":"Polygon","coordinates":[[[-154.86838,58.03166],[-154.87047,58.03032],[-154.86935,58.02886],[-154.86614,58.02875],[-154.86406,58.03009],[-154.86518,58.03155],[-154.86838,58.03166]]]},"properties":{"cell":"890ce881dd7ffff","res":9,"coarsened":false,"count":2,"hv":2,"mp":0,"y0":null,"y1":null,"sp":[[60,1,1,0,null,null],[168,1,1,0,null,null]]}},{"type":"Feature","geometry":{"type":"Polygon","coordinates":[[[-154.71131,58.0217],[-154.7134,58.02037],[-154.71228,58.01891],[-154.70908,58.01879],[-154.707,58.02013],[-154.70811,58.02159],[-154.71131,58.0217]]]},"properties":{"cell":"890ce8872b7ffff","res":9,"coarsened":false,"count":1,"hv":1,"mp":0,"y0":null,"y1":null,"sp":[[180,1,1,0,null,null]]}},{"type":"Feature","geometry":{"type":"Polygon","coordinates":[[[-154.5104,58.08067],[-154.5125,58.07934],[-154.51139,58.07788],[-154.50819,58.07775],[-154.50609,58.07909],[-154.50719,58.08055],[-154.5104,58.08067]]]},"properties":{"cell":"890ce894d6fffff","res":9,"coarsened":false,"count":4,"hv":4,"mp":0,"y0":null,"y1":null,"sp":[[82,2,2,0,null,null],[96,1,1,0,null,null],[180,1,1,0,null,null]]}},{"type":"Feature","geometry":{"type":"Polygon","coordinates":[[[-155.39928,58.39203],[-155.40137,58.39067],[-155.4002,58.38921],[-155.39695,58.3891],[-155.39486,58.39046],[-155.39602,58.39192],[-155.39928,58.39203]]]},"properties":{"cell":"890cec7881bffff","res":9,"coarsened":false,"count":1,"hv":1,"mp":0,"y0":null,"y1":null,"sp":[[33,1,1,0,null,null]]}},{"type":"Feature","geometry":{"type":"Polygon","coordinates":[[[-155.37017,58.51089],[-155.37227,58.50953],[-155.3711,58.50807],[-155.36783,58.50796],[-155.36573,58.50932],[-155.3669,58.51079],[-155.37017,58.51089]]]},"properties":{"cell":"890cec44b53ffff","res":9,"coarsened":false,"count":1,"hv":1,"mp":0,"y0":null,"y1":null,"sp":[[168,1,1,0,null,null]]}},{"type":"Feature","geometry":{"type":"Polygon","coordinates":[[[-155.11291,57.94106],[-155.11498,57.93972],[-155.11384,57.93826],[-155.11064,57.93816],[-155.10858,57.9395],[-155.10971,57.94095],[-155.11291,57.94106]]]},"properties":{"cell":"890ce8124dbffff","res":9,"coarsened":false,"count":2,"hv":2,"mp":0,"y0":null,"y1":null,"sp":[[179,2,2,0,null,null]]}},{"type":"Feature","geometry":{"type":"Polygon","coordinates":[[[-155.19819,59.10013],[-155.20035,59.09877],[-155.19916,59.09729],[-155.19582,59.09717],[-155.19367,59.09853],[-155.19486,59.10002],[-155.19819,59.10013]]]},"properties":{"cell":"890cecd0ec7ffff","res":9,"coarsened":false,"count":4,"hv":4,"mp":0,"y0":null,"y1":null,"sp":[[79,1,1,0,null,null],[44,1,1,0,null,null],[10,1,1,0,null,null],[88,1,1,0,null,null]]}},{"type":"Feature","geometry":{"type":"Polygon","coordinates":[[[-154.24524,58.31278],[-154.24737,58.31145],[-154.24627,58.30998],[-154.24305,58.30985],[-154.24092,58.31118],[-154.24201,58.31265],[-154.24524,58.31278]]]},"properties":{"cell":"890cec2418fffff","res":9,"coarsened":false,"count":2,"hv":2,"mp":0,"y0":null,"y1":null,"sp":[[11,1,1,0,null,null],[34,1,1,0,null,null]]}},{"type":"Feature","geometry":{"type":"Polygon","coordinates":[[[-153.45311,59.25064],[-153.45534,59.24931],[-153.45425,59.24782],[-153.45093,59.24766],[-153.4487,59.24899],[-153.44978,59.25048],[-153.45311,59.25064]]]},"properties":{"cell":"890c53cc237ffff","res":9,"coarsened":false,"count":1,"hv":1,"mp":0,"y0":null,"y1":null,"sp":[[140,1,1,0,null,null]]}},{"type":"Feature","geometry":{"type":"Polygon","coordinates":[[[-155.16004,58.28164],[-155.16213,58.28029],[-155.16098,58.27883],[-155.15774,58.27872],[-155.15565,58.28007],[-155.1568,58.28153],[-155.16004,58.28164]]]},"properties":{"cell":"890cec6560bffff","res":9,"coarsened":false,"count":1,"hv":1,"mp":0,"y0":null,"y1":null,"sp":[[140,1,1,0,null,null]]}},{"type":"Feature","geometry":{"type":"Polygon","coordinates":[[[-155.13202,58.35042],[-155.13412,58.34906],[-155.13297,58.3476],[-155.12973,58.34749],[-155.12763,58.34884],[-155.12878,58.3503],[-155.13202,58.35042]]]},"properties":{"cell":"890cec62b9bffff","res":9,"coarsened":false,"count":1,"hv":1,"mp":0,"y0":null,"y1":null,"sp":[[140,1,1,0,null,null]]}}],"park":"katmai","h3_res":9,"species_index":[{"n":"Ursus arctos","c":"Brown Bear","k":"Mammalia"},{"n":"Haliaeetus leucocephalus","c":"Bald Eagle","k":"Aves"},{"n":"Pandion haliaetus","c":"Osprey","k":"Aves"},{"n":"Mergus merganser","c":"Common Merganser","k":"Aves"},{"n":"Tamiasciurus hudsonicus","c":"American Red Squirrel","k":"Mammalia"},{"n":"Pica hudsonia","c":"Black-billed Magpie","k":"Aves"},{"n":"Chroicocephalus philadelphia","c":"Bonaparte's Gull","k":"Aves"},{"n":"Erethizon dorsatum","c":"North American Porcupine","k":"Mammalia"},{"n":"Sorex tundrensis","c":"Tundra Shrew","k":"Mammalia"},{"n":"Melospiza melodia","c":"Song Sparrow","k":"Aves"},{"n":"Passerculus sandwichensis","c":"Savannah Sparrow","k":"Aves"},{"n":"Haematopus bachmani","c":"Black Oystercatcher","k":"Aves"},{"n":"Megaceryle alcyon","c":"Belted Kingfisher","k":"Aves"},{"n":"Ixoreus naevius","c":"Varied Thrush","k":"Aves"},{"n":"Zonotrichia leucophrys","c":"White-crowned Sparrow","k":"Aves"},{"n":"Canachites canadensis","c":"Spruce Grouse","k":"Aves"},{"n":"Clethrionomys rutilus","c":"Northern Red-backed Vole","k":"Mammalia"},{"n":"Setophaga coronata","c":"Yellow-rumped Warbler","k":"Aves"},{"n":"Anas crecca","c":"Green-winged Teal","k":"Aves"},{"n":"Tringa melanoleuca","c":"Greater Yellowlegs","k":"Aves"},{"n":"Rissa tridactyla","c":"Black-legged Kittiwake","k":"Aves"},{"n":"Poecile atricapillus","c":"Black-capped Chickadee","k":"Aves"},{"n":"Sterna paradisaea","c":"Arctic Tern","k":"Aves"},{"n":"Perisoreus canadensis","c":"Canada Jay","k":"Aves"},{"n":"Spatula clypeata","c":"Northern Shoveler","k":"Aves"},{"n":"Tachycineta bicolor","c":"Tree Swallow","k":"Aves"},{"n":"Alces alces","c":"Moose","k":"Mammalia"},{"n":"Junco hyemalis","c":"Dark-eyed Junco","k":"Aves"},{"n":"Acanthis flammea","c":"Redpoll","k":"Aves"},{"n":"Setophaga striata","c":"Blackpoll Warbler","k":"Aves"},{"n":"Antigone canadensis","c":"Sandhill Crane","k":"Aves"},{"n":"Mustela erminea","c":"Eurasian Stoat","k":"Mammalia"},{"n":"Vulpes vulpes","c":"Red Fox","k":"Mammalia"},{"n":"Falco columbarius","c":"Merlin","k":"Aves"},{"n":"Larus glaucescens","c":"Glaucous-winged Gull","k":"Aves"},{"n":"Larus brachyrhynchus","c":"Short-billed Gull","k":"Aves"},{"n":"Leuconotopicus villosus","c":"Hairy Woodpecker","k":"Aves"},{"n":"Calidris virgata","c":"Surfbird","k":"Aves"},{"n":"Lepus americanus","c":"Snowshoe Hare","k":"Mammalia"},{"n":"Pinicola enucleator","c":"Pine Grosbeak","k":"Aves"},{"n":"Circus hudsonius","c":"Northern Harrier","k":"Aves"},{"n":"Picoides dorsalis","c":"American Three-toed Woodpecker","k":"Aves"},{"n":"Cardellina pusilla","c":"Wilson's Warbler","k":"Aves"},{"n":"Regulus satrapa","c":"Golden-crowned Kinglet","k":"Aves"},{"n":"Anthus rubescens","c":"American Pipit","k":"Aves"},{"n":"Urocitellus parryii","c":"Arctic Ground Squirrel","k":"Mammalia"},{"n":"Lagopus lagopus","c":"Willow Ptarmigan","k":"Aves"},{"n":"Leiothlypis celata","c":"Orange-crowned Warbler","k":"Aves"},{"n":"Lanius borealis","c":"Northern Shrike","k":"Aves"},{"n":"Astur atricapillus","c":"American Goshawk","k":"Aves"},{"n":"Loxia leucoptera","c":"White-winged Crossbill","k":"Aves"},{"n":"Calidris minutilla","c":"Least Sandpiper","k":"Aves"},{"n":"Cinclus mexicanus","c":"American Dipper","k":"Aves"},{"n":"Charadrius semipalmatus","c":"Semipalmated Plover","k":"Aves"},{"n":"Calcarius lapponicus","c":"Lapland Longspur","k":"Aves"},{"n":"Gallinago delicata","c":"Wilson's Snipe","k":"Aves"},{"n":"Corvus corax","c":"Common Raven","k":"Aves"},{"n":"Nannopterum auritum","c":"Double-crested Cormorant","k":"Aves"},{"n":"Myotis lucifugus","c":"Little Brown Bat","k":"Mammalia"},{"n":"Castor canadensis","c":"American Beaver","k":"Mammalia"},{"n":"Anas platyrhynchos","c":"Mallard","k":"Aves"},{"n":"Neogale vison","c":"American Mink","k":"Mammalia"},{"n":"Lagopus muta","c":"Rock Ptarmigan","k":"Aves"},{"n":"Cygnus buccinator","c":"Trumpeter Swan","k":"Aves"},{"n":"Zonotrichia atricapilla","c":"Golden-crowned Sparrow","k":"Aves"},{"n":"Mareca americana","c":"American Wigeon","k":"Aves"},{"n":"Picoides arcticus","c":"Black-backed Woodpecker","k":"Aves"},{"n":"Histrionicus histrionicus","c":"Harlequin Duck","k":"Aves"},{"n":"Mergus serrator","c":"Red-breasted Merganser","k":"Aves"},{"n":"Accipiter striatus","c":"Sharp-shinned Hawk","k":"Aves"},{"n":"Megaptera novaeangliae","c":"Humpback Whale","k":"Mammalia"},{"n":"Turdus migratorius","c":"American Robin","k":"Aves"},{"n":"Catharus minimus","c":"Gray-cheeked Thrush","k":"Aves"},{"n":"Passerella iliaca","c":"Fox Sparrow","k":"Aves"},{"n":"Stercorarius longicaudus","c":"Long-tailed Jaeger","k":"Aves"},{"n":"Cygnus columbianus","c":"Tundra Swan","k":"Aves"},{"n":"Bucephala clangula","c":"Common Goldeneye","k":"Aves"},{"n":"Actitis macularius","c":"Spotted Sandpiper","k":"Aves"},{"n":"Gavia immer","c":"Common Loon","k":"Aves"},{"n":"Catharus guttatus","c":"Hermit Thrush","k":"Aves"},{"n":"Poecile hudsonicus","c":"Boreal Chickadee","k":"Aves"},{"n":"Zapus hudsonius","c":"Northern Meadow Jumping Mouse","k":"Mammalia"},{"n":"Bucephala islandica","c":"Barrow's Goldeneye","k":"Aves"},{"n":"Setophaga aestiva","c":"Northern Yellow Warbler","k":"Aves"},{"n":"Limosa haemastica","c":"Hudsonian Godwit","k":"Aves"},{"n":"Melanitta americana","c":"Black Scoter","k":"Aves"},{"n":"Lepus othus","c":"Alaskan Hare","k":"Mammalia"},{"n":"Phalaropus lobatus","c":"Red-necked Phalarope","k":"Aves"},{"n":"Calidris mauri","c":"Western Sandpiper","k":"Aves"},{"n":"Spizelloides arborea","c":"American Tree Sparrow","k":"Aves"},{"n":"Rangifer tarandus","c":"Caribou","k":"Mammalia"},{"n":"Larus smithsonianus","c":"American Herring Gull","k":"Aves"},{"n":"Melospiza lincolnii","c":"Lincoln's Sparrow","k":"Aves"},{"n":"Plectrophenax nivalis","c":"Snow Bunting","k":"Aves"},{"n":"Euphagus carolinus","c":"Rusty Blackbird","k":"Aves"},{"n":"Aythya marila","c":"Greater Scaup","k":"Aves"},{"n":"Arenaria melanocephala","c":"Black Turnstone","k":"Aves"},{"n":"Lontra canadensis","c":"North American River Otter","k":"Mammalia"},{"n":"Brachyramphus marmoratus","c":"Marbled Murrelet","k":"Aves"},{"n":"Phoca vitulina","c":"Harbor Seal","k":"Mammalia"},{"n":"Fratercula corniculata","c":"Horned Puffin","k":"Aves"},{"n":"Urile pelagicus","c":"Pelagic Cormorant","k":"Aves"},{"n":"Fratercula cirrhata","c":"Tufted Puffin","k":"Aves"},{"n":"Catharus ustulatus","c":"Swainson's Thrush","k":"Aves"},{"n":"Certhia americana","c":"Brown Creeper","k":"Aves"},{"n":"Hydrobates furcatus","c":"Fork-tailed Storm-Petrel","k":"Aves"},{"n":"Bubo virginianus","c":"Great Horned Owl","k":"Aves"},{"n":"Corthylio calendula","c":"Ruby-crowned Kinglet","k":"Aves"},{"n":"Melanitta perspicillata","c":"Surf Scoter","k":"Aves"},{"n":"Parkesia noveboracensis","c":"Northern Waterthrush","k":"Aves"},{"n":"Lagopus leucura","c":"White-tailed Ptarmigan","k":"Aves"},{"n":"Aegolius funereus","c":"Boreal Owl","k":"Aves"},{"n":"Corvus brachyrhynchos","c":"American Crow","k":"Aves"},{"n":"Stercorarius pomarinus","c":"Pomarine Jaeger","k":"Aves"},{"n":"Podiceps auritus","c":"Horned Grebe","k":"Aves"},{"n":"Buteo lagopus","c":"Rough-legged Hawk","k":"Aves"},{"n":"Riparia riparia","c":"Bank Swallow","k":"Aves"},{"n":"Calidris ptilocnemis","c":"Rock Sandpiper","k":"Aves"},{"n":"Anser albifrons","c":"Greater White-fronted Goose","k":"Aves"},{"n":"Eremophila alpestris","c":"Horned Lark","k":"Aves"},{"n":"Aquila chrysaetos","c":"Golden Eagle","k":"Aves"},{"n":"Larus schistisagus","c":"Slaty-backed Gull","k":"Aves"},{"n":"Pluvialis dominica","c":"American Golden-Plover","k":"Aves"},{"n":"Limnodromus griseus","c":"Short-billed Dowitcher","k":"Aves"},{"n":"Falco peregrinus","c":"Peregrine Falcon","k":"Aves"},{"n":"Tringa flavipes","c":"Lesser Yellowlegs","k":"Aves"},{"n":"Melanitta deglandi","c":"White-winged Scoter","k":"Aves"},{"n":"Balaenoptera physalus","c":"Fin Whale","k":"Mammalia"},{"n":"Orcinus orca","c":"Killer whale","k":"Mammalia"},{"n":"Marmota caligata","c":null,"k":"Mammalia"},{"n":"Myotis Kaup, 1829","c":null,"k":"Mammalia"},{"n":"Eumetopias jubatus","c":"Steller Sea Lion","k":"Mammalia"},{"n":"Phocoenoides dalli","c":"Dall's porpoise","k":"Mammalia"},{"n":"Balaenoptera Lac\u00e9p\u00e8de, 1804","c":"Baleen whales","k":"Mammalia"},{"n":"Cetacea","c":"Cetaceans","k":"Mammalia"},{"n":"Balaenoptera acutorostrata","c":"Common minke whale","k":"Mammalia"},{"n":"Phocoena phocoena","c":"Harbor porpoise","k":"Mammalia"},{"n":"Troglodytes pacificus","c":"Pacific Wren","k":"Aves"},{"n":"Gavia stellata","c":"Redthroated Loon","k":"Aves"},{"n":"Grus canadensis","c":"Sandhill Crane","k":"Aves"},{"n":"Brachyramphus brevirostris","c":"Kittlitzs Murrelet","k":"Aves"},{"n":"Fulmarus glacialis","c":"Northern fulmar","k":"Aves"},{"n":"Larus Linnaeus, 1758","c":null,"k":"Aves"},{"n":"Phoebastria immutabilis","c":"Laysan albatross","k":"Aves"},{"n":"Corvus caurinus","c":"Northwestern Crow","k":"Aves"},{"n":"Melanitta fusca","c":"Whitewinged Scoter","k":"Aves"},{"n":"Cepphus columba","c":"Pigeon Guillemot","k":"Aves"},{"n":"Uria aalge","c":"Common Murre","k":"Aves"},{"n":"Bucephala albeola","c":"Bufflehead","k":"Aves"},{"n":"Phalacrocorax pelagicus","c":"Pelagic Cormorant","k":"Aves"},{"n":"Clangula hyemalis","c":"Longtailed Duck","k":"Aves"},{"n":"Larus canus","c":"Mew Gull","k":"Aves"},{"n":"Larus argentatus","c":"Herring Gull","k":"Aves"},{"n":"Phalacrocorax auritus","c":"Doublecrested Cormorant","k":"Aves"},{"n":"Polysticta stelleri","c":"Steller's Eider","k":"Aves"},{"n":"Phalacrocorax urile","c":"Redfaced Cormorant","k":"Aves"},{"n":"Podiceps grisegena","c":"Rednecked Grebe","k":"Aves"},{"n":"Anser canagicus","c":"Emperor Goose","k":"Aves"},{"n":"Stercorarius parasiticus","c":"Parasitic Jaeger","k":"Aves"},{"n":"Aethia psittacula","c":"Parakeet Auklet","k":"Aves"},{"n":"Gavia adamsii","c":"Yellowbilled Loon","k":"Aves"},{"n":"Aethia pusilla","c":"Least Auklet","k":"Aves"},{"n":"Synthliboramphus antiquus","c":"Ancient Murrelet","k":"Aves"},{"n":"Anas acuta","c":"Northern Pintail","k":"Aves"},{"n":"Arenaria interpres","c":"Ruddy Turnstone","k":"Aves"},{"n":"Somateria mollissima","c":"Common Eider","k":"Aves"},{"n":"Puffinus griseus","c":"Sooty shearwater","k":"Aves"},{"n":"Setophaga petechia","c":"Yellow Warbler","k":"Aves"},{"n":"Circus cyaneus","c":"Northern Harrier","k":"Aves"},{"n":"Leucosticte tephrocotis","c":"Graycrowned RosyFinch","k":"Aves"},{"n":"Larus hyperboreus","c":"Glaucous Gull","k":"Aves"},{"n":"Phoebastria nigripes","c":"Black-footed albatross","k":"Aves"},{"n":"Numenius phaeopus","c":"Whimbrel","k":"Aves"},{"n":"Phylloscopus borealis","c":"Arctic Warbler","k":"Aves"},{"n":"Empidonax alnorum","c":"Alder Flycatcher","k":"Aves"},{"n":"Regulus calendula","c":"Rubycrowned Kinglet","k":"Aves"},{"n":"Tachycineta thalassina","c":"Violetgreen Swallow","k":"Aves"},{"n":"Falco rusticolus","c":"Gyrfalcon","k":"Aves"},{"n":"Aythya collaris","c":"Ringnecked Duck","k":"Aves"},{"n":"Pluvialis fulva","c":"Pacific Goldenplover","k":"Aves"},{"n":"Gavia pacifica","c":"Pacific Loon","k":"Aves"},{"n":"Asio flammeus","c":"Shorteared Owl","k":"Aves"},{"n":"Lanius excubitor","c":"Northern Shrike","k":"Aves"},{"n":"Dryobates pubescens","c":"Downy Woodpecker","k":"Aves"},{"n":"Pluvialis squatarola","c":"Blackbellied Plover","k":"Aves"},{"n":"Aythya affinis","c":"Lesser Scaup","k":"Aves"},{"n":"Fratercula Brisson, 1760","c":null,"k":"Aves"},{"n":"Hydrobatidae","c":null,"k":"Aves"},{"n":"Procellariidae","c":"Fulmars / petrels / shearwaters","k":"Aves"},{"n":"Sitta canadensis","c":"Redbreasted Nuthatch","k":"Aves"},{"n":"Phoebastria albatrus","c":"Short-tailed albatross","k":"Aves"},{"n":"Branta bernicla","c":"Brant","k":"Aves"},{"n":"Petrochelidon pyrrhonota","c":"Cliff Swallow","k":"Aves"},{"n":"Sayornis saya","c":"Says Phoebe","k":"Aves"},{"n":"Branta canadensis","c":"Canada Goose","k":"Aves"},{"n":"Oceanodroma furcata","c":"Fork Tailed Storm Petrel","k":"Aves"},{"n":"Mareca strepera","c":"Gadwall","k":"Aves"},{"n":"Accipiter gentilis","c":"Northern Goshawk","k":"Aves"},{"n":"Calidris pusilla","c":"Semipalmated Sandpiper","k":"Aves"},{"n":"Colaptes auratus","c":"Northern Flicker","k":"Aves"},{"n":"Spinus pinus","c":"Pine Siskin","k":"Aves"},{"n":"Tringa incana","c":"Wandering Tattler","k":"Aves"},{"n":"Contopus cooperi","c":"Olivesided Flycatcher","k":"Aves"},{"n":"Surnia ulula","c":"Northern Hawk Owl","k":"Aves"},{"n":"Motacilla tschutschensis","c":"Eastern Yellow Wagtail","k":"Aves"},{"n":"Calidris melanotos","c":"Pectoral Sandpiper","k":"Aves"},{"n":"Limnodromus scolopaceus","c":"Longbilled Dowitcher","k":"Aves"},{"n":"Anser caerulescens","c":"Snow Goose","k":"Aves"},{"n":"Calidris alpina","c":"Dunlin","k":"Aves"},{"n":"Phalaropus fulicarius","c":"Red Phalarope","k":"Aves"},{"n":"Cepphus grylle","c":"Black Guillemot","k":"Aves"},{"n":"Tringa solitaria","c":"Solitary Sandpiper","k":"Aves"},{"n":"Lophodytes cucullatus","c":"Hooded Merganser","k":"Aves"},{"n":"Loxia curvirostra","c":"Red Crossbill","k":"Aves"},{"n":"Somateria spectabilis","c":"King Eider","k":"Aves"},{"n":"Xema sabini","c":"Sabines Gull","k":"Aves"},{"n":"Calidris bairdii","c":"Bairds Sandpiper","k":"Aves"},{"n":"Limosa fedoa","c":"Beringian Marbled Godwit","k":"Aves"}],"entry":["species_index","count","human_verified","model_predicted","first_year","last_year"],"suppressed":{"excluded":{"Canis lupus":16,"Lynx canadensis":14},"coarsened":{"Ursus arctos":864,"Haliaeetus leucocephalus":506,"Balaenoptera physalus":28,"Polysticta stelleri":15,"Falco rusticolus":24,"Surnia ulula":6}},"merged_names":{"Setophaga coronata coronata":"Setophaga coronata","Ursus arctos horribilis":"Ursus arctos","Mergus merganser americanus":"Mergus merganser","Alces alces gigas":"Alces alces","Phoca vitulina richardii":"Phoca vitulina","Canis lupus occidentalis":"Canis lupus","Astur atricapillus atricapillus":"Astur atricapillus","Larus smithsonianus \u00d7 glaucescens":"Larus smithsonianus","Rangifer tarandus granti":"Rangifer tarandus"}}